Date,Close,High,Low,Open,Volume
2009-01-02,373.60400390625,377.3276318521594,365.16378056218855,375.3416969476744,6847077
2009-01-05,390.236328125,391.47753782005407,379.8101666865458,380.5548925035783,11015331
2009-01-06,387.5055541992187,399.91764754320394,384.774893663542,390.4844566017752,19807037
2009-01-07,386.264404296875,391.47748430345234,382.0442919105981,390.2362747780768,9151968
2009-01-08,388.00201416015625,390.0375852226658,380.0582749067174,384.2783863851068,11217032
2009-01-09,384.5266418457031,393.7115906825598,381.2994976597805,391.4774139384595,8740906
2009-01-12,377.8241271972656,386.5125926715786,376.3346759730977,386.5125926715786,6754609
2009-01-13,381.2995300292969,382.04425567388535,366.40501713752747,376.83117616176605,10669943
2009-01-14,361.19195556640625,388.25032199715423,356.2271176892048,387.00911252785386,16386101
2009-01-15,369.3839416503906,374.10053767952866,355.97887925178776,362.4331685548188,9163195
2009-01-16,377.3276672363281,384.03019816749975,374.10052271391214,376.0864578046297,10550712
2009-01-19,379.3135070800781,386.7607618002368,370.8732850638984,379.80999072808874,7146454
2009-01-20,386.7609558105469,392.023672998205,373.35589058989893,373.35589058989893,14765220
2009-01-21,394.2081604003906,403.8895950701735,379.5618874384114,379.5618874384114,16797800
2009-01-22,393.9599304199219,401.90367192807406,391.22926927649456,395.2011400305706,11751951
2009-01-23,400.4141845703125,408.9040454263763,385.271428675217,391.477476173207,13529340
2009-01-26,405.3790588378906,411.088623046875,395.6976238748302,398.1800430961277,11681006
2009-01-27,401.1589660644531,406.6202886222613,394.20819189997,405.627320884478,10467909
2009-01-28,400.1658935546875,413.074470766129,396.9387492518271,402.6483122491955,10991699
2009-01-29,397.9317626953125,402.400116861573,395.20110181593105,395.20110181593105,13884276
2009-01-30,399.4212341308594,411.08860392834254,395.20112165091865,400.91068559436786,12879859
2009-02-02,397.4353637695313,402.6484447433977,392.2222827956648,399.4212993786233,8173761
2009-02-03,399.9176940917969,400.1659359875708,392.0235896849997,397.93175892560544,8992456
2009-02-04,396.69049072265625,403.93914088501464,393.71158841435096,399.66939303096154,12998379
2009-02-05,388.00201416015625,395.2010278585853,380.0582749067174,392.22212563854566,15649549
2009-02-06,384.2784729003906,388.0021015137665,376.5829737660805,386.7608919759745,12668637
2009-02-09,372.859375,382.78905209720375,369.3839880159787,382.2925682423435,12677399
2009-02-10,377.0794677734375,382.59042614900494,369.38396843112247,372.1146294880729,16920872
2009-02-11,388.2503051757813,390.236240240619,375.58996913744056,375.58996913744056,11796299
2009-02-12,385.27142333984375,386.7608747187349,379.56185972076105,385.5196652363256,11790634
2009-02-13,388.00201416015625,391.2291582318658,382.788935275087,385.76783749512657,11203847
2009-02-16,383.2854614257813,388.2502990090168,381.5477682716488,385.27139645907545,4582688
2009-02-17,382.29248046875,386.2643503956981,376.5829174487622,382.29248046875,14848969
2009-02-18,383.53369140625,384.0301751491707,372.1145653190736,383.53369140625,11682486
2009-02-19,397.1869812011719,402.1518184661865,382.5407112693787,397.1869812011719,21968365
2009-02-20,402.1518249511719,412.8262252430858,392.2221502610195,392.2221502610195,21410429
2009-02-23,387.2573547363281,404.3860454265888,384.52669390164885,403.6413197444035,15554112
2009-02-24,382.29248046875,389.98797845221185,374.3487406148539,377.327643060065,12781670
2009-02-25,380.3065490722656,385.2713865275172,375.5899534897767,384.27841903646686,19378063
2009-02-26,377.3276672363281,384.2784400538394,373.8522808275725,381.7960211904425,17901489
2009-02-27,368.8874206542969,372.61104872281265,362.43313200220285,372.3628068515783,21994148
2009-03-02,354.2410888671875,360.9436182290754,349.028010474608,353.4963633825333,17794486
2009-03-03,339.84320068359375,356.47540992084777,337.85726525227983,356.2271679919335,18085897
2009-03-04,356.4753723144531,358.2130656335347,339.5949229290891,343.07030956725225,17597408
2009-03-05,336.6159973144531,353.2482036714357,335.6230297707527,353.2482036714357,17819843
2009-03-06,330.40997314453125,341.87873695067543,327.9275541126415,336.36777882106674,15211447
2009-03-09,334.3818054199219,338.10543354263814,327.1827910493371,332.14762854629214,16514750
2009-03-10,334.13348388671875,334.8782093337174,321.7213931034082,332.14754936138905,21479043
2009-03-11,337.3608093261719,341.08443856818263,329.6653088926831,331.8994864378895,16201591
2009-03-12,343.0703430175781,348.03518155618275,330.4100047441364,334.63011750195034,13170520
2009-03-13,340.8361511230469,353.79436703435994,337.60900621073836,347.04219903133253,12148053
2009-03-16,349.524658203125,356.9719165455211,344.5598193081942,345.80102903192693,14534646
2009-03-17,348.7798156738281,350.7657505673446,343.3184947166579,348.53157381213856,8015563
2009-03-18,337.3608093261719,357.7166491824972,333.8854220336286,349.27642290060624,17533292
2009-03-19,325.1968688964844,344.80797778413495,319.9837893187545,344.06325213017357,21807650
2009-03-20,336.3677673339844,339.8431538599443,317.25314144120443,323.2109469142787,28870847
2009-03-23,340.3396301269531,343.8150165760978,330.65819644719295,342.5738071299747,12891234
2009-03-24,346.7939147949219,353.4964457179447,343.81501216246727,345.5527053647325,13163060
2009-03-25,340.5877990722656,349.2762633343132,336.61592969532956,346.0491194655527,10503019
2009-03-26,325.693359375,342.57380787919203,321.96973102848705,342.32556598942455,19415061
2009-03-27,328.42401123046875,336.6159933700043,325.445108634274,327.1828018153876,18489184
2009-03-30,320.7284851074219,325.69332233818693,318.9907920766541,322.7144199997279,14993158
2009-03-31,332.1476745605469,334.1336098344515,322.962723918738,322.962723918738,19151563
2009-04-01,336.8642578125,339.09843490926676,330.6582103214812,332.3959036189665,9773537
2009-04-02,340.8361511230469,346.54571519866965,331.65120021878414,344.31153795168683,18160492
2009-04-03,329.4170837402344,345.80105324050226,328.42411589173327,341.58093988437264,16967578
2009-04-06,326.1898193359375,333.6370754851598,319.73553067327816,333.6370754851598,16785569
2009-04-07,345.0562744140625,353.4964998313849,338.1055005409735,338.3537424650124,22614515
2009-04-08,341.5808410644531,349.52458155432413,340.09138972260234,346.0491950900056,18865523
2009-04-09,334.6300964355469,344.80801479894257,333.63712879033756,337.6089993711749,17011358
2009-04-14,320.7284851074219,337.3606898304848,318.9907920766541,334.1335456304875,24260793
2009-04-15,332.3958740234375,338.10543720681244,319.2390545139213,319.7355382689974,24877830
2009-04-16,337.3608093261719,338.3537771240414,329.9135508421504,333.6371800841612,13685811
2009-04-17,344.8079528808594,348.2833390150077,336.11948754548854,336.61597127893833,16242486
2009-04-20,335.37481689453125,343.0703160238654,334.3818492649398,341.82910648687607,13486938
2009-04-21,337.60894775390625,337.60894775390625,327.9275146933163,333.6370777803309,13382265
2009-04-22,333.47418212890625,335.7089309294723,328.0114628386338,334.2190983957616,16631296
2009-04-23,333.22589111328125,338.9865650350642,328.01147701985434,334.4674182783829,12180853
2009-04-24,348.3725280761719,349.4153987871787,334.7157290425372,337.6953942862393,19297176
2009-04-27,352.8420104980469,355.57337018522384,338.93690663605486,344.3996260104089,12733788
2009-04-28,358.0564270019531,361.53270299226335,347.13098817526384,350.35895873769476,16903439
2009-04-29,358.55303955078125,359.5462612669884,352.0970983954348,359.0496504088848,12048230
2009-04-30,355.8216552734375,366.74709339767423,354.5801282138651,362.02929057129927,14349277
2009-05-01,357.06329345703125,365.2573746003428,353.0904056299711,362.7743197084302,6093666
2009-05-05,362.2775268554687,397.2885832547978,356.566503471181,371.2165199787017,20872762
2009-05-06,358.0564270019531,362.52592470378056,344.3996284685915,359.29795414134963,44634643
2009-05-07,357.559814453125,368.2369478013781,356.5665927463108,363.5191446940104,19718729
2009-05-08,346.6343078613281,359.0495767675361,342.1648110550932,357.5597444987912,17489065
2009-05-11,359.5462951660156,362.3273041093084,343.90305166086443,346.3861061854916,15915501
2009-05-12,363.7674865722656,366.7471519912877,357.8081557342217,360.04290479848817,13532845
2009-05-13,362.0293273925781,372.7064611908503,361.0361056439016,367.988657884637,13706878
2009-05-14,367.2437744140625,367.2437744140625,359.5463051734703,362.2776652265836,12211134
2009-05-15,370.4716796875,372.20981759488103,362.52590639661526,370.22337427215984,12195200
2009-05-18,374.444580078125,376.6793288982199,364.5123630999254,367.9886390422952,9149045
2009-05-19,373.947998046875,379.16241236226966,366.9954456263488,375.9344415955967,14055607
2009-05-20,373.69970703125,380.40395426702656,370.47173613995017,371.4649579526578,10130640
2009-05-21,362.2775268554687,372.4580468013729,357.0631142002495,370.2232985205647,12320165
2009-05-22,354.58013916015625,364.015745104194,351.60047412519697,362.7742180062943,12602359
2009-05-26,357.06329345703125,358.05651541379626,349.61412878129346,353.5870166083536,12466998
2009-05-27,351.6004943847656,363.0225443435928,348.91878357449133,360.2911845708297,11368381
2009-05-28,346.6343078613281,351.8487208019355,345.6410863488315,347.62752937382476,10831780
2009-05-29,339.4335632324219,351.84883621093036,337.4471195558605,351.10391983221984,18811323
2009-06-01,332.72930908203125,346.88271999074453,331.2394763547983,344.1513599908174,15936035
2009-06-02,330.2462463378906,336.45388254724946,326.7699700606497,335.9572716505008,26414260
2009-06-03,335.708984375,339.4335663022374,330.7428751386834,331.73609698594674,27363730
2009-06-04,332.72930908203125,338.68863999096317,329.9979490821041,335.4606690819584,15400408
2009-06-05,337.1988220214844,340.4267930717637,331.98440724795626,333.2259345749868,14765376
2009-06-08,331.9844055175781,333.72254376636124,326.7699907712287,332.23271098169,13319253
2009-06-09,328.011474609375,335.5102865071932,326.0250311598103,330.7428343525265,11924314
2009-06-10,321.058837890625,329.74952569122195,318.3274788675802,329.74952569122195,17989416
2009-06-11,321.058837890625,327.7630827653712,317.83086813611754,319.56900569623696,15814355
2009-06-12,321.3072509765625,324.03861091531223,317.83097469088096,321.803861874517,12600071
2009-06-15,318.82421875,322.548800744743,313.858109423676,321.30727341316197,20845576
2009-06-16,325.2801208496094,327.06790786281454,320.31401213434816,320.8106230058743,20061188
2009-06-17,333.72247314453125,334.7156947907947,322.3004242125012,325.28008915129163,27536455
2009-06-18,342.16485595703125,344.15129924270343,334.4673882250516,336.20552610001477,31733486
2009-06-19,340.6750793457031,344.1513556655572,339.68185754003053,340.42677389428496,21873828
2009-06-22,338.1920166015625,343.1581255090744,336.4538784839333,339.68184927381606,15037118
2009-06-23,337.4471435546875,339.4335873725223,335.95731069131136,337.4471435546875,11134684
2009-06-24,342.4131774902344,343.9030100246371,335.70893108542197,337.94367988702606,10070724
2009-06-25,342.6615295410156,345.64119501528535,335.70897676771966,341.4200022600699,15618897
2009-06-26,340.42681884765625,347.13106692124245,339.43359691082867,345.6412340160011,12420119
2009-06-29,341.419921875,344.15128125,338.19195170454543,340.1783948863636,14481255
2009-06-30,336.20556640625,343.1581187396141,336.20556640625,340.6750643348412,18957880
2009-07-01,334.96405029296875,337.1987993312465,329.7496358703206,332.729301254691,19568540
2009-07-02,322.54876708984375,333.7225119081986,318.57588004331757,333.7225119081986,29664214
2009-07-03,324.03863525390625,325.57811702890643,320.31405323949355,323.2937188510237,8177836
2009-07-06,325.2801208496094,326.0250371568985,319.32079039129593,321.3072338774004,12290224
2009-07-07,328.50811767578125,332.48100496437723,325.52845220933426,326.273368575946,22047077
2009-07-08,327.5149230957031,333.474254524283,325.0318683337949,326.52170119093984,16719628
2009-07-09,326.27337646484375,329.0047365417945,324.03862731097496,329.0047365417945,6445106
2009-07-10,320.8105773925781,327.0182124040444,320.8105773925781,326.0249908022098,11894442
2009-07-13,326.76995849609375,328.25979113361393,320.3140170668396,321.0589333855997,8321389
2009-07-14,329.74957275390625,331.9843213644372,324.28685392816385,327.5148241433753,6017344
2009-07-15,332.9775390625,335.7088984433259,327.76312569910516,333.47414985901383,14508567
2009-07-16,333.22589111328125,335.2123345774439,330.74283678307796,332.9775856802609,14514677
2009-07-17,336.4537658691406,339.18512485405614,333.97071224649017,335.70884978234545,13052676
2009-07-20,339.9300842285156,341.1716111979404,333.2258385936216,337.198724895781,10322324
2009-07-21,339.681884765625,343.65477230674344,335.9573026958265,342.90985589278375,12033292
2009-07-22,335.708984375,339.1852608404216,332.23270790957844,338.9369553786058,9713648
2009-07-23,328.011474609375,336.2055538388295,327.5148637469838,335.2123321140471,15851293
2009-07-24,320.06573486328125,330.49456408303126,316.837763914311,328.7564258797396,21119780
2009-07-27,317.08612060546875,323.04545255106876,316.0928986145354,322.79714705333544,14689135
2009-07-28,319.0724792480469,321.8038389925827,314.35467605293957,317.0860357974754,22246100
2009-07-29,325.7767333984375,326.7699551466035,319.0724865983172,320.0657083464832,14318524
2009-07-30,309.8851623535156,325.0814418446404,300.94616728562573,324.7834874666654,56534136
2009-07-31,304.9190979003906,314.8513160730418,303.18095972017665,311.62334516693016,26928520
2009-08-03,310.97772216796875,314.85128075869176,302.9326202883312,304.9190637000579,12891310
2009-08-04,311.1763916015625,314.8513245486603,309.88521532864985,311.5737045877435,9568039
2009-08-05,310.2823486328125,314.25523409625623,310.2823486328125,312.86473024619306,14336453
2009-08-06,314.35467529296875,317.83095132306477,309.7858493055554,312.7655144742091,13999462
2009-08-07,318.4268798828125,321.00926233901066,311.7722824353849,312.0702671288235,17334384
2009-08-10,323.29376220703125,327.0679936968305,317.63238466160226,318.6256066653105,13971589
2009-08-11,323.8896484375,327.763207555557,322.89642659642254,324.18760286553317,12754763
2009-08-12,327.36590576171875,329.1536928469538,323.79030128052534,323.88962952097694,13724777
2009-08-13,330.54412841796875,335.7088927382283,325.4787226281845,327.06785290144865,14322394
2009-08-14,324.78350830078125,330.54418225644514,322.9957212968089,329.45166259330756,13370345
2009-08-17,319.71807861328125,326.0746918177497,315.9438480480188,324.88284389169337,19985380
2009-08-18,321.10858154296875,321.10858154296875,316.9370683548199,319.81740538464896,12784344
2009-08-19,324.3863220214844,326.5713923075214,317.9303788073518,320.7113883753011,11987064
2009-08-20,326.6705322265625,328.0610362088229,322.3996920716097,325.97529539078903,11910388
2009-08-21,331.4381408691406,331.4381408691406,324.7835424020561,324.9821988947878,21198404
2009-08-24,329.74957275390625,334.020413529745,327.3658469648168,333.2258483702878,15273778
2009-08-25,329.8490295410156,330.84225153282193,324.58493479800444,327.9619138187296,8342261
2009-08-26,321.8038024902344,331.3387360335701,321.40651990732835,328.9550102254157,12558094
2009-08-27,303.9259033203125,327.06796161224156,299.5557329948456,321.7045693804991,56261496
2009-08-28,310.0837707519531,311.4742748181852,292.20578338712926,302.3366247074336,38628124
2009-09-01,310.5804443359375,315.84450733388024,307.60077917241034,315.84450733388024,16361517
2009-09-02,314.751953125,315.8445030656733,311.4743336137013,312.66618147657306,16206273
2009-09-03,315.5465393066406,317.83093704234443,313.8580503293151,315.2485546167313,10022629
2009-09-04,318.5262451171875,322.10181936806083,316.2418167783251,316.2418167783251,13346253
2009-09-07,323.7903137207031,325.4788029410825,316.8377609720991,320.81064825701566,6987330
2009-09-08,320.41339111328125,325.6774550608163,317.4337254122478,323.7903395123072,13415664
2009-09-09,324.8827819824219,326.17395790061863,318.4268417700042,318.4268417700042,11312850
2009-09-10,328.9551086425781,330.54423944964026,323.393059885679,327.5645737203079,11909272
2009-09-11,330.14697265625,332.82868406616024,328.06120048306747,328.06120048306747,11327810
2009-09-14,337.1988220214844,338.5893265656134,325.0815031853764,326.7699924744282,17973020
2009-09-15,340.7744140625,342.4628729777866,331.5374329078248,337.6954203442749,13460433
2009-09-16,342.06561279296875,342.8602084912633,335.0137313130786,340.17849726444996,17277744
2009-09-17,342.462890625,347.2303738149061,340.77443162270663,345.83986925103915,19234227
2009-09-18,340.37701416015625,343.65463292795806,339.48309057737924,341.9661442835061,28243168
2009-09-21,340.17840576171875,341.1716273843807,338.09263429198495,338.8872297765456,9819876
2009-09-22,338.1920166015625,343.6547363998256,338.1920166015625,340.57574281502355,8404740
2009-09-23,339.681884765625,341.569000285511,335.4110427832133,337.6954409950658,7437009
2009-09-24,340.17840576171875,343.7540096654455,336.50347363358213,340.37706221053855,10854180
2009-09-25,339.681884765625,342.66155042146386,337.59611274439254,340.8737631522511,10125937
2009-09-28,340.9729919433594,341.2709766349483,333.7224857755012,339.8804723396944,9078086
2009-09-29,341.8669738769531,343.3568066562355,336.2055971913899,342.7608674823775,9261197
2009-09-30,346.8329772949219,352.4943219420334,340.87364799645735,341.8668695462014,18046238
2009-10-01,331.73614501953125,348.6209188678307,325.0815455550272,348.6209188678307,33978208
2009-10-02,330.742919921875,333.0273183556022,327.1673147254386,329.9483544607689,15966153
2009-10-05,336.1061706542969,336.7021096538807,329.8488869354583,333.7224449666782,11707898
2009-10-06,336.80145263671875,340.0790718120367,334.0204139536533,337.7946742426597,9836002
2009-10-07,330.742919921875,337.3975193238742,330.742919921875,336.8015800726799,19071480
2009-10-08,322.0025329589844,336.4042496527014,319.32082186414016,336.2055931602222,22987969
2009-10-09,317.1357116699219,325.1808143895459,312.964198256182,320.3140335848206,27422248
2009-10-12,318.4268798828125,321.3072167217287,316.8377191166351,319.8173841866975,23410808
2009-10-13,315.5465393066406,319.3207695597304,315.04992846751196,318.9234869505715,17654688
2009-10-14,316.5397644042969,321.4065446181868,311.37499949727874,318.0295969377767,23766272
2009-10-15,317.33428955078125,320.7112368046713,315.8444572054724,317.03633520600613,34317852
2009-10-16,319.9167785644531,323.0950704432371,317.93033477369056,318.92355666907184,25109010
2009-10-19,322.8963623046875,324.5848209118959,320.31397996991797,322.8963623046875,15263354
2009-10-20,324.68414306640625,329.25296860236864,322.3997454537843,325.37941032801393,19782224
2009-10-21,314.0189514160156,320.87351897790734,313.12488265866705,320.4761584542707,24630820
2009-10-22,311.9326477050781,313.22407647655905,307.5616230362356,313.22407647655905,18339008
2009-10-23,315.2108459472656,318.6878015200949,312.03193332780967,313.621404795861,13208196
2009-10-26,316.8004150390625,318.787247407218,314.91293035264596,314.91293035264596,12609362
2009-10-27,318.8866271972656,320.7741120737307,315.90637834495476,318.09190629664636,22992456
2009-10-28,316.9990234375,323.2575315535776,316.60166313621136,317.8930916945614,18588174
2009-10-29,313.1247863769531,316.89975566574503,311.23727141590183,315.90633950378344,23503966
2009-10-30,312.42938232421875,318.4892269636316,311.5353138435377,314.51556232357797,26146420
2009-11-02,316.601806640625,318.2905962657324,309.74720949069615,314.018918036545,8610811
2009-11-03,311.5353698730469,316.899812038581,309.2504941040889,314.31692349468364,11080840
2009-11-04,311.3366394042969,313.22412417181573,308.1577256686486,311.5353347763125,10952615
2009-11-05,311.7340087890625,313.9195366774039,305.17748575735465,310.64127516154997,18094056
2009-11-06,315.7076110839844,315.7076110839844,310.6412134418552,313.2240709391555,10419069
2009-11-09,318.0919494628906,320.3767950997273,316.70114222308064,317.1978504325376,14284456
2009-11-10,316.601806640625,321.27084535121054,315.60839027879894,318.3899439652473,8887470
2009-11-11,313.6214904785156,319.18459666158816,312.3300312943592,317.5951550759417,13163917
2009-11-12,313.72076416015625,315.80694384667294,310.34315578594624,313.02539114241785,13338256
2009-11-13,318.6878662109375,318.985909224811,314.1181764980723,316.8003817230167,11260556
2009-11-16,322.3636474609375,324.6484932361518,317.09855224848803,318.88668978416314,10857243
2009-11-17,323.7544250488281,328.9202028759644,321.6682443756898,322.26430032753865,12957401
2009-11-18,328.8207092285156,331.80095734841154,325.44310075596394,326.13847379394866,11305332
2009-11-19,325.8405456542969,330.41026668717075,325.24448981232905,330.41026668717075,10769676
2009-11-20,326.83392333984375,330.7082403799332,323.45631438993644,327.4299791113935,15144888
2009-11-23,331.3042907714844,332.69506733807856,327.8273341966712,327.8273341966712,8918783
2009-11-24,329.7148132324219,331.6022978490003,325.04577553000735,329.31745283682454,10066758
2009-11-25,333.2911682128906,347.69570454399917,329.91355886065224,337.7615415570277,9166307
2009-11-26,325.64178466796875,333.2911007461818,325.24442429225775,332.79439269737975,8461744
2009-11-27,328.8207092285156,330.3108332884636,318.091828123551,321.37008892877583,6578793
2009-11-30,325.93994140625,329.91360718306095,325.0458726698003,328.82084303110514,7556176
2009-12-01,333.0924377441406,333.58914584117434,327.23128826247415,329.218120650609,6957115
2009-12-02,337.761474609375,339.4502941090833,332.7943941004136,334.383865926612,7640358
2009-12-03,334.2845458984375,340.7417510940982,330.70824157289417,338.4569059976807,14354605
2009-12-04,333.7878112792969,336.8674072681211,328.7213830804768,333.7878112792969,12225010
2009-12-07,338.854248046875,339.0529130829062,332.49639087744515,333.19176397853573,8961230
2009-12-08,339.7483825683594,341.9339106062819,337.4635371514351,337.4635371514351,13345919
2009-12-09,335.2779846191406,339.7483577473958,333.78786024305555,339.2516496220341,15735498
2009-12-10,337.5628356933594,341.1391403209998,333.9865613823776,334.58258688976883,8863756
2009-12-11,340.44366455078125,343.22521713607813,338.25813729329843,338.9535405979473,9419779
2009-12-14,344.3179626464844,346.404142134005,339.1521877551616,342.0330878490483,12862055
2009-12-15,343.02667236328125,345.609561078435,341.4372303693368,344.81484008146276,9773429
2009-12-16,342.7286071777344,346.10621637354564,340.4437619232127,344.21873155676803,11311188
2009-12-17,341.238525390625,344.5167873070143,340.74181720228347,343.22535814399106,7818604
2009-12-18,340.6424255371094,346.60292302793073,340.6424255371094,340.741773225288,28748416
2009-12-21,343.8213195800781,345.3114437357416,340.7417235950429,343.225263854482,13177185
2009-12-22,344.5167236328125,346.10619560506865,342.03318315011734,343.72200280501255,5282950
2009-12-23,345.2120666503906,347.0002033581783,342.7285266025461,347.0002033581783,10711485
2009-12-24,347.6956787109375,347.6956787109375,343.72201381138393,343.82136149720424,1424725
2009-12-29,356.636474609375,356.636474609375,348.5897959991459,350.3779636440088,7184661
2009-12-30,356.636474609375,357.92790375566915,354.7489895814599,355.0470023639396,4719344
2009-12-31,357.1331787109375,359.31870681302354,354.3516250507017,358.4246078424767,3333891
2010-01-04,358.623291015625,361.7028876666258,357.62987469702216,360.5107759576384,8372484
2010-01-05,364.4844055175781,364.78244857395094,358.32524313575,359.5173244112697,10375471
2010-01-06,368.9547729492187,369.5508287363183,364.087039601776,365.1798034920158,16252001
2010-01-07,369.05419921875,371.3390448530622,367.5640745920256,368.9548515136358,15410658
2010-01-08,366.0738525390625,371.6369890616032,363.2922994361197,369.65015675474257,15870652
2010-01-11,364.9811401367187,369.2528483883915,364.5837796826853,369.0541530030452,10988677
2010-01-12,363.8883666992187,369.5508515512644,360.2127446990535,364.8817829668297,17425820
2010-01-13,364.0870971679687,365.279208930654,361.5042085599251,363.4910412866261,6496815
2010-01-14,366.0738525390625,369.1534486780274,365.2791317429803,365.9745048603885,5835021
2010-01-15,365.5771484375,369.3521177349207,362.6962476245573,367.1666203636028,18567960
2010-01-18,362.2989196777344,364.484417244834,359.71603135601833,363.0936405536509,12288142
2010-01-19,363.8883666992187,364.484422523117,357.43116095974773,362.0008818540897,10250996
2010-01-20,361.9015197753906,363.78903486213375,359.0206187771905,362.3982278894478,12951298
2010-01-21,358.4244689941406,363.68959181256776,356.7356800391598,363.3915488322892,9242792
2010-01-22,357.1331787109375,359.1200114158662,355.24569370458744,356.6364705347053,14723500
2010-01-25,352.1661376953125,356.3384989850822,350.9740258077598,354.84837428397367,7071175
2010-01-26,350.97393798828125,352.6627576869662,348.8877881820502,349.6825090304566,11903742
2010-01-27,352.96075439453125,353.060102075234,346.70224462678453,349.18578506107383,11577425
2010-01-28,350.37786865234375,356.6363779209526,350.37786865234375,356.6363779209526,10448475
2010-01-29,350.67584228515625,352.46397892935545,346.4041656814304,351.56991060725585,20386922
2010-02-01,349.3844909667969,351.4706407412347,346.2055469883048,348.58973981384554,12376719
2010-02-02,344.8147888183594,351.17264679891184,343.9207202505198,348.1923980283412,21752176
2010-02-03,338.0595703125,345.70888830099676,333.9865875484894,345.70888830099676,30436828
2010-02-04,338.25830078125,341.7352583516887,335.2780514351597,338.059605364845,32021764
2010-02-05,343.6226501464844,347.69566254245575,327.52932624165567,336.9667799392366,40996720
2010-02-08,342.03326416015625,350.57665150744674,341.6359036521421,349.682582785249,19132328
2010-02-09,341.5365295410156,344.02007041992545,338.9536712802783,342.7286412895568,12398150
2010-02-10,341.13916015625,343.62270097031217,340.2450915265197,343.32468819928886,9552095
2010-02-11,345.90753173828125,346.60290488581796,340.4437426576842,344.02001671165897,16881384
2010-02-12,339.4503479003906,349.1858151140332,338.9536397707832,347.993703476312,12669865
2010-02-15,339.1522521972656,343.72197234377956,338.0594884183911,340.7417240286601,7774112
2010-02-16,343.6226501464844,344.0200105546303,340.24504120226027,340.94044465400754,9462876
2010-02-17,346.70220947265625,349.18574965512516,343.12590554657055,346.5035141313977,10319227
2010-02-18,361.6034851074219,365.6764974590509,350.0798514967114,362.5969012752994,23747278
2010-02-19,363.98773193359375,364.88180055420617,357.5305258828841,360.6101225242468,17205106
2010-02-22,367.06732177734375,368.95480667849614,363.5903647375042,366.0739054802467,21502933
2010-02-23,367.663330078125,369.7495100956065,365.47780238044805,368.55739856657266,13884076
2010-02-24,369.5508728027344,370.9416495940363,367.4646924574514,367.5640401532573,10660149
2010-02-25,367.5639953613281,372.9284367978648,366.17321873950846,369.1534673505463,18554915
2010-02-26,371.8356628417969,372.82907901857607,367.56398540830855,368.3587062230697,11310984
2010-03-01,376.5047912597656,376.9021517307446,370.3455978512793,374.21994581414106,11991198
2010-03-02,379.5843200683594,381.17379198462953,376.107363515055,377.7961527938097,11667248
2010-03-03,379.1870422363281,382.46530414519367,375.7100849259173,379.4850550219843,9540613
2010-03-04,382.862548828125,384.9487286467022,377.2000953967329,378.7895368616939,12444356
2010-03-05,384.65081787109375,386.14094237681854,382.36594210565266,383.06134566832185,8067552
2010-03-08,381.7698059082031,385.84281809680834,380.6770724205993,383.25993010037666,5213395
2010-03-09,377.8955383300781,382.0678987386876,375.8093581257734,381.27314754260766,11727328
2010-03-10,373.9218444824219,379.18696843195977,373.0277759828116,377.5974964789549,11343055
2010-03-11,373.5245056152344,375.11397765990733,371.43832545139225,372.63043706406137,8031689
2010-03-12,376.4054260253906,377.8955504596295,373.8225376093782,375.9087178806443,10503872
2010-03-15,372.5310974121094,377.299483332321,371.8356939036101,375.71004157002267,6204028
2010-03-16,374.021240234375,375.01465654309845,372.2331030053367,373.6238797742176,10179835
2010-03-17,373.6238403320313,376.50474125987046,372.63042412817936,375.908685474228,9918169
2010-03-18,374.021240234375,374.3192530003281,369.74956223352814,371.736394850975,9016356
2010-03-19,383.1606750488281,384.1540913384889,374.0212330572852,375.9087179443089,20143437
2010-03-22,386.240234375,386.8362902014516,380.47843212483826,382.4652646685711,8933820
2010-03-23,377.6968688964844,387.332988293726,375.2133282812172,383.45867099724086,14340522
2010-03-24,376.7033996582031,381.5711325160342,376.7033996582031,379.186939924102,13273310
2010-03-25,378.4915771484375,379.6836887306859,376.3060493532011,377.3988132508194,10670263
2010-03-26,378.2928771972656,379.48498876507506,375.3126285943986,378.88893298117034,9746189
2010-03-29,379.2862548828125,380.97507437960513,377.00140997929634,378.8888945061123,6577167
2010-03-30,373.2265625,381.5712543955069,372.23314607632864,381.3725589841073,9940099
2010-03-31,368.85540771484375,374.9152523481538,366.8685753968179,374.9152523481538,17469520
2010-04-01,371.3389587402344,372.23305756225966,366.7692685313128,372.23305756225966,8711115
2010-04-06,366.3718566894531,372.5310488233272,362.2988748089749,371.4382850167812,14236986
2010-04-07,368.0606994628906,368.55740755933175,364.08703469136145,365.6765066633044,14192202
2010-04-08,366.66998291015625,369.2528714980123,364.2857897200819,369.0541761002306,9284359
2010-04-09,366.2724914550781,371.5375841302639,365.775783454904,370.0474601297415,7209233
2010-04-12,368.3587646484375,370.5442927106606,366.3719319797476,369.3521809827824,10232041
2010-04-13,372.5310974121094,374.31923455302416,365.2791708424836,365.5771835937499,10781461
2010-04-14,376.7033996582031,382.4652009484271,373.8224686964375,375.61063587787686,14155421
2010-04-15,373.5245056152344,378.5909344940917,371.33897776422685,377.498170568588,9841065
2010-04-16,369.6502685546875,374.6173508241225,368.55750439207895,372.43182249890543,11549921
2010-04-19,371.8356628417969,372.82907901857607,367.4646377272995,368.2593888587163,13163896
2010-04-20,374.9153137207031,376.30609050765634,371.43835659499,374.5179532553822,15407970
2010-04-21,356.5284729003906,368.253786868025,356.42913024656036,367.75695230137205,12440918
2010-04-22,351.9576721191406,357.3234801817144,350.8646298431175,354.73993398139964,14309787
2010-04-23,355.6341247558594,357.32337416528156,352.6531177917292,353.05057932207234,7539108
2010-04-26,359.1120300292969,360.5031607948915,357.82027224503963,359.708237592945,13271575
2010-04-27,352.9512634277344,359.50945498627266,352.9512634277344,358.3170703048899,11391228
2010-04-28,345.9955139160156,352.05686978545975,345.3993065269843,351.2619468163296,9370051
2010-04-29,351.8582763671875,353.54749584416174,347.6848535193631,349.47347630744986,27644484
2010-04-30,342.2196960449219,354.441846457757,339.13931519334324,353.1500581912859,18127140
2010-05-04,346.6910705566406,350.86449203522807,344.0081827412927,345.2005672177691,15499459
2010-05-05,340.7290954589844,346.59173651860925,339.8347994201215,346.59173651860925,9072812
2010-05-06,339.5367431640625,349.77152275117965,337.94686654122773,337.94686654122773,11963856
2010-05-07,328.2088623046875,336.7544218667951,324.13484361782946,329.30190428199865,18004937
2010-05-10,337.4500427246094,337.94687728977385,328.90448213890477,331.9848625077998,18163500
2010-05-11,339.13922119140625,339.83480162858183,333.3759530596176,333.3759530596176,14052442
2010-05-12,344.90252685546875,346.7904919502086,337.05254757247315,341.027223697977,10181316
2010-05-13,340.9278869628906,348.87724005873474,338.64242975321014,347.7841979431811,9478075
2010-05-14,329.7986755371094,341.4246128694565,328.1094567364792,340.23219815482804,20416845
2010-05-17,328.30828857421875,332.38233824690366,327.8114539879005,330.3949999016307,12610441
2010-05-18,331.7860412597656,332.68033720924404,327.5132770987195,331.58732567341957,10263043
2010-05-19,327.9107360839844,331.686665763689,326.5196056927441,329.5999853390128,10742349
2010-05-20,321.1539001464844,330.89184625486445,318.27223518386177,328.9045078389193,11398598
2010-05-21,321.650634765625,323.63797256380775,317.2784673501283,319.4645510578767,18391132
2010-05-24,324.7310791015625,326.42032885399766,322.9424866896476,325.02919805313303,8542181
2010-05-25,315.6886291503906,320.16013930649035,315.58925619315903,316.38417920227363,12859990
2010-05-26,313.3038024902344,317.4772241391826,312.707625389844,317.37785118099447,19785196
2010-05-27,316.2848205566406,318.0734428946355,311.3164757139389,313.999394058746,16775122
2010-05-28,320.6570129394531,322.2468591518965,316.88105237396843,318.1728403270445,12654940
2010-06-01,321.94873046875,323.24048793656226,318.27214333056304,321.4518960081501,10669490
2010-06-02,323.53863525390625,323.73735086099646,317.9740827410633,320.65700119393966,5940145
2010-06-03,322.14752197265625,328.90445946330107,321.3525685285742,328.90445946330107,8883475
2010-06-04,318.9677734375,327.71204917768824,317.77535841639536,321.94878066588785,13220496
2010-06-07,317.0796813964844,319.8619415667351,313.4030951560316,314.19804829350437,6873032
2010-06-08,318.2721252441406,319.2657941088733,314.99303012026957,317.0797408010817,13184858
2010-06-09,318.2721252441406,321.5512506923789,315.78795308230883,320.95504330866584,10287716
2010-06-10,322.84307861328125,323.0418245593916,317.0798100685669,319.464609800022,10343138
2010-06-11,319.16656494140625,325.3272958981875,317.5766881277802,325.3272958981875,10594972
2010-06-14,320.9550476074219,322.74363945814963,317.47720653427643,322.74363945814963,6458270
2010-06-15,323.04180908203125,324.8304012138353,318.17283687934474,320.160174947737,8439096
2010-06-16,323.63800048828125,325.9234270236377,321.849378120968,325.9234270236377,9770774
2010-06-17,322.6444091796875,326.0228784765913,319.8621171577128,322.34629021784474,6627481
2010-06-18,324.23419189453125,326.122187308323,321.2531848088039,324.13484925117143,18964792
2010-06-21,321.75006103515625,328.9044910981597,321.05451081960456,328.2089105582319,7146673
2010-06-22,319.7626953125,323.0418214454691,317.6760145203247,321.4519448650332,9403537
2010-06-23,317.97412109375,320.9551284790039,317.2785405741073,318.96779022216793,9407669
2010-06-24,315.7879333496094,320.35881590663166,314.89363749210537,320.35881590663166,11582369
2010-06-25,316.9804382324219,318.0734802912016,314.39689254559005,316.682349636561,6575391
2010-06-28,316.9804382324219,320.6570259780334,314.59563849241323,320.6570259780334,7571033
2010-06-29,310.81964111328125,317.17914676905434,309.0310491003265,315.58927035511107,10855399
2010-06-30,311.5152282714844,312.8069858283482,308.63359426622367,312.21080869402397,11806361
2010-07-01,305.2550964355469,309.82594908948556,304.6588890341385,308.4348187024447,8768457
2010-07-02,306.5469970703125,308.5343357871379,302.57231963666175,306.94445874880114,10822828
2010-07-05,307.1431579589844,307.9380811948603,303.7646887199454,307.8387082092814,5853345
2010-07-06,312.8069763183594,314.39685271842075,306.8449625614069,308.03737744254545,10516651
2010-07-07,315.6886291503906,315.78797178325317,309.03103523267225,310.3227927035757,7499557
2010-07-08,318.47088623046875,319.2658092301577,315.5892524511354,318.86834773031325,6982828
2010-07-09,319.6632995605469,321.15380292127486,316.18545838551483,321.15380292127486,8261957
2010-07-12,318.9677734375,321.35257315533556,317.77535841639536,319.66335392054,4735899
2010-07-13,326.42022705078125,328.01010332351245,319.1664563571776,319.56391784426853,9540960
2010-07-14,316.8810729980469,326.1222139122865,315.09248073045194,326.1222139122865,11078706
2010-07-15,314.4962463378906,318.6696683716494,313.0057428007442,318.5702954042985,9527967
2010-07-16,316.5829162597656,321.3525148297531,315.4898744095361,315.78796294852225,9466353
2010-07-19,316.2848205566406,320.9550768385284,314.4962285430162,316.980400964367,5333246
2010-07-20,310.9190368652344,318.6696735796881,309.92536782423053,318.6696735796881,8386242
2010-07-21,313.2044677734375,315.8873557661186,312.4095144122071,313.8006448888977,5992749
2010-07-22,313.8006286621094,315.6886238446711,309.62723744784574,312.0120367594776,13409396
2010-07-23,314.4962463378906,315.6886612973566,311.61461223094864,313.30383137842466,7416380
2010-07-26,314.8937072753906,316.5829567439796,310.3228237054193,316.5829567439796,6060562
2010-07-27,316.5829162597656,317.9740466489813,313.6019095724314,316.88100479875175,10888647
2010-07-28,314.9930725097656,323.63800492605975,313.2044804422978,318.7690025741405,7333377
2010-07-29,318.073486328125,327.81143141980556,314.3968985127331,318.5703208802388,14046909
2010-07-30,310.42218017578125,318.3715319361053,310.42218017578125,316.48356695790244,10678498
2010-08-02,316.8810729980469,317.27853457702633,310.1241351822719,314.9931077546134,8633373
2010-08-03,318.7689514160156,318.7689514160156,313.70126459669524,315.88731784783806,5390564
2010-08-04,322.54498291015625,322.94244446924375,316.0861340207714,319.76269134779733,13002059
2010-08-05,321.35247802734375,323.9360229253638,319.66325929259716,323.9360229253638,7116398
2010-08-06,317.97412109375,324.92980499267577,317.3779135518242,323.53867427776567,10822786
2010-08-09,322.54498291015625,322.54498291015625,318.2721877579393,318.2721877579393,4497320
2010-08-10,324.8304138183594,324.8304138183594,319.76269548244005,322.9424486450018,7430599
2010-08-11,314.9930725097656,324.8303895295812,314.7943265803264,323.8367205311277,7826774
2010-08-12,310.7202453613281,316.78160077152785,309.2297421638629,314.4961746651606,6564323
2010-08-13,307.1431579589844,310.0247925945065,304.4602389702424,307.5406195769223,8341893
2010-08-16,302.77099609375,308.4348919411163,300.7836578334021,307.44122281094235,9446777
2010-08-17,311.21710205078125,311.4158176300568,301.9759633699999,303.2677510949439,7410619
2010-08-18,307.6398620605469,311.01832986642745,305.3544056592418,311.01832986642745,9785649
2010-08-19,301.8765869140625,309.22976072235195,300.0879950995076,308.2360918644066,11554403
2010-08-20,300.38616943359375,302.37350771717524,294.2254389491165,302.37350771717524,13342463
2010-08-23,300.2867736816406,302.0753656908515,297.40510942048826,301.280442647729,6475502
2010-08-24,296.4114685058594,299.29313303972356,293.9272958555442,298.8956411561746,8826171
2010-08-25,297.20648193359375,298.1007782033279,294.1261011606168,295.2191434122382,8130885
2010-08-26,298.2001037597656,300.1874419649965,296.8089730809789,298.5975653359369,9173488
2010-08-27,294.6229248046875,297.80267845003743,292.33749772010225,296.01405565288627,9064126
2010-08-31,292.8343505859375,293.629273884638,286.2761272363285,289.3565080864579,14793589
2010-09-01,300.08807373046875,301.578577407938,292.6355553431227,295.0203551621984,11323698
2010-09-02,311.3164978027344,313.0057472988582,299.49184230298533,301.08171883033026,17567363
2010-09-03,319.56390380859375,323.041744735531,312.40947605771913,313.0056834243531,18308954
2010-09-06,320.458251953125,321.84938248587673,315.8873684960511,321.2531750220199,6067888
2010-09-07,321.1539001464844,322.3462850014248,315.78806216393036,321.0545271608116,9319593
2010-09-08,321.253173828125,329.5006446780225,319.4645817675729,321.3525467924604,17681732
2010-09-09,317.0796813964844,321.25307165186047,314.9929711066155,319.5638530929088,15272825
2010-09-10,320.855712890625,322.3462163853083,313.00573388350034,317.4772443675503,10159374
2010-09-13,330.9911804199219,332.38231108304785,321.1538624796482,321.8494126490241,12055361
2010-09-14,332.2828674316406,334.7670396318239,327.9107304241916,334.7670396318239,11748618
2010-09-15,338.6423034667969,339.8347181162487,331.78599504335943,333.87270551771803,14268247
2010-09-16,327.7120666503906,339.23863461292984,327.4139780414081,339.23863461292984,10854965
2010-09-17,327.1158142089844,333.7733776484183,327.1158142089844,329.40124055062904,15846379
2010-09-20,331.6867370605469,332.3823175678678,328.10955252110995,328.80510270405614,9285810
2010-09-21,332.2828674316406,335.1645011189797,330.09681409009994,332.6803289187964,8524273
2010-09-22,330.6930236816406,335.26390704438853,328.90443165135133,333.87277654034455,12207011
2010-09-23,334.96588134765625,335.26396996719325,328.10957017891775,331.9848738547807,7183045
2010-09-24,345.2999267578125,345.9955070853448,333.0778119836137,334.76703084075837,8557349
2010-09-27,344.2070007324219,345.5981315310459,342.81586993379784,345.4987888717262,5286113
2010-09-28,336.15826416015625,343.5114401918869,333.4753756270765,343.31269423045455,10625424
2010-09-29,339.3379821777344,340.13290529173975,334.0715483176095,339.3379821777344,6551838
2010-09-30,340.1328430175781,345.6973947699334,337.6486708356666,339.43729300126336,8376462
2010-10-01,340.9278869628906,342.2196447112151,337.35067200488567,341.7228101427248,6660803
2010-10-04,340.3315734863281,346.49233234779786,339.23853171098784,341.6233308325882,7977261
2010-10-05,348.5789794921875,349.17518679700646,339.73533383119013,341.3252098692529,7201532
2010-10-06,353.14990234375,353.14990234375,348.77776547953516,349.97018022630584,5437998
2010-10-07,347.88360595703125,354.83929061640026,346.7905637313975,354.64054463923827,7817076
2010-10-08,349.6721496582031,353.1499915025645,347.58543848671144,350.76519173130583,8928582
2010-10-11,353.5474548339844,354.04428938564786,348.97660121817995,350.06961297234,9179256
2010-10-12,352.75250244140625,353.2493369518871,348.28099184707855,350.96391033342394,8835317
2010-10-13,362.6892700195313,363.8816852287989,353.64687393499054,354.73991615608946,10425252
2010-10-14,364.1797790527344,367.9557100618652,361.19877131151145,362.6892751821229,11796457
2010-10-15,363.484130859375,370.5391872665755,361.09933117473105,366.6638839884824,15771594
2010-10-18,367.5581359863281,367.65750894551167,361.59612232775225,361.59612232775225,5133539
2010-10-19,361.59613037109375,367.65751712368257,356.3296969852864,367.65751712368257,15572996
2010-10-20,347.7516784667969,352.8203715608961,344.67070577585764,351.8265113593161,16759784
2010-10-21,355.0068359375,358.4853462491432,342.48419274954375,346.26084895581806,12361900
2010-10-22,356.19952392578125,359.5786428652422,353.5161193254193,356.19952392578125,6462534
2010-10-25,352.0252990722656,358.48539044750896,352.0252990722656,357.69028408012423,9313481
2010-10-26,345.6645202636719,351.72707275758495,343.5774383805333,351.42892686862297,9520224
2010-10-27,341.2915344238281,344.5712907804132,340.4964585174933,343.87557661471897,8619402
2010-10-28,346.2608947753906,346.2608947753906,342.2854538931698,342.2854538931698,7777394
2010-10-29,342.5835876464844,346.55902803539533,338.6081472575734,346.26085180810514,8575703
2010-11-01,350.9320373535156,352.02528962294457,343.6768398056369,346.2608823524128,6651203
2010-11-02,351.3296203613281,355.20566951285105,348.6461853863147,350.83269020523005,5090774
2010-11-03,340.9934387207031,351.03143274888976,340.49650862356725,348.3479980922734,10331832
2010-11-04,340.4965515136719,344.3726006935311,337.01804039555543,343.47813247205744,10075252
2010-11-05,339.80072021484375,343.8755521883175,335.8252803051522,339.90011227862595,12721031
2010-11-08,339.9002380371094,344.8695397627981,339.40330786454047,340.99349048280305,7285322
2010-11-09,346.3603210449219,347.254789265653,338.9063686551459,338.9063686551459,9230466
2010-11-10,357.19329833984375,362.7589207238389,344.57129381688884,346.85715981539664,11539515
2010-11-11,352.3234558105469,356.99461108031556,351.1308113879909,356.99461108031556,8191565
2010-11-12,348.34796142578125,353.5160460240937,347.0559554413046,348.8448914706112,8240682
2010-11-15,350.335693359375,352.3234136053856,342.18602821864977,347.85104305186167,7891002
2010-11-16,343.0805358886719,350.23631077006075,343.0805358886719,350.23631077006075,7934273
2010-11-17,345.6645202636719,345.8633044097814,338.0118159216918,341.49032616719245,5580231
2010-11-18,350.5345153808594,352.1246674852732,343.7762476162715,346.5590744594102,6425619
2010-11-19,347.55291748046875,351.6277199590219,344.37255276870434,351.6277199590219,6430512
2010-11-22,343.7762451171875,350.43512074429094,342.88177698240526,350.3357286559358,4084908
2010-11-23,336.7198486328125,345.9627673773176,336.7198486328125,342.88179446248256,8649467
2010-11-24,331.75048828125,337.8130409396253,330.955412335648,336.32225079396926,9006235
2010-11-25,333.0425720214844,333.93704017018445,331.0548515442809,331.8499276030793,6389838
2010-11-26,338.0118713378906,339.1051236603244,331.054849706303,331.054849706303,6829655
2010-11-29,331.849853515625,339.9995177847812,331.3529235072667,339.9995177847812,5285955
2010-11-30,328.2719421386719,335.0302082600165,328.2719421386719,333.6388103418631,14184505
2010-12-01,325.09173583984375,329.9616456279488,317.73717510574505,329.9616456279488,11123525
2010-12-02,328.76885986328125,329.5639660226952,323.8989521663909,327.47685405825683,9598818
2010-12-03,324.1972351074219,327.57635398962094,323.10398273459634,327.0794238501738,8391399
2010-12-06,323.50146484375,327.87444324871547,321.9112826064343,326.78119106492323,8811080
2010-12-07,323.0045166015625,323.8989845814957,319.0290763972356,321.2155806416961,14834871
2010-12-08,323.10400390625,323.60093407825894,316.14698149812494,321.2156753186582,8834103
2010-12-09,322.70635986328125,324.79344163618725,318.1345977160476,323.6008278131268,9628996
2010-12-10,328.3714599609375,330.65735700852576,317.2402420225566,322.80583582664127,12810754
2010-12-13,328.4707336425781,330.45845366462095,325.5885456766561,329.862131591968,5341616
2010-12-14,335.42779541015625,335.92472547743057,325.88673205244874,329.067096615086,9640966
2010-12-15,331.4523010253906,335.0302029945531,329.66336520590903,334.63266507135717,7890754
2010-12-16,328.3714599609375,328.3714599609375,328.3714599609375,328.3714599609375,6498589
2010-12-17,323.0045166015625,329.9615369591346,322.0106565504808,328.7688927657558,10552009
2010-12-20,325.4892272949219,325.7873732336434,321.5137863508618,322.7064307661627,5821041
2010-12-21,333.0425720214844,334.03643226008614,324.69415208327126,326.9800184999723,12573087
2010-12-22,330.7566833496094,334.13583250751924,329.86221517907194,332.4462579285643,10254399
2010-12-23,332.8438415527344,333.44016385816553,329.0671841686911,331.05490496665334,3594839
2010-12-24,334.2351989746094,334.2351989746094,329.6634659652384,332.84380065305265,1540748
2010-12-29,333.93707275390625,335.92479342506044,331.75056788355243,335.32847115767214,6449947
2010-12-30,328.6695556640625,333.3406800562041,328.57016358546286,333.3406800562041,3737077
2010-12-31,327.973876953125,330.6573117148244,327.67573101525056,330.16038159822875,1849886
2011-01-04,340.1983337402344,340.1983337402344,329.86219374413105,337.91246741626566,11296182
2011-01-05,339.7015075683594,344.7702021963459,337.61442477761386,343.0806575404941,7219558
2011-01-06,348.7454528808594,349.1429907976602,339.99949739044615,341.98721730464905,8422269
2011-01-07,344.6706848144531,350.83262982158834,341.6891043910402,348.84490953931305,9042573
2011-01-10,338.3099670410156,344.6706655222288,337.01796106193586,343.77619751131175,6956847
2011-01-11,337.9124450683594,343.08052988972184,333.4400744718664,340.79463338672514,9664298
2011-01-12,343.47808837890625,343.5774804641352,337.912465238351,341.6891218354031,7640650
2011-01-13,340.4965515136719,344.3726006935311,338.7075847405146,342.8818102143383,6461466
2011-01-14,344.5714111328125,344.5714111328125,338.608248761874,342.7824442234036,5144173
2011-01-17,347.2547302246094,351.13077874223626,341.9872835635017,344.57132601865453,4196340
2011-01-18,358.8829345703125,359.28047259566324,347.453541942788,348.94433228550855,14556531
2011-01-19,347.7516784667969,360.47310724514455,346.16149607822763,360.47310724514455,14080800
2011-01-20,341.0928039550781,348.6461165727764,340.99341187743397,346.2608583603346,8513943
2011-01-21,347.4535217285156,347.4535217285156,347.4535217285156,347.4535217285156,8235008
2011-01-24,350.8326416015625,354.1123680453589,347.8510610780365,351.0314257685464,7408730
2011-01-25,349.4412841796875,352.62161891092404,345.8633810681135,351.03146671041026,7016222
2011-01-26,353.4166259765625,357.093889819131,350.3356538764318,351.92583596006705,7372712
2011-01-27,345.0682373046875,352.82033391784336,344.372523105726,351.13075962333863,11788088
2011-01-28,346.7577819824219,352.4227966707549,343.6768096138584,343.6768096138584,8509698
2011-01-31,339.9002380371094,347.45358272619836,336.7198728005843,346.8572604530736,11275384
2011-02-01,331.5517578125,341.58975156630856,329.464645395537,340.99342940000406,20416584
2011-02-02,329.9615783691406,335.9247394240046,327.47692792961396,334.23516499304424,12678618
2011-02-03,327.5762634277344,330.6572355065816,326.7811572263091,330.45845137367525,8051446
2011-02-04,334.83154296875,334.83154296875,325.8867998956923,327.874520578594,12059514
2011-02-07,339.1050720214844,340.39707799566423,334.83145547188434,336.3222455944931,10662141
2011-02-08,343.8756408691406,343.97503295855466,338.01187155619965,340.3971300511002,9202033
2011-02-09,348.7454528808594,350.4350269400114,345.86326507130497,349.7393128379608,9764470
2011-02-10,347.950439453125,350.53448187108364,343.974998911713,350.53448187108364,5932933
2011-02-11,354.3111267089844,356.79577696641064,343.9749877041318,348.4473581674991,10245746
2011-02-14,350.03759765625,357.78969559540036,349.83881347105813,354.60933061358014,1639436
2011-02-15,348.6461181640625,351.3295526216845,344.869461837976,350.63383840520356,5622896
2011-02-16,353.51611328125,354.6093353237012,347.95048965424303,349.83881811781447,6745968
2011-02-17,338.80694580078125,347.6522957676372,333.0425686080546,346.459681691663,19857766
2011-02-18,340.5959167480469,340.5959167480469,331.05485236769766,340.496524657898,9951329
2011-02-21,339.40325927734375,343.3955940137485,333.0773487917937,341.987301870826,7005888
2011-02-22,324.7934875488281,338.7075297628206,320.3211168371877,338.2105996837494,23549816
2011-02-23,324.9923095703125,331.9493314877198,322.60705097895743,325.0917016637457,10366076
2011-02-24,323.50146484375,325.29040090435296,318.9297022852938,322.01067468317973,7411471
2011-02-25,325.58856201171875,327.77503594754285,323.99837984826354,323.99837984826354,4172079
2011-02-28,326.880615234375,329.6634420054425,323.9258768532061,324.9922869116331,9000849
2011-03-01,322.01068115234375,332.4462124859845,321.01682102533033,326.58244380264625,9145416
2011-03-02,318.83038330078125,320.8101574554334,315.25251035934383,320.02302783473397,7874494
2011-03-03,325.6880187988281,326.9800250026215,318.3334286227486,319.62546515675007,8965996
2011-03-04,322.308837890625,329.3702252492501,322.308837890625,326.58245477853416,6511330
2011-03-07,323.10400390625,326.4831230098686,319.12856253017856,321.1162832182143,7824231
2011-03-08,325.6880187988281,326.28431068968166,321.51379358160506,322.9051918772767,5273803
2011-03-09,328.2719421386719,328.2719421386719,324.9922163080104,326.28422216125284,7006492
2011-03-10,321.1162414550781,326.88061856860486,320.9174572800434,324.19721418687624,8532174
2011-03-11,318.7308654785156,322.10998289666077,317.7370056302261,319.8240870474776,5421226
2011-03-14,317.93597412109375,320.5200175378295,315.2525689165811,318.2341504750725,7228873
2011-03-15,315.0537414550781,316.5445320297867,308.0967187731048,313.0660206888,11270930
2011-03-16,304.51861572265625,317.2400384863566,304.51861572265625,315.550464810413,14795681
2011-03-17,305.2144775390625,322.90517720189933,302.82921909342934,306.20833775226026,12717286
2011-03-18,316.4450378417969,316.5444299140898,304.7175012360873,306.1088992575813,16029128
2011-03-21,323.10400390625,323.7003261787028,318.03531008571673,320.61935304620533,10027371
2011-03-22,318.5322265625,324.6941725625635,318.5322265625,323.0045979182917,8093631
2011-03-23,316.842529296875,321.3148989218132,314.3578795052427,318.03517332893756,8838175
2011-03-24,325.1910705566406,326.582468774812,316.1469366432171,317.5383348613885,7843003
2011-03-25,323.8990173339844,326.8805977887253,321.71254319863056,326.8805977887253,6314455
2011-03-28,326.48309326171875,329.46467402209976,321.811937938372,324.09783471945553,5975995
2011-03-29,329.66339111328125,329.8621449253991,326.08548886294085,327.6756710108923,4029368
2011-03-30,327.2781066894531,333.6388353582848,324.5947027168543,333.6388353582848,8448338
2011-03-31,322.90521240234375,327.8745140100444,322.90521240234375,326.38372352773416,12243492
2011-04-01,328.3714599609375,329.46471243324396,321.2156834998808,323.1040121355675,7672982
2011-04-04,330.1603088378906,330.6572388449734,325.98608464631485,330.5578467775167,8525819
2011-04-05,331.849853515625,333.63881974383526,329.36520347383356,330.2596714228383,9434607
2011-04-06,329.56402587890625,333.2412901696486,328.5701657467806,333.2412901696486,6423250
2011-04-07,332.9431457519531,334.632720116209,330.0609574219323,332.9431457519531,7540487
2011-04-08,334.63262939453125,344.1736598548161,333.04244754108504,335.92463508972094,10125499
2011-04-11,336.91864013671875,338.011892527688,332.9431989551646,337.8131083365266,6125070
2011-04-12,332.3468322753906,337.41552517020347,331.94929427642995,333.7382304368556,6505067
2011-04-13,332.14813232421875,335.3284671620437,329.46469731805104,330.95548780365306,7644768
2011-04-14,327.4768981933594,330.55787052464854,324.89285590485224,330.0609404818665,10103320
2011-04-15,331.9493408203125,333.46597261151334,328.1726838053388,329.46469006566946,6397497
2011-04-18,326.97998046875,335.7259374191152,325.6879744409247,333.14192536346457,11823739
2011-04-19,324.3959655761719,330.8560569232135,323.60088954246476,327.973868388267,8479469
2011-04-20,323.2079162597656,332.4537779004129,316.74574641588214,318.137592314264,7030032
2011-04-21,322.6114196777344,324.79862787933286,319.8277277302152,324.5003556664057,6458802
2011-04-26,327.48297119140625,333.3486286505228,318.9330148974526,321.0207995089955,6143789
2011-04-27,326.0910949707031,330.26666381058465,324.7986728888198,328.5765453896871,6771278
2011-04-28,325.99163818359375,329.57069249588653,325.8922141088141,329.57069249588653,8096118
2011-04-29,325.99163818359375,325.99163818359375,325.99163818359375,325.99163818359375,0
2011-05-03,327.8805847167969,333.4479993426305,325.09689257386447,327.8805847167969,8795543
2011-05-04,325.0968933105469,331.75791212904414,324.20213728686025,331.75791212904414,10186373
2011-05-05,321.9154357910156,327.0851833476936,320.82186218553124,326.78694151710016,7788084
2011-05-06,324.10272216796875,326.19050650759687,321.12018177991996,322.01493782834063,8804584
2011-05-09,321.81597900390625,323.7397142841222,319.7281955790331,322.3130688507828,7736472
2011-05-10,330.5647277832031,330.9116955040429,321.418263028859,322.8101387862256,9726748
2011-05-11,333.14971923828125,334.2433232904203,330.26660334807127,331.9566911195904,9967324
2011-05-12,332.4537658691406,332.4865937101771,327.28404838510136,331.1613440831218,9362901
2011-05-13,337.2258605957031,340.0095523974742,332.2549607068512,333.7462306735068,11202010
2011-05-16,337.0270080566406,337.6235221034949,329.96832423878885,333.34853005100996,7801633
2011-05-17,335.1380920410156,338.51829805343846,332.95088385299505,335.33690984176604,7958474
2011-05-18,334.8399353027344,343.29347207574637,328.4771870251008,334.5416933287738,11822197
2011-05-19,338.81658935546875,340.7055559479672,333.24920468275025,336.0328970191095,8244100
2011-05-20,335.4364013671875,340.5067265754293,333.6468891007363,338.7172143089781,7090937
2011-05-23,328.2781982421875,333.84558112404875,327.8805020306592,330.96246563023607,10385771
2011-05-24,326.78692626953125,329.17295182283664,325.3950502184722,327.97992387620343,11136898
2011-05-25,328.77532958984375,329.9683273548536,321.6172216399243,325.0968515494753,6369150
2011-05-26,327.78118896484375,330.962547060081,327.0852507634022,330.06779104391956,5272790
2011-05-27,328.77532958984375,331.0619313944198,327.88054334113,330.66426547274983,4974664
2011-05-31,328.2781982421875,332.85140127515047,327.9799260835413,330.863041577354,9460193
2011-06-01,327.5822448730469,330.6642083283118,325.4944612201281,328.27818287067305,9691242
2011-06-02,323.5062255859375,326.88643214124795,323.20798366692856,325.49458595258733,6115892
2011-06-03,322.31317138671875,324.50034920479834,319.52944915466367,324.50034920479834,7042553
2011-06-06,322.31317138671875,324.00325919978485,319.9271150906812,321.4183851057216,4839693
2011-06-07,321.3189697265625,324.30150955568297,319.43000356281493,322.71081557882593,6641807
2011-06-08,317.6406555175781,321.4185291123117,317.0441411763097,320.22553076975464,9200086
2011-06-09,317.4416809082031,318.73413318972035,316.44750084855957,317.83937720403463,10696107
2011-06-10,310.9794616699219,318.3364172275818,309.9852817664503,316.7457233140347,10077268
2011-06-13,311.6753845214844,312.76898842990295,310.6812046665514,311.1782945940179,5772325
2011-06-14,313.26617431640625,314.6580204716675,310.6812998337949,312.17257007299713,10353349
2011-06-15,312.0730895996094,314.75738768112757,310.68124369584507,313.0672695794361,8117722
2011-06-16,310.7805480957031,313.4648148036786,306.40616393681626,310.7805480957031,11397588
2011-06-17,308.09637451171875,310.8800967028656,306.00859045335,309.18997857467053,15181588
2011-06-20,305.7103271484375,307.59926293924815,302.7277873713796,304.31848132046986,6744127
2011-06-21,305.809814453125,307.59932655346097,303.4237882060204,306.80399458441605,10415652
2011-06-22,307.0028076171875,308.29525997168446,304.41796358813235,305.61096152308795,7862116
2011-06-23,303.1253662109375,307.2015088035057,302.1311865707967,306.0084810993548,6466785
2011-06-24,303.72198486328125,306.585228069251,302.1312908221908,306.5056766802155,5521529
2011-06-27,303.62249755859375,306.00852295328633,303.1254076705345,303.62249755859375,3756163
2011-06-28,307.1021728515625,309.88589484632973,303.4634706842354,305.11381300099885,10519615
2011-06-29,315.5527648925781,317.0440350767018,307.8975961513916,309.48826007581454,11095077
2011-06-30,316.6462707519531,317.640450565931,313.86257940879915,316.1491808449642,11241507
2011-07-01,317.0440368652344,317.64055101024286,314.4591624635107,317.64055101024286,3939945
2011-07-04,317.1434631347656,318.0382191884685,315.8510410949693,317.640553202375,5560164
2011-07-05,316.0498046875,318.7341027279836,314.7573828694685,317.1434087165846,6581287
2011-07-06,313.76318359375,317.6404791491746,311.79669890010126,315.95036117734094,9511655
2011-07-07,313.1667175292969,315.3539257877107,311.9736893265316,315.3539257877107,7890414
2011-07-08,308.9911193847656,314.4591091639295,306.4062757611326,313.3655354800684,7102184
2011-07-11,300.64007568359375,310.084787246557,299.2482295212565,308.09642691751213,12057600
2011-07-12,297.2597351074219,301.13702993213593,292.4876846062287,298.15449078390094,16608107
2011-07-13,304.02020263671875,304.7161407058004,294.8737657200004,295.8679456244239,11901447
2011-07-14,301.2365417480469,304.5173236310986,299.2481817365086,302.1312976852459,13256156
2011-07-15,298.651611328125,303.0061237863635,298.1545214190103,300.6399709645838,8464381
2011-07-18,295.17205810546875,297.2598423302972,292.7860319942225,296.9616004438795,6230143
2011-07-19,296.8621826171875,299.94414698157277,293.7802182528023,295.7685784440226,6744057
2011-07-20,300.4413146972656,300.9384048735748,297.65759150594823,299.9442245209564,6619767
2011-07-21,302.23065185546875,304.41785949830114,296.9615111794985,301.03762398847675,7084379
2011-07-22,303.2249450683594,305.511547272231,302.7278549944768,304.2191252161245,4744265
2011-07-25,302.1313171386719,303.62258724334447,301.43540929380544,301.63422710378103,4445965
2011-07-26,299.54644775390625,302.9266843180338,298.35344985477457,302.13132204531087,8311923
2011-07-27,290.79766845703125,299.2481989933894,289.20697428807614,298.75110896183895,11680797
2011-07-28,305.014404296875,307.9969442228808,294.17784863371355,296.06678451885756,18464304
2011-07-29,302.23065185546875,303.0259835401575,298.25393275210735,302.23065185546875,11136142
2011-08-01,293.2830810546875,304.91499843928267,291.7918111510196,304.91499843928267,9696095
2011-08-02,287.3180847167969,294.27734628433177,286.5217514545415,292.38840992685255,11967898
2011-08-03,283.2418212890625,289.8034140911948,280.5575540108902,284.23600109726556,12332872
2011-08-04,270.019287109375,290.20112845328606,269.2239249258926,287.0197707392518,18260577
2011-08-05,261.3698425292969,271.90815363772674,260.0774210282449,262.46344629016403,17757786
2011-08-08,254.5100555419922,265.53650826044395,252.91936162686216,259.5803791227354,16776727
2011-08-09,254.70895385742188,254.9196952812912,239.59740419541637,250.93105127193607,20647720
2011-08-10,246.6560211181641,263.4576541245287,244.4688133630328,260.47511464387367,16547587
2011-08-11,251.2292633056641,253.4164561005053,240.98920707301912,253.4164561005053,14503419
2011-08-12,259.381591796875,259.381591796875,247.2525971537873,249.93688049094837,17835316
2011-08-15,262.4635314941406,264.31269181193784,257.3932072041013,262.6623796388352,7629232
2011-08-16,260.07745361328125,261.7675411464108,255.70306836170437,261.7675411464108,8100853
2011-08-17,262.8612060546875,263.55714424394966,256.4984596355966,259.3815757883131,11685438
2011-08-18,252.32290649414065,261.46936016555486,248.34618618744017,259.18275812518937,11266131
2011-08-19,252.0246124267578,257.4926020454843,243.57408301599867,251.03043249608027,12615260
2011-08-22,256.597900390625,261.46937701221214,248.7438681768603,249.539215323442,7233143
2011-08-23,257.29376220703125,263.2489208146936,254.70891857602055,259.67981838944826,6549796
2011-08-24,265.3466796875,266.24143576705154,256.1008162988495,259.97811287022,11205028
2011-08-25,259.0833435058594,268.1303886018063,256.49846914416463,267.0367844095544,9340303
2011-08-26,258.68560791015625,260.0675021184883,250.93098691202687,259.18269783285837,6526655
2011-08-30,266.6390380859375,266.66585861068825,260.9722010136569,263.6564986457814,8705046
2011-08-31,273.6979064941406,274.89093534773747,267.6334291183116,268.32933733292305,11395617
2011-09-01,272.7034912109375,274.9901228224876,268.32910641226323,274.9901228224876,9201037
2011-09-02,264.9489440917969,271.1128716250396,263.8553401307425,268.4285737515391,8956691
2011-09-05,256.100830078125,262.8612434206643,253.71478845429976,261.5688212739935,6769349
2011-09-06,262.8612060546875,264.700445263479,255.00718952143612,256.0013695975431,11104162
2011-09-07,273.49884033203125,274.9901098754557,267.33491408322766,272.3058125613091,8521233
2011-09-08,275.8849182128906,278.5692160395956,271.60995684143256,273.49889255579865,8222770
2011-09-09,270.9140625,277.5750809433263,269.02512648083746,276.1832046071324,7897210
2011-09-12,269.4227294921875,272.2064208343515,264.0541645666083,266.14194824321135,6923697
2011-09-13,271.2122497558594,273.8716990469353,265.84368465737083,273.101215734553,9224150
2011-09-14,271.6099548339844,274.98020884397647,266.93729727091096,268.42856708806687,11809192
2011-09-15,277.3762512207031,278.9669454677404,274.00596607816954,274.79137686176364,8485381
2011-09-16,282.6453857421875,282.6732378331635,277.0780015438218,279.46402767740256,18562480
2011-09-19,278.3703308105469,283.24180553173983,275.4872155951436,280.5575384028988,7024278
2011-09-20,285.0314636230469,285.8267956139845,278.17159625633474,280.25938065750927,9695528
2011-09-21,284.5343322753906,287.05655435065813,282.7447900453769,283.8383941292798,7344349
2011-09-22,273.79718017578125,279.94818380632233,271.2123059733149,278.46983855485365,10289347
2011-09-23,272.20648193359375,277.7738962075391,268.4286099298274,277.7738962075391,10808817
2011-09-26,270.019287109375,272.5047370453229,267.633261238858,268.4285930823753,11926716
2011-09-27,274.79132080078125,276.978528736735,272.20644696918947,276.28259066439614,12111866
2011-09-28,268.8262939453125,276.3820688006625,267.1362059731747,271.808834256111,12667454
2011-09-29,266.6390380859375,270.31053734061857,263.25880244845916,266.34076593794583,14176720
2011-09-30,265.744384765625,266.63917131673526,258.68572883557954,265.3467187095623,12786226
2011-10-03,258.4867858886719,260.87281169042063,256.59785005978597,258.58620995123727,7801006
2011-10-04,252.52178955078125,257.83765642628015,249.7380817500823,255.20608842609025,12445235
2011-10-05,256.8960876464844,259.36066357457474,254.21180487154464,256.8960876464844,10655568
2011-10-06,266.1419677734375,266.1419677734375,256.29956262432614,258.88443639742644,16541075
2011-10-07,266.93731689453125,270.1187048743252,264.3524429534442,267.03674095764313,11110485
2011-10-10,268.8262939453125,271.70941017775726,268.22977981515896,268.72686986695874,9602309
2011-10-11,279.46405029296875,279.56347437740726,268.03097840187235,268.925734481877,11455607
2011-10-12,280.35882568359375,281.6512478504013,273.90660568073076,279.2652213593866,15447910
2011-10-13,280.4581298828125,283.0430034514019,277.97268036300727,278.8674361221452,19145720
2011-10-14,283.8383483886719,284.83252824292293,280.557567005628,281.65114057333506,5656655
2011-10-17,280.9552307128906,292.2888748959665,278.96687101972077,285.9261299458152,14571880
2011-10-18,283.5401916503906,284.83261371275,277.9727767279763,278.76810871404814,8106493
2011-10-19,276.95196533203125,286.79693038196467,275.062532499894,277.34973587333167,10379735
2011-10-20,270.2891540527344,280.83023871553206,268.7974919876576,272.87470770178925,14271393
2011-10-21,274.06805419921875,280.43247304991183,271.10661088468623,272.47694189955973,7959337
2011-10-24,283.1175537109375,284.31086549825426,274.26699862826104,276.0570118311629,7537863
2011-10-25,279.636962890625,283.0180579325397,275.95751718892745,282.52083718084793,6991653
2011-10-26,277.4491271972656,281.02912200488294,274.9630239069675,279.33855962830404,7410841
2011-10-27,285.3052673339844,287.1947001611074,281.7252717758873,284.3108258093989,10159119
2011-10-28,284.609130859375,287.3935545427577,282.5207979228669,286.3991131775579,6234817
2011-10-31,275.0624084472656,283.11738725459344,275.0624084472656,283.0179370771334,8606588
2011-11-01,269.8913879394531,272.67584204809106,265.11808139313507,271.48250023754014,8566095
2011-11-02,267.50469970703125,273.76966752381963,265.61526737720135,272.7752262609682,9718703
2011-11-03,276.255859375,276.6536602862087,264.6209110729128,264.720361300715,12120230
2011-11-04,272.37750244140625,276.45471838647916,270.0902992845807,273.27249366155786,7855722
2011-11-07,271.08477783203125,272.87476051740214,267.0075613287438,269.99088603632754,6141843
2011-11-08,276.0570068359375,277.6481195381867,271.38311896332124,271.8803397860272,6356909
2011-11-09,269.5931701660156,280.13425900735905,269.0959492805556,277.84702472547025,7344977
2011-11-10,271.38311767578125,272.5764597837942,264.12370583789584,264.12370583789584,7095217
2011-11-11,281.725341796875,283.117584555685,271.2837031935266,271.58205393382354,7855122
2011-11-14,284.2113342285156,291.29575792595045,281.5353133546619,281.9241311939848,14171140
2011-11-15,282.9185791015625,285.9019033100148,282.232412105783,282.222457980413,10085296
2011-11-16,279.736328125,286.59799743649415,277.3496750526257,283.1174528544657,10714336
2011-11-17,273.6702880859375,279.43803612296364,271.94391497706175,279.43803612296364,8930329
2011-11-18,267.10699462890625,271.10463855847973,266.01310290252155,270.98531043340984,9795445
2011-11-21,260.7425537109375,264.81973927409354,260.2453329985581,264.81973927409354,12188747
2011-11-22,257.6597900390625,260.145893705306,256.33121769652337,260.145893705306,9672205
2011-11-23,255.1737518310547,257.7453766663995,255.1737518310547,255.67097269185257,12566812
2011-11-24,250.00259399414065,259.8078032381931,247.91427589035516,256.26759382741756,16051774
2011-11-25,254.3781890869141,254.3781890869141,247.56625739395767,250.6987578433948,12135404
2011-11-28,259.44989013671875,260.84210275125434,255.07435177048163,257.5604565635662,9724484
2011-11-29,259.7480773925781,262.1347304217963,257.26197416465504,259.3502765977586,7328385
2011-11-30,272.1786193847656,273.37193083875013,256.16810700661307,257.0630981840871,13221884
2011-12-01,269.7920227050781,273.4714691565472,268.466454489825,273.4714691565472,8247642
2011-12-02,271.38311767578125,274.13971305997165,269.39423439439344,272.3775593164752,6180126
2011-12-05,274.26702880859375,275.26147058142834,271.28370349009003,273.4714875295079,5849330
2011-12-06,275.162109375,277.070419508535,271.7809823477994,271.7809823477994,9898937
2011-12-07,278.44366455078125,280.2336473979987,274.8636685083953,278.64256502178364,12942534
2011-12-08,273.6702880859375,281.4269189423442,273.6702880859375,280.3330273220962,8886513
2011-12-09,278.34417724609375,279.0611778414663,271.48253678164167,271.48253678164167,7092430
2011-12-12,273.769775390625,278.59282348534975,273.769775390625,277.449221652073,5476840
2011-12-13,273.96868896484375,276.8525638317253,272.97424726261204,273.4714681137279,8300124
2011-12-14,267.2063903808594,273.57080865346256,266.5102693292562,272.27801675019083,5525861
2011-12-15,270.09027099609375,270.98526212250647,266.2517116856493,268.4991588002817,8668546
2011-12-16,270.8858642578125,275.26140088073623,270.0903231801707,270.0903231801707,21090304
2011-12-19,268.1014099121094,271.93001540600704,266.70919800922206,268.79750068958134,3780966
2011-12-20,275.9574890136719,277.05138062529664,264.8197331737626,267.90250758908957,7924582
2011-12-21,271.08477783203125,278.7419597060605,270.4881068209248,278.24473892146324,4812685
2011-12-22,273.471435546875,275.06254815055564,270.7864311314171,271.08478181532837,5700939
2011-12-23,276.8525695800781,277.64814116715354,274.4659155147578,275.1620368599547,1541445
2011-12-28,278.8413391113281,281.4776040128281,276.05691556396164,279.43800997088965,3515217
2011-12-29,281.3275451660156,281.3275451660156,275.95756616430066,279.3386618062729,2386770
2011-12-30,283.51519775390625,283.51519775390625,278.6424418478601,281.4268651233329,1828752
2012-01-03,293.26080322265625,293.8017857312144,285.12627873264523,287.8908249918791,7691402
2012-01-04,285.0069580078125,293.9569320742605,284.90750778192904,293.26081084102424,9649304
2012-01-05,285.4048156738281,287.89092033997645,283.6446644954597,285.0070449968359,9969379
2012-01-06,286.2002258300781,288.68632935656575,283.86331279353453,284.21134300888804,6380653
2012-01-09,287.59246826171875,289.38245066272316,285.4046850178747,286.69744671327305,7298781
2012-01-10,302.40972900390625,303.5036209506021,290.47642852639297,290.7747488991498,16484057
2012-01-11,306.2879943847656,308.07797701796517,300.81856591360906,302.3102282239245,14605737
2012-01-12,300.61962890625,308.5751602604128,296.7661684065774,306.5862774218721,13451342
2012-01-13,301.3157958984375,305.49246263422884,296.87064086383964,304.895791622266,8910616
2012-01-16,303.2051086425781,303.4040090170509,299.8986099395067,300.8184558885865,4562209
2012-01-17,303.7024230957031,306.287977023281,301.3157696040719,306.287977023281,6909570
2012-01-18,309.7684631347656,310.7629044289382,301.4151623333037,303.20514452363847,8091032
2012-01-19,311.95635986328125,312.55300057897364,308.5752339519529,311.16078832910654,8740953
2012-01-20,311.95635986328125,314.45439074989287,308.6746841872186,314.3430137699035,10491254
2012-01-23,320.7074279785156,321.80131984896263,313.98201870095244,314.0446568704795,10138622
2012-01-24,314.74072265625,320.9062718585204,312.9706180681832,319.0168088027651,10637480
2012-01-25,312.851318359375,317.42575556861175,311.4591062560284,315.33742223961804,5148776
2012-01-26,313.0501403808594,315.43682401768933,311.35960821070506,314.84015310848184,6557017
2012-01-27,313.8457336425781,317.02792813417085,311.5943106307831,312.6523917407651,5681475
2012-01-30,309.0723571777344,313.24902295632864,308.2768162427361,312.15513140975,6234839
2012-01-31,306.0892028808594,314.6414092401598,305.2936615047209,311.65808355770326,16277513
2012-02-01,311.5586242675781,312.1552954563654,297.53701824484176,303.3047689245519,10882806
2012-02-02,309.37078857421875,312.75188395276695,308.4757972016544,312.2546631515701,6705997
2012-02-03,317.3262634277344,317.3262634277344,307.70502447330824,309.96740298384685,7031766
2012-02-06,316.1329040527344,317.82346651342095,312.65235927315547,317.326245830624,4266704
2012-02-07,316.0334777832031,318.0223606650306,312.7518331673656,318.0223606650306,5174595
2012-02-08,312.35406494140625,317.62459247755675,311.85684421731867,316.132930305294,5306663
2012-02-09,317.1274719238281,318.0224634402959,311.45917208756305,313.34860536631805,5318537
2012-02-10,316.0334777832031,317.9229407992947,314.0445949013757,315.73515749010676,4220450
2012-02-13,318.2212829589844,319.7716078033409,315.93407962689525,318.2212829589844,5476647
2012-02-14,327.569091796875,327.569091796875,317.22690412690497,317.22690412690497,13256859
2012-02-15,331.1490783691406,332.6407408843169,327.7679827376646,329.1601950155722,9707697
2012-02-16,323.3923645019531,325.1823469330492,311.0732236071915,321.60235172291306,15760327
2012-02-17,322.5968017578125,328.0662297573523,320.5084686338538,325.1823556090021,11852446
2012-02-20,323.59130859375,325.5801919045265,322.69631717349074,324.78465071939627,7472896
2012-02-21,318.8179016113281,324.3867792187634,318.61900120294274,323.5912079331632,9915497
2012-02-22,323.09405517578125,324.68516773349825,318.4201980756757,320.40908118583496,8370285
2012-02-23,317.4257507324219,323.6907202760043,315.63573775715025,322.298508193869,11041037
2012-02-24,315.1385498046875,320.2102082408248,312.15522488318913,319.4146670676054,11832543
2012-02-27,314.2435607910156,316.92856537999256,312.5529978501115,314.9396820838469,5864682
2012-02-28,307.9785461425781,315.834627960063,306.3267681208061,314.7407362353115,10669129
2012-02-29,310.9619445800781,312.20596789096163,307.0835975114387,309.27138148103256,16929608
2012-03-01,310.2657775878906,311.65798975106696,308.8735654247143,311.1607689536505,7736419
2012-03-02,308.27685546875,312.95074251342203,307.08351356646705,310.5640587088562,8657675
2012-03-05,306.2879943847656,308.1774272415757,304.45127591257915,306.1885441611551,9314956
2012-03-06,302.40972900390625,305.6148066119656,302.2108285234334,304.8958332700549,11052710
2012-03-07,308.17742919921875,310.16631229227335,302.4096803685395,302.4096803685395,11249503
2012-03-08,312.35406494140625,314.84016856184417,309.96741153537477,310.96185298354993,9092544
2012-03-09,309.27130126953125,313.8457381617565,309.27130126953125,311.7574049774857,9922028
2012-03-12,311.359619140625,312.7180234692235,307.68017369463536,309.2712860590618,4139348
2012-03-13,312.45355224609375,312.85132280299285,310.0668682088027,312.85132280299285,6375399
2012-03-14,314.34295654296875,315.33739801868336,312.1551731572185,312.55294367791527,9540194
2012-03-15,313.2491149902344,316.53076024619,311.5585520717419,313.64688557460016,6902010
2012-03-16,314.74072265625,315.6357139022712,312.0557185702414,313.84573141022884,12976236
2012-03-19,312.6524658203125,314.30324269151095,311.55857387578914,313.24913691259366,3690252
2012-03-20,311.8569030761719,314.14410669947625,309.2713487533385,311.16078179188776,5021997
2012-03-21,307.2824401855469,313.15064076682654,306.6857691835582,312.25464795553955,9016051
2012-03-22,302.5091247558594,307.95864490299385,302.0119039921896,307.1829817255869,6820293
2012-03-23,303.503662109375,306.4869876333284,300.6197564911881,302.310319760611,5176353
2012-03-26,303.1058349609375,305.1941687172417,302.1113932053597,303.8019563290236,8506848
2012-03-27,302.0118713378906,306.9244143796268,302.0118713378906,304.69684496263284,6072770
2012-03-28,299.3269958496094,305.4030209657832,299.3269958496094,301.41532979722126,10604955
2012-03-29,296.244140625,300.02303683792974,294.15580723732154,298.33247401267846,9302807
2012-03-30,298.23297119140625,300.5390810516231,295.15019676733584,296.343538592119,13449141
2012-04-02,301.3157958984375,301.3157958984375,295.9458174866689,298.3324711865718,8055376
2012-04-03,299.1280212402344,303.2052378711793,299.1280212402344,302.2107962708488,5318218
2012-04-04,293.75799560546875,299.4392521827174,292.8630043781465,298.6307525968406,8600662
2012-04-05,289.6807861328125,295.4316610235805,288.21400925273673,294.15577271785867,8146164
2012-04-10,288.0897216796875,292.56470853827324,285.40471742535726,287.9902714576851,11533544
2012-04-11,291.9680480957031,294.6251930307122,286.0013987354964,286.0013987354964,8635983
2012-04-12,295.0508117675781,295.9458030679435,290.0786041567187,291.7691365356428,8001981
2012-04-13,291.1724853515625,295.23082551507423,290.8741650138048,293.75803955460833,6179980
2012-04-16,293.5591125488281,296.4419850485695,289.780217031266,289.780217031266,6660967
2012-04-17,302.11138916015625,303.4041816338696,293.75808459474223,293.85753483855916,10220914
2012-04-18,287.6994934082031,301.82579826996374,286.704681923886,289.19171063467877,12326135
2012-04-19,289.88812255859375,302.22378153484897,288.0974736469213,288.4953922540437,9102161
2012-04-20,291.57928466796875,301.7263447249609,289.29119978312696,289.39068701450975,6961602
2012-04-23,286.7047424316406,290.9824205732942,286.1078493432313,290.9824205732942,7955138
2012-04-24,289.78857421875,290.28597996259214,284.6155726983339,287.50051994077097,4771562
2012-04-25,298.7419738769531,299.139922887655,289.98764210795883,290.7834794108685,10491720
2012-04-26,299.5377502441406,301.6268604766053,296.45382850662014,299.43826302178746,8608952
2012-04-27,301.4278564453125,301.72628772384166,296.65277383343715,298.7418535016108,6925272
2012-04-30,293.6683349609375,301.73921597981365,291.67871217762286,301.5273388831835,7982151
2012-05-01,294.862060546875,297.24960157315604,293.36984361054544,295.0610349487448,7886994
2012-05-02,290.8829040527344,298.44347823999567,288.4953622986625,296.4538550517291,14030347
2012-05-03,287.1026306152344,292.3283666622776,282.42700400392243,290.3854967147578,14972094
2012-05-04,283.4217529296875,287.8984040897679,280.1388875559887,285.70983729371324,10420765
2012-05-08,277.9503173828125,285.63026311067506,277.85083016441735,283.6207548797339,9166196
2012-05-09,277.5523986816406,279.7409960479145,273.57315282240563,279.04461587885373,9512904
2012-05-10,276.85595703125,279.5767815700922,274.0704976920464,278.94506671526767,9160174
2012-05-11,277.8507995605469,281.01432274534176,273.7720972887234,276.45806973412664,10027760
2012-05-14,273.17529296875,276.5576466035637,270.7877510123664,274.9659418462269,7168754
2012-05-15,272.08099365234375,275.76180900084415,271.1856692149159,273.1752925688636,5921404
2012-05-16,270.5887451171875,273.0757740245146,267.703797656536,268.89755331650923,9637491
2012-05-17,273.0757751464844,284.0395895406088,270.6882334574887,272.7773438200748,11625286
2012-05-18,270.3897399902344,272.5783373241225,268.8975228151023,271.3845514403224,7851373
2012-05-21,270.2902526855469,272.38033406269676,267.9026811868966,269.5938726052351,7176501
2012-05-22,272.976318359375,273.8716427976871,271.1856694827508,271.48410084244045,9055426
2012-05-23,270.09130859375,273.97106717573564,269.9888461717914,271.08612004345076,12109780
2012-05-24,271.7824401855469,274.3689250962191,269.792817725504,272.9761954460349,8918228
2012-05-25,270.9866638183594,272.53856742863906,267.30587924905086,272.1804498382235,6533530
2012-05-29,275.9607238769531,277.35345400527933,273.3742077190674,274.5679937486269,8053918
2012-05-30,270.7877197265625,276.3188695908459,270.3897708137735,275.56280308763434,10001054
2012-05-31,271.38458251953125,274.4685044398249,270.3897709555165,271.38458251953125,10532853
2012-06-01,269.49444580078125,272.8767990363048,267.128793137952,272.4788804837561,11766297
2012-06-06,274.5679931640625,276.060210518215,270.489259657531,270.7877213439054,8538363
2012-06-07,278.2487487792969,280.6362899649599,272.97623037008975,275.9606644419768,9051865
2012-06-08,278.0498046875,278.4477232019675,273.4736658730319,276.35861305196727,8899266
2012-06-11,279.044677734375,283.52133031834893,278.74624637247405,281.9296255499762,5312098
2012-06-12,279.94000244140625,280.33792104406115,277.5524604662335,278.049866309363,5257638
2012-06-13,274.9659118652344,281.2332429715294,272.3793957114891,279.93996971503685,7785750
2012-06-14,275.7617492675781,276.83115337313353,271.9814474983899,273.8715832033658,5915880
2012-06-15,277.7513427734375,280.83523369003444,275.1648271756692,276.1596385317929,16159716
2012-06-18,280.934814453125,282.82495058735793,277.9503793908909,280.8353272125352,4720097
2012-06-19,286.2073059082031,287.4010615978289,280.5368677149495,281.2332479699948,5574922
2012-06-20,290.5845642089844,291.2809143285798,283.91931228603477,286.0084233633212,6135538
2012-06-21,288.7937927246094,291.3803089330665,285.1130080534408,288.09744282645124,7659739
2012-06-22,285.0135498046875,287.40109179402987,284.21771259465453,285.41146840970396,4849698
2012-06-25,278.1492614746094,285.35168598396086,278.1492614746094,284.41656087969073,7036324
2012-06-26,275.5628356933594,280.13897549874395,275.5628356933594,278.248839376306,8196068
2012-06-27,277.5523986816406,278.74618458310573,275.06537001961874,277.05499294923624,10597460
2012-06-28,279.94000244140625,280.33792104406115,274.3690509265077,278.94519075514734,8665860
2012-06-29,287.1026306152344,290.2860094840243,282.52649123465596,286.60522482080717,12280801
2012-07-02,289.1916809082031,289.9875178701566,286.6051652430033,288.09738231609157,6817920
2012-07-03,289.1916809082031,291.08181646226814,287.69946383511484,290.186492290262,7805647
2012-07-04,290.8829040527344,292.5740959064572,289.029563495268,289.7886052273396,3102085
2012-07-05,293.76776123046875,295.2599781626098,290.5843833241067,291.6786818128563,6608924
2012-07-06,291.3802795410156,294.0941221301619,290.186523967772,293.0714712188242,4723518
2012-07-09,295.3595886230469,297.150267904443,290.4850173489711,292.07672214601973,7566968
2012-07-10,303.4175109863281,306.1035142108859,296.5533176293047,296.65280485229533,13844894
2012-07-11,301.72625732421875,302.1152501610994,298.4433921542151,301.42782607575725,8718186
2012-07-12,298.4434814453125,302.42272786458335,296.4538582356771,300.83102322502685,6036322
2012-07-13,304.8101501464844,306.8196882303107,299.05018471214004,299.6371500450005,6037305
2012-07-16,306.4019470214844,308.69000136528723,304.0014724187438,304.7107553000731,4631584
2012-07-17,304.5118103027344,309.15659157320243,303.3180243430409,307.79467615303435,5381293
2012-07-18,306.7998352050781,307.08138675199893,302.22369661094234,306.20294228249776,4191664
2012-07-19,307.4962463378906,309.28689492689955,305.1932552445903,307.99365209697515,6912048
2012-07-20,305.6060485839844,310.8586511209326,305.28770167647673,307.99358967182775,8170946
2012-07-23,302.1242980957031,305.4071642649524,299.33880737220454,303.5170282778319,5217542
2012-07-24,302.6217041015625,305.10873312817216,301.22894355926826,302.6217041015625,4889816
2012-07-25,303.2186584472656,304.2134703586533,299.1399538979763,302.12438963213935,3970594
2012-07-26,307.99365234375,308.7894894152276,300.83099726349883,302.820620301431,6118950
2012-07-27,309.68475341796875,310.3811334893622,304.21329112889345,310.3811334893622,6608927
2012-07-30,311.1769714355469,313.1665940927031,308.78943031880584,311.1769714355469,5827005
2012-07-31,307.29730224609375,312.37084756177984,307.29730224609375,311.376035945341,5723306
2012-08-01,310.7791442871094,312.3708489523454,305.73544208309403,306.40197922714134,6564384
2012-08-02,307.39678955078125,309.9833058259694,300.2202292345826,303.41754308410447,12190899
2012-08-03,313.06719970703125,314.1614680993979,306.99884332016495,307.2972746345852,7883923
2012-08-06,309.5852966308594,313.8629731866999,308.39151089659896,312.37075619849054,9606337
2012-08-07,312.27130126953125,312.27130126953125,307.8941370568863,309.3863541993267,7537944
2012-08-08,311.7739562988281,312.17187487582567,309.48590171166137,310.77914467671366,5024052
2012-08-09,311.5749206542969,313.04524864246247,309.58529799458677,312.4702447793199,4847011
2012-08-10,312.76873779296875,313.36563078058896,309.8837904385824,310.6796275159171,4488674
2012-08-13,314.4598693847656,315.25570630988096,311.97284104473937,312.7686779698547,5956773
2012-08-14,317.04644775390625,317.7427976115577,312.59963898642206,316.051636220771,5132754
2012-08-15,317.1459045410156,318.9365835157573,316.4495546835372,318.0412592080058,5236271
2012-08-16,319.23504638671875,319.33055656102965,316.2108105272216,318.1407475205282,5041450
2012-08-17,320.7271423339844,322.02041518019115,318.94642168809463,320.5281982986504,4171532
2012-08-20,316.64849853515625,321.523099330013,315.75317422808166,321.523099330013,5131927
2012-08-21,318.9365539550781,320.19995355542164,316.7977154294551,317.9417425143943,4503558
2012-08-22,314.0620422363281,317.58365353107274,313.7416915200904,316.5490712994627,4777967
2012-08-23,313.9625244140625,317.94177052739855,313.6640627400192,317.74279607803635,4825315
2012-08-24,316.25054931640625,317.2453607520409,313.66403351190905,314.8578193783649,4983067
2012-08-28,316.74798583984375,316.9469602900164,314.06201291794486,316.9469602900164,5000812
2012-08-29,316.25054931640625,316.8474422496342,314.9573065937755,316.3500365318169,3543882
2012-08-30,313.6640625,315.9521472289605,313.26614396081857,315.65368555514556,3275622
2012-08-31,316.847412109375,319.9512186358263,312.5547987442095,313.56454682775905,7443364
2012-09-03,322.71685791015625,322.71685791015625,315.05682725806264,316.0516387993142,4494788
2012-09-04,318.63812255859375,322.7168559244764,318.0909883579675,322.7168559244764,6335711
2012-09-05,319.6329040527344,320.42877142158164,317.44433709668505,318.73757982711254,6485854
2012-09-06,324.6069641113281,325.30334427028004,319.83188129325697,320.1303125846729,6284755
2012-09-07,330.7747497558594,333.26177794951246,324.10950205317675,325.70120616896094,11860275
2012-09-10,325.99981689453125,332.1019947334979,325.99981689453125,330.4764696909266,8300101
2012-09-11,326.9944763183594,327.0939331578914,321.3240399404243,325.6017162541433,13115830
2012-09-12,361.7135009765625,365.5932601140884,325.7013091971384,328.2878254085692,46629608
2012-09-13,335.3509826660156,348.20890992451393,328.2878145241037,336.2463069974153,58988596
2012-09-14,345.1995849609375,352.2776589549069,335.0524956800623,343.20996199286293,26373496
2012-09-17,340.22564697265625,348.8805220656598,340.22564697265625,343.0111079620666,10141989
2012-09-18,338.2359313964844,341.0213916289949,336.74371405208814,339.52917428459864,11789152
2012-09-19,340.4245300292969,341.5187984645064,335.5499290684994,338.2359324403984,6234577
2012-09-20,338.93231201171875,341.4193409218158,336.4323500655414,337.0421457526533,6504572
2012-09-21,338.3353576660156,342.61303447220416,336.2462476884124,341.7177102987268,9154765
2012-09-24,332.8639831542969,339.8276646832184,331.76768056077844,339.8276646832184,8999427
2012-09-25,326.397705078125,333.65981790469897,325.3034062025372,331.6701946251727,11050938
2012-09-26,318.041259765625,325.90026481737203,315.55423092904437,324.60699160680684,9965393
2012-09-27,325.601806640625,325.6177452411284,317.44437018451725,319.8319118214454,8840937
2012-09-28,323.4132385253906,326.97364863444415,323.3137512992969,325.9997546076328,8020546
2012-10-01,325.5024108886719,328.0888971047508,322.12002671211684,324.20913742138765,3966414
2012-10-02,332.26702880859375,335.6493817126423,324.7064556141557,325.8007542958517,7199185
2012-10-03,332.26702880859375,334.25665173559133,328.3872701727958,329.3820816362946,3951604
2012-10-04,331.670166015625,336.3885686310916,331.47122192037824,332.9634392513057,10098925
2012-10-05,326.397705078125,336.45523618369396,324.10962009112467,332.267087680879,12858037
2012-10-08,324.6069641113281,326.59658701206376,321.1251240350407,323.6121526609603,17677024
2012-10-09,323.7117004394531,325.30340512967297,319.2350480752833,324.9054865469285,5820208
2012-10-10,319.23504638671875,328.5862696483405,314.360475465588,322.51794298529046,17022912
2012-10-11,326.79559326171875,327.09402458218904,320.4288054313596,320.8267239783997,14489080
2012-10-12,325.40289306640625,328.4957711943561,324.13251058904103,325.7013244142973,25234708
2012-10-15,324.4079895019531,329.0965176964359,324.4079895019531,325.5022880662043,6498505
2012-10-16,327.3924255371094,329.36811337434585,326.2981269662904,326.89501985575833,6361679
2012-10-17,319.7087097167969,327.1715650357365,318.4151602747551,319.3106968397407,6043204
2012-10-18,317.2210693359375,327.47007481825034,317.022078094391,320.10673081948386,3265931
2012-10-19,315.728515625,324.9824743058624,315.728515625,316.02704805328074,6691856
2012-10-22,311.7482604980469,317.9434371831665,310.454711347338,315.4299471061094,5005656
2012-10-23,304.1860046386719,312.04687308513445,303.6387103446499,312.04687308513445,6273548
2012-10-24,310.6538391113281,313.4111118244217,304.5840433375758,306.47462749885875,7876402
2012-10-25,308.564208984375,311.56924124107894,308.4099778499476,310.35528218201154,3417756
2012-10-26,309.3602294921875,310.55429851453755,306.5741089286196,306.6736197415549,5618313
2012-10-29,309.65875244140625,312.0468600464854,307.27061446989137,308.2656618358773,3069499
2012-10-30,311.0517883300781,311.8478140139764,308.76316134761214,308.76316134761214,3154655
2012-10-31,310.6538391113281,315.4499449436928,309.9572937204367,310.9523412123161,5207565
2012-11-01,315.52947998046875,315.62899077589543,308.46463863521467,310.8527458932978,4762129
2012-11-02,315.8279724121094,317.5195647837136,312.7433200461178,314.73341442850847,4188155
2012-11-05,315.8279724121094,319.34844378713524,314.3354016253164,314.434912417722,4310860
2012-11-06,318.4151611328125,319.80822138948133,315.3305081860512,315.62904061947484,5291629
2012-11-07,314.2359313964844,325.23319631662355,313.6389272978464,320.0072240702707,8832465
2012-11-08,309.4597473144531,316.52459006276507,308.4467836974003,316.42507924757587,5325757
2012-11-09,307.46966552734375,311.54936619177096,304.6835447824093,309.36024963043775,34506917
2012-11-12,304.7829284667969,307.3700571179304,303.88739210928924,307.3700571179304,5884839
2012-11-13,306.8726501464844,308.16623014678225,303.3899838145479,304.7830442740344,5737843
2012-11-14,304.6834411621094,307.07154818365484,304.2853980198282,306.9720373980846,4824488
2012-11-15,304.8825378417969,305.08155948178955,301.1809600495802,303.29045582117186,4435998
2012-11-16,299.3102722167969,305.47957878841555,299.3102722167969,304.68355294466323,5675023
2012-11-19,303.0914001464844,303.6884345731652,300.00674758066043,300.90228403746545,4581043
2012-11-20,304.7829284667969,312.76021973035574,301.99680860645555,303.09136653959996,7817232
2012-11-21,307.7681579589844,309.9314022466996,304.5840244027791,304.6835352190688,4193620
2012-11-22,308.16619873046875,309.9204678212636,307.5810982139128,308.46470081048454,13828827
2012-11-23,308.7631530761719,309.65871990460784,306.8725693527352,308.16614901245794,4121818
2012-11-26,310.4547119140625,311.2507374903474,307.46957045335034,308.16611560742155,5029900
2012-11-27,318.1165466308594,322.693738661234,309.45962535068486,311.449719404387,10023369
2012-11-28,318.01715087890625,318.788306530351,313.9374505199399,316.8230818682305,3808477
2012-11-29,325.18145751953125,326.3755264702647,319.49676981839315,319.6092167266014,6023646
2012-11-30,325.6789855957031,331.11494190264693,324.4849469952443,324.8829598620639,8957877
2012-12-03,327.0721435546875,331.1518142380273,326.2760872906288,326.7736110682499,3949954
2012-12-04,328.5646667480469,330.23831292639215,326.57457192914035,327.17157608166264,5517787
2012-12-05,331.3507385253906,331.450249324961,328.66409876915225,330.1566696634108,4437543
2012-12-06,336.12701416015625,338.21661986412516,331.15177694424847,333.04239137944387,7203424
2012-12-07,336.7239990234375,336.7239990234375,331.7487625415119,335.92797333290287,3914452
2012-12-10,337.1220397949219,337.3210614172587,333.141850279674,335.23145584846634,2659372
2012-12-11,336.02752685546875,337.71908925451396,334.13691245883376,337.02257427835565,3977061
2012-12-12,337.2215270996094,339.1121109142792,335.13192167647577,336.3259905943904,4440962
2012-12-13,337.4205017089844,338.7140508845192,333.7388150302624,336.8234673331876,3763639
2012-12-14,337.1220397949219,339.90819067545704,335.0324645925656,337.02255935018957,7352960
2012-12-17,336.8235168457031,338.8136114799466,335.1319242600225,338.0175857728229,3078196
2012-12-18,344.2863464355469,345.38090447727,337.0225137006761,337.0225137006761,5235164
2012-12-19,340.2067565917969,345.6745381059203,336.12705549971105,345.5800073725344,9157259
2012-12-20,346.27642822265625,346.27642822265625,338.9130849601733,340.7041577871664,8125888
2012-12-21,344.3858947753906,345.8784658041487,336.52502676388536,345.2814313193584,11064200
2012-12-24,345.3809509277344,345.67945299451725,340.9032377273742,345.08241849451537,766239
2012-12-27,341.5997314453125,346.87350044011333,341.2017185921888,344.28637134515765,3031445
2012-12-28,339.31109619140625,341.69920340509776,335.92794177480744,341.30119059722097,4601250
2012-12-31,335.23150634765625,338.1171381076146,333.3409221164036,338.1171381076146,2095393
2013-01-02,348.7641296386719,349.361164179244,340.00772426507507,342.1968104252552,6216936
2013-01-03,350.55517578125,351.0526994655075,347.88845612157445,348.86361347463605,5177627
2013-01-04,350.95318603515625,353.0427610194866,347.8555973089663,349.7591171585964,5348127
2013-01-07,348.56500244140625,351.94818702458406,347.1719425129131,350.6546075173605,5148854
2013-01-08,349.8586730957031,351.05271175987656,347.1720329600484,347.76906747535355,6146960
2013-01-09,348.3661193847656,351.2517509253119,346.94815854431175,350.1571926536734,7196828
2013-01-10,346.27642822265625,350.614819471628,345.2813810151199,348.76404624149717,8892703
2013-01-11,347.9680480957031,349.0755119178486,344.6843738317135,346.57495760201664,4357034
2013-01-14,346.87353515625,349.9581882179401,346.1769898187454,347.9680933867126,3396876
2013-01-15,341.500244140625,347.02074030234513,340.60467728106016,345.9779569727148,6293434
2013-01-16,340.2067565917969,342.59486467585333,337.81864850774036,341.5003366468904,5447118
2013-01-17,342.89337158203125,343.0923628604315,339.3111945399927,340.3062420313123,4024936
2013-01-18,340.6047058105469,343.19183507018676,339.4106671751689,342.69431138050356,7683852
2013-01-21,343.7888488769531,346.9162879465404,340.5052048692752,342.69429075224906,3400499
2013-01-22,343.6894226074219,344.71432038390816,341.99785996811727,344.2864572192407,3017159
2013-01-23,340.1070556640625,345.2813122594776,338.11696164527586,344.58476720633234,6702220
2013-01-24,341.1022033691406,341.5270905110323,335.8284648090826,339.1121087628646,5428465
2013-01-25,341.500244140625,342.79379347887755,336.42549685763646,340.1071536330502,4493925
2013-01-28,345.181884765625,345.6794083903568,340.30615931653995,341.5002281624691,4134888
2013-01-29,346.5749206542969,346.9729638194488,343.6763538063226,344.7838478768334,3891139
2013-01-30,339.31109619140625,348.16701022399553,338.3031128889982,347.4704954018188,6381217
2013-01-31,337.9180908203125,340.6285988675821,337.45239116298643,338.8136273744468,5105955
2013-02-01,336.22650146484375,338.7141198988341,335.8284885886925,338.31610702268284,6227606
2013-02-04,329.26116943359375,337.32105922282454,328.26612206125503,336.2265010399648,6178796
2013-02-05,331.7488708496094,335.8285721700003,330.55483192398214,330.55483192398214,4960768
2013-02-06,335.3309631347656,336.92304499741664,332.14679940946354,332.44533183983077,4887517
2013-02-07,335.5299072265625,336.1269112164799,333.34079137543586,335.3308856523042,4425640
2013-02-08,334.5350646972656,337.32118624236404,331.84842363371206,336.2266276473442,4140219
2013-02-11,334.8335266113281,335.29324420260053,332.7439205205541,335.23153958898894,2955230
2013-02-12,328.76361083984375,334.3358816065732,325.7784690397851,334.03737957314036,10214811
2013-02-13,329.5596923828125,330.85324178305945,325.5795030079787,329.1616491521811,6497027
2013-02-14,328.3656921386719,330.55480889950627,327.66914670574056,329.6592418096113,5552408
2013-02-15,327.2710266113281,328.7635974505708,324.48490652464767,328.7635974505708,8149866
2013-02-18,325.7785339355469,327.2711051328995,323.58944773262624,326.87309222022657,6211411
2013-02-19,328.3656921386719,329.09406160219487,323.091952259991,325.0820473638617,5760958
2013-02-20,330.5547180175781,332.47515197686795,327.1715329780096,329.062147100039,4709466
2013-02-21,344.1868896484375,350.95323018951296,339.3111634608504,341.30125826120735,16536217
2013-02-22,348.0675354003906,348.0675354003906,344.2863677851618,344.38587858902235,6097069
2013-02-25,346.07745361328125,353.1422958191012,344.78390421446187,350.75418827012356,7385049
2013-02-26,343.1917724609375,343.78880685292626,340.80366525941315,342.1967252630998,7061614
2013-02-27,348.3661193847656,348.7641322926964,343.51526305116533,344.4854403911731,4837385
2013-02-28,353.3413391113281,354.23687570133063,350.157175273056,350.55518816123083,8589484
2013-03-01,352.5453186035156,357.2250299311062,348.76415023400256,352.7443402509384,5737679
2013-03-04,355.9284362792969,356.923483593059,352.2865594669553,352.9432943380104,6441584
2013-03-05,362.09771728515625,364.38634436383654,357.5603038900289,358.01801715919106,7941359
2013-03-06,356.2269592285156,363.98831658468544,355.2319118563689,362.49574552646544,6337682
2013-03-07,355.2318420410156,357.7194599824793,354.1372840734856,356.027867635712,7425730
2013-03-08,365.2819213867187,367.0729946325821,356.32649442452623,358.31658930501345,9505159
2013-03-11,367.3714599609375,367.3714599609375,358.2170130367585,365.18234384580654,7321061
2013-03-12,375.72991943359375,376.1478223532066,365.1824104958484,367.0729945586429,8127796
2013-03-13,377.222412109375,377.33583073166847,371.0531071181077,375.82935205644,7677028
2013-03-14,381.401611328125,383.39170589360737,378.1179674416523,378.913993121272,8749772
2013-03-15,381.20263671875,383.0932205651352,379.3120528723648,382.3966752902611,10614547
2013-03-18,381.99859619140625,382.1976177686967,374.5108724338981,375.7298112703365,6812129
2013-03-19,391.45166015625,393.14325296523054,380.4066274049047,382.6952547562571,10085072
2013-03-20,391.45166015625,393.75021733290913,388.0685049047272,393.04374214709554,8851670
2013-03-21,382.794677734375,391.65059192033345,381.09014921384,390.8545359243628,7800155
2013-03-22,386.9739379882813,391.05363850911937,381.20267506271153,381.7997095917381,6731986
2013-03-25,383.3916931152344,389.9719471358328,382.69517826039015,388.36692936311664,6760141
2013-03-26,385.9788818359375,385.9788818359375,381.8991814073322,384.98383443220143,4508018
2013-03-27,381.8991088867187,387.01166196213103,378.71497601927535,385.3817741384554,5188352
2013-03-28,392.3470458984375,393.04359099106824,380.0084683558007,381.3020477611968,7104743
2013-04-02,394.0387573242187,395.92934124819425,391.45162809678266,394.3372593877385,5415964
2013-04-03,388.0685424804687,394.1104621841597,388.0685424804687,392.2477543152965,4334079
2013-04-04,381.0036010742187,389.3619922326872,379.8095625466852,387.96893210068134,5510415
2013-04-05,384.38677978515625,385.38182713677867,381.1031356713765,381.5011485387384,7636263
2013-04-08,386.476318359375,387.2723743226576,383.0931640231063,384.7847563744557,4997820
2013-04-09,383.6902770996094,388.5660032048205,381.4016498980035,387.7699774447014,6474689
2013-04-10,391.0535278320313,392.41376165147994,383.4861833653519,384.58572139206126,4409306
2013-04-11,395.3322448730469,397.7203824731312,389.2803670055832,389.660493988924,5625849
2013-04-12,394.7352600097656,396.2278308990895,382.1976584661584,386.9738731654219,8749842
2013-04-15,394.23785400390625,397.023975015332,390.85466801889305,393.8398106881813,7114518
2013-04-16,388.16790771484375,393.0436327824028,386.87432817190455,391.25256002009286,4750952
2013-04-17,374.34954833984375,387.289043286511,371.9607245786444,378.2313907487355,12858937
2013-04-18,377.4351501464844,389.9764832794694,375.04629585873096,376.1411823446939,6168328
2013-04-19,378.4304809570313,389.478794909505,371.9607333314544,377.5346454469017,8254512
2013-04-22,371.5626220703125,380.4212251132166,371.2640304426954,379.0277165162112,4990692
2013-04-23,380.5208129882813,380.91897574034664,371.5238778697082,373.15525770836985,9145906
2013-04-24,380.8193054199219,382.3123241052779,371.0648984502701,372.95607975215535,7389493
2013-04-25,380.6202087402344,385.4973968403226,380.42115781555134,380.42115781555134,7420515
2013-04-26,377.1365051269531,382.21277461491593,373.2188195700678,379.92349150051217,5617690
2013-04-29,377.236083984375,378.72910278642394,372.8565682401404,376.3402787782547,4168371
2013-04-30,373.75238037109375,378.3309775239846,372.2593615413823,376.3402857510361,13672162
2013-05-01,376.4398193359375,379.3263162773239,371.36354933526746,373.75237334277534,3398863
2013-05-02,373.8518981933594,376.8379356703422,370.6667794010267,376.3402627575117,6998891
2013-05-03,373.15521240234375,375.245445094692,371.16452038592627,374.6482314146568,8138213
2013-05-07,372.95599365234375,375.0461950288685,369.7708757086765,374.34947136187225,5829154
2013-05-08,380.3216552734375,381.4165417832969,375.1209671332637,375.743058289372,8179611
2013-05-09,379.5253601074219,381.7151331256356,377.23607680473503,379.0276871828774,5462856
2013-05-10,377.9328308105469,380.12257345183247,373.1551525126112,374.3495796809813,6435582
2013-05-13,387.6871948242187,387.8862761373755,378.5300011787951,380.1225605574179,7931392
2013-05-14,396.1476440429687,396.1476440429687,387.1696355076432,388.9811418497626,8699184
2013-05-15,399.03411865234375,403.015501787564,396.1476219544176,396.64529484632016,7929103
2013-05-16,403.6127624511719,405.60345425117765,398.13836000115595,399.6313788511603,9170103
2013-05-17,408.091796875,409.1866833807492,402.1197217987805,403.4136592484102,8945160
2013-05-20,411.0777893066406,412.2722163410411,405.9766424054384,409.18663848179096,4939049
2013-05-21,415.7559509277344,415.7559509277344,410.9782728840411,411.07781353869905,5651269
2013-05-22,425.01275634765625,428.49646746526,414.6611636733152,416.0546420452467,8974539
2013-05-23,413.2676086425781,418.4433888318955,409.6714175291317,418.4433888318955,7092162
2013-05-24,412.17279052734375,421.92716931562154,410.4806901530987,414.95974721669467,3643808
2013-05-28,413.0685119628906,418.0452410226845,410.0824745270143,415.65641714909214,6902643
2013-05-29,402.2193603515625,411.1774751461383,402.2193603515625,410.9783937782602,7140758
2013-05-30,410.0825500488281,410.0825500488281,397.8398064572988,398.1383981056584,6009825
2013-05-31,403.2145690917969,408.88802163713376,400.12899119404784,408.88802163713376,8020200
2013-06-03,403.8117980957031,406.8973457361883,399.9299252244348,401.02481166567605,4946652
2013-06-04,404.5086059570313,407.0965116169923,402.5179139686841,405.3049009776996,3168179
2013-06-05,397.2424926757813,404.9066366825415,396.744819803568,403.11502649279015,5132113
2013-06-06,396.6453552246094,400.3281473355085,395.1523363216309,397.3421095295516,4029017
2013-06-07,400.0294494628906,402.4182731794997,393.5597021103228,397.1429528730071,5288418
2013-06-10,402.31884765625,404.82015253025145,397.5411688410426,399.63140142422407,3806712
2013-06-11,390.7727966308594,401.2239283191818,387.88629966824135,400.2285824441035,7117838
2013-06-12,387.4881896972656,394.7542337984923,386.4928436868688,390.772849756905,4757025
2013-06-13,387.0900268554687,388.46758829831873,380.80641965135607,383.00910245941463,4579816
2013-06-14,385.1989135742187,389.0807570157481,384.2035675443112,387.6872786489876,4155918
2013-06-17,385.4974365234375,390.1755741804104,383.9049074598717,386.1941907704062,4349174
2013-06-18,393.85833740234375,396.49997684102794,384.99973565752265,385.8955711601982,5348091
2013-06-19,401.4229736328125,402.6552183699763,391.1709234136647,394.25650165819457,7979032
2013-06-20,389.677978515625,399.0342253090892,388.8817138259667,395.9486464794492,7242868
2013-06-21,385.1989135742187,398.1384119630168,385.12227606099066,390.9719083974624,11121428
2013-06-24,380.1225891113281,386.8909593850133,379.42586521403064,384.5021049498621,4951132
2013-06-25,385.8955383300781,386.4927214469995,381.0183201212599,382.1132064615158,5164375
2013-06-26,387.38861083984375,389.8769754254657,382.8100139271905,385.89559208847055,5172030
2013-06-27,389.3793029785156,390.1755674966584,382.0137194957453,388.28441648441105,6739802
2013-06-28,381.2174682617187,386.1941976123939,379.9235307807614,383.20816000198886,8049810
2013-07-01,395.5503845214844,395.84900646391753,382.8099714083982,384.7011222083116,5085723
2013-07-02,396.5458068847656,397.24256117622906,389.37933451443325,396.34675592688086,3267919
2013-07-03,394.8537292480469,395.74953447968846,391.2704779459344,393.95789364085914,4447004
2013-07-04,406.5988159179687,408.3028537539521,397.24257017024127,397.3421108392107,4469301
2013-07-05,406.1011047363281,413.2676069701282,402.915985882296,407.79320482294736,4427113
2013-07-08,411.7745971679687,412.7699430345816,406.399705187823,406.698327173134,4138451
2013-07-09,416.1541137695313,417.9457241829342,412.8694541775655,413.6657490978354,4155066
2013-07-10,418.2443237304687,419.4387204834774,414.6610727203555,415.9550101300008,4220097
2013-07-11,420.135498046875,423.81825954269334,415.75598229143264,423.81825954269334,4759149
2013-07-12,421.429443359375,423.71875712957575,418.990864156468,420.334556806283,5246688
2013-07-15,426.2070617675781,427.99867196512247,422.62381099694784,423.0219432213419,4373318
2013-07-16,426.605224609375,432.4777588733986,425.9084703850231,426.505683952247,5360889
2013-07-17,425.9084777832031,431.8805528080918,421.9270944332773,424.11686742595424,5510578
2013-07-18,431.6815185546875,433.7249422536523,423.2210786090154,424.9131483728225,4473493
2013-07-19,427.9986877441406,430.188460622351,425.6098639341656,429.0935741832458,6997458
2013-07-22,430.1884765625,431.4824139813152,424.5149932249849,427.5010306919836,3305687
2013-07-23,433.2739562988281,434.468383248352,428.6953905352447,432.67677319960535,4772757
2013-07-24,436.2599792480469,437.0562739805991,432.4776779889229,433.1744320829638,4888312
2013-07-25,436.7577209472656,437.95214804670104,432.4777461961173,436.5586700143883,3413348
2013-07-26,437.0563354492187,445.616315180937,433.97075747463464,438.9474863447566,3702025
2013-07-29,442.0330200195313,442.92882505126863,435.7623240462907,438.7483610691083,2912720
2013-07-30,443.4266052246094,446.810775261203,442.6303406426627,443.3270645579794,4537810
2013-07-31,443.8246765136719,449.10002736452,440.3409662892701,440.3409662892701,8705204
2013-08-01,446.61175537109375,460.04892616111334,440.2415167702009,447.90569300065386,7215956
2013-08-02,449.9959106445313,457.36146460882384,444.91964021794183,457.36146460882384,4432414
2013-08-05,453.2804870605469,458.0581652925734,448.90097146284745,450.792122473724,3815067
2013-08-06,451.4889526367187,456.76427429773474,447.10943630250085,453.8777769666968,3622044
2013-08-07,446.61175537109375,455.66937952911235,446.0145417053165,449.199630630214,4166781
2013-08-08,436.9568481445313,447.1093884293151,434.7670750241124,446.8107664353237,6382547
2013-08-09,437.85260009765625,441.0874738645612,430.73588388557386,438.6488949425276,6124349
2013-08-12,438.3502807617187,439.3705041235033,434.1698466602628,439.246085899492,2985597
2013-08-13,447.00982666015625,453.081442411437,438.3503056275293,439.6442734559747,5135390
2013-08-14,447.80609130859375,450.792128855051,442.9289027244892,447.80609130859375,3417836
2013-08-15,440.4405517578125,448.5028594583189,436.94390119649256,447.50751357864016,3518338
2013-08-16,435.3642883300781,440.7391500871317,434.16989148159183,440.44055846889665,6174865
2013-08-19,438.3502807617187,444.114343795995,436.359589177537,437.45447562394554,4113517
2013-08-20,439.94293212890625,441.63503247962177,431.0843588014205,438.3503724533298,4258780
2013-08-21,438.8479614257813,443.4265582255533,436.6582188697466,440.73911238912046,2680366
2013-08-22,442.6302490234375,446.9102234227038,437.1558476229367,437.1558476229367,3791577
2013-08-23,445.6163024902344,448.2041771285638,442.03305173068543,443.9242025723652,3337788
2013-08-27,441.7344055175781,447.905560952022,440.44046826948824,447.905560952022,4929142
2013-08-28,437.9521179199219,442.1325821048284,435.8618858274686,441.3362873014676,3920930
2013-08-29,437.7531433105469,442.232200153597,436.658287049351,439.1466519621566,4758812
2013-08-30,433.074951171875,439.4451580331474,431.7809834438472,439.14656645197147,6037884
2013-09-02,439.1465759277344,440.2414319993654,433.17450117101384,435.0656521022,2473575
2013-09-03,436.8572692871094,439.3456338084253,434.56798607771617,438.44982865586024,3999708
2013-09-04,437.9521179199219,438.25070948646913,431.28328942865215,437.55398570601193,2799072
2013-09-05,443.0284729003906,447.8250451084164,437.8516595984432,439.2461401975607,3493801
2013-09-06,445.6163024902344,445.81535341404503,440.1419008890057,441.63491950752257,4126654
2013-09-09,442.9288940429687,445.6163399323235,440.739121068269,444.42191278693383,3315483
2013-09-10,445.6163024902344,446.313026286884,443.3021114813165,445.81535341404503,4729866
2013-09-11,440.5400390625,446.41257296621137,440.042366182939,445.9149000866504,3986272
2013-09-12,444.6210021972656,445.2181854052879,436.7577457021318,439.345650980559,4522550
2013-09-13,441.5354309082031,444.82006010593193,440.1419527750923,443.3270413114106,3603637
2013-09-16,444.42193603515625,446.8107600753537,442.77962140599215,444.42193603515625,3288317
2013-09-17,440.9382019042969,447.80608204395025,440.6396103060466,446.3130633016106,5351671
2013-09-18,441.93353271484375,442.53074626659406,439.3207500045364,442.53074626659406,6973751
2013-09-19,446.41265869140625,447.1094130068071,443.8247531456219,446.910331666536,3532505
2013-09-20,445.9150085449219,448.6024548984257,445.2182541938506,445.6164168947767,8405981
2013-09-23,441.93353271484375,445.9149158924549,440.04238178058705,445.9149158924549,2632967
2013-09-24,448.8014526367187,449.5977475685653,442.0331127815247,442.0331127815247,5568762
2013-09-25,459.153076171875,460.7456357724894,449.2991573079238,450.09545229600496,7323211
2013-09-26,465.82183837890625,468.50928421207885,459.1530093117259,461.7409144889396,6525228
2013-09-27,464.5279235839844,468.8078986186072,462.83582347696887,466.5186152978638,4914195
2013-09-30,452.28509521484375,461.0441558947274,450.8916172630903,461.0441558947274,7284863
2013-10-01,453.778076171875,458.15759096074345,450.9911204995602,454.0766980924693,3743258
2013-10-02,446.2135009765625,453.0814111582698,446.2135009765625,452.88232985207384,5181473
2013-10-03,449.2991333007813,453.4547206596809,445.2182090346194,446.412636265146,4946094
2013-10-04,451.68792724609375,453.579108630824,445.7158522430575,448.5028388031343,3064261
2013-10-07,447.90570068359375,451.0908200386746,442.03316534974095,451.0908200386746,3632081
2013-10-08,445.01910400390625,451.2897702633323,442.9288717922501,446.41258201982953,5628777
2013-10-09,437.9521179199219,445.8153430529214,436.7576909026512,443.8246516078309,3617840
2013-10-10,448.6024169921875,453.18098391046107,435.26475740246144,438.05174419570056,8049527
2013-10-11,434.2693786621094,445.5168049006822,430.9847495341225,443.02844029598174,9542023
2013-10-14,441.7344055175781,441.7344055175781,431.5818976946562,432.4777027414523,4820638
2013-10-15,437.1559753417969,446.9103539913892,432.9755099916577,442.4312969914755,7929014
2013-10-16,441.2367858886719,441.2367858886719,427.3019445339585,436.061005896533,6453560
2013-10-17,443.12799072265625,446.4126199230425,437.8775169905723,438.8479852829053,6082992
2013-10-18,442.8294067382813,446.3131175605938,439.743828220552,444.6210476722278,6433304
2013-10-21,451.7874450683594,461.84044355710313,445.8153703671899,452.98187215881035,5643048
2013-10-22,454.0767517089844,456.0574800679909,448.7018602590167,451.88697886821666,6230732
2013-10-23,448.68109130859375,453.2604611998536,442.40929407256033,444.5994512751512,4270966
2013-10-24,452.3644104003906,457.9393300599022,449.3778495521738,450.17428400688584,4462275
2013-10-25,449.6765441894531,459.8308333038106,446.5904250973062,452.06578689983905,6630002
2013-10-28,445.6944580078125,453.6586205426432,444.40026336738106,450.97070353479023,4549807
2013-10-29,451.9662780761719,452.011089863389,445.6945114798869,445.8935973386215,9817441
2013-10-30,450.8712158203125,454.1564516073672,448.58153088641353,452.8622567648763,5306403
2013-10-31,452.6631164550781,454.7536848907289,450.1743155737128,452.4640002322208,4894297
2013-11-01,453.6587219238281,458.735852369697,448.3824448368676,455.7492907517149,4911205
2013-11-04,452.9617614746094,455.8487644276142,450.9707207648309,454.3554838952803,3705789
2013-11-05,451.2693786621094,455.55013454892054,448.8801358127273,453.75817962623057,4008871
2013-11-06,453.7581787109375,455.74921947821827,452.0658122872715,453.16089078545014,3913546
2013-11-07,458.1384887695313,461.6228100823521,452.56356859284375,454.0568491554813,4664267
2013-11-08,454.9528503417969,454.9528503417969,448.58152547226587,452.2649329467279,4885610
2013-11-11,449.6765441894531,454.9527897740916,448.7626572577349,454.4550296102249,5977592
2013-11-12,449.9751892089844,451.6675859225164,446.9886282186592,450.17430542735383,3389889
2013-11-13,445.1968078613281,449.37797599679527,442.4093320568068,447.9842532849729,5094294
2013-11-14,452.16546630859375,452.16546630859375,445.89366833285385,447.18786333461486,5407979
2013-11-15,446.9886474609375,452.9617696987228,444.20120256898593,452.16536555269977,7932556
2013-11-18,444.1016540527344,450.57253661684024,443.02647501341033,447.9841775150236,5974839
2013-11-19,439.0245056152344,444.5994260484277,437.15790482605394,443.0065872988193,6074514
2013-11-20,432.4541015625,438.7238938386553,431.8567831829567,438.32766646944697,5116503
2013-11-21,426.9786682128906,432.08070996092385,426.0827059820929,430.8611914669273,7317017
2013-11-22,428.8701477050781,432.6531432025372,426.6800211989519,427.4764253137488,5359565
2013-11-25,430.363525390625,440.518849811038,428.27295652197375,430.0648813753538,5997380
2013-11-26,427.775146484375,434.6939953342957,426.48095168002715,429.36795488838334,5155253
2013-11-27,424.2908020019531,428.84130965959207,418.1185634369637,426.3813705144409,7389327
2013-11-28,431.0603942871094,432.45411696844445,423.89263423899183,424.3903945095312,5169629
2013-11-29,425.4853820800781,433.3499865945322,425.4853820800781,430.5625418286827,8176783
2013-12-02,422.1006774902344,427.2773960646339,421.9015612447292,425.1867970103236,3733359
2013-12-03,414.43511962890625,426.1822782730396,414.43511962890625,425.68451808593744,9044931
2013-12-04,418.8154602050781,420.0100665015444,414.6342622152642,416.1275428715016,6086808
2013-12-05,415.8289489746094,425.087278005996,415.23163056399943,418.91503839782064,5981408
2013-12-06,413.9373474121094,417.322140890733,403.6835000081469,416.4261482752915,10001218
2013-12-09,414.43511962890625,417.1359790425648,412.6431951076868,415.62975623029973,6103590
2013-12-10,413.5392150878906,418.6163757811497,411.1499719324966,414.6342937285348,5093628
2013-12-11,424.0917053222656,429.5620852518092,414.3356172113325,414.3356172113325,7906646
2013-12-12,419.01458740234375,423.7931042022564,417.52130659878526,423.7931042022564,5601941
2013-12-13,432.0558471679687,432.2549633973531,418.317678004838,419.0145240459411,8618880
2013-12-16,434.9429016113281,437.9294631198255,430.2639734765404,432.5536584807052,6502985
2013-12-17,430.8612365722656,438.825400134643,430.8612365722656,433.94735602886146,4908793
2013-12-18,432.1553955078125,434.1464362331368,430.0647966700479,434.1464362331368,4113441
2013-12-19,440.02008056640625,457.9394503632283,431.6577140707312,445.0972414183477,9858268
2013-12-20,420.2091674804687,426.18228988849,418.019010445179,422.1006501668345,18272771
2013-12-23,428.671142578125,428.671142578125,418.8652593664548,422.1007010609075,8259567
2013-12-24,429.467529296875,432.05588862286425,428.0738067000729,431.85677237437505,1037361
2013-12-27,438.0289306640625,445.58392350365494,433.9472913703373,442.40921389452944,4457982
2013-12-30,432.0558471679687,440.03990971999593,431.7572032047633,438.4271715569443,2835059
2013-12-31,433.0514221191406,438.3923799367301,430.3635045881201,435.1420212676149,1724187
2014-01-02,428.5715637207031,436.2370835168376,427.57604324748434,435.3410907862416,3878178
2014-01-03,430.263916015625,432.9508002170538,428.5715192344762,430.0647997893002,3045588
2014-01-06,429.6666870117187,434.04697147334775,429.0693685894791,431.2595260107321,3367292
2014-01-07,424.4898681640625,432.31965632047303,424.19122421352097,431.25942472474577,5780957
2014-01-08,424.5894775390625,426.5805184653887,421.7024742720642,426.5805184653887,6897410
2014-01-09,427.9743347167969,433.3501403184111,426.0828514989356,429.7662901712551,8287316
2014-01-10,432.0558471679687,434.64420624561006,429.32314857159,430.6621247048914,6491980
2014-01-13,427.775146484375,436.93592146852535,423.21564584241344,434.8433173245624,5670261
2014-01-14,426.2817687988281,426.9308256195792,421.9014555421398,425.7840086906468,4982295
2014-01-15,434.6441650390625,435.141925184462,428.19816507996467,428.9696872291603,6899055
2014-01-16,439.0245056152344,439.72138206221064,433.84778727422514,435.04242393164947,6462206
2014-01-17,442.40924072265625,444.201195594378,439.1240356958051,439.9204398293235,6318420
2014-01-20,442.1106262207031,446.19226603385704,441.0155476785098,443.1061466443566,2566717
2014-01-21,435.5401916503906,443.7034713948156,434.8433151914009,442.40927659681654,4945102
2014-01-22,432.0558471679687,437.7303255158412,431.9562890532765,436.03792870868733,5183259
2014-01-23,435.2415771484375,440.4182655484114,432.7527758847362,435.3411048942857,7704620
2014-01-24,428.07379150390625,444.9976390749909,428.07379150390625,436.93391739141714,9090499
2014-01-27,430.363525390625,432.5536827722019,427.7751962426041,427.7751962426041,8093257
2014-01-28,435.3410949707031,437.1330500682454,428.5715678400965,430.86125279815855,5770936
2014-01-29,429.6666870117187,439.42277651175056,425.3859303030655,438.22817004814823,6509558
2014-01-30,434.0469665527344,434.84337085277406,426.1823601615551,430.1644424235068,6118740
2014-01-31,427.1777648925781,429.4674494199738,421.6028451613779,428.07372708239086,8083195
2014-02-03,421.9016723632813,431.757351874935,420.50794942029313,428.2730293270239,7417573
2014-02-04,413.9373474121094,421.105106050422,412.54362500490134,419.4127093111101,7591131
2014-02-05,417.22265625,423.8926255093408,415.3311733370787,416.12757760119024,7477752
2014-02-06,424.390380859375,426.9787402591026,418.3973583319566,420.9060590776696,5557184
2014-02-07,427.1777648925781,428.8104023792129,421.3042012250632,426.5804466390802,4609997
2014-02-10,428.8701477050781,431.9871337799166,424.4401004476074,429.7661403103116,4436645
2014-02-11,433.94732666015625,434.14644288808904,428.9697247705448,431.25943986828855,6801582
2014-02-12,437.5312805175781,439.5223216120836,435.73935568487366,436.6353181012259,6280333
2014-02-13,423.89263916015625,434.6442793571533,419.611912936171,434.246077212274,13455094
2014-02-14,429.96527099609375,431.6576678926495,424.0917064894334,424.48990858836635,7650600
2014-02-17,434.9429016113281,437.53126099486747,430.064857223624,430.064857223624,4819390
2014-02-18,435.6396789550781,437.1329593694254,432.1553579882679,436.3365249199195,5150360
2014-02-19,434.8432922363281,453.8577376756519,432.3544912725651,452.96177540487145,12231557
2014-02-20,398.6063537597656,403.98215773132887,386.3614652478231,398.20815168425554,24593904
2014-02-21,409.45751953125,411.8467927443849,394.7238300815627,403.9821574494124,19712846
2014-02-24,415.6297302246094,416.426134321794,407.66556772928755,410.55257055766793,11688404
2014-02-25,409.059326171875,420.40825265259474,407.4664874561366,416.22708520226195,15634432
2014-02-26,408.063720703125,412.5435615679868,399.8009152602816,411.1498393750917,11977894
2014-02-27,409.2585144042969,410.1544768455025,404.87822995105427,408.9598400033104,10039053
2014-02-28,409.059326171875,412.7427638032155,407.0682853724199,410.2539628038967,8596332
2014-03-03,407.6656188964844,409.0593414319218,398.6740654292238,398.9050512044157,8653338
2014-03-04,418.5167236328125,419.4126858171957,410.5525613167519,411.2494376717545,9373382
2014-03-05,415.7293090820313,418.4171958298399,412.045871591748,418.1185518737069,7258903
2014-03-06,411.6477355957031,418.5168211171347,409.95533855698613,417.02354033504633,11494273
2014-03-07,403.3849182128906,412.9418906954101,403.3849182128906,411.8468424515742,8599270
2014-03-10,400.8960876464844,408.6611348158495,399.3430782126113,404.97769708781567,7375628
2014-03-11,405.0772399902344,405.1767981052552,399.6018778536769,402.68799713409265,7803713
2014-03-12,399.1041259765625,404.67904634431915,399.1041259765625,402.5884474088014,7916650
2014-03-13,390.2440185546875,398.8652293449933,390.2440185546875,398.2081821986607,10934311
2014-03-14,386.3615112304687,388.1833003736604,383.5342366627282,386.1623949785805,12794484
2014-03-17,394.7237854003906,394.922901605903,386.36142124361766,386.75962327377493,8406180
2014-03-18,405.97314453125,405.97314453125,394.7237778936883,396.6152602866146,8631163
2014-03-19,411.6477355957031,418.9150232495166,408.3625300274588,409.95533855698613,13924380
2014-03-20,415.2315368652344,417.7203376971035,406.5704978179817,409.3579729781969,13378780
2014-03-21,409.1588439941406,419.0144889046871,408.063765586109,417.1230064076518,17619473
2014-03-24,401.6925354003906,408.86029539631664,400.9259955264568,407.76521673292854,7351252
2014-03-25,409.6566467285156,410.25396504779354,398.3077201857226,403.48440806409695,8283553
2014-03-26,409.2585144042969,414.2361172786355,409.15895627063475,411.647757707804,6930621
2014-03-27,408.6611022949219,409.35797868991654,403.98214451337503,409.35797868991654,5449154
2014-03-28,405.5750122070313,410.5526142969086,404.5794917890558,409.9552959699489,5406661
2014-03-31,412.3446350097656,413.8379158747731,406.9687995910369,407.5661180132153,9846511
2014-04-01,412.4441223144531,414.6342795206935,411.1499578440491,413.53920091757334,4712615
2014-04-02,411.5482177734375,417.1938356191196,411.44865963537274,414.0370193206654,4020827
2014-04-03,405.3760070800781,412.2799401231437,403.48449360454384,411.34913077744153,6507252
2014-04-04,408.8601989746094,411.0503254040113,405.3758779279137,406.96868610170833,5839213
2014-04-07,403.7830810546875,409.457529116543,402.9866465047079,405.6745637419727,6344641
2014-04-08,399.4028625488281,403.6835888229602,397.5113491719601,402.787626391267,7693622
2014-04-09,402.4889526367187,404.4799937684975,399.21371184917393,399.50239093905066,5709873
2014-04-10,403.68353271484375,407.16785420560075,401.89160810051766,402.9866562643434,6309441
2014-04-11,396.814453125,401.0951788610351,392.6332551281826,399.7014563223869,6250795
2014-04-14,393.8279418945313,397.61090789210414,388.2749252621056,395.12210647768075,6054593
2014-04-15,390.1444396972656,395.3390826573413,388.4520732413925,393.6287611063165,7900651
2014-04-16,374.4313049316406,391.1612021448239,372.53923792626085,382.4975173127406,17485065
2014-04-17,387.4766540527344,389.10979605673606,372.73838243892135,378.4146138020549,16092479
2014-04-22,390.3645324707031,398.1319778484568,383.89165119249,388.3728766927914,10976715
2014-04-23,393.7503662109375,394.64660528984126,389.4683181726989,391.7587103065926,9281458
2014-04-24,394.74609375,399.3269072428053,392.35611335078625,397.2356629971496,5156629
2014-04-25,400.2232666015625,400.5220332353294,393.1528817327039,393.1528817327039,4792234
2014-04-28,399.326904296875,401.3235436807993,394.5469435337104,401.3185596799018,3939801
2014-04-29,397.5344848632813,402.61318252203665,397.3353071396912,400.8207045707411,8521100
2014-04-30,398.3311767578125,399.0282684732415,393.1528593038581,396.5386986185052,5200638
2014-05-01,399.5261535644531,402.6331316561351,396.9369950246332,399.1277981042848,3272425
2014-05-02,399.4267272949219,405.0033717145721,394.3699083955583,398.2317212084728,5082301
2014-05-06,395.7420654296875,405.1944697624816,392.05751983752623,401.2191197661056,4736787
2014-05-07,402.81243896484375,403.6808102474317,393.3520726603542,396.7378818912775,9582992
2014-05-08,403.9078674316406,404.3061925778031,400.422469219763,402.41412534083594,4127587
2014-05-09,403.310302734375,404.7044557275043,400.034020407829,404.7044557275043,3585603
2014-05-12,406.0985412597656,406.2977189643779,401.5177579561915,403.8081496079786,3883269
2014-05-13,407.6919250488281,411.3765003343132,404.50529409000103,406.2977721049503,7224406
2014-05-14,410.0819091796875,410.9781785846605,405.89945031425265,407.2936032693976,5485006
2014-05-15,414.7622985839844,416.8535431422906,406.2977618781888,409.2852454214107,10571871
2014-05-16,412.8702087402344,419.6418255713569,411.97396980527,414.16477271404375,16018264
2014-05-19,411.4760437011719,416.35559366032106,409.58394663985246,413.16893266360034,6694684
2014-05-20,406.7956237792969,411.8743512313357,405.998973759085,410.2810208006617,5954434
2014-05-21,409.2852478027344,409.58398400269306,402.0157166280333,406.3973531055348,4567527
2014-05-22,411.4760437011719,412.87019649089285,408.1897938501314,411.27686599253246,4219064
2014-05-23,413.6669006347656,414.7623173950124,409.7831779304865,412.27274766274945,3954984
2014-05-27,414.2643737792969,420.33892956901514,413.2287043355778,415.95729323209247,5476702
2014-05-28,417.849365234375,419.24351812395736,414.3639678152922,415.35979564931586,5091213
2014-05-29,420.5381774902344,422.5298336098002,417.8494599629768,419.4427909366816,3658088
2014-05-30,421.3348388671875,422.82858088842056,419.2435939594094,421.2352499877201,7829678
2014-06-02,426.21435546875,429.401017011535,422.8444710679909,423.0276939259651,5311979
2014-06-03,422.8284606933594,428.4051020654409,421.6334552599667,425.8159438865905,7571341
2014-06-04,422.4301452636719,424.1230342107632,418.048478835315,422.03178985000216,5797166
2014-06-05,421.8327026367187,422.9281193998845,418.5464523472217,422.3306165844981,3957798
2014-06-06,425.4176330566406,425.8159580843024,420.2393165262824,422.92806364593986,3789258
2014-06-09,428.8034362792969,429.50049747185506,424.7553940344027,425.5171864620896,3439592
2014-06-10,428.5047607421875,430.9495354122895,426.87161868420304,429.50058870616215,4350744
2014-06-11,424.0235290527344,428.2060185998122,422.33063977149413,427.8076934977708,6773378
2014-06-12,425.0193481445313,425.91959871688493,420.9364779458823,425.5172621092695,3654025
2014-06-13,424.32220458984375,426.4134489144904,421.0359548253274,424.7205296063834,4438776
2014-06-16,416.6544189453125,424.0235398872726,415.260265857416,422.1314728115374,7256361
2014-06-17,415.7581481933594,418.402070051889,414.5631425574199,418.14812907498265,6096250
2014-06-18,415.7581481933594,418.6460430249148,413.4677561797737,416.75397609322374,4444780
2014-06-19,422.4301452636719,423.9238868941796,416.55473720480734,417.749742665314,10919712
2014-06-20,426.21435546875,426.6126805640339,421.6335408973429,422.43022147816754,15800466
2014-06-23,421.8327026367187,426.8118421145123,419.1290335471075,426.2143392991259,4278130
2014-06-24,424.0235290527344,425.4177124952651,419.9406587689885,423.32646772172626,4918704
2014-06-25,421.1355590820313,424.7205451425273,418.59122641592813,422.23097571027336,5691742
2014-06-26,423.2269287109375,424.0235790088773,419.9407082441099,423.2269287109375,3776107
2014-06-27,429.79937744140625,430.6956165770407,423.7248204705915,424.621059606226,5282996
2014-06-30,431.0939025878906,435.27639202834746,428.0068299428159,429.99848579250846,12063813
2014-07-01,430.6955871582031,431.4922373598495,427.6085144438733,430.9943233862562,4440393
2014-07-02,422.9280700683594,432.5427860628808,422.5297146443967,430.9942507693183,6185337
2014-07-03,425.9154968261719,427.5087967493537,421.8325973949605,422.03174469023423,6330460
2014-07-04,427.6085205078125,429.0026735755928,424.2227115174152,425.0193617303589,2907086
2014-07-07,424.6209716796875,429.5005218657385,423.8243215885884,428.7038717746394,4023805
2014-07-08,418.2477111816406,426.6126593272224,417.1522944314472,425.41768410085655,6385461
2014-07-09,414.8619079589844,417.5506250466709,408.2894377608801,417.5506250466709,7599882
2014-07-10,417.35150146484375,418.5464767751039,412.173183949611,414.36401760380727,9066579
2014-07-11,415.6585693359375,418.96870646037,413.46776613762665,417.0527223512729,10786450
2014-07-14,416.2560424804687,418.1481093227837,414.73741108296286,415.7581285540567,4608831
2014-07-15,414.6627502441406,416.95317275192855,413.26859719911073,414.9615168618123,5379623
2014-07-16,420.5381774902344,420.6377663742648,414.264472869706,416.7540430191634,5257671
2014-07-17,416.75396728515625,419.8410397875417,415.26022546692985,419.6418620556762,6264556
2014-07-18,415.4593811035156,416.4552089293723,412.1731310440365,416.4552089293723,6025583
2014-07-21,418.2477111816406,425.5172425770289,416.027004060351,416.9531470888472,5064722
2014-07-22,421.9322509765625,423.3264038183813,417.3514370189412,418.2476759608067,8343072
2014-07-23,423.3264770507813,426.3139609673143,420.2394042589789,422.0318824527955,8886497
2014-07-24,427.3097229003906,428.50469804817016,422.03181722937455,423.3264116272856,6185377
2014-07-25,425.6168518066406,427.7080965406532,424.3222876519102,426.21435464353806,3553602
2014-07-28,425.318115234375,429.3791044527984,423.2189082548303,425.1189374921537,3756538
2014-07-29,423.7247619628906,427.7080734737051,422.43019787797795,425.9155954499406,4044497
2014-07-30,423.2269287109375,428.30565793352093,422.4302784129977,425.2185848460478,6020693
2014-07-31,426.01519775390625,429.5005956844463,416.2560957044974,416.35568458056446,8574790
2014-08-01,424.32220458984375,427.50883511241176,421.8326352486575,424.7205296063834,6081369
2014-08-04,423.8243103027344,427.8076214326656,423.2268075551942,425.3180519764586,4224639
2014-08-05,424.8201599121094,425.65066476556154,419.741431882456,424.1230682724546,3842245
2014-08-06,420.5381774902344,423.9240172057048,419.04443540056,423.22692540775256,9709456
2014-08-07,419.1439208984375,421.3347542456727,414.6626957347544,419.2435097579033,4975733
2014-08-08,419.6419067382813,420.3818183577629,413.19093621300146,415.75818367541285,3898590
2014-08-11,426.8118286132813,428.006803815998,421.8326892929916,422.23101436056385,4433432
2014-08-12,431.1934814453125,432.18930934703377,424.9197778205708,427.60849492106473,6466982
2014-08-13,433.88232421875,434.9777108389911,428.7040058365129,432.388582038135,4124450
2014-08-14,435.1767883300781,437.4671803230816,432.786807469932,432.786807469932,3911298
2014-08-15,435.1767883300781,438.76177481542504,433.98178270487733,435.5751134083933,6161680
2014-08-18,436.9692687988281,437.8655382178226,435.5751158218726,437.168446534217,6847476
2014-08-19,437.16845703125,438.6621989117668,435.47553741056174,437.5667821213366,7239830
2014-08-20,437.4671936035156,437.56678247368154,434.87806532074006,436.9692796429424,5333550
2014-08-21,439.9567565917969,441.7492650562497,435.76633537486987,437.666364564739,8546603
2014-08-22,437.2680358886719,442.2551376233646,435.4755274389432,439.6580167647212,7125463
2014-08-26,439.16015625,440.8162126533028,435.5751693046011,438.1643282312925,7165692
2014-08-27,441.2513427734375,442.4463180035914,436.770117282286,437.1684423590039,4526036
2014-08-28,440.95257568359375,440.95257568359375,436.2722028544078,439.7576004547667,6058415
2014-08-29,443.2429809570313,444.9637683167568,439.160080704629,441.3509141250168,6123154
2014-09-01,454.0974731445313,456.6497681055283,449.1183341846131,450.11416197659673,11150351
2014-09-02,453.4004211425781,459.5745661483437,452.3050347879064,456.0891685719207,7818471
2014-09-03,451.6079406738281,455.98957723958057,449.2179598552591,455.1929270968092,10071100
2014-09-04,453.49993896484375,455.2924471003493,447.3258253165479,451.80705006993617,5820931
2014-09-05,453.8983154296875,457.08497666054666,450.6120957274452,454.8941432655493,4345130
2014-09-08,448.8197326660156,452.8030450290945,441.45058048211047,452.8030450290945,9160447
2014-09-09,450.7117309570313,453.0021230590408,447.52506939833734,447.52506939833734,5513366
2014-09-10,453.1016845703125,454.4958375217086,446.72839222803384,449.1183730576065,5302113
2014-09-11,455.0932922363281,455.2924699470181,452.07791066628266,454.79455606054506,5472366
2014-09-12,457.0849609375,457.98119988089553,452.7033246884808,454.6949802916943,5979160
2014-09-15,456.1888122558594,457.58296537590616,452.9025616261862,455.2925731351335,4525233
2014-09-16,454.7945556640625,456.68662235296006,451.10998075127367,455.591205725624,4462211
2014-09-17,459.07666015625,460.07248805246746,455.98958759992473,458.08083226003254,5131072
2014-09-18,465.6491394042969,467.9395314540335,459.17625795301245,459.17625795301245,9736195
2014-09-19,469.7320251464844,474.51198683467703,466.0474498187384,469.7320251464844,15509029
2014-09-22,473.1177673339844,473.8148285207539,466.4755829086493,469.8315175440675,8702481
2014-09-23,464.7528991699219,474.5120005615705,462.8608018229489,473.41658377917986,10558608
2014-09-24,464.4541320800781,464.95204603607954,459.3754036508123,464.65330981858114,12182678
2014-09-25,460.86920166015625,469.7320954688306,454.06670668578386,465.5496055728211,6009151
2014-09-26,467.3420715332031,469.0349913012219,458.2800609816288,461.26754500265565,5965308
2014-09-29,468.2383117675781,468.8357842222097,462.4624914539969,466.5453921054363,4931955
2014-09-30,469.5328369140625,470.92698984275535,464.7528753327571,468.13868398536965,6513221
2014-10-01,461.2674560546875,472.8190343962492,460.1720393801592,468.9353119958791,6807389
2014-10-02,451.9067077636719,458.0808531579911,451.1100575664565,452.1058855081043,9285952
2014-10-03,458.2799987792969,459.3664200009338,451.4087621513606,452.8029454841478,6578201
2014-10-06,459.6741943359375,463.9562424257376,456.58712156897906,456.58712156897906,6585452
2014-10-07,448.6204223632813,457.8397917279045,443.1433694820425,457.7820502479998,11095801
2014-10-08,449.9150390625,451.40878093241565,444.1392493215952,446.8279968435458,5765694
2014-10-09,441.0522155761719,454.8942187123755,440.15597645330064,454.3963047118627,9265025
2014-10-10,442.84466552734375,445.2346463350382,435.87387044391966,437.56675958716977,6645049
2014-10-13,443.2429809570313,446.72837842294103,438.2638417200173,438.7617556437187,4687114
2014-10-14,446.7284851074219,447.5251354194928,437.9651797233354,439.9568358937739,6013490
2014-10-15,435.3759460449219,450.01459713411265,435.17676831979514,448.9191804264239,8394274
2014-10-16,438.0647277832031,442.54595374904915,427.80771161748135,437.566813786998,9843885
2014-10-17,442.0480041503906,442.4463292372219,428.5047384663318,436.17262554642383,9423220
2014-10-20,438.9609680175781,443.1434577524689,437.068900905226,442.5459548774476,5486267
2014-10-21,442.7450866699219,443.04382288129057,431.2930659168708,438.16427229065033,6356263
2014-10-22,447.4255065917969,447.624684347165,442.6455443655502,443.14345836371166,6236525
2014-10-23,441.9295654296875,446.11278839964,435.1566804754006,438.64271481493137,5882371
2014-10-24,439.73828125,448.1047566261054,437.8458689047553,441.03308169785066,3865987
2014-10-27,440.6347351074219,446.31200319875455,437.1487007625913,441.8299590411153,4249695
2014-10-28,440.83392333984375,444.22035042536027,439.4395157629611,441.92954014875346,6417717
2014-10-29,444.3200073242187,446.21241999055263,440.2363607942506,442.4275946578849,5283039
2014-10-30,450.19635009765625,450.19635009765625,443.62268049937086,448.5031215783489,8810725
2014-10-31,456.86968994140625,457.6664855926032,452.2880389575096,454.87767041760816,7384670
2014-11-03,455.87359619140625,459.45920635700145,454.1803677498084,456.3716009806056,5051288
2014-11-04,449.2003784179687,456.371660475646,448.0051546097545,456.1724463756756,7112063
2014-11-05,452.9852294921875,453.1844436037423,449.89762353372976,450.196414305256,11316352
2014-11-06,454.379638671875,457.1684536819838,449.59877385994054,450.99318136499494,4795747
2014-11-07,454.8775939941406,458.96120901519856,452.0190209252792,456.072787270133,5367001
2014-11-10,460.1565246582031,460.1565246582031,453.8816751166413,455.5748735283324,4929279
2014-11-11,460.6544494628906,463.1444735140414,459.16043503220016,460.2560516938668,5840299
2014-11-12,458.7620849609375,462.0977205540014,456.37166770246,460.85371146053205,4434359
2014-11-13,458.36370849609375,460.6545188096898,456.8696938404948,459.8577231516928,4579011
2014-11-14,458.2640686035156,460.65448580203025,455.9732280582611,460.1564809525145,6011678
2014-11-17,459.5588684082031,461.05288295465095,454.18042212015155,455.57482961767545,3148190
2014-11-18,460.9532775878906,463.54290889034473,458.96125818535734,462.24810843701965,5866414
2014-11-19,461.1525268554687,465.5349637961002,460.6545219668559,460.85373608062355,7644738
2014-11-20,458.1644287109375,462.8456861191308,456.77002131141234,460.9532435099878,4647210
2014-11-21,463.2440490722656,464.8376704358567,459.0607967923139,459.3596178956243,8631475
2014-11-24,463.3436584472656,464.93724942310735,461.6504300406844,463.841663226166,3280855
2014-11-25,470.614501953125,470.614501953125,464.1404400214947,464.7380518174203,9305525
2014-11-26,471.909423828125,473.7022596780521,470.1166183740043,472.60664283573107,5739911
2014-11-27,476.690185546875,477.2877973671144,471.31173995631985,472.8057543090185,5366231
2014-11-28,479.18023681640625,481.2718631087202,474.2997957315414,476.8893964407094,7700939
2014-12-01,473.3037414550781,480.77381294019114,472.90531332589984,476.69016778250295,7958107
2014-12-02,477.4870300292969,479.2798656739443,474.3993939711287,474.8973988064525,4659603
2014-12-03,476.9890747070313,481.4711186901966,476.4711605670224,476.5906768765778,4498689
2014-12-04,478.78179931640625,482.06861864887446,475.39534255471295,477.486968673465,7200081
2014-12-05,479.7778625488281,484.6583037748648,479.4790414151101,482.5666774220484,11824296
2014-12-08,477.885498046875,481.8695373149467,476.3914833213481,479.47911983326514,3668755
2014-12-09,465.8337707519531,477.5866736062563,464.9373376631595,475.196256293019,9637979
2014-12-10,459.1604614257813,471.61058239719614,459.1604614257813,466.0329221228416,7159258
2014-12-11,453.0848083496094,459.55887142674067,453.0848083496094,459.1604736242318,6209582
2014-12-12,440.5350036621094,451.4791629606674,439.63860116284184,451.39153187303424,6262892
2014-12-15,433.26422119140625,441.9225267386471,432.7662163394621,438.64266751324226,6875867
2014-12-16,448.005126953125,448.005126953125,433.5629870751437,433.5629870751437,9775268
2014-12-17,448.3038940429687,450.0966990326939,438.5429824439137,443.2242393776827,6799516
2014-12-18,460.1565246582031,460.6545295550194,451.5908343538025,455.1764756900408,8795755
2014-12-19,460.8537292480469,465.6345639495272,456.6704760873973,462.5469276067435,9128541
2014-12-22,469.4193420410156,469.518949086482,461.8048591094245,462.6464884905408,4807262
2014-12-23,471.4114074707031,473.4034269916371,470.515004765444,471.71022863632663,4770987
2014-12-24,472.2082214355469,474.9970365351829,469.31979928325137,469.31979928325137,917260
2014-12-29,473.70220947265625,476.09262662340393,471.0129711806881,473.00499053894504,2927086
2014-12-30,467.9253845214844,476.6056365402591,466.4313698449843,473.80186656569623,4250166
2014-12-31,470.1165771484375,473.90140184003985,462.1783786447387,470.0169700995419,1104232
2015-01-02,467.3278198242187,473.80188365590743,464.83779527356927,471.3118591052579,3384223
2015-01-05,460.1565246582031,468.0249959487384,458.2641121294628,465.4353644061326,8215638
2015-01-06,454.8775939941406,461.21220042556166,453.0598643257473,459.6584278897112,8190051
2015-01-07,460.8537292480469,464.1405493058389,455.276068499116,458.46328150150094,6843760
2015-01-08,467.0289306640625,471.90937199382023,464.33972277826285,464.7381205692181,9660318
2015-01-09,465.8337707519531,471.7649954201872,461.94930842266155,467.2281783183578,6547901
2015-01-12,468.3237609863281,471.80979484617075,465.6345227075568,466.82974647496695,4700987
2015-01-13,473.2041931152344,475.0966053803562,466.3317325756853,467.82574705801346,5588834
2015-01-14,466.7301025390625,473.90135338931424,463.64246671379544,468.52290765267526,9174544
2015-01-15,477.6861877441406,477.6861877441406,463.1444421897749,469.91729499250994,8409442
2015-01-16,481.8694152832031,482.46702710123225,470.3157286483719,473.8017621251088,7657195
2015-01-19,486.75,488.74201959419554,482.16834885418893,482.16834885418893,5275788
2015-01-20,490.1363220214844,491.6183908469288,487.64629806323234,489.7379242673241,6573407
2015-01-21,499.9968566894531,501.9888760388135,480.3744812742343,497.0088276654126,12498052
2015-01-22,515.9329833984375,518.4230074495882,497.3075913375093,499.4988246608425,10853049
2015-01-23,516.9291381835938,518.4231530338353,511.9490886827884,514.9371183832716,9350822
2015-01-26,509.9569396972656,515.4599173182578,507.46691557765007,513.4429734647274,8992981
2015-01-27,503.98089599609375,510.3752610936039,501.9888766443305,508.46293953756094,10717078
2015-01-28,510.9529418945313,511.4509467111926,502.4868600112885,506.96890336124056,6590292
2015-01-29,513.9409790039062,515.4349934777548,507.4669162838958,509.95694040697674,8935723
2015-01-30,505.4749755859375,519.9171177455357,504.9769706838824,519.9171177455357,14709666
2015-02-02,504.9768676757813,513.4429492837579,501.988838872966,508.46290127906576,9653332
2015-02-03,518.423095703125,520.913120178164,507.96499290796106,508.9610026979767,9681686
2015-02-04,525.3950805664062,525.893085382109,516.9289986994594,517.4270035151621,6564225
2015-02-05,514.43896484375,524.8970657747459,511.4509360063226,522.9050465497943,8713536
2015-02-06,515.43505859375,516.9290732563405,509.45899994338765,513.9410439311594,13622689
2015-02-09,512.447021484375,515.7746934966339,507.9649775646866,514.9370458842019,4557756
2015-02-10,520.4150390625,521.4110487066388,511.9489570873206,512.9449667314593,7870150
2015-02-11,522.9052124023438,522.9052124023438,515.4351379394532,518.9211726888021,6438867
2015-02-12,525.89306640625,532.2476124886537,520.9060273947703,520.9130184289181,10818127
2015-02-13,520.9130249023438,528.2336712033554,514.4389624513586,527.3870873533289,6022661
2015-02-16,518.9209594726562,522.4478447425846,515.9329309152322,520.9129785109391,4574748
2015-02-17,518.423095703125,519.9171103881484,511.94903206802354,516.4310761230938,4446976
2015-02-18,519.9170532226562,525.8931113056752,515.435009660392,525.8931113056752,7203876
2015-02-19,523.4030151367188,525.8930389955995,496.7996087392613,515.9329435600768,9216294
2015-02-20,527.8851318359375,529.8771512013561,519.917054374263,523.9010931051002,6857203
2015-02-23,531.869140625,532.8651502516385,528.3831069317649,530.8731309983614,6518450
2015-02-24,533.861083984375,538.617053592105,532.3670697568068,538.3431266670797,7128877
2015-02-25,535.355224609375,539.8372683502906,533.363205168968,534.3592148891715,9559467
2015-02-26,530.8731079101562,540.3351989517068,529.8770983268352,537.3471702017436,6034292
2015-02-27,529.8768920898438,534.4087217717705,528.3828782963574,532.8649196768166,7034548
2015-03-02,528.8811645507812,532.3671985920764,525.8931353725283,526.8891450986126,5166352
2015-03-03,524.8969116210938,531.3709722008606,522.9048929811655,530.3749628808964,5074005
2015-03-04,531.3711547851562,531.4797285923275,522.7257982122292,527.8851209674467,4428962
2015-03-05,532.8651733398438,534.3591878445349,529.3791394955643,533.3631781747408,4877238
2015-03-06,534.8572998046875,537.3473244778936,530.8732603275575,532.3672751314813,4841468
2015-03-09,530.8731079101562,535.6290779871548,525.39505520189,532.8651270767984,6142189
2015-03-10,531.3711547851562,537.3472127583726,528.8811306296494,530.8731499540548,8312950
2015-03-11,533.861083984375,536.8491124395114,530.8730555292385,533.861083984375,7050310
2015-03-12,532.8651733398438,541.8292603679906,531.8691636700496,537.3472168539172,6397667
2015-03-13,530.3751831054688,536.8492463734228,528.8811685051717,532.8652074392973,6325794
2015-03-16,535.853271484375,536.8492812826731,530.8732224928846,532.3672371903317,4351423
2015-03-17,534.8572998046875,537.8453294125349,531.5206910592384,536.8493195432525,5142441
2015-03-18,543.3231811523438,544.8171953993254,535.8531099174353,537.8451289134109,6385967
2015-03-19,544.8172607421875,546.3112751683543,540.3352174636868,542.8252415072983,6737587
2015-03-20,543.3231811523438,546.8092143953011,540.3351526583804,546.3112096463071,14977839
2015-03-23,537.8451538085938,546.3112349333586,533.8611156322338,545.3152253892687,9413065
2015-03-24,540.3352661132812,546.1868231426187,536.3512272847962,536.3512272847962,7439338
2015-03-25,539.339111328125,544.3191585241373,538.3431018889225,540.3351207673275,4408773
2015-03-26,530.3751831054688,540.3352804407828,528.383163638406,537.3472512401886,11079654
2015-03-27,527.8851318359375,533.3631850908387,526.3911173118735,530.8731608840654,6301298
2015-03-30,524.399169921875,535.6440988980863,522.9051551927529,532.8652533869005,11004908
2015-03-31,521.4112548828125,530.3753452246374,516.9292097119001,525.3952950347347,9983523
2015-04-01,521.9091796875,525.8932192270992,514.9371104932013,517.4271352054509,6395707
2015-04-02,522.406982421875,524.897006170311,519.4189539237518,521.9089776721878,5645016
2015-04-07,526.39111328125,528.2586314220302,522.8055027675945,524.8970987686258,7213422
2015-04-08,529.8768920898438,531.3709058833301,523.9008369158981,524.8968461115558,7056595
2015-04-09,533.3632202148438,534.8572348372943,531.371200718243,533.3632202148438,4481439
2015-04-10,537.347412109375,539.3394321728017,531.3713519190946,536.3514020776615,7098565
2015-04-13,534.3592529296875,538.8412969896756,525.8931697052656,537.8452871985671,1850994
2015-04-14,526.8890991210938,535.3551810540414,525.7287697764377,532.8651569561156,8216237
2015-04-15,530.3751831054688,534.648042977339,524.3991247042804,525.8931393045775,10120725
2015-04-16,514.0596923828125,522.8265897041807,507.58413424233134,516.0521718106529,8501469
2015-04-17,511.0709838867187,529.8002787374221,509.0785044173748,512.0672236213907,7879493
2015-04-20,507.5841674804687,514.5578459345675,505.762034952264,513.5616061554105,6711184
2015-04-21,508.082275390625,513.0634741689645,507.40483965344873,508.5803952684589,6261201
2015-04-22,505.093505859375,511.5690636268029,499.6141877484745,510.07470414201185,11895511
2015-04-23,501.6067199707031,507.4257598233843,498.6180006858727,506.0897988979487,12129710
2015-04-24,513.0634765625,523.6654887920445,509.5766374013956,512.5653566823422,16325395
2015-04-27,512.0673217773438,525.9847643517741,507.912987910193,514.0598016286175,6250935
2015-04-28,503.5991516113281,513.1630280911849,502.1047921109978,513.0634284467537,6619579
2015-04-29,505.59173583984375,510.25413115150087,503.1011361559037,503.5992560926917,8687554
2015-04-30,506.0898742675781,511.5691937724436,500.6105547627126,506.5879942225659,8491733
2015-05-01,501.6067199707031,508.8593442191119,497.22825716344346,504.5954392555335,4030964
2015-05-05,501.1085510253906,511.23530532059374,501.1085510253906,506.08974934572257,3695995
2015-05-06,498.6180419921875,501.6067615246082,496.85568130354994,498.6180419921875,6597360
2015-05-07,495.7288513183594,499.11606001634925,487.55967410307113,495.82848136299873,7123325
2015-05-08,507.5841674804687,517.0484453824598,506.5879277013118,517.0484453824598,11274322
2015-05-11,508.082275390625,512.2365781461783,505.59167600145526,506.0897958792892,6966515
2015-05-12,496.1274108886719,505.8507208791692,493.4375513191091,505.0935689167804,10818567
2015-05-13,498.1198425292969,503.5991607971191,496.42622290356826,497.2232328933086,6409661
2015-05-14,500.11236572265625,501.1086054950121,497.7213963495671,498.6180060641224,7459434
2015-05-15,501.6067199707031,506.0897988979487,499.30042249034966,502.60295973231325,4977990
2015-05-18,500.11236572265625,503.59920492590186,496.62552651941064,500.61048560883415,6259248
2015-05-19,507.08599853515625,508.5803580593266,499.6142009143042,500.6104405970845,7609710
2015-05-20,507.08599853515625,509.737003032828,504.0972794868154,508.5803580593266,4915884
2015-05-21,511.0709838867187,512.5653434887267,505.5916653460229,507.58414481536687,4851328
2015-05-22,513.5615844726562,515.5540639468469,509.5766255242748,509.5766255242748,10270727
2015-05-26,512.5653686523438,517.0484476784576,510.07476919339166,513.0634885441342,4685516
2015-05-27,521.0333862304688,522.5277458468086,513.0634682766566,513.0634682766566,9683030
2015-05-28,519.5390625,522.0296620325983,517.5465828739214,519.5390625,5402154
2015-05-29,513.0634765625,521.0333946450243,511.0709970418689,520.5352747648665,8652963
2015-06-01,514.557861328125,518.0447006594869,512.0672618057235,515.0559812326053,6515514
2015-06-02,509.0785217285156,516.5503199926328,508.0324821326692,515.5540802240838,5831822
2015-06-03,511.0709838867187,514.0597030907346,506.08978521335894,508.5803845500389,5409752
2015-06-04,503.5991516113281,509.5765896126495,502.1047921109978,509.5765896126495,5977464
2015-06-05,496.4262390136719,501.60669770522264,496.12737925958464,501.10857784652825,6379149
2015-06-08,491.9431457519531,497.4224640357157,491.9431457519531,494.73263511992576,5916715
2015-06-09,487.2608947753906,492.74021370367024,486.06539484809014,491.644343837449,7084298
2015-06-10,490.7477722167969,492.0428719029596,484.0729528426879,487.1613025591089,5761265
2015-06-11,488.85491943359375,492.9394786039276,486.66317954472777,488.55602922902386,6340732
2015-06-12,487.2608947753906,489.9507240075777,485.17675064446195,487.2608947753906,5596025
2015-06-15,480.18756103515625,486.66311943085856,480.18756103515625,484.5710098686053,6069727
2015-06-16,479.3906555175781,480.1876352822261,474.0109356963022,478.3944156103536,5558904
2015-06-17,471.4207153320313,480.7853639636518,471.4207153320313,480.58610382992094,7128347
2015-06-18,470.6236877441406,471.918817759698,464.34738900117384,471.7195576333579,9494343
2015-06-19,472.6161804199219,475.1067800536723,470.723330778837,472.11806049317175,8319104
2015-06-22,477.1988525390625,478.5935821444154,473.01463332017863,478.5935821444154,7498458
2015-06-23,472.5165100097656,481.0841780989111,472.5165100097656,479.9883082730625,7487219
2015-06-24,478.5936279296875,479.49023773298785,467.5353592814412,472.5165586362523,12736681
2015-06-25,473.6123962402344,480.88496504343993,471.9188068169208,479.1913452173004,10196603
2015-06-26,466.43951416015625,472.31732324788254,466.14062396074985,470.92259352580254,8703533
2015-06-29,460.9601745605469,465.403395622645,455.87934542349353,455.87934542349353,7921508
2015-06-30,449.50341796875,459.3363001063394,449.50341796875,458.5691759887967,11759151
2015-07-01,455.4808349609375,458.6687839829332,451.29661576621345,451.9939957662758,6410560
2015-07-02,451.595458984375,455.56050406828217,448.6406389328491,454.2853184256565,5290627
2015-07-03,450.5993347167969,461.2591147567574,450.3004748813269,458.2703947907309,5344884
2015-07-06,452.5917053222656,454.4845851655871,446.41503712681066,447.3116468193804,7774000
2015-07-07,443.8247985839844,453.9864559652185,443.8247985839844,452.19320621409406,8204428
2015-07-08,459.1669006347656,459.7646505730637,440.6936274411911,445.7176638357703,10769102
2015-07-09,465.4432373046875,466.7383368573558,458.2702987286738,459.3661685670683,9619258
2015-07-10,472.1180114746094,475.2063607803716,467.83419271046535,475.2063607803716,8568832
2015-07-13,482.4789123535156,483.475152131576,474.2101343567445,482.0804225228565,10700696
2015-07-14,481.1838073730469,483.27591696392943,479.520073585218,481.58229719920905,6372859
2015-07-15,483.3756103515625,486.5635597813602,479.6895105702649,480.685750467607,6226101
2015-07-16,483.5748291015625,486.8624389297881,481.98083922146776,484.1725791069515,6833569
2015-07-17,480.5860595703125,485.10899664457736,479.4901897413728,484.77027877069145,5379750
2015-07-20,479.7890930175781,484.3917160219985,479.25111501361994,482.9770421309458,4734263
2015-07-21,471.6199035644531,481.7018452264218,470.9225539634116,481.18381148826313,7269577
2015-07-22,468.0335083007813,471.8192382873819,466.9874685324006,468.33239852234,9017552
2015-07-23,463.15185546875,472.118013253099,462.6537355918417,470.9225437902138,8708571
2015-07-24,460.16314697265625,467.1368254125189,459.4657973703651,461.0597566915021,4893064
2015-07-27,456.9752197265625,460.5616587730292,455.9789799019158,458.2703193374726,7166300
2015-07-28,458.9676818847656,461.7571411263404,455.6800723470252,458.9676818847656,8135591
2015-07-29,467.834228515625,467.834228515625,458.9677001420335,459.0672998024032,9090316
2015-07-30,471.3210144042969,478.0954322930542,468.332295264641,472.217624065629,9652178
2015-07-31,478.3943176269531,479.68941707995464,471.4206397047108,473.4131191110657,8417188
2015-08-03,474.309814453125,479.789133810506,472.1180745490413,476.6011540232621,9206493
2015-08-04,472.2176818847656,475.9037814361361,470.4244623425365,475.3060314544507,13354512
2015-08-05,471.7195739746094,475.80416348346614,468.4319945958963,472.8154439017897,10716696
2015-08-06,469.7270812988281,471.9188210927424,467.33611177999336,470.7233211319116,6778990
2015-08-07,469.7270812988281,471.42070117620074,467.13685165224587,470.3248312792436,5352833
2015-08-10,471.3210144042969,473.8116136873435,464.8454562683758,473.01460367507457,5493049
2015-08-11,465.7421569824219,472.416976527045,464.8455471458023,471.6199663589604,4892360
2015-08-12,458.270263671875,467.1875940708686,455.6800343618607,463.3510922409756,16512934
2015-08-13,465.4432373046875,466.93759697445495,461.45827818530773,463.0522375107994,5954421
2015-08-14,466.5390625,471.2214014834815,463.7496033627075,465.841712917089,7056844
2015-08-17,467.0372009277344,471.3210502621817,465.3436115281092,469.02968050575856,4814940
2015-08-18,466.04095458984375,467.93383448462816,464.4469952720835,465.6424647604037,7390914
2015-08-19,457.7721252441406,466.6137522551128,457.47326550630686,465.9413026435761,5186788
2015-08-20,455.1818542480469,459.6649323208828,454.18561467630553,454.98262457539,5814388
2015-08-21,443.02789306640625,455.1820015327017,443.02789306640625,450.0015723250906,6560127
2015-08-24,430.3755798339844,438.1462378643013,417.72332261754974,433.16503902363024,16650742
2015-08-25,443.2270202636719,444.7213797591008,433.8623735062146,435.755222786527,10226429
2015-08-26,435.1574401855469,444.4224866022021,433.3642210870043,438.2457889910986,9799837
2015-08-27,444.2233276367187,446.3154373297673,439.7402484671117,443.2270878212505,7631622
2015-08-28,450.49957275390625,450.49957275390625,442.52965571555546,444.0240151602462,6100796
2015-09-01,442.9281921386719,445.91691134284264,440.1387026397515,441.1349423744751,10584227
2015-09-02,443.72515869140625,448.0090076661928,441.13492937687863,443.4262989409244,7046232
2015-09-03,451.0973205566406,453.28906004104505,448.0090018324652,448.7063513754502,5292172
2015-09-04,441.234619140625,447.9094382310446,440.138749235848,446.91319839085224,5327654
2015-09-07,438.8435974121094,445.71764541132575,437.2496077768128,444.8210357423538,5742286
2015-09-08,442.1312255859375,446.7139348968691,441.2346158170834,441.2346158170834,4256533
2015-09-09,448.0090942382813,450.10117370156854,444.1237343142817,448.6068138547468,5784116
2015-09-10,441.533447265625,446.6142454141088,439.9394576648275,445.6180057139633,6269293
2015-09-11,450.00152587890625,450.5992454314092,437.6979583761261,443.3267071162504,11640797
2015-09-14,448.8060302734375,456.1781987190065,448.0090505939047,452.2928695763388,7549956
2015-09-15,451.695068359375,453.5879176855945,444.7213905449075,449.9018490824981,6831841
2015-09-16,450.10113525390625,454.7954228458564,446.6142959091682,452.6913648477055,7504580
2015-09-17,442.43017578125,451.4879696242448,442.43017578125,450.7985854302171,7500495
2015-09-18,438.7440185546875,442.1312279231681,427.4865205469302,440.3380083759805,15164113
2015-09-21,436.4526062011719,440.0390750994359,435.6555962222121,437.5484759204778,4729261
2015-09-22,423.9000244140625,436.9507715517937,423.7007642978611,436.353021606015,7352881
2015-09-23,429.77783203125,433.0654415241481,422.106804020138,423.6011636797757,6003763
2015-09-24,427.3869323730469,430.6247121637518,425.6933123213923,429.2797821701237,10639603
2015-09-25,438.3454895019531,438.7439793209355,430.7740613299909,432.9658009386304,7681956
2015-09-28,442.8284912109375,444.5221106500372,435.45632443444634,438.1461530460047,11529669
2015-09-29,435.2572021484375,441.23464149239265,434.2609622577783,437.54857213865085,6743357
2015-09-30,446.0165710449219,447.9452655179581,441.3342318193425,441.3342318193425,7774872
2015-10-01,441.9319152832031,453.3886712701967,439.7401758897802,449.40371266602506,8858946
2015-10-02,443.5259704589844,448.20827927029853,438.64437112401146,442.52973066047167,6721032
2015-10-05,457.6725463867187,458.6687861613536,449.2045083023218,450.2007480769568,7159180
2015-10-06,459.3662109375,460.1631906737567,455.90427130265584,459.3662109375,4172579
2015-10-07,461.0597534179687,465.0447124981684,457.9714344530741,460.1631437054888,5139602
2015-10-08,465.54290771484375,467.3361578328027,459.3662383827539,459.3662383827539,5803883
2015-10-09,467.2364501953125,471.4206693731169,465.5428304321953,468.23268996118736,4969571
2015-10-12,461.1593933105469,467.336092177715,457.87181416039897,466.5390821029824,5410341
2015-10-13,458.5691528320313,461.75713224925096,453.8868441663443,459.36616288774866,5806333
2015-10-14,448.8060302734375,455.2815889788256,448.20828031237494,454.9827291997073,7899509
2015-10-15,451.3961791992187,453.8867782563731,448.2082002449329,451.9939290534998,5476064
2015-10-16,453.1894836425781,455.68008316842526,450.2007642115616,454.7834734196855,4843320
2015-10-19,449.20452880859375,455.6800876393313,448.4075491136336,451.49589863655063,3978959
2015-10-20,447.3117370605469,450.6989468062745,445.1199970118129,448.50723716037095,4470128
2015-10-21,451.3961791992187,454.08600793925314,446.4528325964598,448.3078302877833,4165886
2015-10-22,445.99957275390625,448.1916882145472,438.0281774603904,443.0102995188378,7401485
2015-10-23,452.3768005371094,459.2521246838433,450.38395119553616,452.177503439565,6733046
2015-10-26,452.1773986816406,455.20057743513337,448.3909979732507,450.782410547416,3949107
2015-10-27,439.7221374511719,453.67208101474273,438.72571291091685,453.67208101474273,12831221
2015-10-28,440.9178771972656,443.11002343937247,433.94290512860834,437.729306373922,7095451
2015-10-29,437.4303588867187,438.1278682055041,431.45181184043105,437.0317951653255,9111493
2015-10-30,438.7257690429687,443.8075409301414,436.5336530190192,437.6297262352278,7905403
2015-11-02,442.3128051757813,443.8074418436934,435.7363977552755,435.7363977552755,4992942
2015-11-03,442.4124755859375,444.30567604391456,440.2203295345141,442.4124755859375,3638852
2015-11-04,446.0992736816406,449.6863776583448,443.4089152906491,444.2060427502582,5449984
2015-11-05,436.3342895507813,446.7130628803798,435.16350290766235,445.50140726296473,7502228
2015-11-06,443.4089050292969,446.6970937346684,435.37571898762434,437.430357995194,10606948
2015-11-09,439.62255859375,446.29858536472506,439.0246977344996,444.4053846508207,5472072
2015-11-10,436.4339599609375,441.4160827915418,432.0496979516986,441.4160827915418,6579323
2015-11-11,436.7328186035156,438.52640083531435,434.1421393939073,436.4339034357795,4412035
2015-11-12,453.37298583984375,471.3086204444969,434.0423635142968,436.4337753798935,23470664
2015-11-13,451.9781494140625,453.47278613143146,446.39816625419274,453.3731376019145,9280500
2015-11-16,463.0384826660156,464.8320346233637,448.1469110433411,448.5903272489979,11563541
2015-11-17,472.10589599609375,473.7998297379314,467.42271928897645,467.8212829904496,9149484
2015-11-18,474.89593505859375,479.1805483559736,469.2163030983802,471.4084492184361,6337688
2015-11-19,482.3690490722656,488.24794684028336,475.9919391135945,475.9919391135945,11945431
2015-11-20,490.2409057617187,497.628399244328,483.7641458278749,488.8459173961225,9522480
2015-11-23,495.2229919433594,500.2051145987251,487.55051089071065,490.4401663575936,15235414
2015-11-24,498.71044921875,500.7032981666771,490.0415441318826,495.12331503078894,8546098
2015-11-25,505.6853942871094,509.6710919760718,498.7104233314251,501.2014843870266,9519860
2015-11-26,517.1444091796875,520.1336832211886,506.1837376941835,507.1801623746839,6178941
2015-11-27,517.6425170898438,519.6353660488037,512.7480926965583,515.6496681308838,4873733
2015-11-30,514.6532592773438,519.1371695711445,514.6173772912144,518.1407450614109,9146511
2015-12-01,513.6568603515625,517.642558589014,510.2939274637128,515.6497094702883,7824821
2015-12-02,511.663818359375,517.1441513700402,511.16560626749634,514.6530909106469,5012372
2015-12-03,507.1800231933594,517.3056753679803,506.3868793393147,510.16929641453834,6964702
2015-12-04,506.6818542480469,507.6782787401768,502.1979440334624,504.19079301772217,7294628
2015-12-07,506.6818542480469,514.155037939021,505.68542975591697,508.6747032323066,4820861
2015-12-08,500.2050476074219,507.1800183907922,498.21219881217314,506.6818061919801,6566647
2015-12-09,500.2050476074219,503.19432080029486,498.21219881217314,501.2014720050462,6366392
2015-12-10,496.9169006347656,504.1907871797046,496.7176035752624,499.2086647767431,6784675
2015-12-11,488.7462463378906,498.2122796512646,486.4544820148805,496.9169398875571,6561968
2015-12-14,481.6716613769531,495.92055186998226,480.57558819926373,489.144846122381,5090318
2015-12-15,488.248046875,491.23732063137754,483.36557248794304,485.45807019910035,5753737
2015-12-16,490.6394348144531,491.33694415214256,484.3619724091023,487.3512460132624,5673520
2015-12-17,494.5254211425781,497.5146943642543,492.9311664177853,496.7175670018579,5335985
2015-12-18,490.7390441894531,499.7068642863162,488.2479830514356,490.34048048906254,11637138
2015-12-21,491.6358337402344,498.2122414085192,488.44729364029706,488.74620882175736,5525370
2015-12-22,491.8351135253906,505.1871950444795,484.6608453377059,494.2265261184652,4996547
2015-12-23,497.11614990234375,500.2957497961677,494.0272280388306,494.724737314239,4025003
2015-12-24,495.5219421386719,499.7069376281563,489.2444793129107,499.7069376281563,797148
2015-12-29,505.1871643066406,506.1835886938332,496.16953576593136,498.71040578988885,4504361
2015-12-30,503.6924743652344,506.30808810451975,501.0260480962064,505.68532292849943,2370524
2015-12-31,497.8136596679687,504.1907700453482,497.8136596679687,501.2014967051584,1078152
2016-01-04,491.7354431152344,494.7247163256613,486.55402405377714,494.7247163256613,5657846
2016-01-05,492.2336730957031,497.31544381866667,485.956211290458,494.3261705002717,5480159
2016-01-06,510.6675720214844,511.663996552258,493.9276520678728,497.4151379255805,12583509
2016-01-07,503.6924743652344,508.1763836325807,497.81357718529375,500.2049893795206,12108645
2016-01-08,517.6425170898438,532.0906720423033,505.6854233360841,508.176484534784,15995319
2016-01-11,524.617431640625,533.9738710858883,518.1406732253087,521.6281585258636,13037683
2016-01-12,519.6354370117188,528.60325855171,518.1408000883869,525.6139847050463,10389877
2016-01-13,522.6246337890625,525.6139071949103,518.6269549807415,522.1264215547545,14387981
2016-01-14,516.6461791992188,518.1408161689368,510.169418997107,517.6426038456974,8499615
2016-01-15,511.663818359375,522.1262722888266,507.1799095324671,517.1441513700402,11997319
2016-01-18,507.1800231933594,517.1442672639558,505.6853865827699,510.66750861806815,6245768
2016-01-19,504.1907348632813,510.1692811264822,498.21218860008025,507.6782201834818,10798850
2016-01-20,488.248046875,495.72123126594386,485.45807019910035,495.22301897321427,11019907
2016-01-21,477.4866027832031,490.3404719498325,475.9919661264216,487.9490593806741,16432833
2016-01-22,490.9382934570313,492.73184513843904,479.8779769991279,483.265813735375,10254761
2016-01-25,494.02728271484375,496.5183441049115,489.344105546595,494.2265797894349,5920452
2016-01-26,500.7033386230469,503.1944000092312,490.2408808010728,490.340529338213,9503208
2016-01-27,505.1871643066406,505.1871643066406,496.9168540563258,503.1943155322555,10379774
2016-01-28,503.6924743652344,510.6674443366619,501.20141366115314,505.68532292849943,10017985
2016-01-29,514.155029296875,515.1514537722566,503.6925723053688,507.678270206895,10289432
2016-02-01,507.1800231933594,518.1406916710155,501.6996889545313,518.1406916710155,6903654
2016-02-02,499.2087097167969,506.1836817088479,494.1269383266096,506.1836817088479,7431745
2016-02-03,484.5611572265625,500.20503194273664,480.2765446143408,499.20860757631687,12033109
2016-02-04,488.0486450195313,491.53613031994,479.2801227133155,489.9418756522343,7296716
2016-02-05,477.287353515625,488.84588423360424,475.9920137801163,488.0487263584373,11362651
2016-02-08,465.8284912109375,480.0773505434155,463.7359935109708,479.2802230426972,8941423
2016-02-09,468.2199096679687,474.19845721957114,463.73599900426694,467.1238365351486,9391191
2016-02-10,468.8177490234375,476.29093312051674,467.22346366770114,472.3052349354078,6701911
2016-02-11,458.056396484375,464.9317200781547,453.77175249950847,464.9317200781547,8393480
2016-02-12,465.4298400878906,466.42626448096746,457.6577115768156,460.2484210805073,8730406
2016-02-15,479.9776916503906,481.5719465164362,471.1094893135847,475.59339954337815,6635560
2016-02-16,486.2551574707031,486.2551574707031,479.9776952651016,483.3655324936558,6561088
2016-02-17,497.5147705078125,497.5147705078125,486.0558880709633,486.6537488884918,11137502
2016-02-18,503.19439697265625,509.67115653765086,500.70333560150453,507.1800951664991,7663897
2016-02-19,503.6924743652344,508.1763836325807,499.2085650978881,503.6924743652344,6374492
2016-02-22,508.1764831542969,510.6675443462297,505.1872097239775,506.18363420075065,3513783
2016-02-23,506.6818542480469,511.4138975148708,504.4558331749916,505.68542975591697,5198326
2016-02-24,501.6997375488281,506.68186006669134,499.7068885416828,505.1872233113324,6106422
2016-02-25,510.6675720214844,512.1622088176448,504.3861261322822,508.6747229599371,6232226
2016-02-26,510.1693115234375,516.6460703611374,508.7494188647106,516.1478581428528,4597269
2016-02-29,511.165771484375,511.165771484375,504.6890121965613,506.1836489552875,6088609
2016-03-01,509.17291259765625,512.6603983003799,504.59236431584753,510.66754932739497,6082231
2016-03-02,502.696044921875,513.6567119072876,501.6996206504739,510.6674390930841,6593491
2016-03-03,497.913330078125,506.1836411860876,495.123323259581,503.1943677145162,8299955
2016-03-04,505.1871643066406,505.68537650023694,496.3189933423184,500.703254564274,6182612
2016-03-07,498.71044921875,505.6854205364948,496.71760027082297,503.6925715885677,4997466
2016-03-08,494.924072265625,499.2086855470547,493.2301384147547,494.52547813003446,5896053
2016-03-09,499.2087097167969,501.69977114252936,494.1269383266096,496.9169453685088,4781824
2016-03-10,492.3333129882813,506.681818583284,492.3333129882813,498.7104232073424,10949682
2016-03-11,494.7247924804687,500.205127543193,494.22658020203926,496.8172901315654,5143109
2016-03-14,495.72119140625,501.2015261856156,493.5290453311187,494.8244154331373,8578868
2016-03-15,495.4222106933594,495.5218288039476,486.75330648007485,492.23364053461,4691812
2016-03-16,500.2050476074219,501.2014720050462,495.0236285763915,495.9204348610209,6161938
2016-03-17,504.1907348632813,510.1692811264822,498.21218860008025,503.69252267468113,7871417
2016-03-18,495.3226013183594,506.1836217667007,494.9240376191329,503.19434840981074,9075898
2016-03-21,495.82086181640625,499.3581568030573,492.3333758938349,494.3262249924471,5910653
2016-03-22,497.0165100097656,498.0129344728233,490.2408358243582,493.23010921353114,6176007
2016-03-23,504.1907348632813,505.68537142908144,496.61790351486826,498.21218860008025,5176303
2016-03-24,496.7176513671875,502.6961988259701,496.5183542885088,500.70334967304257,4819507
2016-03-29,505.1871643066406,506.1835886938332,497.6701324047002,497.7139814026962,6137902
2016-03-30,510.1693115234375,513.905903160572,508.6746748685837,509.1728870868683,6432028
2016-03-31,507.1800231933594,510.66750861806815,506.141756745769,509.1728720074787,5567709
2016-04-01,499.7068786621094,502.8804882105667,493.9276288190331,502.6961521137272,5592770
2016-04-04,499.7068786621094,505.1872133234087,497.6143811642845,499.7068786621094,4680651
2016-04-05,490.7390441894531,494.1268812554647,487.3512071234415,488.44728010586147,8855856
2016-04-06,492.0343933105469,495.3226123212456,489.1537389126044,492.73190260603315,4393331
2016-04-07,489.84228515625,495.4222683795566,487.98694324319865,493.8279831145458,6503162
2016-04-08,496.3190002441406,498.710412724966,491.03793267350585,491.6357933958271,3954372
2016-04-11,497.2158203125,499.2086692917084,495.0864677464437,495.521886516788,3816205
2016-04-12,499.7068786621094,501.2015153879183,495.5218836664597,498.1125934062208,5218448
2016-04-13,502.1979064941406,505.6853919559055,498.2122088235522,503.19433091178774,4961604
2016-04-14,508.6746215820313,509.67104591421935,501.2014390906204,503.69249992109064,5587096
2016-04-15,510.1693115234375,513.1585848331451,507.67825043201447,508.6746748685837,6883146
2016-04-18,508.1764831542969,510.3267871231243,505.1872097239775,505.6854219623641,5651563
2016-04-19,515.649658203125,517.6425071237168,508.1764747509058,508.1764747509058,6339874
2016-04-20,508.6746215820313,516.1478040734421,506.18356075156095,515.151379741254,7146068
2016-04-21,496.9389343261719,504.9122825530951,487.37091037068205,498.3342641827015,6309022
2016-04-22,487.7695617675781,504.9122722727915,485.27789049739647,494.7462413240867,6371183
2016-04-25,488.2679138183594,490.3609238447813,485.47725406040354,488.2679138183594,5741712
2016-04-26,482.68658447265625,488.83403558671625,481.3600249099927,488.2679346425173,5428560
2016-04-27,486.4739379882813,487.0719452170137,478.9989236689035,478.9989236689035,5691458
2016-04-28,482.3875427246094,483.5835570630171,474.41419491097946,483.4838841321651,5412649
2016-04-29,475.70989990234375,481.1915770789159,474.35146447720575,478.8992515168956,6410031
2016-05-03,474.613525390625,475.7098363467415,467.93583464676834,474.9125137575827,7534921
2016-05-04,476.9058837890625,480.9922307782739,471.92254122073376,475.9092152753968,6744646
2016-05-05,478.9988098144531,480.6931277412386,476.3077931327473,478.69979106320585,4146598
2016-05-06,487.3710021972656,487.3710021972656,476.3827356848968,478.1019953034384,6850136
2016-05-09,489.46392822265625,491.75625370834024,487.8692524684843,490.460596767025,3973255
2016-05-10,489.2645263671875,494.74620273401786,486.573539854833,492.1548587319713,5174883
2016-05-11,488.7662353515625,494.44725807293855,486.3104548285678,488.2679010923509,5992654
2016-05-12,486.17486572265625,495.84256201268374,485.0785547423896,486.3742115822908,4466950
2016-05-13,486.17486572265625,486.3742115822908,479.19818645815616,484.77953595293775,3481374
2016-05-16,488.4672546386719,488.9655889057148,480.7859295164901,483.68322742551373,3020102
2016-05-17,484.6798400878906,490.6598506030573,482.28784196500527,488.9655325399705,4848721
2016-05-18,480.09521484375,483.38420863303423,476.9058635688802,482.4872130919484,5321305
2016-05-19,476.3079223632813,479.2979281915704,472.9192551744026,478.5006054703915,5304598
2016-05-20,481.8892822265625,483.18493927817985,478.5006149704062,480.0952908603364,7206266
2016-05-23,478.1018981933594,482.38756063595144,477.3045451328453,482.38756063595144,4019879
2016-05-24,481.2911987304687,482.6865285071735,475.70984920774185,477.7031861504366,4904961
2016-05-25,479.5968627929687,485.9755346898586,476.0088503459973,484.6798474756125,7198446
2016-05-26,480.6932373046875,480.71218641713665,475.8095674135629,478.5005847086269,4146689
2016-05-27,481.3908996582031,485.27790083934207,479.59690847180354,481.2912267220899,5973266
2016-05-31,481.9888916015625,484.38088991301294,478.699867309398,480.7928772378829,6607854
2016-06-01,486.3742065429687,487.57022085656854,478.40085889472334,480.8925300348,8084555
2016-06-02,491.1582336425781,493.74957787329095,485.7762297270419,486.1748910511725,12694010
2016-06-03,489.2645263671875,493.848203504979,485.1781797196417,492.8525387995669,4987709
2016-06-06,489.9622497558594,492.4539210519979,488.86590830237657,489.862576820832,3823773
2016-06-07,492.3541870117187,494.5468696465542,489.06519347537113,491.5568644622726,5045412
2016-06-08,491.2579345703125,491.85594179853854,486.4739375763264,491.85594179853854,5499520
2016-06-09,483.882568359375,491.15823641757027,483.7828954238019,489.36424524089216,6754919
2016-06-10,477.9025268554687,482.7861962292045,474.6135331018672,481.9888736270912,6656380
2016-06-13,474.7132263183594,476.4075750487045,472.71988918426433,474.11524951085954,8312751
2016-06-14,473.41754150390625,474.7131983985007,466.93919619911594,470.4275359786184,11050852
2016-06-15,476.0090026855469,480.8926734938032,475.7099838099904,477.1053443974207,5579066
2016-06-16,473.8162536621094,476.40759814524506,470.8262478160095,472.5205966284977,7191313
2016-06-17,477.2048950195313,485.2779164498432,474.8128965554157,475.8095651167897,10516367
2016-06-20,493.1515808105469,495.5127070717352,481.889238488958,485.5769242487225,6911831
2016-06-21,494.3475646972656,497.88572562500576,490.0619024116163,491.9555664351379,9209736
2016-06-22,500.825927734375,504.81260178599194,493.77749701422545,497.9355951301346,7180774
2016-06-23,502.3209533691406,506.30963505232813,496.2412690804987,498.8326134151883,7259110
2016-06-24,479.1982727050781,491.6566307768191,465.7432459875979,490.36097370372335,16247983
2016-06-27,467.3378601074219,476.6128570549023,463.25151311704985,468.4342015559474,15461988
2016-06-28,481.78955078125,482.78621928945114,472.1218845012444,476.3078739861437,11675468
2016-06-29,503.81597900390625,503.81597900390625,486.9722856901232,488.2679427081404,11084758
2016-06-30,522.2543334960938,522.2543334960938,500.3276248378608,503.3176305639834,12594551
2016-07-01,528.2342529296875,532.4013536900001,519.7625715147774,523.2509109209169,11116488
2016-07-04,526.7391967773438,535.7092114812153,522.254189425408,533.2175407301398,6819524
2016-07-05,531.2242431640625,535.280690744701,521.755893614234,526.2409012957318,10403103
2016-07-06,524.7461547851562,537.2045155350413,520.7594793451931,529.7294990851103,10407857
2016-07-07,528.2342529296875,533.2175949384582,524.2475793226711,528.7325871305646,5786727
2016-07-08,535.70947265625,537.7028102289245,525.742784792878,526.2411191860465,5367467
2016-07-11,543.6826171875,546.1742882103574,534.7126015052131,541.1909461646425,7663379
2016-07-12,539.1976318359375,543.184305638791,534.2142895823706,540.1943002866509,7180258
2016-07-13,540.1943969726562,543.2182861867659,465.9396033451937,538.699394029005,7230922
2016-07-14,537.7025146484375,544.1808581984187,530.2275028599977,544.1808581984187,6814850
2016-07-15,535.2110595703125,538.6993998095976,532.7193879708232,537.7027311698018,8121097
2016-07-18,532.2210693359375,537.7027470163639,532.1144311415374,535.2110753434428,9857641
2016-07-19,538.6993408203125,538.6993408203125,527.7359869830814,531.7226611057109,6568967
2016-07-20,540.1943969726562,543.6827371745092,536.7060567708032,538.699394029005,5742846
2016-07-21,534.2142333984375,541.1909118196858,533.2175650525448,537.7025726090616,5508555
2016-07-22,530.7258911132812,536.2075669839348,527.2375519228652,536.2075669839348,5434578
2016-07-25,531.2242431640625,532.2209115377286,523.7492303615663,529.7292406035633,6677883
2016-07-26,532.7193603515625,534.2143632337464,527.7360174109492,533.2176946456239,9048453
2016-07-27,537.7025146484375,541.1380514791987,533.2175075753736,534.2141758138323,7702055
2016-07-28,536.2078247070312,545.6761784890327,535.798183115954,543.1845064411376,9978842
2016-07-29,532.2210693359375,540.6927530238692,531.2244006667692,538.6994156855322,9994243
2016-08-01,529.2310791015625,536.2077599936734,526.73940735438,533.7160882464909,7984367
2016-08-02,524.7461547851562,533.7161745250735,522.702995788543,532.7195056650827,6311118
2016-08-03,521.2577514648438,525.7427607986713,518.8249039945779,525.244426428246,4851893
2016-08-04,526.240966796875,527.2376352945963,513.2842763264973,521.7559585571289,10029098
2016-08-05,529.2310791015625,530.2277478004355,523.2510669083244,526.2410730049435,4458536
2016-08-08,523.749267578125,531.7226151340242,522.7525991336377,531.2242809117805,6134088
2016-08-09,523.2510375976562,525.7427092052641,521.2577003115699,523.7493719191779,4252558
2016-08-10,519.7625732421875,523.569853849359,517.7692364320545,522.752578457387,7418298
2016-08-11,525.244384765625,525.244384765625,517.7693698021674,520.2610414566533,6976762
2016-08-12,529.7291870117188,533.2175259666407,524.7458456475446,526.2408480567967,10467682
2016-08-15,531.7227783203125,532.7194470706786,524.7460970677498,531.2244439451295,6496153
2016-08-16,519.7625732421875,530.7259256979191,519.2642390396543,530.7259256979191,7161645
2016-08-17,520.75927734375,522.7526142905203,514.779266503439,519.2642746336722,9521455
2016-08-18,525.74267578125,526.24101007109,521.2576671726896,523.2510043320498,4622050
2016-08-19,527.2377319335938,529.7294036346032,522.0470736595769,524.7460602325843,8453073
2016-08-22,526.7391967773438,529.7292016786342,522.254189425408,527.2375309275589,4640141
2016-08-23,530.2276611328125,532.2209982047403,527.7359897929026,531.2243296687764,4015771
2016-08-24,528.7327270507812,531.2243987145456,525.2443867215113,526.7393897197699,5082372
2016-08-25,526.7391967773438,529.2308675284191,523.2508577258382,529.2308675284191,5225267
2016-08-26,538.6993408203125,540.3099849051646,531.2243268403822,533.2176639016969,8069042
2016-08-30,536.2078247070312,541.1911688028215,534.7128214782941,540.6928343932425,6050960
2016-08-31,536.7059936523438,536.7059936523438,532.1023633030547,536.2076593963992,7893367
2016-09-01,537.7025146484375,542.6858558407307,535.7091781715202,537.7025146484375,7616017
2016-09-02,546.1742553710938,549.1642604187457,537.7025744027466,538.6992427519639,11839514
2016-09-05,553.6494140625,555.6427512868474,547.0315198780287,547.6694023894577,7677161
2016-09-06,548.1676635742188,555.6685915221816,545.6759923761541,553.6493402099609,11219605
2016-09-07,550.6592407226562,550.6592407226562,545.1845606808412,546.1742333321549,7732948
2016-09-08,548.6659545898438,553.6492965933845,547.987193236383,551.1576255916141,9762604
2016-09-09,546.1742553710938,552.6525996410064,543.1842503234418,548.1675920695284,7578981
2016-09-12,543.1842651367188,543.2450361149915,537.2042548783328,540.1942600075258,6185817
2016-09-13,542.6859741210938,548.1676506273675,541.1909714375646,543.1843083489368,9120330
2016-09-14,544.6795043945312,546.6728420135414,542.1878323707685,544.1811699897787,7687587
2016-09-15,546.6726684570312,548.0032427947536,542.3520886400543,544.1809972243192,7653259
2016-09-16,532.7193603515625,544.5707377731466,529.5599379601241,544.1810491149731,19789882
2016-09-19,540.1943969726562,540.6927312872067,534.7127195126016,534.7127195126016,5962181
2016-09-20,542.6859741210938,547.1709821716813,537.7026318426631,540.1943029818784,6970731
2016-09-21,531.7227783203125,545.1778064502548,529.9158295556107,544.6794720750718,8451831
2016-09-22,535.70947265625,536.2078070494186,529.7294599382268,534.2144694767442,9387206
2016-09-23,522.7526245117188,536.2076491654999,522.0529369503771,536.2076491654999,10109755
2016-09-26,517.7692260742188,522.2542338072967,516.7725576890904,521.7558996147325,7495141
2016-09-27,518.2676391601562,523.2509818443885,514.7792992811936,521.7559790391189,7642599
2016-09-28,524.2476806640625,525.7426835556901,517.2710005031339,517.2710005031339,5470383
2016-09-29,522.2543334960938,530.2276820990876,520.7593306330324,527.2376763729649,5963775
2016-09-30,522.2543334960938,523.251002071468,514.7623471023857,517.2709906192226,8112489
2016-10-03,529.7291870117188,532.2208576938058,520.7591725562052,524.2475115111271,7026618
2016-10-04,543.6826171875,546.6726224149289,530.7259278686412,531.2242620732126,15676664
2016-10-05,536.2078247070312,544.6795096698746,534.7128214782941,542.1878376219795,8340255
2016-10-06,535.2110595703125,540.6927370891891,534.2143909305167,538.6993998095976,9098339
2016-10-07,538.6993408203125,540.6926778816273,530.236600587191,534.7126666976831,12203493
2016-10-10,545.6760864257812,547.6694237277932,533.7678913301801,542.1877461472602,8104971
2016-10-11,542.1876220703125,547.1709641849293,540.8570478262571,545.6759615505442,6203686
2016-10-12,539.1976318359375,543.184305638791,537.7026291598675,540.6926345120075,5981984
2016-10-13,534.2142333984375,539.1975751279006,530.7258941878133,538.6992409549542,6657149
2016-10-14,541.1910400390625,542.1877086210866,525.1596039977494,534.2143599648941,8621494
2016-10-17,539.1976318359375,541.689302962721,534.9617909204056,538.2009633852241,7271664
2016-10-18,544.1810302734375,547.1710359342806,540.6926903357872,540.6926903357872,8259101
2016-10-19,551.656005859375,552.1543401013437,541.1909867780319,545.6759949557503,8679556
2016-10-20,539.7799682617188,548.3526267083096,537.7863211028574,544.2656743691568,6269778
2016-10-21,537.7862548828125,547.8541474588443,535.7926079694379,538.7830783394998,5180975
2016-10-24,538.2847290039062,543.2688468650535,537.2879054316768,537.7863172177915,5773616
2016-10-25,538.7830810546875,542.19621578238,536.2910224004105,539.7799045163982,6817820
2016-10-26,539.2814331054688,539.2814331054688,532.3036696456937,536.7893747269777,6811661
2016-10-27,542.27197265625,544.7640313541187,534.7021009963663,536.7894435209387,9300358
2016-10-28,540.7767333984375,542.7703803418419,534.6063936749499,541.7735568701397,5828657
2016-10-31,540.7767333984375,541.7735568701397,534.9851914614989,537.786262983331,6389295
2016-11-01,536.7894897460938,542.7704311360224,534.7958426161175,541.7736075710343,4720148
2016-11-02,533.3004760742188,535.1047238493426,530.3100061149241,534.2972993939836,5003747
2016-11-03,532.8021240234375,542.2719466206735,532.5010814002677,539.2814763268095,10396682
2016-11-04,537.287841796875,538.2846652510436,530.8084893447791,533.7989597072849,8138214
2016-11-07,548.2528686523438,550.5725029818714,541.2751048694957,542.7703399658203,11242654
2016-11-08,546.2590942382812,551.4326088965605,545.7606826559471,546.2590942382812,9718162
2016-11-09,583.1417236328125,585.1353705512153,546.2592556423612,549.2497260199654,30749057
2016-11-10,610.0559692382812,629.4940270816578,586.1322057387408,591.6147348740521,25657579
2016-11-11,588.624267578125,612.541034458478,585.1353853824884,607.5639137830096,18381501
2016-11-14,591.6146850585938,603.078154103537,589.1226265705626,594.1067435466249,10522257
2016-11-15,598.0941772460938,605.0719426472982,591.6148236592611,597.0973536173503,12115333
2016-11-16,597.5956420898438,601.0845240703516,593.6083483978348,598.0940538013449,9256620
2016-11-17,595.1034545898438,601.0843938319528,592.1129849687893,600.0875706249345,10899731
2016-11-18,591.6146850585938,595.1035669418374,585.633744687319,594.1067435466249,11013396
2016-11-21,595.6019287109375,597.0971636784127,586.1321072502615,591.6146354643371,6025188
2016-11-22,594.1068115234375,602.0813995975776,591.6147527502687,601.5829878429439,6148658
2016-11-23,601.084716796875,602.5799524107977,595.6021862124923,596.5990099551074,7915522
2016-11-24,606.5670776367188,607.0654893685485,601.0845485865923,603.078195513911,5194943
2016-11-25,602.0813598632812,608.0623005241748,599.5893012545756,606.5670653589514,5845294
2016-11-28,601.084716796875,603.5767761534127,595.6021862124923,600.5863049255676,6085336
2016-11-29,599.58935546875,601.5830025359778,592.6115907334529,601.0845907691709,7996393
2016-11-30,598.5924682617188,606.0686439685678,597.0972331203488,603.5765853996181,11490350
2016-12-01,596.100341796875,597.5955767679374,588.1257552845423,597.0971651109165,8825196
2016-12-02,592.1131591796875,595.103629680595,583.6401594271163,593.10998267999,7175179
2016-12-05,598.0941772460938,600.593233065835,590.1195882161459,592.6116472880046,9717615
2016-12-06,596.5989379882812,600.0878206665753,589.6211726316932,599.0909970442056,8023227
2016-12-07,602.5798950195312,607.0656014340688,596.3497472215626,601.5830713718562,11027847
2016-12-08,602.0813598632812,609.059123967657,596.3496250632583,605.5702419154692,8352163
2016-12-09,598.5924682617188,604.573408827198,593.6083511238193,600.5861151168784,6880119
2016-12-12,584.1384887695312,602.0813092436807,581.9434574480986,599.5892508444933,17160360
2016-12-13,595.6019287109375,597.0971636784127,579.8621105228383,585.1352839386115,11389338
2016-12-14,587.1290893554688,593.1100308429608,585.6338539835957,592.1132072617122,9569105
2016-12-15,589.1226196289062,590.119443012373,578.6559741025044,579.6527974859712,10400793
2016-12-16,590.617919921875,596.1004491363396,587.6274494412579,587.6274494412579,10073683
2016-12-19,594.6050415039062,595.0964563612679,587.1288674699091,592.6113950948403,7002083
2016-12-20,596.5989379882812,596.5989379882812,589.1227608205083,593.1100553099873,7844880
2016-12-21,594.1068115234375,600.7207452420321,591.6147527502687,594.6052232780713,7494778
2016-12-22,591.1163330078125,592.1579965253629,585.6338037809272,591.6147447557112,7731689
2016-12-23,591.6146850585938,596.2608896117429,588.1258031753501,591.1162733609875,2077267
2016-12-28,597.0972900390625,597.5957018003639,593.6084077099529,596.1004665164597,4286827
2016-12-29,593.1099243164062,596.5988062241498,587.6273956042378,594.6051594197249,3859534
2016-12-30,589.6211547851562,593.1100373578495,584.1386250280669,591.6148019695524,3063525
2017-01-03,589.1226196289062,595.6019716214407,585.6337377867723,589.6210313206396,6012671
2017-01-04,583.1417236328125,590.617899576823,580.1512532552083,589.1226643880209,8970946
2017-01-05,585.6337890625,587.6274360039894,580.6496717087766,582.1449069148936,5603166
2017-01-06,603.0782470703125,604.075070619189,584.2632025852677,584.6370114160964,9658212
2017-01-09,595.6019287109375,607.5638084507387,591.116223808512,605.0717501716135,9031370
2017-01-10,608.062255859375,611.5511376552895,594.1067286757172,597.097198786501,10094456
2017-01-11,608.062255859375,612.5479610255508,606.0686091188525,609.557490914767,9831975
2017-01-12,615.5384521484375,617.033687254871,604.0749829991144,609.0591000205592,12131724
2017-01-13,609.5575561523438,616.0369087524913,605.5702622445606,615.5384970140184,15243942
2017-01-16,609.5575561523438,614.1678647332179,601.0845565983046,606.0686739830335,6148222
2017-01-17,603.0782470703125,612.5480707846397,601.5830117469976,606.5671294913805,6647124
2017-01-18,603.0782470703125,603.0782470703125,595.1036586793001,602.0814235214359,8412076
2017-01-19,600.0877075195312,608.0622949948738,598.0940606506956,602.0813543883669,6616375
2017-01-20,598.5924682617188,603.5765853996181,597.9146356319172,600.0877034030885,7430458
2017-01-23,598.0941772460938,601.583059946696,594.1068827311199,595.1037063598633,4338560
2017-01-24,596.100341796875,602.4062348867091,593.7179194744116,599.0908117389997,7208184
2017-01-25,598.5924682617188,605.5702322547779,597.0972331203488,598.5924682617188,5755771
2017-01-26,594.1068115234375,600.6579570424736,589.1226939771,598.5925173151413,6884692
2017-01-27,590.617919921875,596.1004491363396,588.624272934797,596.1004491363396,5386607
2017-01-30,583.1417236328125,592.113134765625,581.6464884440104,588.1258409288195,7208445
2017-01-31,580.1513061523438,586.1571923781481,578.6560708272089,583.6401885776586,8852403
2017-02-01,580.6495361328125,586.6304755607899,578.1574780378219,585.1352407037956,8741904
2017-02-02,581.6463623046875,584.1384204122483,578.6558925756145,580.1511274401511,9892984
2017-02-03,581.6463623046875,584.6368320337605,581.1479506831753,582.6431855477118,6101680
2017-02-06,586.132080078125,590.735390935448,581.6463753836496,583.6400219145276,4967130
2017-02-07,596.100341796875,596.8479592824062,586.6305203134798,587.6273436275214,7586799
2017-02-08,597.5956420898438,600.5861123588505,593.4378711498335,596.1004069553404,8237757
2017-02-09,598.0941772460938,604.0751190185547,594.6052945454916,598.0941772460938,5430285
2017-02-10,610.0559692382812,613.0464396757238,599.0909109676585,601.5829696655273,13712461
2017-02-13,614.0433349609375,618.0306293438007,608.2418143329174,611.05286417379,10005199
2017-02-14,603.5764770507812,614.8903965863263,601.5828305535036,614.0431211614884,7924739
2017-02-15,606.5670776367188,607.5639011003781,601.582960318422,605.0718424412297,5423588
2017-02-16,601.5828857421875,607.2049839821797,599.0908273919713,604.0749440924037,5212353
2017-02-17,604.5733642578125,611.0527160594214,601.5081202757207,602.5797175496251,6025603
2017-02-20,610.0559692382812,612.54802793615,606.0686753216911,606.0686753216911,4173363
2017-02-21,606.5670776367188,611.900058830786,605.5702541730594,611.5511949550155,8725389
2017-02-22,603.5764770507812,610.5542397912527,599.0907724319068,609.0590049182945,8567397
2017-02-23,607.5639038085938,623.5130792982369,605.071845138337,610.0559624788505,14861992
2017-02-24,613.04638671875,614.5914508097055,606.0686229674797,611.0527399326728,8488733
2017-02-27,616.0369262695312,618.5289850327575,610.0559852377883,616.5353380221766,8255079
2017-02-28,627.9987182617188,632.4844233921597,620.6820080121299,625.5066598559183,16144607
2017-03-01,636.4716796875,636.9700913395653,627.5002699503231,628.9955049065192,10089050
2017-03-02,648.43359375,648.9320054285165,634.9764784300538,637.4685368226365,11913543
2017-03-03,641.4558715820312,648.4336355308645,636.9701661863527,648.4336355308645,8772083
2017-03-06,641.4558715820312,645.9415769777098,637.9669896076146,641.9542832926622,6984397
2017-03-07,641.954345703125,644.9448162576426,639.9606986667799,640.9575221849524,7299363
2017-03-08,647.4368286132812,650.4272989532964,639.2628641823181,639.9606527632434,7301177
2017-03-09,640.9574584960938,649.9288692682009,638.9638116578477,649.9288692682009,10256552
2017-03-10,634.9766235351562,643.2004181099836,633.9797999503287,641.9543886289492,10754078
2017-03-13,632.9827270507812,638.7234040710811,632.9079531431139,636.4716082235021,5789439
2017-03-14,635.97314453125,637.9667907523511,633.1322230026826,634.9763214206995,4996151
2017-03-15,638.9638061523438,640.4590412681449,635.4749242154745,638.9638061523438,6207147
2017-03-16,642.9511108398438,644.4463459813318,638.963817129209,642.4526991260144,8193416
2017-03-17,644.4463500976562,644.4463500976562,639.4622329275275,643.4495266636304,13482902
2017-03-20,646.9384765625,649.4305354090428,642.9511824080316,644.4464177159573,5829744
2017-03-21,642.45263671875,649.9288116999612,639.4621667262655,647.9351650383048,7591126
2017-03-22,642.45263671875,642.45263671875,633.4812267412965,640.9574017225077,13406368
2017-03-23,650.4274291992188,650.4862627237521,637.9671336206897,642.9512518521012,9632348
2017-03-24,650.92578125,654.9130754689893,645.9416634762634,650.4273694726263,9590719
2017-03-27,638.9638061523438,649.9288636682186,636.4717476260086,648.9320402576845,14808463
2017-03-28,648.43359375,649.430417107033,641.4558302507686,642.4526536078017,9740353
2017-03-29,645.4431762695312,653.4177637755641,642.951117673896,650.4272934608018,7136529
2017-03-30,652.919189453125,653.1683952506262,643.4493691480797,645.9414271230917,8063393
2017-03-31,640.4590454101562,653.4177498309065,640.4590454101562,652.9193381224161,12996170
2017-04-03,632.9827270507812,645.4430169533557,630.6003050195068,645.4430169533557,10617811
2017-04-04,638.4653930664062,640.4590398831632,632.73365846823,632.9828643203247,6452515
2017-04-05,633.4813232421875,642.9511463276333,631.9860880181698,641.4559111036156,7977926
2017-04-06,631.9860229492188,635.9733164694031,627.5003177390114,628.4971411190575,6934884
2017-04-07,646.9384765625,651.424182486277,633.4813587911691,635.9734176377119,13207728
2017-04-10,639.9605712890625,650.1480764132516,638.4653363094152,646.4399228675344,6569151
2017-04-11,639.4622192382812,643.9977535977496,637.4685724129087,637.9669841192517,6536522
2017-04-12,644.4463500976562,651.4241141358366,637.9669977764887,641.4558797955789,10283775
2017-04-13,640.9574584960938,645.4431638821474,637.4685765291632,644.4463404630243,7538989
2017-04-18,634.4782104492188,643.9480344857742,631.4877397008328,642.9512109029789,10788304
2017-04-19,628.4971923828125,637.9670152656622,627.5003689214599,634.9765448816044,7459860
2017-04-20,617.6565551757812,628.823239530457,614.1669701182909,620.1491159311315,7727558
2017-04-21,618.6536254882812,630.8173350497335,615.1640401712643,616.1610645475548,11565558
2017-04-24,626.6298828125,634.1873453753091,623.6388093861873,631.6150051896877,7261166
2017-04-25,628.623779296875,631.6148519977324,624.1371702455888,628.623779296875,9287216
2017-04-26,635.6029663085938,637.0985026999081,624.1371873085171,628.125284352022,8382320
2017-04-27,629.122314453125,635.1044600739154,625.632729507664,632.1133872635202,14109819
2017-04-28,625.1342163085938,641.834372804876,624.6357041743764,629.6208255165502,8048292
2017-05-02,636.5999145507812,636.5999145507812,622.6415765653295,627.1281852035104,7490683
2017-05-03,634.1073608398438,636.3506651824375,631.116288383052,635.6028970682396,4615933
2017-05-04,633.60888671875,638.594007778693,630.6178140827842,634.6059109307387,4692589
2017-05-05,645.5731811523438,647.0687174793376,632.1133542093992,635.1044268633868,5964268
2017-05-08,637.5969848632812,643.5791301473777,635.602936435249,642.0835938263535,5489698
2017-05-09,641.0865478515625,645.5731566623433,637.5969632209552,637.5969632209552,6391484
2017-05-10,638.5940551757812,643.5791766057249,633.1104216028432,638.5940551757812,6937741
2017-05-11,639.092529296875,639.092529296875,633.1103839368419,635.1044323901863,8182050
2017-05-12,638.0955200195312,640.0895685195923,632.1133745193481,639.591056394577,5852841
2017-05-15,633.60888671875,641.6648593906059,632.1133504007671,640.0895440966759,6741067
2017-05-16,641.0865478515625,643.5791083019963,631.1163060498275,634.6058906804348,6310273
2017-05-17,636.5999145507812,641.5850352598711,632.7962650156047,640.0894990471442,6486750
2017-05-18,633.60888671875,637.5371645481263,624.6356688108527,636.1014472487215,9924507
2017-05-19,638.0955200195312,643.1304803114791,629.6208138942718,635.602959394455,10217901
2017-05-22,639.5911865234375,644.760755877486,638.0956498441153,640.0896987498783,5672270
2017-05-23,639.5911865234375,644.0777965614039,639.0926742969968,639.5911865234375,5568926
2017-05-24,648.0657958984375,660.0300875150241,640.5881136380709,640.5881136380709,11352097
2017-05-25,654.0477905273438,656.0418386691954,648.0656461017887,649.5611822081776,5866820
2017-05-26,663.51953125,665.5135794280616,654.5463144487227,655.0448264932381,7878114
2017-05-30,663.0211791992188,664.6163937852011,659.0330818807272,661.5256427047844,7263829
2017-05-31,663.51953125,666.6950505394223,660.5284589829075,664.0180432945153,8534338
2017-06-01,670.997314453125,674.985411418671,666.0121932461924,668.0062417289654,9106779
2017-06-02,668.0062255859375,674.4868829983384,665.2344690521707,673.489858781046,5843671
2017-06-05,669.5017700195312,670.4987942488976,664.5166488726993,669.5017700195312,5049845
2017-06-06,671.4959716796875,671.6804187700606,667.0093616239212,670.997459451269,6621653
2017-06-07,665.5137939453125,676.4810624597671,663.5197451245026,671.4959404077423,7886922
2017-06-08,659.0330200195312,669.7809704936894,657.5374836654778,667.5077260258338,10614520
2017-06-09,674.9853515625,674.9853515625,656.5404047325055,659.0329651149373,14399911
2017-06-12,665.0152587890625,673.489965985025,661.5256734730779,671.9944294210317,7040705
2017-06-13,657.5374145507812,664.5165834694401,654.0478300914518,664.5165834694401,9775850
2017-06-14,657.5374145507812,662.0240231413476,656.0418783539258,657.0389024851628,10429193
2017-06-15,655.044921875,660.5285551631468,649.5612885868532,658.5345066947299,8752653
2017-06-16,670.997314453125,670.997314453125,656.0419508323273,657.537487194407,14085421
2017-06-19,674.4868774414062,677.3114548149765,668.5047321869371,674.4868774414062,737476
2017-06-20,673.4896850585938,680.3043657332537,673.4896850585938,676.4807569389428,635304
2017-06-21,674.4868774414062,677.97646217318,671.4958048141716,675.9824137550236,875612
2017-06-22,662.5225830078125,675.4838976490489,657.5374619919523,673.9883613442909,1419463
2017-06-23,648.0657958984375,658.0360389122596,647.4945029210586,657.5375267615685,1164986
2017-06-26,648.9131469726562,650.1095881294209,640.5880196194017,648.0657007822741,1709629
2017-06-27,643.1304321289062,648.8633211370804,640.0895205648409,647.5672018798507,1019692
2017-06-28,638.5940551757812,642.5821523197361,635.6029823178151,641.5851280337474,7154885
2017-06-29,633.60888671875,641.0865683086645,629.7852769585035,642.5821046266474,1134181
2017-06-30,631.6148071289062,638.095464187056,630.617782966114,633.6088554544908,993327
2017-07-03,629.620849609375,635.1044832956007,624.1372159231493,634.1074589890143,7436988
2017-07-04,621.6445922851562,627.6267375196566,619.6505438736561,627.1282254167816,6386339
2017-07-05,618.6536254882812,623.1402351815887,617.1580889238454,623.1402351815887,8474053
2017-07-06,611.1757202148438,622.9755213207111,609.1816721880417,618.1548883086512,11327712
2017-07-07,615.6624145507812,617.1579507804593,606.1906850961539,610.1787817086285,9477013
2017-07-10,628.125244140625,630.1192925347223,610.17880859375,619.6505384657119,18519567
2017-07-11,628.125244140625,628.125244140625,628.125244140625,628.125244140625,0
2017-07-12,617.157958984375,625.1341523153524,611.674326069328,622.1430798162359,10753229
2017-07-13,616.1610107421875,621.1461321883216,614.6654743083473,615.6624985975741,9087660
2017-07-14,610.1788330078125,618.1550269033395,607.1877602969898,618.1550269033395,6800085
2017-07-17,611.67431640625,616.1609250840464,562.5878551215686,610.1787801803179,7440096
2017-07-18,611.1757202148438,616.160840281849,609.5107071514486,612.1727442282448,8398796
2017-07-19,609.1819458007812,613.1700436456309,606.8538717765746,612.1730191844185,6821619
2017-07-20,612.1728515625,613.1698757507125,605.8566814229038,610.6773152801811,7939914
2017-07-21,604.6951293945312,613.1698344231438,603.0101561958779,612.6713223626372,8690325
2017-07-24,599.7101440429688,611.1759240205151,597.2175831782847,602.7012170805896,10617644
2017-07-25,602.2026977539062,606.1509360239365,600.2086490858469,601.7041855868914,5010824
2017-07-26,600.7070922851562,605.6922133829584,600.208580175376,603.1996528340574,7127588
2017-07-27,607.1876831054688,608.6832192707532,599.3510882042239,600.7070263892364,8800920
2017-07-28,603.1997680664062,606.1908412964876,601.205719246352,604.6953046814469,6644177
2017-07-31,599.7101440429688,604.6952657723367,599.5905059897468,603.6982414264631,7278692
2017-08-01,605.1937866210938,608.1848597015934,600.4579209103026,604.6952744410105,11948326
2017-08-02,588.742919921875,626.1313356662786,586.7488710821734,622.6417501968009,19169190
2017-08-03,587.7457885742188,592.5414727270869,583.2591795011331,589.7398370511457,9855162
2017-08-04,584.754638671875,588.244223045876,582.5711534437163,585.7516627787323,11202133
2017-08-07,580.7664794921875,591.2352314830338,578.7724314939311,586.2501114873927,8477303
2017-08-08,573.7874145507812,581.265095887238,573.5581184629251,581.265095887238,11969275
2017-08-09,580.7664794921875,582.760527490444,568.802191502649,571.7932635000335,11244374
2017-08-10,581.763671875,590.7368904643316,580.0786983946397,584.2562325942588,11453635
2017-08-11,580.2681274414062,582.2621759893149,578.2740788934976,580.7666395783834,7388916
2017-08-14,578.772705078125,583.5584103654265,575.7816316668685,581.265266254172,6689476
2017-08-15,592.2324829101562,598.7131413931799,584.2562878541272,584.7548000451291,9358021
2017-08-16,595.7218627929688,597.7159108692632,592.2322786594534,595.7218627929688,6671450
2017-08-17,589.7398681640625,599.2115989291658,588.2443317274672,596.2205260559753,4618988
2017-08-18,581.763671875,588.2443297450728,580.7666475872965,586.7487933135176,7339489
2017-08-21,584.2561645507812,586.5592879530093,580.2680678644277,581.2650920360161,9005253
2017-08-22,593.727783203125,595.2233191809667,584.7545673360753,589.2411752696001,6974580
2017-08-23,590.2384033203125,593.7279884750778,585.7517938356142,593.7279884750778,6913225
2017-08-24,600.20849609375,603.1995683334198,588.2442071350706,594.2263516144103,9605157
2017-08-25,597.2174682617188,603.9473813013959,596.7189561847057,602.7011011088631,9979561
2017-08-29,588.244384765625,594.226531051377,584.7547994322696,592.7309944799391,9231513
2017-08-30,601.20556640625,603.1996147193719,589.739788605799,592.7308610754819,6294283
2017-08-31,605.6922607421875,608.1848214859825,600.7071392545975,602.7011878496335,8577361
2017-09-01,608.683349609375,610.3533531808395,605.1937644764793,607.6863252856905,6427083
2017-09-04,603.1997680664062,607.6863779115282,601.205719246352,605.692329091474,3849628
2017-09-05,608.683349609375,608.683349609375,599.2116185343724,602.7012036672681,6648434
2017-09-06,592.2324829101562,605.6923120672053,591.7339707191544,605.6923120672053,8477100
2017-09-07,593.727783203125,595.7218311735805,589.2411752696001,592.2322472252833,4957411
2017-09-08,597.7160034179688,598.7130276104924,590.2383219740409,591.7338582628264,6921141
2017-09-11,595.7218627929688,602.7010310599993,594.7248387548216,598.7129349074105,3737085
2017-09-12,593.2295532226562,597.7370969080624,591.7340165338596,597.2176510594472,6487701
2017-09-13,591.2352905273438,592.7308266753893,584.2561218364644,592.2323146260408,10779209
2017-09-14,594.2262573242188,594.7247692850613,584.1702755105888,591.2351855591639,13431385
2017-09-15,594.2262573242188,604.1964965410681,590.238161637479,593.7277453633762,15994115
2017-09-18,617.6565551757812,621.1461402332716,598.9105022996304,601.7041663415399,20459803
2017-09-19,620.6475830078125,622.1431193524096,614.1669255145582,616.1609739740211,8087181
2017-09-20,621.1459350585938,624.1370069770139,613.3123230593604,621.644447044997,10859024
2017-09-21,627.1282958984375,627.1282958984375,619.6506135149108,622.1431743094197,8823513
2017-09-22,630.119140625,631.1161645816851,622.142948971519,625.632532819917,12354911
2017-09-25,633.60888671875,635.1044230367329,626.6297172348299,631.1163261887785,6965988
2017-09-26,630.6177978515625,634.1073825037056,623.1401164541131,634.1073825037056,13378894
2017-09-27,628.623779296875,633.1103883481612,624.6356823623984,630.1193156473038,10981169
2017-09-28,630.119140625,634.1072364517405,627.6265807332871,629.6206286466575,7561205
2017-09-29,629.620849609375,637.0985319087738,626.1312645363223,633.608946835721,10883326
2017-10-02,628.623779296875,632.6118762313516,623.6386581287793,630.6178277641134,7403376
2017-10-03,618.1550903320312,622.6416998586348,611.1759199573148,622.6416998586348,11466624
2017-10-04,618.1550903320312,625.1342607067478,615.8369965725789,620.1491390105217,17051397
2017-10-05,613.169921875,618.6535553226627,609.6803369537602,618.155043191057,6924772
2017-10-06,611.1757202148438,616.3373154795336,608.6831601813411,612.6712562349453,8597857
2017-10-09,616.659423828125,617.1579358926587,606.1906704729183,608.184718731053,16051472
2017-10-10,614.6654052734375,617.1579657165577,608.0102810610119,615.1639173620615,9634582
2017-10-11,613.169921875,617.6565310594513,609.0322468412601,615.1639704014228,11553677
2017-10-12,614.1669311523438,616.1609796301111,611.1758584356927,613.668419032902,9395632
2017-10-13,611.67431640625,613.6683647074929,608.8577110100395,610.1787801803179,4307488
2017-10-16,608.683349609375,613.1699590659551,605.6922766383216,612.6714469041129,10599426
2017-10-17,609.1819458007812,612.1730191844185,604.0472454841198,608.6834335701751,5992162
2017-10-18,613.6683349609375,615.6623831655222,609.181726500622,611.6742867563528,5889671
2017-10-19,598.3001098632812,610.5652499430316,593.8128590393067,604.2831109619141,10598294
2017-10-20,594.81005859375,605.5794489909797,593.3143082368504,601.7902269259482,7472607
2017-10-23,597.8015747070312,598.7987416373182,593.8129069858834,596.3058243116009,5326796
2017-10-24,597.302978515625,599.9703878248623,595.8072281520633,595.8072281520633,12284739
2017-10-25,586.8327026367188,597.2949818124521,585.0876606152841,595.8072044612395,12052830
2017-10-26,585.3370361328125,589.8242876874933,583.0934103554721,588.827120675342,10455946
2017-10-27,589.32568359375,594.3115184803299,585.337015684486,585.337015684486,6851581
2017-10-30,593.314208984375,595.1340504532852,585.0127837198372,589.3255420332196,5758320
2017-10-31,591.8184814453125,592.815648221126,587.8298143420585,590.821314669499,7234019
2017-11-01,580.3511352539062,595.8072221893625,579.3539683548445,593.8128883912391,12432551
2017-11-02,581.3482666015625,584.3397671158073,579.2193056643009,581.3482666015625,10284448
2017-11-03,589.32568359375,590.821434059724,580.3511807979061,580.3511807979061,6187776
2017-11-06,583.3424682617188,590.3226345486112,583.3424682617188,589.8240512424045,5911266
2017-11-07,577.3594360351562,585.3367684846921,574.8665196446763,585.3367684846921,6410938
2017-11-08,568.385009765625,578.3566766036184,565.8920930561267,576.8609265779195,10312030
2017-11-09,562.4020385742188,568.3850389845828,561.0409157188174,568.3850389845828,7150692
2017-11-10,554.4248046875,563.3993069216501,554.4248046875,563.3993069216501,7561060
2017-11-13,535.4785766601562,546.4474115638093,533.9828264460217,546.4474115638093,11936100
2017-11-14,537.4729614257812,543.9545463038287,535.4786276171512,538.9687117822538,8551909
2017-11-15,538.96875,539.723624389112,534.481498612396,534.9800820999076,9799500
2017-11-16,540.4644165039062,541.4615833240242,535.4785824033168,540.4644165039062,7031107
2017-11-17,533.9827880859375,539.9657885126707,532.4870379792542,539.4672051437763,9253366
2017-11-20,542.9571533203125,546.9458192767519,537.4727376302084,538.4699041193182,8879419
2017-11-21,541.9601440429688,544.4530609888885,538.968643707865,540.9629772646008,10090351
2017-11-22,540.4644165039062,547.9431676547906,539.4672496837884,540.9629999139652,8851148
2017-11-23,541.9601440429688,543.4558942105207,538.968643707865,539.9658104862328,5813444
2017-11-24,540.4644165039062,542.957333554201,538.9686662737294,540.4644165039062,4188128
2017-11-27,541.9601440429688,543.9544775997045,535.4785599835773,539.467227097049,6811726
2017-11-28,545.9487915039062,546.4473748751427,537.4728741928867,539.4672076778324,7265592
2017-11-29,542.4588623046875,549.4390314887552,540.4645282520968,546.9461139230167,10153753
2017-11-30,550.4362182617188,561.9036394755045,548.4418841375821,548.4418841375821,24981635
2017-12-01,550.4362182617188,555.9206371030946,545.9489664824113,552.4305523858554,13254579
2017-12-04,554.4248046875,560.4078061769335,549.9375535704249,559.9092227194807,11599572
2017-12-05,549.4388427734375,556.9175929019326,547.9430927477385,555.4218428762335,9706163
2017-12-06,559.4105834960938,561.4049171270958,543.9544978558273,546.44741489458,7994589
2017-12-07,552.4302368164062,561.9033184946659,549.9373205852853,559.4104022635449,8008070
2017-12-08,555.4218139648438,556.9175639126844,551.4331474372685,552.4303140691624,5610266
2017-12-11,555.4218139648438,572.3736467070382,553.926064017003,563.3991470199941,7106390
2017-12-12,553.9262084960938,556.9177091720403,552.9290416041116,556.9177091720403,6997580
2017-12-13,561.650146484375,564.3963719121625,547.4445374201011,550.9346209919961,11729661
2017-12-14,560.9063720703125,564.3964561631944,558.4134548611111,561.903538953993,8472893
2017-12-15,561.4048461914062,563.3991795704165,558.4133461228907,560.9062628466537,12488272
2017-12-18,561.4048461914062,566.390679638932,561.4048461914062,565.3935129494268,7426637
2017-12-19,562.4020385742188,565.3935387794007,559.909121736567,561.9034552066884,7237039
2017-12-20,567.3880615234375,568.3852285911413,557.4163908464,561.4050591172149,8015558
2017-12-21,566.889404296875,568.3851547039908,562.9007365445664,567.8865712349522,5241669
2017-12-22,566.3906860351562,574.8666029916683,565.8921026847731,565.8921026847731,2895470
2017-12-27,567.3880615234375,568.8838121249931,563.3993932526225,567.8866450572893,4484299
2017-12-28,566.889404296875,569.382321642068,564.8950704207207,567.8865712349522,2830328
2017-12-29,571.3766479492188,574.368148723822,566.39081332488,567.8865637121817,2545981
2018-01-02,573.769775390625,576.3623846097219,568.7839416137243,575.16577233082,7053663
2018-01-03,572.9720458984375,576.1629919810456,569.5817151362318,575.564716217784,8787434
2018-01-04,572.3737182617188,574.1686062510693,570.7782757961246,573.3708850182722,7725747
2018-01-05,570.3792114257812,571.3763778793228,565.193933694923,569.9803204994805,13060759
2018-01-08,570.3792114257812,578.1570975909635,569.9803204994805,571.5758233424732,13716673
2018-01-09,570.9776000976562,572.3736577541407,568.3849911495822,570.3793244518614,8069239
2018-01-10,576.1630249023438,578.7556953698326,573.1715241906367,573.3709697438646,9259881
2018-01-11,584.1402587890625,587.5306500190151,576.1629249418586,577.5589827100101,16460368
2018-01-12,587.9295654296875,588.5279020723085,582.7443463670546,586.7330138689175,13640304
2018-01-15,589.7244873046875,593.1148180076102,588.3284293985097,589.3255962279986,8155331
2018-01-16,591.1205444335938,594.7103819019862,588.3284891996703,590.3228230613641,11016503
2018-01-17,590.522216796875,596.704663398014,588.1289920279715,591.918213860207,9562340
2018-01-18,584.5392456054688,593.1148565514711,577.95790758581,593.1148565514711,13419648
2018-01-19,585.9351196289062,587.7300683512808,583.7414016121808,585.9351196289062,20032554
2018-01-22,581.9464111328125,586.932244198934,581.3481355097659,586.5334140709763,11895163
2018-01-23,581.3482666015625,584.7386581959335,576.5618779512176,582.5448789797072,6467522
2018-01-24,563.5987548828125,581.9465896780501,563.5987548828125,581.9465896780501,14092028
2018-01-25,564.1968383789062,566.5900625140431,561.4047841293919,563.3991172879333,11668554
2018-01-26,577.7584838867188,577.7584838867188,564.1969785226947,566.1913121766188,11026598
2018-01-29,586.7329711914062,588.7273047972748,577.758469964998,578.5561912348991,10855955
2018-01-30,582.14599609375,593.7131680956538,582.14599609375,587.5307214400784,10977973
2018-01-31,592.317138671875,594.9097482672946,583.5420821232577,585.1375248185564,13640731
2018-02-01,591.3199462890625,596.5052261186817,588.1290001737403,592.317113146211,12905255
2018-02-02,590.123291015625,593.3142368991253,588.1289574462162,588.9266787015335,15414456
2018-02-05,583.5420532226562,588.3284419337381,581.348273978592,586.3341082322677,12257817
2018-02-06,559.2109985351562,570.3792762566816,558.8121684257336,568.5843886087368,30730598
2018-02-07,573.3709106445312,574.3680774456521,560.8066332953002,564.5958549671134,10158276
2018-02-08,566.3906860351562,579.7527441703124,566.3906860351562,570.1799073256224,12133729
2018-02-09,557.0174560546875,570.1800724900694,555.8209043569425,564.5959616931161,9423650
2018-02-12,564.3964233398438,565.5930357031169,559.2111436738155,562.4020896884663,12674457
2018-02-13,567.9862060546875,568.7839882141368,563.5987084888849,563.9975387063758,7178462
2018-02-14,570.7783813476562,575.9636007508312,565.5931010822411,570.3794902263782,11772558
2018-02-15,589.5249633789062,590.1232390521553,573.9691263899527,575.7640751341504,9289696
2018-02-16,596.1062622070312,596.7045987655649,589.7244316182644,592.7159318242503,8956383
2018-02-19,591.1205444335938,598.1007129495221,589.5251016891345,598.1007129495221,4233607
2018-02-20,594.112060546875,598.6990650644024,592.117726633752,592.3171721975125,8998755
2018-02-21,599.6961669921875,599.8955516720865,584.9380489455993,589.5250529657294,9881706
2018-02-22,583.3424682617188,605.4795792297357,571.575914407687,600.2943006727431,20367105
2018-02-23,563.3993530273438,575.7642481289474,554.4248500587665,575.3653569854466,19378503
2018-02-26,575.9634399414062,579.553276443904,559.4104976880398,560.0087733406779,13571963
2018-02-27,570.9776000976562,578.7555486663232,568.9832667953771,577.7583820151835,12194103
2018-02-28,577.7584838867188,584.5392061376142,565.9918666387798,568.78398244406,10548271
2018-03-01,577.9578857421875,582.5448897999021,573.9692183157756,576.1629975727492,6917295
2018-03-02,574.3680419921875,580.7499334703251,569.1827627739791,573.1714297322583,8167481
2018-03-05,570.7783813476562,576.9607676917865,568.7840474657459,573.3709910492438,7676650
2018-03-06,585.3370361328125,591.5194837805994,575.1659204364204,575.1659204364204,8821934
2018-03-07,583.7413940429688,592.715894089574,583.1430575225276,583.541948536155,10387416
2018-03-08,587.3312377929688,589.5250168977485,577.1601243887937,583.7414617031332,11747975
2018-03-09,600.0950317382812,608.2718125382928,583.3426398932808,585.5364192584894,13837901
2018-03-12,594.90966796875,606.277393440654,593.7131165399006,600.4938383730411,8261491
2018-03-13,579.1544799804688,594.7103189729902,577.5590374048305,593.1148155351189,10944663
2018-03-14,577.3594360351562,580.3509357037321,571.3764366980043,573.7696607777517,9485010
2018-03-15,581.7471923828125,585.5364144211022,576.5619123430404,577.9579094822853,8912492
2018-03-16,583.3424682617188,588.5277468187114,579.1543563171393,579.952077434626,11591576
2018-03-19,580.1516723632812,583.9408942940238,578.1573386247603,583.7415096099602,5834670
2018-03-20,583.5420532226562,587.7301661681907,579.952216042669,579.952216042669,6889584
2018-03-21,580.9494018554688,584.3397936035237,578.9550680889038,583.3426267202412,6336600
2018-03-22,570.1800537109375,580.1517232786778,566.7897225752505,576.3625010153846,5309676
2018-03-23,564.3964233398438,569.1828119307032,560.4077560370887,564.7953144150125,6801878
2018-03-26,558.4136962890625,567.5876477576926,558.4136962890625,565.3938674926758,9235410
2018-03-27,572.1741333007812,573.3707452894803,564.9945222308006,565.393413181105,6955787
2018-03-28,573.96923828125,575.5647418246551,563.9975693683566,568.784019136335,6252351
2018-03-29,579.7527465820312,584.3396890797466,573.5703008391179,576.1629099270045,9915764
2018-04-03,572.5731811523438,576.5618482995391,566.9890106289319,572.3737356225379,8329442
2018-04-04,575.365478515625,576.5620913366356,568.784199293451,571.7757009148494,8099239
2018-04-05,595.1090087890625,595.9067298886852,583.5419006889878,585.3367883786933,9441933
2018-04-06,600.0950317382812,600.892753090474,592.9154178440702,596.1063641150794,10482168
2018-04-09,601.09228515625,603.8843407218902,598.100784008297,603.2860648371983,8362427
2018-04-10,600.693359375,604.283135837058,595.1091882690646,604.283135837058,6671560
2018-04-11,594.90966796875,599.2972260819623,592.7159497743733,597.5023380764588,5978733
2018-04-12,589.9237670898438,595.9067670029749,583.9407671767126,594.7102157101266,7006738
2018-04-13,592.317138671875,594.7103635770604,590.1233593191613,592.9154144670526,4905855
2018-04-16,597.103515625,598.6990191504846,592.1176812245537,592.9154025561778,7035250
2018-04-17,599.2973022460938,601.0921904797078,590.9210760062451,598.1006898029386,9644112
2018-04-18,598.698974609375,603.884193310288,597.1034712025903,601.4910294934585,13134292
2018-04-19,590.8495483398438,591.8469310609607,584.8652520131421,588.0568280203881,6120404
2018-04-20,599.4270629882812,604.6134657249934,593.6422549215473,595.4375317870281,14915451
2018-04-23,603.6160888671875,603.6160888671875,596.8338979333706,598.4296860794161,8822588
2018-04-24,616.3825073242188,619.9730606866235,609.2013397240005,613.3903592304118,16304662
2018-04-25,611.9940185546875,614.1882727349696,609.4008478077974,611.5951019880795,11566327
2018-04-26,609.6004028320312,614.7868057653217,606.608254317681,612.9914679563777,11205136
2018-04-27,611.794677734375,612.792060605885,608.4035516210735,611.5951889849891,11370585
2018-04-30,609.4008178710938,614.7867086967133,608.4034351904536,614.1882425630846,7390200
2018-05-01,610.5977783203125,613.1909493180348,606.6082470158681,610.1988008397014,3950979
2018-05-02,611.3955688476562,614.1882281126622,607.4060382189604,607.4060382189604,9256027
2018-05-03,611.3955688476562,613.1908454554882,610.1986974839663,612.5924402113463,7132469
2018-05-04,611.794677734375,617.5794862140489,610.9967227368315,614.3878488501332,6905875
2018-05-08,608.6029052734375,611.39556451867,607.805011328429,611.39556451867,10798039
2018-05-09,612.3931274414062,614.3878933288375,609.2014898464314,609.2014898464314,10055713
2018-05-10,617.3798828125,617.7788602371786,611.9939919563795,613.3903520673465,7882302
2018-05-11,632.7398071289062,633.3382125859029,613.7895299019265,615.983723827866,14086177
2018-05-14,629.5479736328125,634.335398426991,627.9521247844804,634.335398426991,9786351
2018-05-15,635.7318725585938,637.5271495689116,629.5480865226809,629.9470031497406,9083230
2018-05-16,636.9286499023438,639.122904300032,634.1359901577481,637.7266048654426,7449605
2018-05-17,641.5165405273438,642.1149457745247,637.1280324633286,637.7264985859161,6609003
2018-05-18,646.7029418945312,647.1018584337811,640.9180737590466,641.317051173703,8775562
2018-05-21,652.0888671875,653.8841440654188,647.3014418879113,648.4983134316624,5492001
2018-05-22,644.5087280273438,652.886706378543,644.5087280273438,650.6925130874213,10507348
2018-05-23,644.309326171875,648.6978350965877,640.9182001050135,642.5140492028265,10346493
2018-05-24,643.9102172851562,646.1044712997631,641.1175580281141,645.5060660573276,9583039
2018-05-25,641.5165405273438,646.702942546069,635.7317332614376,646.3039651310107,10078044
2018-05-29,633.1386108398438,640.5192681615141,632.7396942314992,640.3197794196333,11268043
2018-05-30,638.12548828125,641.7161028021887,630.5454035294022,633.1385743983466,8277655
2018-05-31,637.7265625,647.7003901219867,636.7291797378014,639.1228618418305,21201928
2018-06-01,651.091552734375,654.283190227643,641.5167011299928,642.3145952844544,8639856
2018-06-04,650.2935180664062,656.8762195126205,649.0966466556195,652.6872608879798,9890920
2018-06-05,646.7029418945312,651.2908777860467,642.1149451276092,648.8971350489217,5677952
2018-06-06,650.0939331054688,651.2908043390585,642.9127665793303,646.3038915952678,4529357
2018-06-07,648.0995483398438,658.073379680486,646.9026764038796,654.482824748029,6566082
2018-06-08,646.5036010742188,651.09153801522,642.5140695166801,644.3093465424885,10811906
2018-06-11,649.6951293945312,652.6872775602253,646.7029812288372,649.2961519556079,6709684
2018-06-12,645.70556640625,651.6898624401341,644.907611568073,649.894524929643,6483937
2018-06-13,643.5114135742188,648.0993502383669,640.3197763456989,645.7056679735397,7382056
2018-06-14,649.0968017578125,652.6874168481532,637.7266728269586,638.3250782376371,10403173
2018-06-15,637.3274536132812,650.0939381615972,633.33792338722,648.2986617349496,13740824
2018-06-18,634.7344360351562,639.9207778765622,631.9417155046579,639.7213500175965,6465938
2018-06-19,628.151611328125,630.5453541546425,623.164697835721,629.1489940266058,7807438
2018-06-20,631.5427856445312,637.1281048373679,629.5480200934591,633.5375511956034,5560067
2018-06-21,618.7763061523438,633.9364758327233,617.1804571659677,633.53755924269,8003283
2018-06-22,623.3643188476562,625.5585734250843,618.7763818111063,619.7737647212625,16147032
2018-06-25,608.802490234375,621.5689779991967,608.802490234375,619.7737011202306,7199223
2018-06-26,611.3955688476562,614.1882281126622,609.0018261202762,610.1986974839663,5160848
2018-06-27,622.5662841796875,622.5662841796875,607.4060551919337,611.3955859321105,8861980
2018-06-28,630.3458251953125,636.3301210041287,617.3798509428773,619.1751275104411,11868147
2018-06-29,645.1071166992188,651.8893068685173,640.5191806399484,643.3118400184351,11878640
2018-07-02,638.3250122070312,642.3145435333251,634.7344583635335,641.1176719603536,7782451
2018-07-03,638.3250122070312,642.9129488821025,637.926034724235,640.5192666115763,6464375
2018-07-04,638.3250122070312,639.7213725214009,634.3354808807372,637.726606858254,3733275
2018-07-05,638.5245361328125,640.7187906582667,635.9313041025773,640.7187906582667,5174197
2018-07-06,640.3197631835938,641.5166347291135,638.3249975661994,640.5192519204163,6600008
2018-07-09,643.3118286132812,644.5087000043875,640.7186579953908,643.3118286132812,6483271
2018-07-10,646.5036010742188,649.4957497423727,643.3119636531038,643.3119636531038,9941115
2018-07-11,653.684814453125,656.6769633245148,641.7162189675659,643.5114961153148,9497680
2018-07-12,666.2516479492188,667.2490306557296,651.2909073515567,654.8814607448318,10723026
2018-07-13,669.6428833007812,674.6297976510241,667.4486288115905,670.2412886726427,9370407
2018-07-16,672.169189453125,677.6219223193054,667.2491164871263,667.8475218378449,13841512
2018-07-17,671.2385864257812,674.0312459327081,668.6454156426516,671.4380751495785,6305091
2018-07-18,672.6349487304688,678.0207790374484,669.2438230414947,673.6323314771774,12042719
2018-07-19,674.6296997070312,678.4197418878866,669.8422139255188,671.2385740910283,7492823
2018-07-20,673.4328002929688,677.8212475765491,669.0442921339805,673.8317168412535,8617627
2018-07-23,673.0338745117188,675.4276174867331,669.4433209246098,669.4433209246098,5319233
2018-07-24,668.2464599609375,677.0234162151925,665.653289093344,677.0234162151925,8176728
2018-07-25,654.2831420898438,666.6507136380504,651.290993574189,666.2517361524629,11306973
2018-07-26,652.0888671875,658.2726527673674,647.5009306244391,658.2726527673674,10053787
2018-07-27,651.8892822265625,654.8814302065658,649.0966229536407,651.6898543948874,8315340
2018-07-30,652.6873168945312,657.0757646101068,644.3092771755199,649.495679817031,6401350
2018-07-31,651.4904174804688,655.6794371605765,647.5008865233017,651.8893340509387,9312020
2018-08-01,632.3407592773438,651.2910343976428,629.5480993294366,638.9234620742266,15179250
2018-08-02,631.9417724609375,638.5245360363054,630.1464954405355,631.1438783269167,15317603
2018-08-03,623.3643188476562,634.1360421022595,620.9705755131125,633.73712546345,12117103
2018-08-06,625.9574584960938,627.9522242158077,621.9679270566658,624.9600756362368,8465080
2018-08-07,626.9547119140625,629.54794333954,623.5636474159235,623.9625639522542,7676894
2018-08-08,626.3563842773438,632.9390862587555,625.5584902304172,628.3511498323671,6441589
2018-08-09,622.1674194335938,627.1543337619737,618.3773767191088,627.1543337619737,5642042
2018-08-10,623.9627075195312,625.1595791547234,618.9757931024141,622.1674305044531,6922331
2018-08-13,625.1595458984375,642.3145427558192,625.1595458984375,635.3328629432559,7447656
2018-08-14,625.9574584960938,631.5428390365443,625.359053130347,627.3538188500611,5027392
2018-08-15,623.3643188476562,628.5507221555531,620.1726813600719,628.5507221555531,7312606
2018-08-16,623.9627075195312,626.9548561698016,621.3695363727984,623.563790891414,4476900
2018-08-17,622.9651489257812,625.3588915209989,619.5740846038597,622.5662324101803,4804873
2018-08-20,625.1595458984375,628.3511831306927,623.1647802377051,623.1647802377051,4109054
2018-08-21,622.9651489257812,626.5557628186077,620.9703837215675,624.9599141299949,3481785
2018-08-22,615.9834594726562,622.9651375600263,614.9860768887462,622.366732359841,5348189
2018-08-23,611.59521484375,617.18053481019,610.3983431722494,617.18053481019,7118774
2018-08-24,610.3983154296875,613.1909752859813,609.2014438125847,610.1988266809338,4959319
2018-08-28,616.9810180664062,618.7763559299324,610.3983154848743,615.7842073246144,7491203
2018-08-29,616.3825073242188,623.3641862097681,615.1856359116142,618.5767614347589,6023722
2018-08-30,610.3983154296875,616.7815901372899,608.0045721954818,616.3826126397825,4392512
2018-08-31,604.4140014648438,613.1909582879296,603.6161073673665,610.9967038633038,7625793
2018-09-03,611.9940185546875,611.9940185546875,605.0123394472332,605.0123394472332,4365510
2018-09-04,604.4140014648438,614.5873186150781,600.8234475884869,612.592552933676,9068538
2018-09-05,605.6107788085938,605.8102675207747,600.42437666893,602.4191420399231,11953634
2018-09-06,608.403564453125,609.7999248528579,602.0202895906616,603.6161387439878,10958272
2018-09-07,618.37744140625,618.37744140625,608.004634167975,609.0020171379851,13133095
2018-09-10,616.18310546875,620.5716143084489,611.1961912761001,618.7763373741784,12721229
2018-09-11,618.5768432617188,618.5768432617188,612.5925462824865,615.9836113788014,7384341
2018-09-12,616.9810180664062,620.9705495401636,614.786824456175,618.5768671811608,7271613
2018-09-13,609.2015991210938,616.3827697790433,607.8052992746868,616.3827697790433,6593029
2018-09-14,624.3616333007812,624.7606107712672,608.4035084879816,608.4035084879816,17361413
2018-09-17,625.9574584960938,627.7527963441713,620.1726500840068,621.369521690919,7745725
2018-09-18,630.5455322265625,635.9313637941224,624.3617455745409,625.359128554692,7797396
2018-09-19,634.5350341796875,641.9156313589826,631.343396618852,632.3407795518991,7723062
2018-09-20,627.1543579101562,633.9365494828131,625.3590808578973,633.1386553346338,5735561
2018-09-21,626.7554321289062,632.739729466068,624.1622000908839,628.5507091549706,17359283
2018-09-24,623.5637817382812,628.9496127044584,617.5794845255826,622.9653154917598,6622456
2018-09-25,624.7606201171875,626.7553857486275,620.372111377853,623.7632373014675,11226804
2018-09-26,624.5611572265625,624.9600738441102,615.7842002600732,623.9626909871132,6955790
2018-09-27,622.765869140625,625.1595514294313,621.3695088155915,624.5611460760841,5861633
2018-09-28,628.151611328125,632.1411421220482,622.765781281574,623.5636752652769,6713253
2018-10-01,621.169921875,629.3484720385379,621.169921875,627.1542179641144,6829919
2018-10-02,613.7893676757812,621.1699634882162,613.1909015015328,619.7736641657938,7749420
2018-10-03,608.0045776367188,616.3826181559973,607.8051497615995,613.1909807736331,8339242
2018-10-04,607.80517578125,612.1936241038744,601.2224119841799,608.0046036649065,15770526
2018-10-05,612.3931274414062,614.1884045650097,606.4088297791124,607.6057014866559,9535777
2018-10-08,601.6213989257812,615.9836766730904,600.424527227983,612.5926112173225,9322737
2018-10-09,601.0227661132812,606.8076342372506,599.4269782086454,601.6212322340745,8934276
2018-10-10,588.8549194335938,600.8235148621186,588.8549194335938,599.2276656130607,13071050
2018-10-11,580.6762084960938,590.0515691632529,579.4793371049607,583.6683565362226,17520077
2018-10-12,582.671142578125,588.4559516223786,579.2800161338598,582.072676271559,13490215
2018-10-15,560.32958984375,580.676221315993,559.5316958571816,579.8783273294246,15925243
2018-10-16,574.4925537109375,575.8889141291535,561.3270871799775,563.5213417477078,12090098
2018-10-17,558.534423828125,575.0909556128616,556.9386355387845,575.0909556128616,9582354
2018-10-18,543.660888671875,557.6264894817947,543.660888671875,552.8382956668598,10275228
2018-10-19,538.4737548828125,549.0477483069191,537.0772310695752,544.8580550968089,15377920
2018-10-22,537.0773315429688,543.6610929010811,534.0847016737885,534.0847016737885,16120485
2018-10-23,534.8826293945312,538.0747795333317,526.7027636904801,532.0895208550307,39330953
2018-10-24,535.0821533203125,545.6560860263406,529.2963545226592,538.0747826769469,14116026
2018-10-25,543.46142578125,543.8604673438139,530.0943858280767,531.6904303079441,6599778
2018-10-26,530.69287109375,540.2692594511392,524.7076131490836,539.2717164603615,10624556
2018-10-29,521.116455078125,536.8776213188513,519.9193913756874,527.3011725845394,12345956
2018-10-30,506.75189208984375,521.5155177138467,505.35533784583254,521.1165370070999,20518543
2018-10-31,524.5081176757812,526.104223069136,511.3405373852823,511.3405373852823,14881816
2018-11-01,524.1091918945312,528.6978660000739,517.3258498112747,522.9121279454152,10497053
2018-11-02,534.6829833984375,541.4662628018283,531.2913132541493,539.670697795811,11209425
2018-11-05,518.9219970703125,536.2792126290443,517.3258913815007,532.8876022000815,7908955
2018-11-06,519.719970703125,524.7076863528671,517.7248844432282,519.5204499000952,9268365
2018-11-07,532.0894775390625,532.2889374372752,522.3135071188466,522.7125486856617,13169718
2018-11-08,532.8875122070312,537.0772052154557,530.0944038298137,537.0772052154557,10281767
2018-11-09,527.8997802734375,532.0894731496542,525.7051734444484,530.6928885625172,6791049
2018-11-12,528.498291015625,531.4909201390262,525.1066812068874,527.700268759757,6943281
2018-11-13,539.8703002929688,542.2643670350933,529.0968477404215,529.0968477404215,13291338
2018-11-14,535.880126953125,542.4638865854994,525.1066744250602,537.8752130096257,9503269
2018-11-15,531.29150390625,541.6659779297048,528.0994142546092,536.4787409179775,9290408
2018-11-16,526.5032958984375,539.8703993131705,523.3111454382558,535.4811848197701,10371575
2018-11-19,518.323486328125,529.0970029257636,518.2237563499001,525.7053312731422,10890053
2018-11-20,507.948974609375,518.5229074465412,501.963715821877,515.5302780527921,13592781
2018-11-21,514.931640625,515.9291834929736,503.759148326659,509.3453944758295,10562981
2018-11-22,505.9539184570313,516.7273727386337,505.9539184570313,513.5352223516244,7568675
2018-11-23,504.7568054199219,506.7518916073524,501.36516498980984,505.95386930941993,7141560
2018-11-26,511.1411437988281,513.1362301354586,506.1533975146502,508.5474950300865,5567283
2018-11-27,501.76416015625,514.1337184783953,500.9661378837366,511.939111565086,9028798
2018-11-28,488.7961120605469,503.55973755390744,484.90570011429907,502.3627041164615,18565547
2018-11-29,489.0953979492187,493.8836233708187,488.89590758327785,491.29000507277726,12994533
2018-11-30,490.0928649902344,494.7813292793963,487.00050603631536,489.5940934889446,17376519
2018-12-03,499.7690734863281,500.9661373363886,491.98824978873,492.4870213191555,23097361
2018-12-04,472.1371154785156,493.4845611971174,469.74301823643447,491.9882466154919,14678306
2018-12-05,459.0693359375,473.2344293568571,455.6776651236522,467.84770283280307,10016092
2018-12-06,444.4054870605469,453.6826264652414,440.41531433721985,451.38828932636915,16519151
2018-12-07,448.495361328125,459.6678252215599,446.9990467532598,447.4978182782149,9918418
2018-12-10,452.8845520019531,458.7700500033267,447.69731588127905,448.8943797376187,23318670
2018-12-11,453.4831237792969,462.7602629320501,452.58534102945,460.4659258554857,11696439
2018-12-12,456.9744873046875,459.5681053800268,451.4880004094923,454.0816184848316,15121224
2018-12-13,457.07421875,460.76510961652394,450.0914176893044,459.2687951035178,10727085
2018-12-14,454.9794616699219,460.36618888580733,451.5878208630757,454.1814088407446,13801349
2018-12-17,453.7823791503906,459.86739853844347,452.286064404604,457.373540628799,9171579
2018-12-18,456.77496337890625,461.9621994939902,452.984311908913,461.66291830892857,7536756
2018-12-19,454.38092041015625,457.4733103697447,451.1887700436259,457.2737895558608,8939116
2018-12-20,454.38092041015625,457.1740291489188,447.8968897127556,452.884605633833,8340965
2018-12-21,453.2835693359375,457.17398125832307,448.5951351268161,452.08653590583367,21029143
2018-12-24,450.3907470703125,453.6826273967756,447.99664951992094,447.99664951992094,1630435
2018-12-27,453.882080078125,458.7700348519853,451.18870171161143,458.7700348519853,10068321
2018-12-28,461.1641845703125,461.7627165468889,452.7848282260449,456.87476121628293,7251216
2018-12-31,458.0718078613281,463.857545716886,457.2737551085134,463.2590137629248,2461101
2019-01-02,463.7578125,466.3514308241197,452.2860660733104,454.8796843974301,11408124
2019-01-03,463.8575134277344,469.24423975321434,459.76758087673375,461.463416221143,8514790
2019-01-04,471.8379211425781,473.9327678957907,463.6580549415012,465.95242250648704,8323629
2019-01-07,464.8550720214844,476.72582850175365,460.4658885887712,474.93026314737966,7526915
2019-01-08,473.6334533691406,475.429049221017,464.85508623529927,465.5533785847955,11376433
2019-01-09,485.6039123535156,490.4918973283806,473.9326777082115,477.4240781516317,10954939
2019-01-10,490.1926879882813,492.78630621477384,481.5140810229336,484.80596117485845,7312250
2019-01-11,495.7789306640625,497.4747661451848,488.1975968631745,492.7863013039173,8225784
2019-01-14,495.37994384765625,499.1705957130738,492.28755393502536,494.1828798677342,6688795
2019-01-15,504.5572814941406,505.7543453762127,499.7690868510504,502.5621953190865,10327192
2019-01-16,504.1582336425781,506.5523307898218,499.3700393480908,505.75430855493954,9676701
2019-01-17,496.4771728515625,503.3602135957821,494.48208681308745,501.36512755730706,10114436
2019-01-18,508.7470397949219,510.14359420779914,496.776521211512,498.3725964444872,8015230
2019-01-21,513.7348022460938,515.1313872276435,508.3480744858209,508.3480744858209,4761672
2019-01-22,510.3430480957031,515.5302538693097,506.5523661092147,513.5351677003997,7511763
2019-01-23,507.7494201660156,515.3307231071466,505.9538548257685,508.7469632311748,9692887
2019-01-24,511.7395935058594,514.333181126664,504.35778089663376,509.1459754424562,8883230
2019-01-25,509.7445373535156,516.9268600372981,508.7469942275792,513.7347098572614,6075222
2019-01-28,503.1607360839844,509.94404746368576,503.1607360839844,508.5474627625769,6123806
2019-01-29,511.5401611328125,513.9342892621366,504.15834724767313,506.35295455201896,8168836
2019-01-30,512.7371826171875,520.119026331905,510.742096303502,511.34059784352667,10083799
2019-01-31,510.54254150390625,517.7248639320261,509.7445192086037,514.3331930704921,10717106
2019-02-01,515.13134765625,515.13134765625,510.54261227309263,513.7347627819832,10202061
2019-02-04,511.5401611328125,518.3234429856209,509.5450746534449,513.9342892621366,7895442
2019-02-05,520.5180053710938,521.9145901402137,511.34059618093943,512.1386794119807,7786899
2019-02-06,521.5154418945312,521.7149626614971,517.126289447231,520.9169404788234,4518787
2019-02-07,517.1263427734375,524.3086040433273,516.9268219858969,518.5228665158289,4731044
2019-02-08,518.9219970703125,522.1141475627296,515.7298465778955,518.1239746685098,4541387
2019-02-11,519.32080078125,524.5080359523396,516.3281721308351,522.5129501853963,5371099
2019-02-12,513.7348022460938,523.5107144613072,513.535281407985,520.1191037543045,5752191
2019-02-13,516.12890625,519.1215360251986,512.5377139886365,516.5278870222346,9005843
2019-02-14,524.707763671875,526.1043486136788,516.7274174563332,519.1215456750797,11271400
2019-02-15,525.7052001953125,528.89735021035,521.1165264072692,525.3061586114837,6951280
2019-02-18,523.5106811523438,526.9023525287589,518.3234441176178,524.7077452196202,5758430
2019-02-19,510.3430480957031,524.1091609267417,508.94649386598593,524.1091609267417,10071362
2019-02-20,503.1607360839844,514.3332005946578,503.1607360839844,512.5376351826602,14015422
2019-02-21,463.6579895019531,488.59656532375783,458.3710236047696,488.59656532375783,19449164
2019-02-22,469.6432800292969,469.6432800292969,461.8624560143031,465.2540964710286,11193772
2019-02-25,474.730712890625,476.6260385231823,465.0545639485812,468.7454548240672,7783731
2019-02-26,471.4388732910156,475.12976448091354,467.2491801104835,470.3415697968192,7174883
2019-02-27,468.5459899902344,471.0398476537068,461.4634281374531,461.4634281374531,7654309
2019-02-28,464.8550720214844,471.339101996033,463.7577685526565,466.6506373758584,10756421
2019-03-01,469.0447387695313,471.0398248035274,465.553338210038,467.24914307337656,7445321
2019-03-04,474.4314880371094,476.32681377302686,468.7454803867585,470.940087307883,5641402
2019-03-05,475.6285400390625,476.12731159130254,470.74058491563005,472.935191922526,7252121
2019-03-06,476.22705078125,477.224593841304,471.13957508645507,473.03493125463626,4194840
2019-03-07,471.1396179199219,475.6285620982753,465.9524118016074,474.9303001583143,6590279
2019-03-08,463.8575134277344,468.2466967135848,462.3611988682901,466.7503821541405,5043011
2019-03-11,464.5557861328125,466.8501228501229,462.56070013772654,465.2540479655348,5768604
2019-03-12,466.5509338378906,467.24919576297094,462.959772483219,465.6531206672724,7217618
2019-03-13,461.4634094238281,469.1444724502756,459.3685629829435,467.249146791417,7792322
2019-03-14,469.2442626953125,471.6383600189551,462.95975341542584,471.5386300641943,8726207
2019-03-15,476.7257995605469,476.7257995605469,468.5459651240285,469.3439873569485,17955727
2019-03-18,485.1051940917969,485.1051940917969,475.9278158990523,476.52634784354854,7845455
2019-03-19,483.808349609375,486.8009785760309,481.5140129119772,483.60882883455946,7530753
2019-03-20,483.1101379394531,488.0978537160017,481.6138232064886,483.608909517108,6897574
2019-03-21,485.4044494628906,487.00052441577304,481.9130488220967,483.3096029898947,7673446
2019-03-22,468.84521484375,488.69631466031706,466.75036843358833,487.2997605344082,8783508
2019-03-25,456.0766906738281,466.6506225578645,456.0766906738281,466.4511322151568,8170501
2019-03-26,452.8845520019531,460.166604207324,449.9916831988304,457.672746542115,9553828
2019-03-27,465.2541198730469,465.2541198730469,453.7823736282827,455.07919799107754,12925966
2019-03-28,467.8476867675781,471.6383381507028,461.9621889074224,466.3513722043556,9349735
2019-03-29,481.21478271484375,481.21478271484375,467.6481905406569,468.1469620879241,11449163
2019-04-01,481.7135925292969,488.9956759634437,481.01533057321274,483.5091885076599,5627887
2019-04-02,482.91058349609375,487.4992874901592,481.7135196915211,484.1076168580692,6066581
2019-04-03,494.5818786621094,496.17795378117137,484.90572843001,484.90572843001,12356616
2019-04-04,495.0806579589844,497.6742762626037,489.7936913898614,492.98584167779313,8843738
2019-04-05,502.9612121582031,504.1582455387719,491.7887179506424,492.9857817738087,11099766
2019-04-08,502.9612121582031,505.95384127352145,499.56954147343095,499.56954147343095,5663204
2019-04-09,502.7617492675781,505.35536755470093,500.9661837686629,502.3627380947749,21002436
2019-04-10,502.1631774902344,504.5572747799208,497.8737544479877,501.3651552078718,7697779
2019-04-11,505.3553771972656,508.74701789471,501.1656836963861,501.5646948768028,7865552
2019-04-12,507.5498962402344,509.145971223148,502.36269059901304,505.554810122242,5211039
2019-04-15,502.7617492675781,508.9465289951324,502.3627380947749,506.5524010731107,6270021
2019-04-16,508.5474548339844,509.7445187183862,502.9612378870403,503.9587809765088,5787135
2019-04-17,509.9440307617187,513.1361807702742,507.35041268509224,510.1435211106293,5043267
2019-04-18,490.8181457519531,499.6985656659152,489.4212308975872,499.0999096215155,5773437
2019-04-23,492.01556396484375,494.1109516642184,484.2326997172327,493.31269278088087,12762794
2019-04-24,492.31488037109375,494.6098403496417,487.6252351505571,492.7139945780919,8006814
2019-04-25,491.7161254882813,493.8115128468464,488.0242815236263,491.7161254882813,7968730
2019-04-26,494.7096557617187,495.2085561932858,490.31933805402167,491.9158255251295,9475421
2019-04-29,495.8072204589844,499.2995233225822,493.01339034829186,497.20413551433063,3219569
2019-04-30,492.9135437011719,498.90034787568,490.31925580212624,497.0045326438446,8481616
2019-05-01,490.8181457519531,497.503422452043,489.1219028753874,494.6098065857579,2129173
2019-05-02,481.0397033691406,491.8159382966393,481.0397033691406,487.22604917920114,9377651
2019-05-03,480.4410705566406,483.1351448147135,473.2568928354216,480.6406428907434,5931829
2019-05-07,470.8621520996094,481.8379599828192,466.4718350364177,481.0397315896794,7997057
2019-05-08,468.9663391113281,473.75577039440816,466.3720511453008,469.4652394720849,8172225
2019-05-09,469.1658630371094,472.4585928982443,464.67576025349354,464.9750882588846,5408204
2019-05-10,468.2678527832031,476.2502583227452,465.8731372114326,473.5562147234261,3899783
2019-05-13,460.0859375,467.1703290010887,459.28767862003264,467.1703290010887,10610790
2019-05-14,463.9773559570313,465.4740571052797,460.88416749389177,461.0837398271767,6156371
2019-05-15,463.9773559570313,468.26788706849175,461.5826402099262,465.57384327192216,54219862
2019-05-16,463.4784240722656,466.6713984850253,461.6823949966263,463.9773244211055,10728934
2019-05-17,464.97515869140625,468.4674613854404,460.085941009851,464.8753725243412,7235468
2019-05-20,458.2898559570313,464.6758048897456,454.49822542238576,462.97953149503184,5948277
2019-05-21,459.9861145019531,465.07490407135094,458.190085454147,459.7865421853256,8064099
2019-05-22,458.3896789550781,465.5738568564766,458.3896789550781,461.68243984757896,8026104
2019-05-23,452.0037841796875,457.6912611939227,448.81080928564927,457.1923607698833,7692933
2019-05-24,449.110107421875,455.29645357785256,446.2164914416225,453.30085215002856,6296066
2019-05-28,446.5158386230469,455.4960454333428,446.5158386230469,452.4028569974817,17887914
2019-05-29,442.9236755371094,446.71533604704,440.3293879146216,444.520162570214,7369691
2019-05-30,443.1233215332031,445.3184649246569,442.62442115553694,444.71980883182744,4372612
2019-05-31,451.405029296875,452.2032881248649,438.4336202340311,441.1276942964984,9524927
2019-06-03,461.4828186035156,463.0793057958036,448.4116234891942,449.4094241780667,12140517
2019-06-04,465.9729919433594,467.8688074478967,458.7888137203635,460.9839877469636,8065575
2019-06-05,463.9773559570313,469.3654740006333,462.28108247549784,465.9729574880292,6653830
2019-06-06,465.9729919433594,469.5650810548573,464.6758630324825,465.8732057693384,4163999
2019-06-07,474.9530944824219,478.74472465314864,467.2700175385523,468.1680624557135,7257814
2019-06-10,483.9333190917969,487.2260490827531,477.1482867981163,481.1394894298013,5825211
2019-06-11,482.03759765625,486.42791531463774,480.84022445375086,484.93121403674655,5527569
2019-06-12,480.3412780761719,482.33687958911855,476.74918926277536,480.04195002941486,8319020
2019-06-13,481.4388122558594,485.43001484450895,477.7469376811747,480.7403396226619,4822999
2019-06-14,483.6339721679687,486.9267020302027,480.0418838497854,480.93989831671666,5978670
2019-06-17,487.325927734375,488.6230871061526,482.7360377466723,484.0331971184499,4684085
2019-06-18,490.91802978515625,493.312745791576,484.2327517522045,487.7250548096192,6394468
2019-06-19,490.61859130859375,494.51000774972175,489.620790659563,491.2172473376448,9672369
2019-06-20,482.7359313964844,499.2994279028074,476.74912763158153,493.0132961298428,17282876
2019-06-21,484.5320129394531,490.81814499969533,481.2392524480015,484.1328987603117,23132818
2019-06-24,484.5320129394531,488.22385715958615,482.03751125674427,485.33024129773594,5928752
2019-06-25,493.1130981445313,494.0111126480611,481.93771857705343,485.1306928678927,5910661
2019-06-26,490.8181457519531,496.60540793498353,490.4190315722,491.815946426566,10808215
2019-06-27,490.91802978515625,497.7030635450899,487.7250548096192,492.4147310954769,6660074
2019-06-28,494.3104553222656,494.3104553222656,488.0243231607101,490.9179390691966,9811357
2019-07-01,493.3126525878906,499.89814319916934,491.9157377189431,497.80275567051785,4493097
2019-07-02,495.1087036132813,498.0023194602227,490.11970027356847,496.5056184583089,5904175
2019-07-03,495.7073059082031,497.902479319856,494.2106050685643,496.9046787600968,4533077
2019-07-04,496.90472412109375,497.1042964314466,494.21065018362697,496.7051518107409,3031159
2019-07-05,493.51220703125,496.50560897792104,491.2172472685267,496.2062505129784,3081584
2019-07-08,486.2283020019531,494.11095242848165,485.92897395177783,492.41467894292066,9485214
2019-07-09,486.8269653320313,487.92455221442594,482.13732021701605,485.5298365758584,5702666
2019-07-10,491.21728515625,494.5100458218351,485.5298392891764,487.2260822528461,5880216
2019-07-11,492.2150573730469,492.4146296868425,488.7227550348423,490.6186006645213,10218714
2019-07-12,503.49029541015625,504.48809622133354,492.1153722528279,492.3149141447848,6937604
2019-07-15,506.8827819824219,510.87398499015745,504.2884939373012,505.4858670198069,7942505
2019-07-16,515.6634521484375,515.6634521484375,507.68104557988295,508.0801902686823,14223033
2019-07-17,517.4594116210938,518.856356942461,514.66558187928,515.4638102482381,8121908
2019-07-18,516.0624389648438,521.8496697764464,512.8694651340219,516.2620112481908,6417829
2019-07-19,522.04931640625,522.8475447524057,513.6677665193171,517.4593968392461,13677263
2019-07-22,522.8475952148438,526.4396535696902,520.4528490443295,522.448450552783,3742420
2019-07-23,529.4330444335938,530.6304174930713,522.6480116311193,523.0471562845863,6549918
2019-07-24,531.628173828125,531.628173828125,521.8497396440417,530.4308008686432,5531057
2019-07-25,530.8300170898438,535.8190210098611,526.8388139538299,532.8256186578507,5682498
2019-07-26,532.6259765625,534.4220055582938,528.8343462600644,529.6325746025374,9184631
2019-07-29,538.61279296875,540.40882200618,531.4286159181096,531.4286159181096,4843617
2019-07-30,541.406494140625,543.8012395559124,537.016208747139,540.4086937010728,6257030
2019-07-31,547.3934936523438,556.573273177985,536.4176848697338,536.4176848697338,11150543
2019-08-01,556.772705078125,558.5687338820655,547.1938441898341,547.9920724470395,5737261
2019-08-02,543.6018676757812,552.3825026004644,537.8146351732124,552.3825026004644,10643747
2019-08-05,537.6151123046875,541.6063159014572,530.8300783703659,537.6151123046875,11880763
2019-08-06,534.8211669921875,542.8564344688472,534.022938624622,535.2203116264305,8099215
2019-08-07,552.182861328125,554.9766907516822,535.0525913752616,536.8167081471894,9099207
2019-08-08,567.7486572265625,569.9438311745837,555.1763914620573,558.56887765361,11001538
2019-08-09,557.3713989257812,566.1041640333123,555.2700737057896,564.3560032276126,7838399
2019-08-12,552.182861328125,561.7617224662966,549.9876878878608,558.3691761585325,5387941
2019-08-13,554.1785888671875,554.976817327271,548.7824621634641,551.3846979055035,5750358
2019-08-14,547.79248046875,558.1496546436746,545.796879447006,555.7748845557263,8635992
2019-08-15,547.1939697265625,552.5820573745141,541.2071650726655,549.9877997181959,6986841
2019-08-16,547.79248046875,553.7792835339823,544.5995066537774,553.7792835339823,9359963
2019-08-19,551.1851196289062,556.1741230256164,546.9943445954856,552.3824317233804,6121559
2019-08-20,549.3890991210938,553.7794470254505,547.5930698514671,550.9856169503727,8651829
2019-08-21,563.757568359375,564.1567131221294,550.5865829007024,550.5865829007024,7408531
2019-08-22,548.5908203125,565.7530047714662,547.9921642445394,563.1587472757403,8814957
2019-08-23,540.0098266601562,563.7574744663399,540.0098266601562,550.5864912012765,7836195
2019-08-27,539.8101806640625,546.3956409476546,533.2247203804703,538.014151577712,9471409
2019-08-28,535.6194458007812,539.6106489153935,530.6304419075159,537.6150473580874,6175204
2019-08-29,542.6039428710938,544.5995440297964,533.8233099529845,533.8233099529845,4972679
2019-08-30,544.4000854492188,550.0566244488069,541.6062554236364,541.6062554236364,8558228
2019-09-02,553.7793579101562,556.3736152264852,544.2004960796452,544.2004960796452,6791541
2019-09-03,553.5799560546875,555.3759855883119,549.3891798756059,552.7817274731808,4196392
2019-09-04,555.7749633789062,557.7705646836779,552.3824168004269,557.371420062356,5754750
2019-09-05,562.1609497070312,563.9569788218839,558.7684029004806,560.5644320153334,8758282
2019-09-06,570.741943359375,570.741943359375,561.9613102571062,563.1586831576236,8752294
2019-09-09,559.9658203125,572.9372306933269,558.9680195139748,571.9394298948018,5329858
2019-09-10,566.750732421875,566.750732421875,555.5753536868945,557.9700994518598,10027812
2019-09-11,573.336181640625,576.3295833426837,562.9590922807026,566.7507222564611,7721757
2019-09-12,570.143310546875,575.3318251586045,566.9503363159445,574.5335968261013,5448306
2019-09-13,569.1455078125,569.1455078125,562.5599870665073,568.3472185820152,4063790
2019-09-16,575.3318481445312,578.3252501867004,564.1565292411697,564.356040656578,8454126
2019-09-17,584.711181640625,589.5006125865078,571.7527450698685,573.535802166286,8906392
2019-09-18,586.9063720703125,586.9063720703125,578.4440064777982,585.5094267581487,7902745
2019-09-19,583.9130859375,586.7069162154825,580.7201109479776,584.7113144596475,9565001
2019-09-20,570.3428955078125,580.1213917700301,565.9526086623988,579.7222471018443,18048548
2019-09-23,574.7332763671875,575.7310771942139,570.3429283678997,571.9394462316995,12864546
2019-09-24,560.3649291992188,576.329742690945,558.5688998615856,573.5359125100789,7297656
2019-09-25,563.3583374023438,565.1544276589951,555.375930576092,557.5711046334974,7768671
2019-09-26,570.741943359375,574.9686496008995,562.9591108573848,566.3515963577828,14589144
2019-09-27,567.9482421875,573.3363301059015,567.3495251515026,570.9416446646995,6169190
2019-09-30,568.746337890625,571.1410836736884,566.1520807097355,567.9481095965756,5686879
2019-10-01,562.9591674804688,570.9415730855774,561.5622221392061,570.1433447052508,9186069
2019-10-02,543.4022216796875,561.5622060925725,542.6039933221704,559.7661770629289,5824969
2019-10-03,538.4132690429688,544.4000736397442,532.226953013708,542.0053883415894,8082026
2019-10-04,542.8035888671875,543.4022449357161,536.4176399319105,541.2071320838295,4111953
2019-10-07,549.5886840820312,550.7860572562524,536.2181895225277,539.411103452545,9854475
2019-10-08,547.9921264648438,552.3824127626987,547.9921264648438,551.7837567360106,5837597
2019-10-09,553.7793579101562,556.0642994626081,546.9943257051344,547.1938980142946,5259638
2019-10-10,551.9834594726562,557.3715476887477,548.0820239239663,555.9746629961014,3104815
2019-10-11,554.7772827148438,556.7728844512282,547.1940204769561,550.3869345344254,10497982
2019-10-14,557.3713989257812,557.7705435319667,548.6506312987841,555.3757976966865,5871252
2019-10-15,554.3781127929688,561.1632071088213,552.781655836844,557.770659950895,8420270
2019-10-16,554.1785888671875,558.369303507858,549.7882409853364,554.5776726467653,8257377
2019-10-17,538.9036254882812,544.8914435492621,531.7182316328572,544.8914435492621,6661814
2019-10-18,538.7039794921875,545.8893728157007,531.7181922715113,536.70804028628,7962568
2019-10-21,533.913818359375,542.6959400118233,531.7182727184529,541.498364124844,5184931
2019-10-22,534.3129272460938,536.7080176454082,530.72020028028,534.3129272460938,4559582
2019-10-23,535.510498046875,538.7040131581498,532.1174377315235,535.1113467274872,6214252
2019-10-24,553.2743530273438,553.8731104038295,535.909658174516,536.9076277428113,6768683
2019-10-25,557.6653442382812,557.6653442382812,548.2844674880349,551.8771333223889,4596018
2019-10-28,564.2520141601562,566.2479532821784,548.2845011839789,555.4698332942763,7875127
2019-10-29,569.0422973632812,570.1949206164555,561.8569038178229,565.0504188281635,7638027
2019-10-30,574.630859375,574.8304654688667,564.052406423571,566.8467090040214,9222528
2019-10-31,575.0300903320312,578.2236052044531,572.6349389499073,575.6288477219472,7263846
2019-11-01,580.2195434570312,580.8183008459888,575.6288468005141,576.4272102895341,15846071
2019-11-04,581.2174072265625,588.4027382307726,579.6206196280124,579.6206196280124,8668200
2019-11-05,571.8366088867188,580.4191235037712,569.241912163768,580.4191235037712,6800759
2019-11-06,581.8162841796875,584.4109808081062,570.8386184404482,570.8386184404482,24800838
2019-11-07,582.814208984375,588.4028140211044,578.2235734835778,578.8223308406464,6160384
2019-11-08,578.4232177734375,583.013914972068,576.8264906068407,580.0200058512713,4483730
2019-11-11,570.439453125,578.8224229249595,565.8488168938828,578.0240593514482,7573232
2019-11-12,569.64111328125,575.229780351111,569.64111328125,572.6350224900631,4383798
2019-11-13,572.435302734375,572.8345149141369,5.6824383181611315,568.0442733131281,4208339
2019-11-14,570.439453125,574.6309380249797,569.8406956726756,572.0362411832589,6977515
2019-11-15,572.0361938476562,575.429253982115,567.4454970851798,574.8304965793374,3960221
2019-11-18,574.8304443359375,577.2255955518275,567.8446576860216,571.2377784233281,3485814
2019-11-19,577.4251708984375,584.410957913371,575.2296865655844,577.0260196157501,6688185
2019-11-20,572.435302734375,577.4251504252647,569.641000209722,574.2316966320766,3833397
2019-11-21,570.040283203125,572.2358286421049,567.4455255347908,569.0423135409736,3997963
2019-11-22,573.8325805664062,575.628913853758,566.6471865057621,572.0362472790545,3624755
2019-11-25,577.8243408203125,579.8202798214189,572.8344933175464,576.4271591550482,5138890
2019-11-26,579.0220336914062,579.2216398141945,574.0321851778837,578.822427568618,5868403
2019-11-27,574.8304443359375,580.8182614644369,574.6308382494091,579.8202919430203,4426963
2019-11-28,575.8285522460938,579.2834987077842,570.8387034398017,575.2297947538349,1581558
2019-11-29,572.23583984375,576.2277185704975,572.23583984375,574.6309305330573,4610554
2019-12-02,560.0606079101562,574.4313350456699,559.0626382099996,571.0382746118793,4308589
2019-12-03,547.2865600585938,558.8609731326814,544.691802518411,558.2642258000874,7785804
2019-12-04,551.4780883789062,553.6736341261847,547.5391410397676,548.6837851147533,5550296
2019-12-05,549.8812255859375,552.4759220681314,546.4881047296275,550.6795890488258,3756832
2019-12-06,557.8650512695312,557.8650512695312,550.9790361111914,552.8752028681938,3988661
2019-12-09,555.0706176757812,559.262101528419,553.0746787851176,555.4697689071813,5284957
2019-12-10,550.280517578125,555.2703660838706,540.1012144441565,555.2703660838706,6513736
2019-12-11,556.8670043945312,558.8629434783826,550.080823691682,550.8791871429771,6599654
2019-12-12,568.8426513671875,572.5092027522624,556.6674105065564,558.6633496341606,8401238
2019-12-13,573.4332885742188,586.0077416594656,563.0544416288525,586.0077416594656,11744836
2019-12-16,580.2195434570312,583.4129974131113,574.4312711113691,578.8223616678239,10245190
2019-12-17,566.4474487304688,577.8243250915797,562.4555708369172,573.0340838015624,7457253
2019-12-18,567.6450805664062,573.0341406215495,564.1921448292861,565.2499901395205,5637639
2019-12-19,568.2438354492188,576.227591137097,566.6470477649099,569.2418049102035,16296398
2019-12-20,569.64111328125,571.637052753792,566.6472040724369,567.445567679206,20711370
2019-12-23,576.6268920898438,579.8204073764019,565.8488312950429,565.8488312950429,5457507
2019-12-24,577.624755859375,582.8142096342541,574.2316959801581,574.2316959801581,1715889
2019-12-27,578.4232177734375,584.6106421386648,571.2378846125149,578.2236725610406,2941896
2019-12-30,565.6491088867188,576.776493342809,564.2519881125355,573.8324710914859,3559330
2019-12-31,563.6531372070312,568.2438332565806,557.4657143905562,563.6531372070312,1696228
2020-01-02,572.83447265625,573.8324421208079,565.6490803291885,567.4454131831483,4242034
2020-01-03,579.620849609375,581.2176378414971,564.910784453644,566.4476360227713,4551941
2020-01-06,587.4049682617188,594.390756485272,577.0261194477546,577.0261194477546,6469303
2020-01-07,589.0016479492188,599.9793131363363,585.2692515313954,596.9854044489406,6564742
2020-01-08,590.7980346679688,590.8978072687908,582.2155200153262,586.6065499424695,7106058
2020-01-09,591.7959594726562,593.7420123310769,587.2053237805303,589.8000203176051,3658023
2020-01-10,591.596435546875,595.8876931440392,588.6025263984483,593.1932236394451,4141423
2020-01-13,612.75341796875,613.5517815753866,588.6524244773077,600.5781750060157,11542045
2020-01-14,610.9569702148438,612.5536971291051,605.7675163766532,609.360182389355,7403999
2020-01-15,611.7554321289062,613.551765424362,607.3344336236853,610.5578562948567,5558983
2020-01-16,614.3499755859375,614.5495816603036,607.763401510412,610.9569159666028,3477343
2020-01-17,623.3316650390625,623.3316650390625,613.9507891932329,616.9446974036247,6266745
2020-01-20,646.2850952148438,647.4826709293555,635.1078843093497,643.6903985927607,15496765
2020-01-21,643.6903686523438,644.887944311152,637.8582403689622,643.6903686523438,6311309
2020-01-22,638.7005004882812,644.8879237690068,637.1037736015511,641.8940151729679,4194358
2020-01-23,637.3032836914062,638.5008592461329,633.5110118607909,634.3093752602009,4904169
2020-01-24,642.4927978515625,645.6863126621216,637.1037987130209,637.3033438983074,5701893
2020-01-27,633.5111694335938,637.9022605893771,630.9164725123278,630.9164725123278,7455861
2020-01-28,633.710693359375,641.0956927330944,626.9245122898986,636.5049960454853,5152895
2020-01-29,639.2992553710938,639.2992553710938,631.0191051197371,633.5110442900445,3961063
2020-01-30,634.10986328125,639.8980743689406,630.5171364290369,632.7126815757406,4587093
2020-01-31,630.117919921875,636.9040998362262,628.5211322935913,636.3052816339125,8545904
2020-02-03,640.6965942382812,640.9750195210074,633.3115935539043,633.9104119644231,10563115
2020-02-04,646.8839721679688,648.2810932021895,641.3951388141868,644.6884266442087,5702726
2020-02-05,644.6884155273438,650.9785970015561,641.4949003579643,646.0855974487084,9308103
2020-02-06,651.474609375,652.8717913224913,644.2892153373418,647.4827305664385,4636089
2020-02-07,653.670166015625,654.4685296086637,647.7821203083937,650.6762568583015,5301121
2020-02-10,647.2830200195312,656.0652007105531,645.6862931181964,653.6700494473241,9487551
2020-02-11,654.268798828125,654.268798828125,646.4846486844057,650.0773755354327,7122498
2020-02-12,654.6680297851562,656.6639689003549,647.7820154732298,656.6639689003549,7081040
2020-02-13,660.4562377929688,660.4562377929688,643.690361489896,653.0712996497437,7486437
2020-02-14,641.8941040039062,661.4542851737789,641.8941040039062,661.4542851737789,10767420
2020-02-17,636.9042358398438,645.6863564814563,630.5172057852714,642.0936901452798,6217083
2020-02-18,635.7066040039062,640.8960578514898,631.7147257998,631.7147257998,13390887
2020-02-19,638.7005004882812,638.7005004882812,631.1159564094735,635.1078345375253,5526210
2020-02-20,655.0673217773438,664.4482002148816,639.2993521173332,639.6985643534988,12292898
2020-02-21,667.6417236328125,671.4339962783749,649.8778753058459,653.4705418308554,9335545
2020-02-24,658.2608032226562,660.6559549161525,645.0876516421401,660.4563487898215,10873772
2020-02-25,638.5009155273438,661.8534277136613,633.5110677021672,657.4623372630145,10281381
2020-02-26,639.6985473632812,639.6985473632812,623.7310329205161,633.9103355600256,9972277
2020-02-27,630.5172729492188,635.9063339387698,622.9327272488218,630.7168790805428,12877339
2020-02-28,607.1646118164062,630.5170594024412,599.1808565573409,617.9426692339007,21369825
2020-03-02,609.559814453125,625.9265401221685,598.981361145163,617.1444198970942,11833285
2020-03-03,610.7573852539062,617.7431723401438,608.1626887006527,611.3561426396634,15309331
2020-03-04,612.5537109375,616.1464379424176,604.3703482671768,609.9590144155279,8967459
2020-03-05,607.963134765625,612.1546195592479,601.9753167493737,609.3602557560095,9467930
2020-03-06,595.9874877929688,599.7797602847353,580.8183369146689,581.816306565725,11913152
2020-03-09,553.673583984375,570.2399177487921,550.0809173860007,557.0667053693575,15279096
2020-03-10,549.6817016601562,568.6431260664846,549.5799189832732,560.6593684217147,12368076
2020-03-11,537.9056396484375,557.4658203620692,535.710094243136,556.0686994032288,10834999
2020-03-12,502.3778991699219,522.1377158623789,502.3778991699219,511.1600500739969,14494401
2020-03-13,521.7384643554688,538.7039465688221,506.7689212260393,523.9340095300305,15098223
2020-03-16,495.9909057617187,499.38399641021294,471.74025595199384,493.2963755803644,15519760
2020-03-17,481.9195251464844,511.1600533914048,471.34104104517553,507.7669323066638,22440084
2020-03-18,476.330810546875,478.2269768832584,456.07204271361314,464.25540445877135,12571134
2020-03-19,495.59173583984375,506.768977681628,467.24940378182566,475.4327366641936,12589360
2020-03-20,469.0456848144531,524.8900722511905,460.56294370610664,519.542919283178,30250684
2020-03-23,438.00885009765625,461.86031737839886,427.72977542926566,443.5974859328147,17117813
2020-03-24,484.1150512695313,484.1150512695313,434.6157538140524,454.0761607012488,11968424
2020-03-25,522.5368041992188,522.5368041992188,479.02535849996184,495.0926734907705,14690819
2020-03-26,536.5084228515625,536.5084228515625,497.38803351542737,504.57342668717394,16495524
2020-03-27,515.15185546875,522.5367930411952,497.9867683067924,522.5367930411952,8943020
2020-03-30,507.36773681640625,519.1437963295646,497.0886621537515,513.5551300419095,7855795
2020-03-31,520.7406005859375,521.938176461788,497.5867157475445,512.756842628587,12679800
2020-04-01,486.6099853515625,507.3677409474483,482.9174856318602,499.3839841097053,10226844
2020-04-02,497.0886840820313,500.3210909364867,480.02339713637167,489.90329048734833,7163998
2020-04-03,498.9848327636719,499.7482941764966,482.8975666282699,495.0927571592387,8877474
2020-04-06,515.5512084960938,523.53496742541,504.97275227924854,506.9686920115776,6399855
2020-04-07,527.3271484375,546.4881155718813,515.5510587091575,529.3230875899338,7870305
2020-04-08,528.1255493164062,528.1255493164062,510.1620956723872,517.1478832006168,6237671
2020-04-09,537.3070068359375,545.4903111089192,529.9220053720911,532.3171574444866,7372286
2020-04-14,527.7262573242188,543.4941631794212,519.3433501042091,538.9035278621224,11320533
2020-04-15,517.5469360351562,533.9136594944274,510.960361983452,528.7242061357886,8805097
2020-04-16,525.1314697265625,528.7241349233838,515.5509276830167,515.5509276830167,8437103
2020-04-17,557.2662963867188,560.2602054412794,533.7141752774335,537.7060540168477,10577906
2020-04-20,546.8873901367188,561.657329366923,537.3069054769202,561.0585719173991,5679995
2020-04-21,533.5145874023438,548.0849818461979,531.5186479643833,542.6959209992095,6031064
2020-04-22,509.3636169433594,533.5144601069721,506.1701328779522,533.5144601069721,12605078
2020-04-23,512.55712890625,518.2555568801948,506.1701604278053,510.3616142022121,11716163
2020-04-24,503.97467041015625,515.3714666937911,498.88501913271256,503.97467041015625,6349627
2020-04-27,512.9564208984375,516.9482996602931,505.7710269448503,516.9482996602931,7841794
2020-04-28,511.5590515136719,524.1335015525281,511.5590515136719,512.9562329328382,15080716
2020-04-29,535.1112670898438,543.8933866554295,512.5571194634522,514.3535133226707,8281951
2020-04-30,507.36773681640625,543.3944453445116,507.36773681640625,539.3027943629752,13053454
2020-05-01,501.9786682128906,508.9644548480601,492.59776082249994,504.57339505421896,4415548
2020-05-04,490.50201416015625,508.5652683821004,490.50201416015625,504.1742086292663,7063900
2020-05-05,495.0927429199219,497.9868487755906,488.2067585169538,495.8911064471352,7059024
2020-05-06,489.5041198730469,500.7811648866521,487.8075592631055,496.190528799737,12946764
2020-05-07,511.1600036621094,511.1600036621094,488.705689315571,490.20264360534026,8740929
2020-05-11,501.9786682128906,516.5489988303252,499.5835474576694,515.9502414832295,6071735
2020-05-12,516.14990234375,523.1356897202592,500.1823883403005,502.3779032424053,7822974
2020-05-13,503.97467041015625,515.551093920431,498.9848221882735,509.1641247431609,6819068
2020-05-14,491.6996765136719,511.7588428393778,488.00717649293017,498.98484303980587,6804652
2020-05-15,495.491943359375,503.77507947497855,484.8136556606218,497.7872614283396,5254687
2020-05-18,499.9827575683594,511.5591802852909,492.9969705364661,501.57951498105786,6248943
2020-05-19,496.2902526855469,508.1471410305306,489.20469313577854,506.5693574824188,9019204
2020-05-20,497.1884765625,500.78114282781246,491.5998406027911,491.5998406027911,10874212
2020-05-21,492.9969787597656,499.15345951147486,490.40225172780174,492.8971757093795,21617037
2020-05-22,492.6976013183594,493.79534350855585,484.7258136137175,488.8054955326989,15253733
2020-05-26,512.3575439453125,515.3514523183987,497.4877746611622,505.7709089777897,9537457
2020-05-27,501.37994384765625,517.7466399440249,498.28623185523867,513.5551552503474,8047063
2020-05-28,509.9624938964844,511.1600696651808,503.974675964236,504.9726456196108,8548294
2020-05-29,495.1925048828125,511.3596238400463,491.4002023042,502.5774734913757,12871928
2020-06-01,497.2882690429687,504.3738597150655,488.4063451663931,499.982799305304,5723476
2020-06-02,495.9909057617187,507.3677534446068,495.9909057617187,497.5876632597208,9082856
2020-06-03,512.3575439453125,515.8773598072746,496.78918385853103,499.7830922316173,16747402
2020-06-04,510.162109375,518.7446242042809,507.56738213227015,509.96250325801407,10209433
2020-06-05,513.3555908203125,518.9441962617155,510.5293097033523,516.3494996448993,10807241
2020-06-08,522.7365112304688,525.3312689701714,504.1792636341236,509.5633296011136,11262564
2020-06-09,529.5226440429688,586.135490655396,519.942160271932,523.3352812677573,12127822
2020-06-10,527.9258422851562,541.8974146707748,527.3270849759756,531.5185079626838,9810354
2020-06-11,515.5512084960938,528.325271511997,508.56544988856547,516.9483906732228,11989779
2020-06-12,503.7750549316406,520.1417811595799,501.7791156800008,509.9624787939704,10190973
2020-06-15,496.9888000488281,523.7343698772434,495.29223975396707,496.19043664866496,6814432
2020-06-16,507.9665222167969,509.9624614003599,496.39006886100816,506.9685526250153,11012708
2020-06-17,505.5714111328125,514.1539558803875,505.1722293794495,508.3657138619692,11233393
2020-06-18,499.9827575683594,506.7689385028099,498.9847879923746,505.3717871875541,5811720
2020-06-19,504.9725646972656,508.3656548906703,497.8869751884544,502.9766257063674,18396878
2020-06-22,505.9705810546875,507.567338486417,499.9827635274131,501.9787027031712,25106458
2020-06-23,507.9665222167969,509.9624614003599,504.77300734085,506.5693708794257,6906691
2020-06-24,478.6263122558594,503.5755567390086,478.6263122558594,498.98488966298504,8123655
2020-06-25,484.8136291503906,488.5061289261544,473.037599818176,483.11709906998186,9557071
2020-06-26,484.21484375,496.0906754487706,484.21484375,485.9113737323306,6145358
2020-06-29,494.6935729980469,495.59173960156585,479.2250432569839,481.819740010346,6014784
2020-06-30,482.4184875488281,495.092713362078,479.52438186594225,493.49595594736405,7126941
2020-07-01,482.3187561035156,483.9155137552793,474.4348013639804,482.3187561035156,5696184
2020-07-02,482.5182800292969,488.70570345493775,478.6262048544129,487.60793085289,5638975
2020-07-03,481.2209777832031,485.93837008930234,475.8319173045555,482.9175079161408,4819997
2020-07-06,491.20068359375,493.79538037039777,486.1110321873103,487.2088049150706,4508560
2020-07-07,488.2067260742187,493.92309260669833,487.0091504073648,489.504074333632,4993161
2020-07-08,478.925537109375,496.3900026355444,478.3267493430699,484.0151874395523,5953184
2020-07-09,476.92962646484375,485.61197345193693,473.1193856679458,480.72192890584614,8544033
2020-07-10,473.53656005859375,477.62824137888464,470.44284830639265,473.23718137041254,5298979
2020-07-13,475.4327087402344,480.9215415101178,471.54063341271274,475.0335269935477,3873790
2020-07-14,467.448974609375,473.6363985771534,464.7544748471101,470.6424896486703,5828342
2020-07-15,488.4063415527344,490.80146262619064,470.5007839459593,471.0416757006556,5879328
2020-07-16,476.330810546875,488.506050127601,474.3428814547652,485.0131570214792,5524377
2020-07-17,485.21282958984375,486.80955657840013,478.0274363188797,480.8217390044685,7572338
2020-07-20,488.9052734375,491.7993790235216,484.81359221662154,484.9133952621285,8297425
2020-07-21,494.3941345214844,503.1762852885777,484.4144385058887,494.09475582326263,9640071
2020-07-22,485.1130065917969,493.89512649020537,478.4265983935988,492.19859652072006,8339882
2020-07-23,492.49798583984375,499.78315156363817,488.40630448642423,489.6038801600739,9904525
2020-07-24,476.92962646484375,492.1985783605304,476.92962646484375,486.8095185999276,3652655
2020-07-27,477.4286804199219,480.3227863498729,472.1394533912395,476.92969558870215,5043750
2020-07-28,483.4164123535156,484.1150031751312,475.1332778117915,480.82168560187296,4853285
2020-07-29,475.9316711425781,485.6119879362031,475.9316711425781,481.32070060830586,14930323
2020-07-30,503.97467041015625,507.9665489876624,489.005125744508,489.40430751113536,11152932
2020-07-31,489.2046813964844,508.5652844093116,487.408317948523,506.56934532643015,21978583
2020-08-03,491.100830078125,491.100830078125,479.72398310391185,488.2067244245571,8349529
2020-08-04,512.1580200195312,516.9482620025597,490.40226407887263,493.0967942290859,8774797
2020-08-05,523.7344360351562,523.7344360351562,509.5632859306918,513.9543460974891,10434117
2020-08-06,506.9022216796875,511.2944670608403,498.21762114213413,509.4976310966529,5416193
2020-08-07,506.9022216796875,507.1018802746943,501.1124879879853,504.90575758411785,4005761
2020-08-10,516.4853515625,516.6849492556353,507.28463512876954,510.49592805065055,4554312
2020-08-11,526.2679443359375,531.0594459485195,522.07535757721,522.275016170911,4866224
2020-08-12,535.0524291992188,539.4446750038456,524.6707905304215,527.4658892755049,4759697
2020-08-13,533.2556762695312,537.4482638745887,529.0630886644739,529.0630886644739,7513685
2020-08-14,533.0559692382812,535.4517507742993,528.464125709378,532.0577370861497,7199456
2020-08-17,534.653076171875,538.0470896052201,527.8651102324355,537.4481747298066,3383549
2020-08-18,537.8475341796875,540.6425723465409,531.6584819284149,535.4518132912115,6849686
2020-08-19,537.0488891601562,537.2485477728042,529.2626906849208,536.2503156368188,4784746
2020-08-20,527.6654663085938,533.6548589383269,526.8668928100799,530.061247731388,4156464
2020-08-21,529.0631103515625,532.4571244869874,519.6797025140445,529.8616839930556,3780310
2020-08-24,540.6424560546875,541.0777203243105,519.6795829214946,531.6583675690333,3230495
2020-08-25,536.250244140625,544.8350149946232,534.6530363796453,540.6424283970151,3441317
2020-08-26,529.8616333007812,536.0506850529522,522.9099550654893,536.0506850529522,6473927
2020-08-27,526.2679443359375,530.061213907263,521.875698983509,528.4640670121518,5361043
2020-08-28,518.681396484375,529.0630351295165,517.2839080422725,526.2679973180568,7284044
2020-09-01,500.31396484375,518.8810584286427,492.9969061380983,516.8845941323207,9099801
2020-09-02,513.0914306640625,515.686810417137,501.11264239953186,507.3016951883262,5961977
2020-09-03,509.0984191894531,520.8775468989733,505.5047771965665,514.2892387862482,4465961
2020-09-04,502.9093933105469,513.8899480156997,499.5154097671348,502.3104783338975,4423803
2020-09-07,517.8828125,517.8828125,503.10898928578865,505.10545352898623,4516610
2020-09-08,512.2926635742188,522.6742395947293,506.303271702955,520.0788608214128,5402655
2020-09-09,513.6902465820312,518.0824924690489,509.09840300426777,513.8899052000331,4081455
2020-09-10,506.9022216796875,514.0086541497514,505.67639589322465,511.49412565584714,4385504
2020-09-11,507.1018981933594,508.8987037574132,500.1142736119549,506.9022395912976,3915982
2020-09-14,519.2802734375,522.6742255167884,508.2997219692714,509.697240608867,6759631
2020-09-15,530.2608642578125,533.8544751795725,518.880994793493,518.880994793493,8159624
2020-09-16,523.8721923828125,538.446417557107,519.4800077118383,538.446417557107,4889398
2020-09-17,526.6671142578125,528.7744046600957,513.6900998488413,517.683027359294,3281599
2020-09-18,527.4658813476562,531.6584075477576,516.6849256123842,526.0683319961198,14300830
2020-09-21,499.3157348632813,526.8669179012318,495.6222637135999,521.8757571387584,7156120
2020-09-22,497.8183898925781,503.7079535381161,493.226515868325,498.4173048170924,6399869
2020-09-23,498.616943359375,512.2927355729006,497.8183698497556,503.10898789414415,9423878
2020-09-24,488.5348205566406,498.8166302416189,486.095140876211,489.9323395094996,6251985
2020-09-25,491.92877197265625,492.22825988404526,482.745054832296,486.63815397134147,5837194
2020-09-28,493.02685546875,501.51182878981206,490.5312750802024,495.9217226267397,6089059
2020-09-29,487.2371215820313,492.2073233875859,485.70382626675973,491.03039159051445,14950594
2020-09-30,481.1479187011719,489.3334348977222,478.6523382099832,483.5436698799872,8924714
2020-10-01,485.54010009765625,491.15716640698406,479.6505366457203,487.0374482869769,5685558
2020-10-02,492.32806396484375,492.32806396484375,476.9552658765824,480.04979135397105,5321133
2020-10-05,494.2247009277344,500.06634472987696,493.7255848957863,498.8165745143819,8445617
2020-10-06,496.0215759277344,497.7185828594827,489.13377981490345,494.0251115203266,5423295
2020-10-07,492.6275329589844,498.4172668549163,490.131952751492,495.6222292079751,7227262
2020-10-08,491.8289794921875,495.37269134558176,488.2353377544362,491.6293208820131,10192735
2020-10-09,497.4190368652344,501.63858412566714,491.2300162027832,494.8236578094205,12375645
2020-10-12,489.4331970214844,497.0197672381598,488.33516605865617,496.5206511773736,4946438
2020-10-13,482.2459411621094,493.2264944342336,481.7468251042856,491.5294876521819,4533404
2020-10-14,477.9535217285156,485.83957976257534,477.9535217285156,482.44556622018825,5139585
2020-10-15,473.5613403320313,476.2565794048074,466.87320300092114,473.7609989535808,5572059
2020-10-16,482.5453796386719,484.14255705363576,474.6593523278429,477.254761819206,5134537
2020-10-19,481.2476806640625,490.4224105389098,480.0497900104823,480.7485646356749,10696896
2020-10-20,478.552490234375,486.03923141596294,477.6540873853101,479.95000916221255,4883550
2020-10-21,464.0780944824219,478.7521184520294,462.2812888983836,477.4543984514454,8269722
2020-10-22,441.6073913574219,454.359394883687,439.4108546137486,453.0893835364212,9205886
2020-10-23,457.2828063964844,459.67904208277,439.4108425461256,440.309427119759,11017463
2020-10-26,447.0987243652344,459.6789986158905,439.9100179861359,450.193875799332,7023353
2020-10-27,431.22357177734375,446.59944690408184,430.4248368888571,443.3046274018461,7039683
2020-10-28,412.9522705078125,427.2777921780301,412.1535050994158,425.23299539023327,10093180
2020-10-29,404.76513671875,417.0458931767357,402.0693832058659,410.35637320183224,8609252
2020-10-30,396.3782653808594,405.76353811456,395.2799819772828,402.2690194021343,8893823
2020-11-02,412.25335693359375,412.25335693359375,395.6933335010721,397.97576415349135,14454738
2020-11-03,429.3266296386719,429.3266296386719,413.55138427242207,414.3501193024392,9010753
2020-11-04,441.5075073242187,449.7944969672209,424.43428059066224,425.0333470579387,11040617
2020-11-05,431.0239562988281,447.1985683032587,430.685467439156,444.90218236410567,20159675
2020-11-06,429.8258972167969,441.3078898253757,426.53107674312145,436.11602011010154,13120248
2020-11-09,441.2079772949219,457.6821382497002,431.6230048272752,435.1175238176827,17335552
2020-11-10,462.8739929199219,466.8677287855471,438.9115777261704,442.0067291159873,12931691
2020-11-11,474.6554870605469,477.3512708755481,461.17662892511186,464.27178022053926,12019969
2020-11-12,470.262451171875,472.95823537287816,460.3779598845133,469.2640170929538,12299195
2020-11-13,470.4621276855469,473.058031790815,460.3779378765508,467.1672771007404,7325029
2020-11-16,486.03759765625,489.9474803072102,469.2639207616205,473.1578067761112,7224720
2020-11-17,494.4245300292969,495.12341554889633,479.0486220210813,490.93001102193654,11340949
2020-11-18,498.3183898925781,498.3183898925781,476.9519094842502,494.82387107211093,27155043
2020-11-19,507.0047302246094,511.79720083224504,496.52117410934454,498.3183734395467,11777463
2020-11-20,520.1840209960938,530.9670940802688,504.2090798522598,507.20438131672864,13069076
2020-11-23,523.3792114257812,529.5695155543218,522.7801143516465,525.3760797937242,7036459
2020-11-24,525.7752685546875,529.9687031320965,521.1824969801157,528.7705702614697,7334732
2020-11-25,515.7909545898438,531.1458985946342,510.00004986331584,528.5709579113052,7444671
2020-11-26,509.80035400390625,522.6282246710995,502.61161775615767,516.9890597818703,4644158
2020-11-27,503.4103698730469,509.20127413609293,496.8207002314466,505.4072376147571,15004327
2020-11-30,503.2107543945313,514.592926786429,502.21232035803416,506.2060565040225,21458880
2020-12-01,508.4026489257813,512.1966862657597,495.85232514839106,501.21391131659135,6132832
2020-12-02,515.9906616210938,517.7878305726068,510.0000578230015,510.5991242967681,11367074
2020-12-03,530.5677490234375,532.3649176867964,516.7893137453716,516.7893137453716,5807380
2020-12-04,520.783203125,534.1622444650027,519.7847690231962,532.5647742779493,6074306
2020-12-07,515.7909545898438,529.9687288786342,515.7909545898438,523.7784261959711,6469922
2020-12-08,511.9969482421875,519.7847213338254,509.6007127116672,515.1919492627399,7299638
2020-12-09,514.5928955078125,521.7815713819787,510.1997616384232,512.1966295900413,6644050
2020-12-10,510.3995056152344,520.8591140308137,507.60387195465074,517.1888450613283,6287477
2020-12-11,501.8128967285156,509.2013016785214,497.5196125697471,509.2013016785214,9764961
2020-12-14,503.2107543945313,513.394793754717,500.6148198056811,502.21232035803416,12926474
2020-12-15,501.2138671875,512.3963401572875,496.4213961831839,501.61323469289505,5871884
2020-12-16,503.2107543945313,511.3979256817228,499.9798294089343,504.00948943581346,15748857
2020-12-17,493.0267028808594,506.8051105267441,491.9284498436163,504.8082425029743,10404344
2020-12-18,491.42926025390625,500.2154678607501,489.7319101510936,495.9222135580447,15342808
2020-12-21,489.6320190429687,500.2154253539967,476.6523772673161,484.14063213788495,8255222
2020-12-22,493.4260559082031,494.4244898291264,479.74749900364,490.2310551733345,7799450
2020-12-23,500.4151306152344,500.4151306152344,490.1312421821221,492.1281101726541,4956977
2020-12-24,503.2107543945313,507.0047915453047,498.9175002255093,502.0126213628193,1507915
2020-12-29,502.4119873046875,515.9906649590412,500.6727109364074,513.9937970134259,4590290
2020-12-30,492.22796630859375,505.606975931746,492.22796630859375,500.6148058880483,3913273
2020-12-31,488.0345153808594,494.0251192380865,480.3465920459566,485.33876192697926,2550910
2021-01-04,493.1265869140625,508.80201418646107,491.72878529348066,495.22330457983026,6092231
2021-01-05,500.0156555175781,500.61472191629366,491.0297509461935,492.4275826997906,4389098
2021-01-06,504.2091674804687,510.59913895458055,488.4339225472126,509.40103644244,9058315
2021-01-07,498.5180969238281,509.472930412334,495.7224938393364,507.0047861436355,6737773
2021-01-08,499.8160400390625,505.00787828238975,488.83326662037257,502.81134188052334,11313346
2021-01-11,495.6225891113281,501.4135240978539,489.432317122706,499.4166562686626,10655263
2021-01-12,493.3262023925781,499.0172574134842,487.2357494307369,496.9205705724996,10919459
2021-01-13,493.0267028808594,496.7209209127488,490.430798825789,495.02357090462925,8745157
2021-01-14,500.8144836425781,501.01415215398714,489.43234251952134,494.92372933474746,7240858
2021-01-15,494.8239135742187,498.218583197438,486.536892806296,496.9206311405505,8375200
2021-01-18,487.23577880859375,495.3231000835954,484.6398443849185,494.4245156018812,3624482
2021-01-19,485.0392456054687,494.2248509833784,485.0392456054687,489.03298177503143,5904832
2021-01-20,490.6304931640625,493.2264278255232,482.4433521176583,486.0376903737535,6044692
2021-01-21,479.1484069824219,495.5227163176225,479.1484069824219,492.4275957037915,5540299
2021-01-22,478.3497314453125,482.3434674115104,475.1547304844392,479.9472319257491,12699880
2021-01-25,470.4621276855469,481.2452030345042,465.5697765568757,479.2483349721203,5979913
2021-01-26,469.3638000488281,475.6539216663078,466.2686487490422,470.7616014671807,14478094
2021-01-27,475.7538146972656,480.1469183297884,466.06899243051816,468.76477649604664,7763191
2021-01-28,471.1610107421875,476.9519463744518,463.5729060511654,469.1641426903285,4928456
2021-01-29,461.3763427734375,468.66489855297624,458.0814923966894,461.0767943011223,8668533
2021-02-01,468.7647705078125,469.1641380202513,459.2796473558972,463.5729014367437,8034669
2021-02-02,475.35443115234375,477.0517506621101,467.5666277088342,473.5572316793242,6208619
2021-02-03,471.1610107421875,480.9406854328741,467.5666421548835,479.24833244617435,4553716
2021-02-04,476.7522277832031,478.05017977564046,470.2863561341315,473.1578593436551,5061852
2021-02-05,473.2576904296875,476.5525102637519,468.5650386953184,475.35440781035845,5887336
2021-02-08,471.8598937988281,479.647666469352,471.46052631030136,478.4495640037717,3868043
2021-02-09,479.0486450195313,480.74599509250874,468.4652684649771,472.2593056671996,4693729
2021-02-10,479.2483825683594,482.742902024587,474.6555794747876,480.54633474989873,11327282
2021-02-11,478.54937744140625,482.84266168490115,474.3759308658791,477.55094349684265,4521555
2021-02-12,479.2483825683594,480.2468166987101,473.35762729324824,477.2515143076579,4392999
2021-02-15,484.7397155761719,486.8364331072252,478.1031214918973,483.242064549675,5124702
2021-02-16,485.13909912109375,491.4292519221169,484.44021356750613,484.8395810938118,9692834
2021-02-17,481.1453247070313,483.4217529429529,475.5540883734276,481.54469220162,7123094
2021-02-18,471.26080322265625,480.64607583694715,469.9628513338976,477.9503225749595,6443703
2021-02-19,464.5713195800781,473.95662338556417,464.5713195800781,471.1609899544326,7538980
2021-02-22,471.06109619140625,472.658596506234,455.8849193750028,459.4792874659192,5161144
2021-02-23,484.7397155761719,485.33878208072827,472.4589893468123,475.65395992146625,14480890
2021-02-24,495.2232666015625,496.22170060680753,482.4433235223405,484.54001055752497,9793706
2021-02-25,500.8144836425781,506.0063219860109,493.62574689654934,495.22324733675424,13739561
2021-02-26,483.1422119140625,498.3184210718514,481.24519338678584,491.22953349854487,18375219
2021-03-01,488.9331359863281,494.32467342619026,481.9440980721176,482.8426825671301,12076090
2021-03-02,494.72406005859375,501.1439835353032,484.04080378868656,488.6336064038744,8182311
2021-03-03,498.3183898925781,503.4104091249304,491.7287197371685,499.1171248636276,5917000
2021-03-04,496.6210632324219,500.21543170992373,491.8645161216909,493.8254602331357,6836460
2021-03-05,482.7427978515625,497.1202401320885,482.1916603804744,493.4260529288492,9785473
2021-03-08,495.6225891113281,495.6225891113281,485.83794893620467,489.2326181518729,5753246
2021-03-09,498.11871337890625,503.0110338542353,491.82859140631,492.92687489337266,8589111
2021-03-10,499.6163635253906,507.23341425687767,488.43392109635835,499.21699602253005,8492946
2021-03-11,492.7271728515625,504.40886269370895,487.71903674535474,503.8097962072269,7238159
2021-03-12,501.2138671875,502.6116686912765,492.52747921366614,494.0251302112383,5629227
2021-03-15,506.4057922363281,510.0001306526371,407.65067086585935,502.01265778121103,6314784
2021-03-16,502.4119873046875,512.9953630406184,499.38572808290866,510.3994590871481,7204854
2021-03-17,500.2154541015625,503.6101237440226,499.0173210654995,502.4120211777484,9191281
2021-03-18,496.3214721679687,504.8081598799565,494.3246044710305,503.4103585860563,5658940
2021-03-19,488.7334289550781,500.81448610185765,488.23421196942434,494.02511681509384,17542489
2021-03-22,487.5353088378906,492.4276598019378,480.4464518307937,487.5353088378906,6488630
2021-03-23,499.2170104980469,500.215444519043,483.3419156581666,486.23736822509767,8341789
2021-03-24,499.11712646484375,505.60694715224565,494.4245051727479,497.6194755369818,4671601
2021-03-25,492.0281982421875,500.31320662745185,487.3355773417901,499.117084802974,5982334
2021-03-26,493.2263488769531,500.2153862092177,492.1280654879261,495.2232166861715,4513385
2021-03-29,498.2185668945313,500.21543489811654,492.2279628837753,494.72404788825696,5309518
2021-03-30,512.1967163085938,515.192018743147,502.2123748600832,505.60704485861834,8184570
2021-03-31,504.2091674804687,514.0906414281613,500.0157325135083,512.1966394405554,12329732
2021-04-01,509.6006774902344,515.9906486199034,507.8035085840038,511.7972138789844,5799234
2021-04-06,520.783203125,522.9797703368845,515.3916955390087,522.3807342516349,5315409
2021-04-07,525.3759155273438,527.9718192181883,520.7830831533385,522.9796498592048,5383139
2021-04-08,525.9750366210938,529.7690737601985,521.3822644431633,528.9703387213729,5981522
2021-04-09,514.1935424804688,522.3807139855493,511.0394926878506,521.9813159844902,9402079
2021-04-12,504.2091674804687,514.3932064174942,501.6132329994831,513.9938084436599,8424561
2021-04-13,501.8128967285156,502.8113306533755,495.82229317935656,501.6131977556295,8251978
2021-04-14,514.1935424804688,515.990711606077,498.47119202650725,501.81296619237264,7972842
2021-04-15,521.9812622070312,524.7768651076894,512.1966215849411,514.9922244855993,6878454
2021-04-16,521.1824951171875,526.5740625459515,517.4363569913154,522.9796639469192,8763710
2021-04-19,522.1809692382812,524.9765721820437,517.5622370679565,523.5788011799493,6545564
2021-04-20,517.1887817382812,529.7690250263568,513.2439804479811,523.3790843639897,9473947
2021-04-21,525.5757446289062,527.7722509390882,517.9876087605911,519.7847779869138,9676276
2021-04-22,499.2528076171875,514.9324636157851,498.65357830047407,511.5369019365704,13036346
2021-04-23,495.6574401855469,498.95318604209,488.3669035104623,490.86366682084304,9797228
2021-04-26,497.65484619140625,498.9531813875331,490.3643095843326,494.9583601281903,5727971
2021-04-27,493.85980224609375,497.45514765027366,489.3656281103861,496.5563189187459,5558146
2021-04-28,496.7560119628906,498.8532991962661,490.2644274888651,490.36430411484815,5034794
2021-04-29,497.25537109375,501.35006898787,493.2605498269144,499.0530589506665,4461185
2021-04-30,505.5446472167969,508.3849593065581,500.7508433745972,501.3500726646306,8201569
2021-05-04,499.3526611328125,509.7391903887615,499.1529078771323,507.7417797442302,7004976
2021-05-05,499.3526611328125,503.1477291661949,496.65614457146825,501.35007177734377,7753244
2021-05-06,503.7469482421875,505.7443588462232,499.2527743831072,503.54722546862416,4913139
2021-05-07,507.3423156738281,509.3397263654574,502.9480182478575,508.9402503227452,4679809
2021-05-10,512.5355224609375,512.9349679685308,504.9453568211902,508.7404244020318,5558043
2021-05-11,502.947998046875,513.3345271305569,496.1567836812647,507.7417713230152,9301946
2021-05-12,509.3397521972656,509.7392282602377,501.9493383590369,501.9493383590369,8377636
2021-05-13,506.9427490234375,508.1891189304223,495.05816362803137,504.3461094928124,7551066
2021-05-14,524.7198486328125,525.119294224526,509.3397608825307,511.5369249834482,10129958
2021-05-17,522.123046875,527.1255941951605,519.9258833258068,524.9194091393706,10597712
2021-05-18,519.726318359375,528.5149137526913,518.3281064066504,524.719845396048,6010947
2021-05-19,519.1270751953125,522.3229447925374,511.7366915176313,522.3229447925374,11493933
2021-05-20,515.5316772460938,522.9220597375169,510.5381508507541,521.3241556734612,17459093
2021-05-21,519.1270751953125,522.3229447925374,511.1374316803214,513.9337947193399,5727383
2021-05-24,520.9246826171875,521.5788638759121,514.3332517346927,519.7262849702878,2901735
2021-05-25,519.3267211914062,522.7213071120544,518.1282627205078,520.3254264244666,7153170
2021-05-26,523.1219482421875,525.7186192128352,518.3281738544168,519.3268793917085,6960468
2021-05-27,527.31640625,532.1101795701367,521.1244211065949,524.1205370511972,9653041
2021-05-28,525.918212890625,532.3099515126312,524.9195075406951,531.9104449902044,4873227
2021-06-01,527.7158813476562,530.9116894001029,523.3215538413451,525.1192111098792,5769953
2021-06-02,530.3125610351562,532.7094783488444,526.1179862142718,526.7172460207635,6337733
2021-06-03,531.3112182617188,531.3112182617188,528.3151023692654,530.7120194656816,3590512
2021-06-04,531.9104614257812,534.5071319895161,527.28450003979,531.7107691145346,3083370
2021-06-07,534.706787109375,536.6712202391941,528.5148026938183,534.3072806479348,2299684
2021-06-08,534.706787109375,536.3046910428803,530.3124598580437,533.9077741864945,8424865
2021-06-09,533.5084228515625,534.1076216933606,528.5148959827836,533.5084228515625,3373293
2021-06-10,534.3074340820312,536.3048450505622,530.5123654330515,535.1063862782146,3379666
2021-06-11,535.1062622070312,536.4395556635969,529.513537174347,532.9090984598585,4744137
2021-06-14,533.1088256835938,541.4979737793243,533.1088256835938,537.503152963477,8816271
2021-06-15,536.7042846679688,538.5019421241434,532.7094632292973,536.7042846679688,6055769
2021-06-16,541.6978149414062,544.0946712463028,535.3060762160726,536.9039804193369,4863320
2021-06-17,543.2957153320312,544.4941739541383,534.5071203634759,538.9013873696848,3687266
2021-06-18,535.3060302734375,545.2930830770464,533.3086197127158,545.0933298297476,9580867
2021-06-21,538.3021240234375,538.5018772625386,526.5174143900317,531.7106938260108,3577585
2021-06-22,537.503173828125,541.0984883194982,535.1062568631226,539.1010778340396,3922952
2021-06-23,532.1101684570312,539.500612015155,532.1101684570312,539.3008587651263,4533214
2021-06-24,532.9090576171875,535.305974422425,529.1139901390001,534.1075160198063,4007860
2021-06-25,534.3074340820312,534.9066329901325,527.2935152254024,533.907927505867,6295721
2021-06-28,524.91943359375,533.3085817338119,524.7197413168049,531.5109245484068,4748146
2021-06-29,522.7222900390625,526.6321986834052,521.5238316904287,524.3201938664919,5507683
2021-06-30,521.32421875,524.5200882209215,513.990707443135,521.9234176074865,5451635
2021-07-01,525.5186157226562,525.9180611737139,519.7261385553049,525.5186157226562,2580311
2021-07-02,524.7198486328125,528.7146702867931,521.9234247101133,525.9182463640939,3567318
2021-07-05,526.7172241210938,528.1153750324971,520.9246843465444,525.3190122535535,2227187
2021-07-06,525.319091796875,527.3165027923004,521.524023096796,525.319091796875,5658354
2021-07-07,528.3150634765625,531.3111791484523,524.3202425807094,527.9155570045255,3334905
2021-07-08,532.3098754882812,532.3098754882812,525.5186922699004,527.5161026844905,5528740
2021-07-09,537.303466796875,543.2337673346349,533.7081519963019,536.3047614682563,6194083
2021-07-12,535.5057983398438,538.9013598133569,528.9143067333752,537.5032089558401,4328956
2021-07-13,537.9026489257812,542.0972233670908,534.5070874874898,536.5044980827673,3936728
2021-07-14,537.303466796875,538.7016786393955,532.1101868968304,536.9039602829732,13800782
2021-07-15,532.5096435546875,537.9026152506319,529.3137746110926,537.3034164920148,4352976
2021-07-16,539.1011352539062,542.8962033892656,533.1089031592957,535.7055736406425,5223755
2021-07-19,526.5174560546875,534.3073453470246,522.4157786761353,533.7081465384352,6224069
2021-07-20,533.5084228515625,534.9065738011375,526.7172385012509,529.1140948245817,7666066
2021-07-21,540.299560546875,545.0933337357316,535.5057873580184,536.5044926455358,4859261
2021-07-22,543.0958251953125,545.4927418354438,540.0997098732096,541.6976746186712,4385680
2021-07-23,551.2853393554688,551.8845381679661,544.2944020810335,544.6939085934554,5204083
2021-07-26,550.0869140625,553.282783486865,546.891044638135,548.0895032917892,5439307
2021-07-27,552.68359375,554.4812512820491,546.2918547958918,549.6874775445381,5385140
2021-07-28,559.8741455078125,561.4441316362714,552.68351638615,554.2814204229346,6327762
2021-07-29,572.0584106445312,586.240038764997,561.2724050867604,567.2646371695372,11500976
2021-07-30,575.2542724609375,580.0480458735515,566.2659244537354,567.4643830459229,11132940
2021-08-02,581.8458251953125,589.2362705988423,578.849708565149,578.849708565149,6958521
2021-08-03,574.0558471679688,584.4424076279049,571.4592375310546,582.4449968437741,8410494
2021-08-04,575.2542724609375,582.0454565418186,575.2542724609375,576.452731053125,7784233
2021-08-05,575.6537475585938,580.3835777262733,574.255535784665,574.255535784665,5089767
2021-08-06,574.0558471679688,579.0493741282958,572.258189653479,575.4540590993162,4213557
2021-08-09,568.662841796875,574.3354807816011,567.4643832043529,573.656368468937,6288822
2021-08-10,570.2606811523438,571.6588928441006,567.4643187249591,569.2619759314114,5915719
2021-08-11,577.6511840820312,577.6511840820312,568.2633296491344,568.2633296491344,4574476
2021-08-12,578.2503051757812,579.2490103660676,575.2332206971184,576.8520935269295,5584820
2021-08-13,579.4487915039062,582.8443527407471,578.4500862655183,579.2490382650026,3398078
2021-08-16,579.2491455078125,580.0480976552157,575.6538303664275,577.0519813853476,4951971
2021-08-17,577.6511840820312,579.6485947310616,574.0558083400953,575.6537734330009,3570292
2021-08-18,574.455322265625,582.0454584474357,571.8586518146946,579.0493424352258,5695933
2021-08-19,569.261962890625,572.6575849464588,561.4720745370315,567.0647992636813,5381242
2021-08-20,573.0570678710938,574.4552796221196,569.2620000619074,570.0609520812942,6453333
2021-08-23,571.2593383789062,579.4487326937448,571.2593383789062,576.0531108454065,2932362
2021-08-24,570.8599853515625,572.2581973015967,560.2737324366419,560.2737324366419,7336329
2021-08-25,567.2645263671875,572.6575585707341,567.2645263671875,567.6640328104595,4744359
2021-08-26,568.2633666992188,568.8625655505407,562.8703332127634,563.4695930202248,2617069
2021-08-27,570.2606811523438,570.2606811523438,566.0661070332022,569.4617291668237,3053376
2021-08-31,567.6641235351562,574.2555542097182,565.4669596582573,570.0609797094811,7082940
2021-09-01,565.4669799804688,573.4566227609597,564.668027893647,564.8677201982498,7862946
2021-09-02,567.4644165039062,570.4605326829595,564.2685470550216,566.265957841057,2777947
2021-09-03,563.4695434570312,569.4617752677275,563.2697902054479,566.265906110796,3557207
2021-09-06,563.6692504882812,567.4643181326369,563.6692504882812,565.4669076928571,2364922
2021-09-07,556.0792236328125,563.6694221897316,555.2802714047547,563.6694221897316,6479030
2021-09-08,554.2813720703125,556.478535646321,549.4875994220107,550.6860578231177,7973015
2021-09-09,555.2802124023438,558.4760819311394,547.0908157835989,549.2879798944048,5247347
2021-09-10,553.68212890625,557.5571095503306,553.68212890625,557.2774428648651,3627971
2021-09-13,554.2813720703125,554.481125296518,547.8896345684925,551.8844552680985,12656709
2021-09-14,550.8857421875,557.2834532978941,549.4546142724705,553.6821654019941,6772040
2021-09-15,548.2891235351562,556.6782711192368,547.0906651722698,552.4836973271965,14659610
2021-09-16,553.482421875,557.8766880848112,551.6847647457079,551.6847647457079,9094367
2021-09-17,559.4747314453125,564.8677035898965,554.4812048543264,554.6809581091928,38901493
2021-09-20,557.277587890625,560.0739506923971,551.6279292547788,555.4799304434956,6383062
2021-09-21,556.8779907226562,563.0699751047922,554.4811348353351,558.8754011068208,5693339
2021-09-22,562.4707641601562,564.8676199954391,558.5098960408093,559.0751421983479,4029103
2021-09-23,559.6744995117188,568.0635878329078,559.6744995117188,565.6667315794839,3754356
2021-09-24,561.072509765625,562.8701667440738,557.4771958087275,558.0763944828366,3579512
2021-09-27,565.8662719726562,571.2023707518547,565.4668265157213,565.4668265157213,4795657
2021-09-28,565.8662719726562,568.662694951803,561.6717594161769,564.2683682326756,5111318
2021-09-29,570.0609741210938,571.4591859261775,566.2659061651818,566.8651049638553,4587089
2021-09-30,564.46826171875,573.4566096411628,564.46826171875,572.4579043164503,5290540
2021-10-01,564.2685546875,564.2685546875,550.4864322686617,556.6784179803544,10345283
2021-10-04,563.269775390625,570.4604655655615,562.2710701151098,564.0687274198107,3333918
2021-10-05,564.2685546875,568.8086899468329,562.2711438744469,563.4696025535069,7155073
2021-10-06,562.0712890625,563.6692539979509,556.278810942298,561.8715358260524,6786875
2021-10-07,568.862548828125,573.6563833223378,566.4656925371563,567.6641511607095,3329417
2021-10-08,574.255615234375,575.254320652174,569.0623348705924,569.4618414201685,4254364
2021-10-11,585.0415649414062,585.8405170071032,572.8573478320875,574.8547584743976,8622232
2021-10-12,590.6343383789062,590.6343383789062,580.647285386068,581.6459906853519,7280164
2021-10-13,591.832763671875,593.0312222783323,585.0415795101334,589.6356606755298,15892629
2021-10-14,596.22705078125,599.8223653984828,588.836607343887,596.8262495654112,9488853
2021-10-15,598.6239624023438,600.8210652284354,592.6317307905331,596.2270453751667,7944166
2021-10-18,593.0311889648438,596.8262568753232,587.6382169729416,596.8262568753232,5667434
2021-10-19,591.832763671875,594.8288797099495,591.0338115862825,594.2296808847894,7279292
2021-10-20,595.2283935546875,596.8262977455337,590.0351135002312,593.0312295751709,4090752
2021-10-21,584.7391967773438,587.5360238097404,580.3441393219655,584.3396239300341,6486126
2021-10-22,588.9344482421875,592.7302076596826,584.5394514441182,586.3374074508856,11920513
2021-10-25,573.3521118164062,591.931093143812,571.1545828182822,590.9322218688704,7896135
2021-10-26,562.1647338867188,575.3498467342991,557.9694623943618,570.9547887963512,12399559
2021-10-27,557.5699462890625,560.5665600516699,550.334104389876,559.9672007193906,6797527
2021-10-28,554.773193359375,559.9672758046852,553.1749625585885,557.3702345820301,6218491
2021-10-29,551.1771240234375,556.3712665326135,548.9795951580637,551.9762088018659,7260559
2021-11-01,552.9751586914062,556.2914189116553,549.0636238174112,552.9751586914062,6459065
2021-11-02,553.3746337890625,555.9716744708833,549.1793626392872,553.5744202183391,5048402
2021-11-03,559.9671630859375,561.7651799956739,549.5789393201463,552.3757664506956,7414274
2021-11-04,566.3599853515625,569.1568125921451,559.1681003284491,561.1658427811883,8104614
2021-11-05,573.3521118164062,576.5485120894718,566.3600128918159,566.3600128918159,5267096
2021-11-08,570.9547729492188,575.1500443251339,567.4846952578764,567.558647333487,5746009
2021-11-09,567.1589965820312,576.9479211376319,567.1589965820312,570.1556098724959,5883662
2021-11-10,569.3565063476562,570.7549502234318,563.9625782168094,565.7605949045927,9166669
2021-11-11,570.3555297851562,571.5541875751562,566.3600444626683,568.1580006645344,4323025
2021-11-12,570.1556396484375,572.3531683694598,568.3576837735125,569.1567684994507,6331014
2021-11-15,570.1556396484375,573.3520395184466,567.5585990475744,567.5585990475744,5879464
2021-11-16,562.9637451171875,571.5540734246408,562.9637451171875,570.5552022935129,6348605
2021-11-17,564.5619506835938,566.1601200366265,559.5675952475503,560.5664663347591,5066076
2021-11-18,568.157958984375,570.1557014990642,562.4284714951945,565.3611316570626,25694768
2021-11-19,564.3623657226562,571.8009828244427,558.9684355398591,571.7540387929673,12898361
2021-11-22,563.1636962890625,566.7596699928712,559.7675700294511,565.3612256136778,6012065
2021-11-23,567.9581909179688,571.1545912381551,560.7663664053808,561.1658783414883,4455316
2021-11-24,563.1636962890625,567.6316706012765,561.3657399202949,566.9593955045216,9562527
2021-11-25,560.566650390625,563.9627766224634,556.9706767162238,563.7630511124462,4085101
2021-11-26,549.1793823242188,550.5778264130229,539.5902430378097,548.5800839811659,13783610
2021-11-29,549.1793823242188,553.7202713564932,544.9461900098881,552.1759959720041,8177986
2021-11-30,547.5811767578125,553.1748308126844,534.9953636849657,545.5834344573216,21422924
2021-12-01,552.9751586914062,554.972901404838,548.1805883724239,548.580161301618,5600624
2021-12-02,550.9773559570312,552.176013647768,546.3825726031805,548.7798879846538,4828206
2021-12-03,550.1782836914062,555.1726400447528,547.980754702681,554.1737687740836,3529962
2021-12-06,558.1693115234375,559.3679693653315,552.1760832802374,553.3747411221316,5315995
2021-12-07,557.5699462890625,560.766346495763,555.9717157025807,558.3690310991718,3553271
2021-12-08,553.574462890625,557.7697343637927,548.1406008132273,556.3712902173157,5867511
2021-12-09,549.379150390625,564.1624316987937,547.3814080255682,562.5642621932518,3662271
2021-12-10,549.379150390625,552.1759775084528,547.3414751261201,548.1804927783392,5245258
2021-12-13,544.18505859375,551.9762423478882,542.3871024914511,549.978499797275,4190474
2021-12-14,538.5913696289062,542.3870680407274,529.4017422865295,533.9965254745877,7313589
2021-12-15,530.400634765625,542.1873033449418,528.2031058181645,540.5891337283867,5885421
2021-12-16,534.5958251953125,538.5913095974206,532.5980829942584,537.3926520835374,5316411
2021-12-17,531.9988403320312,536.0263328998803,529.4017992880683,532.9977116514427,16687570
2021-12-20,528.203125,530.9999524136704,516.816028894428,525.2065111354392,10724780
2021-12-21,538.5913696289062,538.9908815338945,529.0021694152807,530.8001863696396,4530936
2021-12-22,543.5857543945312,543.5857543945312,538.1918251791267,538.7911845176515,4259187
2021-12-23,543.1860961914062,546.1827095146023,541.9874386688771,544.3847537139355,2903082
2021-12-24,544.5845947265625,547.5812083501868,543.1861506490337,544.1850218569085,752855
2021-12-29,548.1805419921875,555.172640897614,546.5823723431671,547.7810300630645,4620601
2021-12-30,548.7798461914062,550.9773139964318,546.1198273865824,548.1804869085518,2432540
2021-12-31,549.1793823242188,550.378039976585,546.1827686764333,547.3814263287996,1387264
2022-01-04,553.9739379882812,557.7696972860347,532.3983446551756,549.7787277602534,6085071
2022-01-05,546.382568359375,556.770853643389,546.382568359375,552.5755822415271,6608487
2022-01-06,549.1793823242188,552.375782408442,539.704128012868,540.5891142537382,5418915
2022-01-07,557.969482421875,559.3679266249436,547.181684601647,547.7810439599332,5497487
2022-01-10,571.3543701171875,572.1534549450776,556.1715145222191,557.7697451442637,11687701
2022-01-11,570.5552368164062,575.7493792058073,569.0139488162837,574.5507215826749,7374208
2022-01-12,573.15234375,575.5496592732507,571.1546011360465,572.1534724430232,5798396
2022-01-13,577.5474853515625,577.9469973523289,567.5587708382747,570.555385192261,6129135
2022-01-14,579.1454467773438,582.142060052459,573.352006638705,574.3508777304102,5767344
2022-01-17,589.733642578125,592.530470037542,579.5451430787158,583.3408418426579,4867259
2022-01-18,598.3238525390625,598.7234254080633,588.1353540421403,588.1353540421403,6172388
2022-01-19,597.724609375,600.920948757006,593.9288496679027,596.9254635632327,6908439
2022-01-20,598.3238525390625,600.5213813860473,595.1274524858355,597.3249813328202,9693482
2022-01-21,596.3260498046875,601.120618916399,592.6791704241405,595.7267515280688,10456183
2022-01-24,597.324951171875,600.521351063705,591.9310225440207,591.9310225440207,10648061
2022-01-25,602.3192749023438,609.1115862071625,597.3249193890573,600.7211055245937,10938803
2022-01-26,607.313720703125,609.9107615696266,601.919791560375,608.3125919542814,7906357
2022-01-27,603.3182373046875,612.7076514770604,602.1195796068561,604.9164069242873,8972354
2022-01-28,591.531494140625,607.7132186059927,590.133050175051,604.5168188034346,14226047
2022-01-31,576.5485229492188,594.9277181745699,575.9491635932059,594.3284197848226,8803110
2022-02-01,579.744873046875,584.3396562135027,576.7482594252673,576.7482594252673,6917036
2022-02-02,571.5541381835938,581.0484142379975,567.9581651243444,579.7448945801332,7011252
2022-02-03,571.95361328125,577.347542039751,571.3543149597537,573.9513556412492,4146703
2022-02-04,571.95361328125,574.9502268212486,565.1613014505047,574.1511420705008,5786757
2022-02-07,575.7494506835938,575.7494506835938,569.7861572271559,573.1523486833403,5668901
2022-02-08,584.9390258789062,587.5361279140802,577.3476281649741,581.9424118918907,5615745
2022-02-09,590.9322509765625,595.5270956473813,587.3363385961542,587.9356370041331,4704633
2022-02-10,596.3260498046875,597.324920909888,590.0111652174887,591.1319078643942,4281972
2022-02-11,601.1206665039062,603.3181953025647,589.9612805595577,592.730185135745,3487827
2022-02-14,599.3228149414062,609.8299247126715,594.5282446151289,602.3194290161133,8912354
2022-02-15,601.5203857421875,602.1196842120869,591.531671468708,598.1241985026951,5048591
2022-02-16,597.5248413085938,601.9198385772241,592.9299966146062,595.9266106021455,10761612
2022-02-17,593.7290649414062,597.7245497365268,591.0880065715849,595.7268073389665,5447250
2022-02-18,596.7256469726562,598.2638865895557,590.7324200970002,595.9265012828969,11087618
2022-02-21,591.1319580078125,604.3170699081513,590.4407225615579,597.5247580098735,3561393
2022-02-22,592.3306274414062,596.1263258455864,583.9400848921571,586.5371866175249,13355673
2022-02-23,600.1217651367188,602.4111699722529,590.732413056516,590.732413056516,7609235
2022-02-24,631.0868530273438,639.2017065951667,591.5315753202506,594.1286162227187,22401138
2022-02-25,652.2628784179688,664.2493325389728,639.0777666916126,641.6748683309186,15539024
2022-02-28,718.7877197265625,755.1466572394094,707.0010512909458,713.1940651705532,38701541
2022-03-01,745.3577270507812,749.9525103409645,703.0055623400214,713.7933594746453,26604321
2022-03-02,723.1828002929688,747.9547956235634,717.5891455611862,745.557541152627,18844748
2022-03-03,693.2167358398438,727.977447576311,691.4187795539743,712.9943769169483,16322121
2022-03-04,690.8193359375,709.1985914257428,689.0213798708,693.8159497040876,26962362
2022-03-07,739.9638061523438,751.151176290346,683.8272299863287,683.8272299863287,20404039
2022-03-08,753.5484619140625,753.5484619140625,717.5890985113688,745.7572177371375,18025351
2022-03-09,721.7843017578125,765.5349089104507,700.0089218808373,759.1421088703022,16094194
2022-03-10,733.371337890625,733.571124348574,712.7945520472227,726.1794521683316,8436967
2022-03-11,732.172607421875,747.1556757865791,723.5823392792825,731.97282098376,9660850
2022-03-14,722.7832641601562,748.7539185302685,717.3893956015087,738.5654798196229,9845177
2022-03-15,731.5732421875,733.1714116137798,711.396033107875,722.183829150903,9483679
2022-03-16,705.203125,728.1771644830029,694.6151137986873,724.381465805151,15555408
2022-03-17,722.5834350585938,723.1827333793108,682.8283133732989,704.2041809839974,9391919
2022-03-18,721.9841918945312,726.3792501742126,714.992092519027,723.1828496950142,21202402
2022-03-21,730.374755859375,732.7720105607929,717.7889400534189,729.775396459318,8675796
2022-03-22,735.9683227539062,737.966065248334,727.5778408570676,737.1669804438154,13091322
2022-03-23,734.1702880859375,749.1533551897321,732.1725458054316,737.9659862256476,8105216
2022-03-24,747.954833984375,747.954833984375,732.5722521999053,732.5722521999053,6987952
2022-03-25,754.1477661132812,755.5462101985386,744.1590539793305,748.1545388329108,12980013
2022-03-28,730.7742309570312,759.7414991431474,726.1794472864299,750.1523588887329,9419755
2022-03-29,712.1951293945312,737.1669081250548,697.4118485793126,732.77185068198,12239160
2022-03-30,729.7753295898438,729.7753295898438,710.5970498707311,713.3938772492463,17758389
2022-03-31,716.5902709960938,733.3712960805676,713.5936571964997,733.3712960805676,7454342
2022-04-01,712.9942626953125,724.1816325220082,706.4017370478234,718.9874899989429,8941490
2022-04-04,726.3792114257812,740.3634094308079,717.7888817857915,719.3871124232679,6595287
2022-04-05,739.9638061523438,742.9604198875446,723.9818662312725,727.7775647692745,8218011
2022-04-06,733.9705810546875,740.7628933498481,728.7764383702955,735.1692387458953,7208956
2022-04-07,733.9705810546875,733.9705810546875,721.5846141555741,730.5744553902385,6585566
2022-04-08,742.7606811523438,747.1557392994353,727.1783131149584,729.9751405875319,7129474
2022-04-11,764.136474609375,764.2563342771109,738.5653960547027,744.7583487752606,8448854
2022-04-12,770.72900390625,776.3646640685714,757.5439526618086,759.7414205583751,14021739
2022-04-13,759.3419189453125,775.7233704880679,758.9423460680149,769.9299295648219,4093524
2022-04-14,764.5360107421875,765.9343937873324,751.5506856538365,757.7436380768133,8888185
2022-04-19,759.14208984375,769.3305879796415,757.543920356898,765.3351032962532,21570249
2022-04-20,763.7369384765625,766.9333386912143,753.3487139867731,759.1421550823064,8833749
2022-04-21,740.5105590820312,746.7048041307776,729.9203824558824,744.1071860247189,12719856
2022-04-22,744.3069458007812,752.299503608038,737.7131100011452,738.9119448895323,11303323
2022-04-25,731.5189819335938,741.3098546101256,726.7234586816584,741.3098546101256,11344274
2022-04-26,726.3237915039062,737.1137338450135,726.3237915039062,737.1137338450135,13455899
2022-04-27,724.3256225585938,725.7243447038531,714.5117616266012,725.1248662222922,10504576
2022-04-28,730.9194946289062,735.5152526313194,716.5329250460475,727.522693648047,9730687
2022-04-29,739.3115844726562,740.310654181403,729.1210612477634,734.1164097914975,8945094
2022-05-03,765.8867797851562,770.4825368251046,741.7093427068171,747.3041084320716,13176285
2022-05-04,764.8878784179688,781.6723012435157,734.1165382017766,767.6853228744842,11591208
2022-05-05,759.2930297851562,766.2575534869427,746.3051226967259,761.490995488105,12572417
2022-05-06,755.2968139648438,776.0774548517974,753.8980917698511,757.8943712088186,9913516
2022-05-09,743.5078125,763.7948946303436,742.5087426259012,755.2968248186886,8674896
2022-05-10,745.1063232421875,749.9018465923691,733.5171367310497,748.3033591351045,7993963
2022-05-11,744.1071166992188,752.0996744746742,734.9156630617698,746.3050822831443,10634407
2022-05-12,730.7197265625,740.392666885147,727.6475745197129,735.9148410984817,11302341
2022-05-13,740.5105590820312,741.3098027383638,721.9278239357923,731.5189307469299,4928731
2022-05-16,752.89892578125,758.0941005842735,735.3153228861919,739.9110192628798,4960398
2022-05-17,757.2949829101562,757.2949829101562,747.3042839271726,752.8990509662885,3942273
2022-05-18,754.4974975585938,762.2902295178845,751.8998795865774,756.4956370855083,9131450
2022-05-19,747.1043701171875,761.2911732046028,743.7075694484471,754.2976847368441,24247537
2022-05-20,747.9036254882812,756.6954884827692,742.6585090551152,749.3023475951446,9450364
2022-05-23,762.290283203125,764.7260037501236,747.7038880207357,754.2977245325811,5464896
2022-05-24,768.6843872070312,774.6788064647568,757.7965134508802,760.292175854861,10863821
2022-05-25,764.0885620117188,776.8766431082166,763.4891445300003,771.8812941659611,5022159
2022-05-26,770.2828979492188,770.2828979492188,762.2903386968273,762.2903386968273,5179317
2022-05-27,766.0867919921875,776.6769695865121,765.4873744397337,767.285688075483,6744046
2022-05-30,760.8916015625,771.6816051250171,757.8943919014423,765.2875334567393,8815339
2022-05-31,755.2968139648438,766.4864085896295,749.7020471416433,759.4929195714366,16088348
2022-06-01,777.4761962890625,779.3544525501342,755.2968326581846,756.8953200819795,8489129
2022-06-06,793.4613037109375,798.2568268958613,784.6695010421796,791.2633377991516,9716263
2022-06-07,793.0616455078125,799.6555431944191,788.0662961899523,791.0635057806684,10015135
2022-06-08,791.8626708984375,795.2595324888622,783.0708691671008,792.6619754926875,7756379
2022-06-09,776.6768798828125,790.6638569562373,776.0774014212087,790.6638569562373,7213770
2022-06-10,770.482666015625,785.2109578575905,766.4863866908328,773.4798755092191,7286019
2022-06-13,764.2883911132812,786.0960894666758,757.4947287212839,773.479845398163,14017602
2022-06-14,774.0792846679688,779.0746337700831,765.8868999448246,768.8841094060932,11904880
2022-06-15,762.8897094726562,777.2763396361966,761.2912221115447,772.6806427392128,19822012
2022-06-16,756.895263671875,771.0820671696869,754.0978803995247,764.8878221519512,11047857
2022-06-17,753.6983032226562,762.2902793588072,744.0672554384092,759.492896033901,15301385
2022-06-20,757.2949829101562,760.2921926050512,748.1035276501339,759.0932965314158,6587917
2022-06-21,761.2910766601562,766.8858423335014,757.4946241690741,762.4899724411223,5675964
2022-06-22,759.2930297851562,763.2893088892887,750.9907623854564,758.8933774833911,9312353
2022-06-23,763.289306640625,776.8766311632946,756.4956443792901,758.6936100757637,7325878
2022-06-24,782.2716674804688,782.6713197990148,755.0969562356622,759.6927139854123,13632822
2022-06-27,797.8571166992188,803.2521180025285,784.1099674935531,785.6685139400944,9995061
2022-06-28,825.8310546875,825.8310546875,798.456579337968,801.2539625226703,16620500
2022-06-29,826.2307739257812,839.8980422883081,821.4352507951659,822.2344944872043,13217750
2022-06-30,829.4277954101562,831.4259350950864,819.6369231496756,821.0355843420963,9007379
2022-07-01,837.6201171875,841.5763944393343,826.4305235995092,827.2297672175702,6447602
2022-07-04,835.2223510742188,846.6287231520175,833.1842706386473,840.2177000638972,3804463
2022-07-05,803.8515625,834.967611933206,801.8534228358405,832.6248224466029,12958908
2022-07-06,817.039306640625,823.4333780368115,801.2540152931206,802.2530851376257,7358311
2022-07-07,815.640625,824.4324272155877,806.8487618060298,822.634113736233,11346395
2022-07-08,809.0467529296875,825.2316967072746,799.8552981072468,812.0439624818931,6179003
2022-07-11,811.24462890625,816.6396298937757,806.2492802060884,813.2427683863147,5476504
2022-07-12,819.6369018554688,829.2069711390735,806.4491680818713,809.4463775313989,5509946
2022-07-13,808.846923828125,820.7868573292867,796.5903295776935,819.63692695961,17026696
2022-07-14,796.2587280273438,812.6434991434777,793.6611706208686,810.24570693874,7836331
2022-07-15,791.8626708984375,803.2520906043281,789.0652877537003,797.857089485037,12420780
2022-07-18,809.2466430664062,809.2466430664062,794.0607679391119,796.8581515466266,13679896
2022-07-19,810.4454956054688,810.4454956054688,798.4826338859198,805.2503200546006,6961661
2022-07-20,802.452880859375,812.0439266114131,794.8599137421616,812.0439266114131,15320753
2022-07-21,782.4714965820312,807.8478334671843,771.3858095469501,807.8478334671843,9926379
2022-07-22,779.2745361328125,790.2643052321214,778.1465579012838,790.2643052321214,6216070
2022-07-25,780.07373046875,781.4724526568895,765.6142309978906,777.6759994041483,11340253
2022-07-26,786.2680053710938,796.0588781215876,783.0709695195237,784.2698655861609,11779056
2022-07-27,781.2725830078125,785.8682796929766,776.6768863226484,783.4705487618228,10182447
2022-07-28,778.6751098632812,788.5669019875851,760.1703033867998,783.2708070438672,9775355
2022-07-29,769.2837524414062,780.6301828889152,747.703868972065,779.2744505250608,12853880
2022-08-01,786.2680053710938,795.6592867516332,765.2875376292984,766.6862598701061,10819580
2022-08-02,801.453857421875,804.7457755511437,782.6713561667261,786.0681571186742,10944937
2022-08-03,796.058837890625,820.6359925902595,794.0606982066734,807.2484323164305,11296914
2022-08-04,793.0616455078125,803.052344143533,786.9653314446646,798.4566471624556,6743666
2022-08-05,791.4631958007812,799.8553464673242,784.8692978002243,794.4604055342012,4245405
2022-08-08,790.8636474609375,799.6555106856601,790.7847414336605,794.2605092503425,5654513
2022-08-09,798.0569458007812,802.8524686556595,789.6647960493397,791.8627008314719,19358693
2022-08-10,788.8656005859375,801.6537446063766,786.2680431321302,792.4622889585822,5986564
2022-08-11,789.664794921875,793.6610741249647,780.2735144032617,788.2660728094411,4276490
2022-08-12,777.2762451171875,791.4630473908372,775.6777579504566,788.2660120789986,2712233
2022-08-15,781.07275390625,782.0718237017244,774.478917647471,775.0783351334032,4503472
2022-08-16,798.6564331054688,801.2539902285725,782.8810817280458,786.0681168714568,5780719
2022-08-17,798.856201171875,799.7323995482482,790.6638774563087,797.2577138562481,4118786
2022-08-18,797.4575805664062,801.2540338678587,793.6611272649538,796.6583368679509,3616292
2022-08-19,802.2530517578125,805.2502611666213,792.4621798847136,797.2577027431313,12873415
2022-08-22,807.6480712890625,808.2474887929823,797.0578945522112,800.454756350111,9254110
2022-08-23,796.2587280273438,810.4455331188663,794.2605881828586,802.6527999210518,5890171
2022-08-24,806.44921875,808.2475323370256,796.6583461287393,798.0570073726986,4672990
2022-08-25,809.0467529296875,822.4343133208929,808.6471615764241,809.2465790955114,5472968
2022-08-26,812.2437744140625,820.208344001914,810.6452870722516,812.4436005763847,5285966
2022-08-30,789.26513671875,816.4398472925908,789.0653105644109,813.0429856039678,9462677
2022-08-31,775.47802734375,793.261458422533,770.9082462527456,788.6657615182397,9295445
2022-09-01,760.2921142578125,776.4770571380834,756.6954873859218,770.4826383660113,9468327
2022-09-02,763.6890258789062,763.6890258789062,752.8990226010836,757.2949543793362,5360707
2022-09-05,786.6676635742188,790.0644646468531,760.8916113740362,760.8916113740362,4347391
2022-09-06,782.4714965820312,787.2670195307043,780.6731830985767,784.0699839054614,4068707
2022-09-07,778.07568359375,788.6458609931391,778.07568359375,781.4725458968736,10393947
2022-09-08,786.6676635742188,793.0616743465592,777.0765559481267,781.0728355477348,7771871
2022-09-09,783.6704711914062,794.8600055348561,780.6732614254704,786.6676809573422,4961844
2022-09-12,789.8646240234375,797.4575917108392,784.6615212530738,789.0094631335483,6029150
2022-09-13,793.2614135742188,802.0532155340252,787.2859591082611,788.26606462224,5204498
2022-09-14,770.6824340820312,793.8608036358902,768.4844684234057,793.4612123205628,6236050
2022-09-15,774.0792846679688,789.265158134073,768.4845180649536,775.2781806481527,4392714
2022-09-16,764.0885620117188,773.0801901077785,764.0885620117188,771.8812941659611,8148971
2022-09-20,771.08203125,774.8784841555079,761.1023097235474,766.086682432653,5495796
2022-09-21,804.251220703125,816.0402326121648,778.4752310427264,779.2744747185559,11853200
2022-09-22,809.2466430664062,809.2466430664062,798.2568738395786,803.4520496697568,7242841
2022-09-23,795.0597534179688,811.6443490766075,788.1921850132886,811.0448705954233,9656305
2022-09-26,812.3866577148438,823.0337275092667,797.0579114952724,797.6573899903182,8336558
2022-09-27,800.8543701171875,812.4436170039926,794.4603596422738,811.4445471505637,10114385
2022-09-28,808.0477905273438,808.2476167197391,787.8665646632613,796.0589507243316,14498236
2022-09-29,824.232666015625,832.0253990259134,808.4473738197305,808.8469651919784,12290564
2022-09-30,789.0653076171875,856.0120083196117,787.4668203452065,829.227925354111,13085087
2022-10-03,798.2568359375,799.4557319919069,778.2754382920057,789.2652069970276,6142312
2022-10-04,813.84228515625,813.84228515625,789.2651909435394,798.2568197011241,13234124
2022-10-05,820.6359252929688,829.6275531333808,808.2474358770493,810.045749249456,9362263
2022-10-06,817.838623046875,829.8274622470445,815.5407743958538,818.6379277762646,7193643
2022-10-07,845.4129028320312,845.4129028320312,818.6378435681779,818.6378435681779,6534327
2022-10-10,836.82080078125,854.1037196596537,829.6275473418387,845.4128372446911,5337664
2022-10-11,833.4240112304688,841.8161606802336,826.0308705686094,837.420290295608,5955681
2022-10-12,821.8348388671875,843.0171442893629,821.8348388671875,832.6248420909264,6636914
2022-10-13,818.837646484375,830.2740208264078,798.8562489520243,821.2354385796115,8205553
2022-10-14,790.064453125,831.6257969418501,783.17090750324,824.2326553990374,10402636
2022-10-17,789.664794921875,794.8599091031865,775.0783392435688,792.2623520125308,8916712
2022-10-18,798.0569458007812,802.6527034779249,777.0764799546049,799.2558417590961,6384053
2022-10-19,808.846923828125,814.7214594073969,800.0551213692423,801.25401738145,5247603
2022-10-20,808.7510375976562,824.3385049328078,798.359352050077,801.9564411316603,4766440
2022-10-21,812.3480834960938,817.7437778178598,797.5599633000498,810.1498354025515,6320342
2022-10-24,812.3480834960938,823.3392629775908,798.5591614347313,808.3512909573676,5142546
2022-10-25,804.7542724609375,814.7462546817775,804.1547169359553,813.9468473151346,4917226
2022-10-26,814.3465576171875,814.3465576171875,799.7582878506805,805.3537735453413,11897395
2022-10-27,805.5535888671875,817.9436097682719,804.5543906822832,814.1466688628786,4115867
2022-10-28,813.7470092773438,813.7470092773438,799.5583831491863,805.3537203040066,6900090
2022-10-31,813.7470092773438,817.3440982737933,802.755829471706,815.9451964494984,10777981
2022-11-01,819.9419555664062,821.141005511581,809.5503316760563,816.9443611965761,5507238
2022-11-02,818.3433837890625,820.5416321820774,813.9468870030328,819.9420766278611,4702898
2022-11-03,822.7398071289062,826.1370443546365,812.5988969705922,817.9436070682235,5546428
2022-11-04,798.159423828125,819.7421392107233,797.953595363704,819.3424355793705,5697732
2022-11-07,787.9677124023438,800.9572896003641,784.3706231112266,800.5576468936961,6040315
2022-11-08,786.1690673828125,794.5623559721028,778.5751860772363,788.5671672615279,4251021
2022-11-09,799.9580078125,801.5567614308728,787.3681356221645,787.7678392733113,4554830
2022-11-10,776.3770141601562,807.1513312492121,761.1891890732928,797.3601767050253,7907192
2022-11-11,713.4274291992188,777.9756007799018,713.4274291992188,776.9764026997909,18002159
2022-11-14,725.6177368164062,739.6065114579213,701.6369802880946,702.036622971836,8432222
2022-11-15,738.0076904296875,755.593613537669,719.4226302104036,719.4226302104036,9079242
2022-11-16,769.1827392578125,771.5808392608885,743.480403267874,745.6016868345031,9873088
2022-11-17,773.779052734375,774.9780416959308,753.7950902255969,769.5824084102888,28028668
2022-11-18,769.58251953125,779.3746503772063,760.3898832526334,774.7783627310092,5872667
2022-11-21,781.3729858398438,786.7686804690305,770.7815094032537,770.7815094032537,4208540
2022-11-22,797.5599365234375,802.156223394175,783.7710149250129,787.1682518771455,5380180
2022-11-23,797.3601684570312,805.1539022672623,792.7638811035208,799.3585648692043,4567864
2022-11-24,797.1602783203125,798.4322678212346,786.7686540679925,794.5623875037865,3507166
2022-11-25,806.1530151367188,807.5519168716443,789.7662028832837,793.962786115636,2915809
2022-11-28,810.94921875,815.8453142280354,800.357742433137,802.5559906270756,7606433
2022-11-29,809.7501831054688,816.9443608006034,802.5559444241205,803.555142546913,10467385
2022-11-30,821.9404296875,821.9404296875,809.1507046950412,817.7438459611043,25278027
2022-12-01,814.3465576171875,821.3409452286235,796.96048401713,818.343350538008,6983833
2022-12-02,812.5479736328125,816.9444090409795,806.7925823478794,811.1490717838128,4917487
2022-12-05,815.3457641601562,817.7268491760034,804.7542872064857,809.5504265631248,4536143
2022-12-06,825.3377075195312,830.9331930065325,814.1087421318133,817.9436164959345,9973179
2022-12-07,822.5399169921875,828.7349576269045,814.3464800873177,819.3424707626999,6112781
2022-12-08,830.7333374023438,836.3288224531846,819.7421581347393,821.1409989043428,5635558
2022-12-09,824.93798828125,832.4480139632504,816.3449083770311,830.3336828167844,4909317
2022-12-12,830.333740234375,842.324119154727,821.7406597359445,823.9388470823656,5135673
2022-12-13,820.3416748046875,830.9831594143621,797.3601175324491,830.7333598787943,7237693
2022-12-14,833.5311279296875,836.1290187844269,821.1410461927383,823.539146201895,5759899
2022-12-15,836.7285766601562,838.3272693466644,822.8257317808858,830.1338321093225,5784533
2022-12-16,840.1257934570312,845.7213396963151,826.7365748206832,834.3304563764499,16662343
2022-12-19,843.1234130859375,850.1178003542266,840.3256703758653,843.3232649194177,4178735
2022-12-20,850.5174560546875,850.5174560546875,832.3719839554492,837.1281767874461,4507303
2022-12-21,859.7101440429688,859.7101440429688,838.5271302923223,849.5183103436163,3760082
2022-12-22,860.9091186523438,868.7029131652785,859.1105741440575,862.3080204844645,4488211
2022-12-23,854.314453125,865.1057813882828,841.261938868071,860.5094941051383,2327791
2022-12-28,866.3048706054688,871.9003563325383,856.3128882455441,859.5103347979641,3345607
2022-12-29,861.3087768554688,867.9034600331947,856.4506760984962,861.7084804967548,2590154
2022-12-30,855.3135986328125,862.7076891837032,855.3135986328125,861.5086392313677,2351191
2023-01-03,861.5086669921875,871.4826576729105,853.9147243735018,859.1105670102413,5207922
2023-01-04,849.3184814453125,862.9475597136687,838.9267956307881,861.1090081669565,5938257
2023-01-05,846.9202880859375,860.3095670665924,845.3215955149096,849.9178823962741,4068464
2023-01-06,857.1121826171875,862.7077289908724,845.8262563027605,853.5150935804176,3819417
2023-01-09,834.5303344726562,857.3120408432761,828.7349972096538,856.5126944942788,8257495
2023-01-10,838.7269897460938,844.522327083088,829.3345023133589,833.5311469319472,7797134
2023-01-11,824.3385009765625,846.3208610026041,819.7422137292407,840.7253755722804,8899672
2023-01-12,832.5319213867188,840.3256548587962,823.738989751908,825.7373860773748,4342596
2023-01-13,832.1322631835938,838.6730352055145,829.3345203723525,834.330511458933,8299573
2023-01-16,830.9331665039062,840.3256536141753,830.7893000206057,832.1322164946536,5062797
2023-01-17,837.7277221679688,845.6513558841458,833.3312260771532,833.7309297167594,14380458
2023-01-18,836.7285766601562,844.1226065680273,833.9307729794419,836.7285766601562,4584852
2023-01-19,842.7237548828125,848.319240199892,835.1298122539579,836.7285659061348,4702268
2023-01-20,852.5158081054688,854.9138468890118,842.1241237514844,843.9226680856942,6535849
2023-01-23,851.3168334960938,858.5110724552758,848.9187335142944,849.318437173333,3846851
2023-01-24,858.311279296875,858.311279296875,843.1234540084639,853.1154363052843,7949158
2023-01-25,844.3223876953125,879.694024544725,843.1233377877336,866.9042401788327,5797781
2023-01-26,856.912353515625,860.9091463230416,850.5175216154895,854.5143144229061,5616845
2023-01-27,850.7173461914062,861.1089705659531,847.3200480194831,855.3136333781574,5603437
2023-01-30,855.1136474609375,857.9113897005305,850.173642733057,851.116855408317,13500799
2023-01-31,856.113037109375,871.1010106616617,853.5151460881335,869.5023178772393,14011243
2023-02-01,853.3152465820312,856.9123356391783,843.5231166053825,855.7133466109407,10587669
2023-02-02,829.33447265625,851.988290408505,828.8368861214583,850.1177821834044,15139538
2023-02-03,844.5223388671875,844.5223388671875,827.9356119977455,830.7334157733223,9971954
2023-02-06,838.5271606445312,845.3216963613025,833.1314658477372,839.3265070254068,5308309
2023-02-07,836.3289184570312,842.9236023801255,830.2357852079481,837.9276112304419,4568034
2023-02-08,838.5271606445312,845.3216963613025,836.3289123574589,838.3273088027576,13883727
2023-02-09,842.5238647460938,848.3192016294765,840.5754162200202,842.3240129253812,5592010
2023-02-10,849.1185302734375,853.7148781094164,845.7212933368047,847.7196895299577,7799861
2023-02-13,862.9075317382812,867.5038800000103,855.9091803102266,860.7093445111691,12010066
2023-02-14,864.7061157226562,866.5046602210343,856.7125304087836,861.308817569774,4519890
2023-02-15,877.8953857421875,878.8945837960649,861.3087224423067,864.9058110417815,9022820
2023-02-16,887.2880249023438,889.0865695123342,874.8979425024627,879.2944390924127,5549706
2023-02-17,893.0833129882812,893.0833129882812,883.4910349417509,889.4862239673865,7660911
2023-02-20,888.6868286132812,897.6796116557472,884.6900361499631,895.2815117832711,2815192
2023-02-21,906.0728759765624,907.2719259614198,889.8858536465276,892.0841017877301,11839059
2023-02-22,901.2767333984376,910.069664941667,894.4821981598609,906.472575987778,6532425
2023-02-23,901.076904296875,906.4725988500091,865.9051162506706,883.2911889341324,12441577
2023-02-24,917.06396484375,925.0575493025948,902.0759939834156,904.0743900981269,10008425
2023-02-27,911.8681640625,925.4772373413764,911.4685214131767,917.8633526782592,12123420
2023-02-28,897.280029296875,915.0897135504238,894.8819291002568,911.2688048092984,8948579
2023-03-01,903.8746948242188,905.6733004279126,877.8955408338513,888.2872268244864,16962937
2023-03-02,918.8626098632812,918.8626098632812,904.2743410214003,905.2735391882748,5293317
2023-03-03,907.2719116210938,919.2622893077162,901.6764264284892,918.063239341811,7852972
2023-03-06,911.8681640625,917.6635618467038,905.8120502206344,913.46691761843,12439047
2023-03-07,910.6692504882812,914.0664877266132,903.674863191094,913.8666358923072,3989131
2023-03-08,914.4661254882812,924.5580020381136,908.6707886283908,917.2638680082752,10640138
2023-03-09,934.4501953125,934.849838012092,917.0641217454228,917.4638254312348,19255718
2023-03-10,929.054443359375,941.0448213618264,925.8990165311338,926.456552519997,9002408
2023-03-13,907.2719116210938,934.6089823304673,903.674822709593,932.0520133095372,21226357
2023-03-14,937.247802734375,938.4468526323436,907.471712030248,912.0679988218808,13388298
2023-03-15,910.8689575195312,943.3229530627387,910.2694630579952,937.6475152107556,8325112
2023-03-16,916.0648803710938,921.2607231108276,904.8738485438706,912.867433993856,8058044
2023-03-17,904.8739013671876,923.858667919166,903.2752085783512,921.0609250455924,19906210
2023-03-20,931.6524047851562,932.052047464293,902.4378114015228,902.6756576473084,7166052
2023-03-21,945.6411743164062,951.2366596847712,929.25429990214,933.6507962531527,7853811
2023-03-22,957.23193359375,957.831428155583,942.0031250951994,942.0441078363542,7994164
2023-03-23,974.21826171875,977.6155600515392,954.4341492164748,959.6299921428852,17233926
2023-03-24,972.2199096679688,978.614802944138,963.4269771529029,972.0200578181718,7220631
2023-03-27,980.6131591796876,985.1494971512072,969.6219787408888,976.8161571482176,7080645
2023-03-28,987.207763671875,990.4052099214964,982.41162479055,982.6114766160669,7665488
2023-03-29,985.609130859375,991.0727032057904,978.0151879323508,982.811327104766,4435353
2023-03-30,974.4180908203124,990.2054100855838,968.023197985313,987.6075191761128,4880404
2023-03-31,981.8121948242188,990.2054846791568,973.2191141044386,973.4189659555034,7358593
2023-04-03,989.60595703125,992.0039962051966,978.215072749788,978.215072749788,5848276
2023-04-04,989.60595703125,998.1990374637774,985.2094603996842,998.1990374637774,12804230
2023-04-05,994.2022094726562,1000.1973986755064,982.0119792296172,989.0063666329424,7297332
2023-04-06,1011.1885986328124,1013.1869950727984,992.8033269904554,994.2022288929332,8305711
2023-04-11,1012.6873168945312,1028.6744871661765,1011.6881187525534,1015.6849113204648,7140242
2023-04-12,1025.17724609375,1026.176444189358,1011.6880718030428,1017.1836613288864,6126624
2023-04-13,1016.1845703125,1030.67294422551,1016.1845703125,1023.6785568192294,5891224
2023-04-14,1015.1853637695312,1027.1757420817698,1009.6897737097552,1021.680152021994,7623630
2023-04-17,1026.176513671875,1032.6713017330894,1016.0596322688295,1017.1837302025012,8011631
2023-04-18,1026.176513671875,1030.672905406562,1019.6817256106606,1029.1741081616665,4692363
2023-04-19,1019.18212890625,1029.918508316664,1016.684133492264,1024.677718817019,5155722
2023-04-20,1019.84765625,1025.8438208139391,999.360760656541,1004.3575644598236,6931891
2023-04-21,1017.3492431640624,1034.3383759084525,1015.3505216647224,1024.3447684117525,7973357
2023-04-24,1021.3467407226562,1022.3461015257116,1008.8547306844632,1016.8496171089068,8694496
2023-04-25,1031.34033203125,1033.339053604954,1018.8483221956002,1019.3480025890262,4683395
2023-04-26,1007.3556518554688,1036.3371140616282,1001.359487261091,1031.8399906158447,6908236
2023-04-27,1013.8515625,1018.3486862370626,1005.8566758563333,1006.3563562715624,5827866
2023-04-28,1013.351806640625,1021.3466926890716,1005.2219971307284,1021.3466926890716,5435098
2023-05-02,1014.3512573242188,1021.3467832367996,1004.895329898526,1015.3506181688732,5669384
2023-05-03,1018.8483276367188,1020.8470492210968,1007.8553589226394,1010.8534412992065,4450750
2023-05-04,992.565185546875,1022.845806404869,988.5387690704842,1018.8483630969848,7653526
2023-05-05,989.5670776367188,998.7612092078164,969.3799772514296,994.5638816431692,10184356
2023-05-09,991.1659545898438,995.3632818329452,981.572116030873,989.367117484554,7628295
2023-05-10,993.1647338867188,993.3646182425352,986.5689771177704,991.1660123208384,4467520
2023-05-11,981.3722534179688,995.7630725712298,970.7790538996928,993.1646980317064,5202093
2023-05-12,987.3684692382812,991.1660280745846,982.3716652441605,984.3703868418088,6747253
2023-05-15,980.1730346679688,990.7662954671137,978.5740818284688,988.3678052117228,6872911
2023-05-16,984.5703125,986.5690341814876,980.1731004022694,982.3717064511349,20627643
2023-05-17,985.76953125,989.3672057816576,981.3253522398514,986.1692389778824,8998034
2023-05-18,991.3659057617188,995.9929511088262,984.5702645746774,988.9674154622256,6152574
2023-05-19,984.969970703125,992.4632247552154,982.371657046322,989.367182579714,3511805
2023-05-22,987.3684692382812,989.7669595539162,982.2637630680666,984.7701555597954,4107884
2023-05-23,962.9840698242188,986.968729705232,953.3582682906527,985.1698924133848,5240315
2023-05-24,950.1921997070312,955.7856067613508,937.8001628637838,953.1902819911276,8991752
2023-05-25,946.7944946289062,952.5907753654346,941.997513747225,950.7919380328768,3756486
2023-05-26,949.79248046875,953.3901547675302,937.6002671288892,947.5938746212112,6543293
2023-05-30,941.7975463867188,952.3907453892358,937.9999269366313,948.7930712741528,4776125
2023-05-31,927.606689453125,944.7936942189953,921.4106404094944,938.0000049815344,14216461
2023-06-01,944.1961059570312,944.1961059570312,928.006448209399,930.4049386150276,9166065
2023-06-02,941.7975463867188,947.99353391868,934.4022528215482,944.5957441424652,5674640
2023-06-05,934.2024536132812,952.1909478201974,934.2024536132812,947.5939125879978,4091467
2023-06-06,939.399169921875,943.796381924222,934.002597100462,935.4017266456116,6065801
2023-06-07,930.005126953125,941.7976330742904,921.6105329132072,938.7995507037178,4547465
2023-06-08,938.1998901367188,939.1492950790436,928.606051025988,933.2030862256836,8615181
2023-06-09,939.399169921875,943.9962052911202,932.603528551456,942.3972523790724,3357434
2023-06-12,948.1934814453124,951.5913324440968,941.397840443884,947.19412068051,2738441
2023-06-13,953.1902465820312,956.3882130988306,945.7950138203292,952.19088585779,6052638
2023-06-14,949.79248046875,958.5868428627656,948.1934666722948,952.7905627164466,8540554
2023-06-15,955.3888549804688,959.586182232958,946.1947240931446,950.9916433833586,3115472
2023-06-16,967.7809448242188,970.1793739524984,957.7873376327094,958.5868140088028,11975567
2023-06-19,949.79248046875,973.1774854031,947.5118958097509,967.78097395493,3750674
2023-06-20,957.1878051757812,966.381937149337,943.5965220817563,948.593326306934,10860416
2023-06-21,959.9859008789062,961.1851459641769,947.393979973911,951.7911916211906,5521005
2023-06-22,941.7975463867188,957.38754888026,936.2010898790896,953.989698107909,6412100
2023-06-23,937.2005004882812,942.3971885949256,926.6073009216192,939.59899069016,3616943
2023-06-26,917.8129272460938,935.0018831627924,902.6226318115828,934.40229111775,7646985
2023-06-27,917.8129272460938,919.8116487244204,910.4176333778292,915.814205767767,4392159
2023-06-28,924.0089721679688,929.2056605321826,920.211413323554,923.00961136701,5521181
2023-06-29,919.6117553710938,926.4073961316234,916.2139044927598,922.4099532141192,3861675
2023-06-30,926.407470703125,933.0032276494796,920.0115371218196,920.6111902053976,9137231
2023-07-03,917.4132690429688,936.6010097450576,917.0135003007008,929.405599357256,4644286
2023-07-04,908.4189453125,920.0115059147312,905.420862984736,919.4119138476348,2910237
2023-07-05,910.2178344726562,916.811639695194,907.8194050712076,910.4177188384798,4619598
2023-07-06,897.6259155273438,915.0147574844432,894.4279486513724,910.417722035084,13019985
2023-07-07,887.6322021484375,897.82569367381,885.6334807119384,897.6258093309325,4715402
2023-07-10,896.4266967773438,897.0262888984686,882.8354133985762,889.0314019706885,4551424
2023-07-11,900.8238525390624,902.422805425967,892.2293130325581,898.425362212563,3833718
2023-07-12,911.6170043945312,913.215957399616,898.425428616067,902.6227564995984,6109301
2023-07-13,912.4163818359376,913.4157426046517,901.8231820860248,912.2164974829666,3059447
2023-07-14,917.2133178710938,917.812970940823,910.217792363911,911.417037507228,2958459
2023-07-17,917.613037109375,921.2107113492082,913.415709832144,916.2139076849184,3396413
2023-07-18,915.0147094726562,922.410003673042,915.0147094726562,918.6124448929012,3469550
2023-07-19,925.4080200195312,932.2036606670996,917.657972812355,919.2119714011666,4617670
2023-07-20,933.6028442382812,935.0019127196532,924.0089442413516,927.406795260374,3238148
2023-07-21,926.8072509765624,935.6016140133564,924.808529332012,934.8021375547648,3067269
2023-07-24,919.01220703125,924.973421299391,911.01732028545,924.4087799831232,3417429
2023-07-25,915.6143798828124,919.6118230947034,901.8232130010178,916.2139719661392,3372730
2023-07-26,919.6117553710938,924.040928955256,909.41826373223,921.610476829846,2840670
2023-07-27,920.8111572265624,928.6061600436766,920.0116197100184,923.0097024086124,17292307
2023-07-28,927.606689453125,935.801460059466,918.6124424209282,922.4100011908496,15036025
2023-07-31,930.8046875,936.201199303375,927.6067206927352,929.0057892360649,3751764
2023-08-01,932.8033447265624,942.1972991413968,930.005085840816,933.203052427284,3041167
2023-08-02,992.1653442382812,994.3639500960128,960.1858001145904,979.3735387880328,9706733
2023-08-03,999.36083984375,999.860520263672,973.777226742208,999.1609554765524,26691849
2023-08-04,1008.3550415039062,1013.8515258728572,999.3607943547138,1001.8591963406006,5879532
2023-08-07,1022.3460693359376,1022.3460693359376,1006.4962221376036,1011.3531008484543,5806742
2023-08-08,1025.8438720703125,1031.3033928657617,1015.3505835591208,1022.8457896385436,4801658
2023-08-09,1027.3427734375,1035.8373391711757,1025.2940352577643,1029.3414947866002,10736360
2023-08-10,1021.3467407226562,1030.8406683516828,1012.3524934951572,1027.3429055409888,4227482
2023-08-11,1015.8502197265624,1020.847023561912,1008.355013973538,1019.3479824113072,8901565
2023-08-14,1017.3492431640624,1021.8463665375776,1013.3518001653824,1017.8489235388976,4936630
2023-08-15,1014.3512573242188,1024.344865770763,1008.8547726786196,1019.847741969818,3264338
2023-08-16,1001.8591918945312,1017.3492841382872,997.9616604153874,1014.8508821634878,12712831
2023-08-17,955.1890869140624,981.1674672943102,952.9904808478642,979.3736316499538,5996673
2023-08-18,962.7841796875,964.9827245605442,953.190279802734,954.5894092638894,6971169
2023-08-21,959.9859008789062,968.5654347764148,957.387587357602,963.9833438323826,5339087
2023-08-22,970.1793823242188,973.3773488523246,961.9846121572403,962.1844965020232,3507974
2023-08-23,980.3729248046876,984.1704835680054,967.8279704087918,970.1794326533616,4685015
2023-08-24,989.1674194335938,997.5620755007905,980.972647748216,984.3704992506882,2673290
2023-08-25,990.766357421875,995.1635085035336,986.9687374473428,989.3672278527164,2405503
2023-08-29,1001.8591918945312,1009.854078213889,992.3652643902938,992.7650331047184,5517322
2023-08-30,1001.8591918945312,1006.35631544917,993.1647408230012,1000.3601507096516,3396280
2023-08-31,1006.85595703125,1012.3524411639268,1000.8597925228752,1002.3588336499688,9488970
2023-09-01,1006.85595703125,1015.850203793812,1003.2452905469438,1010.8534000368332,3413429
2023-09-04,1006.85595703125,1021.3466879264888,1006.2863140834176,1011.353080412531,1828172
2023-09-05,1009.3543701171876,1013.8514935484028,1001.8591643984954,1006.3562878297106,2576640
2023-09-06,1013.351806640625,1017.8489300428764,1001.8591579459828,1005.8566009702062,3186969
2023-09-07,1028.3421630859375,1032.3396058967671,1010.8533507885576,1011.3530311399112,2592825
2023-09-08,1026.84326171875,1029.3416638153892,1015.3506120742092,1027.342942138078,3544349
2023-09-11,1037.8360595703125,1041.0839817596272,1025.344051149871,1025.8437314866885,5541993
2023-09-12,1043.3326416015625,1051.827208128012,1038.3358377624745,1038.8355181463835,30966048
2023-09-13,1044.33203125,1050.3281960227273,1040.3345880681818,1042.8329900568183,6516050
2023-09-14,1051.3275146484375,1055.8246380475991,1040.8342267170606,1044.8316697385376,7393024
2023-09-15,1050.328125,1062.8201340984776,1050.328125,1057.3236500951475,14716000
2023-09-18,1054.32568359375,1057.323766106339,1043.3327143809242,1046.830477312278,4528079
2023-09-19,1058.322998046875,1064.319162341758,1054.3255551836196,1061.8207605522234,7739176
2023-09-20,1044.33203125,1056.3243607954546,1036.836825284091,1051.827237215909,6570202
2023-09-21,1028.8419189453125,1046.8304129142446,1028.8419189453125,1041.8336090339858,5058200
2023-09-22,1010.3538208007812,1025.8439139980237,1010.3538208007812,1025.3442335723062,7835072
2023-09-25,1009.3543701171876,1018.348616979618,1004.8572466859722,1016.8495758358796,12966113
2023-09-26,1014.3512573242188,1015.8502985912004,1003.8579684553476,1007.855411833965,6505213
2023-09-27,1013.351806640625,1016.8495692868204,1006.356281348234,1015.3505281527366,6626811
2023-09-28,1017.8489379882812,1025.8438240991366,1010.8534126412828,1018.848298752138,7404500
2023-09-29,997.162109375,1020.3472901656506,997.162109375,1017.349208020208,5451074
2023-10-02,1008.3550415039062,1030.8406593768873,993.7643983047844,1019.8476906389856,4866428
2023-10-03,1014.3512573242188,1019.847741969818,1004.857329300002,1010.8534943679284,4385748
2023-10-04,977.3748779296876,1014.8509085251508,977.3748779296876,1012.8521868933929,6749998
2023-10-05,982.571533203125,990.1666507489622,971.1548244046228,977.1749605810912,3213907
2023-10-06,979.9732055664062,989.76699049799,967.980875605588,983.1711724218534,3120157
2023-10-09,1024.3447265625,1031.3402515243902,1000.360069550305,1000.360069550305,7484235
2023-10-10,1040.334716796875,1040.334716796875,1019.8478179550538,1030.3411076057423,10059896
2023-10-11,1053.326416015625,1057.3238597196691,1031.3404756433824,1044.3321676815258,4792561
2023-10-12,1067.8170166015625,1076.811263816737,1048.3294809686845,1059.3224497872309,4754444
2023-10-13,1078.809814453125,1093.3005437811196,1048.3293148321704,1071.3146096283,6875561
2023-10-16,1076.3114013671875,1093.2755237080178,1076.3114013671875,1080.8085242141256,4352549
2023-10-17,1074.31298828125,1085.805638853561,1072.3142664425873,1079.8094733375726,5629520
2023-10-18,1071.8143310546875,1077.3108148036858,1062.820084919963,1074.3127327587777,3897122
2023-10-19,1039.9464111328125,1077.4264595878635,1032.4504014418023,1059.436036329439,4813551
2023-10-20,1060.935302734375,1064.933174812507,1038.4472722948803,1040.945942343713,6947700
2023-10-23,1067.4317626953125,1068.431230637911,1047.4424038433403,1056.9373492980271,4078459
2023-10-24,1076.9267578125,1081.424363761601,1061.9347379821636,1065.4328759425755,4138553
2023-10-25,1094.9171142578125,1100.4141878574635,1070.430150041184,1074.4280217500211,6930484
2023-10-26,1095.9166259765625,1111.4083794673393,1085.4222123215202,1096.416359960136,8802573
2023-10-27,1083.4232177734375,1107.4104476872403,1081.4242819472872,1100.4141722957147,4192130
2023-10-30,1102.4130859375,1110.408829081199,1087.9208014895455,1090.9192051684329,7907957
2023-10-31,1103.41259765625,1112.907543016517,1084.4227069357166,1106.9107354205587,9313996
2023-11-01,1116.9053955078125,1119.4040652964206,1097.4157711566695,1107.9101842688235,7257869
2023-11-02,1104.9117431640625,1128.3992383828372,1098.4152019333376,1120.4034953296373,12035190
2023-11-03,1081.4241943359375,1111.9079632150929,1071.9292499309547,1104.911688390369,5909696
2023-11-06,1075.9273681640625,1092.4185911781888,1072.4292299489448,1077.426570256256,5259752
2023-11-07,1078.925537109375,1083.9228763271117,1071.4295282827698,1078.425803187601,4560105
2023-11-08,1082.423828125,1087.920902044379,1069.4307443155587,1077.4264881982915,7746112
2023-11-09,1089.4200439453125,1091.918713770875,1076.9266948174993,1083.423236363962,4528132
2023-11-10,1102.9129638671875,1113.4073781133184,1084.4228054335283,1093.917751656218,4797330
2023-11-13,1107.41064453125,1116.4058573478396,1093.9178253063658,1107.910378576616,5583461
2023-11-14,1072.42919921875,1107.9103143839557,1070.4302631531043,1107.9103143839557,5813942
2023-11-15,1067.4317626953125,1080.4248459490943,1062.4344229823191,1068.9309646092104,12360246
2023-11-16,1061.4349365234375,1072.9288176628156,1058.4365327479477,1065.731599355527,11829304
2023-11-17,1054.9384765625,1066.9320925916331,1051.9400725552166,1057.4371465685697,9120862
2023-11-20,1060.435546875,1067.5807914255251,1046.9427288893144,1053.939004881892,6301812
2023-11-21,1064.9329833984375,1068.9308547579813,1051.9399014799208,1060.9351120388935,5863070
2023-11-22,1060.435546875,1075.4275668590951,1057.9368768776508,1068.9310248659872,3466942
2023-11-23,1071.4296875,1074.2261725886544,1064.9331455515392,1071.4296875,2113737
2023-11-24,1067.4317626953125,1076.9267081499993,1062.9341569536186,1068.9309646092104,2471069
2023-11-27,1048.9417724609375,1075.9274111998088,1044.444166004459,1067.4319323375714,6395098
2023-11-28,1049.9412841796875,1052.939688608568,1039.271912951432,1045.4436775363663,5972403
2023-11-29,1034.4493408203125,1048.9416262714185,1033.4498728581673,1046.9426903471278,3569044
2023-11-30,1049.4412841796875,1053.4391557384672,1034.4482897914024,1038.9468713378906,18534771
2023-12-01,1058.9364013671875,1064.9332096807343,1051.9401250013825,1053.9390611058982,4079147
2023-12-04,1046.4429931640625,1065.4328851125983,1043.944323170834,1051.940067149165,3247221
2023-12-05,1043.9442138671875,1052.939424900988,1030.951131262809,1039.4466083502873,3957236
2023-12-06,1030.4515380859375,1051.9401007133358,1030.4515380859375,1046.942760567429,4610683
2023-12-07,1018.4578247070312,1036.9479814853237,1018.4578247070312,1027.453036112687,3884523
2023-12-08,1041.9454345703125,1041.9454345703125,1011.9613932877136,1022.4558077366232,4759840
2023-12-11,1041.9454345703125,1051.4403809764688,1035.448892292416,1043.944370655819,3615505
2023-12-12,1055.9378662109375,1057.4370681033336,1035.4487736815252,1044.9437190000333,8974926
2023-12-13,1065.4329833984375,1077.926334517087,1049.441493966566,1073.4287281143731,11685982
2023-12-14,1045.443603515625,1071.9295074287838,1027.453178216121,1050.4409438765983,7623012
2023-12-15,1057.4371337890625,1064.4334097215044,1042.9448479290045,1048.9416558710975,11119690
2023-12-18,1067.9315185546875,1071.9293904070214,1050.9405631822683,1062.9341787392702,3734811
2023-12-19,1064.433349609375,1074.927762915383,1054.4386702703198,1066.9320194441389,3875640
2023-12-20,1086.421630859375,1089.9197685852332,1057.936795091673,1068.9309422300844,14353792
2023-12-21,1092.9183349609375,1095.916739172079,1079.4255160108023,1084.9225903978945,2967263
2023-12-22,1089.4200439453125,1095.579728685702,1084.4227042941873,1085.4221722244122,1328279
2023-12-27,1094.4173583984375,1098.915940023775,1082.4237435118791,1089.9197528159782,2383529
2023-12-28,1100.9140625,1108.9098069394008,1091.918850005674,1092.9183180605992,2606395
2023-12-29,1109.9093017578125,1112.4079719553763,1097.4159507699935,1099.4148869280448,2024128
2024-01-02,1115.4061279296875,1130.3981457782047,1113.310197960452,1114.9063940014037,4781214
2024-01-03,1133.3968505859375,1133.8965846470423,1116.4058925083705,1116.4058925083705,4973585
2024-01-04,1154.88525390625,1158.8831258366913,1134.9509186754492,1138.394032193179,6488481
2024-01-05,1152.386474609375,1155.884612216602,1143.890997563252,1152.386474609375,4282192
2024-01-08,1144.3907470703125,1160.8819674429417,1143.391279168941,1148.3886186757982,4583019
2024-01-09,1145.8900146484375,1163.3807039256706,1139.3934729168936,1148.388684545185,6917546
2024-01-10,1154.88525390625,1163.880465749743,1138.394032193179,1144.8905740801465,5950265
2024-01-11,1162.8809814453125,1170.8767251939696,1155.3849716809464,1157.8836416024017,8494436
2024-01-12,1188.8671875,1190.3663895018915,1169.8772954760404,1171.376497477932,12538645
2024-01-15,1177.373291015625,1193.8645128337555,1171.3764830817593,1184.9442122299824,5493723
2024-01-16,1180.37158203125,1186.8681233379418,1172.8755728312208,1178.8723801912442,6771354
2024-01-17,1191.36572265625,1191.8654566003172,1171.3763648935612,1177.872906166435,5129319
2024-01-18,1177.873046875,1183.3701209164192,1161.3818247507425,1177.3733128712347,7118786
2024-01-19,1173.37548828125,1190.8661791201955,1170.1882198139187,1182.8704347366777,3638054
2024-01-22,1166.8787841796875,1182.2286445410782,1160.8819767235177,1181.371068865431,6206440
2024-01-23,1163.3807373046875,1169.3775452289383,1146.8895155129974,1169.3775452289383,6039079
2024-01-24,1175.8740234375,1181.8708310368413,1161.3817384057586,1173.875087571053,4006382
2024-01-25,1181.37109375,1182.8702956456218,1166.3790747937817,1175.87402013272,6280639
2024-01-26,1167.378662109375,1180.3717465335376,1163.3807899788635,1178.3728104682818,4085588
2024-01-29,1181.870849609375,1195.363666919926,1179.3721797370508,1179.3721797370508,4037142
2024-01-30,1185.3690185546875,1200.0112487920396,1178.8724767160656,1183.8698165919286,7849362
2024-01-31,1176.373779296875,1191.8655325501472,1175.374311345051,1188.3673947187633,6370946
2024-02-01,1168.8778076171875,1186.868231334254,1168.378073625047,1178.8724874600025,4747961
2024-02-02,1171.3763427734375,1182.8702232699345,1164.8798016232436,1179.3720857275223,4392369
2024-02-05,1178.3726806640625,1184.3694881992485,1168.877735400018,1170.87667124508,3442213
2024-02-06,1204.858642578125,1215.353056304438,1187.867687021237,1188.3674210082047,6824582
2024-02-07,1197.8624267578125,1210.110912272084,1194.2353289934883,1205.3584369377738,4364194
2024-02-08,1194.3643798828125,1201.860390635215,1188.3675712808904,1197.8625182339338,6792438
2024-02-09,1208.8565673828125,1209.6661950397115,1196.3632171618244,1196.3632171618244,4194958
2024-02-12,1223.3485107421875,1224.5978454141057,1207.856760810403,1212.8540994980756,5000524
2024-02-13,1211.85498046875,1225.847532820554,1209.3563104059278,1221.3499267074742,5182328
2024-02-14,1229.345703125,1231.3446392276423,1207.8571400215956,1211.3552782012196,14007418
2024-02-15,1224.3482666015625,1249.334965919962,1222.8490646424586,1229.3456064652423,8292308
2024-02-16,1241.3392333984375,1245.3371053256467,1223.3488097259965,1224.8480116986998,9143526
2024-02-19,1247.3359375,1255.8314146384214,1237.3412585136218,1242.3385980068108,2510368
2024-02-20,1252.333251953125,1261.3284628610086,1237.341233773319,1247.3359125598563,6010268
2024-02-21,1240.8394775390625,1266.3259106258497,1207.8570347208674,1266.3259106258497,15158113
2024-02-22,1231.344482421875,1250.334372978706,1231.344482421875,1242.338629586356,6390567
2024-02-23,1239.8402099609375,1249.335157155318,1231.3447308922814,1234.8428693323162,11372471
2024-02-26,1255.331787109375,1257.3307230761095,1237.8410974004466,1239.3402993754976,4742433
2024-02-27,1234.8426513671875,1255.8314783026071,1225.097838861457,1253.8325424039956,3812473
2024-02-28,1228.845703125,1241.3390510624238,1227.346501372509,1232.8435744649755,9670285
2024-02-29,1241.3392333984375,1246.3365733074488,1221.849607753293,1229.845351607711,12566949
2024-03-01,1249.3349609375,1258.829906640625,1244.33762109375,1251.333896875,7319538
2024-03-04,1259.3297119140625,1264.82678605337,1249.3350316607762,1254.332371787419,4122762
2024-03-05,1279.3189697265625,1284.8160434246065,1256.3312069892884,1258.330142879486,5958124
2024-03-06,1275.3211669921875,1284.3313856457116,1263.8272850012704,1282.8171769862638,4688928
2024-03-07,1271.3232421875,1279.3189858490566,1271.0733751980763,1276.320581975973,5727460
2024-03-08,1257.33056640625,1273.322052147506,1234.3428056531943,1272.3225842886775,5668057
2024-03-11,1259.3297119140625,1263.8273180280412,1249.8347656734406,1257.3307758634053,6358919
2024-03-12,1281.8177490234375,1284.5662861071137,1269.324398643092,1276.8204088712994,8623482
2024-03-13,1289.8133544921875,1293.3114922223097,1276.820271494591,1284.8160148777272,5082459
2024-03-14,1293.811279296875,1303.3062249541329,1290.3131414231484,1292.3120773509922,5791975
2024-03-15,1294.3111572265625,1297.809295489337,1279.319136100386,1293.8114231890231,14529753
2024-03-18,1304.3057861328125,1313.30099845097,1291.312701673252,1296.8097758676813,3453297
2024-03-19,1326.793701171875,1329.792105016331,1301.569092006782,1306.8043422088335,6335510
2024-03-20,1335.2891845703125,1341.78572626171,1321.7963672112562,1327.293440950131,9873916
2024-03-21,1350.781005859375,1359.7762178850758,1337.288187820824,1342.78526183653,5128668
2024-03-22,1362.7744140625,1368.7712211650853,1347.7823963060368,1354.778671259053,4181990
2024-03-25,1359.2763671875,1377.2667896943933,1357.7771653119255,1362.7745048971738,5847219
2024-03-26,1368.2716064453125,1372.2694781953353,1359.2513839082508,1359.276395007761,5669024
2024-03-27,1352.7799072265625,1369.7708628400471,1352.7799072265625,1362.7745869992004,4186592
2024-03-28,1348.7818603515625,1355.7781352848422,1343.2847871897,1354.278933513425,6976596
2024-04-02,1330.2918701171875,1360.7756432490992,1325.7942642452665,1353.7793674483326,7158300
2024-04-03,1319.79736328125,1333.715002604932,1301.3072071125994,1327.793106489315,9447110
2024-04-04,1312.3013916015625,1323.2955388274706,1309.5528547950855,1316.7989972848886,5379241
2024-04-05,1325.29443359375,1327.7931033403445,1302.806405874399,1306.3045435196314,8904552
2024-04-08,1336.788330078125,1339.5378428744375,1321.2965774678737,1330.2917886609227,6514543
2024-04-09,1276.3206787109375,1344.2845049852865,1262.3281262426892,1342.7853029351172,12537763
2024-04-10,1274.8214111328125,1282.5222680127445,1261.3285933748407,1274.3216771417765,7280720
2024-04-11,1285.3157958984375,1286.8149978376655,1271.3732666657602,1280.3184561010096,7308710
2024-04-12,1317.798583984375,1319.2977860139365,1289.8134794325642,1292.8118834916868,7439051
2024-04-15,1336.788330078125,1351.780348733207,1321.2965774678737,1325.7941830643983,6369833
2024-04-16,1320.7969970703125,1324.7948691764657,1308.3036467385843,1317.798592990698,5906056
2024-04-17,1319.2978515625,1324.7949259440104,1299.8082242098722,1315.299979285038,4574640
2024-04-18,1286.4954833984375,1315.9839191095905,1272.0011675404132,1310.4860751634433,12725109
2024-04-19,1295.4920654296875,1305.4881461814598,1280.497944302029,1285.995788715504,7977550
2024-04-22,1315.484130859375,1322.4813868745844,1296.4915788180922,1314.9843268582886,6523038
2024-04-23,1339.4747314453125,1342.973359475207,1317.382442681347,1321.9815912958402,10480005
2024-04-24,1362.9654541015625,1387.9556531133258,1343.4730988723873,1346.471922753799,10276431
2024-04-25,1319.4827880859375,1357.4678986520478,1289.494542902166,1356.4682904792555,9041658
2024-04-26,1339.4747314453125,1344.9725754922897,1306.4876671634504,1322.981199304381,6745364
2024-04-29,1354.468994140625,1360.2546897843974,1347.4717373443266,1347.971541401205,6166791
2024-04-30,1332.4775390625,1371.4622532586272,1330.9781269780335,1362.965584779984,6910708
2024-05-01,1337.4755859375,1333.976957723164,1333.976957723164,1333.4771536925448,2463722
2024-05-02,1328.9788818359375,1348.471238508221,1323.481037646319,1332.477509956604,4075293
2024-05-03,1360.96630859375,1367.963564679065,1320.9819881062365,1334.4766962707722,4436848
2024-05-07,1372.4617919921875,1378.959244030024,1357.467671904873,1375.960420012561,4581163
2024-05-08,1380.95849609375,1393.4535964927163,1375.9604559341635,1378.9592800299154,6547258
2024-05-09,1391.4544677734375,1397.951920388759,1367.963677548814,1376.4603463534652,5508549
2024-05-10,1393.45361328125,1405.948713830759,1382.9577288196624,1399.4512615450144,3484305
2024-05-13,1348.4713134765625,1379.9589683131169,1339.4748406661186,1375.4607319078948,4174288
2024-05-14,1351.4700927734375,1358.4673491709332,1336.475971921661,1342.9734242907643,8759233
2024-05-15,1362.4658203125,1366.4642526538423,1342.9734626484546,1358.4673879711572,6430377
2024-05-16,1363.4654541015625,1377.459967560083,1353.9691771118523,1370.9625148829127,3187392
2024-05-17,1360.96630859375,1364.9647406425015,1349.4708164535898,1362.9655246181258,17262820
2024-05-20,1371.4622802734375,1375.9605166154422,1361.9660035514275,1364.46502374143,2500856
2024-05-21,1386.456298828125,1390.9545348373006,1362.965510780208,1372.9615908005983,3514840
2024-05-22,1372.961669921875,1394.9530472340564,1372.961669921875,1386.4563787270772,7363439
2024-05-23,1396.452392578125,1403.4496486611936,1364.4649361983827,1377.459840352653,5422989
2024-05-24,1385.456787109375,1404.9491445037709,1377.4599225373152,1390.9546315026662,3996196
2024-05-28,1370.96240234375,1393.9533868526134,1367.4637742663142,1386.4563266866796,4151610
2024-05-29,1361.4661865234375,1379.4591317197824,1351.9699098920332,1364.4650107228283,9234043
2024-05-30,1372.4617919921875,1378.959244030024,1348.4711998524842,1355.468455893231,4422681
2024-05-31,1391.4544677734375,1400.450940625421,1363.9652451701547,1376.9601504007976,9214812
2024-06-03,1394.9530029296875,1414.695261480645,1394.9530029296875,1401.9502591249636,6750189
2024-06-04,1384.4571533203125,1395.45284190264,1375.9604848703325,1391.4544096908844,5536266
2024-06-05,1391.4544677734375,1405.9487851460774,1389.9550556314402,1392.4540758681023,8196965
2024-06-06,1393.45361328125,1409.947146006602,1382.9577288196624,1402.9498896988769,3097352
2024-06-07,1394.453125,1405.4488127240145,1384.9568492383512,1394.9529289874552,3301533
2024-06-10,1399.451171875,1404.9490157645089,1381.9580322265624,1390.4547000558036,5144757
2024-06-11,1383.4576416015625,1403.9496081137245,1372.9617563148454,1400.950783746091,4358625
2024-06-12,1387.9556884765625,1399.4511803148632,1382.457844553897,1390.4547084414105,4021575
2024-06-13,1382.457763671875,1395.952470692533,1375.96031214341,1387.4558033091555,7481512
2024-06-14,1334.4766845703125,1383.4574767380618,1319.4825645189603,1380.958456729503,4871535
2024-06-17,1336.4759521484375,1348.4712486523874,1329.9784998754644,1339.474776274425,5146827
2024-06-18,1344.4727783203125,1356.9678784905757,1342.973366299881,1345.4723863339336,5679351
2024-06-19,1349.970703125,1354.4689394552945,1335.9761900974177,1343.9730546846076,3875665
2024-06-20,1345.97216796875,1358.467267931327,1335.9760879986889,1350.4704039552776,4264404
2024-06-21,1338.47509765625,1358.967061436648,1334.976469693743,1350.4703935277023,12801985
2024-06-24,1351.969970703125,1357.4678153159657,1316.4838827475162,1325.4803557503465,3743238
2024-06-25,1336.4759521484375,1360.4665451563376,1327.9792837914729,1348.9710526733854,14831435
2024-06-26,1327.4794921875,1345.9722411374012,1320.982039853751,1337.47557270096,4826686
2024-06-27,1322.4814453125,1344.9726263552295,1319.4826211734694,1334.4767418686224,4618231
2024-06-28,1319.4827880859375,1335.4765188506155,1318.9829839995414,1328.479261641069,5491556
2024-07-01,1271.50146484375,1334.9765772789528,1271.50146484375,1324.9804965804958,5755609
2024-07-02,1267.5029296875,1279.4982255520504,1254.508025834237,1264.5041057213623,5765652
2024-07-03,1276.999267578125,1281.9973077643408,1269.5022072988015,1277.4990715967467,5657499
2024-07-04,1277.9989013671875,1290.4940020845045,1269.0024288507193,1282.9969416541144,3527673
2024-07-05,1262.005126953125,1288.9945435295483,1258.5064988784036,1281.4974833694307,4211061
2024-07-08,1270.001953125,1285.9956809880462,1254.008225261954,1262.005089193477,3555415
2024-07-09,1268.002685546875,1278.4985690299195,1254.0081742361488,1270.0019014484074,7467069
2024-07-10,1279.498291015625,1280.997703075409,1260.0059342384338,1270.5018186569214,2575288
2024-07-11,1279.498291015625,1287.4951553344729,1266.5833112125983,1274.0004467964172,4099519
2024-07-12,1267.5029296875,1296.4915613601636,1267.5029296875,1287.4950894617507,3390779
2024-07-15,1278.4986572265625,1292.4931695026935,1259.506104851813,1273.5006171279442,3384191
2024-07-16,1284.99609375,1286.495505761377,1264.960981691732,1274.0004056665691,2738578
2024-07-17,1265.5037841796875,1286.9953571337658,1264.0043721131235,1285.4959450672022,3201063
2024-07-18,1276.999267578125,1283.9965238388272,1257.5069108518835,1274.500247485017,3037879
2024-07-19,1269.502197265625,1285.4959257351131,1257.5069009135088,1273.5006293829972,3696977
2024-07-22,1276.999267578125,1281.9973077643408,1266.7153362096174,1270.5018153360445,2504304
2024-07-23,1271.50146484375,1283.9965657168214,1256.5073437960643,1283.9965657168214,4052375
2024-07-24,1259.0062255859375,1282.9968166252884,1254.5079897660592,1268.5025012056806,3514124
2024-07-25,1249.510009765625,1250.009813769531,1226.5190255859377,1245.0117737304688,6985527
2024-07-26,1272.001220703125,1272.001220703125,1243.512391791503,1243.512391791503,4234917
2024-07-29,1276.49951171875,1299.9903014802148,1275.9997076812722,1285.9957884308317,3934522
2024-07-30,1281.4974365234375,1288.994496409495,1269.0023367133415,1273.0007686525723,4233770
2024-07-31,1296.4915771484375,1299.490401151094,1284.496281137812,1298.9905971506512,6120668
2024-08-01,1284.4962158203125,1348.4711246238144,1277.4989601699294,1337.4754371732126,5809365
2024-08-02,1281.4974365234375,1301.489596219591,1234.016057245073,1234.016057245073,17472351
2024-08-05,1268.002685546875,1299.9901399713922,1243.012486777721,1261.0054298915118,22072594
2024-08-06,1270.5018310546875,1280.4979115507906,1262.5049666578052,1273.0008511787132,10652966
2024-08-07,1292.4932861328125,1293.4928942427373,1267.7060067595455,1276.4995563740151,7818118
2024-08-08,1283.99658203125,1291.9934466916236,1269.502264834323,1284.4963860725234,3148392
2024-08-09,1276.999267578125,1285.495935894692,1275.4998555222603,1283.9965238388272,4258678
2024-08-12,1302.9888916015625,1302.9888916015625,1281.9971257990055,1284.4961455374053,15821964
2024-08-13,1322.981201171875,1322.981201171875,1300.490020947948,1315.9839451022087,6916619
2024-08-14,1356.9678955078125,1356.9678955078125,1329.4786747885014,1331.4778908408148,6234345
2024-08-15,1360.4664306640625,1363.9650585166153,1344.9725073170434,1359.9666266851266,3352547
2024-08-16,1349.4708251953125,1361.9659254286023,1345.9721971299914,1360.9663174099394,3604323
2024-08-19,1338.47509765625,1341.473921624113,1309.4864659669065,1319.4825458597834,2868123
2024-08-20,1310.486083984375,1343.9729518817635,1310.486083984375,1341.4739318894212,5347363
2024-08-21,1311.985595703125,1315.4842239583334,1305.9779414230982,1311.4857916666667,4223081
2024-08-22,1316.483642578125,1323.98070204611,1310.9857989682696,1312.4852108618666,11661731
2024-08-23,1311.985595703125,1319.48265625,1300.4901028645834,1316.48383203125,3681022
2024-08-27,1319.4827880859375,1324.9806330362956,1307.9872940988253,1315.9841594811642,3472704
2024-08-28,1347.4715576171875,1349.970577568258,1322.481358106483,1324.4805740673394,3902487
2024-08-29,1372.4617919921875,1372.4617919921875,1345.4723758350217,1347.9713958495738,4975646
2024-08-30,1362.4658203125,1379.459157763206,1362.4658203125,1371.9620971231886,9090748
2024-09-02,1323.9808349609375,1362.9655481081452,1319.4825988285677,1361.9659400787295,2721122
2024-09-03,1309.986328125,1346.5099703405976,1302.4892678724725,1327.9792727310664,4551707
2024-09-04,1311.985595703125,1318.4830481770832,1290.993826171875,1293.4928463541669,5466648
2024-09-05,1301.9893798828125,1314.4844794978108,1285.9956523756148,1310.9858516056113,2804230
2024-09-06,1293.4927978515625,1320.48221480828,1289.9941697275435,1304.9882902590532,4380608
2024-09-09,1295.4920654296875,1302.9891259935168,1282.9969644899722,1299.4904977303966,3705198
2024-09-10,1300.489990234375,1304.9882261729258,1289.9941063777562,1292.493126343618,1984192
2024-09-11,1300.489990234375,1309.4864621114768,1292.493126343618,1303.4888141934089,3271283
2024-09-12,1324.480712890625,1326.479929061026,1311.9856118256191,1317.983260336822,5528172
2024-09-13,1336.4759521484375,1339.474776274425,1316.9835953295185,1323.4810476024916,2420494
2024-09-16,1334.9765625,1345.4724471171846,1328.4791101179333,1330.978130264882,2659751
2024-09-17,1272.5010986328125,1345.9722932514392,1262.0052136872944,1343.4732730263158,7475923
2024-09-18,1273.5006103515625,1287.9949265604305,1269.0023742867415,1279.498258437991,9436444
2024-09-19,1290.4940185546875,1299.490491185975,1275.0000934674702,1279.4983297831138,5866510
2024-09-20,1269.502197265625,1290.9937698964998,1262.679921274345,1284.4963177057705,12401764
2024-09-23,1274.5001220703125,1274.999926039752,1259.5060029871324,1265.5036506204044,8915378
2024-09-24,1267.003173828125,1275.9996460683249,1261.35536407284,1273.0008219882582,11342845
2024-09-25,1273.5006103515625,1275.999630387574,1255.5076660922782,1256.5072741066829,6238942
2024-09-26,1242.0130615234375,1276.9993449466328,1234.0161967409929,1275.4999327999244,6333184
2024-09-27,1239.513916015625,1259.0062719529674,1238.0145040204447,1252.5088199738534,7128530
2024-09-30,1237.0147705078125,1245.5114376183712,1219.5216323390152,1240.013594193892,11853542
2024-10-01,1273.0008544921875,1278.9985028054605,1223.0204518815794,1236.5151605864437,7085630
2024-10-02,1297.990966796875,1307.48724264175,1276.9991991397826,1276.9991991397826,6736831
2024-10-03,1298.99072265625,1307.4873914847055,1286.9954254866657,1298.99072265625,3918609
2024-10-04,1296.4915771484375,1298.9905971506512,1276.4994171307285,1293.492753145781,4783199
2024-10-07,1300.489990234375,1308.486854125132,1280.497830507482,1303.4888141934089,3684427
2024-10-08,1290.993896484375,1303.4889980763646,1282.497227401822,1294.9923289938115,4199632
2024-10-09,1302.4893798828125,1304.48859612208,1284.4964337294043,1293.4929068061083,4153186
2024-10-10,1251.0093994140625,1308.486858835803,1244.2589949204523,1299.9901909212851,11869466
2024-10-11,1269.502197265625,1270.0020012802966,1237.5147403266487,1250.5096447081078,6173128
2024-10-14,1298.99072265625,1302.4893509973788,1268.0028716348234,1270.002087829754,5176484
2024-10-15,1294.9921875,1308.4868957448862,1275.9996351553457,1305.987875699537,4844767
2024-10-16,1307.4873046875,1317.4833849985666,1295.9918123297737,1303.9886765786268,6715727
2024-10-17,1326.9796142578125,1333.9768702275337,1302.489218363789,1309.48647433351,5002621
2024-10-18,1323.9808349609375,1327.9792670785998,1315.9839707256128,1319.4825988285677,7337127
2024-10-21,1326.9796142578125,1337.475498212394,1322.9811822751149,1326.9796142578125,4627379
2024-10-22,1339.4747314453125,1343.972967483748,1322.981199304381,1337.9753194325006,11470265
2024-10-23,1322.4814453125,1340.4743901466836,1322.4814453125,1331.9777217527635,4699404
2024-10-24,1304.11083984375,1316.6071108273045,1294.6136738962484,1298.1126297716437,1705520
2024-10-25,1291.6146240234375,1303.111193819312,1287.615817137916,1299.1123869337905,3222704
2024-10-28,1295.613525390625,1297.1130780820492,1277.1190421963915,1290.115165522069,3061349
2024-10-29,1279.118408203125,1301.1118470311585,1279.118408203125,1287.6158732048652,5796551
2024-10-30,1268.6214599609375,1276.119222726664,1249.6271276210969,1271.6205650672282,3594861
2024-10-31,1249.6270751953125,1271.120660888672,1245.128417724609,1265.6223017578125,5817730
2024-11-01,1268.6214599609375,1270.6208633651313,1248.337473374544,1251.626531025291,3078408
2024-11-04,1244.1287841796875,1272.6172322065129,1244.1287841796875,1266.1222219072513,2203299
2024-11-05,1279.6181640625,1279.6181640625,1237.6306930541991,1240.6297981262207,3146989
2024-11-06,1342.599365234375,1344.1888567467324,1289.1153249960737,1289.1153249960737,9993741
2024-11-07,1381.5877685546875,1382.5874702685476,1334.1019371463317,1344.598805141863,5459046
2024-11-08,1377.0892333984375,1388.5858041309834,1366.5923644687216,1383.087444215418,3762038
2024-11-11,1393.084228515625,1407.080051407063,1385.5864662523547,1390.085123610317,4917345
2024-11-12,1381.087890625,1416.5773007713535,1379.5883380836049,1400.582073663138,7008378
2024-11-13,1344.0989990234375,1376.5893058053352,1332.6024289313814,1371.5907970696587,4854518
2024-11-14,1314.6077880859375,1357.7649561334813,1313.1082354759535,1349.5973489855633,5908605
2024-11-15,1286.6160888671875,1309.6092279844722,1284.6166854656844,1292.6142990716965,6007153
2024-11-18,1295.613525390625,1297.6129289791909,1274.6197877106842,1286.1163583449377,5512193
2024-11-19,1312.1085205078125,1320.6059852120536,1292.1144859095982,1302.6113540736608,4199984
2024-11-20,1299.6121826171875,1309.1093485670822,1292.1144200251651,1298.612480938251,6659950
2024-11-21,1324.6048583984375,1325.1047092883991,1298.1127612304688,1304.6108227999705,4275260
2024-11-22,1333.1021728515625,1340.1000845200747,1317.6067970141428,1328.103664516911,10230847
2024-11-25,1297.1129150390625,1348.0977001388635,1292.6142575302565,1340.1000867898754,16951867
2024-11-26,1297.6129150390625,1299.6123186061488,1284.1169409612294,1298.6126168226058,4854510
2024-11-27,1285.1165771484375,1296.1132962061058,1284.116875415922,1295.6134453398483,3948375
2024-11-28,1289.6151123046875,1296.1131729480833,1281.6174992051235,1286.616007392351,2742311
2024-11-29,1226.634033203125,1273.1201640457862,1210.138954517019,1266.622102745199,11856703
2024-12-02,1254.6256103515625,1255.12546119234,1220.9357124967166,1237.630681765127,9969558
2024-12-03,1259.124267578125,1261.1236709406944,1249.62710160592,1258.1245658968403,14271457
2024-12-04,1260.1240234375,1263.6229794724316,1250.1270061948385,1257.6247691268345,4224888
2024-12-05,1246.6280517578125,1255.6253672877406,1236.631034502337,1249.1273060716817,3979387
2024-12-06,1229.1331787109375,1250.626764186566,1228.1334770609085,1243.6288526363614,4419294
2024-12-09,1198.642333984375,1235.1314459029986,1189.7949983780088,1233.6318933583975,7141046
2024-12-10,1178.6483154296875,1194.6435427807266,1173.1499560277678,1188.6453325240868,8578212
2024-12-11,1197.6427001953125,1199.1422528249393,1176.6489633805363,1177.1488142570788,6158523
2024-12-12,1214.1378173828125,1216.637071844284,1192.144378121864,1204.640650429221,5358003
2024-12-13,1198.642333984375,1215.637262823186,1193.6438255023718,1207.6396492519807,4069293
2024-12-16,1196.6429443359375,1211.6384699541825,1193.6438392122886,1200.6417511674697,9962882
2024-12-17,1169.6510009765625,1190.6447368915265,1165.652194135617,1187.6456317608174,9894577
2024-12-18,1173.14990234375,1182.6470681488336,1170.150797352671,1172.150200680057,6693940
2024-12-19,1165.65234375,1170.650852942753,1156.6550272030447,1159.6541327186965,7927687
2024-12-20,1155.6551513671875,1165.1523174035096,1148.6572395509502,1162.153212339408,12497015
2024-12-23,1157.15478515625,1174.1497150462335,1149.6570219694925,1150.1568728486095,4392030
2024-12-24,1158.1544189453125,1170.650690189867,1153.6557612972729,1157.154717245748,953899
2024-12-27,1155.1553955078125,1162.6531587845832,1149.157184886396,1159.654053473875,4922461
2024-12-30,1144.658447265625,1151.6563591703057,1137.6605353609443,1143.158894714622,2902451
2024-12-31,1148.157470703125,1150.156874221981,1129.662988153706,1129.662988153706,1778902
2025-01-02,1153.156005859375,1162.1533218998902,1130.162864866947,1150.1569005125366,3409949
2025-01-03,1152.656005859375,1154.1555583388104,1142.1591385033269,1144.658392635719,15588179
2025-01-06,1145.1583251953125,1153.15593898978,1126.6638432956065,1151.156535541163,6457701
2025-01-07,1153.65576171875,1161.1535244682218,1144.05364641635,1149.6569549190317,6848625
2025-01-08,1189.64501953125,1190.1448703797926,1152.1562058905597,1153.1559075876444,19150380
2025-01-09,1186.1461181640625,1199.1422408240985,1180.6477585771245,1192.1443286225408,9444869
2025-01-10,1191.6444091796875,1197.642619293008,1178.1484364247162,1186.6459007519204,3484392
2025-01-13,1181.147705078125,1191.1447233183123,1167.6517304538722,1189.1453196702748,4680022
2025-01-14,1186.6458740234375,1193.6437856646878,1177.1487082245978,1181.6473657082588,7280551
2025-01-15,1187.6456298828125,1192.1442875717626,1182.6471213395346,1186.645928174157,5326500
2025-01-16,1212.1383056640625,1212.6631734609234,1193.1439734515948,1199.1421836239529,5051736
2025-01-17,1222.1353759765625,1226.634033802243,1209.1392533690407,1223.634928585123,6060386
2025-01-20,1224.134765625,1234.6316337663332,1224.134765625,1226.134169080492,5809490
2025-01-21,1248.127685546875,1248.127685546875,1224.7816222957197,1228.633500630444,5529697
2025-01-22,1244.628662109375,1258.6244864222515,1244.628662109375,1246.128214714326,3977070
2025-01-23,1258.1246337890625,1262.1234407299892,1241.9444026280644,1247.62776556913,4171264
2025-01-24,1237.6307373046875,1268.1216399604168,1229.6331234933486,1265.1225347811649,11283314
2025-01-27,1243.1290283203125,1245.128431663007,1216.6369340296103,1232.6321607711664,3770297
2025-01-28,1250.626708984375,1265.122382269965,1240.1298421223958,1241.62939453125,4082687
2025-01-29,1195.143310546875,1248.263443218869,1195.143310546875,1247.6276466436636,8992677
2025-01-30,1208.1395263671875,1218.136543548546,1192.6441497360818,1193.6438514542176,6373172
2025-01-31,1223.634765625,1236.131035698785,1214.1376003689236,1214.1376003689236,5317781
2025-02-03,1230.6328125,1230.6328125,1212.6381816104793,1216.6369884748171,3646196
2025-02-04,1210.1387939453125,1233.2049071457652,1198.5921915835804,1223.1349148220486,4320706
2025-02-05,1207.6396484375,1214.6375603075849,1200.141885719552,1204.6405433503207,11900118
2025-02-06,1184.646484375,1228.6333580564346,1178.1484234902423,1214.6375346123418,6959807
2025-02-07,1196.6429443359375,1204.14070714506,1181.6474187176927,1193.6438392122886,3848487
2025-02-10,1180.14794921875,1194.643625003309,1170.1509314362954,1192.644221446818,14653290
2025-02-11,1204.640625,1208.6394320539418,1181.1476335580912,1190.6448003112032,6380171
2025-02-12,1209.13916015625,1210.6387126492093,1189.644977747778,1201.1415468604666,7337556
2025-02-13,1247.627685546875,1259.6241056002104,1174.6494635557517,1174.6494635557517,6019746
2025-02-14,1227.6337890625,1245.6284211497352,1221.5766359887025,1232.632297975621,15257342
2025-02-17,1337.600830078125,1339.1003825782125,1271.620520074271,1288.1155975752347,8722562
2025-02-18,1336.101318359375,1368.5916235196291,1330.6029590245628,1363.593115033436,13558286
2025-02-19,1344.5987548828125,1362.0935342214364,1291.6145660286943,1349.5972632652763,8863366
2025-02-20,1283.616943359375,1332.6023251542422,1282.1173908554504,1315.607396776431,25117004
2025-02-21,1255.12548828125,1288.615495336146,1253.1260848749876,1281.6175834142275,10886556
2025-02-24,1304.61083984375,1309.1094979121767,1274.1199351577466,1290.115163845486,7132102
2025-02-25,1365.592529296875,1366.0923801494728,1317.1069965948996,1319.606250857888,15622129
2025-02-26,1344.5987548828125,1389.085479486742,1339.100395662102,1380.0881643983068,6592139
2025-02-27,1391.0848388671875,1401.0818553161073,1339.6002041552506,1339.6002041552506,11695983
2025-02-28,1406.08056640625,1419.576540559456,1373.5902582596427,1400.0823556714918,15969631
2025-03-03,1611.019287109375,1666.50273137532,1551.537036049488,1589.5257005919368,48851301
2025-03-04,1569.0318603515625,1673.8066298042504,1550.5373784041244,1645.0091915950914,31393602
2025-03-05,1621.0162353515625,1634.8751365082558,1579.528616623786,1599.0227989175603,23192478
2025-03-06,1633.0126953125,1649.507773042929,1600.5223906919573,1649.507773042929,14528670
2025-03-07,1566.0328369140625,1640.5106194548207,1564.5332842454566,1632.513005222256,16814434
2025-03-10,1568.5318603515625,1580.028429117683,1548.037976898913,1571.530965247072,10358553
2025-03-11,1575.0301513671875,1613.51866982332,1564.0334318082926,1571.5311951439028,7071402
2025-03-12,1583.527587890625,1585.5269914106889,1530.0435437289152,1571.5311667702415,7505072
2025-03-13,1590.0255126953125,1605.021037807183,1576.529540094629,1586.526556835876,5822859
2025-03-14,1656.5057373046875,1657.665425460464,1591.0252751481053,1592.0249768604194,8887352
2025-03-17,1636.011962890625,1666.5028671791456,1626.514795981086,1665.0033145092184,8497305
2025-03-18,1654.50634765625,1658.0053036784836,1601.5221564624244,1639.0109709863575,7565704
2025-03-19,1672.5008544921875,1707.490412117547,1648.5080149776552,1671.0013020225292,7479293
2025-03-20,1643.0096435546875,1675.4999468193832,1604.5211304565096,1665.502930430246,6609244
2025-03-21,1595.024169921875,1639.510898572156,1594.9602241545251,1631.0134335490686,16033957
2025-03-24,1583.527587890625,1608.520131891424,1583.027737010609,1604.5213248512962,4572521
2025-03-25,1569.5316162109375,1590.0255003716536,1569.5316162109375,1585.0269920397716,12997223
2025-03-26,1575.0301513671875,1588.5261253712858,1549.537756026113,1563.5335809192518,6422870
2025-03-27,1584.02734375,1586.0267471501263,1558.5349503983907,1572.5307741992742,6668939
2025-03-28,1564.0333251953125,1578.5289999893887,1539.0407824469055,1575.0300440046117,5084955
2025-03-31,1559.0347900390625,1569.0318069678158,1542.039861260182,1547.0383697245586,6490133
2025-04-01,1585.027099609375,1596.0238186858198,1553.5364949813743,1562.0339597222633,4890558
2025-04-02,1570.0316162109375,1588.026247915361,1549.5377301031222,1571.5311688529728,6100680
2025-04-03,1620.0166015625,1627.5143642972848,1543.0395708187095,1543.0395708187095,21431749
2025-04-04,1517.04736328125,1638.0112716549115,1479.558548702636,1626.014850989755,11034709
2025-04-07,1497.0533447265625,1553.5364926244265,1393.584215391538,1459.5645297501044,12657129
2025-04-08,1566.0328369140625,1607.5204607454916,1498.7998414238516,1508.0501337279688,13123571
2025-04-09,1571.5311279296875,1586.526653959551,1534.545214570272,1559.5347071057968,13667067
2025-04-10,1621.51611328125,1663.5035835388408,1597.023422297655,1623.5155166268496,7530564
2025-04-11,1657.0054931640625,1663.5035539215685,1612.01891868902,1627.0144435140342,9279473
2025-04-14,1692.4949951171875,1701.9921613626766,1665.503048945797,1679.498872886518,7618104
2025-04-15,1742.9798583984375,1747.978366739127,1693.9944766596802,1694.494327493749,10379399
2025-04-16,1741.4803466796875,1759.974827973358,1728.4842246895405,1749.4779602120857,7850612
2025-04-17,1715.191162109375,1725.1893618302108,1686.696292904993,1712.1917021931242,4852422
2025-04-22,1705.1929931640625,1736.5203607258509,1703.1933531838056,1713.691463080154,7183370
2025-04-23,1666.6998291015625,1719.1903756089605,1649.7028902325003,1710.6919061744293,6196958
2025-04-24,1683.69677734375,1686.6962371608706,1653.202269203023,1662.7005586239052,6610166
2025-04-25,1682.197021484375,1709.1921594220144,1673.1986421718286,1684.1966613316076,6164442
2025-04-28,1680.1973876953125,1707.1925257302862,1668.6994585322682,1698.6940563489056,4986642
2025-04-29,1729.1884765625,1732.687846130565,1681.1971224861772,1686.1962218691276,6722059
2025-04-30,1734.1876220703125,1770.6810485364792,1729.6884325059905,1730.1883424575817,8720614
2025-05-01,1741.686279296875,1741.686279296875,1711.1917721105635,1721.6898811419169,1880906
2025-05-02,1778.6796875,1795.6766266160764,1742.1862593978358,1746.185539189854,6153827
2025-05-06,1770.18115234375,1809.674038826426,1751.684483991104,1800.6756596278417,5038256
2025-05-07,1728.688720703125,1779.1796289712036,1722.6898009088975,1766.181969417045,5030087
2025-05-08,1745.6856689453125,1745.6856689453125,1712.4516628811482,1733.1879193108243,5410805
2025-05-09,1687.696044921875,1749.6848806950718,1667.69964628536,1749.6848806950718,9042404
2025-05-12,1665.2000732421875,1682.6969218052243,1621.2079968551227,1679.6974620515612,5760725
2025-05-13,1673.19873046875,1689.6957600789888,1663.700440693158,1668.6995405750486,3288559
2025-05-14,1700.6937255859375,1720.510103184561,1680.6973266960383,1689.695706196493,6685888
2025-05-15,1754.6839599609375,1754.6839599609375,1702.19341415014,1703.193234070346,5775297
2025-05-16,1762.1826171875,1763.682347074468,1746.6854083554963,1759.6830673758864,4685496
2025-05-19,1776.6800537109375,1777.179963686658,1731.6881558960854,1753.6841948277909,4070484
2025-05-20,1796.176513671875,1797.1763336071224,1773.180655161186,1787.178134254649,4028644
2025-05-21,1818.6724853515625,1839.1687942848816,1808.1743758979112,1808.6742858718949,4585863
2025-05-22,1841.6683349609375,1841.6683349609375,1807.1745469282816,1820.6721161584512,5598028
2025-05-23,1842.6680908203125,1856.665569535171,1815.6729532987997,1845.667550544925,5741074
2025-05-27,1899.657958984375,1904.6570588764391,1863.1645297723069,1869.6633596319905,5956313
2025-05-28,1910.6558837890625,1934.1516521140456,1903.1572343236423,1914.6551635039532,7891146
2025-05-29,1882.1610107421875,1921.153987857165,1873.6625413709744,1914.655158338002,5354125
2025-05-30,1901.1575927734375,1901.1575927734375,1873.1626347941285,1883.160834072453,12771457
2025-06-02,1919.1544189453125,1944.1499180198805,1885.6604501853917,1934.6516283715448,8873325
2025-06-03,1956.6475830078125,1967.1456921654935,1920.6540658957629,1942.6501041309043,8238126
2025-06-04,1962.146728515625,1977.6439383459392,1927.652938893312,1973.644658389729,7646209
2025-06-05,1981.64306640625,1998.140094961095,1954.8478439342,1971.6448672821016,6326787
2025-06-06,1930.1524658203125,1996.6404942984536,1930.1524658203125,1996.6404942984536,6976130
2025-06-09,1922.15380859375,1938.6508373801205,1906.6565997338264,1936.1512875640035,6148215
2025-06-10,1871.6629638671875,1937.6510811830176,1871.6629638671875,1936.1513512440215,6766808
2025-06-11,1866.163818359375,1877.6617470554013,1844.6676907972392,1863.6642686428477,9144204
2025-06-12,1884.66064453125,1889.659744384118,1845.6676656788793,1879.661544678382,6883090
2025-06-13,1938.65087890625,1959.647097811372,1913.1554702357448,1913.1554702357448,12734831
2025-06-16,1927.65283203125,1953.1482403387176,1912.1556230600445,1943.1500410024555,5310967
2025-06-17,1930.6522216796875,1935.6513211661704,1895.6585252743073,1922.153752552667,5112595
2025-06-18,1931.6522216796875,1951.1487114947777,1927.6529417176175,1930.65240168917,4911288
2025-06-19,1919.654296875,1944.6497955322263,1919.2173638418317,1935.1515060424804,3570530
2025-06-20,1897.6583251953125,1932.6520245534975,1897.5633715886552,1919.154454801055,13950586
2025-06-23,1879.661376953125,1911.135687290544,1851.6664202750997,1909.6559733938664,12815476
2025-06-24,1800.6756591796875,1864.1642235094544,1798.176109402925,1861.1647637773392,10188660
2025-06-25,1818.6724853515625,1826.6710449352968,1800.6757262881606,1809.6741058198616,20596938
2025-06-26,1887.16015625,1891.65934602649,1815.6730298013244,1816.17293977649,12147627
2025-06-27,1861.6646728515625,1895.6585497994429,1855.165843435056,1888.1599004727043,4613646
2025-06-30,1886.160400390625,1886.160400390625,1865.6640907123808,1869.6633706495993,5176806
2025-07-01,1862.6646728515625,1890.6596330447153,1860.6650328377657,1883.660892996427,9552703
2025-07-02,1849.1668701171875,1871.6628174422144,1821.6718233865995,1864.164168333872,7924959
2025-07-03,1876.1622314453125,1877.661961446468,1848.1672714237463,1869.6634014403064,3332800
2025-07-04,1879.16162109375,1879.661531075419,1855.6188633461904,1871.163061387046,2056060
2025-07-07,1874.1624755859375,1879.161575280752,1856.1657166846055,1858.6652665320128,3786879
2025-07-08,1876.1622314453125,1892.159351457636,1870.1633114406911,1877.1620514460824,4166098
2025-07-09,1876.1622314453125,1900.657821464183,1851.1667314260571,1883.160971450704,3701006
2025-07-10,1876.6619873046875,1900.1577553929455,1866.6637881181948,1878.661627141986,3329362
2025-07-11,1899.157958984375,1904.1570586395064,1869.6632710191004,1872.162820846666,2933396
2025-07-14,1910.156005859375,1919.7062879314724,1890.1596069495672,1905.156906131923,4152463
2025-07-15,1882.1610107421875,1915.1550683010148,1877.1619111120624,1914.655158338002,3338824
2025-07-16,1860.1650390625,1880.161438299936,1856.1657592150127,1877.6618883952567,3633249
2025-07-17,1898.6580810546875,1898.6580810546875,1858.1653731648955,1858.1653731648955,3688415
2025-07-18,1939.650634765625,1939.650634765625,1902.1573879595885,1905.6567576614852,5558195
2025-07-21,1900.15771484375,1932.6518615064292,1885.6603263327088,1910.6558237655388,6810399
2025-07-22,1859.165283203125,1903.1573630422956,1844.1679832579532,1888.659973095296,4884765
2025-07-23,1858.665283203125,1872.162852500189,1842.168254062269,1865.1641128646745,3734949
2025-07-24,1849.6668701171875,1885.1604776248416,1846.6674103278085,1859.1651594502216,2251340
2025-07-25,1846.16748046875,1853.666129861393,1823.6715322908208,1849.666850185317,7095895
2025-07-28,1804.675048828125,1848.167217594897,1797.1763990407503,1847.167397623247,4003084
2025-07-29,1820.672119140625,1834.6695983652096,1805.6748199714273,1806.1747299437336,7636268
2025-07-30,1784.6785888671875,1832.170035909872,1746.3355186644974,1829.67048606552,6795371
2025-07-31,1803.6751708984375,1822.171839779602,1791.1774216544072,1803.6751708984375,5610154
2025-08-01,1816.1729736328125,1817.6727035862664,1786.1783745637322,1799.1760341603338,3888871
2025-08-04,1835.1695556640625,1856.6656850276024,1826.6710859156865,1842.6682054420417,2829752
2025-08-05,1838.1689453125,1851.166604430837,1826.6710160924329,1837.1691253803203,2011874
2025-08-06,1857.6654052734375,1857.6654052734375,1832.6699073553343,1851.1665758147308,1968601
2025-08-07,1758.183349609375,1845.1676836531713,1752.6843399859165,1843.1680437900957,4362864
2025-08-08,1737.1871337890625,1774.6803812809126,1723.6895646919963,1764.6821819497527,7269694
2025-08-11,1715.69091796875,1723.1895670857464,1695.6945203234266,1717.190647792149,4802518
2025-08-12,1727.6888427734375,1727.6888427734375,1706.1927142319855,1709.6920839945476,3935497
2025-08-13,1731.188232421875,1764.6822005339934,1731.188232421875,1745.1857116329095,4337303
2025-08-14,1774.680419921875,1787.678079335387,1735.687441681338,1735.687441681338,4082477
2025-08-15,1759.68310546875,1784.178694152832,1745.685626220703,1777.1799545288086,3618256
2025-08-18,1790.1776123046875,1801.1756317044928,1772.6807632595426,1773.6805832049797,4607151
2025-08-19,1720.6900634765625,1791.6772770191749,1706.69258474985,1783.6787177467677,5731462
2025-08-20,1726.6890869140625,1736.1873766220438,1674.698448512481,1685.1965581897234,5112819
2025-08-21,1759.1832275390625,1768.1816072195693,1739.686738231298,1741.6863781602997,2734670
2025-08-22,1763.682373046875,1774.1804824102492,1753.1842636835006,1753.684173653185,2762991
2025-08-26,1771.1810302734375,1781.67913968234,1762.1826507800922,1779.67949979493,5837519
2025-08-27,1766.1820068359375,1777.1800266916948,1753.6842569998496,1763.68245686872,2992444
2025-08-28,1766.6817626953125,1772.1807721434302,1743.7078737021504,1761.6826631970234,2562709
2025-08-29,1757.18359375,1791.6773826458036,1752.6844038940255,1760.68296363798,3743618
2025-09-01,1790.677490234375,1813.1734386041535,1780.179380995145,1785.6783905966463,2335839
2025-09-02,1767.1817626953125,1796.1765412628736,1758.6832931151653,1790.677531534543,2730454
2025-09-03,1777.179931640625,1779.17957150745,1763.0594278544816,1771.6809220068565,2833781
2025-09-04,1760.6829833984375,1783.6788429203932,1746.1855936998131,1780.1794729931391,2642806
2025-09-05,1776.6800537109375,1787.1781632010698,1756.1837447063938,1757.183564657835,2338550
2025-09-08,1795.1766357421875,1795.1766357421875,1768.1814983626057,1784.678526761239,2900537
2025-09-09,1792.17724609375,1795.6766158908647,1771.00808482353,1791.6773361227335,2922393
2025-09-10,1831.670166015625,1836.6692658137024,1795.6766474694664,1797.6762873886976,6771246
2025-09-11,1947.1494140625,1947.1494140625,1847.1674159078143,1854.666065769416,7898089
2025-09-12,1980.643310546875,1985.6424102706176,1948.394113347077,1953.14826206629,4609778
2025-09-15,2015.636962890625,2015.636962890625,1977.643805852012,1983.6427253844245,5303155
2025-09-16,1996.140625,2033.6338749060856,1993.141165007513,2009.638194966191,5603650
2025-09-17,1955.14794921875,2015.6370573382767,1946.14956949849,2005.6388576490988,3290341
2025-09-18,1949.64892578125,1976.1441547726365,1940.6505461237984,1964.146315229367,4117164
2025-09-19,1951.1485595703125,1978.6436071686644,1944.1498201816412,1959.647028827985,11539835
2025-09-22,1967.145751953125,1973.6445816292091,1948.64908287504,1955.6478225262072,7741081
2025-09-23,1950.648681640625,1988.6418389457729,1938.6508424916308,1988.6418389457729,4324029
2025-09-24,1993.1409912109375,1994.1408111212515,1950.648645022593,1988.1418916593675,13320487
2025-09-25,1998.14013671875,2015.636985551664,1977.643828085908,1993.1410370522033,5198494
2025-09-26,2011.6376953125,2032.6339138023425,1996.640396391184,1996.640396391184,8769374
2025-09-29,2045.631591796875,2068.6274503556865,2024.6353731127429,2040.632492110177,5307469
2025-09-30,2058.629150390625,2059.62897027911,2020.6359946281948,2044.6316719518347,5687578
2025-10-01,2036.63330078125,2072.626820088135,2020.636181089301,2069.6273601458947,8994561
2025-10-02,2059.629150390625,2070.627170125721,2034.6336509926805,2043.6320307759408,3170609
2025-10-03,2054.6298828125,2071.626821015815,2051.630423129562,2059.628982284063,2386507
2025-10-06,2015.636962890625,2056.2856475005724,2008.2582869838243,2049.6308402409627,2649469
2025-10-07,1992.1412353515625,2013.6373641144528,1979.1435760995823,2012.6375441719929,3966809
2025-10-08,2028.6346435546875,2037.6330229494592,1993.9109168179284,1999.6398655048667,2797903
2025-10-09,2014.63720703125,2028.6346863853137,1999.6399077233252,2026.63504647759,3245209
2025-10-10,1982.14306640625,2013.6373950780264,1959.647117354981,2009.6381152466895,3579140
2025-10-13,1951.1485595703125,1984.1426166883348,1918.1545024522904,1982.142976863,3196314
2025-10-14,1954.1480712890625,1959.6470809550076,1915.1550936578149,1945.649601805329,3435560
2025-10-15,1900.65771484375,1953.1482619396452,1895.6586151203312,1949.648892133252,4766879
2025-10-16,1907.656494140625,1919.654333726415,1873.1627053314785,1889.1598247791983,3071104
2025-10-17,1831.170166015625,1868.1635027028096,1831.170166015625,1867.6635927475772,6274868
2025-10-20,1861.6646728515625,1865.1640425373737,1842.1681846020429,1849.6668339287812,9127486
2025-10-21,1870.1632080078125,1875.162307735179,1836.669239834457,1868.163568116866,5845849
2025-10-22,1870.6630859375,1911.655702999733,1870.6630859375,1908.156333250518,19519488
2025-10-23,1871.298095703125,1888.296261680658,1865.798689063335,1879.7971786918915,2269317
2025-10-24,1861.2991943359375,1879.7971986846965,1833.3022147810589,1871.2981156055369,11680415
2025-10-27,1863.2989501953125,1878.2973318711531,1845.3008921843032,1869.7982489215103,5885053
2025-10-28,1882.296875,1903.794555112882,1845.8008134130143,1863.2989251328024,5027935
2025-10-29,1869.29833984375,1890.2960746053009,1861.2992027917307,1882.2969375532816,3068106
2025-10-30,1860.29931640625,1865.7987231464997,1848.8005568584551,1853.300071464114,2949114
2025-10-31,1870.798095703125,1900.794858327975,1851.80014604072,1859.2993366969324,3885705
2025-11-03,1863.2989501953125,1892.2958214352716,1856.2997054132536,1883.296792429767,8316163
2025-11-04,1849.8004150390625,1864.522825582084,1836.3018714698585,1846.300792632232,4730181
2025-11-05,1848.300537109375,1858.2994580566804,1832.3022635936863,1846.300752919914,7660314
2025-11-06,1810.8045654296875,1863.7988459198991,1797.3060222859544,1863.7988459198991,5740263
2025-11-07,1806.8050537109375,1808.804837943047,1787.30715744787,1799.305862840527,2617203
2025-11-10,1821.803466796875,1832.802280262718,1813.3043836641784,1821.803466796875,4128693
2025-11-11,1798.805908203125,1832.8022399868416,1797.8060160918392,1824.3031570409123,3139282
2025-11-12,1791.806640625,1819.8036193847656,1784.307449885777,1785.8072880336215,5284571
2025-11-13,1806.3050537109375,1807.304945797132,1786.8071580301385,1794.3063486765996,4377252
2025-11-14,1806.8050537109375,1807.8049458269925,1768.809153300857,1783.8075350416782,3880559
2025-11-17,1804.8052978515625,1830.302547211792,1797.8060529291463,1804.8052978515625,10055271
2025-11-18,1804.8052978515625,1825.803032618811,1777.808210293672,1777.808210293672,7048032
2025-11-19,1724.31396484375,1803.3054425025823,1708.3156908875308,1801.8056043191864,6275188
2025-11-20,1754.8106689453125,1784.807432517027,1732.813042326055,1732.813042326055,3842531
2025-11-21,1712.815185546875,1742.8119488664352,1694.817127555139,1733.8129198705672,9325552
2025-11-24,1651.82177734375,1709.3155740733298,1651.82177734375,1694.8171383763054,14092085
2025-11-25,1620.8250732421875,1663.8204329888956,1616.8255048936564,1656.8211883789663,12380143
2025-11-26,1643.8226318359375,1653.3216068982497,1632.3238725499805,1647.822200283227,13037300
2025-11-27,1653.821533203125,1673.319429150804,1636.323421455208,1673.319429150804,10521938
2025-11-28,1650.3218994140625,1661.320712436513,1640.5679471650492,1660.320820343563,6102560
2025-12-01,1609.326416015625,1632.3239354740651,1597.3277102112215,1629.8242050981478,6963303
2025-12-02,1623.8248291015625,1635.823534735318,1587.8287122002964,1599.827417834052,21631121
2025-12-03,1643.3226318359375,1644.3225239149372,1621.8249521374448,1639.8230095594386,14306865
2025-12-04,1686.3179931640625,1689.8176154445691,1647.822148078491,1658.3210149200106,12398310
2025-12-05,1672.8194580078125,1699.316598257189,1661.820645074109,1698.816652214748,4396113
2025-12-08,1690.817626953125,1712.3153081946934,1678.8189211438776,1688.3178965761983,5131289
2025-12-09,1726.313720703125,1740.9171253795248,1693.3172812109713,1716.3147996448963,4828421
2025-12-10,1706.31591796875,1715.814893193305,1683.318399004038,1701.3164573242473,4033015
2025-12-11,1690.817626953125,1716.8148228731611,1683.568408860038,1710.3155238931522,6740165
2025-12-12,1700.3165283203125,1704.8160428027832,1688.817769087332,1695.8170138378418,4060992
2025-12-15,1693.3172607421875,1702.816235632681,1669.8197965393877,1688.817746320375,5743653
2025-12-16,1664.3204345703125,1687.3179533417858,1637.8232933770937,1681.3186006187927,4712338
2025-12-17,1680.818603515625,1696.3169309127054,1640.667907342572,1649.8219487214642,5476387
2025-12-18,1715.31494140625,1715.31494140625,1680.8186630742678,1689.3177461415678,6676934
2025-12-19,1723.81396484375,1735.8126699354698,1707.3157453426352,1715.8148281159367,7006894
2025-12-22,1717.314697265625,1722.8141038653112,1706.8158301207698,1714.3150209385235,2608281
2025-12-23,1709.8155517578125,1728.313556265134,1685.8181405050714,1714.815012435467,2660364
2025-12-24,1711.3153076171875,1719.3144443165374,1704.8160090489655,1714.3149838794436,808873
2025-12-29,1698.3167724609375,1710.815424009811,1677.8189839207848,1702.316340956577,2351149
2025-12-30,1713.8150634765625,1714.3150095277515,1694.3171674801838,1694.3171674801838,7961843
2025-12-31,1713.8150634765625,1726.8136608074817,1703.3161964015894,1715.8148476813194,1390209
2026-01-02,1753.810791015625,1762.8098201599469,1711.3153756118827,1713.3151598661764,4705020
2026-01-05,1850.80029296875,1850.80029296875,1795.3062809429448,1797.3060651600908,8567834
2026-01-06,1881.2969970703125,1895.7954326044712,1840.8013667852483,1855.2998023194073,7824437
2026-01-07,1925.792236328125,1939.2907800407056,1870.3282493450376,1885.796551253813,6274123
2026-01-08,2022.78173828125,2068.776775335594,2012.7828171824792,2039.7799041491596,9610935
2026-01-09,2052.778564453125,2074.776191544196,2023.7816923785313,2031.7808295025573,7354407
2026-01-12,2092.774169921875,2119.771256681498,2072.8163626200835,2083.775141002001,7049661
2026-01-13,2071.7763671875,2112.771942020843,2055.778094081805,2067.776798911076,7175741
2026-01-14,2037.7801513671875,2086.774865507027,2013.7827403599192,2079.775620629907,8908760
2026-01-15,2040.77978515625,2052.778490409496,2026.3133286130249,2037.7801088429385,4195256
2026-01-16,2087.774658203125,2087.774658203125,2053.7783275618863,2053.7783275618863,5893573
2026-01-19,2085.77490234375,2158.7670250048686,2079.7755497962607,2113.7718808986997,4779996
2026-01-20,2065.777099609375,2080.7754812619114,2042.7795810754856,2061.7775311686987,25666108
2026-01-21,2061.777587890625,2080.775538506494,2032.7807158979824,2054.778342926884,8028856
2026-01-22,1984.785888671875,2079.775641530227,1979.78642799512,2032.7807111687264,6900408
2026-01-23,2026.7813720703125,2031.7808327808957,1977.7866571066,1983.7860099592997,6123078
2026-01-26,1972.787109375,2051.778585117841,1957.7887279048405,2040.779772039724,4426047
2026-01-27,2011.782958984375,2011.782958984375,1974.7869502952983,1989.7853321962757,4595040
2026-01-28,1995.28466796875,2032.7806213883584,1830.8024189680689,2032.7806213883584,8277212
2026-01-29,1973.287109375,2000.78414282208,1966.2878644975613,1996.7845743206865,8233458
2026-01-30,1973.7869873046875,1986.7855844855187,1952.289307351774,1956.2888757151068,4122995
2026-02-02,1921.7926025390625,1945.290066722032,1899.794976495431,1900.7948685883232,5186258
2026-02-03,1931.2916259765625,1948.2897919830868,1909.7939454388995,1937.2909786847476,4297168
2026-02-04,1874.2977294921875,1953.789150935041,1874.2977294921875,1939.2907155775397,6047004
2026-02-05,1856.2996826171875,1882.796823252445,1837.3017327277576,1850.3003300205255,6834089
2026-02-06,1878.7972412109375,1882.296863533576,1837.8016654314545,1846.3007482150056,5617887
2026-02-09,1943.290283203125,1943.290283203125,1880.297081329291,1888.2962180751745,6679067
2026-02-10,1923.79248046875,1950.789568292376,1910.293936556937,1943.7903233010657,3832703
2026-02-11,1925.292236328125,1937.290941514278,1894.79552731332,1912.7935850925492,3501990
2026-02-12,1924.7923583984375,1949.7896617542613,1914.2934909889912,1946.7899853515623,3606857
2026-02-13,1967.7877197265625,1982.2861556696696,1929.2918725672776,1929.2918725672776,4521346
2026-02-16,2028.7811279296875,2035.0504711020635,1975.786845140001,1979.7864136524304,6001732
2026-02-17,2028.7811279296875,2040.779833466975,2000.7841483426837,2036.7802649545456,5886053
2026-02-18,2109.7724609375,2157.767284693424,2074.7762352821387,2074.7762352821387,11423746
2026-02-19,2162.7666015625,2166.7661699426435,2087.774694434813,2116.771565190852,11527735
2026-02-20,2164.766357421875,2177.7649544872256,2138.7691632911733,2169.765817831625,8953116
2026-02-23,2136.76953125,2149.768129240758,2118.771472493566,2144.768668475082,4392669
2026-02-24,2140.76904296875,2151.7678563609293,2103.7730342859645,2135.7695823359413,8996573
2026-02-25,2105.772705078125,2148.7680642036516,2101.7731367873785,2148.7680642036516,5239075
2026-02-26,2117.771484375,2131.769973884561,2090.774397463704,2108.772455404568,3790895
2026-02-27,2111.772216796875,2143.7687655362215,2109.8305317026307,2129.7702754627576,15348599
2026-03-02,2240.75830078125,2253.7927834896677,2187.764017005522,2238.758516487826,14930782
2026-03-03,2219.760498046875,2254.7567221151817,2182.7644897460937,2249.757261533995,7998380
2026-03-04,2268.755126953125,2282.753616057287,2192.763328959102,2194.7631131168396,6973867
2026-03-05,2149.76806640625,2293.752532249274,2140.769037291061,2291.7527480014533,12297511
2026-03-06,2213.76123046875,2225.759936324949,2160.999831308517,2165.766407043953,5302163
2026-03-09,2258.75634765625,2267.755376929781,2176.765192052969,2194.7632506000305,6502748
2026-03-10,2248.75732421875,2263.7557056608493,2201.7623957001724,2258.7562451801496,6609025
2026-03-11,2227.759521484375,2244.457670152,2178.7648102847634,2243.757794529146,5622357
2026-03-12,2297.752197265625,2313.750471920216,2244.7579124722924,2246.757696804116,7903687
2026-03-13,2306.751220703125,2317.7500344992823,2271.75499498808,2294.752514743681,7511957
2026-03-16,2321.74951171875,2331.7484329578488,2295.752316497093,2313.750374727471,10508880
2026-03-17,2330.74853515625,2346.7468090998364,2285.753389689913,2303.751447876448,6017651
2026-03-18,2329.74853515625,2359.745297411481,2309.593728173188,2327.7487510059013,7840807
2026-03-19,2307.7509765625,2342.7472002105446,2261.7559397679265,2336.747847585166,6845489
2026-03-20,2249.75732421875,2303.3814227318235,2235.758834201389,2301.7517157118054,12380525
2026-03-23,2139.76904296875,2210.761380375657,2139.76904296875,2184.764186395663,12770146
2026-03-24,2126.7705078125,2132.769860443847,2082.775255182622,2123.7708314968263,10634922
2026-03-25,2151.767822265625,2168.765988147835,2130.7700879405425,2154.7674985977796,5128761
2026-03-26,2092.774169921875,2149.7680197477457,2092.774169921875,2136.769422419038,9079346
2026-03-27,2066.777099609375,2097.773756642704,2049.778932849162,2092.774295830877,4860165
2026-03-30,2131.77001953125,2139.7691565651385,2033.7805908661176,2044.779404287714,9788621
2026-03-31,2199.7626953125,2199.7626953125,2107.772618963068,2108.772511097301,7880738
2026-04-01,2294.75244140625,2306.7511469822302,2204.762149586397,2227.759668607026,9098775
2026-04-02,2288.753173828125,2302.75166418793,2260.756193108515,2274.75468346832,9517435
2026-04-07,2257.75634765625,2295.752247218224,2248.7573188126244,2295.752247218224,3898607
2026-04-08,2288.253173828125,2304.7513942205937,2250.257272318198,2299.751933495603,8390931
2026-04-09,2268.755126953125,2303.75134971353,2257.756314085569,2298.7518893191864,3809243
2026-04-10,2193.76318359375,2283.2535231250354,2176.2650725122135,2259.2561136417858,10387116
2026-04-13,2245.2578125,2257.256518244823,2186.764121993988,2196.763043448007,3982995
2026-04-14,2231.25927734375,2239.2584143452063,2202.762351776061,2238.258522220024,4786075
2026-04-15,2251.257080078125,2263.7557314221076,2219.2605326375296,2235.2588063578273,3251141
2026-04-16,2216.260986328125,2259.906181735969,2209.761687247984,2255.2567808089716,2793985
2026-04-17,2255.256591796875,2300.7516815449385,2215.260908501874,2227.2596134903742,24647704
2026-04-20,2239.25830078125,2250.757059637684,2224.2599196641618,2246.757491339794,3869969
2026-04-21,2144.7685546875,2245.257710746285,2137.769309986888,2239.2583581457607,7265473
2026-04-22,2112.77197265625,2165.266307045485,2112.77197265625,2154.7674401676377,4034303
2026-04-23,2080.0,2093.0,2045.0,2053.0,5998658
2026-04-24,2020.5,2072.5,2011.0,2070.5,11354195
2026-04-27,2036.0,2050.0,2014.5999755859375,2017.5,3643561
2026-04-28,2046.5,2058.0,2027.0,2046.5,3586902
2026-04-29,2001.0,2052.2099609375,1992.0,2046.0,7246088
2026-04-30,2042.5,2049.0,1987.199951171875,2000.0,17131086
2026-05-01,2034.5,2036.5,2012.9000244140625,2020.0,2195439
2026-05-05,2077.0,2088.0,2024.0,2034.5,4298412
2026-05-06,2089.5,2119.0,2063.0,2094.5,6184970
2026-05-07,2001.0,2084.0,1961.5,2084.0,7266783
2026-05-08,1934.800048828125,2002.5,1932.800048828125,1999.5999755859375,6305373
2026-05-11,1923.5,1958.0,1883.5,1942.5,6072347
2026-05-12,1926.0,1935.5,1894.0,1900.0,6996677
2026-05-13,1928.5,1956.0,1881.5,1951.5,4737602
2026-05-14,1923.0,1944.5,1678.0,1932.0,4033118
2026-05-15,1850.5,1932.0,1846.5,1928.0,8247902
2026-05-18,1880.5,1890.5,1837.0,1845.0,5822600
2026-05-19,1902.0,1942.5,1883.0,1885.0,5075175
2026-05-20,1926.0,1930.5,1655.0,1900.0,4327631
2026-05-21,1953.0,1961.0,1917.696044921875,1930.0,4027263
2026-05-22,1993.5,1995.5,1945.5,1961.0,4445559
2026-05-26,1990.0,2018.7110595703125,1595.0,1984.5,3914591
2026-05-27,1965.5,1992.5,1955.5,1976.0,6071515
2026-05-28,2019.0,2027.0,1964.5,1964.5,6999486
2026-05-29,2023.0,2046.0,2018.98095703125,2029.0,11576220
2026-06-01,1921.0,2020.0,1911.5,2012.0,4980862
2026-06-02,1908.5,1944.0,1893.5,1933.0,3164535
2026-06-03,1900.0,1921.0,1888.0,1894.0,3882646
2026-06-04,1916.0,1923.5,1883.5,1900.0,4408025
2026-06-05,1930.5,1953.5,1921.427978515625,1924.0,3354260
2026-06-08,1953.5,1966.5,1900.0,1907.5,4109978
2026-06-09,1933.5,2125.0,1926.0,1952.5,4534213
2026-06-10,1940.0,1965.0,1921.5,1941.5,3394251
2026-06-11,1942.5,1977.5,1928.448974609375,1938.0,8458952
2026-06-12,1911.0,1962.5,1884.0,1958.5,6628210
2026-06-15,1820.5,1922.0,1529.0,1918.5,14501352
2026-06-16,1860.5,1878.0,1831.5,1838.0,5998251
2026-06-17,1865.0,2139.0,1581.0,1872.0,4720953
2026-06-18,1840.0,1868.0,1680.0,1854.0,9395465
2026-06-19,1846.5,1868.5,1841.0,1855.0,17425586
2026-06-22,1811.0,1840.0,1783.0,1819.0,9133098
2026-06-23,1825.0,2031.0,1802.5,1811.0,5894315
2026-06-24,1824.5,1840.5,1552.0,1837.5,7350852
2026-06-25,1792.0,1824.5,1737.0,1820.5,15995829
2026-06-26,1808.0,1808.5,1758.0,1791.5,6437201
2026-06-29,1808.0,1810.5,1773.0,1793.5,5131938
2026-06-30,1844.0,1847.0,1804.5250244140625,1810.5,7396136
2026-07-01,1880.0,1896.5,1842.0,1849.0,5734597
2026-07-02,1982.5,2006.0,1870.0,1874.0,7433808
2026-07-03,1981.5,2002.0,1959.0,1998.5,3206450
2026-07-06,2025.0,2037.0,1985.5,1990.0,7250526
2026-07-07,1971.0,2047.0,1968.8499755859375,2018.0,9662360
2026-07-08,1925.7230224609375,1982.0,1912.5,1962.5,4888983
2026-07-09,1839.0,1936.0,1839.0,1918.0,5574351
2026-07-10,1851.0,1855.0,1564.0,1848.0,3446782
2026-07-13,1848.0,1864.25,1841.0999755859375,1853.0,10148558
2026-07-14,1853.0,1865.5,1814.5,1858.5,3503236
2026-07-15,1813.0,1841.0,1670.0,1832.0,5365984
2026-07-16,1834.0,1834.0,1780.5,1796.5,3539799
2026-07-17,1880.0,1890.5,1817.0,1818.0,5580050
2026-07-20,1875.0,1904.5,1872.0,1878.5,5027670
2026-07-21,1909.0,1944.0,1688.0,1889.5,6251372
2026-07-22,1924.0,1939.5,1899.0,1903.5,3682236
2026-07-23,1965.0,1996.0,1914.5,1924.5,10533447
2026-07-24,1971.0,1974.5,1947.5,1955.0,2203367
2026-07-27,2000.0,2010.0,1952.0,1982.0,11611780
2026-07-28,2025.0,2053.0,2013.0,2018.0,9243990
2026-07-29,2020.0,2049.360107421875,1983.0,1990.0,4389568
2026-07-30,2050.0,2071.0,1991.0,2050.0,5413852
2026-07-31,2094.0,2136.0,2050.0,2062.0,6146823
2026-08-03,2143.0,2147.0,2096.998046875,2133.0,9839004
2026-08-04,2184.0,2209.0,2163.0,2164.0,4845846
2026-08-05,2156.0,2220.0,2156.0,2203.0,9572270
2026-08-06,2200.0,2216.0,2160.0,2172.0,6151764
2026-08-07,2220.0,2249.0,2201.0,2202.0,4398786
2026-08-10,2244.0,2251.0,2198.0,2203.0,3432870
2026-08-11,2230.0,2251.0,2223.0,2243.0,3951472
2026-08-12,2270.0,2274.0,2229.0,2230.0,4073069
2026-08-13,2236.0,2282.0,2232.0,2271.0,5281841
2026-08-14,2258.0,2272.0,2241.0,2244.0,9758204
2026-08-17,2236.0,2267.0,2236.0,2254.0,8252193
2026-08-18,2225.0,2238.0,2205.0,2230.0,4147908
2026-08-19,2160.0,2238.0,2157.0,2228.0,5956112
2026-08-20,2145.0,2175.0,2137.0,2164.0,3711049
2026-08-21,2126.0,2135.0,2117.0,2129.0,3865473
2026-08-24,2097.0,2130.0,2090.0,2119.0,2933483
2026-08-25,2098.0,2124.0,2095.0,2104.0,6163081
2026-08-26,2088.0,2115.0,2067.0,2080.0,6431559
2026-08-27,2092.0,2118.0,2060.0,2098.0,5403926
2026-08-28,2044.0,2102.0,2030.97998046875,2096.0,8834813
