Date,Close,High,Low,Open,Volume
2009-01-02,2089.16015625,2068.4952574466406,2068.4952574466406,2068.4952574466406,59924
2009-01-05,2117.508544921875,2117.508544921875,2117.508544921875,0.0,0
2009-01-06,2117.89794921875,2117.89794921875,2117.89794921875,0.0,0
2009-01-07,2015.1033935546875,2065.816607542328,2059.5011354596904,2064.3176984189945,62160
2009-01-08,1991.1905517578125,1991.1905517578125,1991.1905517578125,0.0,0
2009-01-09,1975.1324462890625,1974.1232930547615,1974.1232930547615,1974.1232930547615,43000
2009-01-12,1987.5439453125,1987.5439453125,1987.5439453125,0.0,0
2009-01-13,2039.5958251953125,2039.5958251953125,2039.5958251953125,0.0,0
2009-01-14,1966.4287109375,1959.8235331957173,1959.8235331957173,1959.8235331957173,38600
2009-01-15,1939.76806640625,1939.76806640625,1939.76806640625,0.0,0
2009-01-16,1957.0955810546875,1957.0955810546875,1957.0955810546875,0.0,0
2009-01-19,2015.8427734375,2024.526394237763,2003.5416685324358,2024.526394237763,11377
2009-01-20,2046.380126953125,2046.380126953125,2046.380126953125,0.0,0
2009-01-21,2055.5546875,2032.5714072247176,2032.5714072247176,2032.5714072247176,11426
2009-01-22,2058.492919921875,2091.8387858207752,2065.9374569408747,2091.8387858207752,12400
2009-01-23,2101.790771484375,2069.224379426028,2069.224379426028,2069.224379426028,553
2009-01-26,2104.7890625,2104.7890625,2104.7890625,0.0,0
2009-01-27,2071.222412109375,2072.531517852101,2072.531517852101,2072.531517852101,4
2009-01-28,2107.466796875,2097.1542310102,2097.1542310102,2097.1542310102,253
2009-01-29,2087.591064453125,2091.937755084049,2091.937755084049,2091.937755084049,1503
2009-01-30,2018.881103515625,2040.0257535373257,2040.0257535373257,2040.0257535373257,253
2009-02-02,2060.9609375,2060.9609375,2060.9609375,0.0,0
2009-02-03,2046.76953125,2046.76953125,2046.76953125,0.0,0
2009-02-04,2104.46923828125,2095.6455783640217,2067.835972700873,2067.835972700873,14838
2009-02-05,2073.610595703125,2051.2867588441172,2051.2867588441172,2051.2867588441172,953
2009-02-06,2115.6103515625,2115.6103515625,2115.6103515625,0.0,0
2009-02-09,2107.646484375,2109.595017864463,2109.595017864463,2109.595017864463,1044
2009-02-10,2087.0712890625,2108.2958338188637,2108.2958338188637,2108.2958338188637,2533
2009-02-11,2111.713134765625,2103.4691345944116,2103.4691345944116,2103.4691345944116,2709
2009-02-12,2109.205078125,2109.205078125,2109.205078125,2109.205078125,13881
2009-02-13,2123.864013671875,2127.951126672601,2127.951126672601,2127.951126672601,1505
2009-02-16,2092.37646484375,2092.37646484375,2092.37646484375,0.0,0
2009-02-17,2056.35400390625,2101.008527369896,2101.008527369896,2101.008527369896,8150
2009-02-18,2072.67138671875,2074.5101363189015,2064.77722995058,2064.77722995058,68127
2009-02-19,2029.99267578125,2029.99267578125,2029.99267578125,0.0,0
2009-02-20,2004.6312255859375,1993.549323900143,1993.549323900143,1993.549323900143,7450
2009-02-23,1944.43505859375,2006.13015484227,2006.13015484227,2006.13015484227,237
2009-02-24,1954.2476806640625,1962.3617700902903,1962.3617700902903,1962.3617700902903,235
2009-02-25,1996.0177001953125,1996.0177001953125,1996.0177001953125,0.0,0
2009-02-26,1994.40869140625,1994.40869140625,1994.40869140625,0.0,0
2009-02-27,1941.8865966796875,1950.1604815461594,1935.5911301689234,1950.1604815461594,20964
2009-03-02,1928.4761962890625,1928.4761962890625,1928.4761962890625,0.0,0
2009-03-03,1890.4039306640625,1903.6142850358335,1903.6142850358335,1903.6142850358335,50
2009-03-04,1940.767333984375,1904.313766657836,1904.313766657836,1904.313766657836,4750
2009-03-05,1891.0037841796875,1914.881426217783,1914.881426217783,1914.881426217783,162176
2009-03-06,1836.6431884765625,1836.6431884765625,1836.6431884765625,0.0,0
2009-03-09,1891.943359375,1891.943359375,1891.943359375,0.0,0
2009-03-10,1964.3504638671875,1948.5819102105297,1948.5819102105297,1948.5819102105297,135
2009-03-11,2005.9599609375,1994.1205560532992,1994.1205560532992,1994.1205560532992,15000
2009-03-12,2046.76953125,2033.5291730143454,1995.0571887069711,1995.0571887069711,28887
2009-03-13,2028.9730224609375,2068.494302984481,2054.5745038349173,2068.494302984481,2107
2009-03-16,2038.4666748046875,2052.4965051568593,2052.4965051568593,2052.4965051568593,12022
2009-03-17,2051.306884765625,2051.306884765625,2051.306884765625,0.0,0
2009-03-18,2104.8291015625,2103.7498084912672,2103.7498084912672,2103.7498084912672,17078
2009-03-19,2038.1370849609375,2074.1110330641523,2074.1110330641523,2074.1110330641523,20000
2009-03-20,2053.94580078125,2027.3651612524488,2027.3651612524488,2027.3651612524488,20000
2009-03-23,2099.14208984375,2099.14208984375,2099.14208984375,0.0,0
2009-03-24,2074.360595703125,2091.8278651617566,2074.360595703125,2091.8278651617566,22173
2009-03-25,2101.860595703125,2118.768459692814,2084.183515997983,2084.183515997983,34543
2009-03-26,2156.57080078125,2156.57080078125,2156.57080078125,0.0,0
2009-03-27,2174.398193359375,2175.447478874549,2170.7209367748096,2170.7209367748096,4665
2009-03-30,2093.36572265625,2093.36572265625,2093.36572265625,0.0,0
2009-03-31,2125.90283203125,2125.90283203125,2125.90283203125,0.0,0
2009-04-01,2118.85693359375,2107.7651571993724,2107.7651571993724,2107.7651571993724,2
2009-04-02,2173.838134765625,2173.838134765625,2173.838134765625,0.0,0
2009-04-03,2163.685546875,2163.685546875,2163.685546875,0.0,0
2009-04-06,2161.116943359375,2180.28316874558,2146.337661595974,2180.28316874558,3800
2009-04-07,2147.4169921875,2147.4169921875,2147.4169921875,0.0,0
2009-04-08,2169.38134765625,2169.38134765625,2169.38134765625,0.0,0
2009-04-09,2245.066162109375,2192.7743821207555,2192.7743821207555,2192.7743821207555,18240
2009-04-14,2195.06201171875,2195.06201171875,2195.06201171875,0.0,0
2009-04-15,2137.294677734375,2151.134459324858,2137.294677734375,2151.134459324858,273
2009-04-16,2201.848388671875,2199.1103899806285,2199.1103899806285,2199.1103899806285,1
2009-04-17,2238.701416015625,2238.701416015625,2238.701416015625,0.0,0
2009-04-20,2227.188720703125,2227.188720703125,2227.188720703125,0.0,0
2009-04-21,2225.119873046875,2233.603686188657,2212.269122299402,2212.269122299402,1101
2009-04-22,2304.44287109375,2304.44287109375,2304.44287109375,0.0,0
2009-04-23,2231.61572265625,2236.042432343852,2231.61572265625,2236.042432343852,113
2009-04-24,2295.4404296875,2295.4404296875,2295.4404296875,0.0,0
2009-04-27,2318.453125,2318.453125,2318.453125,0.0,0
2009-04-28,2311.297607421875,2288.5841598703223,2288.5841598703223,2288.5841598703223,81624
2009-04-29,2313.756103515625,2314.6255879351297,2314.6255879351297,2314.6255879351297,6450
2009-04-30,2351.378173828125,2358.752687647219,2351.378173828125,2358.752687647219,2636
2009-05-01,2302.3935546875,2302.3935546875,2302.3935546875,0.0,0
2009-05-05,2310.779052734375,2328.186312210859,2310.729040286333,2328.186312210859,3002
2009-05-06,2308.250244140625,2324.3986493794455,2324.3986493794455,2324.3986493794455,1624
2009-05-07,2279.601318359375,2354.396992927854,2332.8326055570774,2332.8326055570774,22117
2009-05-08,2257.9775390625,2257.9775390625,2257.9775390625,0.0,0
2009-05-11,2272.186767578125,2233.4849478686792,2233.4849478686792,2233.4849478686792,20812
2009-05-12,2212.699951171875,2218.615568450908,2212.699951171875,2218.615568450908,540
2009-05-13,2188.087158203125,2188.087158203125,2188.087158203125,0.0,0
2009-05-14,2197.670654296875,2197.670654296875,2190.4759391130738,2190.4759391130738,1860
2009-05-15,2208.013671875,2208.013671875,2208.013671875,0.0,0
2009-05-18,2202.08837890625,2202.08837890625,2202.08837890625,0.0,0
2009-05-19,2212.81982421875,2212.81982421875,2212.81982421875,0.0,0
2009-05-20,2221.54345703125,2224.7610865001857,2224.7610865001857,2224.7610865001857,200
2009-05-21,2137.404541015625,2171.1800109501437,2171.1800109501437,2171.1800109501437,20000
2009-05-22,2124.573974609375,2124.573974609375,2124.573974609375,0.0,0
2009-05-26,2168.43212890625,2158.279604380701,2134.117010747169,2134.117010747169,42073
2009-05-27,2190.445068359375,2179.25326648846,2179.25326648846,2179.25326648846,1000
2009-05-28,2165.833251953125,2173.8774448556255,2173.8774448556255,2173.8774448556255,20000
2009-05-29,2157.989990234375,2157.989990234375,2157.989990234375,0.0,0
2009-06-01,2205.5849609375,2180.1935259024735,2180.1935259024735,2180.1935259024735,3
2009-06-02,2202.51806640625,2202.51806640625,2202.51806640625,0.0,0
2009-06-03,2211.710693359375,2214.2986539521016,2188.1477610547086,2188.1477610547086,2500
2009-06-04,2248.68359375,2226.0099089280893,2226.0099089280893,2226.0099089280893,20000
2009-06-05,2292.841552734375,2294.1006462816595,2294.1006462816595,2294.1006462816595,990
2009-06-08,2268.459228515625,2268.459228515625,2268.459228515625,0.0,0
2009-06-09,2258.606689453125,2276.803410872489,2252.0614028257837,2276.803410872489,7296
2009-06-10,2236.212890625,2269.5985094357056,2269.5985094357056,2269.5985094357056,135
2009-06-11,2233.933837890625,2233.933837890625,2233.933837890625,0.0,0
2009-06-12,2203.945556640625,2203.945556640625,2203.945556640625,0.0,0
2009-06-15,2205.185302734375,2214.408571334436,2205.185302734375,2214.408571334436,7170
2009-06-16,2198.400390625,2198.400390625,2198.400390625,2198.400390625,500
2009-06-17,2196.66162109375,2196.66162109375,2174.6776176322055,2174.6776176322055,3363
2009-06-18,2200.68896484375,2200.68896484375,2200.68896484375,2200.68896484375,13677
2009-06-19,2201.71875,2208.3938268320435,2208.3938268320435,2208.3938268320435,500
2009-06-22,2155.93115234375,2178.0251821803604,2178.0251821803604,2178.0251821803604,5000
2009-06-23,2111.7001953125,2111.7001953125,2111.7001953125,2111.7001953125,16710
2009-06-24,2167.702392578125,2174.2076678556678,2167.702392578125,0.0,0
2009-06-25,2215.857421875,2222.492729872358,2215.857421875,0.0,0
2009-06-26,2194.42236328125,2200.9976542445447,2194.42236328125,0.0,0
2009-06-29,2191.354736328125,2197.9000204624126,2191.354736328125,2197.9000204624126,27782
2009-06-30,2211.330810546875,2211.330810546875,2211.330810546875,2211.330810546875,29366
2009-07-01,2221.513427734375,2234.8738234053817,2221.513427734375,0.0,0
2009-07-02,2169.671142578125,2182.6816944043803,2169.671142578125,0.0,0
2009-07-03,2175.47705078125,2188.5573765003446,2175.47705078125,0.0,0
2009-07-06,2163.296142578125,2176.286690893352,2163.296142578125,0.0,0
2009-07-07,2165.75341796875,2155.003187454581,2155.003187454581,2155.003187454581,4739
2009-07-08,2150.424560546875,2168.131641149058,2168.131641149058,2168.131641149058,205
2009-07-09,2150.954345703125,2150.954345703125,2150.954345703125,2150.954345703125,2000
2009-07-10,2138.683837890625,2151.5245923378534,2138.683837890625,0.0,0
2009-07-13,2183.181640625,2183.181640625,2183.181640625,2183.181640625,1400
2009-07-14,2192.813720703125,2185.7390365178376,2185.7390365178376,2185.7390365178376,140
2009-07-15,2230.306884765625,2236.9922052472525,2230.306884765625,0.0,0
2009-07-16,2247.669677734375,2248.363264622539,2240.0192411441735,2240.0192411441735,94032
2009-07-17,2282.509033203125,2289.3541499472767,2282.509033203125,0.0,0
2009-07-20,2290.52294921875,2288.334600444572,2288.334600444572,2288.334600444572,1120
2009-07-21,2313.626220703125,2313.626220703125,2313.626220703125,2313.626220703125,1200
2009-07-22,2338.2578125,2338.2578125,2338.2578125,2338.2578125,3325
2009-07-23,2364.098876953125,2371.1735601867836,2364.098876953125,0.0,0
2009-07-24,2375.651123046875,2375.651123046875,2375.651123046875,2375.651123046875,81204
2009-07-27,2375.171875,2382.276813310618,2375.171875,0.0,0
2009-07-28,2375.791015625,2382.915713372755,2375.791015625,0.0,0
2009-07-29,2401.411376953125,2401.411376953125,2401.411376953125,2401.411376953125,2352
2009-07-30,2431.70947265625,2431.70947265625,2431.70947265625,2431.70947265625,1056
2009-07-31,2403.4501953125,2403.4501953125,2396.255482023964,2396.255482023964,13322
2009-08-03,2355.446044921875,2371.204598231049,2355.446044921875,2371.204598231049,986
2009-08-04,2355.796142578125,2362.851068636821,2355.796142578125,0.0,0
2009-08-05,2360.371826171875,2360.371826171875,2360.371826171875,2360.371826171875,2000
2009-08-06,2366.14794921875,2366.14794921875,2339.3873972185065,2339.3873972185065,38988
2009-08-07,2352.2880859375,2352.2880859375,2352.2880859375,2352.2880859375,4000
2009-08-10,2400.94140625,2408.13611772468,2400.94140625,0.0,0
2009-08-11,2408.537353515625,2408.537353515625,2404.4802472661577,2404.4802472661577,946
2009-08-12,2381.58642578125,2381.58642578125,2381.58642578125,2381.58642578125,940
2009-08-13,2409.296630859375,2418.6796947089224,2418.6796947089224,2418.6796947089224,320
2009-08-14,2373.55322265625,2380.657917132569,2373.55322265625,0.0,0
2009-08-17,2400.711669921875,2400.711669921875,2400.711669921875,2400.711669921875,813
2009-08-18,2349.3203125,2365.728293474253,2365.728293474253,2365.728293474253,130
2009-08-19,2353.287353515625,2359.103189297669,2353.287353515625,0.0,0
2009-08-20,2395.686279296875,2395.686279296875,2395.686279296875,2395.686279296875,5200
2009-08-21,2434.15771484375,2441.462455136486,2434.15771484375,0.0,0
2009-08-24,2488.628662109375,2488.628662109375,2488.628662109375,2488.628662109375,20009
2009-08-25,2482.703857421875,2464.5371419590933,2464.5371419590933,2464.5371419590933,75000
2009-08-26,2493.18505859375,2505.176329416646,2493.18505859375,2505.176329416646,8193
2009-08-27,2467.265380859375,2492.8866366513425,2467.265380859375,2492.8866366513425,19002
2009-08-28,2506.975341796875,2506.975341796875,2506.975341796875,2506.975341796875,5702
2009-09-01,2477.2568359375,2477.2568359375,2462.137714360231,2466.015018980429,4050
2009-09-02,2426.184326171875,2426.184326171875,2414.832723875822,2414.832723875822,21767
2009-09-03,2405.69921875,2410.2759661759487,2410.2759661759487,2410.2759661759487,127
2009-09-04,2438.325439453125,2426.244144551637,2426.244144551637,2426.244144551637,330
2009-09-07,2478.086181640625,2478.086181640625,2469.8821920958,2469.8821920958,5775
2009-09-08,2452.00537109375,2459.339876496203,2452.00537109375,0.0,0
2009-09-09,2476.806884765625,2476.806884765625,2476.806884765625,2476.806884765625,3252
2009-09-10,2467.3349609375,2482.154258409842,2467.3349609375,0.0,0
2009-09-11,2486.4111328125,2490.0286183174258,2486.4111328125,2490.0286183174258,49411
2009-09-14,2497.363037109375,2503.5884884054553,2497.363037109375,0.0,0
2009-09-15,2547.716064453125,2547.716064453125,2495.9036713043083,2495.9036713043083,58727
2009-09-16,2545.93701171875,2545.93701171875,2545.8669943206332,2545.8669943206332,600
2009-09-17,2576.2646484375,2569.919413571791,2566.941600631238,2569.919413571791,2614
2009-09-18,2606.30322265625,2606.30322265625,2585.8981505047495,2587.337044760483,47123
2009-09-21,2620.822509765625,2620.822509765625,2620.822509765625,2620.822509765625,150
2009-09-22,2609.181884765625,2626.868968492316,2609.181884765625,2626.868968492316,35490
2009-09-23,2602.83544921875,2609.3207190063213,2602.83544921875,0.0,0
2009-09-24,2639.07958984375,2639.07958984375,2597.54975175686,2597.54975175686,9089
2009-09-25,2624.729736328125,2630.4257863203115,2614.577212753307,2622.3015717927374,48886
2009-09-28,2680.44873046875,2641.157507404913,2641.157507404913,2641.157507404913,202
2009-09-29,2658.066162109375,2660.154730492046,2658.066162109375,2660.154730492046,100151
2009-09-30,2614.966796875,2614.966796875,2600.4673406313627,2600.4673406313627,876
2009-10-01,2582.6611328125,2640.239117423539,2582.6611328125,2640.239117423539,4914
2009-10-02,2579.97216796875,2579.97216796875,2573.6166866227863,2579.9021505741666,14450
2009-10-05,2589.065673828125,2589.4155168746397,2577.983895205479,2585.078585327995,1547
2009-10-06,2644.955322265625,2648.9724188191312,2604.1051634349847,2604.1051634349847,87673
2009-10-07,2646.87353515625,2646.87353515625,2643.06624767766,2644.665181557878,1926
2009-10-08,2639.1796875,2639.1796875,2639.1796875,2639.1796875,331
2009-10-09,2671.036376953125,2642.077468693046,2642.077468693046,2642.077468693046,1272
2009-10-12,2712.0859375,2712.0859375,2706.030286800416,2706.030286800416,151518
2009-10-13,2686.115478515625,2686.115478515625,2686.115478515625,2686.115478515625,2470
2009-10-14,2697.187744140625,2703.0035815771957,2697.187744140625,2703.0035815771957,1629
2009-10-15,2643.0869140625,2646.509472655556,2646.509472655556,2646.509472655556,450
2009-10-16,2602.9755859375,2656.7582185122133,2656.7582185122133,2656.7582185122133,37479
2009-10-19,2629.297119140625,2629.297119140625,2629.297119140625,2629.297119140625,882
2009-10-20,2636.080810546875,2651.069897794109,2636.080810546875,2651.069897794109,23387
2009-10-21,2625.36962890625,2607.4227273746783,2607.4227273746783,2607.4227273746783,9638
2009-10-22,2592.812255859375,2599.2675170480757,2592.812255859375,0.0,0
2009-10-23,2648.132080078125,2662.391717848032,2622.0109608989305,2622.8004251901784,80568
2009-10-26,2634.132568359375,2666.349107008825,2666.349107008825,2666.349107008825,958
2009-10-27,2610.93994140625,2629.086647007767,2598.3089970263113,2629.086647007767,32475
2009-10-28,2547.51611328125,2588.925917904801,2546.136990011641,2588.925917904801,23082
2009-10-29,2534.15576171875,2534.15576171875,2534.15576171875,2534.15576171875,79212
2009-10-30,2545.397216796875,2545.397216796875,2545.397216796875,2545.397216796875,13891
2009-11-02,2523.912841796875,2518.117011758133,2513.1506560693388,2513.1506560693388,107232
2009-11-03,2507.05517578125,2507.05517578125,2507.05517578125,2507.05517578125,800
2009-11-04,2514.539794921875,2514.539794921875,2514.539794921875,2514.539794921875,500
2009-11-05,2551.413818359375,2552.6629096221686,2547.906360334925,2552.6629096221686,90245
2009-11-06,2558.958251953125,2555.5705799964408,2555.5705799964408,2555.5705799964408,197
2009-11-09,2588.736328125,2588.736328125,2588.736328125,2588.736328125,2700
2009-11-10,2609.69140625,2609.69140625,2609.69140625,2609.69140625,936
2009-11-11,2620.222900390625,2620.222900390625,2620.222900390625,2620.222900390625,20009
2009-11-12,2650.460205078125,2658.6044221039997,2658.6044221039997,2658.6044221039997,8460
2009-11-13,2636.630859375,2629.016284795473,2629.016284795473,2629.016284795473,1000
2009-11-16,2655.1875,2658.0652881721467,2637.7800042855906,2637.7800042855906,31903
2009-11-17,2641.1083984375,2629.30399886034,2629.30399886034,2629.30399886034,264
2009-11-18,2637.310791015625,2652.070070116554,2636.4813165050105,2648.332799520053,165000
2009-11-19,2612.368896484375,2646.0743481773056,2644.3856357131817,2644.3856357131817,3135
2009-11-20,2622.0322265625,2621.94244813269,2621.94244813269,2621.94244813269,113484
2009-11-23,2659.07568359375,2661.9734779570795,2661.9734779570795,2661.9734779570795,3800
2009-11-24,2648.4716796875,2656.4458545496614,2656.4458545496614,2656.4458545496614,1000
2009-11-25,2646.523681640625,2653.1289814018833,2646.523681640625,0.0,0
2009-11-26,2614.9765625,2614.9765625,2614.9765625,2614.9765625,0
2009-11-27,2647.53271484375,2648.7017857048086,2648.7017857048086,2648.7017857048086,400
2009-11-30,2635.132080078125,2644.854983776191,2640.078431071207,2644.854983776191,7845
2009-12-01,2655.987060546875,2665.1405554555645,2652.3498149287075,2653.3991001526483,11331
2009-12-02,2659.63525390625,2646.8745174739684,2646.8745174739684,2646.8745174739684,1910
2009-12-03,2673.6240234375,2652.8791132246993,2652.8791132246993,2652.8791132246993,3930
2009-12-04,2668.617919921875,2682.3179104244314,2668.617919921875,0.0,0
2009-12-07,2686.355224609375,2696.8375869329216,2696.8375869329216,2696.8375869329216,12
2009-12-08,2689.62353515625,2686.695489356147,2673.3853474829575,2686.695489356147,17160
2009-12-09,2694.70849609375,2701.4235790189236,2694.70849609375,0.0,0
2009-12-10,2737.036865234375,2735.2781362098067,2734.3588837525213,2735.2781362098067,61610
2009-12-11,2713.515625,2734.571349689175,2734.571349689175,2734.571349689175,4278
2009-12-14,2728.6142578125,2731.801879321102,2725.29660398612,2731.801879321102,128900
2009-12-15,2742.584228515625,2749.4190983537374,2742.584228515625,0.0,0
2009-12-16,2720.9599609375,2727.765067610423,2720.9599609375,0.0,0
2009-12-17,2723.717529296875,2736.4482536414675,2727.20498123536,2736.4482536414675,40623
2009-12-18,2747.10107421875,2749.9188479866243,2740.2559576491385,2740.2559576491385,41624
2009-12-21,2807.65673828125,2809.955114514615,2747.6105918460803,2747.6105918460803,67932
2009-12-22,2830.489501953125,2841.5812808476207,2816.999322567883,2816.999322567883,4690
2009-12-23,2856.2109375,2858.7191215008656,2858.7191215008656,2858.7191215008656,24661
2009-12-24,2862.347900390625,2871.4274776755597,2871.4274776755597,2871.4274776755597,468
2009-12-29,2904.76611328125,2888.5879445681408,2888.5879445681408,2888.5879445681408,750
2009-12-30,2869.761962890625,2899.9948472455167,2899.9948472455167,2899.9948472455167,259
2009-12-31,2851.45458984375,2865.4544098000133,2865.4544098000133,2865.4544098000133,3
2010-01-04,2884.37109375,2882.1127273350626,2865.7945235149978,2865.7945235149978,1800
2010-01-05,2899.09033203125,2891.0212525923953,2891.0212525923953,2891.0212525923953,33263
2010-01-06,2900.799072265625,2910.192383469424,2910.192383469424,2910.192383469424,102327
2010-01-07,2897.162109375,2902.358279929749,2902.358279929749,2902.358279929749,2869
2010-01-08,2906.535400390625,2908.4641729915006,2889.9176070082276,2894.4543455973853,167660
2010-01-11,2857.8896484375,2884.6702030965016,2860.6276456220353,2882.4218397308528,41582
2010-01-12,2834.747802734375,2859.4798104009215,2834.747802734375,2857.731082586115,198013
2010-01-13,2820.61865234375,2825.3154319655378,2818.050695648397,2825.0853746632656,3135
2010-01-14,2839.523193359375,2853.243187017689,2849.50591714942,2853.243187017689,3289
2010-01-15,2831.00927734375,2836.735089792654,2836.735089792654,2836.735089792654,1540
2010-01-18,2824.744384765625,2824.334526783436,2814.8314327476014,2814.8314327476014,6253
2010-01-19,2838.62451171875,2845.6994420085935,2838.62451171875,0.0,0
2010-01-20,2799.812255859375,2800.7515136273796,2800.381665633537,2800.7515136273796,4656
2010-01-21,2821.197265625,2837.9750969516135,2837.9750969516135,2837.9750969516135,775
2010-01-22,2799.8720703125,2798.4731861240784,2795.89498450161,2798.4731861240784,1080
2010-01-25,2725.236328125,2754.994696927039,2754.994696927039,2754.994696927039,1144
2010-01-26,2752.906005859375,2759.7811282461653,2752.906005859375,0.0,0
2010-01-27,2738.866455078125,2738.0069732829184,2726.5153381760742,2730.052802277833,19912
2010-01-28,2685.985595703125,2743.0041671049125,2714.2750706370557,2743.0041671049125,272250
2010-01-29,4280.6640625,4280.6640625,4280.6640625,4280.6640625,0
2010-02-01,2705.48095703125,2703.342620690922,2693.46967906437,2693.46967906437,1300
2010-02-02,2716.392822265625,2723.17767840932,2716.392822265625,0.0,0
2010-02-03,2750.29931640625,2760.2220296710334,2760.2220296710334,2760.2220296710334,1523
2010-02-04,2728.194580078125,2757.5733471559324,2732.1416588965553,2757.5733471559324,2505
2010-02-05,2724.537109375,2734.7096374793605,2713.585119263938,2731.022379648598,4843
2010-02-08,2752.916015625,2753.6254601427127,2743.273132541398,2753.6254601427127,1088
2010-02-09,2753.36572265625,2724.987211716095,2724.987211716095,2724.987211716095,0
2010-02-10,2751.61767578125,2759.87143487812,2751.61767578125,0.0,0
2010-02-11,2770.772705078125,2757.991971365146,2757.991971365146,2757.991971365146,13176
2010-02-12,2774.120849609375,2781.235788447404,2780.356301596797,2781.235788447404,1999
2010-02-15,2789.890625,2801.961922764003,2796.745746177662,2801.961922764003,7780
2010-02-16,2813.542236328125,2814.4514866348663,2808.196029936407,2814.4514866348663,18643
2010-02-17,2820.73779296875,2825.7341578310575,2820.73779296875,0.0,0
2010-02-18,2859.519775390625,2859.269957135295,2846.79904934629,2859.269957135295,1325
2010-02-19,2912.7900390625,2910.8815159398605,2895.0131817983574,2895.0131817983574,21135
2010-02-22,2882.202392578125,2904.6860290705754,2904.6860290705754,2904.6860290705754,250
2010-02-23,2857.31005859375,2903.886263228991,2887.8578912072257,2903.886263228991,4761
2010-02-24,2891.974853515625,2887.8077209807207,2866.9130192526636,2866.9130192526636,4255
2010-02-25,2884.021484375,2889.4474676585755,2884.021484375,0.0,0
2010-02-26,2936.91259765625,2945.476433354611,2939.280747191161,2939.280747191161,8477
2010-03-01,3026.927490234375,3034.79188528768,3004.1742700877526,3004.1742700877526,26370
2010-03-02,3059.9228515625,3064.4495862442823,3041.7861493413707,3041.7861493413707,2037
2010-03-03,3030.9052734375,3033.163640352665,3027.797426820639,3033.163640352665,18556
2010-03-04,3029.11669921875,3023.380881198811,3023.380881198811,3023.380881198811,11667
2010-03-05,3062.042236328125,3079.489503538422,3070.536056664745,3079.489503538422,1033
2010-03-08,3086.82373046875,3090.561001023225,3058.04462472042,3058.04462472042,14439
2010-03-09,3128.23388671875,3128.723520692304,3128.723520692304,3128.723520692304,1300
2010-03-10,3154.264892578125,3142.2836203841493,3129.7226918457113,3142.2836203841493,3870
2010-03-11,3131.201904296875,3147.450092847419,3135.6186128375734,3147.450092847419,14650
2010-03-12,3118.2001953125,3132.489842534707,3118.520030859737,3132.489842534707,110481
2010-03-15,3123.9560546875,3142.022981906766,3123.896039778567,3142.022981906766,4314
2010-03-16,3126.38427734375,3121.7277546273735,3121.7277546273735,3121.7277546273735,4035
2010-03-17,3116.081787109375,3129.7217604148577,3110.855610966466,3129.7217604148577,13494
2010-03-18,3126.164306640625,3109.1866749661613,3109.1866749661613,3109.1866749661613,580
2010-03-19,3164.52734375,3160.65003819919,3153.7051406269948,3153.7051406269948,2320
2010-03-22,3174.96875,3156.9318314920793,3156.9318314920793,3156.9318314920793,1755
2010-03-23,3185.162841796875,3191.2284975198654,3191.2284975198654,3191.2284975198654,1425
2010-03-24,3231.73828125,3224.043685463171,3224.043685463171,3224.043685463171,2173
2010-03-25,3259.55810546875,3260.5773833197463,3228.9004819298752,3228.9004819298752,3113
2010-03-26,3225.622314453125,3243.9190564039427,3237.1539606107726,3243.9190564039427,6986
2010-03-29,3231.6982421875,3226.7618931149577,3222.934600229219,3222.934600229219,38406
2010-03-30,3191.497802734375,3209.564490650384,3198.6725137589096,3209.564490650384,381468
2010-03-31,3183.97314453125,3203.7087834196022,3194.985150911571,3203.7087834196022,42502
2010-04-01,3164.0771484375,3169.4733676915994,3169.4733676915994,3169.4733676915994,1032
2010-04-06,3193.0263671875,3197.672888017669,3193.795826743226,3197.672888017669,1892
2010-04-07,3198.04345703125,3205.547763077569,3202.669973931848,3205.547763077569,2755
2010-04-08,3176.866943359375,3190.017525037366,3190.017525037366,3190.017525037366,2525
2010-04-09,3177.986083984375,3177.6862534697516,3177.6862534697516,3177.6862534697516,4620
2010-04-12,3190.807861328125,3190.857873761096,3190.857873761096,3190.857873761096,844
2010-04-13,3193.505859375,3192.1667460848153,3178.216937753107,3182.6836575982497,12233
2010-04-14,3206.696533203125,3215.440170504542,3211.7829197571778,3215.440170504542,111504
2010-04-15,3233.276123046875,3225.4519848771856,3225.4519848771856,3225.4519848771856,13373
2010-04-16,3221.33544921875,3243.0196186892285,3219.277132804785,3236.6443757676066,157093
2010-04-19,3225.862060546875,3256.6497107627674,3221.6551615443323,3241.6406154000665,47482
2010-04-20,3237.893798828125,3237.05432182125,3222.4250748822114,3233.786680138577,105491
2010-04-21,3233.9462890625,3255.6204553828093,3245.248121855038,3255.6204553828093,97447
2010-04-22,3222.5849609375,3237.054412455017,3221.9655386241807,3229.5898734551606,32344
2010-04-23,3267.811767578125,3300.787769052738,3268.151608147299,3268.151608147299,13532
2010-04-26,3262.06591796875,3279.6732211446815,3262.06591796875,3279.6732211446815,86404
2010-04-27,3243.668701171875,3283.069949465239,3255.460166041465,3276.354867212214,12832
2010-04-28,3244.398681640625,3272.418327531882,3243.109580807471,3251.153774935326,102376
2010-04-29,3278.7236328125,3281.4116177233395,3250.543948561162,3250.543948561162,10588
2010-04-30,3261.3564453125,3286.558074888307,3262.6255412268993,3284.0098805734474,24404
2010-05-04,3200.909423828125,3340.5677490541307,3201.049214625258,3270.8284868054275,87480
2010-05-05,3191.2880859375,3197.673332529625,3167.6951450371594,3197.673332529625,8097
2010-05-06,3199.221435546875,3211.582311498523,3181.4743433349304,3209.483985288956,30104
2010-05-07,3113.844482421875,3254.3721176990625,3123.72718437223,3180.895549758456,54131
2010-05-10,3189.09912109375,3310.8806143238567,3164.5571665393427,3171.552076138873,57400
2010-05-11,3213.591064453125,3216.848703293377,3187.6799910176155,3192.456543916088,28371
2010-05-12,3256.22998046875,3264.8335814335655,3185.501432470267,3185.501432470267,12754
2010-05-13,3316.92626953125,3320.8233358727744,3273.5176736120216,3273.5176736120216,19161
2010-05-14,3212.19189453125,3288.6162461834765,3218.6571592078963,3286.228091928177,155580
2010-05-17,3238.98388671875,3270.1911654300225,3247.637503748156,3270.1911654300225,61699
2010-05-18,3255.72021484375,3285.8081767804974,3246.1471050862056,3280.6120079546577,67842
2010-05-19,3193.495849609375,3235.7351274937687,3196.0638048763362,3225.482579508395,17896
2010-05-20,3134.96875,3194.8350986423256,3124.356355226185,3193.596010066321,85933
2010-05-21,3104.960693359375,3105.0807232089833,3048.9513988410918,3105.0807232089833,59206
2010-05-24,3124.006103515625,3141.343337470993,3082.826116985965,3082.826116985965,39635
2010-05-25,3053.147705078125,3065.248759898938,3015.964565922355,3064.0496815463653,42748
2010-05-26,3129.9033203125,3139.3764102987757,3120.7200585750966,3120.7200585750966,24923
2010-05-27,3126.184326171875,3141.123402782766,3100.7428847529127,3106.208876611605,11885
2010-05-28,3150.966552734375,3164.3267014866306,3150.9365452786747,3156.2027317725883,14464
2010-06-01,3120.458984375,3143.712080853733,3097.735531730912,3106.2293501311847,4428
2010-06-02,3127.234130859375,3211.5028814777147,3080.2983182082185,3211.5028814777147,6809
2010-06-03,3178.416015625,3176.3174457790874,3155.7225760682945,3155.7225760682945,25182
2010-06-04,3160.25048828125,3328.82777396294,3177.0283189325587,3328.82777396294,3194
2010-06-07,3091.76904296875,3130.0812374912966,3083.6948433016682,3125.2746783348775,24706
2010-06-08,3064.190185546875,3132.050961168554,3043.5552987060896,3132.050961168554,36447
2010-06-09,3072.123779296875,3058.5635819755275,3043.554488194984,3056.3252211381605,6748
2010-06-10,3039.497314453125,3050.3395193678766,3026.646805887362,3038.3882585253436,16664
2010-06-11,3098.515869140625,3067.8382357499754,3058.155094626066,3058.155094626066,1739
2010-06-14,3117.7705078125,3123.346526963409,3102.741408942506,3102.741408942506,13010
2010-06-15,3108.48779296875,3117.421233049497,3093.418681414116,3093.418681414116,15410
2010-06-16,3156.47265625,3154.284307581095,3136.1873715821325,3145.1508184543995,37201
2010-06-17,3169.75341796875,3187.260697391662,3169.7934279158717,3187.260697391662,6042
2010-06-18,3190.50830078125,3195.234841680333,3162.3386147074184,3162.3386147074184,2565
2010-06-21,3196.31396484375,3218.6578128567066,3204.677995604406,3211.9727361181845,12135
2010-06-22,3170.1630859375,3182.6840039318363,3169.9332727007313,3172.7512904267523,12150
2010-06-23,3086.623779296875,3127.0843237482277,3090.4308231153545,3127.0843237482277,1865
2010-06-24,3040.337158203125,3083.7154976560123,3052.9578551193135,3083.7154976560123,4656
2010-06-25,3019.17333984375,3059.603883158758,3047.992214724366,3053.008584300548,24812
2010-06-28,3013.33740234375,3024.079585893734,3002.47518894487,3012.8077584373405,2607
2010-06-29,2908.96337890625,2966.5313530091444,2900.1097138294685,2964.862645364682,5830
2010-06-30,2913.9384765625,2907.8328145545925,2902.766434927861,2902.766434927861,14030
2010-07-01,2797.984130859375,2862.8668520831566,2788.8806473774616,2862.8668520831566,4022
2010-07-02,2796.4951171875,2927.709695502133,2798.963291885851,2810.9645687402513,78679
2010-07-05,2800.541748046875,2810.0748485927134,2796.974276215526,2802.090425553912,21778
2010-07-06,2841.042236328125,2850.1454737587273,2808.056235637921,2808.056235637921,4273
2010-07-07,2850.804931640625,2849.7658929804156,2814.17168294882,2821.94605368958,22359
2010-07-08,2908.543701171875,2922.1039033400934,2888.2784165793305,2888.2784165793305,7324
2010-07-09,2937.342529296875,2939.6209006640056,2939.6209006640056,2939.6209006640056,286
2010-07-12,2967.779541015625,2971.1272017363044,2953.559911751266,2961.883930392105,8197
2010-07-13,2980.639892578125,2997.1779002930652,2966.8398815969435,2990.1029733324485,71904
2010-07-14,2995.23046875,3007.3417732926855,2988.5954040967204,3007.3417732926855,31204
2010-07-15,2940.900634765625,2982.4204793315525,2942.6193551586407,2978.982794582371,188286
2010-07-16,2926.820068359375,2973.206478416244,2922.872989525113,2962.2842508737563,16076
2010-07-19,2919.874755859375,2919.3351095808766,2907.5936556515994,2907.8034638792255,13269
2010-07-20,2908.283935546875,2912.0712191128505,2893.5646643107516,2902.887959128925,4263
2010-07-21,2963.752197265625,2998.3171206879083,2962.103495234387,2983.6678737406264,57688
2010-07-22,3004.013671875,3004.643340564026,2953.590408286216,2955.4291579604464,4391
2010-07-23,2961.654541015625,2974.245230919143,2967.52014502559,2974.245230919143,325
2010-07-26,2991.822998046875,2981.8302692624834,2964.8426303290175,2981.8302692624834,19768
2010-07-27,2980.82958984375,3014.804851679046,2982.828134657591,3010.8077620513636,2537
2010-07-28,2964.841796875,2989.8236118132795,2967.8396146675937,2989.8236118132795,37980
2010-07-29,2918.874755859375,3097.7445200835546,2941.8580216535433,3097.7445200835546,2953
2010-07-30,2909.88232421875,3042.785603449895,2901.888142009358,3042.785603449895,3928
2010-08-02,2937.8623046875,2936.863031794749,2921.873938403486,2921.873938403486,4508
2010-08-03,2921.87353515625,2927.869171685298,2909.882262098153,2909.882262098153,5405
2010-08-04,2945.855712890625,2946.8549855205065,2910.881170844773,2914.878261364299,50931
2010-08-05,2948.85400390625,2958.8467318083385,2942.858367164997,2956.8481862279205,4652
2010-08-06,2892.894775390625,2953.8504165992013,2893.8940481973227,2953.8504165992013,1364
2010-08-09,2949.85302734375,2948.8537546380103,2940.859572992092,2943.8573911093113,25919
2010-08-10,2957.84814453125,2978.832877989073,2948.85468733504,2965.842328705659,25490
2010-08-11,2897.8916015625,2937.862520204741,2904.886512324892,2937.862520204741,32348
2010-08-12,2898.890380859375,2886.8991073087677,2882.9020161252315,2884.9005617169996,18836
2010-08-13,2873.908447265625,2894.893175148997,2871.909901752923,2894.893175148997,21680
2010-08-16,2864.915283203125,2869.911647491934,2840.9327346168416,2860.918191772078,19550
2010-08-17,2926.8701171875,2914.8788432352126,2867.91302025542,2871.910111572849,8373
2010-08-18,2912.880126953125,2907.8837630990033,2890.8961259949883,2893.8939443074614,32721
2010-08-19,2860.918701171875,2906.8852608134766,2870.9114315287447,2904.886714742103,4732
2010-08-20,2878.904541015625,2881.9023590034926,2873.908177702512,2873.908177702512,15824
2010-08-23,2870.910888671875,2905.885438307627,2872.9094343653464,2885.8999813729115,41099
2010-08-24,2844.9296875,2867.912962109238,2825.9435041271513,2867.912962109238,2110
2010-08-25,2825.943115234375,2825.943115234375,2795.96493508691,2821.9460245480464,50636
2010-08-26,2825.943115234375,2853.9227500386755,2812.952570503807,2840.9322053081073,2312
2010-08-27,2827.94189453125,2834.936803811009,2778.977529572935,2800.9615301664644,30801
2010-08-31,2843.93017578125,2837.934539430341,2803.9592667751886,2803.9592667751886,5081
2010-09-01,2904.88623046875,2905.8855033378486,2853.923314144737,2860.918224228425,38137
2010-09-02,2921.87353515625,2925.8706261756156,2896.891716285215,2896.891716285215,15786
2010-09-03,2955.8486328125,2966.840632461228,2929.867542733688,2929.867542733688,19053
2010-09-06,2989.82421875,3001.815492354612,2983.8285819476937,2998.8176739534592,4752
2010-09-07,2988.824951171875,2995.8198607867876,2978.8322231505717,2978.8322231505717,24119
2010-09-08,2978.83203125,2980.8305767255115,2951.8516673305935,2951.8516673305935,3770
2010-09-09,3018.80322265625,3014.806131331978,2990.8235833863478,2990.8235833863478,23732
2010-09-10,3019.802490234375,3029.795218527672,3008.810489111748,3015.805398917056,19359
2010-09-13,3059.773193359375,3065.768829923763,3045.7833747091363,3045.7833747091363,4452
2010-09-14,3062.771484375,3062.771484375,3052.778755225326,3055.7765739702286,9836
2010-09-15,3039.787353515625,3058.773533567169,3037.7888082470413,3058.773533567169,33089
2010-09-16,3050.780029296875,3059.7734850006655,3038.7887550251544,3058.7742121446886,7647
2010-09-17,3072.763427734375,3086.7532449663363,3063.7699737995426,3082.7561543286333,3073
2010-09-20,3124.725341796875,3121.7275240720937,3076.760258200377,3076.760258200377,12036
2010-09-21,3138.7158203125,3150.7070937425383,3140.714365884173,3146.710002599192,34893
2010-09-22,3108.737548828125,3118.7302764039146,3105.739730555388,3105.739730555388,24435
2010-09-23,3131.721435546875,3126.7250707805274,3088.752698556283,3121.7287060141794,23059
2010-09-24,3135.71826171875,3136.7175345873666,3114.7335314778024,3126.7248059012013,1841
2010-09-27,3127.723876953125,3141.713696211062,3133.7195137779554,3141.713696211062,1071
2010-09-28,3131.721435546875,3130.7221625936054,3102.742519902057,3121.7287060141794,48498
2010-09-29,3126.724365234375,3133.7192743288592,3122.7272743232415,3128.722910689942,7213
2010-09-30,3111.735107421875,3117.730743467004,3116.731470792816,3116.731470792816,1575
2010-10-01,3099.744140625,3127.7237782579787,3100.7434133976067,3127.7237782579787,16497
2010-10-04,3058.7744140625,3102.74242262792,3084.7555100329755,3102.74242262792,4884
2010-10-05,3111.735107421875,3119.72928881538,3076.76056382529,3083.755472544607,17417
2010-10-06,3110.736083984375,3134.718630086407,3104.740447458867,3132.7200845779043,11355
2010-10-07,3104.7412109375,3104.7412109375,3084.7557509379026,3089.752115937802,4888
2010-10-08,3122.727294921875,3117.7309312499997,3101.7425675,3117.7309312499997,2439
2010-10-11,3139.71533203125,3140.7146048931313,3124.7262391030295,3124.7262391030295,12500
2010-10-12,3165.696044921875,3166.6953176633274,3128.722953488128,3128.722953488128,4020
2010-10-13,3200.669677734375,3203.6674951034674,3177.6864112379994,3177.6864112379994,2804
2010-10-14,3163.69775390625,3168.694118015388,3156.7028441534567,3164.6970267280776,20012
2010-10-15,3193.67578125,3182.68378075133,3165.6961436170213,3168.6939619348404,58122
2010-10-18,3242.639404296875,3252.6321297338454,3235.6444964909956,3235.6444964909956,12180
2010-10-19,3249.634521484375,3250.6337940924577,3216.6585254176516,3217.6577980257343,8550
2010-10-20,3249.634521484375,3258.6279749571177,3233.6461597550547,3244.6381584439623,3560
2010-10-21,3275.615478515625,3283.609659061118,3260.6263899928263,3267.621297970132,3128
2010-10-22,3294.6025390625,3292.6039933912457,3261.6265354868065,3261.6265354868065,14558
2010-10-25,3308.591796875,3319.583796200166,3308.591796875,3309.5910695409243,29538
2010-10-26,3279.61328125,3278.6140084647323,3267.6220078267825,3267.6220078267825,73953
2010-10-27,3283.6103515625,3287.607442678218,3276.615442109993,3283.6103515625,461328
2010-10-28,3268.62158203125,3317.5859530246867,3272.6186735409183,3312.589588637601,60459
2010-10-29,3267.621826171875,3281.6116443879014,3273.617462550172,3281.6116443879014,2339
2010-11-01,3267.621826171875,3279.6130989284693,3261.6261897935783,3267.621826171875,18827
2010-11-02,3292.60400390625,3298.59964093916,3266.622910096975,3267.622182935793,1895
2010-11-03,3274.615966796875,3299.597779177077,3271.618149311251,3299.597779177077,4045
2010-11-04,3306.59375,3316.5864781656087,3298.5995674675128,3309.5915684496827,232696
2010-11-05,3309.5908203125,3313.5879106751963,3305.5937299498037,3313.5879106751963,11273
2010-11-08,3332.57470703125,3331.5754342555288,3323.5812520497566,3329.576888704086,12059
2010-11-09,3353.558837890625,3348.562474902111,3335.5719311319745,3335.5719311319745,6081
2010-11-10,3327.5791015625,3334.5740125868056,3323.582009548611,3333.5747395833337,1535
2010-11-11,3293.60302734375,3299.5986639226526,3292.6037545806,3299.5986639226526,666
2010-11-12,3272.617919921875,3312.588825814051,3273.6171925691797,3303.5953719883114,21238
2010-11-15,3273.61669921875,3281.610879192422,3274.615971715459,3279.612334199004,5745
2010-11-16,3248.6357421875,3263.624833584858,3242.6401056285563,3244.638651148204,19948
2010-11-17,3254.632568359375,3258.629660859663,3241.6420177334394,3246.6383833587993,1368
2010-11-18,3293.60302734375,3298.599391159502,3260.6270261597865,3272.618299317591,18876
2010-11-19,3286.60791015625,3288.606455556163,3260.6268199573865,3269.620274256993,2967
2010-11-22,3299.59912109375,3316.5867604210043,3282.6114817664957,3282.6114817664957,25025
2010-11-23,3279.61328125,3318.584919875457,3288.6067363174134,3311.5900103785802,12669
2010-11-24,3371.546630859375,3372.5459037197365,3303.5960763547996,3304.595349215161,11035
2010-11-25,3373.5458984375,3377.542990734227,3366.550986918228,3366.550986918228,5234
2010-11-26,3397.52734375,3400.525161994485,3358.555706571691,3366.5498885569855,7307
2010-11-29,3360.55419921875,3403.5229267139644,3367.549108345878,3403.5229267139644,746
2010-11-30,3346.564697265625,3400.5254299178623,3346.564697265625,3387.5348831682495,3697
2010-12-01,3426.50537109375,3423.507553621227,3359.554114207404,3362.551931679927,40497
2010-12-02,3440.49658203125,3443.4944007202116,3414.515486726919,3414.515486726919,4423
2010-12-03,3419.511474609375,3456.484567701294,3412.5165651054986,3443.494021479809,4203
2010-12-06,3432.5029296875,3445.4934793486173,3426.5072913823687,3426.5072913823687,16414
2010-12-07,3431.503173828125,3448.4908133025215,3427.5060821870907,3427.5060821870907,3712
2010-12-08,3420.510986328125,3435.0604576636506,3417.5131677599147,3430.503714888827,2431
2010-12-09,3441.49560546875,3451.4883337076258,3440.4963326448624,3449.4897880598505,52102
2010-12-10,3441.49560546875,3437.4985141732,3425.5072402865494,3431.5028772298747,5733
2010-12-13,3444.4931640625,3479.4677102598275,3453.4866187989555,3457.4837097929358,28614
2010-12-14,3462.480224609375,3461.4809518172797,3432.5020408465234,3432.5020408465234,46961
2010-12-15,3492.458251953125,3498.453888437165,3458.482978543567,3458.482978543567,7242
2010-12-16,3504.44970703125,3498.454070235645,3458.483158264943,3458.483158264943,0
2010-12-17,3533.42822265625,3518.4391323452082,3493.4573151601385,3494.4565878475414,48483
2010-12-20,3517.439453125,3522.4358159845524,3506.4474548339845,3512.443090265447,1530
2010-12-21,3550.41650390625,3552.4150496444468,3527.4332279169894,3527.4332279169894,5758
2010-12-22,3574.39892578125,3576.3974714484466,3557.4112876100785,3557.4112876100785,13483
2010-12-23,3560.408935546875,3579.395118475696,3579.395118475696,3579.395118475696,625
2010-12-24,3492.458251953125,3560.408798772242,3510.445161405244,3560.408798772242,60152
2010-12-29,3550.41650390625,3563.407051204528,3550.41650390625,3563.407051204528,18204
2010-12-30,3548.41796875,3548.41796875,3538.425240029217,3538.425240029217,15399
2010-12-31,3519.438720703125,3521.437266257187,3521.437266257187,3521.437266257187,111
2011-01-04,3538.424072265625,3562.4066132806984,3540.4226173502143,3562.4066132806984,13909
2011-01-05,3594.384033203125,3593.3847604666216,3522.4363961748722,3522.4363961748722,3924
2011-01-06,3608.374755859375,3618.367485728828,3587.3900231335247,3587.3900231335247,97621
2011-01-07,3583.392822265625,3626.361559398202,3584.3920952221965,3615.369556875915,12035
2011-01-10,3585.390869140625,3592.385778863029,3585.390869140625,3586.390141958111,5607
2011-01-11,3605.3759765625,3621.364340094928,3614.3694310494907,3618.3665219325976,2450
2011-01-12,3601.37890625,3622.3636335061738,3593.3847244381245,3616.367997147267,16400
2011-01-13,3577.395751953125,3599.3797481941774,3572.3993891710675,3596.381930524943,5090
2011-01-14,3581.394287109375,3581.394287109375,3569.4030115944997,3581.394287109375,1327
2011-01-17,3534.427490234375,3592.3853060199544,3534.427490234375,3592.3853060199544,30589
2011-01-18,3564.405517578125,3560.4084270061285,3530.4302477161527,3544.4200647181415,42268
2011-01-19,3558.4111328125,3588.3893226424284,3561.408951795493,3588.3893226424284,8823
2011-01-20,3518.439453125,3540.4234542521654,3521.4372714605224,3526.4336353530603,13669
2011-01-21,3509.4453125,3540.422762581862,3521.4365834994305,3526.43294641586,0
2011-01-24,3513.442626953125,3509.44553636501,3493.45717401255,3499.4528098947226,16909
2011-01-25,3560.408935546875,3573.3994817613316,3561.408208332602,3564.4060266897845,3826
2011-01-26,3576.3974609375,3589.3880077360996,3572.400369614854,3584.391643582792,34703
2011-01-27,3583.392822265625,3587.389914091911,3576.397911569624,3576.397911569624,37251
2011-01-28,3547.418212890625,3599.3803951639525,3563.4065766670333,3587.389122331646,7129
2011-01-31,3485.463623046875,3518.439626361252,3484.4643502191666,3512.4439893950016,7498
2011-02-01,3529.432373046875,3533.4294652020812,3502.4520009992348,3502.4520009992348,26061
2011-02-02,3530.431396484375,3530.431396484375,3517.4408478983864,3524.4357586754572,38286
2011-02-03,3523.436279296875,3517.4406418391945,3504.45009401422,3504.45009401422,2881
2011-02-04,3552.414306640625,3566.4041238819664,3534.4273987589004,3534.4273987589004,73889
2011-02-07,3596.382568359375,3598.381113826649,3568.402931817541,3569.4022045511774,0
2011-02-08,3594.384033203125,3609.373124250678,3578.395669419069,3580.394214892076,32458
2011-02-09,3602.378173828125,3612.3709010786883,3603.3774465531815,3603.3774465531815,128948
2011-02-10,3602.378173828125,3614.3694465288013,3583.3919920520543,3583.3919920520543,119419
2011-02-11,3636.354248046875,3632.357156265565,3604.3775137963944,3606.3760596870493,9786
2011-02-14,3658.837646484375,3663.7839984428388,3644.468219586544,3644.468219586544,3838
2011-02-15,3624.86181640625,3663.3338163874055,3613.5999932583572,3660.3359982070556,3259
2011-02-16,3669.82958984375,3683.3197734960004,3637.353221792035,3637.353221792035,32973
2011-02-17,3644.346923828125,3654.3396491470944,3635.3534710410527,3654.3396491470944,649455
2011-02-18,3627.8603515625,3637.353444343066,3621.3650775547444,3637.353444343066,10412
2011-02-21,3581.893798828125,3619.366533506896,3583.392708215276,3612.3716230335253,90405
2011-02-22,3578.895263671875,3592.9450967329167,3570.401445511548,3575.3978091352697,37261
2011-02-23,3496.955078125,3532.4292616579155,3493.4576234104875,3530.4307161067654,13492
2011-02-24,3517.439453125,3526.4329062721945,3475.4700051047585,3478.46782282049,64134
2011-02-25,3577.895751953125,3589.3873875200743,3525.8645321938466,3552.4142991742383,1121046
2011-02-28,3554.4130859375,3572.3999950032508,3549.8563437563735,3561.407995018625,3925
2011-03-01,3521.937255859375,3572.4005361603818,3529.4318024387326,3572.4005361603818,10940
2011-03-02,3507.447265625,3503.253296528379,3481.4661747685186,3492.4581747462607,43908
2011-03-03,3580.39453125,3570.4018030020234,3510.445433514164,3510.445433514164,261849
2011-03-04,3571.90087890625,3597.3823371275703,3565.405605241992,3578.396152570508,21304
2011-03-07,3531.4306640625,3581.394312393888,3527.4335721959887,3560.409580094705,13733
2011-03-08,3563.90576171875,3553.4133993191854,3532.4286745200566,3546.4184910528093,33228
2011-03-09,3509.4453125,3547.417670664863,3512.4431302498574,3542.4213077484337,111125
2011-03-10,3503.450927734375,3513.004035592181,3485.4640148138906,3491.459652454052,25103
2011-03-11,3502.450927734375,3503.450200466967,3482.9651094488345,3492.458200408457,8238
2011-03-14,3458.482666015625,3502.4506629253874,3455.484848044505,3499.452844954267,43390
2011-03-15,3451.98779296875,3449.489611037234,3412.3964886158074,3447.4910654920213,57923
2011-03-16,3406.021240234375,3451.4881513186247,3390.532512282598,3451.4881513186247,61049
2011-03-17,3409.51806640625,3419.510792274967,3377.5413436263557,3377.5413436263557,5827
2011-03-18,3375.0439453125,3425.5072226591415,3370.5472176281455,3423.5086770216503,35492
2011-03-21,3420.510986328125,3431.502987744897,3398.5269834945816,3400.5255292067222,69798
2011-03-22,3391.53271484375,3394.5305339788506,3382.539257438448,3394.5305339788506,32571
2011-03-23,3420.510986328125,3411.5175306234937,3398.5269834945816,3407.5204391992133,19011
2011-03-24,3509.9453125,3509.4456761565834,3442.944030055253,3449.4893149466193,159481
2011-03-25,3569.402099609375,3563.406463383827,3531.7944616261047,3541.4224638901524,62092
2011-03-28,3556.412353515625,3590.3876330940266,3551.216183078611,3568.4036286609435,67707
2011-03-29,3570.401611328125,3576.3972479550403,3532.4292460243273,3539.4241554223954,15180
2011-03-30,3569.402099609375,3591.3860991030497,3566.9639327621203,3571.400645017891,6878
2011-03-31,3571.90087890625,3584.391789799054,3562.407786627719,3567.4041509848407,9944
2011-04-01,3599.380615234375,3610.9322673202487,3588.38861446603,3588.38861446603,16895
2011-04-04,3562.40673828125,3579.3943720963357,3550.415467352954,3576.3965543642616,10660
2011-04-05,3528.4326171875,3552.2702527491842,3512.444250754478,3526.434071383372,17139
2011-04-06,3506.94775390625,3535.8766515377934,3503.8899207071695,3530.4306637842374,141359
2011-04-07,3503.94970703125,3519.4384338126515,3492.4580710321457,3492.4580710321457,8527
2011-04-08,3492.9580078125,3515.44164539676,3493.457644203261,3497.005111370283,4378
2011-04-11,3473.97216796875,3500.4528992936953,3466.0279973638876,3500.4528992936953,48611
2011-04-12,3463.978759765625,3479.4674863706637,3455.4849419499583,3466.476941476115,12512
2011-04-13,3491.95849609375,3500.4523141555032,3474.4712236136697,3474.4712236136697,12143
2011-04-14,3454.985595703125,3477.5621829181327,3454.4859593190754,3467.4765053043657,99654
2011-04-15,3475.970458984375,3475.4708225808986,3453.486820827943,3456.4846392488007,2261
2011-04-18,3425.507568359375,3482.466124776086,3408.519928726321,3478.46903309772,4115
2011-04-19,3442.494384765625,3470.4740198232266,3443.4936574462536,3457.4834749750544,37131
2011-04-20,3526.933837890625,3531.43056611573,3483.039749403803,3509.4465614596616,314769
2011-04-21,3519.9384765625,3542.9776187615835,3517.440294535131,3527.433022644606,36287
2011-04-26,3580.39453125,3583.3923497243927,3542.3792264034983,3557.4112562796536,127620
2011-04-27,3559.909423828125,3567.4039699835525,3557.411241776316,3562.407605879934,22520
2011-04-28,3551.415283203125,3561.637823716234,3543.421101361362,3556.411646854227,6747
2011-04-29,5903.34326171875,5903.34326171875,5903.34326171875,5903.34326171875,0
2011-05-03,3560.908447265625,3580.394265905075,3560.4088108902547,3571.400811148406,76836
2011-05-04,3526.933837890625,3552.8649218627725,3545.420387260501,3545.420387260501,404
2011-05-05,3569.901611328125,3584.6908956274274,3535.4267042348233,3563.4063389772127,30626
2011-05-06,3602.87744140625,3605.3756229631813,3571.95000252405,3580.393807393869,15177
2011-05-09,3588.8876953125,3597.3815127732146,3559.0534542373975,3580.393877851786,119777
2011-05-10,3606.3759765625,3616.3687057854495,3585.3912451943056,3587.3897910388955,16858
2011-05-11,3596.8818359375,3622.812911924049,3590.9362125745793,3616.3676522455376,7168
2011-05-12,3607.37548828125,3607.37548828125,3579.3958446048305,3584.3922095470484,21001
2011-05-13,3619.865966796875,3648.345243554283,3627.3605133119822,3634.3554233927493,7509
2011-05-16,3582.89306640625,3599.3810696403048,3584.9416246915894,3591.339801372702,321049
2011-05-17,3525.934326171875,3545.4201471610636,3525.8843137356926,3536.4266913199,83097
2011-05-18,3574.89794921875,3572.3997675631113,3549.076655799371,3551.4150416557477,37923
2011-05-19,3581.394287109375,3602.3790192604065,3581.394287109375,3594.384835583823,113387
2011-05-20,3564.9052734375,3594.3838173944464,3566.8538063640767,3586.389635982393,1105
2011-05-23,3529.931884765625,3546.419889322917,3521.438064236111,3546.419889322917,13408
2011-05-24,3511.944091796875,3541.6724562102927,3512.9433645502672,3532.4291832414146,404215
2011-05-25,3487.96142578125,3494.456698454958,3479.4676076694777,3491.458880297862,5645
2011-05-26,3483.96484375,3495.706299913506,3467.476841477843,3489.460844507386,2675
2011-05-27,3486.96240234375,3489.460584319924,3480.9667656009324,3488.461311529454,15753
2011-05-31,3515.94140625,3523.435952376723,3509.4461329401734,3515.441769841552,13994
2011-06-01,3526.933837890625,3558.410935466359,3523.9360190738885,3542.4225684437642,37123
2011-06-02,3499.953125,3511.444762669522,3488.4614873304786,3502.45130710207,105452
2011-06-03,3465.977294921875,3499.4529297438103,3464.478385899997,3495.455839018803,77535
2011-06-06,3451.48828125,3450.4890084412996,3414.515187328098,3424.507915415098,55071
2011-06-07,3404.021728515625,3420.509724558633,3409.5177271966277,3419.5104520711784,3162
2011-06-08,3390.033203125,3403.5233868367723,3387.5350209561534,3391.532112426308,2622
2011-06-09,3386.534912109375,3393.5298204554256,3368.477987540704,3376.542185900731,117789
2011-06-10,3375.0439453125,3397.5275837342706,3382.318680708537,3397.5275837342706,683726
2011-06-13,3357.05615234375,3367.548514183193,3349.561608172719,3367.548514183193,36296
2011-06-14,3378.541259765625,3375.5434414339784,3351.5608947808064,3354.558713112453,21694
2011-06-15,3377.042236328125,3466.4171319468905,3366.1502610102684,3373.544781726217,105164
2011-06-16,3378.041748046875,3379.5406572680167,3359.5552009861244,3359.5552009861244,104113
2011-06-17,3350.56103515625,3373.54430500671,3345.5646721452804,3346.563944747474,13195
2011-06-20,3336.071533203125,3334.572624321949,3321.5820806850943,3321.5820806850943,12873
2011-06-21,3400.025390625,3400.874870012439,3359.904688964496,3362.5526640567596,4663
2011-06-22,3430.003662109375,3433.5011166810814,3397.527298229242,3397.527298229242,12591
2011-06-23,3413.01611328125,3422.5092045054257,3401.2246459154485,3413.51574966147,126620
2011-06-24,3434.000732421875,3580.394187186841,3426.506186956092,3467.476368835707,54902
2011-06-27,3447.9912109375,3446.4923015572926,3408.5199305920337,3408.5199305920337,36883
2011-06-28,3492.458251953125,3493.1276866256594,3467.4764332696263,3467.4764332696263,31639
2011-06-29,3506.94775390625,3521.4372089373483,3495.4561171574474,3521.4372089373483,26656
2011-06-30,3550.91552734375,3547.1911872592304,3527.432618973811,3528.431891670404,77147
2011-07-01,3585.390869140625,3588.388687593084,3556.411957433524,3556.411957433524,83512
2011-07-04,3619.865966796875,3620.3656032312156,3594.38450864551,3594.38450864551,60698
2011-07-05,3610.373046875,3628.7098024757884,3597.382498962081,3627.3606864534318,106082
2011-07-06,3639.351318359375,3648.0449424030394,3628.3593182215513,3638.352045619573,108375
2011-07-07,3698.80859375,3694.311865755437,3657.3387689112524,3657.3387689112524,35259
2011-07-08,3652.84228515625,3745.116213453532,3657.339013451477,3719.2939366301634,134527
2011-07-11,3655.340576171875,3687.3173116659977,3656.3398491560665,3676.325308839893,22702
2011-07-12,3628.85986328125,3661.3362354571113,3623.363861836104,3640.3515026665546,119851
2011-07-13,3622.863037109375,3644.3473993484736,3625.3612187650842,3640.8499450304807,1324
2011-07-14,3581.394287109375,3594.384835583823,3580.395014149802,3588.3891978263855,348883
2011-07-15,3569.901611328125,3577.3961563484077,3564.405611646584,3566.404156985326,67671
2011-07-18,3573.39990234375,3588.38899589385,3563.4071733103506,3573.39990234375,46827
2011-07-19,3629.359130859375,3633.915873781864,3584.791462449152,3591.386761098181,18825
2011-07-20,3642.348876953125,3680.6710813781688,3638.351786278828,3669.32923900463,148185
2011-07-21,3621.86328125,3644.346913151814,3608.922750792449,3612.3701922247897,52874
2011-07-22,3625.861572265625,3645.3473930343116,3620.3655715359955,3645.3473930343116,22627
2011-07-25,3660.8359375,3658.33775547632,3635.3544808584684,3635.3544808584684,28437
2011-07-26,3641.84912109375,3661.3349374914255,3631.3567584180787,3654.3400290409777,217349
2011-07-27,3600.3798828125,3623.363157112996,3574.3987901249825,3621.3646115216484,1045
2011-07-28,3604.87646484375,3588.888100758511,3549.416826923077,3557.4110089656965,14151
2011-07-29,3548.91796875,3571.401610675067,3514.443051131564,3570.4023377006197,24306
2011-08-01,3537.4248046875,3582.3920691538665,3520.936807716499,3565.404435911017,48088
2011-08-02,3521.4375,3652.342242480136,3519.43895431328,3526.433864216799,17443
2011-08-03,3428.50390625,3465.476988305159,3413.514818930341,3463.4784433292043,45009
2011-08-04,3383.536865234375,3473.141557014277,3388.5332280005214,3455.484489066884,34038
2011-08-05,3267.621826171875,3352.5600081977495,3196.513666551977,3295.6014626039278,324273
2011-08-08,3196.674072265625,3242.640626602674,3175.689340937842,3242.640626602674,32260
2011-08-09,3214.6611328125,3179.686578989548,3039.0089015083945,3152.706208897556,25363
2011-08-10,3166.695068359375,3274.6165159399407,3152.9250617906587,3246.6368813820163,9913
2011-08-11,3243.638671875,3254.63066983884,3145.7099627426064,3216.658313236483,200659
2011-08-12,3290.105712890625,3289.2064649506965,3235.645344977933,3235.645344977933,54399
2011-08-15,3275.11572265625,3306.592807404891,3282.6102666440215,3289.605174365942,7620
2011-08-16,3293.103759765625,3287.607758952786,3269.6208472016765,3287.607758952786,29545
2011-08-17,3247.636474609375,3289.6059305889426,3255.6306567007214,3287.607385066106,60479
2011-08-18,3103.242431640625,3199.672280184602,3103.7420681615786,3199.672280184602,23566
2011-08-19,3074.261474609375,3088.750924107778,3041.2854860957686,3056.7742079733716,19069
2011-08-22,3062.272216796875,3101.743501692772,3043.2860291254306,3070.7660375972578,95355
2011-08-23,3096.746826171875,3087.7533697551125,3075.7620945327626,3087.7533697551125,382
2011-08-24,3184.68310546875,3186.681651502932,3109.93548329261,3130.7223625458405,65737
2011-08-25,3209.164306640625,3211.6624884144385,3188.179579740593,3194.6748523525075,6086
2011-08-26,3235.64501953125,3185.681384269804,3170.69229369137,3179.6857480384306,5773
2011-08-30,3365.052490234375,3358.5572144551547,3324.58192576385,3328.5790185510623,2540
2011-08-31,3399.52587890625,3414.0153337105244,3367.4291212306453,3375.5433330233136,20899
2011-09-01,3410.517578125,3427.505213292924,3383.03758005924,3410.517578125,121824
2011-09-02,3309.5908203125,3357.555904664855,3304.5944573591296,3357.555904664855,12360
2011-09-05,3249.634521484375,3265.6228832136953,3237.6432501873846,3263.6243379975303,16172
2011-09-06,3285.109619140625,3273.6179809291825,3241.3643503878234,3257.629614721958,27739
2011-09-07,3395.5302734375,3393.5317270729106,3352.5615265988263,3362.5542584217737,29215
2011-09-08,3418.51220703125,3445.492572301593,3392.531114548697,3445.492572301593,20765
2011-09-09,3373.0458984375,3423.5091832460007,3379.841003402359,3423.5091832460007,171257
2011-09-12,3368.04833984375,3369.5472487622387,3297.5996206747886,3320.5828907582795,2676
2011-09-13,3420.01123046875,3439.4970504816474,3369.5479529994523,3414.515229952292,38650
2011-09-14,3490.959228515625,3487.4617740144645,3440.49595642745,3440.49595642745,4775
2011-09-15,3526.43408203125,3550.216825964803,3500.452986499141,3500.452986499141,4953
2011-09-16,3568.90234375,3579.394706793364,3546.418708657077,3556.411435365043,16896
2011-09-19,3586.88916015625,3587.3887964788796,3545.4193453780126,3557.4106171211174,4468
2011-09-20,3642.348876953125,3651.3423309702935,3606.375060884452,3624.3619689187885,3889
2011-09-21,3621.364013671875,3626.3603768253956,3605.375651580608,3624.3618315639874,22127
2011-09-22,3515.94140625,3545.5597451990498,3501.451950405002,3542.4221358977547,20530
2011-09-23,3504.94970703125,3496.4558873563346,3431.5031486658054,3494.4573415504724,23863
2011-09-26,3481.966064453125,3525.4344311639043,3465.4780632869674,3513.443157588517,324
2011-09-27,3564.9052734375,3574.398363864313,3543.4209108926066,3574.398363864313,70230
2011-09-28,3539.92333984375,3571.400428116179,3539.4237035219658,3558.4098837497795,2366
2011-09-29,3471.47412109375,3522.43703996991,3447.611600886972,3522.43703996991,1674
2011-09-30,3414.515869140625,3436.4998753218056,3407.520958082977,3423.5093262147443,1240
2011-10-03,3390.532958984375,3388.5344131789025,3347.564224166713,3348.563497069449,72661
2011-10-04,3338.5703125,3311.5899478075426,3274.6168554512124,3278.6139465167616,16062
2011-10-05,3423.5087890625,3433.501517576985,3352.0607801839337,3361.553872272694,7435
2011-10-06,3512.44384765625,3519.4387571679413,3457.4838443501067,3472.4729361608734,4359
2011-10-07,3458.982177734375,3506.9472635443562,3469.4745402553085,3506.4476272338356,1001
2011-10-10,3555.41259765625,3564.4060527936604,3505.9485944004928,3511.4445947622435,1059
2011-10-11,3612.86962890625,3619.2448701866433,3565.9038226391795,3580.3932735088074,31883
2011-10-12,3622.36328125,3625.361099137931,3607.3741918103447,3611.371282327586,19245
2011-10-13,3601.37890625,3611.3716335148447,3591.3861789851553,3603.377451702969,16228
2011-10-14,3646.844970703125,3667.330056851752,3650.3424244358175,3657.337331901202,60910
2011-10-17,3669.330078125,3720.013170189977,3659.29733920409,3708.3017211116216,6481
2011-10-18,3659.3369140625,3669.3296418453033,3623.9627552966094,3640.3507312751744,25586
2011-10-19,3656.33935546875,3670.3291753584913,3635.3546256341383,3654.3408097702154,3503
2011-10-20,3586.3896484375,3630.3576463564887,3579.2098156807315,3628.3591009965344,17288
2011-10-21,3602.378173828125,3621.3643556041957,3591.5062036817844,3601.3789011030685,5422
2011-10-24,3662.834228515625,3667.330955845681,3604.376773224897,3621.3644098051086,8112
2011-10-25,3625.861572265625,3667.051570276477,3623.363390115793,3653.341575913773,9823
2011-10-26,3557.411865234375,3601.3798770518783,3587.3900551099455,3587.3900551099455,5545
2011-10-27,3626.361083984375,3658.3378144025346,3635.904188261163,3637.3530850656175,1398
2011-10-28,3648.843994140625,3779.2490718444046,3636.3530863145925,3646.3458125754187,10785
2011-10-31,3611.37158203125,3655.33958136976,3621.3643091536383,3647.345399671849,16396
2011-11-01,3542.921630859375,3580.394359996937,3541.4227216938725,3580.394359996937,5522
2011-11-02,3562.906494140625,3579.114666613752,3544.4199508390957,3578.3952196094733,9106
2011-11-03,3597.3818359375,3608.3738359917534,3530.4305628797742,3530.4305628797742,74331
2011-11-04,3599.88037109375,3630.8078163983837,3595.3836433574775,3627.3603739265263,52330
2011-11-07,3582.393310546875,3621.3649532557533,3581.2740078078155,3584.3918563268176,2241
2011-11-08,3621.86328125,3651.3418208546004,3616.3672823406678,3649.3432757966616,4875
2011-11-09,3620.86474609375,3639.7509031521463,3603.877109641813,3624.362200657384,18924
2011-11-10,3569.402099609375,3614.3693713009825,3569.402099609375,3586.38973558176,5868
2011-11-11,3596.382568359375,3597.381841093012,3576.397113686636,3582.392750088458,3134
2011-11-14,3637.851806640625,3642.348533224853,3612.370355996665,3622.363081739394,36637
2011-11-15,3635.8544921875,3647.346130681428,3592.3861204930777,3609.3737600058403,8579
2011-11-16,3678.822265625,3688.2753458718607,3662.3342668791593,3666.3313574842114,10654
2011-11-17,3583.392822265625,3629.359378267917,3590.8373569994583,3629.359378267917,6361
2011-11-18,3534.92724609375,3550.295943421138,3523.555639645337,3539.423973332597,10033
2011-11-21,3451.98779296875,3508.4467046210107,3447.4910654920213,3479.467794215426,9961
2011-11-22,3457.483642578125,3492.4981980387875,3454.4858243909184,3467.4763698688134,34551
2011-11-23,3449.489990234375,3486.463086885207,3374.8643596823113,3475.471085178203,6627
2011-11-24,3430.503662109375,3453.4869374453833,3415.514569498935,3434.500753472159,57432
2011-11-25,3446.49169921875,3459.4822449102094,3407.5200621443714,3415.5142441083467,40676
2011-11-28,3519.9384765625,3520.4381129679737,3466.4773811768096,3477.469382097232,17335
2011-11-29,3498.454833984375,3527.4337514895296,3496.4562879495365,3520.4388403675957,5229
2011-11-30,3571.40087890625,3575.3979699850483,3495.6059417393067,3500.452512257581,21224
2011-12-01,3595.883544921875,3607.3751833174847,3578.3562591522127,3587.3897252381635,79469
2011-12-02,3658.837646484375,3666.332193076928,3643.468946707537,3663.3343744399067,42896
2011-12-05,3660.8359375,3668.38049600413,3642.4694203641902,3649.344300191074,14227
2011-12-06,3659.3369140625,3678.323096849826,3657.3383685059393,3664.333277953902,3629
2011-12-07,3619.865966796875,3687.1968555863104,3599.3808729889147,3682.3205210894366,25960
2011-12-08,3624.86181640625,3642.349089124957,3610.9720230891903,3642.349089124957,7520
2011-12-09,3632.856689453125,3638.352690496171,3589.3883175672195,3589.3883175672195,17083
2011-12-12,3599.88037109375,3657.33855883501,3584.3916422243665,3647.3458305321824,26576
2011-12-13,3621.86328125,3655.3389109704785,3615.317997392646,3632.3556428041798,138459
2011-12-14,3549.917236328125,3606.3761592985793,3585.391426867083,3603.378340379794,10620
2011-12-15,3541.922119140625,3568.24305013792,3533.4283011091125,3549.4166644625475,32308
2011-12-16,3578.895263671875,3590.386900006435,3534.4276274207514,3534.4276274207514,365000
2011-12-19,3533.927978515625,3578.395614608922,3534.52763973357,3569.402160118143,48857
2011-12-20,3563.406494140625,3567.60339074212,3517.4399493480087,3518.4392220608916,36554
2011-12-21,3504.44970703125,3576.3973485785123,3506.5980459644406,3565.4053477865696,6821
2011-12-22,3545.919921875,3550.296620119419,3522.4370084850993,3526.4341001259336,243791
2011-12-23,3562.906494140625,3568.442503439061,3552.314106879938,3566.403948278752,4778
2011-12-28,3605.3759765625,3619.2160013304847,3584.4912742834927,3589.387613030072,1676
2011-12-29,3626.86083984375,3623.363384839079,3601.379381952576,3605.3764733864855,11095
2011-12-30,3624.362060546875,3633.3555147914085,3625.2115399218605,3633.3555147914085,1253
2012-01-03,3649.343994140625,3669.729060159031,3530.4305397860976,3530.4305397860976,8345
2012-01-04,3648.343994140625,3657.8970980447993,3634.35417877005,3649.3432666670947,14537
2012-01-05,3698.80859375,3691.314047092395,3654.3409502482104,3655.340223135891,8548
2012-01-06,3746.273681640625,3746.273681640625,3712.2984068538067,3720.2925891565874,5346
2012-01-09,3737.27978515625,3758.414304537888,3731.284149137283,3750.270329864012,10134
2012-01-10,3762.262451171875,3775.2529988120436,3753.1192017642306,3759.2646324856823,38802
2012-01-11,3795.7373046875,3798.235486407052,3752.268942767293,3752.268942767293,11686
2012-01-12,3798.7353515625,3819.2204428967184,3781.0982851453414,3803.232078928548,7227
2012-01-13,3798.7353515625,3820.219715644729,3788.2429877083882,3820.219715644729,10995
2012-01-16,3824.21630859375,3824.21630859375,3799.2344931469656,3813.224309797165,33567
2012-01-17,3842.2041015625,3840.2055558659786,3825.216463142068,3831.212100231632,22865
2012-01-18,3843.703857421875,3846.3518334677515,3829.1743879739106,3831.2129440674557,7980
2012-01-19,3880.67529296875,3883.173474565872,3853.0455020898034,3860.190203872353,17766
2012-01-20,3846.200927734375,3865.187110542105,3844.102357312499,3851.197291631146,20860
2012-01-23,3846.200927734375,3863.1885649833966,3842.0589225469057,3845.201654955021,5908
2012-01-24,3839.20654296875,3846.201453380197,3824.2174492299337,3837.2079971369076,17342
2012-01-25,3867.685791015625,3884.17379400019,3852.1970609392156,3884.17379400019,3328
2012-01-26,3850.19775390625,3874.1802989604284,3849.198481195659,3849.198481195659,7260
2012-01-27,3847.69970703125,3858.1920708603184,3832.2109794740536,3839.205888693433,43418
2012-01-30,3848.199462890625,3848.199462890625,3817.2220068143824,3831.211825687524,9411
2012-01-31,3828.2138671875,3864.1876858298256,3826.2153217073705,3857.1927766493736,41979
2012-02-01,3847.69970703125,3863.9378891476654,3840.2051614390584,3862.189161842821,37076
2012-02-02,3873.18115234375,3884.1731525181003,3857.192788453786,3869.184061371259,6290
2012-02-03,3929.640625,3929.1409885568974,3871.1831611570246,3874.1809798156387,3328
2012-02-06,3916.14990234375,3928.4568635457385,3911.6031625443316,3923.1448115849867,182048
2012-02-07,3918.148193359375,3936.1351016685994,3908.155466520917,3936.1351016685994,41878
2012-02-08,3922.645751953125,3937.1352089403417,3911.1541136529186,3912.1533865485885,33024
2012-02-09,3958.11962890625,3962.0908600874727,3937.937294348627,3952.123992003085,5198
2012-02-10,3971.60986328125,3975.1802631515366,3952.1240430940607,3952.1240430940607,82071
2012-02-13,3984.60009765625,3996.2366483675796,3978.301702970636,3985.0997340321314,20519
2012-02-14,4017.075927734375,4021.0471581273114,4006.0839289271416,4010.0810194024994,3757
2012-02-15,4066.541015625,4069.0391978437156,4057.0479231938816,4064.042833406285,13733
2012-02-16,3995.591796875,4010.08125068385,3988.7808362837504,3998.089978566181,31666
2012-02-17,4005.0849609375,4031.066051003462,4016.0769605807914,4018.0755059704807,9052
2012-02-20,4014.577880859375,4033.038564844761,4007.0833359666694,4015.0775171855557,27188
2012-02-21,4041.55810546875,4042.057741777993,4012.0795632233976,4021.0730167897764,17215
2012-02-22,4051.051513671875,4060.1898820030615,4039.060241307775,4051.051513671875,22727
2012-02-23,4065.041748046875,4062.04392964861,4038.061382462493,4051.051928854973,17935
2012-02-24,4038.56103515625,4066.0668973384127,4022.0730338992716,4058.046854823588,82212
2012-02-27,4051.55078125,4052.0504175530273,4006.083877674497,4018.0751489471572,43512
2012-02-28,4063.543701171875,4087.026616941588,4043.058604436593,4054.050607562842,9191
2012-02-29,4047.055419921875,4071.037970558449,4051.0525116946374,4067.040878785687,9370
2012-03-01,4055.54833984375,4065.041430697148,4043.0832909111964,4046.055248990352,8270
2012-03-02,4110.01025390625,4108.156621825687,4073.59167752372,4077.034241657549,10797
2012-03-05,4055.048828125,4096.019010962143,4059.0459191335017,4094.0204654578915,6383
2012-03-06,4050.552490234375,4050.197767890307,4028.068851149566,4045.0564895691996,12992
2012-03-07,4075.035400390625,4076.0346734167138,4058.192673052947,4061.0455780253797,3627
2012-03-08,4086.5244140625,4094.01895694194,4071.4353034800342,4073.0342368795086,16830
2012-03-09,4152.47802734375,4148.467762226978,4100.016206519409,4101.015479297016,19438
2012-03-12,4157.47412109375,4165.9679391515065,4147.981030323316,4150.978848461348,9393
2012-03-13,4183.9541015625,4196.19811766524,4158.9722882023225,4175.959921287244,14701
2012-03-14,4237.4140625,4246.591461002623,4215.929708687066,4222.924614579649,13300
2012-03-15,4257.40283203125,4267.040840121225,4247.727741542913,4260.9002877083085,18209
2012-03-16,4217.93017578125,4252.904721185738,4209.5363824693995,4241.91272120147,7155
2012-03-19,4224.92529296875,4217.930383543306,4195.946382491907,4211.934746892924,41483
2012-03-20,4210.93701171875,4227.241070298431,4203.942099739151,4223.927562538006,12980
2012-03-21,4258.40283203125,4258.902468641837,4237.090207860907,4243.913370324233,15449
2012-03-22,4247.408203125,4248.907112030937,4223.925296931979,4225.923842139895,21248
2012-03-23,4223.42626953125,4259.3503199932375,4211.789718863443,4249.9069973539345,41567
2012-03-26,4256.404296875,4257.219621854008,4232.921376115154,4253.906113815442,5140
2012-03-27,4289.876953125,4291.762787261766,4272.573632040364,4286.879135547694,17566
2012-03-28,4293.8740234375,4313.85947386076,4285.879843268196,4285.879843268196,43625
2012-03-29,4238.91357421875,4280.883015547648,4238.91357421875,4264.894656946163,1226421
2012-03-30,4238.91357421875,4259.898294883199,4219.9273983794865,4245.9084811069,51406
2012-04-02,4248.40771484375,4244.910260533047,4206.937899445416,4230.920443290236,19314
2012-04-03,4284.8818359375,4295.324432037437,4252.760191743165,4262.897833980732,42595
2012-04-04,4231.92041015625,4281.858191274611,4228.922591683884,4257.901503583419,23813
2012-04-05,4276.388671875,4279.031768395697,4226.924659897476,4232.9202977129335,37695
2012-04-10,4235.91552734375,4254.901702153736,4227.921348476387,4239.912616777431,9059
2012-04-11,4199.443359375,4203.94008635113,4178.358608635035,4180.956815139798,5803
2012-04-12,4221.42724609375,4204.489379761924,4178.813245061812,4188.950885459818,4526
2012-04-13,4192.44970703125,4219.929713453216,4182.9566139036615,4213.934075688424,12322
2012-04-16,4143.98486328125,4195.9470559242745,4137.9892256685935,4181.957234828076,10801
2012-04-17,4175.4619140625,4174.962277600365,4112.862442204552,4120.002266765511,6866
2012-04-18,4154.97607421875,4195.946256768767,4152.123170048471,4195.946256768767,21872
2012-04-19,4159.97216796875,4183.954712295257,4144.838163708999,4153.976531887123,8942
2012-04-20,4114.50732421875,4120.003326716189,4093.022950819672,4115.006960809426,21851
2012-04-23,4025.071533203125,4066.186639173413,4015.933162352623,4057.0482683229116,18112
2012-04-24,4030.067138671875,4058.0467766294287,4020.561117178641,4054.049685492635,18496
2012-04-25,4110.01025390625,4123.450672250869,4090.0247919373405,4090.0247919373405,33398
2012-04-26,4113.5078125,4115.006722185109,4100.701210122054,4111.009629691485,8387
2012-04-27,4140.9853515625,4143.983169143265,4121.999173550993,4127.994808712521,17410
2012-04-30,4124.498046875,4133.991137473501,4116.004228971078,4132.991864778922,41629
2012-05-01,4162.97119140625,4174.9624670416015,4116.005361834456,4124.99881856097,60608
2012-05-02,4128.49560546875,4130.993787488276,4106.511603696921,4127.995969064845,14433
2012-05-03,4134.9892578125,4157.288939078572,4132.675024868383,4150.977616470064,24158
2012-05-04,4033.564208984375,4100.0158428001705,4037.0616633957325,4094.020206666415,52188
2012-05-08,3948.626953125,4004.086600321871,3939.1338603615714,4004.086600321871,15734
2012-05-09,3991.095947265625,3988.0981285771427,3951.3219096484963,3974.108308030894,24999
2012-05-10,3975.10791015625,4005.0860995239445,3960.6684644034367,3992.0955507979434,30609
2012-05-11,4027.0703125,4025.071766439206,3977.1325210732207,3981.103753101737,41292
2012-05-14,3970.110107421875,3968.1115621878344,3955.0951580841956,3963.1151991027327,2730
2012-05-15,3984.100341796875,3995.0923417366207,3970.110523691744,3970.110523691744,27257
2012-05-16,3977.10595703125,4006.0848697834876,3960.092458432823,3962.1168642283683,14963
2012-05-17,3951.1240234375,3982.1014753157406,3954.121841361201,3957.1196592849014,27047
2012-05-18,3896.16455078125,3925.143461264106,3891.1681869048953,3904.158732983417,10568
2012-05-21,3906.15771484375,3909.471221765066,3859.1918891600317,3869.184618028908,15651
2012-05-22,3986.099365234375,3981.10300102626,3953.622997881626,3957.1204528273065,44935
2012-05-23,3927.14208984375,3954.1224553464936,3922.1457258617606,3946.12827297531,50912
2012-05-24,3980.6025390625,4003.5858096532966,3967.112358498337,3967.112358498337,13432
2012-05-25,3971.60986328125,4000.538762920382,3957.120407244622,3990.096410638327,22028
2012-05-29,4020.573974609375,4021.0736109924505,3980.603063963327,3999.089610137124,2008
2012-05-30,4008.583251953125,4013.5666864251875,3989.95178915235,4012.0807071149934,5089
2012-05-31,4016.575927734375,4030.0661068672057,4000.9422895111747,4023.071199168701,22720
2012-06-01,3967.1123046875,4066.134219920725,3960.1173963417036,4027.068661937185,9860
2012-06-06,4033.06494140625,4033.5145653647814,3979.104211268505,3998.0903940947487,4498
2012-06-07,4027.56982421875,4062.044742699223,4035.0643717145053,4057.048377702053,1137
2012-06-08,4058.0458984375,4060.044443573396,4012.679021437865,4021.0728134234178,9133
2012-06-11,4048.5537109375,4100.016259651133,4042.058437798886,4100.016259651133,6050
2012-06-12,4012.579345703125,4019.0746179598978,3985.4989591704375,4019.0746179598978,31595
2012-06-13,4030.067138671875,4034.0642298086686,4004.0860462827186,4022.0729563982886,3792
2012-06-14,4030.067138671875,4032.065684240272,3989.241868590499,4027.06932031928,16998
2012-06-15,4021.07373046875,4045.0562775689614,4012.7638598701233,4045.0562775689614,11974
2012-06-18,4052.05078125,4041.0587815967942,4017.0762368988903,4033.064600030826,12045
2012-06-19,4098.513671875,4107.007482971169,4072.032966692826,4072.032966692826,5147
2012-06-20,4098.013671875,4104.154216633108,4090.0194974358387,4103.010030899476,17334
2012-06-21,4082.529052734375,4113.006873345903,4078.631986372562,4094.0206900141316,29472
2012-06-22,4054.54931640625,4051.051861666281,4032.065678792167,4032.065678792167,10609
2012-06-25,4008.583251953125,4060.045806477763,4011.0814342116028,4054.050169057417,6305
2012-06-26,4001.088134765625,4019.390732683234,3992.6943411590396,3999.0895892437643,15805
2012-06-27,4057.04638671875,4063.0420217730143,4010.630227466258,4021.072576393165,18600
2012-06-28,4000.5888671875,4042.058690589094,3995.092866495723,4027.0695977933374,11306
2012-06-29,4069.53857421875,4064.0425736888046,4026.0702063909994,4032.065843332758,8245
2012-07-02,4090.520263671875,4107.008253008771,4077.5297266185626,4101.012620522627,128302
2012-07-03,4137.9873046875,4136.98803221595,4102.013495711709,4108.009130541008,43182
2012-07-04,4170.96484375,4173.962662276893,4141.985931323371,4143.984477007966,11072
2012-07-05,4198.943359375,4204.938994823893,4156.828997192355,4172.962272429795,10951
2012-07-06,4130.4931640625,4179.957156229209,4126.995710070914,4179.957156229209,16152
2012-07-09,4126.49755859375,4141.4866525225325,4113.980786895994,4129.9950138438,15573
2012-07-10,4117.505859375,4155.781249186929,4121.003316117583,4121.003316117583,2709
2012-07-11,4060.04541015625,4090.023594331659,4055.049046127015,4082.0294118848833,7657
2012-07-12,4034.564208984375,4061.544576450029,4016.0776609060567,4053.0507570626937,6666
2012-07-13,4056.04736328125,4066.040088985318,4046.054637577182,4046.054637577182,4396
2012-07-16,4060.04541015625,4075.0345022439546,4037.0621356217694,4069.0388654088724,4349
2012-07-17,4041.058349609375,4072.0357998660247,4035.162738919936,4069.037982099252,14681
2012-07-18,4113.0078125,4117.004904640427,4058.0477955691204,4076.0347102010446,11759
2012-07-19,4146.98095703125,4146.98095703125,4125.996234116152,4131.991869234752,28977
2012-07-20,4144.98291015625,4163.969090313668,4144.786275940495,4155.974909194755,3323
2012-07-23,4067.5400390625,4100.016405914123,4055.049128734953,4100.016405914123,6878
2012-07-24,4084.527099609375,4093.970421652313,4070.037645678039,4085.026735951835,4018
2012-07-25,4039.560546875,4049.053639069264,4006.0849059794373,4007.084178841991,69142
2012-07-26,4031.5654296875,4052.0505186225837,4019.0745218002544,4035.062883895929,5885
2012-07-27,4086.5244140625,4085.025505486612,4036.0611586742725,4048.052427281376,12559
2012-07-30,4128.9951171875,4162.970391627087,4126.99657163223,4131.992935520405,16717
2012-07-31,4154.97607421875,4162.970256179729,4134.990619316303,4134.990619316303,28633
2012-08-01,4162.97119140625,4175.159101322243,4152.978461710123,4152.978461710123,61353
2012-08-02,4162.47119140625,4175.961375317902,4116.22798465615,4156.975190553355,15139
2012-08-03,4213.43505859375,4221.928880009153,4166.968859085957,4166.968859085957,246503
2012-08-06,4235.91552734375,4246.907523286373,4232.917710268489,4232.917710268489,10163
2012-08-07,4262.8974609375,4261.898188208729,4239.914188175765,4256.901824564873,25943
2012-08-08,4263.39697265625,4279.8352037343975,4248.907518512686,4277.886426799813,101792
2012-08-09,4276.388671875,4280.885400236593,4257.9021219440065,4266.895578667192,10423
2012-08-10,4252.4052734375,4280.056048772098,4250.906364282253,4264.896183064564,10387
2012-08-13,4248.90771484375,4271.890987995539,4237.915714640721,4259.899715046779,7747
2012-08-14,4298.37109375,4295.872912247181,4277.886005426886,4279.884550629141,77568
2012-08-15,4283.38330078125,4288.879301750409,4265.896024970292,4266.895297873775,10057
2012-08-16,4305.86572265625,4305.86572265625,4288.878088104114,4304.866450035536,4062
2012-08-17,4345.837890625,4350.834255180789,4328.850251135318,4329.849524046476,8175
2012-08-20,4342.84033203125,4353.832334712415,4332.8476023211,4346.83742391531,3106
2012-08-21,4335.84423828125,4362.874369602045,4344.837692566692,4350.833328756986,9464
2012-08-22,4312.8623046875,4317.858669730002,4306.866666636498,4312.8623046875,25994
2012-08-23,4303.8671875,4323.85263996111,4276.886826677502,4308.863550615278,4547
2012-08-24,4315.85986328125,4311.862771488445,4279.886037146005,4284.882401887011,1949
2012-08-28,4321.35595703125,4344.838871816829,4314.860682728856,4344.838871816829,1493
2012-08-29,4314.36181640625,4330.8498233479295,4305.917763135277,4320.8570918681235,16476
2012-08-30,4292.87646484375,4313.811427690796,4284.8822814827745,4311.862650326067,13165
2012-08-31,4301.86865234375,4310.862105972344,4275.887564083369,4309.862833346944,5521
2012-09-03,4303.3671875,4302.867551230697,4291.925321762561,4300.869006153489,26811
2012-09-04,4256.404296875,4302.87050178278,4249.9090209201495,4293.877042768371,2169
2012-09-05,4287.38037109375,4296.873463629676,4269.942863844113,4286.880734644491,4254
2012-09-06,4351.33349609375,4349.834586863266,4293.875308925214,4294.8745817455365,9070
2012-09-07,4338.3427734375,4381.761370889632,4334.845318708251,4360.826410982667,9884
2012-09-10,4318.85693359375,4343.788984500717,4318.85693359375,4333.8460252189025,5052
2012-09-11,4283.8828125,4290.877722620714,4273.890083756123,4279.885721002449,1108
2012-09-12,4253.40478515625,4277.936737871501,4253.904421569401,4266.894968311333,63586
2012-09-13,4276.88818359375,4277.033097687113,4251.90636009145,4252.905633031542,13833
2012-09-14,4331.8466796875,4344.83722336361,4301.868501973399,4301.868501973399,25329
2012-09-17,4312.3623046875,4331.798358235046,4316.859032846715,4329.8495808622265,4519
2012-09-18,4325.85205078125,4329.8491420732635,4308.864412790194,4317.857868197224,7178
2012-09-19,4342.34033203125,4347.83633291174,4324.853056502416,4342.839968474931,5923
2012-09-20,4338.3427734375,4340.840955386963,4302.868589755125,4302.868589755125,24245
2012-09-21,4348.83642578125,4349.835698857027,4326.852418114157,4334.846602720373,6926
2012-09-24,4319.35693359375,4333.84639005115,4312.861660009398,4328.850025755494,9591
2012-09-25,4327.35107421875,4332.847074890313,4312.861617902811,4312.861617902811,7265
2012-09-26,4236.4150390625,4269.89066208611,4218.927773303898,4269.89066208611,3863
2012-09-27,4251.40576171875,4247.908307219745,4226.923580225717,4240.913398221736,5740
2012-09-28,4267.8955078125,4285.882424024307,4271.892600304012,4281.885331532794,3358
2012-10-01,4294.3740234375,4303.867113192627,4270.891117201134,4270.891117201134,1836
2012-10-02,4261.40087890625,4287.1819342165845,4262.89978881793,4273.891794836917,12137
2012-10-03,4302.8671875,4296.871552775197,4269.891196513586,4274.887558784255,4997
2012-10-04,4288.87939453125,4313.161531440698,4288.87939453125,4298.872123782255,12707
2012-10-05,4297.87109375,4313.859454015054,4295.872548716868,4297.87109375,31431
2012-10-08,4268.39501953125,4286.881571763798,4270.893202265378,4271.892475359029,9660
2012-10-09,4209.43798828125,4263.898372936758,4229.923087096625,4262.899099823813,14418
2012-10-10,4203.44140625,4207.938134249079,4193.9483138075,4205.9395884717105,22873
2012-10-11,4196.9453125,4208.936584821428,4192.94822172619,4197.944585193452,80103
2012-10-12,4156.47509765625,4169.965280086436,4153.976915724735,4162.970370678192,219694
2012-10-15,4166.46826171875,4178.959172684449,4157.974442262074,4176.9606269299375,8924
2012-10-16,4223.42626953125,4208.936814684875,4183.954995984229,4183.954995984229,1172
2012-10-17,4218.43017578125,4217.930539375259,4199.644042086463,4208.937084067423,5599
2012-10-18,4208.4384765625,4220.929389766116,4203.242061499277,4219.930116709827,21579
2012-10-19,4145.98193359375,4185.952836785784,4158.972477131161,4182.9550190463815,3635
2012-10-22,4105.013671875,4118.858580406592,4101.016579692065,4110.01003710367,17173
2012-10-23,4117.005859375,4119.004405908677,4097.420005759684,4102.016760372421,25838
2012-10-24,4079.031982421875,4111.008715258107,4078.0327095207426,4111.008715258107,1749
2012-10-25,4049.553466796875,4083.0291092737893,4047.055284522479,4075.0349259957206,16530
2012-10-26,4048.5537109375,4056.04825686667,4014.0787996633194,4016.0773452444314,3024
2012-10-29,4066.041259765625,4066.041259765625,4038.0616197377467,4048.054348319132,4508
2012-10-30,4066.041259765625,4072.036896914456,4052.051439751686,4059.0463497586557,16941
2012-10-31,4027.0703125,4082.330159873584,4027.0703125,4082.030329171836,10147
2012-11-01,4093.020263671875,4094.0195361971855,4017.7591361271625,4037.061002254486,6635
2012-11-02,4112.00830078125,4127.996668414908,4104.014116964421,4106.012662918629,2590
2012-11-05,4099.013671875,4105.009303769502,4068.036240420069,4069.0355124024863,7577
2012-11-06,4111.00927734375,4123.000553796867,4102.870178934145,4116.005642532549,5552
2012-11-07,4015.07763671875,4129.9939951614215,4022.0725454935214,4121.00054102243,3095
2012-11-08,3999.089599609375,4039.0605101501983,3999.089599609375,4039.0605101501983,7298
2012-11-09,4010.081787109375,4010.081787109375,3956.121055361579,3972.1094203238886,7093
2012-11-12,3997.091064453125,4021.560317179784,3991.7790124000608,4005.0852465820312,8843
2012-11-13,3998.589599609375,4003.086326636301,3964.1146924029467,3978.104509820048,843
2012-11-14,3973.108642578125,4000.233922181385,3965.114460198692,3995.0926441215656,38839
2012-11-15,3910.154541015625,3939.4332834069546,3909.1552681965563,3934.1370886732725,22389
2012-11-16,3876.1787109375,3923.8281112004875,3886.171437699391,3899.161982489849,3304
2012-11-19,3984.60009765625,3986.585713116846,3934.136823692202,3934.136823692202,15116
2012-11-20,4009.08251953125,4013.4294538462864,3996.09197298242,4001.0883370396623,4454
2012-11-21,4009.08251953125,4014.428726657735,4000.089064228214,4008.0832467198015,3612
2012-11-22,4019.57470703125,4022.2178030181776,4016.077252345207,4017.0765251126477,811
2012-11-23,4041.058349609375,4047.3538157122043,4015.427105288684,4016.0765348862706,17185
2012-11-26,4040.0595703125,4057.047206398405,4034.063934046887,4034.063934046887,7955
2012-11-27,4066.541015625,4076.034108056119,4055.732962045554,4071.037743618688,19555
2012-11-28,4065.54150390625,4067.0404131494256,4032.065864141998,4051.0520478888875,61131
2012-11-29,4114.0078125,4123.00127140515,4106.013626806534,4116.006358923367,10024
2012-11-30,4103.013671875,4125.996943782727,4098.017308416799,4119.002034941244,4357
2012-12-03,4103.513671875,4129.994400550195,4102.014762704706,4122.000218308627,2496
2012-12-04,4063.543701171875,4086.0273439301113,4057.0484265972736,4078.033159838294,106840
2012-12-05,4033.06494140625,4092.3218660723523,4019.0751224816495,4091.022762665309,28955
2012-12-06,4068.53955078125,4069.039187223689,4017.076997210027,4035.063909137833,27725
2012-12-07,4050.552490234375,4100.2565559091,4047.055035265627,4061.0448551406193,2143
2012-12-10,4068.039794921875,4074.0354320551423,4025.4706736904373,4034.0645178333602,30842
2012-12-11,4117.005859375,4111.010219773968,4059.397853127035,4065.043649499393,19153
2012-12-12,4092.020263671875,4111.006438277434,4092.020263671875,4111.006438277434,3101
2012-12-13,4068.53955078125,4087.026099151495,4070.038460108567,4077.033370302714,8668
2012-12-14,4014.078125,4055.0483025267613,4014.7575620737184,4050.0519394137414,2932
2012-12-17,4013.0791015625,4019.7541747863193,3974.1074668610713,3987.0980117615472,38353
2012-12-18,4075.53515625,4079.0326119437295,4061.045696947407,4064.043516113461,4302
2012-12-19,4097.013671875,4102.010030011433,4085.022412347561,4096.014400247714,48037
2012-12-20,4060.544677734375,4086.026131968958,4062.0435868069976,4076.033404818141,9876
2012-12-21,4041.55810546875,4048.0533774889127,4013.078835841884,4023.0715620267492,35810
2012-12-24,4041.55810546875,4040.0591965410204,4025.369937841877,4036.062106067074,493
2012-12-27,4001.088134765625,4019.0750444623736,3990.09613439539,4009.0823168530687,1736
2012-12-28,3997.091064453125,4014.0787014770503,3986.4986755470927,4014.0787014770503,4226
2012-12-31,3939.6328125,3950.125176363348,3934.1368123811035,3948.1266308655677,1991
2013-01-02,4113.0078125,4115.305945310231,4009.4032525297966,4068.0405259201893,15286
2013-01-03,4173.46240234375,4173.212584170498,4145.382742085029,4149.979494058086,6658
2013-01-04,4165.96875,4190.9505726792995,4164.969477092828,4169.965841628688,52477
2013-01-07,4157.47412109375,4158.973030162766,4134.990485058512,4158.973030162766,1963
2013-01-08,4138.986328125,4170.96304529062,4138.986328125,4140.984872947852,4861
2013-01-09,4188.951171875,4191.948989984644,4178.358783635702,4182.955535655714,14316
2013-01-10,4149.98046875,4196.946296352035,4142.9855582560795,4183.955748291897,1540
2013-01-11,4168.46728515625,4183.636424824729,4164.969829685066,4171.964740627434,4497
2013-01-14,4172.96337890625,4187.552859952224,4169.965560386921,4182.956107304014,14102
2013-01-15,4144.98291015625,4175.960361992036,4141.985092236658,4174.961089352172,2508
2013-01-16,4193.44873046875,4199.944004327453,4158.424410447309,4166.967998583269,5459
2013-01-17,4220.927734375,4227.60305142651,4185.403786326448,4185.95319112142,4535
2013-01-18,4225.9248046875,4232.600122855781,4214.613211887614,4225.9248046875,16249
2013-01-21,4256.404296875,4256.504321782658,4236.918469010448,4238.917015458093,15454
2013-01-22,4225.42529296875,4254.504230810675,4219.9292922329505,4243.911840898258,15789
2013-01-23,4275.38916015625,4280.885161180175,4263.34811671978,4280.885161180175,44910
2013-01-24,4273.3896484375,4265.895103280647,4224.32526189208,4229.921286527753,73737
2013-01-25,4249.40771484375,4258.421175298573,4235.368126735317,4235.9175316220235,113420
2013-01-28,4300.869140625,4300.869140625,4269.891690959717,4269.891690959717,2440
2013-01-29,4281.38427734375,4286.480666168207,4258.9006395236465,4285.881004907771,3418
2013-01-30,4273.3896484375,4294.874011220478,4255.902376404843,4281.883466281933,5820
2013-01-31,4235.4169921875,4254.9028082421555,4231.919538023844,4242.911536823906,3467
2013-02-01,4291.876953125,4289.878407395954,4245.910401356956,4256.902402866705,101349
2013-02-04,4259.90185546875,4316.610612282696,4259.90185546875,4309.865517859892,23660
2013-02-05,4304.8662109375,4304.8662109375,4233.5182473665045,4239.913494198657,24326
2013-02-06,4323.35302734375,4335.524343612662,4300.549801614041,4315.85848262976,4979
2013-02-07,4262.8974609375,4305.2665270521675,4258.900370022416,4302.868370088344,756
2013-02-08,4315.85986328125,4319.856955074055,4275.888945353199,4292.876585472621,72825
2013-02-11,4352.83349609375,4357.430249804363,4338.84367310355,4350.834949952293,55163
2013-02-12,4343.33984375,4372.818395548142,4339.842388451915,4371.8191226058325,24256
2013-02-13,4379.3115234375,4397.7980638102545,4358.826438159584,4358.826438159584,2401
2013-02-14,4389.3046875,4388.405439787828,4370.818145276039,4379.8115982498575,21629
2013-02-15,4392.8037109375,4402.796440034264,4373.817525653648,4373.817525653648,3573
2013-02-18,4405.79541015625,4405.79541015625,4385.809946739801,4391.805585764735,13374
2013-02-19,4420.7822265625,4421.78149921769,4386.806956286025,4392.802592217167,2897
2013-02-20,4453.25830078125,4476.391363672438,4455.7564822581835,4472.74411630133,24438
2013-02-21,4373.81591796875,4409.789729494196,4373.81591796875,4404.793366782328,181119
2013-02-22,4387.80517578125,4392.801537857977,4379.810996458487,4387.80517578125,5579
2013-02-25,4474.244140625,4496.727779522613,4446.764137527917,4446.764137527917,27197
2013-02-26,4378.81201171875,4402.794551262623,4373.166219786333,4388.8047365286975,27613
2013-02-27,4456.25634765625,4454.757438693029,4393.801807522039,4395.800352806334,143495
2013-02-28,4461.25341796875,4462.752327169546,4435.7719615552205,4443.766143959465,5233
2013-03-01,4483.73828125,4499.726650427624,4438.17133150851,4462.753546704368,104176
2013-03-04,4481.73876953125,4494.729316689311,4466.749676656564,4494.729316689311,1758
2013-03-05,6884.240234375,6884.240234375,6884.240234375,6884.240234375,0
2013-03-06,6868.880859375,6868.880859375,6868.880859375,6868.880859375,0
2013-03-07,6885.8984375,6885.8984375,6885.8984375,6885.8984375,0
2013-03-08,6897.24072265625,6897.24072265625,6897.24072265625,6897.24072265625,0
2013-03-11,6916.35595703125,6916.35595703125,6916.35595703125,6916.35595703125,0
2013-03-12,6889.13623046875,6889.13623046875,6889.13623046875,6889.13623046875,0
2013-03-13,6884.1904296875,6884.1904296875,6884.1904296875,6884.1904296875,0
2013-03-14,6905.4150390625,6905.4150390625,6905.4150390625,6905.4150390625,0
2013-03-15,6885.978515625,6885.978515625,6885.978515625,6885.978515625,0
2013-03-18,6868.70166015625,6868.70166015625,6868.70166015625,6868.70166015625,0
2013-03-19,6856.2685546875,6856.2685546875,6856.2685546875,6856.2685546875,0
2013-03-20,6902.0673828125,6902.0673828125,6902.0673828125,6902.0673828125,0
2013-03-21,6825.822265625,6825.822265625,6825.822265625,6825.822265625,0
2013-03-22,6889.6162109375,6889.6162109375,6889.6162109375,6889.6162109375,0
2013-03-25,6861.5068359375,6861.5068359375,6861.5068359375,6861.5068359375,0
2013-03-26,6904.185546875,6904.185546875,6904.185546875,6904.185546875,0
2013-03-27,6890.97509765625,6890.97509765625,6890.97509765625,6890.97509765625,0
2013-03-28,6912.27001953125,6912.27001953125,6912.27001953125,6912.27001953125,0
2013-04-02,4587.66162109375,4587.66162109375,4491.051747002651,4507.719793673253,10523
2013-04-03,4551.68603515625,4586.660571101468,4551.68603515625,4581.664208823579,28018
2013-04-04,4501.72412109375,4573.671765204461,4501.72412109375,4560.681218351137,29981
2013-04-05,4413.7880859375,4505.457218143933,4403.795357646946,4487.734275287597,108385
2013-04-08,4449.26025390625,4455.755524349909,4434.770804455011,4448.760617718276,18755
2013-04-09,4457.75537109375,4490.731369131431,4466.748825104027,4490.731369131431,1827
2013-04-10,4565.67724609375,4571.672882661174,4496.727425568368,4496.727425568368,83117
2013-04-11,4559.6826171875,4559.6826171875,4540.696430528161,4557.684071223359,1109
2013-04-12,4536.69873046875,4559.332162893448,4528.024866493631,4557.683460279288,20381
2013-04-15,4553.1845703125,4561.27877412386,4542.342367473738,4558.680568367305,280078
2013-04-16,4527.70361328125,4530.7014307254885,4492.729076431803,4502.721801245931,15800
2013-04-17,4478.7412109375,4531.303063921075,4466.9899956461895,4505.721579678087,15534
2013-04-18,4427.77783203125,4499.325862988961,4421.782195156462,4479.740018279416,82725
2013-04-19,4470.74658203125,4475.7429461148795,4394.801847960089,4420.78294119496,27074
2013-04-22,4493.7294921875,4503.722219543933,4486.734583037998,4494.728764923143,19922
2013-04-23,4561.6806640625,4564.678482680723,4506.720656061747,4506.720656061747,44162
2013-04-24,4551.1865234375,4571.221741549543,4538.695617401059,4566.675246922686,48732
2013-04-25,4540.69482421875,4547.6897326187345,4509.067943109751,4545.691187361596,12258
2013-04-26,4493.7294921875,4520.709856049867,4493.7294921875,4520.709856049867,21517
2013-04-29,4537.697265625,4545.291835621311,4497.126697001597,4500.72417625523,11005
2013-04-30,4535.19970703125,4549.339319890983,4524.707342390107,4545.6920716723935,6776
2013-05-01,4545.19287109375,4559.682328416133,4541.695415878002,4559.682328416133,2206
2013-05-02,4603.6474609375,4584.661287341274,4527.702766552597,4534.697672614364,12362
2013-05-03,4644.12109375,4652.266046662558,4583.665079511834,4595.656355063206,28126
2013-05-07,4688.59033203125,4682.914284023534,4666.606319391717,4666.606319391717,6259
2013-05-08,4671.599609375,4681.592335812165,4660.607610294118,4677.595245237299,8407
2013-05-09,4699.08056640625,4701.578748525551,4662.607107464447,4669.602017398492,21224
2013-05-10,4760.03564453125,4757.537462708781,4721.963255971605,4726.560008110174,20276
2013-05-13,4779.52197265625,4781.520518327442,4737.003108672111,4743.548150574789,20554
2013-05-14,4837.9794921875,4839.478401459065,4776.524212053341,4777.523484901051,7034
2013-05-15,4848.970703125,4846.472521412931,4824.488522346728,4836.479794564657,41944
2013-05-16,4834.98193359375,4852.069597793535,4822.491022325811,4845.474299058818,65314
2013-05-17,4874.953125,4881.448399226197,4837.830232200142,4842.476753869018,10946
2013-05-20,4888.94189453125,4892.439349131324,4871.454621530883,4882.446621702542,3451
2013-05-21,4898.43505859375,4915.772538526308,4880.048537435992,4888.442331016039,23831
2013-05-22,4963.388671875,4970.3835824252565,4921.76905168622,4929.413392059468,11291
2013-05-23,4869.955078125,4875.451077494999,4833.481627760465,4836.479445598646,26403
2013-05-24,4834.48193359375,4876.451392297953,4827.4870238097155,4872.454300992791,3659
2013-05-28,4946.3984375,4955.391889204546,4906.427541035354,4917.419537563132,15412
2013-05-29,4860.462890625,4901.433075352719,4850.4701626426295,4886.443983379163,10923
2013-05-30,4875.9521484375,4880.848488095281,4837.480141528013,4837.480141528013,14319
2013-05-31,4894.43798828125,4898.435079329254,4822.490349417173,4837.479440847189,37299
2013-06-03,4734.55419921875,4824.488745003825,4765.5316538780535,4810.498926770591,6278
2013-06-04,4815.99609375,4823.490641048086,4795.910609405879,4799.508089694211,4523
2013-06-05,4712.072265625,4767.182079067034,4707.575536710714,4758.538464405949,15866
2013-06-06,4646.61767578125,4689.586398374496,4649.615493636593,4686.588580519153,13242
2013-06-07,4720.56396484375,4714.168717514702,4646.617789272532,4646.617789272532,2133
2013-06-10,4738.05224609375,4754.540248215557,4731.556972530614,4743.548246801019,15192
2013-06-11,4710.0732421875,4712.221581532491,4657.011748790184,4709.573605692095,10079
2013-06-12,4632.13037109375,4679.59584248345,4626.634369143364,4671.6016578283425,3710
2013-06-13,4591.16064453125,4603.651559333,4556.685719678419,4556.685719678419,6677
2013-06-14,4619.63916015625,4669.203199412228,4608.647156963147,4637.6260744722385,36118
2013-06-17,4677.095703125,4674.917113064421,4635.625887575446,4647.617159541582,2355
2013-06-18,4715.56884765625,4721.114617119049,4663.057251569198,4665.605202311302,10823
2013-06-19,4703.576171875,4729.557259716247,4694.982329849988,4727.55871449769,36339
2013-06-20,4634.12744140625,4686.589261497641,4646.61835095182,4686.589261497641,37610
2013-06-21,4579.1669921875,4618.238651015391,4588.060421330149,4604.64844517185,3592
2013-06-24,4513.21630859375,4587.212275861281,4527.705766464803,4579.667960209267,3505
2013-06-25,4557.68310546875,4584.663470267622,4546.691104995135,4552.686741617107,5787
2013-06-26,4628.630859375,4637.624313117309,4556.0337998070245,4590.658499129696,8288
2013-06-27,4705.076171875,4725.561265115615,4637.62525510712,4647.617983517176,1935
2013-06-28,4711.572265625,4719.566449744831,4671.25150188535,4698.581716430275,46767
2013-07-01,4752.541015625,4757.537379182218,4712.570107167263,4733.554834107575,23813
2013-07-02,4766.03125,4771.527249973792,4733.554886518503,4733.554886518503,4214
2013-07-03,4721.06298828125,4726.558987103464,4673.597543907589,4723.561169564074,15391
2013-07-04,4835.9814453125,4838.479627689457,4745.547243266673,4745.547243266673,101694
2013-07-05,4846.97216796875,4895.436893285003,4840.476895503685,4841.476168190618,35397
2013-07-08,4863.958984375,4910.425156490755,4865.457893152928,4895.4360687114795,2256
2013-07-09,4930.912109375,4929.413200029765,4874.952827152891,4893.439375744123,10798
2013-07-10,4907.92919921875,4924.417203247481,4895.438287075773,4905.431016790155,11370
2013-07-11,4941.90185546875,4943.400764129796,4914.072020410129,4932.408767282125,24424
2013-07-12,4967.38623046875,4987.371691062066,4957.393500172092,4957.393500172092,18808
2013-07-15,5007.35546875,5017.867837006069,4992.366378342646,5012.351832219118,3553
2013-07-16,4991.3681640625,5022.345624139765,4991.3681640625,5019.347805422611,4847
2013-07-17,4980.37451171875,5007.754482677095,4958.790126522557,4979.375239144168,20392
2013-07-18,4986.86962890625,4991.366355352513,4970.381631936617,4976.3772671983015,1932
2013-07-19,4899.43505859375,4908.7783578510025,4891.440875344974,4905.430696030332,8602
2013-07-22,7496.48486328125,7496.48486328125,7496.48486328125,7496.48486328125,0
2013-07-23,4863.458984375,4899.432792354762,4849.469170160648,4880.446615920999,3838
2013-07-24,4879.94775390625,4899.433569653393,4852.467757339767,4864.459028568777,23549
2013-07-25,4867.45751953125,4902.032453941726,4867.45751953125,4882.446610640462,5909
2013-07-26,4879.94775390625,4885.443753219547,4856.065236293685,4885.443753219547,5691
2013-07-29,4897.935546875,4927.414093979522,4888.4424554345605,4888.4424554345605,2855
2013-07-30,4975.87841796875,4976.378054319585,4922.767171460182,4933.40932814775,4821
2013-07-31,5011.35205078125,5020.025912536486,4978.376055232739,4978.376055232739,6220
2013-08-01,5040.83056640625,5049.723994847603,5004.357116971454,5029.338931652821,3074
2013-08-02,5016.84912109375,5069.710554930855,5013.351666273747,5065.3138521709425,9265
2013-08-05,5030.33935546875,5045.928108982733,5012.352444781734,5033.337173916586,24133
2013-08-06,4984.37109375,5027.739421479302,4971.3805516051025,5016.347812875902,17431
2013-08-07,4909.4267578125,5006.3562093711835,4907.428212419537,5000.360573192296,24063
2013-08-08,4943.400390625,4964.385110294118,4919.417853860294,4954.392386642156,29364
2013-08-09,4930.412109375,4962.388839715494,4915.356171140798,4938.406291960124,94735
2013-08-12,4962.88916015625,4967.385888480161,4914.824033153198,4926.415697084529,6178
2013-08-13,4959.89208984375,4982.375734856641,4939.406991054228,4972.3830037398,90373
2013-08-14,4958.89208984375,4984.973211820925,4952.396815569899,4980.376458595718,2392
2013-08-15,4874.953125,4923.817475054906,4858.4651211950395,4916.422952751871,28099
2013-08-16,4855.46728515625,4867.458560608375,4834.882164711519,4846.4738285671565,3271
2013-08-19,4859.4638671875,4864.460231435071,4821.491498905961,4825.488590304018,5322
2013-08-20,4839.97900390625,4847.473551759929,4809.001539444374,4823.490998628155,24717
2013-08-21,4835.48193359375,4839.479025500006,4811.499382156211,4825.489203828109,9453
2013-08-22,4879.94775390625,4888.4415710267995,4839.976849809547,4848.470666930097,1814
2013-08-23,4915.42333984375,4931.811317634282,4879.74910254429,4889.442244735814,2490
2013-08-27,4888.4423828125,4925.415475241785,4882.446746202346,4925.415475241785,2117
2013-08-28,4861.46240234375,4867.458039427833,4849.471128175584,4862.461675191097,2226
2013-08-29,4929.41259765625,4930.411870430962,4882.446777244767,4884.445322794192,1497
2013-08-30,4885.94482421875,4914.723688448508,4881.4480961874615,4897.436462520931,2114
2013-09-02,4918.42041015625,4918.42041015625,4901.732360282501,4902.432046368664,1483
2013-09-03,4899.43505859375,4923.417608340079,4880.448873377906,4894.438694063265,79999
2013-09-04,4901.43359375,4910.427049885321,4852.868833034022,4874.453225344037,9657
2013-09-05,4935.90673828125,4950.396190190366,4920.81762525965,4935.407102008522,2662
2013-09-06,4935.90673828125,4959.389643099472,4890.839448895963,4936.406374553978,2401
2013-09-09,4930.912109375,4945.40156637894,4925.416108442471,4928.413927132941,5565
2013-09-10,4985.87060546875,4993.3651499203015,4979.774945062941,4986.37024176552,3658
2013-09-11,4930.412109375,4969.383749477478,4924.416472436157,4966.385931008056,4118
2013-09-12,4945.8994140625,4955.392503148993,4932.4092348343265,4945.39977779479,1901
2013-09-13,4916.42236328125,4944.402002747079,4901.832882260259,4942.403457070948,5841
2013-09-16,4916.42236328125,4955.394003965796,4906.829246450586,4941.4041842328825,6343
2013-09-17,4932.912109375,4932.412472779297,4882.748399995881,4885.4466327832215,2943
2013-09-18,4918.42041015625,4939.005526117996,4916.421864682802,4935.408046680561,12849
2013-09-19,4960.89111328125,4963.38929593473,4933.910740623663,4958.39293062777,2037
2013-09-20,4972.88232421875,4987.371783417218,4968.385595501984,4968.385595501984,3145
2013-09-23,4922.91796875,4960.091116003611,4915.823033535988,4948.3994278392365,4375
2013-09-24,4969.384765625,4976.979338219054,4942.404393883219,4942.404393883219,2822
2013-09-25,4933.91162109375,4961.391635185918,4908.430153481013,4936.409804193038,43388
2013-09-26,4954.8935546875,4972.380826484824,4920.418647429919,4920.418647429919,9608
2013-09-27,4923.91748046875,4943.4033030703,4901.433839005423,4943.4033030703,12243
2013-09-30,4891.44091796875,4898.835439953059,4854.467820120978,4890.441645053946,4148
2013-10-01,4922.41796875,4925.415787244976,4879.449236988683,4894.438329463561,4517
2013-10-02,4900.93408203125,4920.419904153711,4881.448259908789,4910.427174860141,62123
2013-10-03,4891.44091796875,4931.411834560936,4884.446007565118,4899.4351012871875,21170
2013-10-04,4925.91650390625,4939.406690092016,4886.944854925147,4913.425590771281,3200
2013-10-07,4918.42041015625,4938.106278240172,4900.133914244655,4902.432046368664,4652
2013-10-08,4847.97119140625,4916.421366941925,4836.842085183385,4899.4337321374505,10281
2013-10-09,4808.49951171875,4876.450045134559,4809.4987842689825,4856.4645941299095,3686
2013-10-10,4904.93017578125,4910.026564269296,4853.467630390044,4853.467630390044,103268
2013-10-11,4945.8994140625,4950.995801578352,4916.021262838643,4917.420146803023,25330
2013-10-14,4944.900390625,4950.396389846671,4923.416030031196,4949.397117260913,3683
2013-10-15,5021.34521484375,5028.939784793712,4996.6629844879035,5004.357579291044,2757
2013-10-16,5049.8251953125,5060.317559921342,4969.983394588551,4993.366280988733,5535
2013-10-17,4987.36962890625,5049.824167436934,4961.988202032597,4989.368174139232,11872
2013-10-18,5059.8203125,5061.319222437543,5022.34756406142,5035.338116853461,1827
2013-10-21,5104.7861328125,5114.279226335397,5084.700647878801,5086.299582267911,33884
2013-10-22,5076.30419921875,5122.2707333061635,5072.307109298105,5113.277280984713,31788
2013-10-23,5061.3193359375,5089.998675222858,5055.323696052875,5076.308435649063,4343
2013-10-24,5102.28857421875,5100.789664531847,5067.4140397554,5092.295842972729,3283
2013-10-25,5132.26416015625,5149.281558133778,5104.784163192797,5116.275798286604,14743
2013-10-28,5147.75439453125,5148.254030986121,5122.272935332852,5133.2649373400045,10467
2013-10-29,5189.22265625,5191.221201467119,5155.847048709325,5165.24011364457,16724
2013-10-30,5173.23583984375,5203.813688384997,5171.237294029633,5198.217662520222,13482
2013-10-31,5188.72265625,5196.7168365581365,5161.642272870978,5173.233931902985,16870
2013-11-01,5204.21240234375,5213.905543040844,5183.227674914944,5184.226947649649,32155
2013-11-04,5192.2216796875,5217.803161991753,5190.223134006327,5205.212226615125,4335
2013-11-05,5169.73974609375,5194.621550446767,5150.8535807620065,5161.245924146945,9984
2013-11-06,5166.7421875,5186.228015303162,5151.253452579537,5186.228015303162,8212
2013-11-07,5106.78466796875,5185.227598491311,5094.293755465158,5153.250862482114,32655
2013-11-08,5145.75537109375,5154.648801579731,5085.698977207371,5088.297184116783,34470
2013-11-11,5160.244140625,5168.938008147003,5149.252141100043,5149.252141100043,6532
2013-11-12,5186.22412109375,5191.220483445479,5162.741218040628,5166.238671686838,175829
2013-11-13,5162.7421875,5183.227276988774,5136.261462063292,5183.227276988774,137828
2013-11-14,5206.70947265625,5214.2040165666085,5186.924071903319,5209.207653959703,23298
2013-11-15,5209.2080078125,5232.19127736548,5199.2152819199,5226.1956418299205,20440
2013-11-18,5214.70556640625,5225.197931731011,5195.219745088836,5195.219745088836,21522
2013-11-19,5171.23828125,5186.227377717391,5157.27822138579,5160.246277173913,84158
2013-11-20,5161.744140625,5160.245231282064,5130.267044423337,5151.251775224446,3194
2013-11-21,5158.2451171875,5170.236388285185,5139.258937949498,5148.252391272762,3882
2013-11-22,5181.228515625,5184.226333473964,5157.245972833293,5169.237244229147,4053
2013-11-25,5222.69921875,5219.201763997178,5204.212672199369,5210.208308918493,4899
2013-11-26,5221.20068359375,5221.20068359375,5203.213772147877,5206.211590722189,4741
2013-11-27,5233.1923828125,5231.193836934015,5199.616714468707,5228.196018116288,26382
2013-11-28,5236.18798828125,5249.178531000269,5230.192353180165,5230.192353180165,82976
2013-11-29,5240.1865234375,5251.778185414777,5236.18943226783,5246.182160192005,3772
2013-12-02,5233.69189453125,5248.181351804893,5227.596232161921,5235.190803904386,26417
2013-12-03,5208.708984375,5225.19698403777,5201.61405057125,5225.19698403777,49818
2013-12-04,5232.1923828125,5247.681111218458,5210.208381204044,5222.199654808656,34764
2013-12-05,5235.189453125,5251.177815646473,5227.195271864263,5227.195271864263,7287
2013-12-06,5257.1748046875,5274.162444238857,5234.191527647429,5241.186438050929,12808
2013-12-09,5284.65576171875,5282.892883939735,5259.67393434937,5267.168482560184,6049
2013-12-10,5262.66943359375,5271.163251154852,5244.982112443132,5271.163251154852,4009
2013-12-11,5252.17919921875,5277.1610256990525,5250.180653100326,5268.167568166144,4857
2013-12-12,5218.20361328125,5235.191254304954,5192.822176631088,5200.216699256152,27723
2013-12-13,5221.69970703125,5252.177525625539,5221.46111114734,5250.178980143945,5705
2013-12-16,5252.67919921875,5267.168659579955,5197.619152260906,5214.207183776931,29412
2013-12-17,5240.1865234375,5258.873119826175,5223.49847263366,5224.19815875882,13928
2013-12-18,5185.724609375,5246.180595282542,5187.223518116509,5246.180595282542,27808
2013-12-19,5247.1806640625,5269.76432344696,5247.1806640625,5259.171935814309,16476
2013-12-20,5305.13916015625,5288.751184238645,5263.169703624594,5274.16170414479,4991
2013-12-23,5355.6025390625,5364.696019072488,5341.113083550529,5341.113083550529,8015
2013-12-24,5358.599609375,5377.086153481935,5357.100700393356,5374.088335518648,7864
2013-12-27,5338.11474609375,5348.177246496723,5319.728226058584,5342.111836880791,9234
2013-12-30,5310.634765625,5339.683447368664,5304.139493073196,5335.1169467818,2545
2013-12-31,5309.13671875,5316.131628787879,5310.135991612554,5310.135991612554,1328
2014-01-02,5338.61474609375,5342.911423812048,5308.136926766495,5327.123109298228,89121
2014-01-03,5294.27490234375,5335.246074672194,5295.27419922981,5305.267168090406,7411
2014-01-06,5256.80224609375,5312.263233577488,5250.306815127186,5312.263233577488,2322
2014-01-07,5313.7626953125,5326.253909923013,5280.286240156323,5292.2778061824165,2356
2014-01-08,5317.2607421875,5327.253714828334,5303.270580490333,5307.267769546666,4686
2014-01-09,5285.28369140625,5339.84542437879,5279.287907298019,5317.261206650152,2522
2014-01-10,5273.78955078125,5342.841066267274,5273.2899023159935,5328.251233494197,11070
2014-01-13,5345.240234375,5355.2332054618855,5299.537517731781,5309.265538462213,7090
2014-01-14,5312.26318359375,5313.262480656126,5249.570467256127,5256.302548100663,27012
2014-01-15,5404.1982421875,5417.9175947720305,5348.237609502126,5348.237609502126,10492
2014-01-16,5413.19287109375,5416.919254213852,5397.204116074828,5413.19287109375,3170
2014-01-17,5374.2197265625,5390.208479932711,5363.227458620479,5387.210588675797,7432
2014-01-20,5368.22412109375,5366.955970111705,5351.356102836993,5359.2304470263925,2874
2014-01-21,5351.23583984375,5390.478255520125,5367.224593053367,5374.219672582574,6695
2014-01-22,5360.228515625,5397.082467807041,5350.503424655316,5390.207422311941,11665
2014-01-23,5315.76171875,5365.2269326005735,5295.276125135116,5361.229743602547,18026
2014-01-24,5290.7783203125,5352.914787585454,5293.276562979566,5331.24985151897,2515
2014-01-27,5200.84228515625,5274.890305374299,5184.35388133166,5262.2990630479035,15522
2014-01-28,5163.86767578125,5190.349048477564,5157.372244742532,5170.363106819968,45563
2014-01-29,5174.3603515625,5219.928396626207,5140.783871624082,5210.335046938369,29288
2014-01-30,5249.30712890625,5248.3078319085525,5179.356339067408,5179.356339067408,4358
2014-01-31,5243.81201171875,5240.314471548952,5195.346097937262,5225.325013678388,28521
2014-02-03,5226.82373046875,5301.271367964195,5228.584698928541,5274.290344979268,2262
2014-02-04,5217.830078125,5218.901102171973,5164.367680503687,5186.352217843292,6241
2014-02-05,5184.8505859375,5223.3235063496795,5150.374852061651,5208.334056838441,12130
2014-02-06,5254.3056640625,5263.299340551005,5200.663204637758,5216.332363333254,9923
2014-02-07,5287.2822265625,5287.2822265625,5255.624311169837,5275.290658481088,4914
2014-02-10,5348.23779296875,5351.2356841083065,5320.577075063426,5321.256772712742,8287
2014-02-11,5372.720703125,5379.8158099178845,5351.555415500012,5369.223163375918,11459
2014-02-12,5363.72607421875,5412.191973538658,5361.227831985765,5409.194082859077,29470
2014-02-13,5380.71533203125,5377.2177921181465,5314.661694941874,5332.249421806807,13457
2014-02-14,5363.22705078125,5380.614721161528,5360.960578803802,5379.21580293562,17545
2014-02-17,5392.20751953125,5394.206113867622,5366.54539259453,5391.208222363064,25602
2014-02-18,5418.6875,5410.19347625634,5375.617705547496,5401.199804057169,2868
2014-02-19,5400.701171875,5416.190276910445,5398.2029291273475,5405.198008820775,8888
2014-02-20,5391.70751953125,5399.302275102073,5363.227552094193,5386.211385464449,1534
2014-02-21,5431.17919921875,5429.180605217198,5409.194665201673,5421.186229210988,2257
2014-02-24,5456.6611328125,5462.157266175831,5384.89179971482,5421.186090194637,3538
2014-02-25,5437.1748046875,5430.179725909185,5388.209253239294,5426.182538035862,2538
2014-02-26,5466.65380859375,5464.88210589763,5431.1787678835635,5440.172440176287,4001
2014-02-27,5431.67919921875,5435.496338351057,5412.192906442599,5416.190094704374,6204
2014-02-28,5442.67138671875,5452.164708700542,5422.456602776334,5424.184391280524,31799
2014-03-03,5372.2216796875,5399.602325035791,5364.546901630238,5392.207623436338,7955
2014-03-04,5480.1455078125,5476.148319258296,5429.500953173046,5431.179948023511,26148
2014-03-05,5466.15380859375,5477.246101295665,5460.430784747326,5477.1460740223665,2813
2014-03-06,5477.6455078125,5495.68262020206,5471.150078495564,5483.141640311445,9681
2014-03-07,5429.68212890625,5481.465541712657,5425.185290849734,5463.1585899936445,3993
2014-03-10,5465.1552734375,5476.397364647259,5436.575281752204,5462.15738244823,5040
2014-03-11,5475.146484375,5497.4506105117325,5469.150704322755,5478.144374401123,11034
2014-03-12,5467.65234375,5481.1428503095585,5430.586630487185,5449.1653532794935,27586
2014-03-13,5415.1904296875,5478.146140532733,5435.176369638368,5467.153873559755,3332
2014-03-14,5389.20849609375,5417.188810926056,5374.219041719301,5406.196544384793,61380
2014-03-17,5423.68359375,5421.185351652464,5340.242307692308,5366.224025506679,75058
2014-03-18,5482.1435546875,5486.240770134055,5398.202603430893,5398.202603430893,16324
2014-03-19,5467.65234375,5485.4137705900785,5466.1533985767155,5482.1421470917485,8391
2014-03-20,5506.12548828125,5506.12548828125,5452.16345990245,5461.157131298917,5428
2014-03-21,5491.63720703125,5528.1115511412745,5462.157942613559,5528.1115511412745,7091
2014-03-24,5356.73095703125,5457.26032134346,5359.229199246077,5457.16029406728,6833
2014-03-25,5379.21728515625,5441.173716826264,5362.54883078472,5402.201122711255,13651
2014-03-26,5373.22021484375,5427.58187654339,5370.2223237065855,5396.204046895341,7705
2014-03-27,5277.28759765625,5324.254557908067,5241.632504088254,5324.254557908067,8177
2014-03-28,5305.26806640625,5329.25119573263,5278.53687017789,5299.2722840746555,3566
2014-03-31,5310.763671875,5336.245744249224,5287.679814607228,5297.273162970999,51949
2014-04-01,5378.2177734375,5391.208637624547,5295.541052482067,5302.271182805533,39066
2014-04-02,5391.3642578125,5403.356170897533,5382.620154521331,5396.360888264597,286804
2014-04-03,5398.8583984375,5429.337839650336,5388.68508469124,5395.360757642585,9830
2014-04-04,5285.935546875,5404.455723085231,5289.4331883182485,5386.367822602561,10747
2014-04-07,5200.4931640625,5217.881341079031,5179.507315398912,5206.489120823526,7308
2014-04-08,5175.51025390625,5182.755368666015,5124.544619044458,5175.51025390625,13474
2014-04-09,5203.4912109375,5214.603834722741,5178.827666139704,5190.499971117606,5885
2014-04-10,5157.5205078125,5262.449717911379,5173.4697087113655,5244.461853323,7571
2014-04-11,5122.04443359375,5125.542073924952,5070.579154434628,5093.563648039673,44588
2014-04-14,5105.55810546875,5112.5533896218685,5037.603916552744,5050.595158551392,4625
2014-04-15,5053.5927734375,5120.547631222809,5044.598837317085,5116.550326280403,8484
2014-04-16,5116.5498046875,5147.778746366501,5102.559238815308,5139.534305763244,19781
2014-04-17,5155.0224609375,5159.51942731808,5097.880832465522,5107.554482475829,7067
2014-04-22,5227.974609375,5229.473598558611,5180.546630641715,5190.499879784717,5292
2014-04-23,5210.4853515625,5238.466477347646,5204.889028815049,5229.472544059563,11065
2014-04-24,5242.46435546875,5296.827593931977,5204.449954236231,5251.458289742333,28106
2014-04-25,5168.0166015625,5232.735186323464,5146.531083447138,5229.475176636674,13496
2014-04-28,5148.52880859375,5200.493773276762,5141.533524886422,5149.528134837655,19801
2014-04-29,5189.9990234375,5200.491945310244,5156.491840956128,5186.501382813252,23264
2014-04-30,5182.00341796875,5197.043074574745,5164.515218216662,5178.505778018332,13181
2014-05-01,5232.47119140625,5232.209161089749,5200.492757845325,5209.486692284336,9090
2014-05-02,5208.48681640625,5251.457831967545,5200.492208859962,5219.479401782395,21943
2014-05-06,5173.0126953125,5227.1163589021935,5169.515053192613,5210.487432311286,2801
2014-05-07,5077.57470703125,5152.923779468418,5069.580100131771,5134.536281190034,38488
2014-05-08,5180.0048828125,5180.14492504022,5102.797211705632,5130.538259546518,7254
2014-05-09,5137.03515625,5159.519990607674,5111.911964701094,5128.540885492656,20031
2014-05-12,5232.47119140625,5234.469843503808,5164.966911992105,5176.508932674632,10411
2014-05-13,5269.94482421875,5281.437071393969,5254.455273678238,5270.444487139412,9512
2014-05-14,5265.94677734375,5284.434302797941,5252.8555130803825,5261.449811692731,1219
2014-05-15,5188.0,5282.8359228275785,5188.949554710825,5277.439660984302,13043
2014-05-16,5190.99853515625,5208.486738903528,5180.905245688827,5208.486738903528,4604
2014-05-19,5267.94677734375,5266.897680270743,5208.486882958479,5208.486882958479,4460
2014-05-20,5264.94775390625,5282.985388650086,5258.452136481861,5263.448765269853,3557
2014-05-21,5257.955078125,5270.69648784582,5233.471584935974,5239.467542451654,16500
2014-05-22,5318.91455078125,5319.41421396122,5279.0415266101045,5292.432402242837,6699
2014-05-23,5336.39990234375,5337.3992281681585,5308.81841199965,5309.418105084708,22957
2014-05-27,5410.35107421875,5417.346356361257,5368.579441748645,5369.378707384068,7608
2014-05-28,5462.3193359375,5469.514682823339,5451.326743055079,5454.324722932103,3765
2014-05-29,5474.3056640625,5478.302966482407,5459.715412639449,5460.315105592826,3636
2014-05-30,5470.31005859375,5484.300621403452,5465.313429018856,5469.310732678771,18954
2014-06-02,5467.31201171875,5481.902267483379,5444.32751596486,5479.3039225468665,6605
2014-06-03,5458.3193359375,5474.808217124422,5444.32877008193,5460.317988202582,19023
2014-06-04,5484.80126953125,5483.90197363666,5452.323171460781,5480.304302106108,2284
2014-06-05,5487.29833984375,5509.283508934364,5471.309125959667,5480.303058769464,5972
2014-06-06,5541.7607421875,5545.2583821834705,5511.281307936897,5519.275913641973,4124
2014-06-09,5552.255859375,5563.948170026487,5538.864987110216,5540.263946071815,5114
2014-06-10,5564.7470703125,5566.246059376964,5527.671976527652,5529.270995786847,12194
2014-06-11,5552.75537109375,5563.647927790169,5532.668819267915,5536.26649075126,84796
2014-06-12,5516.2802734375,5548.458770213439,5505.287685936085,5540.264100713315,2157850
2014-06-13,5469.31005859375,5473.3073617610025,5450.222838379708,5455.319497508365,2935
2014-06-16,5447.326171875,5476.906319857562,5441.3302157144335,5445.327519821478,2748
2014-06-17,5463.814453125,5487.838287214324,5456.679129448513,5482.301982596022,70615
2014-06-18,5468.81005859375,5485.99865633423,5461.315115617148,5479.302978760992,22263
2014-06-19,5465.31396484375,5494.794082225883,5458.3186827530735,5467.312616869657,1605
2014-06-20,5484.30126953125,5488.69820648636,5459.717751527102,5462.316096803537,4783
2014-06-23,5480.80419921875,5489.698104248973,5473.808916258675,5488.299145247402,9853
2014-06-24,5548.75732421875,5549.256987192565,5477.805181936979,5488.2981043871005,2900
2014-06-25,5515.7802734375,5506.916134039749,5482.302849909978,5505.287349645292,11616
2014-06-26,5502.28955078125,5529.271355697903,5484.8013438908265,5528.272029589879,46867
2014-06-27,5526.27392578125,5531.270556817219,5511.284032673344,5511.284032673344,19340
2014-06-30,5533.2685546875,5547.259119933233,5527.272598153614,5528.271924242595,2989
2014-07-01,5572.24072265625,5571.841089922224,5528.670019702171,5539.262970890171,14840
2014-07-02,5562.85888671875,5574.751005196073,5557.962189458895,5562.3592137746455,4492
2014-07-03,5598.3349609375,5595.636532194314,5570.752920303034,5579.347391451993,9882
2014-07-04,5603.33203125,5608.828433278157,5601.333339603398,5601.333339603398,1480
2014-07-07,5596.8369140625,5616.62376840876,5573.152220196686,5598.335932966364,22369
2014-07-08,5520.88720703125,5603.333255466417,5532.379686510091,5597.337179216586,30683
2014-07-09,5561.3603515625,5557.063359054229,5536.376702184411,5536.376702184411,3795
2014-07-10,5545.869140625,5565.556446733276,5504.795933440844,5535.376010437314,2047
2014-07-11,5576.3505859375,5579.348623886928,5555.964025473765,5565.357780122928,6273
2014-07-14,5644.3056640625,5647.853146835866,5612.826268096146,5617.323324662768,5629
2014-07-15,5590.3427734375,5642.80845016354,5582.348003650675,5639.310738381804,6607
2014-07-16,5628.81591796875,5641.807414983147,5612.826383181799,5638.309704248502,5151
2014-07-17,5587.3447265625,5634.613607672881,5528.682908153005,5618.324459440954,3966
2014-07-18,5621.32177734375,5619.32308515625,5558.862646484376,5567.35708828125,20967
2014-07-21,5642.8076171875,5646.704969290856,5629.316445163763,5643.307290225416,3162
2014-07-22,5689.77587890625,5694.272935454082,5649.9020751078515,5656.2977912723945,1570
2014-07-23,5727.751953125,5731.2496643412505,5680.78268822107,5696.272552178749,6254
2014-07-24,5757.23095703125,5761.728012977551,5724.752219641297,5736.244695948511,5242
2014-07-25,5702.76708984375,5737.7441945742385,5646.903754452282,5723.253679757322,8160
2014-07-28,5718.2578125,5727.851631693222,5679.782991496636,5712.261736499476,53626
2014-07-29,5737.7451171875,5761.8294536241265,5721.25590802028,5721.25590802028,10772
2014-07-30,5757.23095703125,5774.619475764587,5741.741097660657,5745.238807841113,11531
2014-07-31,5679.2822265625,5751.834829811813,5679.2822265625,5721.254750496272,10660
2014-08-01,5648.3037109375,5678.783764579325,5626.318098474544,5636.311558684979,13550
2014-08-04,5667.79052734375,5673.68657082716,5637.810148992288,5658.296740865787,5775
2014-08-05,5661.29345703125,5682.27971697788,5645.303925643342,5682.27971697788,7545
2014-08-06,5654.298828125,5661.294249085919,5607.929278204996,5647.303407164082,87790
2014-08-07,5644.80517578125,5669.289149722409,5635.71103072502,5643.306156968526,90031
2014-08-08,5649.80224609375,5650.301919061478,5590.940868087839,5604.332006030556,7825
2014-08-11,5727.2529296875,5727.612557681188,5675.886633878062,5679.284313281114,4954
2014-08-12,5687.77685546875,5731.948136836691,5677.283724135636,5731.248399563082,3169
2014-08-13,5793.70849609375,5791.210131067405,5709.963495595438,5753.234982666963,35450
2014-08-14,5818.6923828125,5819.7546759537845,5798.605429592026,5803.202519019697,13270
2014-08-15,5834.18017578125,5867.658256611786,5834.18017578125,5834.18017578125,1907
2014-08-18,5896.140625,5892.502869408818,5868.658613612289,5871.156978283899,10521
2014-08-19,5951.6064453125,5952.106118425195,5924.724129441903,5941.113309945901,16843
2014-08-20,5960.09765625,5960.2977205714,5945.107470997862,5955.100927832621,7891
2014-08-21,5981.58642578125,5989.681227249486,5971.592964206141,5980.087406544983,5145
2014-08-22,6006.568359375,6000.07261121163,5986.081769013601,5986.081769013601,2918
2014-08-26,6035.55078125,6036.150486503416,6019.341172777074,6032.053069894031,2345
2014-08-27,6029.5537109375,6042.545208118603,6015.063194850884,6035.050113591044,47764
2014-08-28,6018.560546875,6026.55531389451,6009.066761039331,6023.057603323474,6763
2014-08-29,6039.04736328125,6043.044746940545,6010.0663317513545,6037.048671451602,1281
2014-09-01,6033.55126953125,6031.502805485775,6016.052955888863,6029.054212684395,2330
2014-09-02,6085.01904296875,6093.013812609701,6060.584833068788,6066.031465071492,12016
2014-09-03,6080.01953125,6128.987472905366,6086.015605738412,6109.000557943992,59128
2014-09-04,6124.49267578125,6135.985156122521,6056.037466791935,6079.022427474479,19247
2014-09-05,6110.00146484375,6160.968111017619,6096.010620796022,6160.968111017619,13248
2014-09-08,6233.91845703125,6235.05394406084,6193.784577697467,6222.9256543657575,3605
2014-09-09,6231.92041015625,6247.06625697898,6219.92826055364,6227.92302695538,11387
2014-09-10,6191.9482421875,6208.737060958297,6146.777604693671,6180.955435430873,7658
2014-09-11,6171.9599609375,6193.9455696066425,6150.973698116955,6193.9455696066425,6603
2014-09-12,6169.4619140625,6188.949159113803,6157.789378283448,6177.956354213068,10626
2014-09-15,6093.01171875,6167.712821911647,6091.987486834133,6130.9868614943825,25383
2014-09-16,6110.00146484375,6111.000810847159,6081.020430744884,6106.004080830114,3553
2014-09-17,6120.49365234375,6120.993325268261,6104.004445834864,6111.999212627051,20838
2014-09-18,6144.97705078125,6151.972471069991,6120.992752648423,6141.979013514647,3188
2014-09-19,6178.9541015625,6187.948212336245,6140.978967184467,6185.94952105319,1608
2014-09-22,6096.009765625,6146.976404649077,6091.013036308914,6122.992103931864,12682
2014-09-23,9945.7333984375,9945.7333984375,9945.7333984375,9945.7333984375,0
2014-09-24,6126.4912109375,6094.008559284003,6061.28095072734,6074.025541159469,11732
2014-09-25,6063.53271484375,6169.939168799006,6048.042849647198,6167.96438665276,48228
2014-09-26,9951.28515625,9951.28515625,9951.28515625,9951.28515625,0
2014-09-29,6114.49755859375,6119.9939607466085,6054.037134912304,6101.006389673096,2724
2014-09-30,9943.3740234375,9943.3740234375,9943.3740234375,9943.3740234375,0
2014-10-01,9784.685546875,9784.685546875,9784.685546875,9784.685546875,0
2014-10-02,9767.7392578125,9767.7392578125,9767.7392578125,9767.7392578125,0
2014-10-03,9869.046875,9869.046875,9869.046875,9869.046875,0
2014-10-06,9841.994140625,9841.994140625,9841.994140625,9841.994140625,0
2014-10-07,9700.560546875,9700.560546875,9700.560546875,9700.560546875,0
2014-10-08,9902.970703125,9902.970703125,9902.970703125,9902.970703125,0
2014-10-09,9726.9423828125,9726.9423828125,9726.9423828125,9726.9423828125,0
2014-10-10,9485.3916015625,9485.3916015625,9485.3916015625,9485.3916015625,0
2014-10-13,9331.259765625,9331.259765625,9331.259765625,9331.259765625,0
2014-10-14,9337.1943359375,9337.1943359375,9337.1943359375,9337.1943359375,0
2014-10-15,9277.7373046875,9277.7373046875,9277.7373046875,9277.7373046875,0
2014-10-16,9226.9580078125,9226.9580078125,9226.9580078125,9226.9580078125,0
2014-10-17,9349.728515625,9349.728515625,9349.728515625,9349.728515625,0
2014-10-20,9483.470703125,9483.470703125,9483.470703125,9483.470703125,0
2014-10-21,9731.6806640625,9731.6806640625,9731.6806640625,9731.6806640625,0
2014-10-22,9678.296875,9678.296875,9678.296875,9678.296875,0
2014-10-23,9831.6787109375,9831.6787109375,9831.6787109375,9831.6787109375,0
2014-10-24,9904.330078125,9904.330078125,9904.330078125,9904.330078125,0
2014-10-27,9914.044921875,9914.044921875,9914.044921875,9914.044921875,0
2014-10-28,10062.490234375,10062.490234375,10062.490234375,10062.490234375,0
2014-10-29,10023.7021484375,10023.7021484375,10023.7021484375,10023.7021484375,0
2014-10-30,6247.98828125,6273.172306361598,6212.011381357966,6270.973522847688,28415
2014-10-31,6358.416015625,6386.897721942534,6340.927248587917,6340.927248587917,58057
2014-11-03,6397.39306640625,6402.889537837201,6352.321903078852,6362.915200157556,6106
2014-11-04,6342.43017578125,6386.901639237055,6320.943963100356,6375.908693214272,43851
2014-11-05,6384.4013671875,6440.665051936543,6373.248370894078,6389.897838584468,2382
2014-11-06,6425.3740234375,6420.876911203972,6356.717914818475,6356.917981660461,168716
2014-11-07,6442.86376953125,6485.636114957667,6405.88750778584,6470.8458054466955,44875
2014-11-10,6452.85693359375,6451.857575233274,6415.280961646261,6421.876824418993,14919
2014-11-11,6456.85400390625,6465.2485160685565,6442.862987646431,6442.862987646431,2059
2014-11-12,6490.3330078125,6484.836536714961,6427.673042113369,6428.872467358197,12928
2014-11-13,6571.2822265625,6589.770359965497,6543.799866098586,6547.797300347883,4437
2014-11-14,6618.75048828125,6625.249245497678,6577.576728226609,6591.767812275876,9559
2014-11-17,6575.27783203125,6617.750559117097,6579.774944310928,6616.751200832724,23720
2014-11-18,6633.7412109375,6643.734795166089,6588.570015037085,6597.7643077145785,2474
2014-11-19,6598.76416015625,6663.722462505206,6591.768650672516,6639.737858560976,6852
2014-11-20,6634.2412109375,6632.7421732307275,6572.780664959846,6591.768475912291,13841
2014-11-21,6669.21728515625,6699.897778635804,6645.132653724016,6650.729157520768,26989
2014-11-24,6673.71533203125,6733.386006557074,6661.522964479467,6678.712123983954,20545
2014-11-25,6693.70361328125,6723.68436998451,6688.396960788607,6701.698481735452,19230
2014-11-26,6691.7041015625,6722.684213143808,6645.933680284408,6685.70795093386,1468
2014-11-27,6752.1650390625,6752.115266329618,6723.483257755118,6733.676908636591,660
2014-11-28,6815.62451171875,6812.62643642034,6735.497728780043,6812.62643642034,2852
2014-12-01,6697.2001953125,6799.634429442102,6694.701799358119,6798.63507106035,5755
2014-12-02,6746.669921875,6750.6673562828655,6700.499359276927,6705.6962191943785,56222
2014-12-03,6721.1845703125,6761.858650268351,6717.137364189773,6742.6707747971805,13688
2014-12-04,6707.69189453125,6764.655309011029,6714.237495218542,6761.6572345647255,3090
2014-12-05,6797.13623046875,6798.435201215488,6756.662214834848,6756.662214834848,61390
2014-12-08,6766.6552734375,6794.188376263174,6743.474356633771,6745.668748442346,3385
2014-12-09,6652.22900390625,6693.702376348541,6620.7589745440955,6692.703017976438,24899
2014-12-10,6683.71044921875,6706.695697474138,6668.720069921758,6706.695697474138,4529
2014-12-11,6704.1953125,6707.693066631885,6607.757234292316,6615.752100879482,56439
2014-12-12,6578.7763671875,6606.142586894081,6561.9873412036795,6593.766743233044,16404
2014-12-15,6531.80712890625,6634.741053979283,6537.803279881378,6579.776336707275,38873
2014-12-16,6520.81396484375,6543.7792027828245,6410.484888227579,6529.808191002155,9389
2014-12-17,6451.35791015625,6436.86721389767,6386.899295764633,6420.877480095098,9642
2014-12-18,6627.244140625,6644.732909751282,6586.770132075605,6586.770132075605,31427
2014-12-19,6736.67431640625,6741.671107918196,6685.495264906644,6725.681375079967,13899
2014-12-22,6742.17138671875,6746.468432614035,6720.685181306395,6727.680690045301,26037
2014-12-23,6786.1455078125,6785.445761508912,6749.668913889349,6761.661218740795,1480
2014-12-24,6762.1591796875,6763.648458052799,6759.449005362183,6760.640135273617,368
2014-12-29,6811.787109375,6804.781676404913,6771.012522574042,6782.805033938986,2159
2014-12-30,6762.318359375,6781.806308537464,6758.021211930974,6780.806926529132,10797
2014-12-31,6732.83740234375,6760.020791441428,6728.839873828183,6756.822573437152,1689
2015-01-02,6716.845703125,6802.580762849538,6706.851884194595,6706.851884194595,3352
2015-01-05,6708.85009765625,6775.802823244575,6720.862686544386,6743.828461043405,16209
2015-01-06,6665.87744140625,6736.773536625831,6666.886582920612,6682.866934135472,39641
2015-01-07,6719.84375,6749.825206350387,6663.672437491976,6679.868474866151,1034
2015-01-08,6861.75732421875,6878.746819486987,6808.790074264833,6808.790074264833,15807
2015-01-09,6786.30517578125,6895.531604874214,6799.796836170477,6842.770272965793,10043
2015-01-12,6763.31689453125,6859.557174691284,6733.835128976958,6848.764045544537,10598
2015-01-13,6851.76318359375,6866.753914012931,6764.816947162499,6764.816947162499,5684
2015-01-14,6647.8876953125,6709.849366555641,6618.905623279417,6709.849366555641,21440
2015-01-15,6643.890625,6735.034446094297,6620.904842151775,6703.853536777978,26184
2015-01-16,6647.38818359375,6656.882310894982,6521.366038346788,6540.95401963784,3083
2015-01-19,6690.86328125,6710.45126836234,6662.8805819408135,6674.873167359036,3480
2015-01-20,6674.3720703125,6737.632749875649,6654.8841231131155,6665.877324097383,626
2015-01-21,6809.28759765625,6772.0108533319535,6728.03805604761,6761.816964224288,3193
2015-01-22,6899.7333984375,6873.749466172238,6765.816209070376,6779.80755721321,775
2015-01-23,6978.6826171875,6994.273069763771,6950.699928761143,6987.677052753115,24913
2015-01-26,6935.2109375,6980.682815539664,6926.516119474258,6980.682815539664,1766
2015-01-27,6724.84228515625,6933.113421358313,6695.860203677645,6910.727359467301,9397
2015-01-28,6760.81884765625,6853.7613684000835,6797.795979565087,6835.772493417406,16664
2015-01-29,6701.8544921875,6729.837183177844,6677.589716282525,6729.837183177844,5818
2015-01-30,6812.787109375,6842.768569442662,6773.81121128704,6809.788963368234,33137
2015-02-02,6775.30908203125,6779.6062286866345,6713.64702824205,6767.813718344365,2130
2015-02-03,6768.8115234375,6844.764524438718,6774.807812990228,6843.765142846597,28363
2015-02-04,6813.7861328125,6822.78057035948,6755.422324547987,6808.789223064177,11907
2015-02-05,6802.29150390625,6802.791194753521,6773.00981544788,6801.791813058979,3281
2015-02-06,6855.25927734375,6857.757731778236,6797.794825350563,6802.791734219535,11450
2015-02-09,6804.791015625,6804.791015625,6764.0164313429095,6804.791015625,1498
2015-02-10,6835.2744140625,6836.773487331174,6779.808703121574,6779.808703121574,1048
2015-02-11,6908.728515625,6911.526590336805,6858.75941020315,6866.754467070646,8831
2015-02-12,6891.23779296875,6949.701633283255,6879.145174555674,6885.741192597301,13588
2015-02-13,6947.2041015625,6947.503720976248,6930.114571450349,6944.705646516265,2653
2015-02-16,6994.1748046875,6992.675731713715,6953.699834395317,6981.682529905962,2569
2015-02-17,7000.6708984375,7002.469590842733,6969.690056488669,6974.686966480416,43576
2015-02-18,6963.69384765625,7013.66294817043,6959.6963196151155,6962.694465645966,9467
2015-02-19,7010.16552734375,6994.675105264653,6963.694261106459,6969.690553524173,39425
2015-02-20,7042.14501953125,7055.636676064802,7009.4650340693015,7040.645946583078,1260
2015-02-23,7047.142578125,7097.611372026342,7041.645976809013,7097.611372026342,6168
2015-02-24,7070.12646484375,7064.629865005367,7045.081898658973,7052.637283539804,876
2015-02-25,7049.640625,7052.3591587498195,7021.058202216265,7026.654839009781,22654
2015-02-26,7084.11865234375,7091.17434716926,7010.064355391343,7021.657283115918,4365
2015-02-27,7067.12890625,7106.604490185074,7087.416163055241,7093.6125258520115,12145
2015-03-02,7144.58251953125,7145.581901615392,7082.2211750766955,7145.581901615392,3825
2015-03-03,7095.61181640625,7144.1818765764165,7092.613670568332,7136.586476191131,1717
2015-03-04,7140.08349609375,7148.658270285857,7092.612859091238,7108.602968397347,10034
2015-03-05,7169.06640625,7176.1621156789415,7146.7803839943235,7161.571041637624,2215
2015-03-06,7197.54833984375,7246.317980667579,7174.962211634079,7194.5501941870525,1913
2015-03-09,7139.58349609375,7162.169622106722,7134.986242271384,7145.579786823952,11369
2015-03-10,7059.13623046875,7172.166455857691,7057.637157155845,7118.5994718806405,2627
2015-03-11,7096.61181640625,7105.606254703343,7065.231318165628,7075.624793713034,3661
2015-03-12,7117.599609375,7124.595284363153,7069.229611338541,7085.619380857729,3209
2015-03-13,7149.0791015625,7206.343494686847,7140.863966852245,7165.568904480761,5055
2015-03-16,7207.0419921875,7236.923410998248,7160.3706660194985,7176.560846689099,4618
2015-03-17,7267.00634765625,7258.511600498844,7216.537555721073,7216.537555721073,3747
2015-03-18,7274.0029296875,7325.071454803785,7276.50138504564,7278.5001493321515,14917
2015-03-19,7378.4365234375,7377.437141543495,7281.296408148457,7305.481645175149,19223
2015-03-20,7318.474609375,7395.826680940047,7318.474609375,7390.430115571231,4198
2015-03-23,7312.478515625,7365.046109451856,7305.482841221641,7351.454415872284,10395
2015-03-24,7355.45166015625,7359.449188232422,7285.494918823242,7298.486885070801,4414
2015-03-25,7184.05810546875,7322.872179236773,7178.681546975934,7320.473759832871,22595
2015-03-26,7128.09130859375,7136.586054632733,6959.495389075334,7081.620050851078,12139
2015-03-27,7113.6015625,7152.377391560086,7096.411995732607,7123.595383183479,9478
2015-03-30,7233.52685546875,7260.51016924295,7213.539215636009,7232.527473477113,2012
2015-03-31,7208.181640625,7260.250544250726,7208.881416707692,7252.654997021231,4107
2015-04-01,7099.2490234375,7202.087346971769,7091.7535116931795,7120.736157104552,37710
2015-04-02,7121.23388671875,7136.72460670249,7085.755140949539,7087.753943528086,3101
2015-04-07,7199.68798828125,7203.685594049313,7152.716120506511,7152.716120506511,2694
2015-04-08,7166.2080078125,7164.309242678988,7115.145816591642,7131.728658217698,3027
2015-04-09,7256.65478515625,7274.844088889239,7223.074794874065,7227.672139684617,3670
2015-04-10,7382.5771484375,7383.576549703026,7338.603492754374,7343.600499082002,4382
2015-04-13,7415.05859375,7438.137543562151,7391.1729981891385,7428.550512479783,11318
2015-04-14,7271.14453125,7385.17632302903,7245.659796792316,7351.596340028176,12081
2015-04-15,7305.62451171875,7336.415152603983,7302.2266444273755,7321.6149347266155,959
2015-04-16,7253.15576171875,7307.023400332687,7235.259254172322,7303.625533123062,42813
2015-04-17,7138.22265625,7236.063930447384,7112.737927130732,7125.730141975849,8354
2015-04-20,7240.16357421875,7244.460805121462,7160.111423022374,7169.70577423498,16414
2015-04-21,7270.14501953125,7320.614787004799,7280.638733560404,7320.614787004799,11902
2015-04-22,7235.16552734375,7285.635291710192,7188.839276757817,7285.635291710192,4206
2015-04-23,7251.15625,7286.03525833909,7240.062797791919,7240.6625361794495,4422
2015-04-24,7316.11767578125,7324.612587364358,7300.626954659112,7300.626954659112,7897
2015-04-27,7319.615234375,7366.587096201273,7308.621819905022,7333.606852791337,2669
2015-04-28,7216.67822265625,7291.593319965324,7209.682412164823,7288.63513056807,19215
2015-04-29,7117.7373046875,7189.094472402068,7113.693827821511,7178.700794660252,3075
2015-04-30,7105.74267578125,7115.337025093161,7071.16329596378,7108.740879441918,13653
2015-05-01,7201.68603515625,7196.689028470741,7031.388144911874,7082.757276041125,17376
2015-05-05,7125.73095703125,7257.651922855672,7121.7333520062675,7225.671082655812,13794
2015-05-06,7050.7763671875,7136.724881372918,7021.793728683115,7136.724881372918,26437
2015-05-07,7085.2548828125,7086.553909190779,6981.816857511549,7020.7935047264,1268
2015-05-08,7075.26025390625,7105.6922133127355,6989.811457845937,7043.779118515608,14221
2015-05-11,7002.30517578125,7079.359113249544,7000.846088929171,7033.786316584377,3242
2015-05-12,6915.85693359375,6932.8467555404395,6871.883276790552,6932.8467555404395,6558
2015-05-13,6906.36376953125,6966.827557687916,6912.859879002627,6933.847309602462,22500
2015-05-14,6962.3291015625,6959.830598332197,6871.483621706463,6921.85334923159,5048
2015-05-15,6969.3251953125,7024.992044753273,6963.828487981286,6992.811126636777,8219
2015-05-18,7039.78271484375,7034.18596999964,6985.015719128833,6997.807860496299,10578
2015-05-19,7129.22900390625,7163.508272484991,7126.330837802997,7131.727507096797,6382
2015-05-20,7104.744140625,7119.3354978167,7066.966965091129,7117.736358071635,18834
2015-05-21,7092.251953125,7092.151915388364,7032.187832081451,7034.786373289209,694
2015-05-22,7170.70458984375,7181.098266146225,7095.217581663564,7177.700399199695,1122
2015-05-26,7126.23046875,7200.68586036656,7115.736755837599,7200.68586036656,21123
2015-05-27,7228.66845703125,7237.66306730545,7119.13399431657,7216.675643332318,6703
2015-05-28,7280.63818359375,7280.99783141068,7240.262470262608,7251.655547035861,6583
2015-05-29,7232.66796875,7297.029321641014,7228.270700165328,7284.636841815496,16462
2015-06-01,7284.63525390625,7314.817364956914,7233.266130479083,7287.633457468017,3363
2015-06-02,7212.6796875,7286.635388882153,7209.681483389913,7214.678490240059,10442
2015-06-03,7238.66357421875,7272.843293677504,7200.886400491842,7234.665969041768,1102
2015-06-04,7195.1884765625,7222.471932371918,7133.1255684369835,7190.691171451794,1526
2015-06-05,7209.18115234375,7228.869552807376,7173.302743894656,7173.702406809931,10948
2015-06-08,7149.716796875,7210.080536924863,7153.514326564553,7202.685065009522,5713
2015-06-09,7058.7734375,7090.354625374606,7052.977103467604,7067.76805181934,1539
2015-06-10,7077.7587890625,7073.961259971328,7020.79292476194,7050.77495860434,3806
2015-06-11,7109.74072265625,7138.123621477282,7104.743716244487,7116.736531632718,6335
2015-06-12,7023.79296875,7095.350205870061,7011.80015207029,7075.761841028742,2903
2015-06-15,6962.8291015625,7014.398308050861,6958.631420759555,7000.806352295868,1355
2015-06-16,6974.32275390625,6975.62178054631,6842.3017297782535,6940.842806602981,12002
2015-06-17,6959.33056640625,6999.00699101034,6953.633784116774,6965.826674495809,4803
2015-06-18,6993.31103515625,6991.8119331122725,6890.672320016328,6911.8598241001255,23597
2015-06-19,6998.80908203125,7033.988211924496,6977.02232335163,7031.7893333102775,1483
2015-06-22,7063.27001953125,7059.772114321719,7036.386217090086,7037.785281576096,10518
2015-06-23,7066.765625,7086.153909968345,7065.366560969287,7074.7608343056145,979
2015-06-24,7106.24267578125,7098.237705904676,7049.576429011709,7065.766924656977,10940
2015-06-25,7079.75732421875,7098.146206683893,7070.762714405372,7098.146206683893,10810
2015-06-26,7011.30029296875,7044.180500358299,7011.5999181833895,7042.781436041733,817
2015-06-29,6887.8740234375,6936.045363138252,6910.860254217979,6918.855464924232,32366
2015-06-30,6844.52685546875,6876.608330313077,6825.038168357464,6861.017283024454,27187
2015-07-01,6938.474609375,6954.7649631325785,6887.204549268394,6933.977218558696,5927
2015-07-02,6938.474609375,6976.27250495625,6942.972000191304,6957.963302912316,11426
2015-07-03,6959.9609375,6957.362347878922,6942.571126955943,6945.9690573844055,11012
2015-07-06,6941.47314453125,6961.9612590604975,6919.785530537613,6937.975173757964,11386
2015-07-07,6907.99169921875,7037.51664117872,6919.9847403632275,6999.938347993074,1519
2015-07-08,6969.45556640625,7015.328848099395,6944.370026099705,6957.962236082356,25379
2015-07-09,6993.44189453125,7015.529175534815,6982.148643012624,6995.940444690068,2554
2015-07-10,6983.9462890625,6982.746789978516,6937.97297347909,6981.947449254526,3851
2015-07-13,7062.90283203125,7064.901672510104,6983.455754971089,7015.9300807781765,6940
2015-07-14,7111.373046875,7123.266047337061,7065.699357438947,7117.869276908686,7836
2015-07-15,7125.8642578125,7137.857297236588,7083.488949446993,7093.882819348264,80407
2015-07-16,7182.33251953125,7188.828750154912,7148.052605439466,7155.847886988624,3216
2015-07-17,7271.28076171875,7290.969532411882,7220.2102982440965,7255.7897505433475,1356
2015-07-20,7346.736328125,7359.9288671592385,7331.945107509191,7355.7311080125155,1311
2015-07-21,7359.72802734375,7384.713524449073,7341.738469427918,7384.713524449073,3439
2015-07-22,7243.29541015625,7272.778295923702,7211.014343989722,7239.797440658416,32711
2015-07-23,7303.26220703125,7321.751478441456,7266.783374248953,7266.783374248953,11406
2015-07-24,7267.7822265625,7352.732926405433,7265.583307367347,7333.7439464405425,39830
2015-07-27,7124.865234375,7162.843194664838,7131.661095227646,7150.85015457331,350
2015-07-28,7113.373046875,7147.853042676502,7087.887832586934,7095.883193932209,548
2015-07-29,7153.3486328125,7163.842542787286,7139.65638364618,7159.844862796891,1010
2015-07-30,7177.83349609375,7186.028934215245,7128.861922533656,7161.842778196577,1418
2015-07-31,7208.31640625,7233.801615034662,7188.028376416714,7226.805675368284,2947
2015-08-03,7216.3134765625,7223.609048744853,7164.843336815534,7216.81318665713,2314
2015-08-04,7157.345703125,7191.625610923381,7154.647074162141,7190.82627019261,2075
2015-08-05,7268.2822265625,7224.008114077063,7182.831813311061,7182.831813311061,5728
2015-08-06,7152.34912109375,7247.394059246144,7193.82505046221,7193.82505046221,1284
2015-08-07,7120.36767578125,7150.05064450432,7135.858685532757,7140.855785452598,7881
2015-08-10,7195.3232421875,7216.810769058398,7168.039275359922,7185.8287535701265,1338
2015-08-11,7109.8740234375,7192.226135499296,7125.864743760104,7162.843284506123,1766
2015-08-12,7002.4365234375,7062.031823415314,6970.954792118257,7050.908395468717,2582
2015-08-13,7121.3671875,7153.04899659912,7110.673198334569,7134.8593574573715,2637
2015-08-14,7076.8916015625,7113.670054991691,7065.897983765975,7105.8747757533365,1784
2015-08-17,7143.8544921875,7155.847532745173,7078.692109958246,7150.85043251281,243
2015-08-18,7128.36279296875,7181.032419529957,7107.075343234172,7111.87236379469,1587
2015-08-19,7042.4130859375,7098.680237185208,7040.913955925593,7076.893076211372,4339
2015-08-20,6927.97998046875,7034.917928811242,6913.788020162381,7031.91966857734,27455
2015-08-21,6703.109375,6815.444075931784,6705.108214831519,6782.063548345012,23435
2015-08-24,6355.3095703125,6384.692410496725,6161.6588366959595,6341.317695177357,33010
2015-08-25,6551.19677734375,6560.1915555277465,6336.121441567244,6429.2675619606935,48885
2015-08-26,6480.240234375,6521.216460409758,6341.520913144382,6381.297639803265,24001
2015-08-27,6850.52490234375,6877.768859342235,6745.086084458089,6757.079125355036,3342
2015-08-28,6918.48388671875,6903.392549438484,6845.026528008194,6861.017245550628,28182
2015-09-01,6735.09228515625,6762.0766287827855,6639.348031488012,6640.14737239622,13117
2015-09-02,6730.0966796875,6741.090303607393,6688.321103991193,6737.092622181977,4063
2015-09-03,6889.001953125,6919.434486852093,6856.02109363666,6889.001953125,15919
2015-09-04,6772.56884765625,6774.157769113328,6742.286620353567,6756.078419561167,786
2015-09-07,6774.56787109375,6846.026394776453,6761.075702286526,6846.026394776453,14114
2015-09-08,6809.046875,6821.039912208278,6782.062541281373,6804.049776163217,18946
2015-09-09,6874.51025390625,6964.757681870189,6890.001263419305,6907.99082285382,3703
2015-09-10,6784.56494140625,6857.022915664474,6769.274005486212,6820.044363284414,32229
2015-09-11,6809.546875,6817.0425235745215,6787.059929276436,6787.059929276436,2516
2015-09-14,6844.02783203125,6912.58813834542,6844.02783203125,6894.998249588726,1769
2015-09-15,6939.9736328125,6940.973052978516,6829.23807361722,6866.016540527344,3552
2015-09-16,6916.48486328125,6982.946281301364,6876.008360577271,6982.946281301364,1000
2015-09-17,6942.97119140625,6936.974671016379,6906.791989854794,6933.976410821443,10818
2015-09-18,6854.021484375,6890.000599778544,6786.060933057196,6857.019743991962,6536
2015-09-21,6901.49462890625,6918.984478447321,6816.443891538354,6836.03262062396,3411
2015-09-22,6774.06884765625,6842.229487737465,6780.065367733844,6814.045648173548,2435
2015-09-23,6879.50830078125,6901.995253169945,6830.037005526122,6830.037005526122,17001
2015-09-24,6755.080078125,6862.13807036937,6745.085877683921,6816.04470081558,2595
2015-09-25,6946.96875,6974.352761701206,6902.19492707234,6924.981508955546,24398
2015-09-28,6690.619140625,6794.259220040097,6691.118850770688,6774.070734955,11013
2015-09-29,6678.62451171875,6690.517512763274,6608.725131692719,6656.137560500842,3607
2015-09-30,6734.2333984375,6756.221100243025,6662.273647073966,6666.271411038606,13333
2015-10-01,6709.74560546875,6844.969746367347,6707.247003545212,6802.193876639653,957
2015-10-02,6716.2421875,6813.987302704085,6626.292515345983,6701.250575474331,5497
2015-10-05,6945.615234375,6960.06711220448,6902.639271344836,6916.131724854306,975
2015-10-06,6916.12939453125,6969.099749720579,6916.12939453125,6957.106461753184,1271
2015-10-07,6844.669921875,6949.361339603905,6834.175794083559,6916.129934931007,4002
2015-10-08,6863.66064453125,6920.1290575514195,6871.156451569325,6883.149742830246,693
2015-10-09,6993.0888671875,6999.085513350588,6926.126318366354,6934.121846583804,2917
2015-10-12,6991.5888671875,6997.085792177784,6958.607317245796,6968.1020058653785,2314
2015-10-13,7040.56103515625,7061.049572486182,6961.355348161271,6981.094304857181,1629
2015-10-14,6881.15087890625,6961.6058746581675,6879.151997024214,6929.124044075095,1489
2015-10-15,6932.12109375,6948.362006058742,6903.837115517124,6913.131719358239,1735
2015-10-16,7015.5751953125,7025.069883588797,6991.788697781492,6993.087775710743,1736
2015-10-19,7041.56005859375,7038.311876038866,7001.332566952504,7007.079351472682,2312
2015-10-20,7049.05615234375,7056.601735383792,7033.125124123458,7051.055033997612,3982
2015-10-21,7039.0615234375,7070.593685335519,7023.030454035359,7046.057609006726,4197
2015-10-22,7117.01953125,7131.011705584714,6984.493553878116,7131.011705584714,229
2015-10-23,7363.380859375,7372.725729427978,7277.37916479897,7285.924189323889,4143
2015-10-26,7378.87158203125,7388.066632788468,7357.883324788577,7357.883324788577,1333
2015-10-27,7400.35986328125,7406.856228884779,7364.08035519099,7375.873562160257,1341
2015-10-28,7442.33544921875,7454.37851489819,7414.85082894701,7414.85082894701,1870
2015-10-29,7473.81787109375,7474.817311836073,7458.926301634768,7474.817311836073,451
2015-10-30,7394.8642578125,7490.81059768951,7394.604637385994,7490.81059768951,4654
2015-11-02,7431.3427734375,7432.841934779731,7352.636802970389,7359.882749457837,1331
2015-11-03,7479.31689453125,7486.812702202658,7444.286681883526,7450.832825379898,2212
2015-11-04,7489.8095703125,7531.986168487122,7478.815721196749,7520.792236002343,2124
2015-11-05,7543.77978515625,7593.751829308053,7496.60598027365,7579.759656945548,9885
2015-11-06,7626.73291015625,7643.173906875992,7589.903418276104,7628.731791799589,6313
2015-11-09,7503.8017578125,7640.925235004583,7510.797843628255,7635.72794748102,10064
2015-11-10,7508.79833984375,7566.64585321695,7498.304211989583,7525.788832560022,1665
2015-11-11,7484.8125,7538.632487189708,7491.259088663699,7506.80019862465,6911
2015-11-12,7455.33056640625,7488.811841823451,7424.3478936321235,7488.811841823451,3462
2015-11-13,7314.908203125,7396.342630986911,7303.91435284021,7378.8724229637755,110211
2015-11-16,7243.94677734375,7302.913783395527,7243.94677734375,7266.9339152961375,2784
2015-11-17,7390.3662109375,7393.86425431275,7355.735679124188,7390.865931419678,6555
2015-11-18,7431.841796875,7411.053623415693,7335.89547997075,7335.89547997075,13829
2015-11-19,7467.3232421875,7506.601077288404,7457.978371472753,7478.816813396114,2764
2015-11-20,7567.76708984375,7532.786655593283,7475.818519813953,7475.818519813953,4251
2015-11-23,7604.24560546875,7606.744207560315,7567.766014931902,7567.766014931902,17308
2015-11-24,7567.76708984375,7577.611681084468,7529.788332657529,7530.787773636114,3523
2015-11-25,7579.76025390625,7614.8905061100795,7582.258856310623,7610.742923720476,2688
2015-11-26,7618.73828125,7644.873564214355,7603.596848619339,7635.728777220254,24061
2015-11-27,7637.72802734375,7650.22103968892,7596.750946851589,7639.726909318977,10093
2015-11-30,7596.74951171875,7675.205614424963,7596.74951171875,7655.71651884826,15486
2015-12-01,7646.72119140625,7664.711124937202,7603.74523908231,7605.7441205857485,109141
2015-12-02,7754.16162109375,7750.6635782151225,7682.701602287511,7695.694332979554,26726
2015-12-03,7615.740234375,7752.663648037647,7600.748619740403,7745.667561208169,8062
2015-12-04,7590.2529296875,7605.744261626423,7489.709090598396,7493.806895358071,1908
2015-12-07,7605.2451171875,7692.89627457981,7617.7381277617615,7640.725267218403,1550
2015-12-08,7666.21240234375,7680.7042972442105,7616.190574114796,7652.719948470907,16217
2015-12-09,7539.28271484375,7673.907604378529,7566.217843322731,7659.715347857426,22664
2015-12-10,7505.7998046875,7523.7897376414785,7477.815464536868,7493.806516051515,37581
2015-12-11,7351.88720703125,7517.194633089602,7351.88720703125,7403.858133453983,32184
2015-12-14,7293.41943359375,7396.411615592497,7266.934251683474,7373.874420151378,4923
2015-12-15,7527.29052734375,7519.794719210566,7429.845021612354,7432.843344865627,16201
2015-12-16,7518.2939453125,7585.756204044117,7524.7903109681365,7584.756763174019,2282
2015-12-17,7618.23828125,7703.590436743626,7611.222186592329,7669.709487741882,8025
2015-12-18,7505.7998046875,7536.862500336008,7484.251804210534,7495.805397490846,68414
2015-12-21,7476.8173828125,7501.763388668913,7436.202895989856,7481.814587319125,29195
2015-12-22,7550.775390625,7574.3422832279475,7510.7977578486925,7510.7977578486925,47441
2015-12-23,7593.2509765625,7613.739511609493,7593.7506969295,7602.7456635354965,28815
2015-12-24,7583.2587890625,7584.757950602348,7583.758509575783,7584.757950602348,660
2015-12-29,7748.31494140625,7751.8130519892775,7585.902664337109,7585.902664337109,1924
2015-12-30,7702.33935546875,7760.807772038519,7738.859667013739,7750.813170915481,8822
2015-12-31,7667.3603515625,7691.8871484775245,7654.867096736908,7683.851447932282,2308
2016-01-04,7429.48681640625,7521.577208686309,7407.99842378464,7488.9546936614015,3202
2016-01-05,7498.451171875,7531.873066953324,7471.965472967345,7521.938489774242,32820
2016-01-06,7474.96240234375,7473.962942201706,7367.920123527356,7414.994793821136,12372
2016-01-07,7357.52587890625,7394.006174305297,7239.929241736444,7253.082293448707,10368
2016-01-08,7247.08544921875,7300.056836449283,7244.287156043818,7289.062774948607,29395
2016-01-11,7163.6318359375,7232.89424083232,7178.124010561998,7189.118074070238,2021
2016-01-12,7330.5400390625,7368.619566141556,7236.590790487699,7282.066224638268,1973
2016-01-13,7310.0537109375,7401.803984784807,7332.041840776251,7386.012704925913,4804
2016-01-14,7176.1240234375,7202.109987867775,7026.204997878221,7149.138598836829,38346
2016-01-15,7091.169921875,7186.118638235553,7051.5912014517,7148.139151691332,7962
2016-01-18,7097.1669921875,7141.343328931637,7086.172929814023,7135.146480386786,67294
2016-01-19,7197.1123046875,7255.080991490982,7174.124721989568,7202.109605274007,46807
2016-01-20,6976.73193359375,7051.191718573728,6926.60617400739,7048.193337970507,1255
2016-01-21,7177.123046875,7259.078775860343,7079.175956136419,7092.168937560924,70089
2016-01-22,7240.58935546875,7237.091244799395,7196.113376958382,7216.102580783267,42574
2016-01-25,7293.06005859375,7299.306683969413,7265.574906940834,7271.0719372714175,16153
2016-01-26,7214.10400390625,7234.343073742645,7161.632341367447,7168.128832919871,47788
2016-01-27,7184.62060546875,7208.60765346642,7160.133827304462,7177.124652969478,5069
2016-01-28,7088.17236328125,7181.122170075548,7030.203666570828,7180.122709787437,43686
2016-01-29,7289.56103515625,7297.056984667962,7146.138534498826,7158.132053717565,30145
2016-02-01,7280.56689453125,7305.053666295409,7235.841056308959,7296.0585256473505,2802
2016-02-02,7228.59423828125,7261.391458658541,7215.35139366912,7238.089108003154,50956
2016-02-03,6930.255859375,7157.63301657255,6906.2688186156975,7146.139226208717,70488
2016-02-04,6979.72900390625,7036.44835966936,6962.488318674291,7032.200654612211,7217
2016-02-05,6848.80224609375,7042.447694496619,6831.311689463813,7007.216716142033,24151
2016-02-08,6667.3984375,6812.32015439964,6671.396277966197,6811.32069428309,32525
2016-02-09,6720.86962890625,6783.585751921175,6653.156205252684,6730.364500119665,57516
2016-02-10,6773.8408203125,6782.336231153173,6699.131177919529,6744.356747394873,13100
2016-02-11,6636.91650390625,6666.150719362806,6574.450231563183,6654.407060162309,38091
2016-02-12,6806.322265625,6805.322805674101,6729.363849405745,6729.363849405745,44918
2016-02-15,6928.25830078125,6925.9133757833315,6897.275033711974,6912.266937132592,4509
2016-02-16,6963.73876953125,7019.208809245492,6904.270889116881,6934.2546943678235,31411
2016-02-17,7141.64208984375,7155.134801090393,7027.703639316539,7036.1990501014625,12725
2016-02-18,7135.14599609375,7211.104967336659,7119.154633726822,7193.114684673865,53616
2016-02-19,7131.1474609375,7157.133422252759,7091.568745330738,7125.150700633979,7736
2016-02-22,7329.5400390625,7324.043008965705,7302.0548885785265,7307.052188666522,2979
2016-02-23,7265.07666015625,7343.034560760485,7260.079358835465,7282.0674846469165,161202
2016-02-24,7217.10302734375,7288.324336057224,7212.6723142985975,7288.0647106205,1625
2016-02-25,7383.51171875,7415.994173011844,7388.089324233415,7393.00658999577,5560
2016-02-26,7503.44677734375,7528.832966539362,7476.4106005345675,7488.954605745817,2747
2016-02-29,7480.46142578125,7504.9979835974445,7405.002164956014,7405.002164956014,23268
2016-03-01,7545.4248046875,7516.940188893926,7415.8946647384455,7424.989850191859,1324
2016-03-02,7526.93603515625,7643.9729419108835,7516.941431471273,7634.877754954003,2598
2016-03-03,7437.97998046875,7567.909757069253,7460.967556328839,7567.909757069253,3623
2016-03-04,7478.46142578125,7514.2218993012975,7431.986523502756,7480.9600764413835,3588
2016-03-07,7430.986328125,7482.05884016931,7426.434587421559,7467.966354236718,17489
2016-03-08,7395.00732421875,7402.003546852826,7323.945593860507,7348.032686532808,8127
2016-03-09,7382.01171875,7407.997679308828,7353.468058009216,7391.00685894344,3587
2016-03-10,7320.546875,7455.973743941566,7409.099154066443,7425.989935319817,10148
2016-03-11,7395.50732421875,7456.9741396035,7386.012450297529,7449.977916714179,12443
2016-03-14,7485.4560546875,7471.223509307632,7415.893537509074,7445.977382658639,2976
2016-03-15,7550.42138671875,7558.077407312517,7470.404551901329,7485.95620974564,15624
2016-03-16,7616.88623046875,7623.340752287841,7590.9002651108985,7615.8867702626785,5066
2016-03-17,7454.97509765625,7588.802747146968,7421.253069629073,7580.907107617999,7821
2016-03-18,7472.46337890625,7496.670517065704,7437.14261541556,7440.980386003749,4487
2016-03-21,7523.93701171875,7528.214487002931,7478.681664824518,7483.95860039187,5574
2016-03-22,7657.36328125,7650.407078245138,7565.912685383084,7565.912685383084,1985
2016-03-23,7685.849609375,7697.123306688004,7658.864181617767,7691.84637109883,20294
2016-03-24,7605.89208984375,7652.607093642732,7600.894788864878,7644.871037478955,12053
2016-03-29,7595.896484375,7599.894324629934,7528.093269816951,7599.894324629934,3308
2016-03-30,7649.8662109375,7674.473031238255,7610.8872741428095,7610.8872741428095,11410
2016-03-31,7640.52978515625,7673.01290609517,7622.039393237172,7622.039393237172,9357
2016-04-01,7784.95361328125,7775.958288782658,7606.046603809258,7609.045045308789,65078
2016-04-04,7734.48046875,7840.225318908691,7729.772954260155,7809.941252544098,19241
2016-04-05,7769.96044921875,7779.795179957622,7702.99526397336,7732.979675277266,8625
2016-04-06,7833.42822265625,7829.9549304001785,7775.798022300075,7798.946146269437,6262
2016-04-07,7795.94921875,7901.354411067962,7800.946622095353,7850.920655548878,7055
2016-04-08,7776.45849609375,7850.919797804307,7786.953041972419,7850.919797804307,2222
2016-04-11,7724.9853515625,7772.960419084172,7711.992104108714,7772.960419084172,11922
2016-04-12,7705.49365234375,7708.991833520636,7624.036004939117,7661.016777380484,21479
2016-04-13,7840.9248046875,7844.922726831381,7779.956491993307,7779.956491993307,37234
2016-04-14,7885.90087890625,7893.896722636447,7857.665555733995,7887.899839838799,3798
2016-04-15,7860.41455078125,7864.91221312196,7840.9246806381725,7840.9246806381725,2101
2016-04-18,7813.439453125,7835.722794625795,7812.190102396966,7816.9376351634955,5356
2016-04-19,7726.98388671875,7841.874367504529,7712.991159463018,7828.930899581938,12237
2016-04-20,7759.4658203125,7760.9650408612815,7697.397991987422,7709.991542202695,9660
2016-04-21,7779.9560546875,7754.969042692743,7711.899632877093,7754.969042692743,1610
2016-04-22,7567.56689453125,7686.255208435442,7542.229965283866,7666.015727538095,5735
2016-04-25,7533.0869140625,7576.064589172583,7517.095220998283,7576.064589172583,15930
2016-04-26,7479.11328125,7539.481811492596,7472.067138276794,7538.082636267205,12943
2016-04-27,7410.64892578125,7418.394900449104,7371.019617505433,7418.145030298529,11477
2016-04-28,7461.123046875,7470.118372718519,7391.409271587721,7412.148495060281,14048
2016-04-29,7220.248046875,7374.168063378149,7255.229868807533,7374.168063378149,40595
2016-05-03,7301.205078125,7299.354965532813,7219.947508400846,7226.244040361909,20481
2016-05-04,7286.7109375,7307.400374382516,7265.471981677782,7277.215874897127,2414
2016-05-05,7297.2060546875,7359.173836551714,7291.209172571608,7338.184749146093,17214
2016-05-06,7295.20654296875,7312.147928877552,7256.226812159628,7256.226812159628,16617
2016-05-09,7385.6611328125,7397.155158528359,7367.970132804012,7375.1665875936715,11265
2016-05-10,7420.14404296875,7420.14404296875,7377.166376771598,7413.147678704097,20612
2016-05-11,7425.64013671875,7462.87078415031,7449.877538066813,7461.121693331378,1068
2016-05-12,7314.69873046875,7432.937089580912,7303.954314078433,7412.148088427444,65646
2016-05-13,7446.1298828125,7446.1298828125,7338.185986524748,7338.185986524748,13161
2016-05-16,7427.63916015625,7424.140978488949,7375.166435146736,7388.159681339568,15417
2016-05-17,7378.6640625,7436.384055674314,7384.161204707078,7411.1471755418215,50490
2016-05-18,7292.70849609375,7356.1754993832665,7246.832444864785,7341.183293881806,44668
2016-05-19,7220.248046875,7263.12566815249,7208.85406533679,7248.233504421027,9129
2016-05-20,7387.65966796875,7377.075326284117,7286.212403367678,7291.209805564775,2975
2016-05-23,7412.64794921875,7418.145092577572,7374.167945706996,7388.160674256725,30402
2016-05-24,7430.1376953125,7435.135097582686,7340.184454449152,7356.176141713748,4679
2016-05-25,7451.62841796875,7495.505523441319,7442.333442596081,7491.107905931967,567893
2016-05-26,7490.1064453125,7490.1064453125,7458.123071113141,7464.119953775521,18143
2016-05-27,7556.5703125,7554.071611913894,7513.092922301766,7513.092922301766,2559
2016-05-31,7610.54443359375,7603.0483296799075,7567.067030893464,7579.060797155612,1258
2016-06-01,7696.99853515625,7696.99853515625,7654.020878097203,7654.020878097203,27000
2016-06-02,7665.51611328125,7680.008581322528,7636.431131537715,7671.01325633139,29379
2016-06-03,7594.05126953125,7706.992542689585,7574.661449444077,7706.992542689585,7462
2016-06-06,7671.513671875,7701.997831472705,7667.016008983535,7688.005102477037,3569
2016-06-07,7621.5380859375,7669.013406779678,7615.041463085412,7668.0139263408955,31912
2016-06-08,7611.04296875,7623.036733113099,7595.051282932534,7619.038811658733,28354
2016-06-09,7640.52978515625,7659.020177075327,7625.037835169996,7631.034719035642,6120
2016-06-10,7650.521484375,7658.6173719110475,7612.041495198902,7612.041495198902,9225
2016-06-13,7656.01904296875,7720.985262001775,7641.026838576513,7698.9966955598275,14747
2016-06-14,7642.02734375,7701.9961693614305,7634.431194900375,7675.010197836286,22488
2016-06-15,7638.03076171875,7682.007908213859,7660.019334966305,7674.012063396567,649
2016-06-16,7631.03466796875,7641.029474344609,7600.050768203585,7601.050248841171,1241
2016-06-17,7505.59765625,7619.038675490212,7517.091680225881,7619.038675490212,16165
2016-06-20,7422.14306640625,7445.131120611387,7396.156570348269,7423.142547023865,5865
2016-06-21,7373.6669921875,7386.160497765588,7065.327274520289,7337.185955899483,4052
2016-06-22,7406.14990234375,7408.14886318109,7366.370776891708,7381.162891877003,3757
2016-06-23,7377.6650390625,7370.168935588549,7312.399160026996,7361.173611419808,7778
2016-06-24,7784.4541015625,7763.9647507141935,7609.844657902725,7697.999035787941,16125
2016-06-27,7799.44677734375,7898.895095963049,7781.556172403693,7790.9511923360715,4484
2016-06-28,7824.931640625,7854.9160510501815,7760.165509317612,7794.947230199818,36416
2016-06-29,7900.39453125,7917.325674326175,7863.35372104798,7912.888038953286,11320
2016-06-30,8081.0263671875,8100.217125947606,7928.1015639494435,7929.101072467339,32224
2016-07-01,8188.97021484375,8195.966771844105,8092.417630630638,8130.998742555096,1521
2016-07-04,8155.9912109375,8211.164287875095,8185.976472742417,8200.969103644877,4929
2016-07-05,8260.9375,8271.932093163945,8194.969941016334,8205.964534180279,11626
2016-07-06,8384.3779296875,8406.267558561289,8248.944513764192,8289.924366552796,20201
2016-07-07,8422.8623046875,8439.85395761021,8340.902567060304,8391.877525828439,15744
2016-07-08,8532.8046875,8532.8046875,8416.461499172505,8445.847441651049,19908
2016-07-11,8595.271484375,8639.949699866078,8564.786481726771,8600.768779934517,4699
2016-07-12,8477.3291015625,8537.799349825724,8497.819020395493,8525.805250996655,4577
2016-07-13,8490.32421875,8495.42132122604,8432.852484971894,8432.852484971894,21357
2016-07-14,8431.85546875,8509.217833256258,8373.883963630571,8500.821569667942,10760
2016-07-15,8486.826171875,8485.826663434078,8358.88909143689,8424.85664853779,2983
2016-07-18,8506.8173828125,8506.8173828125,8477.831634474871,8499.820822868935,227623
2016-07-19,8581.779296875,8589.17604961835,8530.604270538082,8532.803384279277,11904
2016-07-20,8654.74609375,8641.75248025898,8595.374884750237,8597.774096135523,304
2016-07-21,8628.259765625,8650.748713754343,8607.17052025683,8626.760502416377,25564
2016-07-22,8713.216796875,8705.121167112526,8621.761753925295,8621.761753925295,8884
2016-07-25,8689.2294921875,8707.034218236302,8673.737106252156,8680.733667642313,3397
2016-07-26,8685.73046875,8725.710816132048,8681.332240104895,8697.724572964615,6156
2016-07-27,8769.685546875,8792.27404330775,8766.687022069822,8785.67767916928,2222
2016-07-28,8759.6904296875,8780.480006371716,8740.100458137089,8749.695347042945,3360
2016-07-29,8727.7099609375,8794.07772899384,8716.7153652469,8745.701117522116,2493
2016-08-01,8831.6591796875,8831.6591796875,8766.491014969408,8787.680795361306,21542
2016-08-02,8652.74609375,8807.070614583306,8668.73823161531,8805.67091208704,9234
2016-08-03,8665.736328125,8701.318430573443,8625.755999044839,8663.737311670993,79330
2016-08-04,8832.6591796875,8820.26488025493,8693.727457838846,8707.720580902738,3607
2016-08-05,8986.08203125,9003.573431677882,8843.251862465848,8863.642228254825,1546
2016-08-08,8969.091796875,9010.771507100155,8959.596463719563,8985.583691302863,2255
2016-08-09,9057.0458984375,9062.943388776774,9019.364234328315,9029.559415823469,7212
2016-08-10,8994.57421875,9016.563398971413,8982.58012044741,8998.57225151753,4384
2016-08-11,9068.0419921875,9080.335753047457,9014.568280797914,9014.568280797914,2518
2016-08-12,9094.5283203125,9095.527828865123,9023.563213076299,9078.536183470538,4187
2016-08-15,9201.4716796875,9201.4716796875,9114.11428026,9134.50463617902,6212
2016-08-16,9064.54296875,9149.101000982788,9072.539037087192,9148.501686290523,3615
2016-08-17,9000.57421875,9054.547678806914,8993.577659112992,9037.55603397418,9376
2016-08-18,8961.59765625,9021.284155843303,8934.410816347921,8966.595201228949,2899
2016-08-19,9028.0634765625,9025.16451053213,8946.004192329066,8946.603507191912,1127
2016-08-22,8941.6025390625,9012.167444768325,8973.58680926706,9005.571079471621,789
2016-08-23,8965.5947265625,8987.583922101448,8961.596691009963,8972.591288779438,456
2016-08-24,8909.1181640625,8951.797368153779,8892.626275387229,8916.614477096715,1229
2016-08-25,8894.6240234375,8907.217437105643,8855.443104351085,8856.642709481928,2043
2016-08-26,8939.603515625,8940.60302406816,8850.847361088865,8880.632517478547,3015
2016-08-30,8936.1044921875,8983.581139285414,8931.606704567697,8960.592447006424,6980
2016-08-31,8909.6181640625,8930.407744234444,8895.625046012594,8929.608332705226,5406
2016-09-01,8781.681640625,8911.6177450276,8785.679674606617,8911.6177450276,10778
2016-09-02,8848.6484375,8861.042732894588,8811.666624308144,8819.662692025302,46765
2016-09-05,8816.1650390625,8851.048277391139,8806.469611049786,8808.668725044818,7143
2016-09-06,8784.181640625,8827.66026625704,8767.689748143881,8825.661248986602,4285
2016-09-07,8858.1455078125,8872.63838339651,8831.658528296897,8831.658528296897,2212
2016-09-08,8854.6474609375,8866.04225040599,8852.24824965486,8852.648443562866,5542
2016-09-09,8778.681640625,8830.056759092568,8776.282430206007,8804.66885714057,21580
2016-09-12,8704.720703125,8705.720211760105,8557.193619016638,8616.763943235805,1261
2016-09-13,8761.1884765625,8800.66904753098,8710.114001767783,8725.705938097157,4048
2016-09-14,8849.6484375,8848.64892897984,8783.280681328335,8808.668588173425,2146
2016-09-15,8914.6142578125,8910.61622473354,8785.677691016019,8796.672281983161,1355
2016-09-16,9000.07421875,9022.563159826337,8927.010538397217,8928.609361551862,12838
2016-09-19,9053.0458984375,9086.529424531638,9040.552045417298,9071.536800907397,521
2016-09-20,9089.0302734375,9105.322066284678,9071.538875209628,9090.529536142747,2690
2016-09-21,9102.02734375,9117.519730927084,9092.93220364692,9115.520713226815,5834
2016-09-22,9133.5087890625,9143.103680351418,9122.51419542279,9140.505348651408,2478
2016-09-23,9226.9638671875,9235.459690495856,9191.481311017305,9191.481311017305,7278
2016-09-26,9106.021484375,9184.931893475721,9106.021484375,9159.495184985732,15871
2016-09-27,9153.0,9150.501228501229,9101.525307125306,9126.513022113022,2854
2016-09-28,9158.4970703125,9190.481344704074,9161.49559603671,9190.481344704074,8236
2016-09-29,9140.1875,9177.669815189458,9134.690093772213,9165.675474328831,7476
2016-09-30,9165.6748046875,9174.670559675744,9105.70310476588,9163.675748023446,3308
2016-10-03,9277.123046875,9285.619038460243,9254.63365738465,9260.63082791541,21910
2016-10-04,9364.0791015625,9381.570843493155,9340.590190969906,9348.586415852491,5880
2016-10-05,9372.0771484375,9384.571252245474,9349.587761583147,9359.583044629526,3798
2016-10-06,9409.0595703125,9439.144981440402,9370.577731096795,9391.567825214452,2910
2016-10-07,9579.4794921875,9671.436098331204,9557.489868979223,9557.489868979223,11554
2016-10-10,9682.9306640625,9706.419579737903,9604.467690423387,9642.449766834678,12765
2016-10-11,9677.9326171875,9774.38709666683,9667.437570197522,9730.407852137394,3361
2016-10-12,9671.935546875,9688.427763743024,9600.86947553898,9635.45276410634,1916
2016-10-13,9593.4716796875,9678.521378191841,9569.483002847273,9628.455166746164,40192
2016-10-14,9686.4296875,9708.019110416975,9630.456097313228,9643.44996646373,566
2016-10-17,9641.451171875,9687.429479350249,9617.462489714,9617.462489714,10919
2016-10-18,9638.951171875,9665.438671854747,9634.453294519948,9665.438671854747,250
2016-10-19,9629.4560546875,9625.858143094121,9583.477750917973,9610.465016174,35750
2016-10-20,9628.4560546875,9677.432941086305,9621.459356630528,9658.441903503095,767
2016-10-21,9716.9150390625,9718.014129827612,9682.231209438427,9689.428008915484,460
2016-10-24,9828.8603515625,9819.364833858748,9745.399748587419,9745.399748587419,5389
2016-10-25,9862.845703125,9921.318109877755,9827.362447745123,9904.326128428236,16219
2016-10-26,9755.8955078125,9765.391026210555,9719.41272659892,9746.399989414444,5910
2016-10-27,9758.3935546875,9783.381759016824,9714.41431506789,9749.397801128944,3551
2016-10-28,9747.8994140625,9753.396819525442,9654.843722939608,9668.436916916335,1423
2016-10-31,9654.9453125,9712.21809894596,9671.837734182722,9704.421972054712,4492
2016-11-01,9542.4970703125,9628.056305850452,9563.48716547083,9604.467827446613,3982
2016-11-02,9446.5419921875,9494.719451615198,9442.543878975273,9479.526426188366,5289
2016-11-03,9247.6357421875,9345.589514640416,9237.64045928414,9328.597533704706,36555
2016-11-04,9173.671875,9188.831714797212,9137.688851737852,9139.687908585749,14411
2016-11-07,9409.0595703125,9420.554145662645,9316.603203365677,9341.591410648603,8978
2016-11-08,9460.5322265625,9462.531282500495,9399.561020453646,9401.56007639164,7255
2016-11-09,9416.5556640625,9474.52830269063,9174.669827027883,9267.625954483336,84686
2016-11-10,9243.6396484375,9634.45529533835,9233.618984696981,9578.481698851272,53342
2016-11-11,9197.1552734375,9224.842389385292,9090.505459385968,9213.647482535116,8708
2016-11-14,9237.140625,9355.184524751603,9215.650766920955,9351.586613374453,22005
2016-11-15,9392.0673828125,9414.556768872551,9272.62375462689,9276.62186770423,31178
2016-11-16,9432.548828125,9427.5511864867,9345.189661846785,9352.58656191222,15841
2016-11-17,9456.0361328125,9463.532593992786,9416.554770596329,9424.5509958553,890
2016-11-18,9572.982421875,9597.470865554033,9513.91068899204,9517.50860047964,1069
2016-11-21,9519.0068359375,9576.279606716962,9467.13093179016,9564.48536914852,1531
2016-11-22,9593.4716796875,9634.45233595622,9574.08044213428,9575.480172057329,4036
2016-11-23,9532.0,9663.437948933048,9564.884865877157,9623.45682378231,14144
2016-11-24,9556.990234375,9553.491885180803,9538.899161840054,9548.494243474808,1282
2016-11-25,9574.4814453125,9579.479086739222,9554.490879605615,9578.479558453877,865
2016-11-28,9595.9716796875,9633.45399185752,9496.51861139638,9496.51861139638,4767
2016-11-29,9569.4853515625,9602.469790313447,9511.312600726795,9558.490538645518,5535
2016-11-30,9505.5126953125,9614.861465234486,9514.208785427607,9573.480609432505,2006
2016-12-01,9269.6279296875,9414.559571892016,9196.662344301778,9393.569471986535,12669
2016-12-02,9192.16015625,9223.645291347251,9146.681627776192,9146.681627776192,5826
2016-12-05,9228.1455078125,9235.195891879795,9146.991419242799,9168.673570881567,25222
2016-12-06,9213.150390625,9225.644492049769,9176.667614464674,9182.664783148562,4644
2016-12-07,9297.6103515625,9327.59619445079,9289.014800375186,9325.597138258237,21489
2016-12-08,9480.525390625,9494.518786035516,9358.783045773866,9363.580586122825,13117
2016-12-09,9532.5,9522.504718464925,9439.543881723812,9455.53633217993,5785
2016-12-12,9418.5546875,9485.122878422697,9425.5513852409,9453.5381762045,891
2016-12-13,9566.9873046875,9560.490369256224,9421.555903879682,9434.549774742236,13382
2016-12-14,9531.5,9571.481124161073,9525.50283137584,9555.488674496644,20817
2016-12-15,9785.3818359375,9794.377590434276,9648.846663682722,9682.430423363285,24511
2016-12-16,9676.4345703125,9753.798459951942,9676.4345703125,9721.41334891637,5434
2016-12-19,9767.3896484375,9813.367946004848,9652.84410624303,9657.441545559059,42693
2016-12-20,9842.357421875,9856.350821276466,9784.984093888152,9787.383352797806,4831
2016-12-21,9806.373046875,9852.950679467998,9787.382007440629,9846.35418252631,5139
2016-12-22,9827.3603515625,9846.351385602338,9786.721334744314,9846.351385602338,760
2016-12-23,9856.8525390625,9871.345705600694,9855.353245972341,9855.353245972341,1197
2016-12-28,9932.8134765625,9997.08295747222,9902.327860357704,9956.302393966194,850
2016-12-29,9820.5556640625,9849.142336412386,9815.557925811068,9816.557473461355,24612
2016-12-30,9797.5673828125,9825.554720776054,9800.766130946797,9825.554720776054,932
2017-01-03,9775.5771484375,9838.548657675901,9749.588906529589,9749.588906529589,28808
2017-01-04,9813.5615234375,9826.456082112873,9795.569660795223,9795.569660795223,4982
2017-01-05,9752.0888671875,9829.5538276966,9786.46101505049,9812.561513778473,8792
2017-01-06,9925.509765625,9914.514739701346,9805.564028276058,9805.564028276058,5384
2017-01-09,10105.9296875,10120.423132974383,10062.44935107685,10084.439406279364,22882
2017-01-10,10147.40625,10149.405345005911,10087.233295097984,10140.409417479315,6306
2017-01-11,10151.904296875,10220.373301387966,10123.01698335486,10172.395020853333,13058
2017-01-12,10034.958984375,10056.049050081903,9982.482730908225,10039.456948957866,5086
2017-01-13,10171.3955078125,10200.382385733743,10110.423109426438,10144.40772492031,7918
2017-01-16,10262.35546875,10279.14767363056,10243.36406386968,10263.35501637528,1690
2017-01-17,9981.9833984375,10179.993413159194,9949.898306775998,10177.394979511402,17783
2017-01-18,10019.4638671875,10049.250186652349,10024.46160455142,10025.461152024203,9276
2017-01-19,10053.4521484375,10077.441296534786,10018.467974128958,10039.458478714083,36136
2017-01-20,10046.95703125,10116.02540972752,10043.87834522555,10091.436918619112,7228
2017-01-23,9897.521484375,9941.501583881412,9886.526459498396,9929.507011288755,2930
2017-01-24,9927.0087890625,9971.488665326235,9920.711833265068,9932.50630185914,8816
2017-01-25,9988.9833984375,10006.075279576904,9944.50351038722,9997.479556829127,17304
2017-01-26,10039.95703125,10043.455448255265,9987.480776171038,10007.471730486834,3482
2017-01-27,10084.9345703125,10084.9345703125,10037.456063737363,10044.452896285278,2281
2017-01-30,9996.4794921875,10074.444235752206,9981.30276150661,10054.45327586382,6544
2017-01-31,9922.0126953125,10081.440592849633,9922.512469285972,10028.464551661746,17688
2017-02-01,9933.5068359375,10002.475639688726,9943.502314742025,9991.480613003749,16160
2017-02-02,10067.4443359375,10077.439812839742,9888.125089862973,9909.515800882087,6629
2017-02-03,10098.9296875,10122.819266796843,10044.854550052645,10065.444841206017,25102
2017-02-06,10160.900390625,10160.900390625,10103.426407794746,10124.416905871884,13978
2017-02-07,10174.39453125,10263.688096637541,10174.39453125,10200.382767600575,22211
2017-02-08,10143.41015625,10169.398396697625,10105.565952443118,10169.398396697625,10855
2017-02-09,10203.384765625,10206.442952646545,10117.023438288874,10117.423647889522,67900
2017-02-10,10235.8701171875,10267.355875567599,10230.77281342197,10237.369439015123,7187
2017-02-13,10291.3447265625,10293.744031865557,10222.375924490549,10248.364168749544,8108
2017-02-14,10316.8291015625,10338.319371938278,10275.181941503773,10314.330232914153,12468
2017-02-15,10394.7958984375,10417.285720805387,10374.305171391203,10375.304719051997,33930
2017-02-16,10392.298828125,10419.286619637876,10370.308775781175,10419.286619637876,10875
2017-02-17,10455.7705078125,10463.667326444216,10390.300122241855,10405.29334031147,1021
2017-02-20,10496.2509765625,10527.236956971361,10465.26499615364,10526.237409216235,51294
2017-02-21,10489.7548828125,10542.231144792362,10491.254204583352,10530.236570625535,3998
2017-02-22,10518.244140625,10520.24323672699,10493.255439350114,10520.24323672699,1385
2017-02-23,10405.29296875,10531.399008233311,10379.304725024014,10515.243230667627,12143
2017-02-24,10437.7783203125,10426.283520151273,10345.320145102645,10395.297537107972,9720
2017-02-27,10489.7548828125,10568.219388820484,10495.252395972295,10568.219388820484,1998
2017-02-28,10535.23046875,10543.826186653876,10498.247211886266,10524.23544643916,22166
2017-03-01,10699.1611328125,10702.15977662775,10583.213571956161,10583.213571956161,20463
2017-03-02,10719.1484375,10764.727417505841,10699.157485546439,10745.13667503963,13490
2017-03-03,10707.1552734375,10746.137634869918,10682.166580211591,10695.160700689064,1848
2017-03-06,10695.662109375,10719.75082287838,10677.170473561398,10686.166404497746,3708
2017-03-07,10763.630859375,10785.12113782386,10736.143293917154,10736.143293917154,3394
2017-03-08,10836.095703125,10839.094345972466,10742.138227237743,10787.117869949729,29294
2017-03-09,10817.10546875,10829.100041437581,10774.124916619503,10811.10818240621,20426
2017-03-10,10864.5830078125,10870.679857931633,10828.099519171334,10846.091376583416,7123
2017-03-13,10794.1181640625,10806.112739298054,10787.720666821793,10794.1181640625,3204
2017-03-14,10824.103515625,10900.469360740817,10812.108941593464,10888.074577126523,3845
2017-03-15,10817.60546875,10849.091222713098,10801.112930959805,10805.111121939248,11184
2017-03-16,10733.14453125,10873.081226572685,10713.153574775331,10852.090722274283,23638
2017-03-17,10723.146484375,10754.132459488314,10710.152365779095,10750.13426915111,37985
2017-03-20,10749.638671875,10757.835160474951,10658.779370712598,10671.174156021898,9297
2017-03-21,10549.7255859375,10738.739654563604,10530.234406921367,10722.147554157142,33943
2017-03-22,10522.740234375,10560.223279617372,10455.270752938732,10455.270752938732,71843
2017-03-23,10521.240234375,10541.699728584326,10490.71400525247,10525.2384256098,18635
2017-03-24,10563.7216796875,10575.316044548226,10517.122640784803,10530.236825993075,37481
2017-03-27,10448.2724609375,10440.276079067464,10344.079370901914,10396.295978782258,8857
2017-03-28,10547.7255859375,10512.261170108508,10484.714068954981,10506.244362358593,767
2017-03-29,10689.6640625,10708.915119066809,10622.194585271634,10685.166097351443,4458
2017-03-30,10663.3564453125,10721.571328945718,10622.914095739949,10708.336857764605,2178
2017-03-31,10638.3701171875,10683.41399038482,10635.131292368587,10665.35837173641,5433
2017-04-03,10642.869140625,10669.817376013041,10615.381101050716,10653.364573916999,21769
2017-04-04,10677.349609375,10685.346126588536,10641.04510886159,10658.35788099285,3189
2017-04-05,10722.830078125,10737.00359288831,10659.357721102308,10693.342920138079,57838
2017-04-06,10655.861328125,10660.359370053293,10585.39200458175,10600.385477676058,8447
2017-04-07,10690.345703125,10715.79458428535,10625.833750878966,10654.361369762448,34736
2017-04-10,10701.8427734375,10738.326896281611,10694.80579672562,10699.34386091393,3942
2017-04-11,10525.41796875,10689.586735519453,10520.420144453348,10665.357049056267,8424
2017-04-12,10541.4072265625,10594.06397210636,10538.168403306632,10565.396774584262,17798
2017-04-13,10547.40625,10557.2720702911,10458.555299138554,10465.44194820887,4298
2017-04-18,10350.9951171875,10534.955094562125,10335.961620891016,10429.460967865807,5085
2017-04-19,10378.98046875,10375.481992163046,10299.974832723716,10313.508978337024,6535
2017-04-20,10354.9931640625,10359.251076503002,10313.970979213324,10327.50512776618,1562
2017-04-21,10428.4619140625,10445.454519500923,10409.929939438853,10420.465393856184,1581
2017-04-24,10529.9140625,10546.086706567883,10494.452943855744,10545.407314953249,2418
2017-04-25,10559.904296875,10585.513268958366,10524.0995667047,10526.418869836776,1281
2017-04-26,10588.3896484375,10603.482686066283,10577.908860375139,10600.384425722617,1584
2017-04-27,10556.404296875,10565.400380453437,10515.32257232182,10547.408213296563,3423
2017-04-28,10557.404296875,10606.062803027531,10561.402556407997,10582.393418956224,4767
2017-05-02,10679.849609375,10721.911372295655,10665.35592044843,10694.34329830157,1236
2017-05-03,10661.357421875,10674.031590301325,10647.68368871758,10664.35611606829,1951
2017-05-04,10670.8515625,10701.943486982529,10642.363972267107,10698.339588163319,469
2017-05-05,10616.87890625,10670.895434124177,10627.37433801723,10648.365201551687,3680
2017-05-08,10668.35546875,10678.271073808064,10641.045092857645,10643.366347910614,7810
2017-05-09,10747.3232421875,10767.314542861212,10708.240639825484,10767.314542861212,2750
2017-05-10,10735.826171875,10739.32464881756,10696.66353377916,10715.335092640007,1405
2017-05-11,10742.3251953125,10789.30475092613,10717.23650393988,10735.328240221108,15220
2017-05-12,10807.294921875,10802.976489453416,10766.992155640291,10785.304495655868,10761
2017-05-15,10805.296875,10823.289043709528,10765.993669654925,10791.302966003701,1783
2017-05-16,10838.7802734375,10862.94943652072,10798.977293070726,10838.280491066796,15222
2017-05-17,10666.8564453125,10814.192696709197,10608.381900773233,10795.300530326102,25000
2017-05-18,10606.380859375,10608.37998874252,10141.833172597644,10440.453121870876,39017
2017-05-19,10646.3662109375,10660.360120143501,10620.366784898028,10623.376217241925,19566
2017-05-22,10718.83203125,10719.101445172313,10654.360108275634,10678.349661010281,85363
2017-05-23,10747.3232421875,10789.42796695605,10742.325417019072,10770.313237962268,26841
2017-05-24,10823.2900390625,10823.2900390625,10783.307438253256,10783.307438253256,6151
2017-05-25,10920.748046875,10930.243914930952,10836.384365480697,10849.279145190723,865
2017-05-26,11090.16796875,11094.80559655422,11001.206729523434,11006.204551951892,46865
2017-05-30,11034.197265625,11071.621406116135,11011.10770619003,11064.184213534118,38449
2017-05-31,10983.2197265625,11115.162300634784,10968.226252236105,11094.17143657783,7065
2017-06-01,11012.703125,11078.494780199204,10994.111613650979,11065.180267188563,4053
2017-06-02,11131.154296875,11143.14907521215,11073.17953491211,11130.15473201357,4763
2017-06-05,11139.1513671875,11199.804653617519,11134.253108668994,11196.126567109402,2774
2017-06-06,11178.13671875,11195.129325762318,11129.15802794979,11137.154548896762,5388
2017-06-07,11110.1630859375,11147.606745425443,11084.17440035636,11124.156993558114,13395
2017-06-08,11119.6591796875,11184.13111254649,11110.163313607494,11121.15852696329,5293
2017-06-09,11294.58203125,11385.50240298042,11319.391541013487,11330.066580310522,3494
2017-06-12,11044.693359375,11032.198796997318,10920.448602456561,10981.22098249638,57896
2017-06-13,11018.201171875,11091.16939155629,11010.204654649653,11055.185064042229,21868
2017-06-14,11045.193359375,11096.642649391313,11009.988953044944,11025.202059177036,8187
2017-06-15,10899.755859375,10943.91632594325,10827.407466345845,10918.247810716046,8419
2017-06-16,10869.2666015625,10974.900287217026,10838.600268778784,10955.229166187695,8112
2017-06-19,11082.6708984375,11084.17024512049,10934.555749811045,10945.230785830045,937
2017-06-20,11168.1416015625,11204.627682403241,11151.148993737694,11175.138557725655,2195
2017-06-21,11149.1455078125,11117.15943499109,11033.6557545862,11103.165528131723,62
2017-06-22,11193.1259765625,11213.657075400692,11192.805803481202,11202.122059237001,6427
2017-06-23,11140.1513671875,11142.332058689635,11106.166158889217,11106.166158889217,1327
2017-06-26,11129.15625,11240.107960414047,11129.15625,11203.124056942697,4277
2017-06-27,11025.1982421875,11084.172557354234,11025.1982421875,11084.172557354234,4107
2017-06-28,10827.2890625,10880.266012307284,10743.075703608232,10820.292106865076,6285
2017-06-29,10645.1015625,10854.515035183576,10731.565836424244,10852.51586122001,4936
2017-06-30,10647.599609375,10687.182859967626,10634.60497973532,10634.60497973532,664
2017-07-03,10632.60546875,10725.567047070368,10600.618689112884,10685.583572523972,8483
2017-07-04,10562.634765625,10610.61493679468,10528.648811046478,10528.648811046478,2107
2017-07-05,10667.58984375,10681.584058312641,10555.636127248876,10564.632408039144,9533
2017-07-06,10580.1298828125,10609.61770288364,10539.41818313404,10609.61770288364,16579
2017-07-07,10731.0634765625,10725.565749477493,10601.017631797085,10610.613274063708,3606
2017-07-10,10787.5419921875,10781.544470694438,10757.55438472219,10757.55438472219,14
2017-07-11,10818.0283203125,10887.499604051167,10787.540922412798,10812.53059282239,3628
2017-07-12,10948.9716796875,10955.468992502396,10880.49999848436,10919.483875373739,35099
2017-07-13,10949.4716796875,10993.453490341713,10940.475400235502,10970.46299840883,27421
2017-07-14,10871.5029296875,10947.471504775423,10859.507891515723,10947.471504775423,222
2017-07-17,10945.47265625,10958.307191288917,10924.518432858958,10938.475550442352,501
2017-07-18,10992.9580078125,11000.454910295664,10959.311753282593,11000.454910295664,22690
2017-07-19,11079.916015625,11097.408778516734,11058.14474939875,11066.42159853709,12883
2017-07-20,11138.3955078125,11207.366995745648,11129.399226777741,11129.399226777741,4433
2017-07-21,11145.390625,11158.425273351284,11112.76056505554,11140.392691984305,6910
2017-07-24,11105.908203125,11118.403037069384,11085.416675456212,11085.416675456212,2823
2017-07-25,11125.4033203125,11140.23703522078,11090.41777528007,11136.39877732269,3043
2017-07-26,11128.400390625,11157.388409247844,11125.40163007781,11143.394193360955,7050
2017-07-27,11217.3583984375,11217.3583984375,11127.39562390004,11147.387351575031,9117
2017-07-28,10995.95703125,11027.60411253973,11006.452694976933,11010.451043063384,640
2017-07-31,10921.9873046875,11060.43010354342,10961.153739271887,11049.434646594575,6851
2017-08-01,10900.494140625,10940.996929526558,10887.499512121734,10928.482571247421,6932
2017-08-02,10865.0068359375,10988.455784301112,10851.51241648075,10973.461984904723,15100
2017-08-03,10969.4658203125,11053.431113633646,10969.4658203125,11001.452598720556,6886
2017-08-04,11083.9140625,11088.41220140799,10980.456867616223,10984.455213312216,13894
2017-08-07,11136.8955078125,11134.396540997483,11074.860608947485,11089.415138327144,11407
2017-08-08,11219.857421875,11177.37500034801,11124.356899235985,11142.38947673755,5509
2017-08-09,11091.9111328125,11117.400587495213,11059.504617932113,11089.412166667136,13377
2017-08-10,11024.4404296875,11145.43042880361,11022.441256520451,11097.41025028476,1793
2017-08-11,10974.4638671875,10988.618172963923,10874.505183635378,10899.494854523407,4159
2017-08-14,11126.4013671875,11125.441802845802,11039.597400227985,11054.431113082972,1425
2017-08-15,11256.3466796875,11275.498918492844,11196.371473153333,11196.371473153333,3318
2017-08-16,11284.3388671875,11298.33308670567,11254.071096219313,11298.33308670567,6723
2017-08-17,11141.89453125,11247.35094115866,11133.317998209257,11247.35094115866,17116
2017-08-18,11094.41015625,11090.441095156437,10985.455231749482,11010.44489333217,4664
2017-08-21,10960.966796875,11023.280868961647,10940.47527169731,11010.44633327966,2323
2017-08-22,11175.8837890625,11175.383995502772,11069.427760840583,11075.42528355731,5806
2017-08-23,11220.3564453125,11231.511984832356,11192.408050843389,11206.362236828369,2816
2017-08-24,11120.9033203125,11204.40884346105,11134.397742569856,11184.37708426377,4607
2017-08-25,11076.919921875,11193.831542266671,11162.384583998386,11190.37301136043,1270
2017-08-29,11066.927734375,11069.79080931729,10923.024296992657,10925.486170502529,60367
2017-08-30,11194.37109375,11185.455834923945,11126.399200333177,11175.378947060004,90861
2017-08-31,11357.3056640625,11372.299466646635,11267.342848557693,11267.342848557693,7386
2017-09-01,11307.32421875,11380.093931856722,11308.323805403,11357.303551400062,6602
2017-09-04,11294.330078125,11293.330491428998,11271.539696687934,11282.335037772978,2261
2017-09-05,11184.37890625,11350.310347704777,11201.371885194165,11350.310347704777,13413
2017-09-06,11090.4111328125,11184.412277125151,11114.401206466173,11171.377631393645,3638
2017-09-07,11156.8896484375,11179.380354623034,11145.394398609338,11153.391094141973,5945
2017-09-08,11031.439453125,11104.569376471596,11021.443585552397,11097.412179104182,2641
2017-09-11,11094.91015625,11118.400438575498,11044.87031031542,11054.426903731586,3367
2017-09-12,11043.9365234375,11125.683018320344,11038.43879515955,11121.404512808582,572
2017-09-13,11108.408203125,11098.412335039762,11014.447043123762,11019.444977166382,2456
2017-09-14,10955.4677734375,11135.433361565023,10939.75454736426,11107.404917740649,11903
2017-09-15,10820.5283203125,10880.50353502093,10744.559715015155,10876.505187373701,16493
2017-09-18,10901.4931640625,10880.50184218048,10830.682594432583,10846.515892466732,7512
2017-09-19,10848.0146484375,10872.504522557447,10811.689823989498,10823.524774317553,9238
2017-09-20,10780.0419921875,10846.514502965048,10760.899517793296,10846.514502965048,2508
2017-09-21,10750.556640625,10837.520697132148,10734.523228401918,10830.52358913732,4701
2017-09-22,10730.064453125,10738.600963402407,10679.30516233999,10680.584906762366,4681
2017-09-25,10663.0908203125,10769.5868233613,10636.601773512568,10723.565813950083,770
2017-09-26,10726.5654296875,10748.79256868189,10643.199504153947,10669.5889848555,13027
2017-09-27,10810.0302734375,10839.357990775834,10768.547425747116,10768.547425747116,1718
2017-09-28,10779.2177734375,10865.683423495677,10762.724325738542,10862.68461482314,11483
2017-09-29,10886.1787109375,10887.718138921175,10850.692797137557,10855.690813165718,1850
2017-10-02,11047.615234375,11057.611266979393,10959.741907911892,10973.644593102494,4340
2017-10-03,11055.1123046875,11068.646971936996,11030.902186948248,11032.621231234318,1338
2017-10-04,11055.6123046875,11061.609924382628,11015.668196564946,11061.609924382628,1997
2017-10-05,11233.5390625,11238.756717085816,11100.591857008587,11100.591857008587,1711
2017-10-06,11358.4892578125,11363.39746488984,11307.48997966045,11349.492830520385,11146
2017-10-09,11313.0078125,11327.721696449586,11291.476323196213,11302.511980202122,768
2017-10-10,11202.5498046875,11280.608639687915,11200.550598868871,11275.520817067458,9410
2017-10-11,11235.5390625,11251.572735582806,11218.545809469528,11218.545809469528,2643
2017-10-12,11305.0087890625,11312.41600260285,11236.535991675279,11236.535991675279,2365
2017-10-13,11209.5458984375,11215.160854840335,11168.562183274673,11168.562183274673,25779
2017-10-16,11258.5283203125,11267.74438642361,11231.319400630793,11232.53864293275,5398
2017-10-17,11357.9892578125,11360.488265349974,11267.305545621648,11281.519627165842,2680
2017-10-18,11351.49609375,11393.479436118572,11351.49609375,11387.481815780206,516
2017-10-19,11265.52734375,11322.362200966321,11257.53051866127,11257.53051866127,1045
2017-10-20,11326.5,11400.470611596505,11320.502382843526,11400.470611596505,3321
2017-10-23,11308.5078125,11363.575781070342,11290.514959974143,11325.50106210775,8527
2017-10-24,11343.4970703125,11325.504212781161,11244.755993264302,11257.53119544055,2661
2017-10-25,11122.083984375,11319.505598262032,11184.469370551287,11319.505598262032,1530
2017-10-26,11235.5390625,11252.53231553047,11192.556128364102,11192.556128364102,9967
2017-10-27,11535.4189453125,11522.221061580929,11413.507399041442,11415.4665819297,3944
2017-10-30,11503.4296875,11623.38203043535,11502.430084642205,11549.41141895855,1426
2017-10-31,11506.4287109375,11557.448480799034,11504.619859247967,11550.411237501765,3830
2017-11-01,11546.4140625,11560.36848110278,11520.464408095126,11545.414459516493,4406
2017-11-02,11664.365234375,11661.936511913316,11499.520578161284,11512.42560667554,2725
2017-11-03,11733.8388671875,11743.427831518979,11663.406884546706,11717.345419020477,285
2017-11-06,11759.83203125,11770.158010562312,11722.496265438129,11769.328261799268,582
2017-11-07,11757.3330078125,11782.813128029646,11740.339753167644,11754.33419816929,3095
2017-11-08,11816.3076171875,11816.3076171875,11769.62888818771,11774.324289218472,2981
2017-11-09,11734.3388671875,11842.515623606168,11743.335293612638,11816.306307949862,5686
2017-11-10,11667.3642578125,11762.28650371427,11644.593031965354,11759.327718377848,6904
2017-11-13,11788.8173828125,11847.603602745152,11754.420889138417,11812.308052121534,11241
2017-11-14,11733.3388671875,11797.273429771565,11684.268516901588,11781.31980649786,2497
2017-11-15,11666.8642578125,11678.359690187503,11600.350647440935,11648.371605730974,2764
2017-11-16,11750.8330078125,11758.330030275058,11666.574479966714,11700.353056564614,49684
2017-11-17,11731.841796875,11771.49890232911,11715.308322534662,11768.327310067685,2536
2017-11-20,11669.361328125,11677.358149319534,11660.364904281148,11677.358149319534,7509
2017-11-21,11796.3154296875,11807.311063085226,11689.357904818713,11695.355523035654,8148
2017-11-22,11750.8330078125,11825.30343094057,11758.330030275058,11796.314944085349,9884
2017-11-23,11745.8349609375,11754.331586371989,11738.337938495304,11738.337938495304,409
2017-11-24,11752.3330078125,11760.329832177771,11739.338168218932,11760.329832177771,4010
2017-11-27,11734.8388671875,11781.320404503758,11738.337477523131,11781.320404503758,8873
2017-11-28,11871.28515625,11878.282377207708,11818.306197570204,11818.306197570204,5463
2017-11-29,11506.4287109375,11730.339755264666,11516.424739702106,11707.348889106072,7164
2017-11-30,11518.9248046875,11523.423018044648,11469.444457758873,11469.444457758873,3239
2017-12-01,11386.478515625,11568.40627349031,11386.478515625,11510.429295709057,19065
2017-12-04,11457.4521484375,11621.387077101237,11431.462464624958,11592.398583618016,17802
2017-12-05,11527.421875,11515.426638917794,11375.482217958725,11458.449267527316,10970
2017-12-06,11491.4365234375,11507.430172043538,11400.472646990665,11400.472646990665,7691
2017-12-07,11538.41796875,11559.409632731958,11501.432656019882,11552.412411404639,8710
2017-12-08,11627.3857421875,11632.38375875481,11526.42580752786,11526.42580752786,6493
2017-12-11,11673.361328125,11681.358150408354,11615.384366570688,11679.358944837515,42507
2017-12-12,11764.330078125,11764.330078125,11713.350314849924,11733.342378879366,6399
2017-12-13,11754.3330078125,11771.8553475405,11717.008959929486,11740.338564228065,3136
2017-12-14,11698.35546875,11732.341975281444,11700.354675016555,11700.354675016555,880
2017-12-15,11838.80078125,11833.30296351902,11669.3680348134,11671.36724126103,2069
2017-12-18,11901.775390625,11945.258129422478,11884.282334786933,11945.258129422478,3475
2017-12-19,11914.7705078125,11964.250866899434,11865.290148725564,11927.265547985968,5556
2017-12-20,11800.314453125,11820.306514883789,11802.313659300878,11820.306514883789,2523
2017-12-21,11898.275390625,11921.266261328552,11865.288489180773,11869.286901477044,8254
2017-12-22,11861.2880859375,11885.278555688257,11859.288880124936,11860.288483031218,1312
2017-12-27,11783.318359375,11791.31518215028,11757.32868535534,11789.31597645646,6672
2017-12-28,11722.52734375,11746.518190194103,11712.531157731624,11746.518190194103,1151
2017-12-29,11686.541015625,11690.53949001235,11658.551694913556,11690.53949001235,1866
2018-01-02,11697.537109375,11703.534821104298,11535.598892683944,11557.590502358038,2696
2018-01-03,11884.9638671875,11866.470925386502,11740.518997444568,11742.518234396026,1696
2018-01-04,11893.9619140625,11925.449899967696,11894.461723362583,11917.452951166377,1483
2018-01-05,11972.9345703125,11954.441621905005,11935.44886408109,11947.444290075142,8589
2018-01-08,12034.9072265625,12035.407035824785,12011.416191235101,12025.410850579083,2596
2018-01-09,12106.3828125,12115.379381347535,12065.398443305672,12085.390818522417,3919
2018-01-10,12020.9130859375,12020.413276653648,11995.42281246102,11999.42128673184,3366
2018-01-11,12056.9013671875,12113.379825691509,12054.402320351039,12113.379825691509,7160
2018-01-12,12054.90234375,12153.364790854721,11994.425409233903,12153.364790854721,2996
2018-01-15,12000.9169921875,12017.410693438684,12011.412983892798,12015.41145692339,1977
2018-01-16,12085.8876953125,12125.372626784718,12048.402000876851,12048.402000876851,4402
2018-01-17,11979.9306640625,12026.412934985685,11959.438480107117,12007.4201791246,12290
2018-01-18,11974.4345703125,12010.420850012913,11975.434189193067,12005.422755610078,36816
2018-01-19,12051.90234375,12058.399865023535,11959.437617934309,11980.429609741115,6011
2018-01-22,12031.9072265625,12056.397878085018,11995.421153886096,12038.404746354188,11683
2018-01-23,12180.353515625,12170.357328907212,12104.38249656981,12169.357710235434,10121
2018-01-24,11934.4443359375,12108.377941302533,11962.433651743368,12108.377941302533,5651
2018-01-25,11893.4619140625,11946.441699021763,11815.49166449981,11888.463821141815,12566
2018-01-26,12049.4033203125,12029.410947124657,11951.440691692073,11951.440691692073,4623
2018-01-29,12188.8486328125,12173.354545486582,12120.37476301731,12152.362556206303,6952
2018-01-30,12038.90625,12147.364864864865,11996.422460767219,12147.364864864865,10340
2018-01-31,11963.9375,12031.411768392029,11958.439596649538,12004.422061035217,15310
2018-02-01,11930.947265625,11962.435250113893,11925.449363571384,11962.435250113893,2449
2018-02-02,11844.48046875,11877.467881651406,11782.50411723827,11877.467881651406,7325
2018-02-05,11806.994140625,11859.474112887863,11670.546212741556,11685.540490530944,5316
2018-02-06,11381.15625,11612.5679290545,11175.734651530456,11337.672845944404,35609
2018-02-07,11795.9990234375,11821.48929716299,11564.587322753141,11564.587322753141,21800
2018-02-08,11370.162109375,11589.578398707086,11345.671452934745,11589.578398707086,7934
2018-02-09,11200.724609375,11345.669283034918,11155.741779618475,11159.74025337461,85692
2018-02-12,11493.115234375,11503.61123002283,11413.645553041422,11413.645553041422,7805
2018-02-13,11470.125,11525.60383894723,11421.64349209116,11489.617565035514,20874
2018-02-14,11578.5810546875,11649.55396799863,11509.60737837105,11612.568083597056,16470
2018-02-15,11708.5341796875,11739.522360304789,11675.546761611029,11738.5227415752,4471
2018-02-16,11871.96875,11900.45787637351,11846.478479034227,11876.467033111607,15687
2018-02-19,11840.982421875,11919.452483933772,11825.488333188236,11896.461255559865,3907
2018-02-20,11932.447265625,11932.447265625,11774.507526329637,11774.507526329637,140299
2018-02-21,12032.4072265625,11983.42592274082,11899.457973332226,11899.457973332226,9659
2018-02-22,11963.4375,11970.434831425468,11933.448936747995,11939.446649398396,9298
2018-02-23,11954.4384765625,11965.434280830597,11898.45983665218,11918.452208048724,6259
2018-02-26,12202.3427734375,12202.3427734375,12035.406487440607,12063.39580485326,10298
2018-02-27,12244.328125,12306.304477661442,12235.331557678179,12245.327743591313,8564
2018-02-28,12293.3076171875,12342.288920915113,12178.351496194122,12178.351496194122,13458
2018-03-01,12191.84765625,12258.322289885931,12135.369208123233,12258.322289885931,14031
2018-03-02,11965.9365234375,12045.406215899242,11851.480173917129,12045.406215899242,5167
2018-03-05,12081.3896484375,12072.393081596863,11984.426650266192,12054.39994791559,3227
2018-03-06,12134.8681640625,12229.332107511893,12133.3687363887,12229.332107511893,5914
2018-03-07,12160.359375,12165.357467632552,12082.389129932182,12099.38264488286,2895
2018-03-08,12335.7958984375,12345.292277112201,12231.335733015781,12231.335733015781,5942
2018-03-09,12457.7470703125,12460.246116866225,12339.292263665999,12353.286924366852,4592
2018-03-12,12602.1904296875,12623.182418187813,12550.210267686727,12601.190811187485,3694
2018-03-13,12415.265625,12613.19014945652,12412.26676856884,12600.195104921497,17157
2018-03-14,12352.78515625,12440.251771760572,12340.289925462775,12405.265125556343,14291
2018-03-15,12384.2763671875,12397.271410594833,12344.291618241863,12355.287424201913,3161
2018-03-16,12355.2841796875,12408.263958127907,12349.286468920662,12364.280745837757,4305
2018-03-19,11956.9384765625,12250.326550204692,11927.449726400848,12250.326550204692,23075
2018-03-20,12052.90234375,12079.39223901099,11968.434564521564,11987.427319614348,5808
2018-03-21,12023.412109375,12031.409057901355,11964.434613993131,12031.409057901355,3788
2018-03-22,11737.5205078125,11788.5010516635,11665.547975316971,11784.50257763597,9423
2018-03-23,11501.109375,11569.583234648646,11478.617961246795,11558.5874323693,16849
2018-03-26,11302.685546875,11470.621442503814,11287.69127047957,11464.623731945643,8451
2018-03-27,11670.54296875,11852.473488691114,11679.539532922912,11730.520063236081,23956
2018-03-28,11167.244140625,11342.677282699,11145.75233119713,11283.699759152754,21618
2018-03-29,11398.806640625,11354.822821262771,11195.881292203807,11299.843047059985,22580
2018-04-03,11201.3798828125,11260.858005433298,11095.918673795792,11173.889994206249,30410
2018-04-04,11186.88671875,11196.883043223906,10973.965007455769,11149.900318196542,26079
2018-04-05,11582.740234375,11577.742072540887,11485.775894793194,11528.760086566572,5436
2018-04-06,11327.8330078125,11436.792926436889,11306.840729912388,11419.799177660607,12815
2018-04-09,11351.830078125,11338.834851723483,11212.881118908783,11288.85321171765,7645
2018-04-10,11396.80859375,11396.80859375,11316.838004547299,11386.812270099663,13158
2018-04-11,11384.8134765625,11394.809800626565,11295.846192392331,11339.830018274211,11333
2018-04-12,11463.2890625,11513.770518585132,11366.824497901678,11369.823396282974,9848
2018-04-13,11407.3046875,11489.774357282127,11383.813327016605,11384.812959377601,14631
2018-04-16,11370.8203125,11418.802675137364,11340.831335851648,11418.802675137364,21547
2018-04-17,11643.71875,11642.71911755237,11445.791525369163,11464.784541874142,18500
2018-04-18,11762.177734375,11805.66175523467,11704.69885622716,11704.69885622716,11561
2018-04-19,11685.703125,11792.663795177503,11642.718930442687,11780.668205998718,7129
2018-04-20,11633.2255859375,11790.667736724625,11670.711812315387,11753.681326698443,16810
2018-04-23,11790.6650390625,11793.663936486593,11634.722373009618,11650.716492604784,6692
2018-04-24,11541.7568359375,11770.672678257757,11498.772638471251,11735.685540785229,5722
2018-04-25,11462.7890625,11416.805954723337,11327.83863750327,11394.814033612758,2909
2018-04-26,11654.21484375,11657.713557302612,11536.758031626603,11550.752885837052,3963
2018-04-27,11834.6513671875,11984.596270057516,11765.676711867292,11879.634838048505,17248
2018-04-30,11866.13671875,11928.613745406154,11872.634329522241,11928.613745406154,4915
2018-05-01,11890.626953125,11910.619600376996,11762.674010712222,11771.670701975621,11239
2018-05-02,12023.0791015625,12049.569361067086,11995.589209623779,12038.573404291597,18825
2018-05-03,11830.65234375,11977.598342442965,11826.65381317332,11943.610832541191,9094
2018-05-04,12207.0126953125,12198.515818769065,11982.595191312364,11993.591149192103,14284
2018-05-08,12332.96875,12339.466362715299,12297.481788247214,12297.481788247214,4346
2018-05-09,12298.478515625,12374.450584810362,12272.488070903692,12358.456464981864,18202
2018-05-10,12596.3681640625,12611.36265040969,12431.428814243412,12463.417051784085,13432
2018-05-11,12569.3798828125,12592.37143182671,12513.400459125725,12592.37143182671,3074
2018-05-14,12594.869140625,12620.359768275774,12556.383291034614,12580.37447000005,1883
2018-05-15,12450.9208984375,12574.375495278819,12450.421082255956,12557.38174510633,20435
2018-05-16,12541.390625,12574.37850086681,12511.401646939263,12511.401646939263,6459
2018-05-17,12580.8740234375,12599.367223503734,12511.399569134619,12517.397363750695,6013
2018-05-18,12515.3994140625,12565.381041115465,12485.41043783072,12543.389125212161,9416
2018-05-21,12576.3779296875,12664.345599810105,12580.376460147618,12592.372051527973,19780
2018-05-22,12610.36328125,12653.347476342647,12595.368794589775,12614.361811026061,9085
2018-05-23,12614.8623046875,12617.361385931743,12519.397401157436,12519.397401157436,57733
2018-05-24,12666.84375,12760.309392633073,12625.358999526496,12739.31710926094,21758
2018-05-25,12836.2802734375,12832.2817436428,12764.306737132889,12798.294240387844,8755
2018-05-29,12829.2822265625,12829.2822265625,12770.303914939686,12802.29215175206,10068
2018-05-30,12858.2734375,12859.273070045867,12819.287768211148,12819.287768211148,2578
2018-05-31,12882.2666015625,12890.26366316043,12800.296720183736,12847.279457071565,17139
2018-06-01,12958.23828125,12968.234607934603,12866.27207575166,12889.263627126245,7332
2018-06-04,13110.1787109375,13099.18275471788,13020.21179641334,13020.21179641334,2361
2018-06-05,13108.1796875,13175.155058434379,13108.1796875,13133.170497550142,12856
2018-06-06,13114.177734375,13139.168544906242,13032.207875832524,13139.168544906242,9566
2018-06-07,13037.20703125,13201.146760825603,13037.20703125,13152.164768452403,12601
2018-06-08,13045.205078125,13050.203240990182,12942.242923102252,13032.209854675528,2670
2018-06-11,13119.67578125,13122.174862316184,13064.196181580726,13064.196181580726,4054
2018-06-12,13149.6630859375,13195.146355572238,13108.178345501421,13159.159592784314,9006
2018-06-13,13294.111328125,13293.111695721953,13236.13264874826,13236.13264874826,3414
2018-06-14,13339.0947265625,13377.080757708287,13107.180010093489,13137.168982050687,8893
2018-06-15,13340.5947265625,13495.037938525627,13342.094175222337,13495.037938525627,36201
2018-06-18,13392.5771484375,13380.081741506694,13308.108197585254,13351.092397427225,4609
2018-06-19,13365.0869140625,13375.083239353497,13258.126233448835,13258.126233448835,8991
2018-06-20,13517.0302734375,13539.022187800436,13481.043504479967,13486.04166683518,6392
2018-06-21,13413.06640625,13629.986618662897,13397.072289205731,13629.986618662897,11144
2018-06-22,13302.607421875,13369.082972771463,13272.118635373614,13329.097678999155,80528
2018-06-25,12984.2255859375,13244.130016790048,12987.224483216569,13244.130016790048,21257
2018-06-26,13055.203125,13080.193942620597,12995.225162710567,13043.207532542114,15253
2018-06-27,13211.142578125,13247.129346648948,12989.22417222732,13049.202119767233,25195
2018-06-28,13087.4033203125,13121.391382708667,12983.439835335987,13070.409289114416,25216
2018-06-29,13133.888671875,13206.363225949737,13123.392357146935,13206.363225949737,16977
2018-07-02,13108.8955078125,13140.38444734017,12985.438871886558,12985.438871886558,17587
2018-07-03,13137.8876953125,13241.35137242605,13135.388572676906,13224.357338504018,5513
2018-07-04,12980.939453125,13042.41785413899,12974.44173594466,12994.434711884169,4059
2018-07-05,13065.9130859375,13061.414665151247,12990.439581634811,12990.439581634811,4405
2018-07-06,13227.8544921875,13217.358178401899,13105.397498022152,13117.393285205697,2210
2018-07-09,13382.3037109375,13363.310376321244,13271.342650810953,13277.34054595293,4950
2018-07-10,13420.2841796875,13470.266616110917,13405.289448760475,13447.274695356145,4730
2018-07-11,13381.8037109375,13402.296519070636,13286.337214512405,13286.337214512405,13454
2018-07-12,13561.73828125,13560.238807736427,13439.281277641618,13439.281277641618,5654
2018-07-13,13669.2021484375,13769.167061033942,13657.206358925927,13741.176885506939,4578
2018-07-16,13616.2158203125,13663.119262242035,13592.224249966159,13658.201068418595,7534
2018-07-17,13665.703125,13674.200142414324,13454.277338749498,13454.277338749498,8589
2018-07-18,13853.1357421875,13884.124860964223,13822.14662341078,13884.124860964223,7588
2018-07-19,13896.1201171875,13901.118361960245,13840.139775732749,13883.124680778361,6284
2018-07-20,13803.6533203125,13879.12682038011,13758.16929047043,13868.13068129741,8192
2018-07-23,13708.18359375,13711.182540062351,13645.20572119066,13645.20572119066,6711
2018-07-24,13845.13671875,13901.117054941336,13824.144092678249,13877.125482287907,18241
2018-07-25,13833.640625,13835.140098276548,13747.170999385771,13754.168541342993,10207
2018-07-26,13796.158203125,13812.152589854222,13716.186269478887,13716.186269478887,5929
2018-07-27,13732.677734375,13923.110863284805,13732.177909889671,13892.121745194494,9439
2018-07-30,13420.2841796875,13583.226922427839,13391.294366561919,13559.235352944599,11125
2018-07-31,13492.263671875,13505.259109952674,13385.301220004909,13418.289639740544,12953
2018-08-01,13564.23828125,13597.226700682622,13508.257933121913,13543.245650701967,13543
2018-08-02,13716.6806640625,13709.183298251148,13485.26197268543,13539.243006527166,9414
2018-08-03,13861.130859375,13910.11365269026,13847.13577557064,13872.126996649853,11553
2018-08-06,13983.08984375,14012.079663986542,13948.102129671415,13955.099672487131,5007
2018-08-07,14068.05859375,14124.038930654,14069.058242623285,14085.052624595857,13730
2018-08-08,14201.015625,14201.015625,14117.045097582008,14117.045097582008,3575
2018-08-09,14230.5029296875,14233.00205211553,14162.026975159482,14189.017497382205,5588
2018-08-10,14218.005859375,14290.980226789356,14218.005859375,14242.997081092244,4525
2018-08-13,14232.001953125,14298.978432078387,14186.018101903272,14186.018101903272,6539
2018-08-14,14291.4814453125,14296.979514626613,14175.022340749922,14242.998470451685,5072
2018-08-15,14147.02734375,14341.958825662892,14125.035073995725,14321.965853159007,9513
2018-08-16,14268.48828125,14284.98248776141,14203.011279644095,14241.997585943795,5980
2018-08-17,14119.544921875,14213.012120727726,14096.05316601362,14203.015628871819,6165
2018-08-20,14118.044921875,14241.001767119682,14100.051237205047,14231.005275636375,4665
2018-08-21,14106.048828125,14127.041459787577,14083.056898208844,14083.056898208844,4211
2018-08-22,14084.052734375,14093.0495740804,13966.09416934865,14034.070291567225,6523
2018-08-23,14157.025390625,14223.00220716089,14081.05208673519,14134.033469710977,10824
2018-08-24,14248.49609375,14250.995216087276,14167.024705554777,14200.013120406831,5856
2018-08-28,14401.443359375,14401.94318387642,14352.960382737394,14398.944236867907,10251
2018-08-29,14400.943359375,14440.929319001198,14341.964068926358,14434.931425057268,6486
2018-08-30,14427.9326171875,14440.928052926669,14372.95192752178,14390.945607776017,7151
2018-08-31,14437.9306640625,14462.921889334366,14384.949266486145,14386.948564507893,3179
2018-09-03,14584.3759765625,14593.872640038106,14519.898629807074,14519.898629807074,11391
2018-09-04,14574.376953125,14649.850423405938,14508.899968973987,14641.853234501998,6410
2018-09-05,14261.9892578125,14538.89197207717,14194.01314023128,14517.89934753003,18684
2018-09-06,14081.552734375,14271.985829600813,14039.067660636956,14252.992502517924,7912
2018-09-07,14147.52734375,14159.023303082495,13993.081629239534,14105.042276651651,30315
2018-09-10,14012.080078125,14148.032342562827,13995.086045070273,14131.038309508098,3842
2018-09-11,14086.0517578125,14084.052460139117,13968.093195082965,14005.08020204053,26809
2018-09-12,14062.5615234375,14178.020976500022,13988.087677089812,14152.030103949151,9677
2018-09-13,14132.0380859375,14122.04159581517,14058.06405903226,14059.063708044492,8942
2018-09-14,14162.025390625,14185.017314390396,14155.027848609445,14178.01977237484,4105
2018-09-17,13928.6083984375,14094.050296735946,13916.112786783538,14087.052754209728,6811
2018-09-18,14018.578125,14022.076896593218,13864.132350385067,13864.132350385067,10480
2018-09-19,13920.111328125,14006.081135968358,13878.126073131732,13971.093423473967,18718
2018-09-20,13999.0849609375,13991.087768729023,13892.12251514913,13937.106721321808,6438
2018-09-21,14183.01953125,14229.003383691324,14054.064814621071,14054.064814621071,8818
2018-09-24,14047.0673828125,14024.07545641023,13945.103187463306,14012.07966872209,5927
2018-09-25,14070.05859375,14101.047710368563,14041.068774977799,14085.053327597692,5687
2018-09-26,14148.02734375,14153.025587000107,14101.043857199003,14127.034722099555,3988
2018-09-27,14265.666015625,14273.163475077521,14108.21936712208,14115.21699594443,5599
2018-09-28,14325.1494140625,14336.145690653895,14246.17615490612,14272.167354122144,8915
2018-10-01,14425.1123046875,14430.11061109938,14322.147192602759,14412.11670801661,12619
2018-10-02,14462.1005859375,14461.100924598872,14347.13953199523,14347.13953199523,4083
2018-10-03,14418.615234375,14441.107614364146,14371.131321064582,14375.129966395987,5515
2018-10-04,14125.716796875,14357.13843365194,14119.218997138283,14357.13843365194,19282
2018-10-05,13836.310546875,14054.236686548344,13839.309530448487,14054.236686548344,18469
2018-10-08,13761.33984375,13879.299897619134,13754.34221343573,13837.31411573351,10914
2018-10-09,13831.814453125,13879.298367881149,13730.348824751338,13774.33392473598,17419
2018-10-10,13370.970703125,13710.35573947586,13341.480692602614,13707.35675535494,18560
2018-10-11,13011.091796875,13141.54759799614,12857.643785594579,12970.60551376844,41281
2018-10-12,13245.5107421875,13272.501594265921,13136.547672685732,13172.535475456958,46822
2018-10-15,13281.001953125,13294.49738245526,13131.552569060254,13245.513972293571,45717
2018-10-16,13350.4775390625,13350.4775390625,13144.547297726156,13205.52664103449,17456
2018-10-17,13517.4208984375,13656.373827359466,13447.444603296943,13645.377552408807,28405
2018-10-18,13419.951171875,13591.393059913777,13455.43914286845,13591.393059913777,8428
2018-10-19,13456.4443359375,13546.413876850833,13385.468364772538,13403.462272955205,18029
2018-10-22,13517.9208984375,13553.408877131864,13350.477618682406,13355.475925540766,14015
2018-10-23,13211.025390625,13292.49779570509,13075.571269295524,13270.505244640526,40283
2018-10-24,13247.5107421875,13490.428423318766,13265.50464449352,13330.482625043036,10575
2018-10-25,13336.982421875,13311.491056454484,12966.607877235741,12987.600766405578,54561
2018-10-26,13038.083984375,13125.554358048208,12853.646453601206,13048.580429215785,37677
2018-10-29,12982.1015625,13305.491995293189,13024.5871680447,13232.516719886999,29579
2018-10-30,13002.095703125,13047.580295789605,12763.676464652288,12973.605353873543,42137
2018-10-31,13374.470703125,13441.448021094158,13181.536040915333,13197.530624310953,29743
2018-11-01,13237.5166015625,13315.49019278149,13146.54741180701,13224.521003026,38502
2018-11-02,13151.54296875,13356.473518202247,13109.55719764271,13333.481310214922,59063
2018-11-05,12939.1162109375,13172.53712763344,12893.63162117448,13093.563883869076,20759
2018-11-06,13030.0849609375,13141.547193715476,12940.615276330964,12984.600372673842,14401
2018-11-07,13283.0009765625,13295.49674417921,13140.54922573201,13152.54516264405,17610
2018-11-08,13389.466796875,13431.452581963005,13372.472550529854,13417.457320267004,12483
2018-11-09,13267.5068359375,13388.465872039702,13227.520377721896,13363.47433565495,8431
2018-11-12,13000.09765625,13418.455983685937,13010.594101741224,13418.455983685937,6562
2018-11-13,13017.5908203125,13077.570504632784,12921.623325400044,13056.577615120685,17173
2018-11-14,12784.6689453125,13031.58529760683,12787.667929348463,12855.644900830304,44829
2018-11-15,13037.583984375,13064.574842186541,12853.646286696347,12862.643239300194,10967
2018-11-16,13047.5810546875,13113.558709423125,12953.612879761004,13109.560063681573,13295
2018-11-19,12792.6669921875,13162.541711817832,12791.667330783093,13131.552208281237,19011
2018-11-20,12512.76171875,12610.728535753875,12334.821989906228,12586.736662201905,39493
2018-11-21,12698.6962890625,12702.694933883113,12551.746091904963,12587.733895290483,10914
2018-11-22,12398.802734375,12580.741144248115,12402.801380745837,12580.741144248115,5258
2018-11-23,12545.251953125,12581.739597755388,12446.785295697786,12485.772094069982,8795
2018-11-26,12649.7177734375,12706.698484128661,12610.730971385654,12660.714050939303,10243
2018-11-27,12873.140625,12894.633346680257,12728.689542079208,12780.671938701224,12963
2018-11-28,12908.126953125,12931.61899443369,12892.63220247459,12914.62475178485,10123
2018-11-29,13165.0400390625,13221.520904866595,13161.54122436667,13164.540208391667,15750
2018-11-30,13234.0185546875,13298.496720399426,13178.537342330725,13232.51906246164,23413
2018-12-03,13552.908203125,13691.361294486447,13539.412775447168,13613.38771234787,22636
2018-12-04,13473.9365234375,13498.42822836195,13391.464455834755,13478.434999852194,14090
2018-12-05,13110.0576171875,13175.535429831962,13115.555754127112,13161.540172167497,3388
2018-12-06,12738.1845703125,12929.619716101382,12765.675257044584,12928.620054765672,16652
2018-12-07,12878.6396484375,13137.551987872826,12878.6396484375,12981.604787286298,6189
2018-12-10,12824.1552734375,12896.630719306013,12671.706921783041,12715.69201996531,10470
2018-12-11,13163.541015625,13233.517312032485,12978.603660833793,13009.593163528536,10517
2018-12-12,13262.0068359375,13277.501586320572,13172.537148241694,13252.510053444648,8982
2018-12-13,13126.7724609375,13250.732539008952,13130.771173133353,13213.74445119731,4288
2018-12-14,13028.302734375,13065.790657071264,12972.820608784528,12978.81867641593,2227
2018-12-17,12828.3671875,12855.85833089811,12663.920166082213,12852.859297072862,6367
2018-12-18,12576.4501953125,12634.931363503412,12542.960979339927,12542.960979339927,9457
2018-12-19,12646.927734375,12708.90777702232,12553.95767040402,12572.9515544411,7652
2018-12-20,12143.0869140625,12328.02731738032,12130.091101937463,12204.067263264591,18317
2018-12-21,12024.1259765625,12229.059949392173,12004.132418237654,12158.08281733897,12525
2018-12-24,11654.2451171875,11799.198414664956,11654.2451171875,11799.198414664956,6295
2018-12-27,11900.1689453125,11978.143842635616,11809.198231768863,11978.143842635616,8636
2018-12-28,12119.09765625,12216.066432349666,12046.12115464922,12138.091540228284,2985
2018-12-31,12154.58203125,12198.06801376095,12151.083159093947,12198.06801376095,1227
2019-01-02,12306.03515625,12311.03354583418,11866.176872842201,11866.176872842201,3926
2019-01-03,12045.62109375,12187.075542877816,12020.12930256442,12084.108700049794,12447
2019-01-04,12281.0478515625,12286.046243036477,12022.13117321047,12069.116053065858,7373
2019-01-07,12378.0126953125,12393.007864948237,12283.043287619503,12360.018491749617,7833
2019-01-08,12476.4794921875,12604.938096790369,12429.994471844828,12442.99028398364,16173
2019-01-09,12652.4267578125,12656.925309577218,12565.954596112915,12575.95137781229,12890
2019-01-10,12597.9404296875,12623.932054125833,12525.963623550579,12563.951382345065,10464
2019-01-11,12538.462890625,12721.903826676798,12535.963695310942,12678.917667275015,40814
2019-01-14,12430.9970703125,12486.979043447804,12406.005118019953,12486.979043447804,14020
2019-01-15,12717.9013671875,12723.899434174069,12467.981909413811,12467.981909413811,7334
2019-01-16,12729.900390625,12756.891698191113,12660.922604622712,12697.910692768866,11834
2019-01-17,12641.427734375,12670.918234407744,12567.951403784944,12591.943674998023,9430
2019-01-18,12900.8466796875,12860.859553210359,12688.914909358655,12688.914909358655,6746
2019-01-21,12807.87109375,12856.855302584978,12772.882373153587,12851.856913928348,3963
2019-01-22,12660.9208984375,12779.882571308724,12651.92379712791,12779.882571308724,10799
2019-01-23,12420.0029296875,12548.961427589116,12418.003573130885,12523.969470631439,3998
2019-01-24,12519.4697265625,12558.957014796557,12481.981794694724,12481.981794694724,6404
2019-01-25,12580.4482421875,12625.933592818794,12542.960315843025,12542.960315843025,6384
2019-01-28,12410.50390625,12537.96286537416,12407.005032862278,12535.963509152603,4008
2019-01-29,12331.5302734375,12446.993104014455,12320.033974289145,12401.007907421035,9128
2019-01-30,12564.453125,12579.94813422445,12469.98355263158,12469.98355263158,6396
2019-01-31,12850.3623046875,12865.857315440362,12760.89111356614,12777.885641488632,13550
2019-02-01,12893.8466796875,12947.829290999574,12857.858272146119,12860.8573061079,18181
2019-02-04,12995.314453125,12996.813970158708,12834.866130518241,12845.862588765434,9922
2019-02-05,13242.234375,13270.72519745782,13000.81214259427,13000.81214259427,7671
2019-02-06,13239.734375,13262.726967164375,13170.75659850687,13240.73405292019,15749
2019-02-07,13003.810546875,13220.740658242765,13021.804749661265,13211.743556849631,18735
2019-02-08,12970.3232421875,12995.815033214189,12917.840143014904,12975.82147162463,8992
2019-02-11,13162.259765625,13220.740925864173,13115.774740819505,13115.774740819505,6024
2019-02-12,13302.2138671875,13308.711773484176,13231.73657581586,13233.735931599453,7641
2019-02-13,13363.1962890625,13412.68035237341,13317.71093793833,13366.695162225897,8394
2019-02-14,13412.6767578125,13448.665157848369,13338.700602183215,13415.675791148824,10266
2019-02-15,13402.6826171875,13499.651380808533,13343.7016166345,13343.7016166345,9318
2019-02-18,13389.689453125,13394.687843991478,13364.697498792602,13379.69267139204,1070
2019-02-19,13266.7275390625,13374.692769581583,13263.728504881416,13367.69502315905,5503
2019-02-20,13275.7255859375,13325.70949251106,13252.732988913664,13252.732988913664,6496
2019-02-21,13191.751953125,13306.71493240731,13130.771590201339,13253.731994129375,12017
2019-02-22,13300.71484375,13339.702282976325,13262.727082452557,13266.725794168076,3741
2019-02-25,13402.6826171875,13420.67682074604,13320.709023198586,13320.709023198586,5499
2019-02-26,13170.7587890625,13249.733357892552,13140.768446468808,13203.74816591556,4972
2019-02-27,13035.8017578125,13084.785982209189,12963.824938290836,13084.785982209189,5027
2019-02-28,13090.7822265625,13118.77320803205,13048.795754358176,13053.79414390631,7060
2019-03-01,13181.25390625,13253.730559255433,13138.76759241923,13213.743440355884,7058
2019-03-04,13266.2275390625,13374.69260729567,13276.724158568935,13300.716431726503,3792
2019-03-05,13352.6982421875,13360.695665706067,13278.722074640755,13324.707259872515,7249
2019-03-06,13284.220703125,13339.702830454904,13250.731491133074,13320.708949026648,6585
2019-03-07,13191.251953125,13277.724106051779,13132.770786116716,13199.7492167074,9164
2019-03-08,13137.2705078125,13153.765197412538,13022.807358769809,13095.78386427301,8636
2019-03-11,13346.69921875,13368.69213185108,13226.7378745623,13260.726922082147,5362
2019-03-12,13510.1494140625,13514.647965423133,13307.714602833994,13310.713637074416,16475
2019-03-13,13478.158203125,13511.64741505192,13434.672211518404,13434.672211518404,5731
2019-03-14,13368.9296875,13456.902903121028,13365.93060060383,13414.915686574628,7387
2019-03-15,13475.3974609375,13480.895786990779,13407.918004829093,13429.911309042203,4055
2019-03-18,13493.8935546875,13569.870433495935,13487.895380044729,13517.886253258584,5752
2019-03-19,13600.359375,13625.851613896137,13542.876875528318,13543.876571171304,4563
2019-03-20,13600.359375,13654.842787542724,13594.861048963578,13609.856483608364,6095
2019-03-21,13985.2421875,13980.743557109796,13693.830907779047,13693.830907779047,10294
2019-03-22,13638.3447265625,13956.747716880269,13648.841528441108,13937.753503957074,3765
2019-03-25,13588.3662109375,13592.864842384932,13471.901641242874,13520.886739226022,10832
2019-03-26,13627.3486328125,13689.829598924138,13584.861575856587,13584.861575856587,14937
2019-03-27,13470.900390625,13651.84532351577,13471.900086386828,13651.84532351577,25553
2019-03-28,13674.837890625,13736.819025884797,13588.864057845283,13588.864057845283,11721
2019-03-29,13823.2900390625,13825.789277905216,13705.825813454845,13803.795976089315,8521
2019-04-01,13881.7734375,13957.750304938427,13843.785003780786,13935.757001206252,7402
2019-04-02,14040.72265625,14059.71686988252,13980.74092898941,13994.736665350214,13902
2019-04-03,14102.70703125,14105.706118305628,13989.74141882133,13995.739592932587,23172
2019-04-04,14075.7119140625,14096.705518479781,13999.735059980912,13999.735059980912,14166
2019-04-05,14242.1630859375,14246.661716049228,14115.701595018953,14115.701595018953,8758
2019-04-08,14207.1748046875,14211.673435136157,14147.692913199697,14185.68134809947,15356
2019-04-09,14225.66796875,14225.66796875,14175.68319022312,14203.674666198172,20136
2019-04-10,14212.6708984375,14220.668462423397,14161.686428027406,14185.679119985098,12933
2019-04-11,14231.666015625,14264.655969159392,14203.674539898848,14230.66632006335,9346
2019-04-12,14201.1787109375,14230.669737087417,14181.684642804503,14225.671258078957,11024
2019-04-15,14197.1787109375,14252.661823176139,14142.695294414872,14249.662736028104,28705
2019-04-16,14351.62890625,14370.623121157965,14296.645652569048,14296.645652569048,9021
2019-04-17,14387.619140625,14430.606051620476,14377.62218457954,14377.62218457954,15798
2019-04-18,14418.109375,14451.599176633732,14386.61896450858,14387.618660079737,7324
2019-04-23,14733.5126953125,14697.523656295589,14532.57389413474,14532.57389413474,5089
2019-04-24,14779.5,14787.497564935065,14745.510349025975,14768.503348214286,6154
2019-04-25,14835.9814453125,14911.458457483322,14763.503519718,14848.477639380517,10355
2019-04-26,14750.5078125,14803.491676550322,14680.52912413165,14759.505072433074,14706
2019-04-29,14828.986328125,14856.477960175658,14793.497130386877,14804.493783207141,15672
2019-04-30,14522.578125,14719.518160150066,14518.579342560404,14715.51937771047,14537
2019-05-01,14646.54296875,14703.525628583373,14636.546010884496,14697.527453864072,5169
2019-05-02,14495.5859375,14587.557931034482,14493.586546336206,14525.576804956896,9013
2019-05-03,14535.076171875,14619.550461673372,14532.576932531854,14581.562023657538,5532
2019-05-07,14366.626953125,14525.578569960771,14338.635473430651,14497.587090266423,11616
2019-05-08,14394.615234375,14432.60366266212,14274.651776626197,14352.62802416292,17793
2019-05-09,14067.7158203125,14282.650364184528,14045.72251814885,14215.670762140686,8059
2019-05-10,13961.7470703125,14269.653278078235,13961.7470703125,14250.659063962816,10057
2019-05-13,13866.77734375,14099.706413110085,13831.787998567153,14099.706413110085,22575
2019-05-14,14054.21875,14057.717684141266,13882.770977077924,13882.770977077924,11453
2019-05-15,14257.6591796875,14260.658266599508,14006.735574716138,14110.703920999093,13180
2019-05-16,14556.0673828125,14569.563273040718,14291.647903896674,14291.647903896674,3257
2019-05-17,14588.5556640625,14617.546832037408,14404.611701738955,14471.591296715464,10957
2019-05-20,14228.16796875,14438.603897604513,14171.685165993325,14438.603897604513,11573
2019-05-21,14312.1416015625,14358.62744548194,14279.6514955973,14317.63992718738,14903
2019-05-22,14406.1142578125,14433.605888365904,14283.651539892786,14369.625366350709,9519
2019-05-23,14138.1943359375,14278.651560911812,14125.698141544768,14277.651865360394,9993
2019-05-24,14118.203125,14245.664332182687,14099.708753761728,14183.68319614091,7835
2019-05-28,14149.1884765625,14210.66974206634,14093.705383302939,14140.691065883108,11605
2019-05-29,13975.744140625,14021.730137081993,13955.75022912196,13995.738052128041,13212
2019-05-30,14064.7158203125,14113.700899223248,14021.728914329598,14036.724346649216,11001
2019-05-31,13938.2548828125,13951.75077242469,13889.769649761296,13951.75077242469,23980
2019-06-03,13738.3173828125,13789.801708460298,13627.851014189559,13718.823317761393,11991
2019-06-04,13767.3076171875,13769.806856126103,13503.887833058763,13503.887833058763,21124
2019-06-05,13879.2734375,13917.761716921164,13804.796117581122,13879.77328528469,15825
2019-06-06,13956.2490234375,14000.735473173754,13890.768968207733,14000.735473173754,7256
2019-06-07,14258.6591796875,14265.657049298228,14043.724613072285,14051.722178341688,12979
2019-06-10,14586.0556640625,14589.554597945795,14329.633795186723,14340.630444534221,9237
2019-06-11,14498.0859375,14617.54956580762,14507.583046026548,14560.566914648338,8127
2019-06-12,14391.615234375,14407.610361059495,14372.62102143716,14390.61553895722,1668
2019-06-13,14491.0869140625,14516.579150708949,14470.593155189865,14484.588892956543,8431
2019-06-14,14532.076171875,14532.576019712233,14424.608886869904,14480.591844640001,9172
2019-06-17,14683.5302734375,14715.520535471134,14558.568312368621,14585.5600959595,9976
2019-06-18,14966.94140625,15008.428770132,14698.52316041103,14698.52316041103,16071
2019-06-19,14802.4931640625,14926.455421936733,14771.502599593943,14922.45663942466,10335
2019-06-20,14869.6923828125,14995.655892307886,14869.6923828125,14895.684853025834,10124
2019-06-21,14934.1767578125,14978.663879392489,14875.693687870267,14889.689636232511,15839
2019-06-24,14872.6904296875,14884.686953526732,14858.694485208396,14867.69187808782,3081
2019-06-25,14738.7333984375,14855.699538817149,14726.736871219073,14749.73021505439,7256
2019-06-26,14762.7236328125,14783.717551434365,14680.747379146176,14680.747379146176,6453
2019-06-27,14756.7255859375,14806.71110719601,14717.736879355862,14791.715450818458,1546
2019-06-28,14746.2294921875,14780.719503880695,14712.739190978165,14780.719503880695,575
2019-07-01,15026.146484375,15115.620561109079,15039.642574161704,15054.638229480264,5497
2019-07-02,15096.6298828125,15100.628725242224,15013.653902395745,15013.653902395745,5340
2019-07-03,15252.083984375,15280.575735009463,15195.600338380362,15215.594549351916,16145
2019-07-04,15325.0615234375,15326.56108913013,15296.569775277549,15297.569485739301,3361
2019-07-05,15263.5830078125,15304.571146620485,15234.59139743612,15287.57606467571,12234
2019-07-08,15206.5966796875,15251.583652969068,15189.601600892242,15250.5839424517,3362
2019-07-09,15323.5615234375,15311.56499823648,15165.60727495739,15165.60727495739,2473
2019-07-10,15405.5390625,15495.513009003893,15305.568010829007,15330.560773746754,10866
2019-07-11,15454.5244140625,15477.51775525685,15433.530493841574,15477.51775525685,8271
2019-07-12,15441.5283203125,15461.52253023133,15398.540768987015,15406.538452954546,5197
2019-07-15,15546.9970703125,15547.49692553773,15469.51951040193,15469.51951040193,8265
2019-07-16,15669.9638671875,15702.454461827432,15605.482533209792,15605.482533209792,7483
2019-07-17,15575.490234375,15673.461867428194,15549.497760299664,15669.463025262758,5903
2019-07-18,15352.556640625,15446.529442879264,15352.556640625,15401.54246307669,5601
2019-07-19,15483.021484375,15546.503122099475,15459.528279862792,15519.510929681195,8504
2019-07-22,15439.5283203125,15477.517317733627,15338.557564008981,15338.557564008981,4486
2019-07-23,15565.4931640625,15597.483901458134,15527.504163405187,15580.488822216703,5331
2019-07-24,15594.486328125,15620.47880485628,15512.510055357114,15522.507161792222,3577
2019-07-25,15578.9892578125,15698.454667785138,15543.499533511005,15685.458430716984,4694
2019-07-26,15816.4189453125,15810.42068264441,15715.448190399627,15745.439503740085,3876
2019-07-29,15941.3837890625,16018.111570688648,15822.204433122813,15855.408685220824,11618
2019-07-30,16016.8603515625,16108.783919119796,15905.392640723989,16094.33790842335,5010
2019-07-31,15956.880859375,16078.145560791778,15923.390554028443,16060.350907236749,3562
2019-08-01,16113.3369140625,16117.335756825636,15796.908954829816,15868.407794820328,8302
2019-08-02,15487.021484375,15725.452535210841,15421.540420099329,15694.461497156708,12999
2019-08-05,15054.14453125,15358.356321308556,14990.662897771608,15339.561954211908,13213
2019-08-06,15023.1474609375,15095.626462163118,14866.91245224762,14923.6762799451,15760
2019-08-07,15071.6376953125,15238.929118567356,14876.694119391437,15082.63451241574,35038
2019-08-08,15440.0283203125,15455.342244529582,15220.591872625066,15273.576527419753,10541
2019-08-09,15386.0439453125,15633.392231002668,15468.460505790868,15518.505582215388,3657
2019-08-12,15398.5390625,15636.790353898978,15342.574806524935,15625.473319929559,7024
2019-08-13,15625.4765625,15757.298752702358,15236.83906962272,15312.567147012955,6414
2019-08-14,15304.5654296875,15701.950285543584,15276.733650327376,15695.452168403799,7978
2019-08-15,15120.619140625,15325.779426608124,14946.110130373994,15300.567004777891,12593
2019-08-16,15318.5625,15366.029218532674,15222.330610946818,15222.590301344384,6064
2019-08-19,15585.48828125,15621.798082715048,15470.161314771603,15477.519536261227,823
2019-08-20,15555.9951171875,15669.62236795989,15503.510316335834,15622.475864932943,17204
2019-08-21,15623.9765625,15650.308782572938,15554.536705717861,15605.481917050582,2709
2019-08-22,15355.556640625,15638.474774042765,15288.095692706604,15623.479113260904,8884
2019-08-23,15100.6259765625,15561.852729913093,15117.202229798704,15540.498563764586,13257
2019-08-27,15075.6357421875,15222.593199356039,15082.633716338381,15157.612010812127,16679
2019-08-28,15177.1083984375,15229.95345891529,15037.528669612468,15131.62156036953,12123
2019-08-29,15474.5234375,15496.156827701263,15192.965239898387,15223.596027278894,10827
2019-08-30,15391.041015625,15600.18062047911,15366.548111537259,15497.510170128851,6176
2019-09-02,15540.998046875,15596.481974159524,15379.544817029044,15379.544817029044,9378
2019-09-03,15452.0263671875,15615.479044768786,15444.528537940652,15562.494384757727,9109
2019-09-04,15445.5283203125,15560.93533817964,15417.496396853438,15527.50458712581,6277
2019-09-05,15600.484375,15655.468459628324,15493.76526528957,15616.479745073693,12466
2019-09-06,15644.9677734375,15693.45372743039,15585.485005136945,15645.467628633303,5507
2019-09-09,15597.984375,15746.44139661112,15555.496675212305,15731.445737862521,13054
2019-09-10,15378.5478515625,15523.906160400988,15341.438477680711,15492.514857678221,16689
2019-09-11,15617.978515625,15621.477502650425,15479.118325732654,15510.509628415546,5582
2019-09-12,15775.931640625,15826.376993708782,15713.169541697225,15734.44365462418,14593
2019-09-13,15550.49609375,15685.976385703067,15537.0995831702,15682.457873523384,2974
2019-09-16,15505.5078125,15512.505785078174,15372.763067598422,15385.542568302708,25878
2019-09-17,15426.53125,15524.783061900858,15416.253953684653,15515.50547598989,219
2019-09-18,15442.5283203125,15512.027726678978,15434.050306533683,15491.514135531981,3053
2019-09-19,15558.72265625,15578.316878857238,15366.775425638934,15366.775425638934,9498
2019-09-20,15437.75390625,15539.725859263697,15397.284568432868,15409.761605422711,6448
2019-09-23,15385.7685546875,15433.795385251098,15340.3806467961,15431.755907092675,2150
2019-09-24,15324.78515625,15471.264400662596,15290.794504849875,15453.749686562234,5692
2019-09-25,15293.2939453125,15297.71265192794,15104.246328962401,15135.837250010214,11649
2019-09-26,15303.7890625,15511.731845685263,15304.78878741916,15399.762654739352,3271
2019-09-27,15439.25390625,15519.13232876225,15348.378508118964,15497.737822040826,3776
2019-09-30,15392.265625,15393.765212467119,15291.392984194215,15368.772088015134,9556
2019-10-01,15456.25,15662.292953811477,15438.754810646486,15554.722922932635,6073
2019-10-02,15006.8740234375,15347.480572689065,14995.516794421419,15248.807506461408,16358
2019-10-03,14967.3837890625,15084.491231541873,14745.944687484345,15080.852583776363,12013
2019-10-04,15327.28515625,15339.481997558198,15100.047839457433,15137.837252450021,6058
2019-10-07,15407.7626953125,15433.75554699159,15340.181671464472,15344.780016243938,12713
2019-10-08,15310.2880859375,15456.747794356961,15273.198679988433,15443.751369719057,9847
2019-10-09,15356.78125,15400.769165825794,15240.813108277456,15240.813108277456,6232
2019-10-10,15421.2578125,15512.192758416315,15315.786826196882,15326.783801072088,17233
2019-10-11,15214.81640625,15399.765551079243,15158.931382240733,15324.78616804036,27859
2019-10-14,15273.3037109375,15339.285582639146,15158.93474280361,15225.816757818893,8893
2019-10-15,15237.310546875,15294.794741766927,15185.824702754404,15283.79776535282,9782
2019-10-16,15103.845703125,15308.78933359499,15100.29687453907,15285.795657981284,13009
2019-10-17,15100.8466796875,15237.809009718429,15085.850804136668,15216.814783947266,4290
2019-10-18,15019.8681640625,15096.366651239741,14988.876689549325,15075.852763183073,7717
2019-10-21,14944.890625,14951.888700749214,14869.911241972708,14931.894198608603,2953
2019-10-22,14977.380859375,15101.846628289473,14972.88209664315,15006.872748394895,7858
2019-10-23,14975.380859375,14970.882096808346,14891.26434809455,14899.9016207567,2525
2019-10-24,15168.3330078125,15144.419655331309,14981.424393765532,15024.872418811274,3822
2019-10-25,15289.7958984375,15260.384063677679,15101.337951447273,15117.843178774152,3386
2019-10-28,15428.2568359375,15425.757523312206,15101.346744549095,15347.778969403045,1996
2019-10-29,15340.783203125,15461.400439094401,15259.695140638876,15412.763417567814,3264
2019-10-30,15303.7890625,15299.509966483713,15263.519869393955,15289.79291363176,1309
2019-10-31,15265.8046875,15346.782433386543,15250.29918306122,15346.782433386543,3304
2019-11-01,15364.77734375,15394.769101204129,15291.497678295917,15304.793828841743,2888
2019-11-04,15551.7236328125,15588.083751801507,15477.303666908167,15481.74287591504,8130
2019-11-05,15625.205078125,15641.700543993331,15585.296126079214,15622.705765114648,4823
2019-11-06,15563.720703125,15610.3582705954,15542.356460107316,15591.713006547887,4106
2019-11-07,15764.166015625,15786.379635078534,15688.127350344006,15695.684842902781,917
2019-11-08,15742.1708984375,15753.017524987054,15677.688631079725,15685.68643168224,2842
2019-11-11,15655.6953125,15738.672497106481,15596.112086119476,15718.677994791668,7025
2019-11-12,15799.1572265625,15803.335765491876,15727.396678215317,15737.674126652126,1939
2019-11-13,15729.673828125,15768.663104805873,15655.194312414098,15702.681251961318,2812
2019-11-14,15669.1923828125,15742.672182483073,15667.69279506412,15697.684550031701,4523
2019-11-15,15778.662109375,15781.30103231632,15720.227978850833,15753.66898051899,2104
2019-11-18,15679.1884765625,15777.760980092075,15640.23922603943,15757.666896265384,16645
2019-11-19,15776.162109375,15844.643279457836,15728.225095058206,15778.661422151747,5295
2019-11-20,15786.66015625,15804.65520930633,15730.675546741419,15740.67279843938,6192
2019-11-21,15674.19140625,15681.239273587344,15631.953016932523,15639.700887162355,4666
2019-11-22,15756.1669921875,15801.01501036884,15707.310310779294,15744.670153863199,8583
2019-11-25,15866.6357421875,15877.36326023924,15788.017718329425,15803.653066126897,9168
2019-11-26,15991.1025390625,15997.240499596266,15910.26441751703,15938.616972290547,7353
2019-11-27,16015.5966796875,16047.13781247139,15981.415647716201,15993.602726694171,4361
2019-11-28,16008.5986328125,16016.876630316458,15949.614849677802,15949.614849677802,1083
2019-11-29,15956.6142578125,16020.056781306988,15945.24726489056,15997.602991887452,2020
2019-12-02,15705.1826171875,16039.960703279907,15683.878903304078,16018.596459161356,8750
2019-12-03,15432.2548828125,15718.956290194365,15380.669463596449,15714.677193854157,17977
2019-12-04,15530.228515625,15579.714904728186,15472.284491799575,15512.733327558217,2997
2019-12-05,15444.25390625,15541.727107910963,15429.75789164401,15475.74524832508,14068
2019-12-06,15674.19140625,15682.149179718166,15509.196721684473,15553.724520740981,3743
2019-12-09,15635.701171875,15702.682756179069,15597.711616598066,15609.708318264467,2461
2019-12-10,15582.216796875,15595.713087046483,15461.940287886564,15561.722430318305,1167
2019-12-11,15579.216796875,15658.59536390445,15562.441135579806,15575.717758867551,976
2019-12-12,15716.90234375,15796.881491863987,15574.219816880874,15623.926584067489,14637
2019-12-13,15512.453125,15635.920914832597,15484.960297304482,15497.956906760546,9787
2019-12-16,15750.892578125,15750.892578125,15577.637953723677,15631.923602130277,9224
2019-12-17,15970.83984375,15995.833333333334,15839.673815155029,15976.83828125,3834
2019-12-18,16103.3037109375,16103.993960755835,16005.82911141452,16006.828850896805,4809
2019-12-19,16205.275390625,16219.14189290599,16024.542233140366,16042.817742272086,3972
2019-12-20,16276.2568359375,16286.214201024239,16204.405450158643,16254.762439452585,4214
2019-12-23,16493.201171875,16514.06487453372,16321.026321384888,16326.74455753239,8027
2019-12-24,16456.712890625,16477.076726302927,16447.436010453763,16460.71184886341,1467
2019-12-27,16426.21875,16539.968399717898,16379.980801234748,16515.695429232223,6447
2019-12-30,16222.271484375,16414.91072393803,16168.785426111413,16368.733307470611,2143
2019-12-31,16150.7890625,16251.04319703537,16137.89789231872,16239.765863896626,1582
2020-01-02,16383.220703125,16425.43038108308,16239.758175533943,16241.757653270404,10982
2020-01-03,16451.71484375,16509.889144292432,16322.748435458572,16395.729426197133,11849
2020-01-06,16377.728515625,16394.18516105826,16221.488991103757,16388.725647457002,4017
2020-01-07,16541.68359375,16545.2334486967,16437.710724552006,16471.701854866737,7892
2020-01-08,16597.669921875,16592.671225958282,16390.723910922818,16419.71634723979,8170
2020-01-09,16836.61328125,16885.8797419267,16736.449925325436,16777.62864948266,7895
2020-01-10,16888.09765625,16924.13904232868,16846.329247451158,16900.5943986329,13991
2020-01-13,17009.064453125,17025.56015145142,16846.30611525799,16989.569536921048,6304
2020-01-14,17035.0625,17134.087486018812,16984.206606935757,17066.55429663429,11700
2020-01-15,17022.5625,17048.01680198522,16985.12304109661,17001.567972925353,10372
2020-01-16,17000.568359375,17083.08591152731,16985.5722684964,17051.555068362246,10149
2020-01-17,17154.529296875,17198.886877312598,17065.36308167568,17082.548056163127,12241
2020-01-20,17245.5,17275.492173913044,17230.953014605977,17262.495565217392,9290
2020-01-21,17209.5078125,17212.507029616154,17089.2891930941,17170.517989989978,38791
2020-01-22,17170.0234375,17295.891011975047,17151.627842967966,17287.492810926084,10134
2020-01-23,17115.0390625,17165.826606265837,17087.54622835071,17103.54205912848,11857
2020-01-24,17261.0,17339.780242979137,17236.506385566594,17278.495438881007,14229
2020-01-27,16776.125,16922.086934984058,16713.717446970975,16920.58732606299,22605
2020-01-28,17100.04296875,17109.54049327297,16866.90451624312,16947.58270667076,13112
2020-01-29,17151.529296875,17218.511837262657,17057.553792450526,17146.530599831145,20198
2020-01-30,16923.083984375,17047.352338261702,16849.603158922244,17010.561157533044,9695
2020-01-31,16733.638671875,17133.733612927048,16734.638411310527,17085.54695318101,11936
2020-02-03,17169.5234375,17195.715827180466,16816.416283404575,16882.598246713784,7551
2020-02-04,17468.4453125,17453.28910804844,17329.981415299677,17346.47711424412,15614
2020-02-05,17617.412109375,17813.66178368402,17508.741190484645,17513.439185792264,23600
2020-02-06,17850.845703125,17861.342966146636,17689.38780045889,17774.365643967372,10267
2020-02-07,17911.33203125,17915.830858786314,17740.376584870017,17858.34584026673,8506
2020-02-10,17936.82421875,17936.82421875,17734.37699280474,17808.357707471157,16784
2020-02-11,18133.7734375,18154.26809557364,18040.297801895827,18120.276955353944,14329
2020-02-12,18107.775390625,18118.772521297014,17740.371252264493,18040.292997864908,11252
2020-02-13,18026.298828125,18049.193247995616,17884.335851385287,18034.29674230752,8133
2020-02-14,18089.783203125,18125.273949136823,18040.895559644698,18076.286722247267,9363
2020-02-17,18172.255859375,18190.651447555116,18127.96664049151,18162.258469343986,5676
2020-02-18,18018.30078125,18086.28305130077,17928.824116992004,17970.31329650828,5639
2020-02-19,18393.701171875,18405.198172362896,18166.260510049222,18193.25346771646,6921
2020-02-20,18256.240234375,18503.175853338398,18265.23788850727,18472.18393354947,8025
2020-02-21,17965.31640625,18176.26141246696,17892.33543253513,18146.269231488244,8663
2020-02-24,17287.99609375,17510.43814266481,17261.85251410709,17495.442049479545,28221
2020-02-25,16903.59375,17411.012262759945,16835.111601202094,17389.467097675657,18655
2020-02-26,17077.05078125,17102.544139264337,16449.21435642636,16812.619675571892,23292
2020-02-27,16457.212890625,16755.635151527807,16157.790890154678,16640.665101263745,25310
2020-02-28,15992.8291015625,15939.562719892783,15443.722307536545,15852.865603767992,43730
2020-03-02,16573.673828125,16618.662084987445,16036.764171209275,16461.70305548958,22051
2020-03-03,16688.15234375,17289.146161348013,16676.706107013928,16881.601945578106,41255
2020-03-04,16762.625,16845.603342875886,16561.126809235357,16658.652136637444,14333
2020-03-05,16786.123046875,16805.11809394868,16457.388451363437,16787.622655854502,13846
2020-03-06,15919.345703125,16231.314096845786,15662.262400707,16210.769653416137,31494
2020-03-09,15244.5244140625,18495.17668361847,13551.41615134883,16195.776339168606,23022
2020-03-10,15282.015625,15684.910580964608,14996.090172379954,15349.997900448121,33120
2020-03-11,15444.47265625,15600.93185751246,15296.01136942907,15535.948802675017,92758
2020-03-12,14426.466796875,18039.681489546332,14281.502300302105,14688.40264585499,65934
2020-03-13,14565.9326171875,17377.124979671837,14311.494932224103,14719.3950322833,20170
2020-03-16,14810.375,15133.48634467956,13936.588868637777,14627.419780275415,10226
2020-03-17,15026.8173828125,15314.697027555265,14104.543404192724,14863.357441886394,12473
2020-03-18,14908.8515625,15123.97860492767,14207.523188914502,14864.362449706623,12811
2020-03-19,15362.7421875,15585.487507438791,14801.379499947125,15319.252825240783,19521
2020-03-20,14966.8330078125,16148.093394384177,14970.332150494933,15606.176363645378,17627
2020-03-23,14793.37890625,15163.488506873477,14167.831831101495,14283.50371248184,10784
2020-03-24,15631.171875,15765.039481011449,15185.340630839037,15386.23186160857,28137
2020-03-25,15792.6337890625,15951.224847034819,15276.620466377797,15735.14786225143,19206
2020-03-26,15621.17578125,15770.129550265137,14971.315342280273,15129.29619825,14303
2020-03-27,15033.8173828125,15644.437339307828,15038.276251525307,15508.201179862843,16079
2020-03-30,15458.7138671875,15644.468177114315,14898.81095898794,15086.305077177647,6201
2020-03-31,15677.6611328125,15827.024949879016,14898.851833800229,15724.149749505787,19514
2020-04-01,15085.3056640625,15200.97753175955,14939.741702766856,15111.299298316964,6559
2020-04-02,14930.8447265625,15041.357710546587,14657.41166668672,14944.341422388177,16684
2020-04-03,15073.3095703125,15279.959171174036,14979.232993901089,14996.328417767958,11156
2020-04-06,15725.646484375,15718.268409534383,15494.853430044774,15660.16253099272,87841
2020-04-07,16201.033203125,16540.510629499153,16081.062577739316,16218.029041721305,82612
2020-04-08,16121.0546875,16148.557722295716,15918.404086954279,16052.071569767442,86675
2020-04-09,16152.5439453125,16357.343395540569,16020.076389050073,16311.005135256612,64077
2020-04-14,16690.416015625,16762.997864919114,16425.7014918496,16520.957480499754,101617
2020-04-15,16732.904296875,16918.13825414343,16690.91457467456,16870.870526962157,87221
2020-04-16,17254.2734375,17281.76670282035,16551.845892971975,17013.832335334762,73353
2020-04-17,17111.8125,17640.382370305357,17099.815435849498,17490.719776086702,52366
2020-04-20,17351.748046875,17372.742902197908,17133.012584331096,17216.78111979917,26523
2020-04-21,16698.91015625,17246.775974703272,16661.339279864067,17155.798256675447,28064
2020-04-22,17081.822265625,17113.814441236613,16896.367622626436,16956.85282964214,15127
2020-04-23,17340.75,17393.697960619957,17090.090730313357,17195.785528970886,15344
2020-04-24,17161.296875,17211.57362377679,17011.044612110603,17032.828339365296,13003
2020-04-27,17478.720703125,17537.70626175249,17402.290196775783,17423.73416542141,27460
2020-04-28,17208.283203125,17550.45912038921,17143.588118806063,17444.72526427469,17148
2020-04-29,17594.693359375,17668.975958525847,17302.553928636436,17328.758452073802,12750
2020-04-30,17449.7265625,17890.43894455115,17444.487611144028,17878.621526136558,16182
2020-05-01,17173.294921875,17369.506642810888,17028.250359573776,17105.81144597766,13566
2020-05-04,17251.2734375,17313.758128748806,17004.833815214715,17095.811525672972,8737
2020-05-05,17660.173828125,17664.6727260404,17405.73615713189,17429.73027934735,21047
2020-05-06,17892.619140625,17940.60739109994,17683.30124974926,17729.659040053848,16356
2020-05-07,18069.578125,18134.56222249502,17871.13645203947,17889.6221627061,25579
2020-05-11,18388.994140625,18404.4903435869,18162.828854830906,18257.52635420631,16622
2020-05-12,18532.96484375,18557.978254029884,18351.230018757095,18382.50166322488,17725
2020-05-13,18207.54296875,18400.01538460537,18061.219412348073,18186.54810808979,20455
2020-05-14,17934.111328125,18118.566190016412,17777.55003100026,18052.582336982086,36349
2020-05-15,18143.55859375,18353.50719991528,17986.78642351942,18331.512584031298,12007
2020-05-18,18726.412109375,18764.682030283566,18591.076125485422,18650.430724488317,26509
2020-05-19,18816.392578125,18816.193408144183,18618.34146396671,18813.39331253155,12563
2020-05-20,18943.861328125,18942.662402948754,18695.42216196203,18695.42216196203,14464
2020-05-21,18807.396484375,19053.336285308247,18775.404315147913,18914.370300228078,23425
2020-05-22,18805.896484375,18891.475144857664,18613.744302764186,18633.43870050138,15164
2020-05-26,18787.90234375,19200.60213172652,18768.307529493613,19185.30509387056,13528
2020-05-27,18551.458984375,18923.668656352267,18390.5979692182,18823.392420662454,35710
2020-05-28,18871.375,18897.067921924045,18605.44017535495,18764.40121715406,28898
2020-05-29,18697.919921875,18805.51270751688,18572.569767172172,18703.418574973264,11143
2020-06-01,18770.904296875,18955.359136574258,18750.409314686192,18955.359136574258,11751
2020-06-02,18629.435546875,18872.165137479806,18586.09655611436,18777.399293839553,11299
2020-06-03,18833.390625,18899.374475793607,18795.64009862119,18819.394050589235,17220
2020-06-04,18786.40234375,19007.34827094753,18764.407726562917,18889.37714239862,8801
2020-06-05,18896.37109375,18914.3666855011,18569.53123545204,18745.408074060237,17230
2020-06-08,18963.357421875,19058.154526303057,18827.240355207465,18965.356932358114,26328
2020-06-09,19167.306640625,19202.118429014834,19016.103430283583,19067.33112090549,32239
2020-06-10,19324.76953125,19354.992601759604,19157.460877000452,19193.30171297434,18465
2020-06-11,19177.306640625,19386.685085877725,19126.61201612719,19245.290002712503,22190
2020-06-12,18822.890625,19134.074187571903,18698.421105264904,18834.387809553842,25206
2020-06-15,18780.40234375,19296.07688200369,18465.17873282779,18530.073002222023,25995
2020-06-16,19324.26953125,19424.875762804855,19093.32606486691,19144.313583419018,24527
2020-06-17,19567.2109375,19597.482825349598,19447.339885239217,19467.235406447988,23967
2020-06-18,19683.94140625,19716.433881334597,19470.490839155787,19494.485282295183,20310
2020-06-19,19954.873046875,20004.55098113578,19734.42416254243,19734.42416254243,39869
2020-06-22,19787.412109375,19801.40886410071,19708.43042199421,19750.42068617134,15546
2020-06-23,20062.349609375,20082.34497451117,19903.38645654246,19915.383675624158,23190
2020-06-24,19744.92578125,20048.35548704556,19698.15731901572,20020.361972178092,29552
2020-06-25,19732.427734375,19769.419162969614,19537.472907997988,19693.436769099597,27525
2020-06-26,19739.927734375,19992.36926254384,19590.85679421824,19906.389177702174,21137
2020-06-29,19750.41796875,19738.42075206435,19387.50216400911,19512.47317115129,15885
2020-06-30,19926.380859375,20019.35930601199,19800.859175346122,20019.35930601199,8051
2020-07-01,20057.353515625,20115.340082463114,19944.418740582933,20061.35258920004,12121
2020-07-02,20304.791015625,20450.21822638225,20157.364268590085,20185.318723034477,30772
2020-07-03,20311.787109375,20430.419739607332,20293.01216880016,20383.270523266187,5581
2020-07-06,20784.68359375,20793.341743658784,20445.262247393515,20527.2432500481,27328
2020-07-07,20770.18359375,20812.17385661101,20648.330990824234,20767.184289259927,23393
2020-07-08,20537.240234375,20694.96344564748,20495.249966151667,20582.22980747143,33186
2020-07-09,20586.228515625,20791.940601219565,20525.81283129676,20666.20997748941,20203
2020-07-10,20770.18359375,20842.166901511733,20618.218832919676,20773.182898240073,13731
2020-07-13,21455.02734375,21474.81182077911,21084.113310920027,21097.110298593314,26196
2020-07-14,20577.23046875,20872.162107477103,20255.724911382553,20849.167437339056,31797
2020-07-15,20743.685546875,20922.50341959402,20657.20561821487,20794.173828925133,18239
2020-07-16,20428.26953125,20736.198225794364,20386.279254721223,20644.219524826567,19192
2020-07-17,20741.1875,20821.168942205724,20617.415437117867,20665.20512990456,25510
2020-07-20,20897.15625,20899.155786527605,20575.05122319569,20618.220904399102,12744
2020-07-21,20926.1484375,21344.871672319892,20872.16095407231,21289.064298319478,37127
2020-07-22,20809.177734375,21011.13093425699,20721.92842205748,20943.14668875216,12409
2020-07-23,20766.18359375,21048.118203226553,20758.185448800312,20964.137681254815,34707
2020-07-24,20129.33203125,20176.321134531452,19810.405989829083,20083.342696123473,38747
2020-07-27,20038.859375,20229.994799111006,20059.354628682617,20107.343515354107,15694
2020-07-28,20119.3359375,20395.99250612617,20044.946932351937,20370.277764190145,10713
2020-07-29,20083.345703125,20102.02106262763,19950.37651861108,20017.36099502035,8950
2020-07-30,19960.37109375,20112.33585239012,19746.420709875092,20063.34721309166,21249
2020-07-31,20156.32421875,20401.987933816054,19953.730590587205,20348.279689708783,20923
2020-08-03,20737.6875,20827.717388426823,20420.36074993809,20493.244226828974,23619
2020-08-04,20709.203125,20841.172556905956,20593.269041324565,20752.19316721179,14847
2020-08-05,20690.205078125,20873.162677994384,20500.249100118537,20808.177738150065,19517
2020-08-06,20746.185546875,20784.176730470066,20571.575677001718,20652.207355876675,12469
2020-08-07,21016.130859375,21148.60016810756,20729.697222002327,20925.151937905845,28155
2020-08-10,20617.72265625,20917.153275018187,20488.352242114146,20846.169722655777,20647
2020-08-11,20716.201171875,20872.165043445508,20465.259301591683,20824.17615988535,10606
2020-08-12,20868.1640625,20881.80152718716,20454.50992170283,20537.240749862263,20228
2020-08-13,21038.126953125,21075.11838482512,20774.60791373383,20827.175815591883,12829
2020-08-14,20868.1640625,21054.120969299456,20758.78901818131,20997.134175280265,6570
2020-08-17,21062.11328125,21078.759809636616,20883.693739696715,20901.150626943207,13292
2020-08-18,21013.130859375,21068.1181177852,20916.713747921858,21020.129237718116,15874
2020-08-19,21186.5859375,21196.083734560438,21011.32580646331,21101.105763956068,7959
2020-08-20,21205.08203125,21379.041685820368,21067.41474085713,21095.107536981377,10947
2020-08-21,21585.998046875,21637.18540438225,21242.003539259902,21252.07542413144,13197
2020-08-24,21664.9765625,21906.92046319797,21241.97503408688,21706.9668262575,33114
2020-08-25,21770.955078125,21872.130851699007,21565.012566226094,21861.93399583759,34559
2020-08-26,22029.892578125,22031.892114551425,21658.779398449646,21870.9294322243,14770
2020-08-27,22268.841796875,22384.465405233397,22085.884175934523,22189.86009166026,15317
2020-08-28,21989.90625,22285.706871259914,21958.03277380879,22121.8756805524,15292
2020-09-01,22300.83203125,22394.810252846768,22083.882306925545,22266.839908544785,27466
2020-09-02,22602.7578125,22850.700307966206,22546.770797394725,22714.731842710546,38411
2020-09-03,21834.939453125,22862.701255222644,21765.9554411165,22829.70890165336,34250
2020-09-04,20949.14453125,21954.911420552162,20714.198985538264,21512.014072678547,102059
2020-09-07,21403.041015625,21419.03730935865,21070.118152293388,21095.112361252217,33232
2020-09-08,21197.083984375,21531.006541246108,20914.14960235547,21475.019525722808,42531
2020-09-09,21390.541015625,21480.02027158529,21052.11947213272,21052.11947213272,28233
2020-09-10,21850.439453125,21913.924749973547,21197.090768234826,21514.01736825041,23115
2020-09-11,21360.544921875,21734.958067986357,21274.785518899862,21583.993087845327,39884
2020-09-14,21573.501953125,21596.996510017205,21290.067617850957,21507.017355961954,25400
2020-09-15,21815.94140625,21850.933292470556,21533.007011952363,21567.99889817292,19523
2020-09-16,21542.001953125,21906.91728764445,21388.037674998985,21825.936076422327,41347
2020-09-17,20992.330078125,21085.0594496898,20749.38412351318,20869.357434432597,32071
2020-09-18,20717.892578125,21108.706056311312,20668.403583910153,20995.33087902642,19355
2020-09-21,20543.431640625,20704.696560480403,20420.798754945117,20612.41630011513,41326
2020-09-22,21136.80078125,21216.283110418193,20935.345569584704,20969.33801224783,37462
2020-09-23,21222.77734375,21607.191800877397,21209.280347205862,21469.222502870685,46837
2020-09-24,21003.828125,21033.56174573493,20501.439871064093,20772.379606022565,38277
2020-09-25,21250.7734375,21254.23360539508,20835.725126870886,20913.348487009243,18973
2020-09-28,21514.21484375,21622.190827909348,21427.763369019696,21495.219068759005,23757
2020-09-29,21612.6953125,21698.17630934139,21516.216760509426,21695.176976118884,26931
2020-09-30,21727.666015625,21769.266135405003,21342.251762822816,21515.213282238583,14680
2020-10-01,21912.12109375,22070.085921637597,21720.163834544815,21746.15804672885,17475
2020-10-02,21532.70703125,21780.151952444863,21238.913051899508,21675.175319210677,45344
2020-10-05,21591.69921875,21609.195328597805,21365.929104843388,21478.224449165664,28340
2020-10-06,21560.203125,21711.16953686529,21532.209353263388,21616.19066847322,26882
2020-10-07,21672.67578125,21755.157421289354,21488.216840798348,21507.21261244378,28757
2020-10-08,21848.642578125,21977.03395584288,21778.158248303334,21865.138910636455,23608
2020-10-09,21958.11328125,21995.105048832127,21851.1370885125,21853.136643516937,25927
2020-10-12,22492.99609375,22510.992090269134,22090.20484136452,22113.080611679372,21076
2020-10-13,22986.88671875,22986.88671875,22627.966558171047,22662.95877438348,29311
2020-10-14,22660.45703125,23134.851457198165,22568.977389576117,23100.85902204066,53932
2020-10-15,22422.009765625,22464.529599301215,22169.745596947043,22312.03424173778,50823
2020-10-16,22592.970703125,22791.92641468894,22467.998522494385,22551.97982787816,33069
2020-10-19,22256.048828125,22567.879847542874,22175.06684370929,22509.9923348113,28900
2020-10-20,22021.599609375,22232.05277795709,21936.11863116232,22218.05589263572,14769
2020-10-21,21765.16015625,22093.55783471356,21693.10586621447,22093.087236233925,22677
2020-10-22,21677.17578125,21891.128166509086,21577.19803112893,21692.17244376816,22017
2020-10-23,21756.16015625,21895.12924138941,21710.910456807334,21802.149925432826,17523
2020-10-26,21550.203125,22006.101646224775,21550.203125,21796.14837987126,17734
2020-10-27,21660.1796875,21762.15699320621,21593.19459453612,21730.164112984654,23690
2020-10-28,21191.283203125,21700.16993413041,21102.59200668335,21665.177722764613,23841
2020-10-29,21462.2265625,21495.21922456561,21095.308169224856,21185.288156676528,21623
2020-10-30,20929.34375,21283.265011464602,20804.371553155153,21049.31705897105,62178
2020-11-02,21038.322265625,21264.272027162388,20980.335158681777,21042.32137644867,38349
2020-11-03,21223.27734375,21249.99210224076,20924.644577502935,21000.32695522276,20255
2020-11-04,22167.564453125,22218.752275048115,21537.65391971194,21586.193893671072,32785
2020-11-05,22546.490234375,22730.949248109882,22423.017669625635,22543.990789744446,55393
2020-11-06,22386.01953125,22500.993951601646,22134.075584044647,22308.036880924534,38815
2020-11-09,22700.953125,23055.874218956444,22093.0882654915,22905.907559538227,493244
2020-11-10,21566.203125,22009.60450119663,21295.263388924945,21946.11862207941,57993
2020-11-11,21934.119140625,21962.11291135008,21383.34131107098,21399.23816427082,28751
2020-11-12,22174.064453125,22304.53541264224,21964.111184936344,22008.101393509205,28073
2020-11-13,22025.599609375,22314.03543640138,21981.109507805937,22150.071916012035,14777
2020-11-16,22262.548828125,22329.03404187016,22042.09785623316,22202.06228028166,52555
2020-11-17,22142.578125,22332.03601210633,22113.08468083305,22300.043123518455,21218
2020-11-18,22044.59765625,22150.074200059807,21950.11866677107,22055.095321747656,32077
2020-11-19,22116.580078125,22113.080856540866,21769.15736370019,21968.11310519814,22215
2020-11-20,22105.583984375,22160.351101702752,22037.499516165677,22114.082094497666,18269
2020-11-23,21780.158203125,22001.109085057094,21780.158203125,21950.12041999584,24211
2020-11-24,22028.09765625,22051.092538748697,21846.138151260326,21966.111451253517,33553
2020-11-25,22161.56640625,22287.19859434258,22126.074307478346,22207.05627932353,28851
2020-11-26,22404.013671875,22422.00966661344,22291.038816017004,22334.02924789217,13147
2020-11-27,22574.482421875,22577.28258074015,22318.87907799053,22329.03697646787,13127
2020-11-30,22312.0390625,22584.978376209838,22245.05395620491,22426.01372097224,25609
2020-12-01,22661.95703125,22772.932335898553,22578.536141788238,22645.960590940296,22837
2020-12-02,22823.919921875,22857.931882847,22666.95485867756,22750.93616637555,19858
2020-12-03,22666.95703125,22847.916771134274,22613.968820123668,22835.919440313217,25078
2020-12-04,22737.943359375,22842.920013850413,22546.866711860435,22740.94269236001,16972
2020-12-07,23102.861328125,23195.68052649271,22881.9104732905,22932.89913209846,14196
2020-12-08,23025.875,23134.850744648516,22983.884346098737,23056.868101689026,9818
2020-12-09,23055.87109375,23190.841068931313,22951.054567017036,23144.851299610273,15210
2020-12-10,22894.16015625,22915.15571777152,22488.245966833976,22649.211938498953,34357
2020-12-11,22729.693359375,22961.144414498063,22734.192407962706,22762.186488063984,18562
2020-12-14,22998.13671875,23013.233135774124,22610.218749490556,22714.196761869374,28049
2020-12-15,22732.693359375,23025.932137702493,22690.20234375,22904.15710477941,22649
2020-12-16,22898.66015625,22943.150752750673,22747.09258208455,22924.154767727912,27940
2020-12-17,22883.162109375,22962.14541095839,22852.518197395468,22943.14942703327,19335
2020-12-18,23005.6328125,23150.301424430123,22984.13736018611,23019.12995697616,25313
2020-12-21,23041.126953125,23500.029898169014,22921.152326969703,23436.043430886188,35007
2020-12-22,23206.09765625,23397.85792768305,23076.125113261223,23095.121100313427,20210
2020-12-23,22983.140625,23242.085875647077,22884.16155235884,23174.10024999456,10741
2020-12-24,22819.671875,22887.856667394415,22675.602747384797,22856.164154061426,5587
2020-12-29,23315.568359375,23413.64722339639,23269.47849879211,23371.056622660322,18731
2020-12-30,23148.6015625,23337.061682763946,23090.43418370335,23318.06570247209,13671
2020-12-31,23035.126953125,23077.118069966633,22968.14112387763,23036.12674162123,10682
2021-01-04,22905.16015625,23266.083893325787,22876.166282634495,23137.11114517405,40408
2021-01-05,22897.66015625,23023.133635110797,22764.547667035255,22808.179069731745,39068
2021-01-06,23026.12890625,23056.741570877235,22405.260248754395,22530.23381105222,24774
2021-01-07,23288.576171875,23316.74990269447,22787.182179980464,22917.15470031205,29480
2021-01-08,23475.041015625,23594.015882782554,23257.087057302757,23402.056433251037,20714
2021-01-11,23530.025390625,23728.983327856116,23430.12658889362,23688.991782684032,24105
2021-01-12,23193.59765625,23429.047890017133,23136.10980724104,23360.06247120638,19052
2021-01-13,23317.068359375,23317.068359375,22977.140255345006,23139.105999029885,19268
2021-01-14,23235.091796875,23330.891872474946,23164.1067918157,23231.09264166039,29406
2021-01-15,23144.60546875,23237.08591134528,22979.388455077198,23075.120163232466,31658
2021-01-18,23087.619140625,23151.105719186424,23063.12431897532,23069.12305080789,11153
2021-01-19,23132.107421875,23326.066398399344,23110.112074021723,23256.081200684373,14505
2021-01-20,23760.974609375,23783.009011650392,23313.06934029312,23374.056441663644,23624
2021-01-21,23846.955078125,23944.93435020517,23719.97998710513,23944.93435020517,31815
2021-01-22,23906.947265625,23998.927825529547,23831.06877129817,23894.949801289622,11717
2021-01-25,23898.447265625,24277.126968811965,23541.022834162624,24033.918623563888,42120
2021-01-26,24025.916015625,24145.890628494835,23969.82827465071,24108.898456193303,27712
2021-01-27,23727.98046875,24161.888677717998,23575.012828261282,24114.898618221465,31198
2021-01-28,23678.498046875,23748.944103031172,23158.107976429397,23314.075029243064,49739
2021-01-29,23180.09765625,23490.032108414656,23147.104633922794,23228.087506907752,30777
2021-02-01,23552.015625,23555.014990236446,23037.124592743134,23180.094335680475,25297
2021-02-02,24091.91015625,24144.89896142414,23749.193498728517,23813.96887627998,18434
2021-02-03,24081.91015625,24358.851623152532,24033.92029916942,24304.863033936876,16745
2021-02-04,24091.91015625,24259.154119868424,23984.93275712485,24179.89156861461,19538
2021-02-05,24159.890625,24344.851509155804,24105.52126375053,24321.856372206705,28628
2021-02-08,24310.853515625,24426.828964210807,24294.856902026957,24343.846531170962,45584
2021-02-09,24282.86328125,24366.845515918354,24223.87575928056,24330.85312963192,24630
2021-02-10,24038.9140625,24383.540368311933,23910.941137861835,24359.84616256914,34026
2021-02-11,24312.853515625,24334.678973791288,24164.88483726689,24182.881027878015,27788
2021-02-12,24301.359375,24374.84383035402,24089.9041055119,24306.8582117952,31418
2021-02-15,24387.84375,24419.83698576436,24341.154402641245,24379.84544105891,11715
2021-02-16,24253.373046875,24474.826233588225,24250.87357524167,24405.84081650826,22411
2021-02-17,24008.916015625,24289.85652534394,23969.924272283224,24265.861606364386,40601
2021-02-18,23765.97265625,24083.90540222987,23677.920969795818,24060.910266514347,18633
2021-02-19,23902.947265625,23975.931837751094,23805.96776567663,23859.956353276753,36968
2021-02-22,23212.095703125,23512.922768795546,23151.717834878822,23500.034866776634,30450
2021-02-23,22618.716796875,23189.096178165128,22226.299781701688,23122.1103437279,74616
2021-02-24,22867.6640625,23038.68844200749,22440.25444891518,22678.204128524976,55597
2021-02-25,22701.703125,23046.13034745007,22598.22498995332,23010.137952651225,34795
2021-02-26,22825.171875,22853.81620659446,22395.262812089357,22540.2321472569,54910
2021-03-01,23141.10546875,23181.25127446191,22890.658440325136,22987.138034109565,36980
2021-03-02,23075.12109375,23375.057676424392,23044.627541178103,23273.0792383151,34816
2021-03-03,22686.205078125,23127.111888730666,22497.24501643686,23072.12351099073,35745
2021-03-04,22231.794921875,22337.27259885914,21918.36125614488,22222.296932004392,47963
2021-03-05,21749.400390625,22317.28029417722,21654.420477178766,21894.36973220083,65232
2021-03-08,22311.28515625,22511.242900973517,21812.390583164826,22090.331848330512,44605
2021-03-09,22468.24609375,22489.24165144006,21968.35186303425,22022.340439951553,33961
2021-03-10,22577.2265625,22820.75515208195,22415.24127932839,22507.241359268442,45652
2021-03-11,22871.1640625,22883.161525725653,22616.21796895491,22693.201691319504,37053
2021-03-12,22603.21875,22773.182797571655,22510.23841809315,22646.209656150477,30879
2021-03-15,22860.16796875,22875.164798819158,22613.220166944568,22682.205585262684,28901
2021-03-16,23278.078125,23448.04218810398,23185.097784596055,23246.08488959219,20251
2021-03-17,22982.140625,23134.508798691593,22785.379494065524,23103.115046004263,8497
2021-03-18,22817.33984375,22963.310031165103,22728.35801717504,22920.318811583944,15150
2021-03-19,22678.369140625,22715.361586871226,22468.882620309923,22590.387106309652,33233
2021-03-22,23198.765625,23202.264910870126,22781.590995850227,22825.341832859267,19807
2021-03-23,23270.25,23364.23081632653,23041.29673469388,23082.28836734694,30871
2021-03-24,23127.27734375,23487.594390977323,22991.305109669505,23326.236715676605,58207
2021-03-25,22812.33984375,22988.303897416128,22521.469575884552,22926.316560329196,46504
2021-03-26,22786.345703125,22867.329161593392,22570.309752104225,22823.338147116734,13131
2021-03-29,22882.330078125,22998.30640918903,22570.2941503506,22905.325385146316,22150
2021-03-30,22985.30859375,23013.302879988583,22832.45893168771,22994.30675718383,13922
2021-03-31,23285.748046875,23300.245088444724,22898.32710837372,22970.312418237183,29475
2021-04-01,23531.697265625,23705.161862127705,23362.231852903336,23424.219201509488,24758
2021-04-06,24094.083984375,24111.08051650224,23839.136002466388,23920.119479072655,24762
2021-04-07,24170.564453125,24284.04128154343,23949.109673436174,24157.067209216202,14453
2021-04-08,24465.00390625,24494.99778108398,24322.283051831644,24389.01942333725,17865
2021-04-09,24502.998046875,24594.979270161784,24362.02682422895,24552.987842139555,26880
2021-04-12,24548.990234375,24685.96228219244,24474.005536664725,24663.96677086409,14571
2021-04-13,24788.4375,24861.922492286285,24514.993345029947,24561.98374826063,14001
2021-04-14,24633.46875,24968.781123673813,24607.97395717069,24789.93679226617,9597
2021-04-15,24807.935546875,24873.1214581496,24602.977388364972,24614.97493910702,26525
2021-04-16,24790.4375,24976.899422274204,24666.962715008773,24971.90044312476,11514
2021-04-19,24368.5234375,24867.921449973845,24312.03497362658,24807.933700727735,27885
2021-04-20,24145.0703125,24423.01356495859,24092.081131275878,24294.039897450828,9801
2021-04-21,24291.53515625,24334.02647163043,24147.064683956534,24198.054262413054,12624
2021-04-22,24603.974609375,24884.917226516467,24428.01055024013,24439.00830393606,12062
2021-04-23,24593.9765625,24608.073292550373,24255.045790733362,24259.044973881053,10476
2021-04-26,24574.9765625,24666.957760374287,24416.009057478135,24452.001700124594,8549
2021-04-27,24545.490234375,24792.939729619815,24505.99829472987,24738.95074883913,15995
2021-04-28,24496.998046875,24696.95721793757,24465.004579504992,24643.968037605988,16709
2021-04-29,24442.009765625,24662.964654085878,24379.622112455487,24568.983841799352,20195
2021-04-30,24603.974609375,24648.06521319254,24364.02361964563,24450.00605763199,14777
2021-05-04,23733.15234375,24352.025934649875,23685.162146071172,24283.040025486564,43844
2021-05-05,23919.119140625,24059.09057849858,23798.143826462838,23841.13505380972,11992
2021-05-06,23800.142578125,23868.128702691793,23648.173593799227,23811.140333569627,17162
2021-05-07,24136.072265625,24311.876216411056,23906.17974844082,23967.106762419226,15474
2021-05-10,23352.23046875,23892.120200013647,23311.23884100591,23811.136740324102,19338
2021-05-11,23015.798828125,23082.2852477106,22576.388581390092,23009.300155533925,27558
2021-05-12,22686.369140625,23090.286690878955,22660.374446796774,23016.30179306016,23164
2021-05-13,22877.330078125,23048.295179224526,22499.15727408467,22705.36518111261,32704
2021-05-14,23173.265625,23192.130911384444,22932.584328236928,23001.300757992492,15262
2021-05-17,22997.3046875,23258.251410543104,22974.309382404248,23194.264474624488,17079
2021-05-18,23073.7890625,23205.26221984206,22954.53411371143,23159.271609669173,11366
2021-05-19,22683.369140625,22745.35648577304,22417.423434022116,22676.37056939861,19068
2021-05-20,23283.748046875,23285.247740804207,22825.341602514385,22896.327115163465,14876
2021-05-21,23228.26171875,23396.32704485434,23240.259271396022,23345.2378570487,9453
2021-05-24,23599.181640625,23616.08834495118,23235.386777761607,23301.24247231004,10286
2021-05-25,23628.177734375,23820.138557165166,23622.878034738642,23672.168756264415,32011
2021-05-26,23750.1484375,23777.14292320038,23649.36824312814,23725.15354333298,13855
2021-05-27,23646.673828125,23710.160870726355,23547.194131450437,23684.166176117924,9862
2021-05-28,23693.162109375,23766.147206597736,23567.187831976855,23582.18476976235,9198
2021-06-01,23589.681640625,23804.1378364297,23492.400729689332,23587.182151163408,6718
2021-06-02,23648.171875,23687.163914196928,23580.185755374583,23610.179631679912,14381
2021-06-03,23511.203125,23661.17252748129,23182.270235557706,23640.176811133908,11752
2021-06-04,23770.14453125,23795.139425604626,23389.472290229034,23467.206411671927,7523
2021-06-07,23700.158203125,23820.133692868727,23674.163513680527,23817.13430562513,8171
2021-06-08,23828.138671875,24112.08074307093,23795.145403038856,23910.1219459527,9383
2021-06-09,24016.08984375,24046.083711420473,23836.126637727142,23867.120300986637,8657
2021-06-10,24059.5859375,24145.06847807455,23706.158123545578,23956.107072593968,10218
2021-06-11,24224.55859375,24323.038505489178,24065.091122456615,24139.07603076828,17518
2021-06-14,24350.53125,24476.005646825153,24174.067257652274,24270.047672753586,13854
2021-06-15,24419.017578125,24668.08589920137,24387.024106027882,24536.993506483122,19585
2021-06-16,24399.01953125,24602.977898090478,24326.03442939042,24367.02606194169,9868
2021-06-17,24905.12109375,24905.12109375,24283.242919510238,24317.23626022431,16320
2021-06-18,24859.134765625,25072.09308709693,24771.972136909284,25053.096804899906,21438
2021-06-21,24808.142578125,25104.08463281911,24600.183296448056,24953.11419275556,18807
2021-06-22,24985.107421875,24996.685232835658,24705.16224067752,24921.119951887005,16343
2021-06-23,25017.09765625,25115.078455958756,24936.652482764628,24990.102946126157,11528
2021-06-24,25345.037109375,25391.028103735207,25056.093688285873,25078.089381240756,19283
2021-06-25,25273.05078125,25395.026894681145,25084.087785852567,25185.068010906223,6265
2021-06-28,25512.0078125,25521.006051725322,25231.00225276882,25242.06063574039,9987
2021-06-29,25663.974609375,25736.96031768013,25452.016114023118,25547.997319465478,20285
2021-06-30,25785.451171875,25909.64755717058,25625.9823960888,25781.951857045835,14877
2021-07-01,25759.458984375,25903.930711877656,25623.985495955556,25783.954190768185,15149
2021-07-02,25969.416015625,26111.888124124744,25704.967786164074,25850.939209609423,14489
2021-07-05,25972.916015625,26094.892139803393,25911.927953535804,26036.90349060383,12904
2021-07-06,26149.880859375,26217.867550196544,25795.950145392253,25890.931551687056,18451
2021-07-07,26245.357421875,26388.829309650057,26196.646263330946,26198.866531411306,24294
2021-07-08,26044.900390625,26312.84792631358,25805.947177828097,26245.861042391436,23371
2021-07-09,26182.873046875,26211.86736940285,25935.31214757604,26143.880682096165,24634
2021-07-12,26138.880859375,26350.839348595757,26034.951994460243,26121.88418806956,12707
2021-07-13,26509.802734375,26524.79979419079,26200.86330216976,26226.85820585046,18187
2021-07-14,26358.841796875,26471.81968805414,26212.87036225416,26338.84570994064,18654
2021-07-15,26163.87890625,26519.809239492577,26058.889690315642,26349.84250732618,13622
2021-07-16,26119.388671875,26333.087087402888,26106.16079170151,26202.872334877226,8738
2021-07-19,26004.40625,26278.852491397374,25770.951979084566,26106.886176204847,14889
2021-07-20,26389.833984375,26443.823415523184,26021.90600914295,26274.856492114985,16699
2021-07-21,26424.826171875,26669.778211682395,26040.90134213607,26478.81560105704,16750
2021-07-22,26504.806640625,26558.79606192239,26352.836417713836,26488.809775055404,10553
2021-07-23,26790.751953125,26796.36022951838,26583.972146771244,26679.77369268326,14902
2021-07-26,26751.763671875,26896.735295465904,26662.781089119202,26879.738622355246,17811
2021-07-27,26160.87890625,27059.702957947575,26160.87890625,26772.75912831776,13188
2021-07-28,26483.3125,26605.78850963626,26181.871545670765,26346.8392321196,6999
2021-07-29,26402.830078125,26547.801691322824,26241.86159726397,26360.83830050908,12692
2021-07-30,26290.853515625,26419.82826857281,25988.53183629138,26034.903618302214,15515
2021-08-02,26480.3125,26558.797124841894,26295.848636518094,26490.810443450187,18943
2021-08-03,26229.861328125,26455.817061311824,26161.804348615296,26397.8284218214,8683
2021-08-04,26455.3203125,26506.810231288146,26362.947773120657,26461.81904011404,11658
2021-08-05,26619.7890625,26694.77438380282,26450.822138497653,26545.803545481223,9850
2021-08-06,26637.787109375,26694.775956923488,26545.805109823053,26627.789065945442,8619
2021-08-09,26699.76953125,26738.761892669914,26537.80126073652,26538.801064875493,7699
2021-08-10,26597.791015625,26829.745589004884,26526.80491773719,26682.77437225125,10961
2021-08-11,26477.8125,26702.918788081806,26431.8215104973,26691.770581599518,11562
2021-08-12,26622.2890625,26648.783876513942,26422.82810416862,26487.815383825462,4439
2021-08-13,26680.7734375,26907.72897861941,26578.79341461815,26804.74915159166,5477
2021-08-16,26444.3203125,26732.763814651506,26359.8368603967,26692.771647975387,10164
2021-08-17,26685.2734375,26808.749253596787,26615.78704706497,26784.753953302676,4497
2021-08-18,26665.77734375,26781.065310768667,26626.78498064377,26747.761286691304,6537
2021-08-19,26737.765625,26749.763276254536,26303.460022750918,26337.84391651554,8576
2021-08-20,27051.205078125,27113.69284695625,26701.773474820628,26798.754492046734,17254
2021-08-23,27253.66015625,27336.64389714177,26986.401973605272,27155.679353751286,6302
2021-08-24,27355.646484375,27486.62085261641,27318.653723879335,27414.63494030052,19459
2021-08-25,27394.638671875,27509.61616995039,27324.652368698677,27433.631040787524,10471
2021-08-26,27322.15234375,27417.633655572456,27237.668879362594,27281.660269102784,7388
2021-08-27,27390.138671875,27468.623309342547,27233.390056873075,27366.643270849683,7663
2021-08-31,27691.57421875,27943.52485250546,27571.597726485492,27816.549731525523,12979
2021-09-01,27833.05078125,28056.50703247077,27704.57593435126,27839.54950891414,9911
2021-09-02,27704.57421875,27883.539169495445,27646.5855754917,27764.56247039652,9075
2021-09-03,27618.59375,27703.577114782438,27488.619192097452,27648.587878746745,5500
2021-09-06,27800.05859375,27811.556343253807,27671.58374059876,27736.571020402887,7752
2021-09-07,27780.5625,27841.550562783414,27665.965789432477,27799.55878185057,8287
2021-09-08,27742.06640625,27899.535564155554,27698.174612323375,27865.5422221315,28139
2021-09-09,27609.595703125,28167.48650168896,27499.61723028981,27677.582395423116,10760
2021-09-10,27493.61328125,27919.529833045064,27469.61798255732,27534.605249849992,11053
2021-09-13,27186.677734375,27491.938286805722,27179.679104478684,27447.626649080496,1091
2021-09-14,27302.654296875,27341.64666239346,27164.36106139737,27275.659582285298,8571
2021-09-15,27154.181640625,27325.64805758287,27083.65639104808,27284.65608618186,8295
2021-09-16,27320.345703125,27440.822973704737,27297.849947207622,27409.82882110746,7403
2021-09-17,27255.8515625,27616.783385032646,27255.8515625,27536.79849361267,18555
2021-09-20,26905.42578125,27384.835367177773,26821.970817282832,27196.87081628221,22628
2021-09-21,26999.404296875,27161.68421602644,26865.92948809747,26993.905334715626,16551
2021-09-22,27129.8828125,27160.876966440945,26989.90921405703,27040.899596346968,8822
2021-09-23,27250.35546875,27388.429011541888,27111.88161090766,27294.847069284184,13115
2021-09-24,27250.85546875,27299.846220069663,27164.871701127733,27217.861697453085,13321
2021-09-27,27099.8828125,27539.799744339147,26959.909243278456,27512.80484170356,19414
2021-09-28,26768.94921875,27273.853953024623,26731.956198615026,26968.91148974985,14120
2021-09-29,26961.41015625,27213.862497653336,26831.93459897581,26956.911005611128,16641
2021-09-30,26824.93359375,27216.859570967667,26817.9349155854,27032.894316355294,10804
2021-10-01,26527.990234375,26766.94510815541,26255.041780224157,26535.98872387393,15169
2021-10-04,26005.08984375,26556.985637435122,25909.10796658737,26501.9960203107,18657
2021-10-05,26362.025390625,26556.98860036338,26028.937854820666,26084.07784033131,19903
2021-10-06,26355.029296875,26451.01119416256,26045.087753550597,26247.0496624265,16147
2021-10-07,26878.92578125,26943.913512829426,26775.94522197799,26795.94144707935,8957
2021-10-08,26656.96875,26862.082380497824,26597.979883589003,26800.941576494635,18403
2021-10-11,26694.458984375,26730.952092969903,26348.02440552199,26422.01043390618,11725
2021-10-12,26410.015625,26566.98599990536,26256.044684010034,26271.04185358698,11470
2021-10-13,26380.5234375,26521.99674922069,26265.04522192587,26299.038809194444,10430
2021-10-14,26831.93359375,26836.86235060203,26527.37781872767,26586.979845921676,23320
2021-10-15,26873.42578125,26950.911150524582,26773.0052894419,26939.913227143676,20956
2021-10-18,27128.8828125,27142.51110123804,26794.945801393085,26850.93524038107,10443
2021-10-19,27266.3515625,27279.84901390875,27144.874499821242,27238.856754074768,12028
2021-10-20,27276.849609375,27426.821291854518,27269.241670899217,27328.839792634564,4256
2021-10-21,27307.845703125,27359.45510258736,27093.886087540162,27140.8772180658,4219
2021-10-22,27268.8515625,27528.802483019543,27137.876291007462,27345.837027423095,8207
2021-10-25,27415.326171875,27617.618073415008,27272.243799420878,27343.839662829247,3127
2021-10-26,27821.25,27857.12408976647,27580.795374912403,27689.774809983286,17769
2021-10-27,27901.732421875,27948.653251174717,27611.7871607454,27675.775080442967,6185
2021-10-28,27884.736328125,27960.72198466632,27755.424800160195,27767.758409502174,10007
2021-10-29,28133.6875,28144.30463578529,27691.77094735065,27790.752256654465,11334
2021-11-01,28384.14453125,28542.614631399814,27693.774788956965,28458.6304773772,21185
2021-11-02,28664.091796875,28721.430587842402,28433.25449077387,28459.630373674005,18010
2021-11-03,28629.595703125,28728.57701880893,28575.225107074893,28689.58437929708,9584
2021-11-04,29556.919921875,29592.77643374111,28974.44980881892,28980.52873929704,10414
2021-11-05,29783.376953125,29931.968040025662,29577.41583820527,29577.41583820527,14303
2021-11-08,29530.423828125,29689.393810135833,29413.445916834014,29577.41495488292,12842
2021-11-09,29373.458984375,29588.978875531346,29244.803566460727,29445.44540484115,14639
2021-11-10,29305.96875,29412.448652832507,29020.522625505346,29319.466202471725,15570
2021-11-11,29395.953125,29418.448880159176,29265.47774507678,29298.47151931024,15307
2021-11-12,29527.92578125,29552.10090502178,29258.476647281903,29360.457395574096,19205
2021-11-15,29444.439453125,29658.47911011895,29424.88259953821,29575.414718604097,13767
2021-11-16,29732.388671875,29732.388671875,29384.45433675453,29444.44301522358,14672
2021-11-17,29718.390625,29887.35873210621,29551.422140463095,29696.394776737652,21742
2021-11-18,29767.376953125,29828.705211988803,29594.409626591205,29658.397539297348,16060
2021-11-19,30180.8046875,30238.293838926344,30013.67606949814,30052.32893170374,28162
2021-11-22,30311.28125,30596.006828446265,30252.292379275656,30331.277477364187,21892
2021-11-23,29687.3984375,30025.33467404986,29564.421641359073,29865.36485793158,24874
2021-11-24,29945.34765625,29960.344825454493,29552.082043477512,29898.356526075924,28599
2021-11-25,30114.322265625,30182.489100995008,30071.67015097645,30127.319815075636,15546
2021-11-26,29538.423828125,29919.351917703785,29444.441569803726,29867.361732249465,26167
2021-11-29,30010.3359375,30010.3359375,29663.586928762605,29770.381225846213,22619
2021-11-30,29858.3671875,30189.205165191146,29794.3792588903,29973.345496720547,26156
2021-12-01,30127.318359375,30274.899902316407,29676.40339637503,30097.324015938197,14002
2021-12-02,29216.486328125,29430.44595012961,28927.683408510038,29361.45896920289,26672
2021-12-03,29078.513671875,29678.999985742892,28940.955640975557,29523.429728262858,26539
2021-12-06,29068.515625,29176.495252416247,28770.57183824035,29122.50543870812,16653
2021-12-07,30146.3125,30496.367551241354,29453.4432189407,29467.44057815402,36720
2021-12-08,30173.306640625,30497.24551704776,30118.067063704144,30258.290605118626,18956
2021-12-09,30287.283203125,30426.256971495066,30135.311888072843,30382.265275032598,10937
2021-12-10,29932.349609375,30405.26033705335,29586.30360505933,29937.348665692953,14868
2021-12-13,29913.35546875,30329.276986013276,29878.362071864867,30275.287173676217,21488
2021-12-14,29214.486328125,29907.35556239573,29125.18286993352,29894.358015432495,27630
2021-12-15,29237.482421875,29495.433742356614,29237.482421875,29467.43902540512,23570
2021-12-16,29409.63671875,30330.769517841047,29409.63671875,30204.491765202703,22789
2021-12-17,29217.671875,29429.633221798755,28782.751186993122,29198.675339201996,26195
2021-12-20,28732.76171875,28959.720341832897,28525.424518477685,28876.73547083783,24166
2021-12-21,29065.69921875,29329.651081216034,28845.739333361642,29168.680437818188,13530
2021-12-22,29573.607421875,29573.607421875,29240.498240553523,29394.64005555039,8986
2021-12-23,29771.564453125,29777.56335787426,29505.939121576088,29660.584715263667,6714
2021-12-24,29794.564453125,30360.404583920856,29727.775856397744,29777.56755394033,5213
2021-12-29,29870.5546875,30228.489437069053,29730.580204428305,30153.503106852073,11901
2021-12-30,29977.533203125,30064.5173404252,29820.561828916594,29972.534114774415,5954
2021-12-31,29764.564453125,29792.11410956032,29672.5812509185,29752.566644141545,5938
2022-01-04,29297.658203125,30044.522028594554,29127.841509291113,29996.530778765184,23258
2022-01-05,29129.685546875,29387.638485646024,29094.69193115025,29333.648335670692,17201
2022-01-06,28552.791015625,28800.74578038006,28252.334110266955,28583.785361219383,35665
2022-01-07,28151.86328125,28580.78501821261,27988.367722778286,28482.802896482222,22522
2022-01-10,27598.96875,28211.556294972856,27357.793965796114,28194.860119910158,35272
2022-01-11,28308.83203125,28315.4792552543,27901.48452029316,28138.86306023522,23840
2022-01-12,28397.82421875,28613.784857811013,28258.849548243143,28512.80326269452,23466
2022-01-13,28172.861328125,28456.008901340883,28010.090235986925,28273.8429092926,16762
2022-01-14,27796.931640625,27956.902472309772,27352.01276500173,27641.959897430377,20685
2022-01-17,27934.90234375,28028.0845582917,27682.34882120311,27833.92077121175,13651
2022-01-18,27542.9765625,27814.926962710542,27424.15838945305,27738.940821475244,36248
2022-01-19,27173.046875,27561.546371497017,27125.815250043866,27185.04468802892,30461
2022-01-20,27439.9921875,27490.982881672437,27016.342941202452,27190.037804301784,15054
2022-01-21,26726.125,26818.10822172758,26268.208526617036,26646.1395898021,45296
2022-01-24,25524.34765625,26323.311403473497,25445.362053020584,26216.221547829184,64745
2022-01-25,25577.3359375,26104.89012789046,25542.143136205876,25884.27996583291,56289
2022-01-26,26182.2265625,26374.19156421841,25739.30731374346,25769.30184526196,36897
2022-01-27,26172.228515625,26319.420430924103,25494.35209993207,25539.343897433813,53459
2022-01-28,25928.2734375,25997.690470707887,25311.385892251186,25876.282915047912,47691
2022-01-31,26866.095703125,26881.112493120854,26280.202655526056,26317.195902558753,54208
2022-02-01,27018.0703125,27200.056638724356,26753.118655289014,27081.058819686008,48320
2022-02-02,27036.068359375,27576.969693734747,27011.072918785365,27430.996320691265,45083
2022-02-03,26453.17578125,26859.101753250434,26452.47278445428,26859.101753250434,33012
2022-02-04,26367.19140625,26650.139804853396,26038.653665540576,26593.150198067553,55848
2022-02-07,26484.16796875,26798.407510807203,26444.95637289797,26626.142065603883,36487
2022-02-08,26532.158203125,26532.158203125,26153.227353406328,26366.188490583314,20611
2022-02-09,27001.072265625,27043.06460196345,26650.13631193936,26709.125546319567,22776
2022-02-10,26697.126953125,27244.767226304677,26649.135713002535,27158.04282180115,45888
2022-02-11,26211.21484375,26604.14311021299,26211.21484375,26415.177608020866,35152
2022-02-14,26000.2578125,26018.25453007835,25427.362302922516,25798.29464856518,34209
2022-02-15,26284.205078125,26343.194316955283,25749.60338461295,25780.29700404934,33245
2022-02-16,26038.25,26459.173213531467,25935.268786238146,26337.195465192184,40223
2022-02-17,25858.28125,26277.204802710436,25766.60852577756,26163.225602211653,13278
2022-02-18,25288.388671875,25672.318662386206,25193.40599193082,25586.334341594633,31277
2022-02-21,24810.474609375,25382.37029652239,24795.477344851904,25324.380873699753,29216
2022-02-22,25054.4296875,25474.353087027117,24495.531639081768,24541.523249506165,36725
2022-02-23,24851.470703125,25325.384330147903,24786.671966123165,25139.418223341447,34801
2022-02-24,24744.484375,24906.911764849065,23829.251005462273,23874.64311247424,53047
2022-02-25,25829.287109375,25829.287109375,25165.408242740912,25225.397296954838,88570
2022-02-28,26051.248046875,26057.246952627276,25508.046349899076,25638.32336759348,18848
2022-03-01,25875.27734375,26112.343450354645,25728.55412310876,26047.24595669919,21764
2022-03-02,26034.25,26036.24963516264,25657.318771842234,25746.302536579744,26854
2022-03-03,25889.27734375,26310.819587708993,25780.297223626854,25985.259834867633,16379
2022-03-04,25519.3515625,25905.900291946837,25433.767542548063,25675.32315173954,24621
2022-03-07,25362.375,25746.3049877794,25149.413834903615,25177.408729845865,18305
2022-03-08,24597.51171875,25041.430717332434,24488.320705215658,24635.504786196245,22451
2022-03-09,25351.376953125,25473.35666217569,24899.459364277685,25044.432927071626,44635
2022-03-10,25028.43359375,25512.34530466659,25021.223971636493,25492.348952975823,15468
2022-03-11,25185.404296875,25853.28242590686,25185.404296875,25446.35667962547,25131
2022-03-14,24662.50390625,25234.399646890328,24632.509374398232,25100.424071285775,23732
2022-03-15,25060.4296875,25114.419841225314,24330.562794546677,24458.539455228904,33019
2022-03-16,25755.3046875,25906.277164511357,25493.459844914432,25509.349526276204,47914
2022-03-17,25985.50390625,26136.477784274,25516.665104341526,25958.5085770669,26104
2022-03-18,26516.404296875,26527.363335004135,26053.48452803321,26104.475690475825,20690
2022-03-21,26542.404296875,26876.846389665323,26392.4302642336,26702.376598359162,27463
2022-03-22,26966.328125,27127.64978564465,26549.951042941033,26825.352548802417,18894
2022-03-23,27077.310546875,27192.251578019204,26816.355740998977,27036.317646335086,22716
2022-03-24,27080.310546875,27229.284749255818,26844.351407533577,26925.337383324488,15249
2022-03-25,27143.3046875,27510.372050701688,27024.325268838867,27429.255223105756,27172
2022-03-28,27602.224609375,27876.77671918829,27290.57930758545,27302.276502633504,32374
2022-03-29,28180.12109375,28311.098417265388,27992.50318595855,28041.145155058097,58452
2022-03-30,28145.126953125,28365.993009254224,28059.141840586144,28364.089042032083,41670
2022-03-31,27979.158203125,28262.109238412464,27633.3176602498,28203.119446603418,18116
2022-04-01,27636.216796875,27903.07100108191,27355.714564207672,27853.17924558966,31446
2022-04-04,28131.12890625,28153.12509746188,27615.21823964405,27728.19867632326,30684
2022-04-05,27867.17578125,28304.100143204872,27811.78497958895,28207.116932427703,25584
2022-04-06,27074.310546875,27810.1830887894,27007.32214971703,27782.18793773831,42389
2022-04-07,26972.328125,27326.26681930441,26972.328125,27159.295740352893,26831
2022-04-08,27109.306640625,27437.84937030474,26952.333816896367,27386.258692681247,22599
2022-04-11,26412.427734375,26873.347944298417,26323.44313853295,26795.361444571678,20798
2022-04-12,26615.39453125,26781.916497908776,26165.47238477883,26260.455949033854,29917
2022-04-13,26525.404296875,26558.398580395424,26204.5106750842,26473.413304660997,25556
2022-04-14,26333.44140625,26630.639958076557,26283.45006027413,26525.408174797347,31797
2022-04-19,26643.390625,26656.388376355637,25865.57011182127,26300.44995461667,37128
2022-04-20,26330.44140625,26790.3617801583,26304.977064895702,26478.415787420498,19407
2022-04-21,26334.44140625,26729.302741724292,26275.451617610765,26345.439502436973,38830
2022-04-22,25869.517578125,26139.470803219447,25807.528319029236,25910.51047526897,30234
2022-04-25,25657.556640625,25835.576592492722,25303.176605684537,25360.60806599069,21569
2022-04-26,25467.587890625,26037.48915859203,25394.600535253783,25964.501803220814,24186
2022-04-27,25686.5546875,25737.846592178277,25259.628571289555,25461.59361923923,44238
2022-04-28,25895.515625,26132.47459037162,25679.55302364865,25842.52480152027,38778
2022-04-29,25737.548828125,26172.7743394428,25608.571134129656,26070.491247508326,25613
2022-05-03,25625.556640625,25702.406596428988,25314.809741527366,25566.566869193208,26998
2022-05-04,25255.625,25816.37356535971,25225.07951010661,25686.550351346003,30828
2022-05-05,25612.55859375,26573.591162376346,25503.577491875512,26313.437056263905,23374
2022-05-06,25318.6171875,25573.573053029853,24876.52379478271,25552.57668763328,24644
2022-05-09,24423.775390625,25158.648278790602,24378.28325945284,25126.653812911285,37980
2022-05-10,24339.787109375,24877.547545882615,24222.807357000824,24579.74557578356,24024
2022-05-11,24467.763671875,24877.692697106642,24055.83499286174,24652.731646674645,53873
2022-05-12,23931.861328125,24245.80703572156,23455.943631258877,23863.873085715553,38314
2022-05-13,24693.7265625,24737.71894928233,24155.819651388778,24241.804771008785,35906
2022-05-16,24456.767578125,24769.664600889755,24362.783842695386,24587.744911542864,42380
2022-05-17,24477.763671875,24650.823564421127,24238.805028072282,24402.776649761177,37114
2022-05-18,23965.85546875,24680.731841722725,23965.85546875,24647.737547585522,38542
2022-05-19,23454.94140625,23584.91891521511,23140.99573074966,23570.92133732656,27799
2022-05-20,23102.001953125,23720.17426871329,23008.7387964301,23504.932221761257,21762
2022-05-23,23352.95703125,23479.93504824571,22963.825180752727,23393.9499343746,62662
2022-05-24,22759.05859375,23237.97565505151,22659.07590871837,22920.030716650926,31820
2022-05-25,23093.005859375,23277.106829975757,22894.040272241797,23144.9968670681,35464
2022-05-26,23717.890625,23797.990028182587,23123.993523944016,23145.98971287202,45360
2022-05-27,24411.775390625,24411.775390625,23731.092405793865,23799.881282701404,41432
2022-05-30,24776.7109375,24954.68012949689,24676.677472906063,24882.69259116107,26233
2022-05-31,24453.767578125,24723.521670736172,24284.796823332985,24670.730026585756,26253
2022-06-01,24601.740234375,25030.515601742994,24446.76706781692,24629.735387043555,32624
2022-06-06,24698.7265625,24995.675183682146,24664.732444250192,24704.725524544087,22363
2022-06-07,24519.7578125,24728.72165945859,24335.789641014926,24561.75054729551,31384
2022-06-08,24894.689453125,24900.68841439729,24595.74121638921,24678.72684732256,13027
2022-06-09,24563.751953125,24855.701463476373,24428.775295942003,24662.734835059196,17029
2022-06-10,23540.923828125,24265.798314232055,23508.929368048553,24183.812510286156,18879
2022-06-13,22948.029296875,23210.483884293513,22826.55031641272,23086.00542283216,75342
2022-06-14,23079.0078125,23149.604975661667,22872.04361299441,23118.001067479312,21180
2022-06-15,23314.962890625,23372.60330050758,23014.01500134681,23165.988686297922,54907
2022-06-16,22155.466796875,23152.307827448778,22140.109870893084,23101.315959285024,38401
2022-06-17,22522.41015625,22607.396610271186,22240.78512254905,22317.442825963608,21145
2022-06-20,22684.3828125,22705.379464433292,22583.398915106554,22634.3907840874,24497
2022-06-21,23135.30859375,23196.298862310385,22715.824744190053,22746.37065161902,16294
2022-06-22,23186.302734375,23305.283761774335,22604.395524741267,22788.36618895537,26632
2022-06-23,23252.298828125,23376.27909363444,22957.765632159448,23013.336864764067,17949
2022-06-24,23799.20703125,23941.604258745592,23454.26200643039,23497.25515445138,25641
2022-06-27,24056.666015625,24308.125939688496,23872.195415268285,24101.15892465413,12937
2022-06-28,23745.2109375,24284.322176254846,23744.21109704619,24067.159563626363,17542
2022-06-29,23510.25390625,23617.236859723198,23233.298036043685,23263.29325664365,12917
2022-06-30,23225.30078125,23276.2926594989,22739.048151200408,23123.317024752196,13629
2022-07-01,23316.283203125,23563.24383567954,22937.34360904334,22954.340899543044,30320
2022-07-04,23294.28515625,23334.27877828837,23182.30301454256,23292.28547514808,5590
2022-07-05,23572.23828125,23662.53637124726,23270.28646750138,23522.24625910619,23122
2022-07-06,24172.14453125,24329.11949366753,23988.17387465875,24084.158565054186,23005
2022-07-07,24488.095703125,24544.04771982991,24161.067765197895,24309.124237713462,13678
2022-07-08,24739.0546875,24748.05325243503,24380.111930647054,24580.08004031443,32162
2022-07-11,24465.099609375,24742.77604345644,24346.39783048546,24499.094189730502,10204
2022-07-12,24448.103515625,24669.068298749207,24248.135386100832,24293.128215243767,11842
2022-07-13,24036.166015625,24306.122955068375,23592.236826318116,24211.138106004964,16503
2022-07-14,24046.166015625,24139.55151661847,23836.199493243246,24130.152624577702,24194
2022-07-15,24614.076171875,24996.015285436468,24251.13402993046,24369.115222077722,11486
2022-07-18,24717.0625,24899.113576858563,24587.08320607985,24857.040201144773,19423
2022-07-19,24699.064453125,24703.708244433677,24200.143951076287,24328.123558816234,19962
2022-07-20,25406.447265625,25409.70651134822,24952.01975407558,25030.007313813432,24015
2022-07-21,25574.92578125,25628.997245509396,25325.96544192746,25353.96098209224,10020
2022-07-22,25348.9609375,25758.74134687632,25267.973841853032,25552.92843764791,22508
2022-07-25,25060.505859375,25328.963072694325,24940.025061591095,25281.970562355375,11035
2022-07-26,24663.0703125,25092.76161331051,24646.073020761545,24973.020926554203,9877
2022-07-27,25191.984375,25243.976087474202,24813.284974400554,24886.033143901812,13675
2022-07-28,25460.94140625,25492.93630611256,25041.008345553946,25198.98316362532,51414
2022-07-29,25692.40625,26099.601134428514,25669.909834510538,25790.89055780943,33310
2022-08-01,25945.8671875,26039.852217003852,25650.914169376203,25899.874513487473,23562
2022-08-02,25869.873046875,25948.860446221955,25640.909572818633,25796.88469051642,13856
2022-08-03,26570.765625,26585.76323494826,25814.886083607715,25939.866166509877,16175
2022-08-04,26617.759765625,26904.313726682234,26295.811052360357,26632.757376491365,17605
2022-08-05,26580.763671875,26970.30119842951,26553.767974333507,26810.727021302544,10672
2022-08-08,26784.734375,27031.695045074473,26675.751731120985,26815.729438855502,11695
2022-08-09,26368.296875,26736.738145203337,26189.42499667775,26694.744838965777,12894
2022-08-10,26619.259765625,26805.730062403753,26261.81670343517,26299.8106513043,22006
2022-08-11,26842.21875,27077.681194476,26755.732544279515,26913.707347792075,14039
2022-08-12,27151.171875,27172.86763526346,26708.74240197658,26744.736664188655,18006
2022-08-15,27513.615234375,27557.807410345184,27272.653635731043,27320.645987328182,16257
2022-08-16,27523.115234375,27804.57039515882,27293.65179068091,27695.58775741304,19085
2022-08-17,27276.6484375,27545.605529603938,26447.78067038415,27529.608081746454,13644
2022-08-18,27616.59765625,27616.59765625,27284.650571717397,27319.64499327957,10906
2022-08-19,27408.6328125,27763.576257159013,27408.6328125,27609.60079102524,10545
2022-08-22,26955.701171875,27296.64679871511,26864.715682014445,27231.657163100426,15504
2022-08-23,26636.7578125,26932.710678852614,26389.797143617918,26757.73854502928,15775
2022-08-24,26907.71484375,26909.714525293082,26533.415077415855,26659.754332407476,12761
2022-08-25,26987.697265625,27106.428335952987,26808.72579961482,26975.699178518174,14144
2022-08-26,26652.751953125,27248.73704021151,26379.7954582755,27237.6587278025,19120
2022-08-30,25882.873046875,26388.54241928034,25723.89839494727,26196.82298841781,26730
2022-08-31,25916.869140625,26339.801729895644,25874.875833888906,26079.8431643865,28718
2022-09-01,25616.91015625,25849.872962791753,25526.924522821853,25668.90185556404,28763
2022-09-02,26222.818359375,26316.80337198724,25915.86730754566,26081.84084045664,24450
2022-09-05,25805.88671875,25883.624327908576,25658.990211170232,25873.875881743996,16626
2022-09-06,25668.90625,25850.877228751997,25389.950738616444,25738.89508798154,9989
2022-09-07,25872.873046875,25938.86252096758,25514.930141948567,25574.920572941825,16251
2022-09-08,26289.810546875,26352.800509012868,25845.88128990335,26168.829825943536,26082
2022-09-09,26548.767578125,26561.765505986845,26115.836596265017,26139.832770779194,15573
2022-09-12,26646.755859375,26690.748852426386,26418.792168108725,26514.77688022084,17763
2022-09-13,25913.369140625,26815.725295709944,25886.873364326104,26739.73740896595,39352
2022-09-14,25635.908203125,25777.885541847456,25462.935811582855,25742.891127373612,29449
2022-09-15,25502.291015625,25838.2421557979,25363.31122847014,25762.25320742546,14151
2022-09-16,25125.345703125,25439.300040773982,25101.349193241,25306.319381833488,13502
2022-09-20,25512.291015625,25644.27182821563,25380.310203034373,25596.2788054554,14744
2022-09-21,25679.263671875,25694.261489695276,25438.298732229247,25493.290730903587,13674
2022-09-22,24930.87109375,25289.318918535315,24878.37873447182,25167.33667411744,19434
2022-09-23,25336.314453125,26496.145738272,24758.8984469419,24973.36724923848,16784
2022-09-26,25911.228515625,25952.222548777252,25317.3149621509,25653.266063105948,48977
2022-09-27,25750.2578125,26227.18850196814,25731.81127451554,25831.246042787043,10816
2022-09-28,25850.23828125,25951.223585899428,23996.50803550708,25618.272036906765,20880
2022-09-29,24745.3984375,25887.23224959847,24674.40876967251,25810.24345491232,24082
2022-09-30,24724.40234375,24970.36655341364,24473.43886153222,24672.409909186954,17035
2022-10-03,24159.986328125,24234.47549490321,23764.04391142471,23951.51664660477,13492
2022-10-04,24774.396484375,24901.709997465176,24432.446222140105,24497.436769056094,21577
2022-10-05,24707.408203125,24816.39235974111,24500.43829101918,24535.43320369408,26927
2022-10-06,25297.322265625,25376.31078224428,24892.3811361211,24995.36616411839,26317
2022-10-07,24542.4296875,25142.34241513383,24507.434778388026,25081.35128782439,37628
2022-10-10,24195.478515625,24476.437623972062,24118.489720811034,24266.46818357034,27493
2022-10-11,23872.525390625,24192.478821894896,23763.711150245425,24052.499195714317,24112
2022-10-12,23904.5234375,24221.477341201167,23813.536670191465,24189.48199445531,24483
2022-10-13,23505.080078125,23865.52763403729,22696.697695447925,23831.53258022032,70237
2022-10-14,23644.5625,24299.586411766497,23096.642157899187,24022.507553492895,33480
2022-10-17,23649.060546875,23836.533281365606,23416.59435610665,23480.585049479443,25713
2022-10-18,23980.509765625,24560.425362025206,23976.51034771879,24240.47192952854,33975
2022-10-19,24217.978515625,24384.13404280574,24059.501559419703,24276.470010502035,16297
2022-10-20,24292.462890625,24366.452117407443,23969.509914263792,24066.495792613754,11927
2022-10-21,24238.47265625,24364.25513279744,23989.508887113534,24029.503066894493,24271
2022-10-24,24505.435546875,24750.399915432852,24227.475977654256,24428.44674532825,12897
2022-10-25,24750.3984375,24861.382287647957,24571.4244809551,24814.389125873597,23518
2022-10-26,24499.435546875,24534.43045542255,24145.16677737566,24404.449366531648,22742
2022-10-27,23846.529296875,24315.46104698965,23696.55112519654,24074.496117826257,33787
2022-10-28,24084.498046875,24170.485544053317,23418.594871052235,23449.590364221163,16100
2022-10-31,24300.462890625,24446.4416423544,24125.488359442505,24324.4593977586,29582
2022-11-01,24145.48828125,24512.43491254814,24128.490753369704,24372.455271181003,18346
2022-11-02,23836.533203125,24111.21395654886,23835.53334854433,24067.499611259307,10641
2022-11-03,23590.56640625,23853.528132317802,23166.628110231944,23528.575429002074,47299
2022-11-04,23278.61328125,23677.5552406701,23136.034415143225,23401.59538904116,21837
2022-11-07,23276.61328125,23397.035213131265,23113.636994100354,23340.60397068299,11908
2022-11-08,23641.5625,23641.5625,23303.61163829562,23349.60495083527,14919
2022-11-09,23479.5859375,23636.56311214496,23447.590589801664,23551.575469821255,24455
2022-11-10,24023.5,24023.5,23101.63430723769,23265.61041744704,20971
2022-11-11,24180.478515625,24436.441238913125,24101.24981959135,24403.446044114266,21949
2022-11-14,24516.43359375,24576.424866817903,24262.47053776254,24392.451629409665,23254
2022-11-15,24695.408203125,24799.39307915743,24389.45270249112,24427.447176426045,20079
2022-11-16,24175.48046875,24558.424718699596,24030.50157516595,24530.428794421296,15234
2022-11-17,24118.9921875,24193.48135396155,23934.768980512876,24148.487897709605,13922
2022-11-18,23966.513671875,24289.466692985374,23860.529089095744,23995.509453956118,13562
2022-11-21,24026.5,24155.481210986265,23975.50742821473,24082.491843528922,4450
2022-11-22,23952.017578125,23970.26492511424,23714.552103607468,23884.527390630545,15947
2022-11-23,24028.5,24168.479610519305,23967.508883988015,24132.48485352863,19476
2022-11-24,24008.5,24114.234585832084,23961.506850741298,24041.495189905047,9232
2022-11-25,23819.537109375,24052.503240697017,23819.537109375,24033.506002520542,12575
2022-11-28,23739.544921875,23885.52367597489,23541.974067168234,23682.553216507233,23582
2022-11-29,23448.08984375,23776.94240793649,23425.593115545646,23695.553853997877,13929
2022-11-30,23667.560546875,23676.559239153394,23459.590769774328,23566.57522241746,18516
2022-12-01,24001.501953125,24392.444975981565,23862.52220842663,24375.44745324867,27155
2022-12-02,23780.537109375,24496.43286157448,23609.562006545235,23973.509009060057,15420
2022-12-05,23841.03125,23928.518521042588,23605.56550907966,23797.537578110256,24703
2022-12-06,23244.623046875,23795.34382002024,23157.77628887594,23635.566251078722,16944
2022-12-07,23029.6484375,23325.605366145857,22941.66124249718,23284.611332110453,27962
2022-12-08,23221.623046875,23327.607634300995,23034.4510471987,23116.638314047363,7354
2022-12-09,23246.62109375,23379.601764952957,23040.25069914951,23344.606851478497,4933
2022-12-12,23078.64453125,23166.63173854356,22987.65776007143,23072.645403479983,3359
2022-12-13,23648.560546875,24496.437231457698,23342.605045127,23342.605045127,24263
2022-12-14,23499.08203125,23536.377387847104,23342.604791046164,23456.588212025315,14648
2022-12-15,22798.98046875,23092.941536104292,22744.98761964411,23001.953586685107,30617
2022-12-16,22598.009765625,22764.255345651352,22536.207396619207,22712.99455050385,18774
2022-12-19,22321.05078125,22681.47386266937,22321.05078125,22559.019339122133,11482
2022-12-20,22205.560546875,22411.33408892606,22069.078613622038,22131.070407480525,13398
2022-12-21,22753.990234375,22771.987853754476,22331.0461789573,22347.044062850167,7023
2022-12-22,22158.068359375,22791.984488603994,22158.068359375,22693.997452855663,21028
2022-12-23,22284.0546875,22292.053630269325,22183.04850636837,22227.06222026854,2651
2022-12-28,21774.123046875,22063.084867169204,21774.123046875,22046.08711303425,21798
2022-12-29,22214.060546875,22214.060546875,21760.120614018124,21798.115586371783,22479
2022-12-30,22052.08203125,22169.06655166062,22047.082692770913,22061.080840512353,7276
2023-01-03,22078.080078125,22731.99359522539,22057.08285509884,22375.040803780685,23920
2023-01-04,22260.056640625,22260.056640625,21939.099079575695,22197.064969764855,34454
2023-01-05,22136.072265625,22300.050577724123,22057.082712845546,22145.071075435317,16692
2023-01-06,22186.064453125,22288.050958790813,22022.086149897612,22096.076359890456,32173
2023-01-09,22658.0,22658.0,22232.056396452055,22234.05613167998,11902
2023-01-10,22342.044921875,22474.02746515929,22215.061717351477,22305.049815045313,12565
2023-01-11,22768.984375,22782.982521023627,22475.023308503864,22478.022911223212,10400
2023-01-12,22868.9765625,23126.94245761739,22702.9985059516,22927.96876332142,24935
2023-01-13,22866.978515625,22954.96688944988,22768.991462956383,22915.97204195931,9724
2023-01-16,23068.94921875,23129.94115279749,22927.967863000875,23043.95252446824,16998
2023-01-17,22996.95703125,23118.940890285325,22875.172364607435,22990.957825067933,21259
2023-01-18,22714.99609375,23037.953384809127,22708.99688710494,22997.95867384205,14100
2023-01-19,22277.0546875,22634.007493758414,22277.0546875,22578.01489669827,21107
2023-01-20,22669.0,22669.0,22403.035197600566,22474.025802752294,10360
2023-01-23,23422.90234375,23491.89321977317,22864.976128953942,22877.974409943814,24383
2023-01-24,23554.380859375,23661.86662579261,23376.904361336623,23376.904361336623,26018
2023-01-25,23139.9375,23421.900183100723,22843.9766695113,23409.901771053883,9799
2023-01-26,23538.884765625,23692.86438731841,23407.90210041827,23419.900512498272,22903
2023-01-27,23938.8359375,23958.833294393742,23632.87637702573,23674.87082650259,15365
2023-01-30,23720.859375,23883.837796772255,23584.877378920082,23839.84362156993,14356
2023-01-31,23879.841796875,23895.839681091806,23484.89403027258,23609.877500716382,11811
2023-02-01,23997.322265625,24045.815844087232,23631.870658863227,23968.826039105956,20905
2023-02-02,25484.62890625,25484.62890625,24634.741328946464,24648.739477278523,48825
2023-02-03,25950.568359375,25950.568359375,25125.677440962256,25184.669639976015,31629
2023-02-06,25517.62890625,25538.626132339545,25233.365678567134,25387.646078076636,25510
2023-02-07,25526.62890625,25553.965139926502,25343.03401150582,25384.64765655601,17550
2023-02-08,25317.654296875,25767.754972763185,25296.65707163767,25740.598405226887,33125
2023-02-09,25242.65625,25526.61863513032,25223.498631449933,25411.633866503606,13363
2023-02-10,24907.205078125,25060.684774618134,24725.729085203155,24956.69853074005,16355
2023-02-13,25170.671875,25184.670024132043,24906.706777081516,24920.704926213555,13601
2023-02-14,25024.189453125,25281.65539195947,24929.70195324206,25206.665312687295,25588
2023-02-15,25611.607421875,25644.60305119071,25268.652850502636,25307.647685148473,25142
2023-02-16,25668.603515625,25875.798755681713,25465.63037314791,25863.57771652664,9002
2023-02-17,25006.69140625,25369.64338467738,24993.812250894625,25352.645633621552,11175
2023-02-20,25109.677734375,25995.56052307632,25011.690699055893,25027.6885823733,11939
2023-02-21,24482.759765625,25056.683808158232,24482.759765625,25038.6861900997,9241
2023-02-22,24492.759765625,24534.754210030464,24054.817702539443,24451.765188943475,26042
2023-02-23,24540.25390625,24848.713104411552,24547.192441571286,24670.736646477173,18247
2023-02-24,24480.76171875,24710.731298692514,24371.776135212025,24683.73486974274,13780
2023-02-27,24539.75390625,24750.725999075603,24539.75390625,24596.74636734507,17998
2023-02-28,24382.7734375,24531.753722999365,23996.824509964732,24436.76629264742,7514
2023-03-01,24312.78125,24661.73505228039,24295.78350031872,24486.75821732604,7434
2023-03-02,24332.78125,24384.174842260134,24179.80148622411,24248.792360083826,19074
2023-03-03,24893.20703125,25176.669533744705,24554.751803403593,24592.74677728295,8479
2023-03-06,25304.65625,25355.210116701594,25009.37495588529,25071.687034485145,20641
2023-03-07,25203.666015625,25267.65755071446,25017.69061677126,25075.682945446082,10861
2023-03-08,25129.677734375,25249.66187188843,25097.68196437142,25165.67297562903,10637
2023-03-09,25212.666015625,25329.650546233664,25006.132779569947,25155.673551995136,17617
2023-03-10,24497.759765625,24704.73239006826,24076.81544248194,24505.758707632467,45369
2023-03-13,24174.80078125,24375.774185048132,23646.870645899682,24345.7781546305,32137
2023-03-14,24549.75390625,24611.745709377417,23496.893120876266,24107.81234201905,15602
2023-03-15,24652.73828125,24796.71923162719,24280.187962722346,24576.748335217595,39897
2023-03-16,25237.978515625,25296.971453005528,24750.236126769858,24838.02639779092,15777
2023-03-17,25192.984375,25478.95014461621,25046.001968938523,25343.966302314853,23611
2023-03-20,24887.01953125,25162.986481455904,24758.755595260318,25006.005281519938,15991
2023-03-21,25338.46875,25359.966178255036,25110.796767729957,25167.98914453564,11778
2023-03-22,25505.94921875,25622.49582541837,25267.977682662247,25340.96895213454,17743
2023-03-23,25506.94921875,25603.017806506483,25161.9904778457,25186.987488056155,23664
2023-03-24,25334.96875,25482.951044379985,25248.979038400823,25464.9531977662,21977
2023-03-27,25319.970703125,25626.93397784993,25319.970703125,25581.939361033572,25290
2023-03-28,24937.015625,25267.97601681536,24874.343437888627,25267.97601681536,12494
2023-03-29,25368.962890625,25420.956666059043,25175.88639588952,25244.977733820746,19757
2023-03-30,25617.927734375,25655.083434675948,25470.10561839792,25520.939365840033,22966
2023-03-31,25836.904296875,25848.90285924197,25581.934846576893,25598.9328099301,10365
2023-04-03,25806.912109375,26073.88016567888,25742.919766290925,26066.88100315406,37357
2023-04-04,25671.92578125,25885.499815087547,25606.93356408228,25860.90315116845,13204
2023-04-05,25364.96484375,25708.92368584437,25361.965202685224,25681.926916261382,18571
2023-04-06,25497.94921875,25509.947783144533,25296.97326514156,25408.95986615721,19206
2023-04-11,25558.943359375,25756.519340278304,25480.95268642174,25719.92410739391,16485
2023-04-12,25354.966796875,25787.915003478316,25284.975169941437,25473.952562662053,27010
2023-04-13,25441.953125,25473.949293205933,25153.98761114659,25285.97180499607,28398
2023-04-14,25661.42578125,25818.867857312354,25469.94872005226,25527.941772529903,14563
2023-04-17,25746.921875,25878.906095873786,25728.37721707183,25809.9143440534,9189
2023-04-18,25774.916015625,25960.893763274402,25691.925945437364,25801.912785445074,12621
2023-04-19,25649.92578125,25661.924343187202,25522.941000747964,25587.933211241132,11930
2023-04-20,25573.94140625,25653.93183954945,25443.956952138396,25653.93183954945,16899
2023-04-21,25599.9296875,25644.9242910987,25502.021508184862,25606.928848059797,16350
2023-04-24,25362.96484375,25641.931460142267,25358.965322368033,25480.950724518054,14979
2023-04-25,25368.46484375,25467.87287216197,25261.41710437507,25361.9656213357,5383
2023-04-26,25278.974609375,25367.96395911926,25113.654551148822,25343.966831098336,4568
2023-04-27,25570.94140625,25591.93889469652,25309.97262127185,25322.971066500646,15955
2023-04-28,25561.943359375,25782.91693584368,25510.949457112998,25744.921479256307,9600
2023-05-02,25668.92578125,26003.88566504241,25604.9334452419,25939.89332903431,10990
2023-05-03,25564.94140625,25741.920232474433,25564.94140625,25662.929682916634,17652
2023-05-04,25308.97265625,25496.95017123795,25138.992988441747,25443.95651009773,8133
2023-05-05,25571.44140625,25624.37452805746,25249.97985618609,25263.97818184984,11428
2023-05-09,25620.427734375,25740.913286387495,25613.928513727024,25692.919041602436,9016
2023-05-10,25816.91015625,25852.905848179707,25494.86862100325,25546.942466777207,13425
2023-05-11,26150.37109375,26156.87031611448,25911.899626991846,25961.89364518014,11941
2023-05-12,26140.37109375,26264.85619334156,26104.176207394736,26219.861579031356,6689
2023-05-15,26141.37109375,26274.255579199424,26006.887190362697,26245.85858745984,9886
2023-05-16,26397.841796875,26417.8394043875,26149.871463720006,26236.86105639938,8632
2023-05-17,26444.8359375,26484.831152166516,26373.844431466936,26441.83629640001,25974
2023-05-18,27143.755859375,27156.754305839502,26671.812264663797,26673.812025658335,16936
2023-05-19,27086.755859375,27365.322105283376,27086.755859375,27325.72723812696,12830
2023-05-22,27314.73046875,27338.827193784055,27064.76038978421,27179.746626108474,18826
2023-05-23,27213.7421875,27386.231304101566,27172.747095106002,27292.732731381122,25415
2023-05-24,26854.78515625,27019.76540611154,26771.795091168133,26900.77965015079,20758
2023-05-25,27614.6953125,27655.690406562295,27331.899076978512,27393.72175670079,9897
2023-05-26,28206.625,28225.962529961533,27569.601612219525,27621.694988479263,9489
2023-05-30,28444.595703125,28601.983116735624,28296.613413893334,28492.589959092027,15835
2023-05-31,28116.630859375,28409.59575417574,28116.630859375,28290.610011918783,8200
2023-06-01,28051.64453125,28163.631135687712,27846.66904991312,28065.642856804716,17736
2023-06-02,28603.576171875,28603.576171875,28236.620096261406,28326.609324613513,17118
2023-06-05,28883.54296875,28883.54296875,28598.387645470662,28604.576357877246,25094
2023-06-06,28656.5703125,28761.506972177296,28574.080185117542,28642.57198785328,11189
2023-06-07,28422.599609375,28740.090922585598,28325.61121276241,28691.56743090887,26085
2023-06-08,28226.623046875,28256.619458189427,27952.655823536574,28046.644578988442,21159
2023-06-09,28281.6171875,28528.987989681165,28193.518350152295,28216.624961331094,16304
2023-06-12,28656.5703125,28656.5703125,28377.623228810236,28411.5996311824,21176
2023-06-13,28940.53515625,29059.52091093469,28745.55849941374,28985.52976936606,26353
2023-06-14,28896.54296875,29025.52753771086,28683.568447907655,28918.540337099916,8323
2023-06-15,28958.8359375,28996.831786047234,28749.858770490213,28980.833534027348,25615
2023-06-16,28928.83984375,29128.817998345257,28854.847926549755,28989.833180901554,16814
2023-06-19,28759.857421875,28843.24870036833,28731.86048108953,28828.84988309634,4692
2023-06-20,28779.85546875,29044.726919113164,28680.866284460448,28780.8553595004,8497
2023-06-21,28563.876953125,29016.82742954064,28481.885917659034,28776.85366720123,20916
2023-06-22,28678.8671875,28717.862927696377,28196.919834303742,28441.893073998934,14232
2023-06-23,28579.375,28871.84302020467,28511.183237650195,28819.84870550162,12131
2023-06-26,28549.87890625,28832.847971863728,28480.886448556193,28638.869177768098,20311
2023-06-27,28398.900390625,28398.900390625,28252.916324114496,28275.913814044234,10149
2023-06-28,28980.3359375,29153.916595402126,28584.879113331725,28615.875729132524,21079
2023-06-29,29002.833984375,29104.022157192852,28843.450992361573,28990.835294179436,10999
2023-06-30,29137.8125,29232.80210871281,28946.833391956352,29015.825844600393,10345
2023-07-03,29252.802734375,29414.78503007396,29212.807105807355,29306.79683294132,9657
2023-07-04,29218.80859375,29296.800075178802,29179.812853035597,29251.804989739107,3425
2023-07-05,29230.806640625,29397.388051586357,29064.47910817834,29140.81647172385,22693
2023-07-06,28892.84375,29157.115662225195,28801.853689740794,29106.820375224946,25762
2023-07-07,28787.8515625,28987.829691516014,28496.883384781704,28923.836690230888,9211
2023-07-10,28667.869140625,28826.85177790167,28536.4830988593,28564.880388175334,16641
2023-07-11,28516.884765625,28639.87133035753,28389.89863781173,28620.87340572405,6994
2023-07-12,28803.8515625,28930.83768213889,28583.875607220034,28583.875607220034,8949
2023-07-13,28862.84375,28934.835877416335,28796.85096653502,28907.83882963521,11166
2023-07-14,29222.30859375,29319.6983483135,28996.032524403225,29056.82666624609,12710
2023-07-17,29237.806640625,29282.565423936296,29042.628739246335,29087.823021867305,15053
2023-07-18,29299.80078125,29364.793684733642,29184.813336625088,29361.794012265167,11417
2023-07-19,30193.703125,30217.17126561964,29886.736642919826,29910.734022626417,21739
2023-07-20,29734.75,29968.72442665949,29656.758524446836,29794.7434427332,17476
2023-07-21,29525.7734375,29723.751802518287,29383.788953496987,29392.787970088728,11614
2023-07-24,29457.279296875,29552.778621108966,29292.797280468763,29339.792142299117,18175
2023-07-25,29570.76953125,29658.75991871027,29426.78526086047,29439.783840826192,18951
2023-07-26,29203.310546875,29529.704587098302,29157.815515635968,29517.77620236238,18223
2023-07-27,29888.736328125,30066.716893707973,29455.78360398215,29464.782621343085,30980
2023-07-28,29969.724609375,29988.642463718064,29522.773456657866,29742.749415489565,28601
2023-07-31,29948.7265625,30066.71366634532,29874.695591688156,29904.731371235644,18567
2023-08-01,30138.708984375,30183.454098403625,29918.73300479294,29974.726890504735,14432
2023-08-02,29679.755859375,29976.97337206574,29623.761979776405,29844.737826049422,15272
2023-08-03,29576.76953125,29694.7566443226,29378.79115507733,29528.77477338996,15136
2023-08-04,29609.76953125,29783.250604213627,29365.046230916585,29719.75753139985,11689
2023-08-07,29239.8046875,29545.771251613634,29233.805343105614,29483.77802620499,14926
2023-08-08,29167.810546875,29481.026297236953,29127.81492033237,29365.788898261006,8572
2023-08-09,29074.822265625,29438.78248657168,28992.331281481867,29330.79428914794,10295
2023-08-10,29267.802734375,29431.784820686964,29096.82141267167,29180.81223736804,7861
2023-08-11,28853.845703125,29213.80635229591,28853.845703125,29196.808210529507,7410
2023-08-14,29215.80859375,29322.796906817908,28947.837865692058,28947.837865692058,12916
2023-08-15,29037.828125,29315.797761677455,28910.841996014253,29315.797761677455,11767
2023-08-16,28831.84765625,28966.83289757456,28794.601728551184,28938.83595863317,8027
2023-08-17,28432.892578125,28721.111078815833,28409.89509151307,28639.86995763238,8305
2023-08-18,28090.431640625,28333.405100274806,27974.944255482806,28328.905591762774,25650
2023-08-21,28398.900390625,28571.481163602304,28212.920689454088,28212.920689454088,15963
2023-08-22,28775.857421875,28903.843444669397,28600.876531335784,28600.876531335784,14976
2023-08-23,29140.8125,29196.616942835808,27854.40242972362,28764.853623387316,25098
2023-08-24,28928.83984375,29656.76032647674,28928.83984375,29573.769392319708,22567
2023-08-25,28820.849609375,29012.82862425843,28673.12161681257,28744.85791598364,25252
2023-08-29,29707.751953125,29716.750969232777,29171.81054937302,29250.80191298572,19226
2023-08-30,29667.7578125,29823.74076618373,29546.77103432223,29799.743388693925,15520
2023-08-31,30008.21875,30110.70754335838,29768.74493527481,29805.74088995052,15708
2023-09-01,30075.712890625,30166.103402066135,29898.132689785554,29946.726988072034,19290
2023-09-04,30058.712890625,30147.703158979257,30039.71496816735,30107.707532752625,6453
2023-09-05,30179.703125,30308.68903439022,29892.734473876022,30047.71754329838,18966
2023-09-06,30107.712890625,30274.694659836732,30023.722060602337,30104.71321812419,13800
2023-09-07,29886.736328125,30085.71459942968,29740.053127378156,30021.721587552798,21306
2023-09-08,30115.712890625,30115.712890625,29842.74268513542,30018.72347695288,10740
2023-09-11,30065.712890625,30124.306093956387,29919.728851181342,30032.71649814801,4718
2023-09-12,30097.712890625,30322.688320025707,30056.717367934205,30246.696619428134,6294
2023-09-13,30142.208984375,30146.708493105314,29897.735676694592,30076.7161350782,19567
2023-09-14,30453.984375,30499.329494194884,30109.018534327082,30180.01150443658,12882
2023-09-15,30052.021484375,30535.97351892624,30034.023268214005,30511.975897378245,16545
2023-09-18,30077.021484375,30123.22198728234,29893.03970401845,30045.024653008644,7706
2023-09-19,29816.048828125,30126.018147576317,29716.05872507619,30030.027648649455,10892
2023-09-20,29916.041015625,30127.020147758325,29889.492860243074,30072.02558724964,14545
2023-09-21,29382.59375,29679.064425907334,29366.646108640787,29596.072634675264,18114
2023-09-22,29607.072265625,29621.070881353426,29313.101335328014,29333.099357797197,7249
2023-09-25,29505.078125,29541.074560288736,29277.100701504678,29462.082382849567,15344
2023-09-26,29313.099609375,29547.0764584879,29197.111085883138,29451.085956287738,13229
2023-09-27,29353.09375,29495.17929148463,29292.09978901247,29393.089789991827,52739
2023-09-28,29426.0859375,29440.484902196895,29096.118614132745,29429.085640439705,28836
2023-09-29,29644.06640625,29850.145621908065,29463.58426686564,29494.081248866874,9263
2023-10-02,29955.033203125,30000.028746690678,29505.077767468203,29665.061922368397,18286
2023-10-03,29545.07421875,30107.01857068372,29545.07421875,30008.02837345696,23807
2023-10-04,29602.072265625,29656.06692539003,29296.202126480795,29320.100153518728,23253
2023-10-05,29386.091796875,29821.048751233455,29345.09585405041,29713.05943842722,16479
2023-10-06,29627.072265625,29725.062582264596,29295.10507047861,29558.0790835012,19652
2023-10-09,29842.046875,29922.038959101188,29696.061321515328,29848.04628130759,27719
2023-10-10,30342.0,30355.998615916957,30047.02916460702,30139.020069204154,17173
2023-10-11,30158.013671875,30341.645878741947,30003.02901887475,30175.011988655675,25153
2023-10-12,30609.966796875,30700.057478983257,30368.990675683122,30389.988594957103,20326
2023-10-13,30295.5,30610.968760829743,30286.000940640624,30503.979355413634,16781
2023-10-16,30435.986328125,30513.978605584634,29997.0297921663,30240.00573348285,9605
2023-10-17,30359.99609375,30508.981352715477,30047.933220157676,30490.983133511592,18909
2023-10-18,30230.0078125,30329.997915409072,30138.02668248214,30199.010880598187,32696
2023-10-19,30157.013671875,30199.16965358719,29926.73569412965,30025.026742011356,12175
2023-10-20,29317.099609375,29823.049554884677,29311.100202906506,29767.055094512063,10208
2023-10-23,29273.1015625,29387.330486648898,29013.127303507994,29361.09285015883,18052
2023-10-24,29578.072265625,29684.06177443661,29234.106312500528,29297.10007717158,10440
2023-10-25,29297.1015625,29640.06763198592,29219.10927847696,29488.08266824872,11266
2023-10-26,28619.166015625,28971.131162627305,28602.767248871525,28783.14977729653,17066
2023-10-27,28737.158203125,28832.14880957235,28597.17204625522,28691.162751582073,14989
2023-10-30,28732.158203125,28984.133281154842,28651.166213758264,28909.140698407864,11648
2023-10-31,28901.138671875,28931.13570204924,28561.172329900273,28783.150353189652,8589
2023-11-01,29318.099609375,29372.09426777363,28892.14174867469,28942.136802747496,12192
2023-11-02,29854.044921875,29897.040665976572,29605.169166012358,29649.06521162332,31894
2023-11-03,29865.044921875,29897.041755861206,29681.996627836485,29806.050759212932,13688
2023-11-06,29894.04296875,29945.037924478205,29784.053848551903,29887.04366110103,14041
2023-11-07,30446.984375,30473.251304638994,30002.829147654567,30011.027554392447,16776
2023-11-08,30387.986328125,30561.969073710658,30379.287972018246,30437.98136995996,14815
2023-11-09,30563.9765625,30618.670370850905,30425.9902123307,30496.983189591716,14983
2023-11-10,30808.451171875,30839.948054919125,30336.79862822503,30421.989416428827,21697
2023-11-13,30929.9375,30985.93195575922,30797.95056856755,30940.936410952705,18004
2023-11-14,30966.9375,31226.91178963513,30846.94936632225,30887.94531199548,24878
2023-11-15,31233.408203125,31430.888654523755,31089.922406792233,31114.91993228575,35158
2023-11-16,31040.927734375,31243.308094470347,30997.93198986469,31239.908040364582,18449
2023-11-17,31135.916015625,31316.98597143433,31041.325775327914,31298.89987222113,21037
2023-11-20,31260.90625,31263.905953133,30987.478231804886,31010.930988916967,23069
2023-11-21,31042.927734375,31338.898442658676,30988.97213676849,31322.90002599469,26360
2023-11-22,31431.888671875,31576.874320273975,31044.926975803242,31102.921235162834,50742
2023-11-23,31304.8984375,31356.89328606107,31115.917160999183,31343.894573920803,13744
2023-11-24,30989.435546875,31283.906427525308,30938.940540176052,31236.91107475599,11744
2023-11-27,31062.921875,31073.920785082566,30886.939313678944,30948.933170507953,16831
2023-11-28,30893.939453125,30948.934005020714,30780.950646502897,30892.93955218144,11230
2023-11-29,30915.4375,31151.91407450232,30860.222266525965,30870.941907757493,16530
2023-11-30,30671.962890625,31076.922791870416,30671.962890625,30917.938534344437,20774
2023-12-01,30785.953125,31065.124714235575,30696.961932427166,30847.94698948894,10564
2023-12-04,30515.98046875,30864.984997537995,30470.984921022562,30783.953952993423,16814
2023-12-05,30793.953125,30916.940956099617,30492.58255316628,30569.97528624947,21703
2023-12-06,30888.439453125,31171.91136562394,30780.950103588366,30949.933360069215,17369
2023-12-07,31055.923828125,31122.917192254055,30740.955026622716,30749.95413523707,9728
2023-12-08,31280.900390625,31398.087997311417,30998.928331100764,31141.91416270348,10464
2023-12-11,31472.8828125,31551.91404746227,31213.908462251,31322.897667568148,25112
2023-12-12,31755.853515625,31755.853515625,31615.867385955065,31650.86391837255,28110
2023-12-13,32010.83203125,32159.25679544051,31814.85142657314,32045.82856779944,24513
2023-12-14,31683.212890625,32269.161345901975,31683.212890625,32243.163632869208,21235
2023-12-15,32086.17578125,32111.17358094869,31718.16911062326,31782.202536913934,12605
2023-12-18,32276.16015625,32281.159716359707,31997.184702128317,32031.18171087433,19180
2023-12-19,32207.16796875,32309.159000504504,31997.186432784853,32279.161638223766,10193
2023-12-20,32481.138671875,32548.212841302975,32338.8719075623,32500.136998274633,17570
2023-12-21,32286.158203125,32348.15274642438,32178.16770834543,32270.159611305804,7304
2023-12-22,32194.169921875,32413.15067203466,32118.17660218489,32413.15067203466,18560
2023-12-27,32292.158203125,32589.13206862517,32191.16709061484,32417.147203756384,9695
2023-12-28,32499.138671875,32553.13391796082,32355.15134897949,32374.14967630598,30139
2023-12-29,32449.146484375,32592.13391033536,32449.146484375,32466.1449895591,5755
2024-01-02,32127.171875,32372.15030977669,32007.502721864028,32348.15242228836,29720
2024-01-03,31768.203125,32013.10148600482,31713.207966777878,31997.182965597556,15368
2024-01-04,31567.22265625,31656.214826551117,31421.235500475133,31629.217201853025,10750
2024-01-05,31421.236328125,31487.230523569764,31334.243979584175,31342.243276001722,17170
2024-01-08,31649.21484375,31684.01256277286,31302.844933954424,31352.24097768802,11062
2024-01-09,32000.185546875,32020.183788006692,31732.209115710342,31882.195924198026,17752
2024-01-10,32128.671875,32190.16646194155,32020.18142486734,32147.170246681602,22041
2024-01-11,32061.17578125,32413.144776852547,31852.19419011099,32334.151735225838,24847
2024-01-12,32277.16015625,32355.62395588876,32141.5138877006,32169.169657585968,20579
2024-01-15,32326.15625,32374.152027784654,32292.159240735873,32367.15264352439,13633
2024-01-16,32572.138671875,32632.48298025124,32216.470697090575,32310.161685473427,12641
2024-01-17,32281.16015625,32355.15364688197,32041.181267713884,32307.157869174745,24787
2024-01-18,32682.119140625,32707.517292456872,32292.153515266466,32292.153515266466,12137
2024-01-19,33078.0859375,33085.08532087906,32881.80244813191,32885.10293862036,17022
2024-01-22,33403.05859375,33557.045034013354,33293.06827927618,33483.05154973096,16931
2024-01-23,33435.55859375,33493.053535782106,33242.07561491152,33320.068753668114,15041
2024-01-24,33749.02734375,33825.62215968347,33568.06672048648,33714.03042632196,24632
2024-01-25,33918.01171875,33918.01171875,33590.040614014,33616.03832353575,13482
2024-01-26,33656.04296875,33663.729793383005,33409.41619996082,33468.059485042075,33303
2024-01-29,33672.0390625,33696.68533273993,33543.651914673304,33567.04829482183,13574
2024-01-30,33851.015625,33963.00575172062,33663.032198004665,33864.01447899436,16077
2024-01-31,33148.58203125,33495.05153259468,33003.09483804466,33480.05285288279,31170
2024-02-01,33131.08203125,33429.56746135792,33084.08617033768,33295.06758847596,20956
2024-02-02,34036.00390625,34036.00390625,33506.74971375885,33582.04386707619,34238
2024-02-05,34257.98046875,34377.969892767105,34019.0015325826,34127.9919260648,26161
2024-02-06,34113.00390625,34449.146258373534,34055.39959055028,34425.97641834568,11487
2024-02-07,34407.96875,34440.965843044374,33996.00504290053,34013.003545377935,14818
2024-02-08,34526.9609375,34562.99682812153,34302.9806522408,34404.97167499276,22831
2024-02-09,34660.94921875,34706.22648354378,34473.96567663408,34491.96409245273,14367
2024-02-12,34937.92578125,34937.92578125,34583.956927280095,34737.94337787717,11408
2024-02-13,34296.98046875,34591.95449902059,34010.10338186859,34564.95687591108,22416
2024-02-14,34467.96484375,34647.948994829894,34359.05255927275,34417.96924622781,15707
2024-02-15,34563.9609375,34816.93869423873,34454.97052056513,34796.9404525993,13066
2024-02-16,34590.45703125,34917.92822317144,34390.97457998793,34785.939834366465,14675
2024-02-19,34454.96484375,34470.885316307074,34262.98175564274,34300.9784084973,13387
2024-02-20,33823.01953125,34318.97582781182,33555.0431452045,34308.97670892952,24282
2024-02-21,33787.5234375,33979.00656850668,33719.02947157855,33976.006832772895,12327
2024-02-22,34691.94921875,34722.94649287542,34331.98087406777,34356.978675781815,20182
2024-02-23,34685.44921875,34881.9319369847,34585.95796956754,34761.9424907345,14585
2024-02-26,34696.94921875,34724.946757024496,34536.963285752885,34561.96108778368,17469
2024-02-27,34583.9609375,34722.1089540053,34527.00500499752,34601.95935589058,9740
2024-02-28,34659.94921875,34705.94517016974,34494.28411315243,34663.94886669954,14178
2024-02-29,34711.94921875,34858.936300275454,34403.93722696284,34542.96407060169,14671
2024-03-01,35205.90625,35251.9022080647,34904.93269831577,35086.91670631088,21622
2024-03-04,35195.90625,35438.884891971364,35191.90660157249,35368.8910444899,19523
2024-03-05,34481.96484375,35063.67145352822,34341.97716568345,35037.915908071445,16410
2024-03-06,34674.94921875,34831.93540674653,34518.962942778926,34619.95405734994,12409
2024-03-07,34928.9296875,34967.92625963479,34395.9765349912,34473.96967926078,14126
2024-03-08,34650.94921875,35014.827337997594,34612.95256409794,34939.92377649857,12076
2024-03-11,34315.48046875,34382.60346862792,34133.08636195342,34335.97866504673,11585
2024-03-12,34734.9453125,34873.93308952912,34409.973891388756,34559.960701132404,25056
2024-03-13,34563.9609375,34932.95193118681,34505.96603674567,34924.92919909162,17110
2024-03-14,34551.01171875,34701.500880880376,34396.09318811216,34654.504265464246,24374
2024-03-15,34176.54296875,34633.51011631777,34115.54735386677,34493.5201805202,15037
2024-03-18,34651.5,34801.48917873839,34330.523157499854,34347.52193109021,28858
2024-03-19,34518.51171875,34669.500834636885,34280.52887384219,34545.509772584075,14400
2024-03-20,34661.5,34828.487955804296,34581.50576967459,34654.500504846525,12445
2024-03-21,35591.43359375,35619.3104898691,35056.47216843517,35207.46128100066,22530
2024-03-22,35501.4375,35677.424797205946,35315.450924543715,35520.43612867564,5896
2024-03-25,35369.45703125,35569.442652822145,35163.34294404803,35538.44488147846,11790
2024-03-26,35475.44140625,35551.43592530054,35423.44515637332,35446.44349766493,8569
2024-03-27,35295.45703125,35565.296964809764,35197.46409144994,35356.45263663575,13201
2024-03-28,35308.45703125,35465.445724685655,35285.45868762567,35422.44882138799,9421
2024-04-02,35127.46484375,35815.415194233916,34997.47422519926,35640.42782310792,26066
2024-04-03,35288.95703125,35372.45101456353,35062.80145331899,35133.4682359775,16277
2024-04-04,35317.45703125,35417.449831451726,35173.46739895952,35217.464231048274,9715
2024-04-05,35024.47265625,35109.46652314643,34672.498054514195,34728.49401388126,16044
2024-04-08,35019.47265625,35176.461326429635,34895.48160464315,35039.47121296078,24939
2024-04-09,34807.0,35055.48215286057,34661.51044973355,35019.48473836166,18871
2024-04-10,35034.97265625,35134.46547906261,34578.505584752944,35057.471033267924,27056
2024-04-11,35298.45703125,35326.86514092513,34970.80876066173,35130.46913342133,13363
2024-04-12,35556.43359375,35791.416633051755,35437.44218235889,35770.41814868862,17920
2024-04-15,35382.45703125,35654.43748377225,35318.46163065653,35485.44962908012,13544
2024-04-16,34861.484375,34888.48242680487,34629.50111504704,34770.49094113914,23751
2024-04-17,34570.51171875,34914.486960448725,34592.627314436075,34645.50632086455,16722
2024-04-18,34425.515625,34595.50335755054,34170.64339328153,34541.50725426978,17147
2024-04-19,33844.55859375,34135.53760372965,33754.79553763501,33986.54835119711,24805
2024-04-22,33825.55859375,34103.53853016547,33728.56559435323,33877.5548408493,26215
2024-04-23,34287.02734375,34325.524567469634,33947.48151806537,34101.54072037358,20040
2024-04-24,34453.51171875,34645.49785324036,34409.2844441562,34562.503847184635,18967
2024-04-25,33749.56640625,33968.90996495455,33690.699557235894,33891.55616773636,12976
2024-04-26,34714.5,34825.492006797824,34310.529092375495,34457.518506783425,17795
2024-04-29,34536.51171875,34779.49421238491,34536.51171875,34687.50084030914,14639
2024-04-30,34449.51171875,34914.47813432003,34431.51301879245,34692.49416817692,12699
2024-05-01,33935.55078125,34082.54017263558,33862.75525384638,34074.54074997514,14439
2024-05-02,34061.546875,34196.53715295107,33883.559693701565,34023.54961157674,9458
2024-05-03,34795.5,34823.49798839014,34324.53383815162,34373.53031783436,13462
2024-05-07,35339.45703125,35364.45523242088,35180.4684718032,35225.465233910785,22700
2024-05-08,35397.453125,35500.44571460099,35214.46629104873,35445.44967161017,13998
2024-05-09,35433.44921875,35449.36994764942,35232.46368728571,35350.455193319474,12424
2024-05-10,35427.44921875,35592.43733958245,35396.09991340432,35419.44979470964,19805
2024-05-13,35430.44921875,35552.44043610917,35347.45519382532,35514.44317168582,11838
2024-05-14,35434.44921875,35579.3372263542,35312.45800039948,35437.4490028078,10084
2024-05-15,35710.42578125,35746.15758049052,35466.44336894566,35581.435079662864,27736
2024-05-16,36008.40625,36041.4038731221,35849.417702229875,35920.41258834106,13664
2024-05-17,35741.421875,35951.40672822711,35719.42346180478,35877.412065661374,12112
2024-05-20,35934.4140625,35947.413127052205,35732.077060717194,35781.425072001,15361
2024-05-21,35900.4140625,35926.41218983267,35782.422561528634,35910.41334224334,7950
2024-05-22,36033.40234375,36052.40097413437,35882.41322858998,35898.412075229455,9921
2024-05-23,36217.88671875,36410.372830022876,36046.39909234325,36271.3828587661,29932
2024-05-24,36135.39453125,36171.39193573074,35842.41565589286,35891.41212310276,18488
2024-05-28,36083.3984375,36497.368590831626,35913.21148899067,36186.391011879605,15028
2024-05-29,36132.39453125,36179.39114237408,35896.411547733325,36062.399578512006,7505
2024-05-30,35767.421875,36011.40428868465,35682.42800138035,35878.41387466802,14415
2024-05-31,35118.46484375,35736.42023435498,35118.46484375,35606.429618208305,18577
2024-06-03,35501.9375,35934.40628476672,35372.446846526494,35752.419420425584,15114
2024-06-04,35480.4375,35633.4264506947,35379.41745221055,35445.44002761886,9958
2024-06-05,36251.38671875,36277.38484460335,35742.34528940617,35775.42103005013,11574
2024-06-06,36408.87890625,36548.30636879591,36347.383333347636,36401.37944613995,8563
2024-06-07,36615.359375,36657.657105823964,36319.38072037659,36450.3712736052,10768
2024-06-10,36635.85546875,36640.35514394438,36471.3673421998,36533.362867100186,8820
2024-06-11,36713.34765625,36776.34310516447,36497.36325997181,36650.35220733553,8101
2024-06-12,37148.3203125,37291.30999796439,36830.34324971905,36916.33704657176,29487
2024-06-13,37473.12109375,37575.61458715527,37321.630710814396,37565.615221945,23913
2024-06-14,37774.10546875,37963.5934569524,37426.62749566116,37655.61298008517,13137
2024-06-17,37999.5859375,38061.581998973736,37866.87561840778,37989.58657274617,17799
2024-06-18,38274.56640625,38497.55222824738,38225.714043656786,38330.56284585472,20967
2024-06-19,38334.5625,38375.08726698603,38280.89013150313,38315.56370803662,10945
2024-06-20,38401.55859375,38735.53736081365,38253.56800235652,38512.551537295105,11737
2024-06-21,38173.5859375,38281.57910811112,38020.59561246759,38273.57961399177,9710
2024-06-24,37828.59375,38168.57212421691,37675.60348160239,38127.57473203193,10930
2024-06-25,37951.58984375,37957.58946273779,37507.89145878986,37627.61041840946,15138
2024-06-26,38147.0859375,38218.63219108757,37969.59716952385,38101.58881669485,12548
2024-06-27,38158.5859375,38352.57366507199,38028.594161291956,38117.58853115746,10770
2024-06-28,38438.5546875,38739.53554025975,38305.06317971453,38447.55411499116,23167
2024-07-01,38134.5859375,38148.585051303526,37773.86658488966,38112.587330094466,20349
2024-07-02,38340.5625,38359.561292152415,38025.58252484156,38196.57165421329,10218
2024-07-03,38504.5546875,38591.61165876446,38310.56700709449,38561.551067825334,14106
2024-07-04,38620.55078125,38719.54450331571,38584.70149222226,38679.54703985481,10222
2024-07-05,38811.53515625,38841.53325113039,38547.55192130256,38710.54157015269,15107
2024-07-08,38944.52734375,38948.52708979912,38786.537374809835,38920.528867455294,21972
2024-07-09,39160.515625,39229.511247861505,39079.52076337998,39148.51638624148,17852
2024-07-10,39091.515625,39224.507173015685,39035.51918373024,39142.512384013535,27956
2024-07-11,38476.5546875,39311.50162385652,38463.55551364056,39311.50162385652,28433
2024-07-12,38475.5546875,38513.55227256484,38067.58061627748,38297.565999564686,22389
2024-07-15,38619.55078125,38748.11684645054,38364.5669521055,38495.558644724835,13891
2024-07-16,38415.05859375,38666.413713036294,38314.47514241682,38517.552079944035,12635
2024-07-17,37471.62109375,38144.57837069118,37395.62591834505,38144.57837069118,22480
2024-07-18,36984.65234375,37632.61121358941,36984.65234375,37552.61629138701,20325
2024-07-19,37022.6484375,37514.61718918805,37018.83617964266,37241.634528190414,18144
2024-07-22,37195.63671875,37563.61333879678,36970.869749660626,37156.63919651678,28417
2024-07-23,37660.609375,37690.16218654283,37286.62920831107,37396.6261321622,37704
2024-07-24,36393.69140625,37139.851105680886,36361.38095582785,37098.64668818775,28808
2024-07-25,36161.703125,36282.695439957555,35570.814875069926,36244.697853441954,30883
2024-07-26,36066.70703125,36389.686497581024,35920.997544843114,36017.7101462648,54498
2024-07-29,36108.703125,36614.67094038174,36108.703125,36442.681880607706,17281
2024-07-30,35943.72265625,36496.687621166995,35904.436082892076,36293.700482146836,15964
2024-07-31,36860.6640625,36860.6640625,36258.70221008362,36308.69904167967,17974
2024-08-01,36597.67578125,37334.62897935878,36597.67578125,37131.641870517415,32674
2024-08-02,35087.765625,35835.38207958066,34818.14998151726,35723.7251273511,48595
2024-08-05,34490.80859375,35117.76875924101,33108.98232689298,33662.86119817336,96573
2024-08-06,34912.78515625,35058.77589469515,34398.81776199789,34791.79283192217,47751
2024-08-07,35285.26171875,35481.42896259952,34911.7854098034,35020.778495948456,30617
2024-08-08,35167.765625,35264.80242854149,34267.82280263719,34470.809905903465,20846
2024-08-09,35249.265625,35529.74784583635,35137.772692296785,35286.763248106465,75059
2024-08-12,35438.75390625,37997.591728153835,35296.38402334504,35490.750610720104,23055
2024-08-13,35977.71875,36041.71469219011,35497.74918357421,35625.74106795442,14986
2024-08-14,36197.203125,36389.69091078606,35836.89395698386,36211.7022049683,23194
2024-08-15,36901.16015625,36957.656573902204,36187.84210536067,36294.69861100996,28526
2024-08-16,36866.1640625,37212.642108736116,36703.67435827671,37176.644389646644,20480
2024-08-19,36884.6640625,36931.66108613807,36663.678057733756,36750.67254829784,14986
2024-08-20,37044.6484375,37353.628823690175,36880.936173564056,37274.63383822408,20777
2024-08-21,37018.1484375,37231.6348758627,36936.65361442478,37049.64643660269,13243
2024-08-22,36836.6640625,37227.63926943932,36836.6640625,37074.64897107176,7273
2024-08-23,36467.6875,36817.66530710173,36257.40005356098,36566.6812225802,10506
2024-08-27,36118.703125,36384.526064431426,35887.71781391019,36216.69689334113,21385
2024-08-28,35799.73046875,36308.6982026362,35658.73940690726,36190.70568279618,16381
2024-08-29,36361.69140625,36492.85495371258,35682.73451303573,35696.733624236025,17683
2024-08-30,36137.203125,36410.68574248745,36038.435965125296,36059.70805057486,8713
2024-09-02,36481.6875,36492.68680277656,36237.93341982557,36330.69707097632,9734
2024-09-03,35811.7265625,36506.68244458347,35684.734624335106,36400.689173359235,12627
2024-09-04,35299.76171875,35444.650969137205,34966.423480004,35106.77395568506,23548
2024-09-05,35021.7734375,35519.74177840552,34897.78132048738,35087.76924171639,12875
2024-09-06,34390.81640625,35141.76872564911,34297.822310771815,34888.78478848803,19520
2024-09-09,34719.796875,34957.781773803355,34568.72833596838,34641.801824131675,15817
2024-09-10,35093.765625,37977.582016112945,34714.73116388749,34755.78714365597,9356
2024-09-11,35070.765625,35394.7449841224,34845.92057498406,35083.76479681664,16254
2024-09-12,36018.05859375,36188.04943108863,35848.067756411365,36170.050401252774,16581
2024-09-13,36286.05078125,36312.928243693015,36069.062437457804,36146.058301384066,7487
2024-09-16,35913.0703125,36237.96301155754,35734.07993004315,36174.05628915495,8533
2024-09-17,36246.05078125,36329.42129779951,35997.06417110513,36021.062880516685,8131
2024-09-18,35949.5703125,36133.060463184775,35875.074311268305,36124.06094625746,2999
2024-09-19,36638.02734375,36771.020183180095,36256.0479101989,36314.04478754435,18753
2024-09-20,36250.05078125,36506.03701649219,36168.94186134637,36321.046963680456,9505
2024-09-23,36384.04296875,36633.79125399567,36275.04883134567,36481.0377515777,5032
2024-09-24,36370.04296875,36523.03473643445,36029.061316590545,36469.037641957584,15236
2024-09-25,36610.02734375,36618.02691270963,36200.04943456893,36259.0462556462,16238
2024-09-26,36527.53515625,37201.99887633625,36490.03717329487,37098.00447027403,12132
2024-09-27,36541.03515625,36803.55619651169,36541.03515625,36643.02967191477,18535
2024-09-30,36504.5390625,36694.02888355499,36301.04999345151,36497.03946536062,9638
2024-10-01,36334.04296875,36890.091143775644,36141.77207488207,36656.02562605783,22096
2024-10-02,36602.02734375,36620.026373697205,36208.7126038403,36352.040816705485,22559
2024-10-03,36960.0078125,37134.99838030444,36531.60902869377,36667.023604690294,23587
2024-10-04,37098.0078125,37501.365058199735,36780.02488839286,36821.02268678403,20734
2024-10-07,37315.9921875,37381.98863651589,37166.00025791843,37297.99315595021,16528
2024-10-08,37448.484375,37483.50202146227,36879.01502608443,37015.007706422475,24943
2024-10-09,37774.96875,37774.96875,37420.09720728769,37484.98434315192,23160
2024-10-10,37948.95703125,37977.95547012924,37697.97054301929,37879.96074564076,11347
2024-10-11,37882.95703125,37950.95336431388,37597.972400026396,37898.9561684415,9556
2024-10-14,38186.94921875,38402.93761936929,37892.96500679597,37918.96361057422,19164
2024-10-15,37834.95703125,38288.932518000736,37683.125385931584,38261.93397583714,22095
2024-10-16,37867.95703125,38048.947266862786,37626.274757460604,38015.94904711018,11523
2024-10-17,38152.953125,38452.99562171333,38012.253642163174,38181.95156925698,12669
2024-10-18,38132.953125,38158.9517294644,37930.88584643142,37941.96337681919,21285
2024-10-21,38063.953125,38304.81126669252,37878.08421378195,38059.953340086955,20078
2024-10-22,38280.9375,38399.93108886451,38080.647509972245,38160.94396501058,14414
2024-10-23,38073.953125,38426.93414856143,38073.953125,38358.93780407934,10699
2024-10-24,38080.953125,38230.94506283972,37979.95855352125,38129.95049136098,14963
2024-10-25,38584.92578125,38699.919599500805,38167.85835788962,38198.946530425565,23413
2024-10-28,38414.9296875,38707.91389757465,38293.93620825416,38643.917346568574,13388
2024-10-29,38497.92578125,38539.41182728517,38267.938172686685,38456.92799015828,14704
2024-10-30,38566.92578125,38857.91013143652,38476.930621398504,38713.91787567412,23011
2024-10-31,37917.45703125,38202.94164951822,37796.963523364466,37994.952855823685,30962
2024-11-01,37952.953125,38032.94881068041,37639.970004775394,37847.95878754446,18246
2024-11-04,37809.9609375,37910.709410461306,37535.46402216033,37839.95931971001,29253
2024-11-05,37931.95703125,38022.952130365404,37637.523670320224,37702.9693642453,8258
2024-11-06,39240.88671875,39360.8490082931,38880.90610516923,39064.89619655496,37742
2024-11-07,39599.87109375,39629.869481023685,39320.75719278441,39377.88302792473,19085
2024-11-08,39933.8515625,39944.85097073286,39639.86737882174,39854.855812464004,24147
2024-11-11,40084.84375,40300.59386308717,39976.849559239905,40152.84009233043,23450
2024-11-12,40416.32421875,40487.82036981054,40138.83915694159,40242.8335584842,17049
2024-11-13,40470.8203125,40533.715362582756,40088.840885242935,40389.82467478319,14394
2024-11-14,40412.82421875,40798.80343806059,40317.829333168374,40498.81958885547,21882
2024-11-15,39625.86328125,40110.837130331616,39542.867756561805,40110.837130331616,17609
2024-11-18,39840.35546875,39877.71283287349,39497.87390388718,39711.862385290515,31008
2024-11-19,39736.859375,39850.16186514376,39231.886577889476,39725.859967538185,15651
2024-11-20,39658.859375,40050.764002821554,39442.87103317806,39924.84501816961,27094
2024-11-21,40187.8359375,40301.82979907937,39588.86819113119,39850.854083532904,34053
2024-11-22,40447.8203125,40636.810128051606,40187.834322852286,40317.82731767614,20782
2024-11-25,40599.81640625,40807.805219916816,40414.82635563288,40610.81581466507,37942
2024-11-26,40706.80859375,40737.73661627394,40410.9260847593,40579.81543028722,28036
2024-11-27,39898.3515625,40613.81303649077,39698.86230455289,40613.81303649077,17508
2024-11-28,40197.3359375,40258.83262676619,40146.83865607004,40252.83294976461,7963
2024-11-29,40306.828125,40320.82737067094,40024.84331934245,40068.840948593985,10905
2024-12-02,40895.79296875,40974.788705571635,40192.830905641014,40338.82302685568,34855
2024-12-03,40924.79296875,40966.7907038561,40716.80418536739,40906.793939418814,22334
2024-12-04,41210.78515625,41347.77779368009,41043.7941310615,41062.79310997516,24832
2024-12-05,41222.78515625,41335.00568929456,41126.91140116547,41210.78580095892,23954
2024-12-06,41410.7734375,41504.7683836069,40988.796126254136,41090.79064224247,18757
2024-12-09,41070.7890625,41555.76295521084,40914.86386257149,41510.76537753664,14310
2024-12-10,41114.78515625,41452.76694925076,41092.65353597515,41110.785371717444,8583
2024-12-11,41707.75390625,41707.75390625,41051.78923201121,41103.78643179843,11901
2024-12-12,41753.109375,41837.02354402758,41540.47056601041,41625.11517071309,22922
2024-12-13,41990.59765625,42360.080917165265,41921.1008047382,42020.09631984134,12250
2024-12-16,42380.08203125,42505.076374459524,42098.0947929693,42148.09253025311,22633
2024-12-17,42408.08203125,42587.073936074186,42188.091980628094,42403.08225737223,24087
2024-12-18,42376.08203125,42500.07641918419,42192.96141315705,42413.080356681974,11904
2024-12-19,41508.1171875,41648.110837373526,41047.13809755932,41262.128345579375,43784
2024-12-20,41628.11328125,41667.31072344701,40532.16295321132,41126.13603245856,53437
2024-12-23,41761.609375,41811.665702607825,41331.12886364589,41711.111661124545,36689
2024-12-24,41984.09765625,42081.09326127682,41904.10128097014,42050.09466585588,7688
2024-12-27,41616.61328125,42513.07263962766,41412.12255198259,42293.08261303191,21036
2024-12-30,41399.62890625,41745.113291770074,41000.725060070865,41643.117901544174,16702
2024-12-31,41537.61328125,41569.11185052405,41222.12761121944,41251.12629404317,4429
2025-01-02,41705.109375,41927.099311491475,41293.12805142123,41322.12673681876,14618
2025-01-03,41835.109375,41864.08072196807,41436.232869898464,41538.12279650788,19373
2025-01-06,42352.5859375,42450.08153133079,41891.10679336759,41955.10390111293,43109
2025-01-07,41754.109375,42158.09108271865,41576.11743447049,41979.09918746707,34209
2025-01-08,41880.60546875,42055.09757534099,41592.11851888468,41643.11621192846,25253
2025-01-09,41976.59765625,42190.08798104982,41923.100080714685,42040.09477861435,5807
2025-01-10,41606.11328125,42176.08743454534,41333.12566046118,41948.0977732272,27532
2025-01-13,41431.625,41774.10950076629,41332.12950269709,41725.11171817491,22522
2025-01-14,41615.11328125,42241.08490135867,41518.117678773095,41850.10262745693,28061
2025-01-15,42339.0859375,42355.08521420579,41437.9626129216,41519.12300632809,31052
2025-01-16,42482.078125,42998.05478238866,42357.255646927144,42853.0613418434,18380
2025-01-17,43004.0546875,43280.04220305016,42264.08816030031,42445.079973034284,27651
2025-01-20,42862.05859375,43150.04554958707,42741.06407411012,42967.0538380656,17692
2025-01-21,42632.06640625,43078.04617866609,42536.07076016941,42836.05715417126,14754
2025-01-22,43481.53125,43486.031046258926,42876.05866449343,43090.04897547345,26578
2025-01-23,43213.0390625,43748.01478617089,43091.04459841057,43291.035523147344,25989
2025-01-24,42829.55859375,43233.04030446707,42753.3472045597,43139.04456516743,19521
2025-01-27,41319.12890625,42836.06021359448,40363.172195754734,41672.112921736225,71669
2025-01-28,41843.10546875,41979.09931135366,41379.12647633753,41713.111354496505,28917
2025-01-29,42017.09375,42462.07356196007,41934.097515409696,42322.079913253525,20331
2025-01-30,42024.09375,42456.175712880635,41790.21764007686,42299.08127632299,101851
2025-01-31,42840.05859375,43012.8281080099,42447.076402737825,42639.06770216362,24684
2025-02-03,41961.1015625,42051.0974908327,41599.11793965071,41886.10495555608,39090
2025-02-04,42257.5859375,42288.08455606136,41719.1103278183,41975.098732792336,22300
2025-02-05,42025.09375,42052.09252534086,41628.111757025246,41892.09978258025,15479
2025-02-06,42634.06640625,42849.05665574207,42477.073526388354,42491.07289147156,24849
2025-02-07,42529.5703125,42963.05064426513,42399.07623338731,42801.05799433214,17321
2025-02-10,42948.5546875,43034.05081503708,42536.07337043515,42579.071422880705,14503
2025-02-11,42792.05859375,42951.0513805053,42518.07102412137,42898.053784920194,10008
2025-02-12,42509.578125,42848.0628219717,42258.089494901375,42637.07236093469,21513
2025-02-13,42761.0625,42940.52702472809,42409.07844836658,42575.070927261884,9743
2025-02-14,42764.0625,42962.05352967311,42639.06816308516,42916.05561368845,8522
2025-02-17,42973.0546875,43085.04961769198,42939.903844428736,43012.05292212042,10608
2025-02-18,42842.05859375,43198.04246218841,42745.0629891474,43129.0455888113,9818
2025-02-19,43047.05078125,43143.04643445913,42724.0654063901,43006.05263769193,20198
2025-02-20,42570.0703125,42966.05236276191,42337.080873835796,42892.0557170059,16711
2025-02-21,42462.078125,42891.05870892109,42354.08301296392,42627.07065727734,13934
2025-02-24,41667.11328125,42095.093901960245,41400.39488971271,41974.09938068468,35621
2025-02-25,40525.1640625,41403.1242877048,40478.267749573744,41228.13221548289,37628
2025-02-26,41061.140625,41158.67527083063,40833.701705385254,41085.139538255244,21279
2025-02-27,40722.65625,41452.123222814276,40358.17275227443,41010.14323380275,19692
2025-02-28,40049.1875,43198.04499263439,39597.20795516966,39998.18980799481,37543
2025-03-03,40128.18359375,40649.16001170026,39814.19780634812,40586.16286327249,33382
2025-03-04,38737.24609375,43198.04412220243,38528.255556214346,39388.21661975819,75585
2025-03-05,38424.2578125,39228.22136013051,38371.260215454706,39127.225939346084,45123
2025-03-06,38625.25,38949.23532114842,38335.263138478265,38877.23858311544,30437
2025-03-07,37546.30078125,38348.264487081535,37515.3021841418,38198.27127526766,43386
2025-03-10,37131.31640625,38112.27192814511,36879.32783181823,38087.27306163403,204885
2025-03-11,36685.3359375,37198.31266865647,36399.34890999366,36869.327591560024,63923
2025-03-12,37112.3203125,37388.3078214252,36615.772473539546,36817.33366346762,29618
2025-03-13,36487.6953125,37051.67514631978,36156.707147616406,36663.68901950759,29188
2025-03-14,37118.66796875,37247.66333965433,36603.68644924821,36621.68580332789,33997
2025-03-17,37035.671875,37400.658786315034,36900.67671602047,36998.67320179821,33843
2025-03-18,36729.6796875,37298.65923453622,36501.68788306369,37194.66297286352,32641
2025-03-19,37072.671875,37280.66442368641,36635.68752992326,36698.68527303501,19908
2025-03-20,37085.171875,37582.65405875453,36882.67912683861,37386.66107781808,34423
2025-03-21,37207.1640625,37260.66214163094,36724.681386225595,37127.66691687551,13019
2025-03-24,38121.63671875,39198.59820515174,37660.65320414349,37707.65152342008,40460
2025-03-25,38176.13671875,38312.63184446828,37998.6430571017,38162.63720082182,43677
2025-03-26,37923.63671875,38477.5152453903,37871.63858798204,38415.61903293919,33895
2025-03-27,37548.65625,37784.64780459388,37299.89562112171,37666.652027296936,29391
2025-03-28,36489.6953125,37388.663169942585,36456.805863460846,37162.67125027404,40326
2025-03-31,36060.703125,36112.70125495674,35501.723227965034,35926.70794395763,55739
2025-04-01,36736.6796875,36752.55021086502,36182.57850808955,36421.69100816083,32256
2025-04-02,36803.6796875,36936.67491636666,36174.7022517321,36725.682485608275,34765
2025-04-03,34881.74609375,35425.72653909587,34499.759825143155,35221.73387209117,67669
2025-04-04,33689.7890625,34805.74895071198,33109.80990912818,34578.75710965094,80714
2025-04-07,32975.8203125,34769.75613566842,30889.894935058903,31138.886027572247,268940
2025-04-08,34247.7734375,34948.74833252431,33662.79438815732,33745.791415670894,149004
2025-04-09,32974.8203125,33508.801209118,31999.855192270516,32570.834765245938,65333
2025-04-10,34562.7578125,36240.69750725105,34523.759214111866,36167.70013078095,75858
2025-04-11,34305.76953125,34877.74901566644,33910.256373643824,34811.751382849165,36629
2025-04-14,34921.74609375,35623.72088852171,34881.74752994534,35204.73593266794,52812
2025-04-15,34911.74609375,35163.73704312774,34567.758448567685,34792.75036765495,22532
2025-04-16,34318.76953125,34529.76196630518,33843.78656133905,34052.779068099866,21964
2025-04-17,33664.7890625,34374.763524401475,33455.79658005295,34138.77201312155,20954
2025-04-22,33324.80078125,33388.79847824334,32782.82028483767,32957.813987553825,25590
2025-04-23,34579.7578125,35086.73960050317,34131.77390515203,34186.77192949163,41615
2025-04-24,35021.73828125,35173.73280538414,33974.77599987865,34357.7622021377,41831
2025-04-25,35352.734375,35584.7260697163,35077.74421962508,35556.72707207812,46058
2025-04-28,35089.23828125,35707.7160423806,35083.74238511829,35664.71758849439,26894
2025-04-29,35477.22265625,35705.71442949163,35140.73477136681,35443.723862361185,25441
2025-04-30,35426.73046875,35694.72086520549,34734.755265961954,35540.72638366017,32967
2025-05-01,36731.6796875,36928.67260663096,36148.70064255914,36439.690183001316,27473
2025-05-02,36905.6796875,36982.67693289891,36364.69904125572,36441.69628665463,42573
2025-05-06,36326.6953125,38998.59935001927,35908.710324594664,36535.68780645267,35285
2025-05-07,36144.69921875,36641.68133327771,36052.38613467812,36415.68946630938,17936
2025-05-08,36974.671875,37275.66106351079,36402.69242042136,36926.6735990913,28818
2025-05-09,36869.6796875,38998.60345020477,36712.68530950815,37141.6699474604,20127
2025-05-12,38368.62109375,38903.60186740536,37798.32127690398,37929.63687013373,62419
2025-05-13,39041.59375,39221.58726676357,38317.61982701765,38472.61424423072,45749
2025-05-14,39172.59375,39232.591596147955,38773.6080731161,39102.596262827385,37851
2025-05-15,39264.59375,39958.568895482094,38868.60793211684,39099.59965921535,47891
2025-05-16,39379.58984375,39497.5856184018,39068.60098004907,39068.60098004907,25621
2025-05-19,39056.59375,39198.588637411034,38327.619997023656,38775.6038671655,26513
2025-05-20,39075.59375,39297.58576096553,38967.59763655731,39029.59540538552,17264
2025-05-21,39029.59375,39066.59241692501,38534.611584381644,38631.60808956342,33646
2025-05-22,38599.6171875,39005.602643268634,38125.634167711,38516.62016082809,134024
2025-05-23,37909.63671875,38483.61607768441,37271.65966125844,38354.62071653016,37626
2025-05-27,38627.61328125,39648.576628997966,37984.636363912156,38252.62674314473,24287
2025-05-28,38883.60546875,39122.596897502255,38651.613788957024,38849.60668809069,24156
2025-05-29,38794.609375,39612.501931961866,38535.61865873737,39494.584283817916,32899
2025-05-30,38637.61328125,38919.60316052515,38175.62986201199,38650.61281469176,25633
2025-06-02,38498.6171875,38877.603574878245,38128.630476866885,38314.623796266234,24380
2025-06-03,39136.59375,39168.59260022229,38638.61164341561,38725.60851745746,18549
2025-06-04,39174.59375,39498.58211979273,38966.6012163059,39164.59410895701,17402
2025-06-05,39389.58984375,39497.58597746392,38960.605201497485,39229.59557158123,16640
2025-06-06,39355.58984375,39508.111722464884,39026.6016317777,39064.60027024259,24056
2025-06-09,39362.58984375,39529.58386122552,39159.59711592048,39218.59500233398,27590
2025-06-10,39406.58984375,39629.58186402904,39406.58984375,39501.586444317305,21261
2025-06-11,39728.57421875,39887.56851275406,39633.577627992854,39719.5745417309,90108
2025-06-12,39393.95703125,39491.954436734515,38942.71897793482,39358.95795786267,21076
2025-06-13,39158.9609375,39366.95541847549,38895.967915881956,38963.96611158548,24229
2025-06-16,39492.95703125,39530.95602773523,39077.96799068767,39103.9673040723,18178
2025-06-17,39545.94921875,39620.947225966884,39228.95764157995,39341.954639120064,18183
2025-06-18,39612.94921875,39748.945611281684,39460.95325062636,39537.951208162674,21396
2025-06-19,39106.9609375,39492.95068184579,38998.963806957654,39460.951532055464,17312
2025-06-20,39351.95703125,39798.94518445227,39112.963365443866,39378.95631567162,26310
2025-06-23,39373.95703125,39655.94956160714,39279.95952113095,39298.959017857145,13446
2025-06-24,39755.9453125,39924.94082920932,39570.95022024423,39836.94316370388,31746
2025-06-25,39896.94140625,40098.93604668467,39797.651071990855,39826.943263525114,42076
2025-06-26,39807.9453125,40098.93760283478,39643.72310096844,39775.946160298234,23487
2025-06-27,40279.9296875,40368.92732266764,40028.959793735936,40039.93606457604,22665
2025-06-30,40344.9296875,40867.91581317696,40282.864927768875,40347.92960791497,16808
2025-07-01,40092.9375,43657.84302669975,39938.94158103457,40289.93227945578,34579
2025-07-02,40604.92578125,40760.92165431986,40069.939934503986,40207.9362837581,20690
2025-07-03,40920.91015625,40998.90807893676,40511.92104882841,40629.91790622633,21521
2025-07-04,40743.921875,40898.91777365321,40625.92499731562,40770.921160571845,13453
2025-07-07,40728.921875,41375.90474887982,40676.92325144242,40845.91877800454,19595
2025-07-08,40878.9140625,41058.9092809748,40695.91892371728,40811.915842289935,18696
2025-07-09,41006.91015625,41241.90391080322,40773.91634854403,40819.91512603105,20716
2025-07-10,41140.91015625,41333.90504371673,40936.915560171175,40976.91450057879,16714
2025-07-11,41238.91015625,41498.903285266126,40861.92011917662,41142.91269322866,13935
2025-07-14,41484.89453125,41567.89231956639,40965.908360934256,41192.90231211282,28145
2025-07-15,41970.890625,42098.88724179215,41730.896968514724,41818.894642559324,25103
2025-07-16,41252.90625,41869.88989173777,41252.90625,41601.89699710937,20249
2025-07-17,42036.8828125,42090.88137741448,41793.037730515665,41978.88435388815,14464
2025-07-18,41924.890625,42098.886020905884,41860.892318459904,42081.88647073117,25040
2025-07-21,42074.8828125,42230.87867044158,41851.8887335194,42077.88273284503,35898
2025-07-22,41766.89453125,42120.88516197358,41410.90395346018,41999.888364466366,30581
2025-07-23,41582.89453125,41827.8880181718,41477.897322569224,41758.88985246729,14299
2025-07-24,41967.390625,42030.88894647176,41754.896242122064,41824.894391775975,24688
2025-07-25,42353.87890625,42385.87805924256,42102.88554996459,42128.88486177105,15285
2025-07-28,42587.87109375,42690.8683635299,42458.98388525267,42665.86902620469,16258
2025-07-29,42798.86328125,43187.852949857624,42745.86468886901,42940.8595098934,18873
2025-07-30,42975.86328125,43062.66176666559,42658.871665731094,42743.86941752638,51055
2025-07-31,43284.8515625,43848.836598799266,43156.854958517186,43569.84400105548,42231
2025-08-01,42036.8828125,42991.85743274686,41699.89176849666,42848.861233065916,54254
2025-08-04,42508.875,42612.87224770642,42089.8860885674,42110.88553281581,33984
2025-08-05,42389.37890625,42897.86545804411,42349.87995089923,42860.866436576296,24398
2025-08-06,42553.87109375,42566.8707488838,42205.56002155026,42437.874171017655,25640
2025-08-07,42680.8671875,43017.858243265604,42245.87873272838,42733.865780839995,27461
2025-08-08,42797.86328125,42930.859748840514,42609.86827443033,42685.86625591062,14216
2025-08-11,43096.85546875,43157.85384880461,42814.86295767785,42950.85934599633,22350
2025-08-12,42970.86328125,43098.85989532428,42635.872142852466,42872.86587359938,36594
2025-08-13,42936.86328125,43242.8551803618,42888.86455197756,43149.85764239645,20586
2025-08-14,42962.86328125,43244.8558202434,42698.87026602214,42925.8642601764,29792
2025-08-15,42749.86328125,43071.85471949852,42685.86498296458,43047.85535764149,24099
2025-08-18,42774.86328125,42895.86006582619,42702.865194560036,42843.86144766122,16548
2025-08-19,42570.87109375,42924.861706528056,42348.8769806519,42845.86380141657,15837
2025-08-20,42074.8828125,42501.871474942665,41667.07332830486,42268.87766147863,31220
2025-08-21,42280.87890625,42381.8762282672,42059.884765994546,42346.87715628104,15891
2025-08-22,42594.87109375,43244.853867037105,42087.88453058606,42116.88376200964,17644
2025-08-26,42522.87109375,42602.868969949326,42392.874544926104,42508.87146541512,33810
2025-08-27,42750.86328125,43317.848205475035,42570.86806721031,42762.86296218598,13167
2025-08-28,42800.86328125,42998.85802284356,42568.689759887195,42667.86681341191,23689
2025-08-29,42387.87890625,42944.864174852264,42308.88099562239,42896.865444344345,19122
2025-09-01,42355.87890625,42400.877715202034,42274.48262318208,42300.880361975294,13591
2025-09-02,42107.87890625,43523.84120721298,41846.885855013184,42300.87376789255,34285
2025-09-03,42529.87109375,42767.864776482886,42497.87194313045,42615.86881104003,20525
2025-09-04,42788.86328125,42830.86216551765,42569.86909899728,42637.86729257347,15629
2025-09-05,42660.3671875,43183.85328673834,42470.87221938985,43145.854295771656,55626
2025-09-08,43060.85546875,43114.85403350111,42855.86091738003,42918.85924292299,15608
2025-09-09,42931.86328125,43027.8607394989,42814.86637900915,42954.8626722888,16201
2025-09-10,43148.85546875,43448.847511406435,43093.856927596324,43244.85292240006,30519
2025-09-11,43252.1640625,43348.16220713737,43068.16761861172,43217.1647389343,18702
2025-09-12,43439.16015625,43447.16000158264,43231.16417760129,43260.16361693212,10166
2025-09-15,43577.16015625,43636.15901919045,43279.16589936436,43499.16165948127,24927
2025-09-16,43482.16015625,43767.15465167422,43414.161469622464,43659.15673761872,61414
2025-09-17,43246.1640625,43577.15766447673,43228.164410428755,43522.158727592374,29951
2025-09-18,44267.14453125,44368.14257944861,43735.15481202562,43837.15284089946,23196
2025-09-19,44422.140625,44527.13859374648,44198.14495834084,44225.144436018505,54757
2025-09-22,44655.13671875,44737.135133541684,44409.14147437495,44570.138361953745,24254
2025-09-23,44720.13671875,44908.13308965237,44639.13828235058,44781.135541223644,19026
2025-09-24,44610.140625,46177.11043870907,44598.14085616496,44633.14018193383,16067
2025-09-25,44758.13671875,44758.13671875,44121.14900477418,44500.1416948791,20185
2025-09-26,44469.140625,45279.124971891164,44363.142673431525,44699.13618029009,12145
2025-09-29,44861.1328125,45367.123031463154,44745.13505479303,44786.13426225843,28893
2025-09-30,44706.13671875,44848.133976764686,44561.13951866458,44744.13598497928,26394
2025-10-01,44800.1328125,45345.12226324468,44299.14251007232,44351.14150353787,21214
2025-10-02,45252.12890625,45382.12640382613,45022.33254853047,45050.13279463171,24030
2025-10-03,45218.12890625,45473.123993958565,45108.131025277675,45465.12414806967,16871
2025-10-06,45308.125,45786.11576894215,45160.1278581518,45287.12540554856,29687
2025-10-07,45234.12890625,45918.115734411265,45210.12936841978,45369.12630654498,37992
2025-10-08,45655.1171875,45665.116994138225,45279.12445790257,45353.123027025475,33863
2025-10-09,45988.109375,46067.107845082515,45613.11663726652,45990.10933626791,31666
2025-10-10,45018.12890625,46799.094444845505,45018.12890625,46201.10601582804,45190
2025-10-13,45299.125,45706.117138520975,44887.132958057395,45188.12714403973,67100
2025-10-14,45130.12890625,45258.12643566437,44405.14289980141,45120.1290992645,59960
2025-10-15,45336.125,45646.11901702803,45211.12741248869,45230.12704579041,26698
2025-10-16,45306.125,45531.120654644976,45199.127066457724,45327.12459443353,23237
2025-10-17,44804.1328125,45228.12460610563,44007.14823819886,44404.14055438149,53887
2025-10-20,45815.1171875,46820.09782250606,45325.12662913884,45456.1241049456,33099
2025-10-21,45901.1171875,46045.11441801283,45740.120283940516,45853.11811066239,32544
2025-10-22,45479.12109375,46199.107179666884,45478.12111307512,46148.10816524777,14774
2025-10-23,45952.109375,45976.108909850824,45429.236696604516,45721.1138520608,35080
2025-10-27,47239.0859375,47682.0773657454,47000.09056199063,47087.088878598646,40633
2025-10-28,47789.078125,47896.07606095679,47233.93649020725,47323.08711419753,39073
2025-10-29,48223.0703125,48473.06549286922,47999.07463088918,48312.06859671144,28514
2025-10-30,48183.0703125,48516.06388742243,48008.07368904226,48413.06587475874,31988
2025-10-31,48182.0703125,48738.05958452021,48095.07199115871,48511.0639644688,27013
2025-11-03,48211.0703125,48788.05918602345,48189.07073673307,48189.07073673307,30980
2025-11-04,48055.0703125,48294.06568882528,47744.07632908092,47816.07493617472,73519
2025-11-05,48033.0703125,48055.069886694844,47313.084247941566,47547.07971892306,88150
2025-11-06,46954.09375,48426.065339820045,46943.09396230434,47795.07751836865,47900
2025-11-07,45891.1171875,47058.094738223714,45567.12342020396,47008.095700060745,52558
2025-11-10,47186.08984375,47498.08382580544,46999.09345065908,47175.09005592112,70819
2025-11-11,47186.08984375,47650.0808939863,47026.09292987542,47588.08208985989,46838
2025-11-12,47444.08203125,47990.07146720874,47147.08777762409,47742.076265527845,42880
2025-11-13,46597.09765625,47649.07728486871,46499.099553964224,47576.07869847217,31210
2025-11-14,46696.09765625,46783.09597511618,45532.12014866118,46334.104651312584,74309
2025-11-17,46403.10546875,46965.094635059744,46168.109998851796,46810.09762299923,42184
2025-11-18,45718.1171875,46054.1106994972,45127.1285994335,45828.11506345146,45106
2025-11-19,46027.109375,46462.10095790877,45589.11785014013,45631.11703745546,37442
2025-11-20,46308.10546875,47199.088257682095,46308.10546875,46907.09389812186,43310
2025-11-21,45001.12890625,45435.12050540809,44599.13668767499,44983.129254672014,51413
2025-11-24,46236.10546875,46311.104017750935,45394.67252922706,45635.11709608917,39439
2025-11-25,46024.109375,46414.10182815046,45536.11881823737,46338.103298818576,41039
2025-11-26,46704.09765625,46770.09638112555,46399.10354887057,46661.098487012896,26282
2025-11-27,46600.09765625,46783.09411278728,46559.098450140555,46687.09597165297,19076
2025-11-28,46822.09375,46999.09032419965,46768.09479515943,46904.092162906054,43878
2025-12-01,46846.09375,46861.09345982667,46386.10264864879,46688.09680649241,87184
2025-12-02,47121.08984375,47520.08213710886,46805.095947255264,46837.09532917878,46106
2025-12-03,46884.09375,47904.07403420604,46668.09792510931,47295.08580569478,21630
2025-12-04,46791.09375,47593.07821716319,46609.60507757298,46984.090012048,27305
2025-12-05,47075.09375,47331.088821798796,46796.15771359131,47067.09390400629,26119
2025-12-08,47032.09375,47921.07662040482,47013.09411609933,47297.0886438777,46340
2025-12-09,47177.08984375,47207.0892649911,46903.09512974798,47106.091213479405,15012
2025-12-10,47015.09375,47247.08927811809,46848.09696898396,47185.09047318998,13357
2025-12-11,46423.41015625,47899.39140281697,46229.41262113212,46658.40717043918,42442
2025-12-12,46091.41015625,46934.39936829805,45977.41161511895,46853.40040486283,49499
2025-12-15,45999.41015625,46512.403578209916,45500.41655477242,46160.408091796875,40818
2025-12-16,45548.41796875,46079.41118356056,45405.419796023234,45457.419131560244,30873
2025-12-17,45240.42578125,46999.40345524524,45188.42644125696,46160.41410420374,23957
2025-12-18,45914.41796875,45953.4174743752,45309.425637897475,45363.424953378526,52122
2025-12-19,46268.41015625,46493.407287918206,45792.41622436526,45948.41423565522,30321
2025-12-22,46298.41015625,47999.388485712436,46143.41213093155,46407.408767602974,15467
2025-12-23,46266.41015625,46299.40973554315,45963.41401910379,46094.412349025086,41474
2025-12-24,46307.41015625,46330.409863289686,46215.41132809126,46261.41074217063,5993
2025-12-29,46169.41015625,46799.4021076998,45950.41295407935,46385.407396747076,26661
2025-12-30,46369.41015625,46420.409507510914,46099.41359075102,46148.41296745269,14747
2025-12-31,46182.41015625,46399.40738475197,46095.41126740359,46149.410577722054,4831
2026-01-02,45689.41796875,46494.40771409567,45332.422516466264,46215.41126819326,14269
2026-01-05,46112.41015625,46627.403568746886,46042.411051638774,46068.4107190658,23131
2026-01-06,46221.41015625,48878.37624999662,45731.41640919097,45945.41367831471,30784
2026-01-07,46675.40234375,46799.40075600951,46256.40770877632,46358.40640273173,24702
2026-01-08,46318.41015625,46999.40148413718,46257.410933047184,46511.40769851465,29676
2026-01-09,46842.40234375,46891.401718573215,46417.40776620173,46445.40740895785,26792
2026-01-12,46783.40234375,46857.40139841479,46265.51052229903,46489.406099541244,33539
2026-01-13,46916.40234375,47006.40119727724,46630.40598698566,46753.40442013955,38135
2026-01-14,46165.41015625,46785.402234768284,46012.412111067264,46758.40257973604,32730
2026-01-15,46986.40234375,47179.39988886554,46451.67477036196,46466.40895794648,42268
2026-01-16,46695.40234375,47005.39837609886,46514.404660346314,46881.39996315932,50692
2026-01-19,45842.41796875,47999.39058307702,45715.41958116561,46034.415531082304,21453
2026-01-20,45901.41796875,45978.41699240025,45240.426350142014,45604.42173467047,32097
2026-01-21,45976.41015625,46127.40821905518,45340.41831556064,45592.415082626234,41866
2026-01-22,46250.41015625,46760.40365216765,46100.412069215396,46321.40925077971,31539
2026-01-23,46140.41015625,46537.40508119812,45911.41308367287,46307.408021404495,38871
2026-01-26,45981.41015625,46163.40782160682,45512.416172445875,45807.4123882715,39003
2026-01-27,46054.41015625,46784.40080686475,45806.413332479504,46259.407530737706,28092
2026-01-28,46204.41015625,46504.40632651025,46127.411139216536,46370.40803712734,32003
2026-01-29,45324.421875,46280.40968112245,45136.424272959186,46191.410816326534,34242
2026-01-30,45791.41796875,45996.415363133165,45374.42326895596,45454.42225212988,17969
2026-02-02,46143.41015625,46212.40927424543,45069.42388484283,45100.42348857991,26565
2026-02-03,45345.421875,46304.40964852192,45299.42246146297,46223.41068120672,42193
2026-02-04,44697.4296875,45850.41497609652,44499.432213829474,45283.422210585486,44480
2026-02-05,44607.43359375,45399.423537398,44040.440793183814,44792.43124472838,40412
2026-02-06,44800.42578125,44999.42323064775,43980.55738346723,44106.43467631512,50718
2026-02-09,45193.42578125,45625.420292412986,44530.43420509014,45070.42734404387,44285
2026-02-10,45167.42578125,45375.42313695537,45008.42780260984,45176.425666833406,25790
2026-02-11,44997.42578125,45642.417550415434,44715.42937984744,45039.42524528868,48556
2026-02-12,44457.43359375,45465.42075157311,44319.435351905166,45341.422331364716,31428
2026-02-13,44428.43359375,44645.43082731015,44015.43885890972,44321.43495784707,41943
2026-02-16,44201.43359375,44982.42358598381,44143.43433696439,44427.43069777668,28909
2026-02-17,44546.43359375,44857.42963944682,44000.44053603146,44349.43609856584,43791
2026-02-18,45177.42578125,45186.42566685873,44589.43325481291,44657.43239052332,38956
2026-02-19,45164.42578125,45774.41802583237,44695.431744021924,45174.425654112005,30949
2026-02-20,45246.42578125,45499.4225704881,44678.43298960083,45228.42600968365,44593
2026-02-23,44737.4296875,45480.420215860955,44597.431472196455,44917.42739289027,38125
2026-02-24,45069.42578125,45530.41990783434,44679.4307500832,44946.427348343546,48029
2026-02-25,45587.41796875,45747.41592599752,45152.4235224833,45164.42336927686,39810
2026-02-26,45288.42578125,45836.41883316382,44929.78189104973,45701.420544827386,38514
2026-02-27,45338.421875,45793.41607322062,44441.43331279362,45385.42127569531,22920
2026-03-02,45443.41796875,45627.415612140765,44809.426088805725,44834.42576861425,38459
2026-03-03,45148.42578125,45244.424560292726,44770.43058876927,45166.42555232051,40519
2026-03-04,45890.41796875,45940.41733460469,45016.429053610045,45062.42847019636,35935
2026-03-05,45883.41796875,46129.414848279084,45695.61956972307,45907.41766431381,29960
2026-03-09,45016.42578125,45218.42320461923,44379.43390656585,44464.43282234003,39326
2026-03-10,45659.41796875,45745.41687250191,45263.423016590015,45469.42039069344,38041
2026-03-11,45535.41796875,45826.715026656755,45319.42072961503,45496.41846723952,36188
2026-03-12,45144.69921875,45488.69692682952,44984.45028642516,45350.69784626274,30172
2026-03-13,45148.69921875,45609.395368335965,44908.70081762262,44983.70031797493,35031
2026-03-16,45281.69921875,45492.69781720317,45131.70021511031,45235.6995243005,29792
2026-03-17,45391.6953125,45568.69412441207,44993.69798401976,45149.696936891414,32892
2026-03-18,45163.69921875,45714.69554922408,45154.00787704241,45636.6960686851,29639
2026-03-19,44318.703125,45042.698275217735,44293.70329246486,44908.69917282937,43660
2026-03-20,44182.703125,44628.70012823088,44000.70434789681,44383.70177443813,25938
2026-03-23,44115.70703125,44988.70123376793,43399.71178611502,43508.71106225987,84125
2026-03-24,43999.70703125,44563.7032759233,43749.70869584517,44155.705992542615,41600
2026-03-25,44270.703125,44794.699611130876,44073.65366514438,44187.703681586136,23148
2026-03-26,43624.70703125,44318.70237061247,43624.70703125,44090.703901772926,31271
2026-03-27,42880.71484375,43674.70956369444,42735.71580799189,43495.71075403442,27523
2026-03-30,43011.7109375,43194.709707646995,42623.713545057195,42779.71249665791,48612
2026-03-31,43217.7109375,43526.708870761315,42699.714402129895,42786.7138202326,42815
2026-04-01,44211.703125,44660.70011005214,43849.70555575975,44139.70360846603,67776
2026-04-02,44292.703125,44878.699197319555,43499.7084401034,43728.70690522486,77917
2026-04-07,44127.70703125,45123.70041873924,43749.70954081734,44454.70486027508,56098
2026-04-08,45213.69921875,45714.69588590162,44999.70064236187,45470.697509085265,47371
2026-04-09,45411.6953125,45748.69305143051,44615.70065318638,45402.69537288464,32523
2026-04-10,45681.6953125,45759.694792259535,45566.6960795212,45671.695379197496,36101
2026-04-13,45703.6953125,45756.69495917343,45383.49041592267,45492.696719139734,42301
2026-04-14,46259.69140625,46265.69136622487,45886.69389447889,45955.6934341899,52167
2026-04-15,46852.6875,46879.68731991548,46517.68973438201,46573.68936087337,59715
2026-04-16,47576.68359375,47605.6834008883,47000.68742438245,47380.6848972291,59580
2026-04-17,48144.6796875,48190.67938145836,47583.68341987745,47613.68322028508,68533
2026-04-20,47854.6796875,48499.675370259116,47753.02411792561,48033.678489381986,73538
2026-04-21,48108.6796875,48499.67708419942,47981.68053307333,48248.67875537191,50015
2026-04-22,48565.67578125,48619.67542075475,48133.678665212035,48245.67791751817,66442
2026-04-23,48895.671875,48895.671875,48454.674834406185,48646.67354595724,56866
2026-04-24,49225.671875,49639.6691154065,48833.67448794845,48906.67400135345,86300
2026-04-27,49102.671875,49637.668299925666,49022.67240959055,49280.67068553602,51417
2026-04-28,48662.67578125,49499.67020471149,48662.67578125,49230.671996932346,75236
2026-04-29,49207.671875,49257.671541593845,48925.67375541071,49120.67245512671,49101
2026-04-30,49083.671875,49629.66822500713,48789.673840380776,49253.67073855533,76930
2026-05-01,49769.66796875,49989.66650106113,49208.67171135661,49344.67080405804,61052
2026-05-05,50458.6640625,50799.66179224717,50111.66637269862,50143.66615965437,76957
2026-05-06,51142.66015625,51284.65921266412,50700.36231407585,50744.66280094844,82912
2026-05-07,51645.65625,52249.65222984355,51301.06088735346,51451.657541242304,55870
2026-05-08,52152.65234375,52225.65185712591,51570.656223410566,51681.655483475304,49023
2026-05-11,52501.6484375,52641.64750003571,52292.64983700025,52501.6484375,50613
2026-05-12,52086.65234375,52779.647718300635,52047.652604056675,52533.64936023504,64526
2026-05-13,52825.6484375,53192.645995077,52440.65099971487,52771.64879687559,68568
2026-05-14,53743.640625,54123.63808401868,53116.46122509683,53339.64332646435,99711
2026-05-15,53687.640625,53729.640343861756,53120.64442036628,53685.64063838754,149219
2026-05-18,52775.6484375,53649.642615428886,52499.65027604877,53139.64601274727,112139
2026-05-19,52369.65234375,52999.648161519,52174.65363825007,52779.64962198062,94362
2026-05-20,53151.64453125,53296.643561522265,52742.647266551,52828.64669140214,69366
2026-05-21,53141.64453125,53453.64244427077,53013.6453874466,53182.64425699952,105331
2026-05-22,53895.640625,53918.640471637504,53491.44410142393,53704.64189857549,72449
2026-05-26,54430.63671875,54568.635797715804,53856.64054971834,53966.639815560644,73310
2026-05-27,54429.63671875,55088.632320397184,53882.64036958307,54541.63597123025,97353
2026-05-28,54975.6328125,54975.6328125,54399.636659633295,54456.63627892739,91664
2026-05-29,55031.6328125,55459.62995677515,54745.63472076474,55096.63237880347,92600
2026-06-01,55415.62890625,55450.628671872175,55013.63159824667,55392.629060269704,106009
2026-06-02,55564.62890625,55568.62887953579,55140.631737956115,55272.63085638723,131626
2026-06-03,55667.62890625,56499.62335997566,55107.632639319265,55720.62855294166,140016
2026-06-04,55319.62890625,55612.62694076792,54748.93351582454,55491.62775245165,194317
2026-06-05,54250.63671875,54847.63272105583,54222.58612533659,54757.63332372329,197204
2026-06-08,54152.63671875,54419.94351928079,53264.64267582994,53392.64181715175,211973
2026-06-09,52634.6484375,54477.63612763608,52629.64847089627,54150.63831175192,175528
2026-06-10,52499.6484375,53826.639551339285,52199.65044642857,52882.645872767855,225927
2026-06-11,52712.0,53121.0,52381.0,52547.0,136283
2026-06-12,54048.0,54180.0,52715.0,53474.0,140422
2026-06-15,55502.0,55630.0,54909.0,54956.0,132708
2026-06-16,55050.0,56000.0,54937.0,55647.0,177870
2026-06-17,54927.0,55150.0,54691.22265625,55088.0,157886
2026-06-18,55862.0,56304.0,55228.0,55265.0,182505
2026-06-19,56120.0,56165.0,55828.0,56014.0,81541
2026-06-22,55875.0,56559.0,55750.0,56301.0,196534
2026-06-23,54603.0,55605.0,54265.0,54824.0,298222
2026-06-24,54724.0,55017.0,54328.0,54746.0,273074
2026-06-25,54298.0,55559.0,53628.0,55320.0,217443
2026-06-26,54209.0,54300.0,53399.0,54128.0,286411
2026-06-29,54358.0,54581.19921875,53500.0,54222.0,182607
2026-06-30,55557.0,55694.0,54856.0,55098.0,160472
2026-07-01,55354.0,56091.0,54912.0,55595.0,204672
2026-07-02,53988.0,55555.0,53706.87109375,54492.0,323454
2026-07-03,54274.0,54422.0,54091.0,54123.0,107722
2026-07-06,54548.0,54668.0,54113.6484375,54273.0,317831
2026-07-07,53072.0,54207.0,52870.0,53786.0,297041
2026-07-08,52812.0,53917.0,52574.1484375,53203.0,397345
2026-07-09,54099.0,54200.0,53521.0,53534.0,116432
2026-07-10,54211.0,54271.0,53582.0,53895.0,68443
2026-07-13,53896.0,54300.0,53041.0,53743.0,89522
2026-07-14,54071.0,54170.0,53200.0,53717.0,182654
2026-07-15,53344.0,54437.0,53218.0,54324.0,126584
2026-07-16,53012.0,53279.0,52590.0,53242.0,127697
2026-07-17,51934.0,52182.8984375,51250.0,51810.0,150345
2026-07-20,52537.0,52741.55078125,51976.0,52036.0,115151
2026-07-21,53210.0,53260.0,52537.0,52666.0,108745
2026-07-22,53244.0,53300.0,52738.0,52836.0,104860
2026-07-23,52083.0,52969.0,51969.0,52854.0,139099
2026-07-24,51951.0,52410.0,51555.0,52087.0,154119
2026-07-27,51216.0,52481.0,51060.0,52247.0,116369
2026-07-28,51139.0,51357.0,50123.0,51111.0,199027
2026-07-29,50456.0,51328.0,50300.0,51080.0,131393
2026-07-30,50798.0,51188.0,49833.0,50008.0,105026
2026-07-31,50953.0,52265.0,50845.0,51501.0,28423
2026-08-03,52128.0,52193.0,51200.0,51698.0,27828
2026-08-04,53656.0,53708.0,52537.0,52700.0,40022
2026-08-05,53934.0,54491.23828125,53813.51171875,54160.0,27528
2026-08-06,53510.0,53712.0,52867.0,53402.0,21618
2026-08-07,53848.0,53855.0,53393.0,53513.0,26902
2026-08-10,53590.0,54109.0,53590.0,53981.0,31591
2026-08-11,53507.0,53909.0,53444.0,53650.0,13073
2026-08-12,53808.0,54062.0,53601.0,53626.0,11296
2026-08-13,54448.0,54617.0,53801.0,54006.0,13518
2026-08-14,54047.0,54520.0,54044.0,54462.0,21388
2026-08-17,54376.0,54552.0,54119.0,54509.0,20993
2026-08-18,53262.0,53898.0,53103.0,53849.0,22033
2026-08-19,52995.0,53336.0,52558.0,53146.0,17153
2026-08-20,52396.0,53152.0,52312.0,53105.0,22174
2026-08-21,52580.0,52787.0,52248.0,52500.0,16692
2026-08-24,52076.0,52360.0,51765.0,52126.0,20161
2026-08-25,52397.0,52612.0,52234.0,52378.0,17281
2026-08-26,52473.0,52667.0,52214.0,52336.0,9823
2026-08-27,53129.0,53288.0,52473.0,52949.0,13264
2026-08-28,53574.0,53970.0,53100.0,53229.0,10807
