Date,Close,High,Low,Open,Volume
2009-01-02,56.2088737487793,56.20887374877929,53.574594633347665,54.36487731955793,11917130
2009-01-05,54.76001739501953,56.76865219474341,54.33194785547496,56.53815200219731,15133594
2009-01-06,55.51737976074219,55.91252377214627,54.20024528762102,55.51737976074219,14854133
2009-01-07,53.04775619506836,54.99053516685741,52.71846860270898,54.89174784073011,14774883
2009-01-08,53.14651107788086,53.344085629013705,51.76351543042467,52.850154493276335,12966158
2009-01-09,52.6855354309082,53.96974427585415,52.12574765261918,53.37703088831088,11091079
2009-01-12,52.12575149536133,53.34410921161685,51.63182538336164,52.58675199567948,13639511
2009-01-13,49.19511795043945,51.66475362780573,48.470691624867925,51.5330407035376,26938568
2009-01-14,46.46205520629883,48.207264512334085,46.165698513417624,48.04262074026749,21022831
2009-01-15,45.342498779296875,46.56085677514142,43.63021980020463,46.363282091324415,29309595
2009-01-16,45.968143463134766,47.21942184306635,43.00458085250485,46.75842647649619,26915928
2009-01-20,42.57649612426758,46.39619974137941,42.14842650138699,45.93519926654027,24783172
2009-01-21,42.90578842163086,43.564358395011915,39.11901500626305,39.11901500626305,30765911
2009-01-22,44.3875617980957,44.65098762904173,39.744647454045094,40.798358640973866,31624138
2009-01-23,39.61293029785156,43.43263064813718,39.08607345026517,41.78620627573962,68118303
2009-01-26,40.89714050292969,41.65449495668764,40.07392959598374,41.0947124835417,25927684
2009-01-27,43.00456237792969,43.43263194118285,41.65449461447522,41.91792304611102,24889485
2009-01-28,44.45342254638672,45.27663096859568,43.36678302570944,43.82778089540779,24082819
2009-01-29,41.88498306274414,43.95947384405699,41.78619579045512,43.89361740989583,16564828
2009-01-30,39.94221115112305,42.14841789806441,39.54707246085661,41.884992104553454,23242641
2009-02-02,38.26286315917969,39.61293090306755,37.90065005382304,39.61293090306755,29322178
2009-02-03,37.439666748046875,39.11901739976617,37.27502293410343,39.11901739976617,26280969
2009-02-04,37.07742691040039,38.789704572639224,36.846926784615725,38.06528122241696,21515086
2009-02-05,35.72737503051758,37.14329664419718,35.10173348004534,36.517657714773,40646603
2009-02-06,36.55059051513672,37.70308645897604,35.398094571297406,35.89202065550043,45652678
2009-02-09,41.621578216552734,42.477717586364584,36.61645231935814,37.34087874644471,48605205
2009-02-10,38.26286315917969,41.62156578492824,37.406724045081425,41.29228090541783,40961620
2009-02-11,39.31657409667969,39.67878720062934,38.559219663062066,39.349502322398024,18270473
2009-02-12,38.460445404052734,38.69094304651815,36.879879657237986,38.69094304651815,27560903
2009-02-13,37.67015075683594,38.65800272931758,37.3737941166723,38.032363845691975,18069094
2009-02-17,35.59565734863281,36.879868598629294,35.26637247994263,36.879868598629294,27914940
2009-02-18,35.76030349731445,36.71522732176297,35.167590169620276,36.45179888489355,19881011
2009-02-19,34.09938430786133,37.217814240827806,33.726528115104976,37.08223115184859,32753229
2009-02-20,31.79447364807129,33.35369084833779,30.438631196675164,32.91304286105357,67793708
2009-02-23,29.997976303100582,32.54017896515665,29.760703119313018,32.47238469974273,46742478
2009-02-24,30.777603149414062,31.38773301695534,28.574359703151295,30.33695499977472,54563384
2009-02-25,30.54032516479492,32.065646902901406,29.523445804767697,30.811494253232816,40027398
2009-02-26,30.845394134521484,33.048637536296596,30.54032920691068,31.455523989743085,32411044
2009-02-27,28.84552001953125,31.18434596706081,28.472663591748336,29.150584860092767,66919435
2009-03-02,25.760982513427734,28.13370437402776,25.455917657507076,28.09980857871051,61717322
2009-03-03,23.76111602783203,26.743967465756253,23.2187806291482,26.574485798747695,86477332
2009-03-04,22.676435470581055,24.574612821948453,19.896962359028073,24.5407170387155,157102606
2009-03-05,22.574750900268555,24.30344685024252,22.13410296592352,22.879815684988888,92920379
2009-03-06,23.930578231811523,24.574603258744173,22.574739335924757,23.727203611557023,66658357
2009-03-09,25.116962432861328,26.54059408503526,23.320471595562108,23.55774488662393,55305052
2009-03-10,30.065767288208008,30.472519382492237,26.94733366600743,27.150711062181745,76934902
2009-03-11,28.7777099609375,31.72666369676323,28.167580671434415,31.28601326653127,52443001
2009-03-12,32.438472747802734,33.150289246311246,28.574328354239174,29.59120945183178,74075459
2009-03-13,32.60798263549805,33.82823939490023,31.523309061118734,33.55707032678904,45131002
2009-03-16,32.743560791015625,35.11628235285168,32.540186044720265,33.794338407736745,47197967
2009-03-17,33.89603042602539,34.06551210256247,31.997852376815597,33.38759079254496,31382570
2009-03-18,34.98068618774414,36.23483808464293,32.87913443342898,33.65874003587825,41608160
2009-03-19,34.336669921875,38.47198564604193,33.72654305316939,37.963546139109795,60035025
2009-03-20,32.33680725097656,34.13329759194495,31.387719745072648,34.06550601267538,52742223
2009-03-23,35.35355758666992,35.42134917260039,33.15031485553866,34.84511529606105,44413809
2009-03-24,35.2857780456543,36.98057906470251,34.06552098817164,34.64175236334424,41000828
2009-03-25,35.55693817138672,37.59070227097675,34.20109813639233,36.40433853051642,43723054
2009-03-26,36.94667053222656,37.28563115887921,36.09927031462752,36.777191567932825,33313403
2009-03-27,36.539913177490234,37.38731327583224,36.09926523427498,36.506017389401734,21835778
2009-03-30,33.658748626708984,37.86185590617593,33.15030912210132,35.01459090308239,32184208
2009-03-31,34.26888656616211,35.455247498908506,33.65875685306265,35.014599460810174,27697868
2009-04-01,34.47224807739258,34.777312816587276,33.2180960363303,33.59095234022064,23778401
2009-04-02,36.40432357788086,37.285622071613425,35.82809254165622,36.43822206054303,30600275
2009-04-03,37.08224868774414,37.25173032717818,36.30264016131607,36.64160074211934,25811814
2009-04-06,37.929664611816406,38.065250519531745,36.13317629169807,36.77720193366461,27455737
2009-04-07,36.09925079345703,36.98054632734203,35.82808189916021,36.9466505528129,22431822
2009-04-08,36.06536865234375,36.50601658585981,35.28576014733887,36.370430738425426,20000846
2009-04-09,38.40419006347656,39.42106897121436,37.590685858060546,38.09912531192944,31393942
2009-04-13,41.11587905883789,42.09886512261116,38.1330304715939,38.77705591675794,39756847
2009-04-14,39.01432418823242,42.37003168870751,38.70925937945015,42.33613589862781,38304601
2009-04-15,40.099002838134766,40.50575507064546,37.76017682668192,38.9465377296769,25082331
2009-04-16,41.59041976928711,42.132755064924595,39.692242187458795,40.8786028388434,27650544
2009-04-17,41.99718475341797,43.14964996974498,39.827837511602816,42.03108055112769,46630302
2009-04-20,38.471981048583984,41.08197254392724,38.13302051844727,40.67522314544048,29959536
2009-04-21,39.658348083496094,40.30237076851542,36.777187150140506,37.25173089122445,25750655
2009-04-22,39.99729919433594,42.302228474223845,39.04820923893634,39.52275556566825,27168388
2009-04-23,40.26847076416016,41.31924820075184,39.217696025633046,41.217560845035905,19799946
2009-04-24,41.0480842590332,41.8615912988045,40.50574893058391,40.77691794384101,20330803
2009-04-27,40.98030090332031,41.86159969873059,40.16679639837655,41.115884088122456,17052993
2009-04-28,40.67523956298828,41.6243272719952,39.929523937246415,40.50575788048065,17222239
2009-04-29,41.42095184326172,42.60731288728731,41.04809536096421,41.251472850429046,21261958
2009-04-30,42.87848663330078,43.42082486543009,42.437838505986925,42.47173430823676,23874949
2009-05-01,43.01405715942383,43.55639523164247,42.37003440850376,43.18353881876658,16698664
2009-05-04,44.40378189086914,44.64105506235388,43.42079881914159,43.929238245963965,24498640
2009-05-05,44.40378189086914,45.725725479833045,44.06482137363279,44.91222131769152,21996803
2009-05-06,46.33586120605469,46.77650912853243,45.11560479810141,45.657940080059085,26898296
2009-05-07,47.3188362121582,48.77636278993115,46.674808322895466,48.47129808367577,29658687
2009-05-08,49.25093078613281,49.31872237337554,47.92898674070375,48.742491183747056,26714214
2009-05-11,48.09845352172851,48.878064715411504,47.79338874125512,48.74248156767431,19507986
2009-05-12,46.36975860595703,48.50521224004355,44.94613004473915,48.267939014463956,24646018
2009-05-13,43.75978088378906,44.91224620170007,43.21744537456392,44.77666299891023,22249743
2009-05-14,44.200401306152344,44.67494761481792,42.37001842268039,43.285209864416366,18830606
2009-05-15,43.59029006958008,44.94613252237822,43.047954707299866,44.302107087492594,17397911
2009-05-18,45.65795135498047,45.75964143763676,44.336007261102125,44.43769464569307,16035619
2009-05-19,46.43754959106445,47.31884540427842,45.725730006148375,46.23416948330034,19218655
2009-05-20,46.67483139038086,48.74249379866615,46.573146702126856,47.556132864077114,23693100
2009-05-21,44.87834548950195,45.86132899828183,44.234322648666506,45.79353740430604,21999787
2009-05-22,44.40378189086914,45.420660744513896,44.132612937467194,45.28507761684507,11273971
2009-05-26,45.38678741455078,46.132500337417795,43.55640090405308,44.132632145505504,20010569
2009-05-27,44.030914306640625,45.75961223167622,43.590266556590194,45.65792221392334,22426334
2009-05-28,44.7088508605957,45.01391292674319,43.420802931557056,44.8444340011057,17210470
2009-05-29,45.69182205200195,45.86129822515667,41.42092212053343,45.183380042219305,17712970
2009-06-01,46.97988510131836,47.42053303555636,45.79352444819611,46.844301951726585,18028133
2009-06-02,46.77651596069336,46.945997615979024,45.929118476525296,46.43755804625216,13795924
2009-06-03,45.759639739990234,46.43756100824355,45.08171847173691,46.26807934214761,14260593
2009-06-04,46.60703659057617,46.60703659057617,45.52236581505221,46.166388582132335,12179961
2009-06-05,45.89521789550781,47.38664344334303,45.79352782774454,47.318851863544154,15786560
2009-06-08,45.963016510009766,46.40366454420925,45.21730362195977,45.75964173948633,12202809
2009-06-09,45.99690246582031,46.4036518959998,45.42066601220551,45.9630039819074,11344415
2009-06-10,45.42066192626953,46.674813984029576,44.47157461176582,46.50533776809843,17092221
2009-06-11,45.62403869628906,46.60701902393478,45.217283936195926,45.522348657233685,14904670
2009-06-12,45.79352569580078,45.827424182187,45.04781565466507,45.590150965872354,11985237
2009-06-15,44.57328796386719,45.28510247289292,44.098741360428974,45.28510247289292,15754509
2009-06-16,43.31912612915039,44.8444477187321,43.11575135617437,44.67496874125208,19070192
2009-06-17,41.52262496948242,43.14963342808807,41.14976863954658,43.08184185865693,27059613
2009-06-18,40.907470703125,41.65932086504433,39.16454705884787,41.65932086504433,36750819
2009-06-19,41.351749420166016,41.932725839599776,40.77077572100317,41.45427371055871,25974466
2009-06-22,39.369606018066406,40.66825812454712,39.301256479887705,40.531556327918366,21374698
2009-06-23,39.643009185791016,39.84806053246788,38.44688403761192,39.40378306804659,18148427
2009-06-24,39.9847526550293,41.11252806471733,39.71135181381888,40.223976010851246,17243585
2009-06-25,40.53156661987305,40.770792784515216,39.36961601497345,39.7113665129171,15812851
2009-06-26,40.155616760253906,41.00999384218579,39.98474297602976,40.668243553467114,14212371
2009-06-29,40.18980407714844,40.42903017009516,39.77970414657636,40.394855402570094,10995929
2009-06-30,40.0531120300293,40.80496248795406,39.47213815996292,40.463212032509006,18296035
2009-07-01,40.25814437866211,40.668246935445026,39.77969502277619,40.1897948592885,13391432
2009-07-02,39.16455841064453,40.25815649016824,39.16455841064453,39.77970699034269,14945527
2009-07-06,39.232906341552734,39.36960541581901,38.51523076111216,38.85698116704916,13662568
2009-07-07,37.62665939331055,39.437931952058015,37.45578292986454,39.19870871161123,20712926
2009-07-08,36.60143280029297,37.79755794852719,35.883757167298135,37.55833455104325,29145003
2009-07-09,37.11405563354492,37.55833032775825,36.32802782652601,37.38745377135546,17022820
2009-07-10,36.84065246582031,37.07987854167799,36.22550125376973,36.703950685214046,14630363
2009-07-13,39.16455841064453,39.30125749051714,37.14823338116645,37.1824081511346,21233287
2009-07-14,39.779693603515625,40.08726914999382,39.164545230829745,39.54047029424298,14937556
2009-07-15,41.83022689819336,41.96692603488953,40.53157421848946,40.736625643806285,19248014
2009-07-16,42.37701416015625,42.71876462535387,40.668264554439936,41.24923844108564,19291311
2009-07-17,39.81388092041016,40.941656466382256,39.47213322793804,40.70243308165177,37749080
2009-07-20,39.882232666015625,40.770782095553,39.574657026476885,40.018931741245574,19700936
2009-07-21,39.19873809814453,40.36068858364415,38.686111043769685,40.25816154060612,21118273
2009-07-22,39.74551773071289,40.12144278358641,38.44686878454547,38.82279383741899,16307965
2009-07-23,40.8391227722168,41.28339739059028,39.54047367848887,39.81387176962902,21355000
2009-07-24,41.11252212524414,41.18087164560462,40.25814495992625,40.63407004217952,12464180
2009-07-27,42.103607177734375,42.30865851541825,41.112533419697954,41.59098291393179,16065833
2009-07-28,42.7870979309082,43.40224907878608,41.62514787846059,41.86437392936215,22016542
2009-07-29,41.89855194091797,42.51370041624166,41.385925037832095,42.51370041624166,16700542
2009-07-30,44.80343246459961,45.69198462327432,44.32498297624946,44.46168205284339,35274911
2009-07-31,45.79449462890625,45.96537115170494,44.94012289599551,45.24769574054593,22805139
2009-08-03,46.88811111450195,47.29820835661795,45.96538415892663,46.64888500299618,20663953
2009-08-04,47.229854583740234,47.229854583740234,45.760331437035575,46.683058309920305,23860406
2009-08-05,47.81081771850586,48.1867427934751,47.264021566216925,47.33237108525304,20806866
2009-08-06,48.904422760009766,49.31451988978899,47.91334653556455,48.49432018968915,25085273
2009-08-07,50.23725509643555,50.852406335774525,49.17782917102782,49.65628134396754,19982734
2009-08-10,49.792991638183594,50.68154121068004,49.17784026013419,49.96386822998477,17885075
2009-08-11,47.81081771850586,49.51957201603235,47.400720604289155,49.348695498171466,21434438
2009-08-12,48.28926467895508,49.00693727311063,46.75138706213515,47.16148957346734,19270257
2009-08-13,48.1867561340332,49.280359622458825,47.63995983036309,49.1436605465413,17482211
2009-08-14,47.57160949707031,48.35763189072619,47.058979810136016,48.220932817094095,13703549
2009-08-17,45.65778732299805,45.86283584891866,44.97428951632581,45.62361256867794,16960284
2009-08-18,46.44382095336914,46.648869506310305,45.96536888929866,46.23876695988689,12548208
2009-08-19,46.23878479003906,46.54636045832571,45.418587541727334,45.55528662973402,12594823
2009-08-20,47.19568634033203,47.43490700913551,46.37548642296098,46.68306207204298,13329501
2009-08-21,48.56267166137695,48.80189771695843,47.84499893517411,48.39180057071156,18908604
2009-08-24,48.52851486206055,49.553763490245586,48.015890547968034,49.07531666934612,17861058
2009-08-25,48.870262145996094,49.3487144030795,48.528514419896,48.63103601745439,16091874
2009-08-26,48.22093963623047,48.870263048077945,47.87919190382216,48.66521440863296,13905555
2009-08-27,48.494327545166016,48.69938158169902,47.67412772066068,48.22092941717832,13316189
2009-08-28,48.11841583251953,49.109492483975195,47.776668077126416,49.04114293289657,15416873
2009-08-31,47.50326156616211,47.77665972266888,46.990631861897725,47.639960644415495,13999140
2009-09-01,45.589447021484375,47.43489500855252,45.41857321537463,46.956448351445246,21591205
2009-09-02,45.11099624633789,45.521096088565024,44.530019883024906,45.14517100650093,14691314
2009-09-03,45.96539306640625,46.06792011707507,45.4185939173511,45.6236425781448,11363237
2009-09-04,47.40071487426758,47.50324186069841,45.45274021586562,46.06789125336951,16115244
2009-09-08,49.55375671386719,50.20308003085159,49.07530995839437,49.6221062503633,29829143
2009-09-09,50.8182373046875,51.36503910181068,49.929687784701855,50.51066163383967,32145543
2009-09-10,50.57900619506836,51.0574584004791,49.62210722478958,50.989108862640805,25014432
2009-09-11,50.13474655151367,51.19417286733045,49.99804743473944,50.81824757592915,21120589
2009-09-14,52.45863723754883,52.66369131173932,49.2120148295659,49.72463913395567,29063311
2009-09-15,54.68003463745117,55.19265911209211,52.902929567338866,52.93710707123594,43651817
2009-09-16,58.09750747680664,58.71265873369026,55.807784447958426,56.01283305340547,56123467
2009-09-17,57.2724609375,60.228898293756686,56.20676611119264,58.33815029107192,53222730
2009-09-18,56.722408294677734,58.028738944258755,56.48176670994419,58.028738944258755,25670466
2009-09-21,57.61623001098633,58.06313358059802,55.828615732539554,56.48178122518694,22806579
2009-09-22,58.47564697265625,59.09443257322749,58.13187172182724,58.64752912533688,20012885
2009-09-23,58.4412841796875,60.160144513313234,58.26939650450429,59.02569570802787,28025009
2009-09-24,56.99746322631836,59.02572002165056,56.172409707416065,58.64757026412295,25713283
2009-09-25,56.27552032470703,56.96306555338778,55.20982549388865,56.206766349112506,21645729
2009-09-28,57.61623001098633,58.13188755494325,56.51616094872724,56.61928917387741,15396466
2009-09-29,57.44432830810547,58.7506644470659,57.30682039300101,58.1318733563618,16855348
2009-09-30,56.44741439819336,57.9600131248428,56.06927018926762,57.856884876130906,25198785
2009-10-01,54.900428771972656,56.344273176121106,54.831674797749905,56.06925727923011,23681916
2009-10-02,52.80341720581055,53.83473225925966,52.08149229020802,53.112812816392314,27771213
2009-10-05,54.41913604736328,54.69415736932097,53.31906717773576,53.59408302695904,15461673
2009-10-06,55.27857971191406,56.37864879898646,55.00356380832983,55.48484163960224,19968545
2009-10-07,55.553592681884766,56.10362993274294,54.694165292200005,55.10668912579224,12709921
2009-10-08,55.75983810424805,56.89428640880178,55.69108415906901,56.58489091912958,16144082
2009-10-09,55.622337341308594,56.27550817757211,55.34732149829298,55.691096774796776,14691251
2009-10-12,56.13801574707031,56.688047584880096,55.93174833515585,56.241143980291746,12233295
2009-10-13,56.344276428222656,56.85993400102389,55.2785815571568,56.103634768185906,14740516
2009-10-14,57.89125061035156,57.99438431661371,56.92868941860277,57.65061441696622,19315745
2009-10-15,57.719356536865234,57.891238715003155,56.653661857830606,57.719356536865234,19265541
2009-10-16,55.27857971191406,56.41302852330224,54.48790078000617,56.20676659561406,38046360
2009-10-19,54.453521728515625,55.45046250023442,54.31601378884441,55.175441148157,20708815
2009-10-20,53.559722900390625,54.38477613827697,53.18157327166205,54.31602215784776,21093129
2009-10-21,53.3878173828125,54.83166143509134,53.28468371024472,53.31906342534532,20174202
2009-10-22,52.73465347290039,53.55970645749444,51.94397473160008,53.284685147473645,26108093
2009-10-23,52.253379821777344,52.94092501321325,51.94398421199443,52.83779131904056,18380355
2009-10-26,51.600215911865234,53.1128142841839,50.98142467360118,52.39088934863072,20088087
2009-10-27,51.3251838684082,52.04710865381097,51.08454774600814,51.80646705867672,18250671
2009-10-28,49.57194900512695,50.94703912460011,49.33130741330903,50.77515149148244,22383767
2009-10-29,51.11893844604492,51.53146780947012,49.709473610419394,49.98448953754556,17455460
2009-10-30,49.02192306518555,51.35957461339187,48.643773469553125,51.3251948898183,27094167
2009-11-02,49.74382781982422,50.15635701701379,48.78126699002687,49.15941647381159,21101580
2009-11-03,49.22816848754883,49.743825859160744,48.71251111593692,48.81564477935272,16084029
2009-11-04,48.78129577636719,50.15638661480923,48.64378778707037,49.64072891857771,16756317
2009-11-05,49.60633087158203,50.01886015991488,48.85003173691759,49.09067336571718,14719879
2009-11-06,52.70026779174805,53.250304876796974,50.9814080577954,51.49706543070784,34440387
2009-11-09,54.48789978027344,54.72854142786213,53.628472360973575,53.97224223414644,21473186
2009-11-10,54.247276306152344,54.96919594520368,53.215955499703306,54.83168796374025,15357551
2009-11-11,54.41913604736328,54.90041925623843,53.8003503866109,54.7972855764125,14877064
2009-11-12,54.14410781860352,54.79727304753598,53.834712322600474,54.3159954214348,13705343
2009-11-13,53.834712982177734,54.3159960869087,53.49094324503649,54.1784881920522,13652719
2009-11-16,55.00354766845703,55.65671298417686,54.21286896856061,54.31600263850959,20496752
2009-11-17,55.07231521606445,55.27857713413411,54.62541165721258,54.8660532979948,10858462
2009-11-18,55.312957763671875,55.484845451588996,54.83167989933414,55.037941841193174,9925805
2009-11-19,54.17849349975586,54.86603851412828,53.525322726098494,54.72852513306679,14558625
2009-11-20,53.59408950805664,54.04099305345542,53.112811713715296,53.83473114159485,13336846
2009-11-23,55.07231521606445,55.141069188754344,54.4191442664077,54.4191442664077,15421276
2009-11-24,55.41606521606445,55.69108648098003,54.728520262875406,55.2785573199733,16840157
2009-11-25,55.622337341308594,55.8629789403144,55.14105961603126,55.82860469630459,10050335
2009-11-27,54.79729843139648,55.27858175317664,52.59716017600756,53.25032570750718,12711194
2009-11-30,55.07231521606445,55.20982316144423,54.350390293717815,54.384770016430366,14641506
2009-12-01,55.58796310424805,56.20675422384483,54.86604377987466,55.93173290806055,20456042
2009-12-02,55.24420166015625,55.759864704091974,54.86605751764709,55.41608934146816,13630788
2009-12-03,55.00354766845703,56.069242191238885,55.00354766845704,55.41607140278518,15556969
2009-12-04,55.691104888916016,56.68804020146691,55.20982162078207,56.17238268431488,18446083
2009-12-07,55.27857971191406,55.828616991818,55.03793805991012,55.24419998759829,13441469
2009-12-08,54.040992736816406,54.76291763320109,53.80035657742321,54.659783941507555,16453465
2009-12-09,53.834712982177734,54.28161637682796,53.35343535017999,54.075354534543216,12247755
2009-12-10,53.66286087036133,54.487908701053335,53.45659343995205,54.350400729271335,11639610
2009-12-11,54.728519439697266,55.003540700476215,53.937846312699094,54.040974496849664,11778704
2009-12-14,54.83164596557617,55.244169593995,54.728512322105225,54.93477960904711,9151398
2009-12-15,54.14410781860352,55.07229430661266,53.800338085674106,54.41912360494705,16534655
2009-12-16,53.937843322753906,54.48787486835545,53.83470967158718,54.315992746721406,15137287
2009-12-17,54.281646728515625,54.83168408822929,53.45659342531327,53.59410139705762,14246133
2009-12-18,53.59408950805664,54.69416398344985,53.59408950805664,54.69416398344985,16526559
2009-12-21,53.52533721923828,54.28163639255888,53.42220899643517,53.93786652865644,11086780
2009-12-22,53.215946197509766,53.93787118310465,53.04406398709398,53.52534183808819,10050689
2009-12-23,53.31975555419922,53.56195636019424,52.973744959944426,53.49275534300717,8834920
2009-12-24,53.42354202270508,53.56194402520609,53.14673801770307,53.21593901895358,3876983
2009-12-28,53.077537536621094,53.38894479945928,52.80072802058813,53.21593954047846,9545206
2009-12-29,53.42354202270508,53.73494928249143,52.93913501395157,53.14673801770307,10096595
2009-12-30,53.11214065551758,53.18134166444568,52.80073336118173,52.93914088735672,9379382
2009-12-31,52.35091018676758,53.077528850586354,52.35091018676758,52.83532262931343,9292057
2010-01-04,53.45813751220703,54.11554968275077,52.420111627595894,52.66231785094907,13997032
2010-01-05,53.73495101928711,54.21936355201575,53.458147005338375,53.49274475292279,13469263
2010-01-06,53.45813751220703,54.046348691552346,53.42353426244913,53.73494147700074,11573422
2010-01-07,56.22621154785156,57.0220314619371,53.388953482382824,53.561953261181266,38701038
2010-01-08,57.43720245361328,57.74860957686387,56.29537817113302,56.43378562126776,24019636
2010-01-11,57.99085998535156,58.406066127676105,57.22964321610328,58.23306632253419,15999249
2010-01-12,58.025428771972656,58.267629456916794,57.33341343764886,57.368011174790865,13484329
2010-01-13,58.23305130004883,58.54445858061792,57.33343271543526,57.99084502534859,13634482
2010-01-14,57.78326416015625,58.37147568970384,57.71406312775775,58.09467156010983,11969170
2010-01-15,56.88362884521485,57.956247292582106,56.57222153496274,57.71404650311409,15463551
2010-01-19,57.22962188720703,57.956235119633625,56.537606399586615,56.5722096527107,12665246
2010-01-20,57.09122085571289,57.71403535592344,56.50300960921093,57.09122085571289,13457787
2010-01-21,55.43038558959961,57.02201957773225,55.18817933977808,56.9874163241929,20689097
2010-01-22,55.741798400878906,57.99084485583877,55.672591886893805,57.26423154218052,33944669
2010-01-25,56.64142227172851,57.19503036875397,56.122411926607626,56.95282958046485,15683126
2010-01-26,56.57222366333008,57.783249689507805,56.260816341362165,56.50302264826157,16279190
2010-01-27,56.39921951293945,56.7106268412098,55.464997528128414,56.36461625054525,16035807
2010-01-28,55.914794921875,56.91821770839217,55.39578465528149,56.849016706734254,16512683
2010-01-29,55.63798904418945,57.09122104677138,55.60338579036507,56.12240154782277,16934723
2010-02-01,56.22621154785156,56.53761886133554,55.70720119481797,56.053211769053114,11881324
2010-02-02,58.302276611328125,58.64828178491712,56.19163128163313,56.295430079549405,24152512
2010-02-03,57.71406173706055,58.92508803733401,57.506453136546995,58.09467016024136,14768727
2010-02-04,55.49959564208984,57.09122988986809,55.395791372856024,57.02202887981851,22973529
2010-02-05,54.63458251953125,56.01861393388138,52.76614396598232,55.49960353058,29943678
2010-02-08,53.97715759277344,54.807575147662945,53.52734831338822,54.772971891563294,14707965
2010-02-09,53.97715759277344,54.98058041152446,53.38894630562636,54.53077113213923,20361309
2010-02-10,54.288551330566406,54.911365718549014,53.631133695110535,53.87333990247233,14267709
2010-02-11,54.56538009643555,54.634581114541504,53.56195707141986,54.046369706481094,13958805
2010-02-12,53.80414962768555,54.49616514007071,53.11213411530039,53.94255162849896,15963297
2010-02-16,55.49959564208984,55.776399682288194,54.25396644455953,54.32316745460912,14490497
2010-02-17,55.88019561767578,56.12240187088668,55.56878836473578,56.01859761713399,12635303
2010-02-18,56.19161605834961,56.36461584411504,55.638002422269906,55.70720343823995,9876707
2010-02-19,55.94938278198242,56.22618671244949,55.361171675581566,55.84557855389893,13605102
2010-02-22,56.22621154785156,56.53761886133554,55.91480423436758,56.15701053466836,9387290
2010-02-23,55.18816757202149,56.468394038589565,54.8767603898405,56.018584888398536,13223146
2010-02-24,55.776390075683594,55.8455910738144,54.94597258979601,55.29198308876797,11820833
2010-02-25,55.42823791503906,55.53269016277618,54.69708880898981,54.871174040983824,13221769
2010-02-26,55.915679931640625,56.22903116344173,55.53269570862862,55.70678095800792,12637494
2010-03-01,55.35859298706055,56.22901341653227,55.11487482339228,56.05492822209746,13103625
2010-03-02,55.35859298706055,55.53267818149536,55.11487482339228,55.42822595629401,10973039
2010-03-03,55.81121444702149,56.71644866093989,55.5326825481859,55.63713478160062,17489514
2010-03-04,56.08974838256836,56.26382803710806,55.60231204737143,55.95047689915323,9834703
2010-03-05,56.92533493041992,56.99496788286921,56.22899986322597,56.368265768124566,13601409
2010-03-08,56.64682388305664,57.34315927360846,56.54237717723118,56.994994349684326,11200334
2010-03-09,57.41275787353515,57.86537477491322,56.57715701386024,56.75124214291342,17462012
2010-03-10,57.482421875,57.83059232122666,57.16907069047729,57.41278889429531,14156346
2010-03-11,57.377952575683594,57.621670683507695,56.820883406757225,57.41276628097215,13543317
2010-03-12,59.32770538330078,59.39733835891497,57.447603956311944,57.76095511792722,23552817
2010-03-15,60.19813919067383,60.40703816366348,58.97955353417811,59.25808549816431,24611923
2010-03-16,62.91380310058594,63.227154135349245,60.75516510230567,60.89443653985648,47694123
2010-03-17,62.809364318847656,64.06276872552166,62.56565172217372,63.784236876350455,33490224
2010-03-18,63.331634521484375,63.57535271731976,62.35676173814283,62.98346408666152,18469808
2010-03-19,62.91380310058594,63.85385620487585,62.42637246861015,62.91380310058594,23953698
2010-03-22,62.91380310058594,63.12270194286128,61.97374999629603,62.18265438127196,13550662
2010-03-23,63.819061279296875,64.23686466576018,63.192358970953265,63.22717822928467,22447889
2010-03-24,64.23686218261719,65.94287829274587,63.61015989849941,63.923511040558296,25924408
2010-03-25,63.714603424072266,65.31617262989374,63.57533750055766,65.14208745414962,20379692
2010-03-26,63.8538818359375,64.86356829294246,63.29681249022738,63.78424886056159,17607011
2010-03-29,64.06278228759766,64.61985164657331,63.54053218849051,64.48058569250513,17510255
2010-03-30,63.714603424072266,64.34130007988801,63.54051824832814,64.30648637036022,11094292
2010-03-31,63.36642074584961,63.92348987424255,63.12270265575891,63.4012399913057,12356239
2010-04-01,63.819061279296875,64.06277945950858,63.296811203244765,63.61016235741657,9489535
2010-04-05,64.51541137695312,64.93321485936104,63.81907593474259,64.13242716087254,11659912
2010-04-06,64.75912475585938,64.9332099890307,64.09760862959332,64.23687459904896,11289975
2010-04-07,64.41093444824219,65.28134918566627,64.02794486911785,64.65464702739206,12616586
2010-04-08,64.61984252929688,64.93319365309074,63.54052322349629,64.02795399396284,12643441
2010-04-09,64.48060607910156,65.00285634332664,64.06280254209867,64.72431880442316,11395600
2010-04-12,65.14213562011719,66.08218961296748,64.55025223619182,64.61988524943564,14961176
2010-04-13,65.97769165039062,66.60439387847234,65.17690978105442,65.28135645726672,19319000
2010-04-14,67.37036895751953,67.54444861665702,66.1865973447908,66.88293260944843,17101736
2010-04-15,67.89262390136719,68.5541399561344,67.44000677820493,67.71853868701156,21517631
2010-04-16,66.04733276367188,67.71853521626419,64.93319964284456,67.68372150079912,35968107
2010-04-19,65.94287872314453,66.04733095208006,64.89837860459927,64.89837860459927,16308236
2010-04-20,66.15174865722656,66.84808355374889,66.08211572184429,66.2910145279911,12032812
2010-04-21,66.25624084472656,66.77849099052673,65.76880996190802,66.49995905748756,12187327
2010-04-22,65.97769165039062,66.1865905455172,64.79392570197138,65.83842572030623,15241639
2010-04-23,66.39546966552734,66.49991630191221,65.45541668186434,65.66431549733393,12055974
2010-04-26,67.19627380371094,67.43999194165112,66.49993864218263,66.81328974200545,13711791
2010-04-27,65.10728454589844,67.85780662523567,64.72430038874131,66.98739161341692,22875437
2010-04-28,65.97769165039062,66.46512794838796,64.93319163205577,65.00282459709796,17737613
2010-04-29,67.85781860351562,67.85781860351562,66.25624871294022,66.29106798005677,14620201
2010-04-30,65.66435241699219,68.58895964872097,65.42063422389762,67.75335837432746,23397927
2010-05-03,67.0570068359375,67.33553867913169,66.01250688125768,66.04732059030613,12552631
2010-05-04,64.6894760131836,66.39549758019795,63.88868856982511,66.36067832496403,19640048
2010-05-05,63.018272399902344,64.3761235573428,62.42638941476708,63.43607019786767,22326760
2010-05-06,60.26774597167969,63.19234694975994,52.74733078758387,62.67009697305638,38002124
2010-05-07,58.77063751220703,61.59079249489379,57.517238376959,60.96409569862126,34526461
2010-05-10,62.809364318847656,63.95831651073158,62.25230062050522,62.80936431884765,28831112
2010-05-11,62.67009353637695,63.85386488899789,62.04339692432023,62.14784358831234,17424077
2010-05-12,64.20203399658203,64.41093842403573,62.913815893225525,62.98344885480952,14169721
2010-05-13,62.84422302246094,64.16726122197878,62.53087172408289,64.09762821597313,13419602
2010-05-14,61.41669845581055,62.80936322000387,60.615911089400335,62.56565062759366,17468293
2010-05-17,61.138179779052734,61.69524918083215,59.50179637896177,61.31226500636568,16433079
2010-05-18,59.98922348022461,62.21749540440237,59.362526678205285,61.69524529803476,16587071
2010-05-19,60.093650817871094,60.511454055463936,58.31799675782777,59.432135029608204,28157488
2010-05-20,56.61198425292969,58.59653726780399,56.577165005120904,58.52690431488744,32225001
2010-05-21,57.16908645629883,57.20390572760508,54.488202103088646,54.66228183150563,30542976
2010-05-24,55.741573333740234,57.06461074544412,55.602307404656024,56.82089259819578,15468058
2010-05-25,55.53266143798828,55.602294386226895,53.09549162153491,53.965906245867885,25505372
2010-05-26,55.741573333740234,57.41277556815464,55.602307404656024,56.92534481635991,17377275
2010-05-27,58.00468444824219,58.07431743723482,56.19421010632222,57.16907749492288,14631031
2010-05-28,56.92533493041992,58.109100664758934,56.26381356810013,58.00465400743549,14686326
2010-06-01,55.63712692260742,57.48240880579296,55.463041739074114,56.54236100865745,15259041
2010-06-02,56.92533493041992,57.06460083531851,55.53266479603203,56.26381356810013,13114183
2010-06-03,57.27349090576172,57.37794308976109,56.50752300363335,57.13422502222931,10816417
2010-06-04,54.69708633422851,55.98530479875129,54.174836204579094,55.98530479875129,23875137
2010-06-07,53.652587890625,54.83635415219725,53.5133163809958,54.766721168734385,15277424
2010-06-08,53.89630126953125,54.14001948620521,52.39918379135388,53.82666828515348,18649508
2010-06-09,53.3392219543457,54.66225381724739,52.99105159053858,54.244456031921146,13949812
2010-06-10,54.59260940551758,55.25413074095613,54.03554580855977,54.27925836087843,16404158
2010-06-11,54.174835205078125,54.3489204259839,53.51331358271747,54.070382963994035,14784064
2010-06-14,53.58294296264648,55.28896471041882,53.443677012359515,54.90598057577826,15802898
2010-06-15,54.975608825683594,55.18450773315886,53.478491674724026,54.03556097069372,16502751
2010-06-16,55.18450546264648,56.02010660086989,54.38372357892084,54.69707469859238,18080111
2010-06-17,55.74513626098633,55.815211369216634,54.834154276096264,55.60498604452571,11902315
2010-06-18,55.88525390625,56.23562924319482,55.56991331405325,56.06044436366882,12379671
2010-06-21,56.41084289550781,57.6371654458907,56.165577269852214,56.79625871356801,14861227
2010-06-22,55.324676513671875,56.656114641127004,55.254601409900104,56.3758086481442,13559426
2010-06-23,53.92314529418945,55.67503903775562,53.85307021379407,55.21954822623869,20360016
2010-06-24,52.83698272705078,54.13338017856265,52.556676806525054,53.888114589813,20093951
2010-06-25,52.2413330078125,53.08223956331051,51.92599793015793,52.97712973005697,28008629
2010-06-28,52.556678771972656,53.29247556573801,52.241338085772426,52.41652859541577,12612768
2010-06-29,50.73472595214844,51.82089841490793,49.99893458209621,51.68074820898328,23976297
2010-06-30,50.52449417114258,51.47051072889835,50.279228553244806,50.69967911715961,17020191
2010-07-01,49.47333908081055,50.55951101968224,48.59739792732193,50.20913567386538,22343057
2010-07-02,48.632450103759766,49.96388805086263,48.176959201994705,49.61351257946448,16389280
2010-07-06,48.94777297973633,50.13906030415874,48.3871724297897,49.43830403883254,16099261
2010-07-07,51.225250244140625,51.36540043089539,48.91275542900228,49.01786528012092,19136692
2010-07-08,51.961036682128906,53.15232431456634,51.05005497503258,52.10118685585228,18451383
2010-07-09,52.3814811706543,52.52163131331291,51.68072487946814,52.3814811706543,9618112
2010-07-12,52.3114013671875,52.52163216246749,51.785835534773966,52.20629154744072,8010705
2010-07-13,53.29247283935547,53.78299843220983,53.11728233867468,53.32750759275512,12073355
2010-07-14,53.25743865966797,53.60781970150102,52.76691301015447,53.4676639380309,9541116
2010-07-15,53.4326057434082,53.53771554753788,52.13620872863396,53.117265175234415,16552955
2010-07-16,50.979976654052734,52.76690520040077,50.80478615906524,52.556674375258176,26169356
2010-07-19,51.225250244140625,51.64570080440493,50.69967867696792,51.29532533751801,10239675
2010-07-20,52.34645462036133,52.591720223499046,50.31426586128008,50.31426586128008,14038660
2010-07-21,51.99605941772461,53.25741613225434,51.29530320836699,52.94207555914879,13567606
2010-07-22,53.29247283935547,53.57277317812939,52.45156624513952,52.83698199990075,13417118
2010-07-23,55.04436111450195,55.534886707374326,52.661791501153566,53.29247284131224,23523583
2010-07-26,56.55097198486328,56.62104705491576,55.00930928792267,55.74510589031325,16891259
2010-07-27,56.69113540649414,58.05761353738679,56.41083506061582,57.11159150320596,14594265
2010-07-28,56.23566055297851,56.69115153355249,55.885285020958506,56.41085110793648,10950399
2010-07-29,56.58602142333984,56.901362078315515,55.85022470243197,56.58602142333984,14561213
2010-07-30,56.480899810791016,56.90135583055722,55.74510874856679,55.780143496442875,12546935
2010-08-02,57.49699401855469,57.70721922952069,57.14661866694467,57.181653413159154,14066329
2010-08-03,57.46195983886719,57.882415883651696,57.3218096832369,57.42692508890644,11495800
2010-08-04,57.74225997924805,57.84736979655929,57.35684430068961,57.49699444236666,9624330
2010-08-05,57.882415771484375,57.95249084916372,57.00646893365205,57.28677482226309,9723007
2010-08-06,57.63714599609375,57.63714599609375,56.375783534312035,57.18165523553773,12301507
2010-08-09,57.39189147949219,57.67219740145973,57.11159113541894,57.532041651528814,8329540
2010-08-10,56.936397552490234,57.251738211467185,55.920306071224495,56.726172305803594,11108418
2010-08-11,55.00933837890625,56.16558601307845,54.44873752201983,55.99040103424944,16101202
2010-08-12,54.30855941772461,54.93924070050814,53.74795879115586,54.02825910444023,12153169
2010-08-13,53.88811492919922,54.37864610978789,53.74796475700083,53.74796475700083,8690943
2010-08-16,54.16840744018555,54.27352284308052,53.082235395880254,53.57276650553216,11774718
2010-08-17,54.58885955810547,55.14946012561638,54.30855369645692,54.86915984186093,12709232
2010-08-18,55.00933837890625,55.149488593127856,54.34362207240565,54.58888773624144,8826991
2010-08-19,53.4326057434082,54.79907782023302,52.73184954501006,54.51877757203072,17180569
2010-08-20,52.66180038452149,53.1873663973452,52.17126913100861,53.1873663973452,13647106
2010-08-23,52.1712646484375,53.50270252364979,52.031114467445605,53.3275120084626,11597648
2010-08-24,51.050045013427734,51.68072625000988,50.48943885003324,51.64568592446942,18709916
2010-08-25,51.050045013427734,51.43546070490646,49.92883826453202,50.66462932194901,16021722
2010-08-26,50.80477142333984,51.89094325259201,50.59454623706624,51.36537749796182,12161933
2010-08-27,51.54058837890625,51.71577331465203,50.3493006952041,51.19020735162549,9697153
2010-08-30,50.874855041503906,51.57561135816065,50.8398202935124,51.400420884523136,7633548
2010-08-31,50.73472595214844,51.085101466960054,50.13908478802085,50.314275334374486,12357950
2010-09-01,52.59171676635742,52.90705743853477,51.15516915368949,51.61065999619138,16284553
2010-09-02,53.082244873046875,53.2574353831854,52.34645365509626,52.907059940802846,11358229
2010-09-03,53.92314529418945,54.518791844391,53.25742924148637,53.92314529418945,13425548
2010-09-07,54.09833526611328,54.30856050528645,53.2924690603359,53.53772905042437,11552744
2010-09-08,55.00933837890625,55.32467914985285,53.67790576590503,53.92316585184485,15664242
2010-09-09,55.74513626098633,56.060477036970745,55.42979548500191,55.74513626098633,12625350
2010-09-10,55.99037170410156,56.340747056114,55.39472523884084,55.920296633699074,9731541
2010-09-13,56.936397552490234,57.14662837707086,56.23564115230745,56.726172305803594,11749867
2010-09-14,56.62104415893555,57.041500135638515,56.44585928171099,56.69111922540392,10049083
2010-09-15,57.251731872558594,57.70722264556139,55.95533462802038,56.305710000371235,14305038
2010-09-16,57.28704833984375,57.56942809179162,56.863487140665065,57.11056169727159,9822142
2010-09-17,57.498809814453125,57.95767043718704,56.75757515285533,57.5694089433293,15128127
2010-09-20,58.41655731201172,58.59303833905525,57.287049519289695,57.4282365885894,9617507
2010-09-21,58.310646057128906,58.94599329045181,57.95767287454487,58.310646057128906,11300200
2010-09-22,58.24007034301758,58.840118193796734,57.88709705256244,58.2753643005658,9898909
2010-09-23,56.96936798095703,57.85179547165173,56.6516943090734,57.428228702753074,11096608
2010-09-24,58.80481719970703,58.80481719970703,57.53412249677837,57.640015595076264,17742517
2010-09-27,57.992977142333984,58.769511463985,57.88708405514125,58.769511463985,8465004
2010-09-28,58.02828598022461,58.3106600989622,56.969371796635045,57.99298640580151,11242067
2010-09-29,57.74590301513672,58.09887626299424,57.32234186070148,57.67530948939751,9206985
2010-09-30,57.357643127441406,58.910712130052744,57.00467545373983,58.09888367095802,12311585
2010-10-01,57.74590301513672,58.34595079350072,57.39293538644068,57.88709006661514,10106214
2010-10-04,56.82818984985352,57.7812110150748,56.47522216967655,57.569430406968614,9563943
2010-10-05,58.27534866333008,58.52242877651634,57.14584679911371,57.35762734506166,13064730
2010-10-06,59.65193176269531,60.00489931266477,58.09886330450924,58.20475075991996,15441016
2010-10-07,60.18137741088867,60.42845747060598,59.47543679133615,60.00489085121068,12227265
2010-10-08,60.428466796875,61.028514449397605,60.110793188090014,60.46376074276205,10756197
2010-10-11,59.86372375488281,60.92263222670237,59.722536707861714,60.852038703191816,10907873
2010-10-12,60.67555236816406,61.06381955886578,59.793130510581,59.89901798676062,13515774
2010-10-13,60.993221282958984,61.73446165427193,60.64025369125822,61.06381480129914,12688095
2010-10-14,60.56966400146485,61.381492323271885,59.89901710610114,61.381492323271885,12078614
2010-10-15,57.53413391113281,59.26368968454779,57.00467955292647,59.22839010505815,42809302
2010-10-18,57.357643127441406,57.675316843353926,56.82818880730794,57.56942935082456,14082417
2010-10-19,56.722286224365234,57.3929331211597,56.4046181806578,56.82817931837522,15474923
2010-10-20,56.651710510253906,57.18117052758185,56.05166256694454,57.14587094542811,14534274
2010-10-21,56.82818984985352,57.7812110150748,56.545815705711945,56.79289027225467,12397595
2010-10-22,56.68700408935547,57.18116447219897,56.510517435602445,56.8634907431085,6535046
2010-10-25,56.68700408935547,57.60472569821131,56.68700408935547,57.39294508520514,11184664
2010-10-26,57.03994369506836,57.604697337533885,56.58108311655252,56.6869761805022,10306384
2010-10-27,56.86347198486328,56.96935944685476,56.439905279415605,56.68698538933003,10563101
2010-10-28,56.75759506225586,57.53412956068413,56.581108416477925,57.251755422769186,9236094
2010-10-29,56.54581451416016,56.93408176375428,56.404627445064506,56.72229554094862,7965550
2010-11-01,56.2987060546875,57.11053410378541,56.05162599829793,56.792860548307296,11028918
2010-11-02,56.26340866088867,56.722269232203345,56.05162815547257,56.47519478546435,10546909
2010-11-03,56.68700408935547,56.82819116469292,56.05165663117453,56.33403640101185,13721703
2010-11-04,58.27534866333008,58.55772834375466,57.110547231875394,57.18114636635203,18195585
2010-11-05,59.0518798828125,59.51074051810573,58.27534563552238,58.31064520092664,14570331
2010-11-08,58.98128509521485,59.44014572058148,58.66361149009021,58.66361149009021,9977825
2010-11-09,58.66363525390625,59.36957626024332,58.38126109903643,59.36957626024332,10418018
2010-11-10,58.41655731201172,58.84011851991083,57.781209881000855,58.73422540835495,10370026
2010-11-11,57.71059036254883,58.31063794648632,57.25172978434256,58.02826393502389,9727326
2010-11-12,57.357643127441406,57.851803489785816,56.8634883842592,57.357643127441406,10082344
2010-11-15,57.1811408996582,57.99296905775904,57.11054177193106,57.28702835292868,8176612
2010-11-16,55.98105239868164,57.03996088057719,55.62808477777024,56.96936735639491,15430374
2010-11-17,55.8045768737793,56.19284414355828,55.628095837816105,56.01636310759509,7573704
2010-11-18,56.616397857666016,57.18115165155421,56.47521081398426,56.47521081398426,10451988
2010-11-19,57.251739501953125,57.2870334497967,56.29871862276717,56.68698576401027,10279216
2010-11-22,56.58110427856445,56.96937149938366,55.69868235253283,56.96937149938366,13710497
2010-11-23,55.62807083129883,56.08693143302373,55.16920461041397,55.87514529441227,11674435
2010-11-24,56.26340866088867,56.404601283658984,55.69866064644573,55.804548089574,8848128
2010-11-26,55.76927185058594,56.05164594743886,55.59278523047218,55.69867832637271,3639088
2010-11-29,56.36931991577149,56.65169401412617,55.34570538049365,55.522192001546024,11791036
2010-11-30,55.87514877319336,56.29871545762754,55.486881653778816,55.59277472967744,11243715
2010-12-01,57.53413391113281,57.53413391113281,56.581112694863826,56.581112694863826,14386250
2010-12-02,58.87541580200195,58.87541580200195,57.46353392571211,57.49882788208027,16857414
2010-12-03,59.2283821105957,59.298975640883874,58.098880006823016,58.20476749267436,10487231
2010-12-06,58.946014404296875,59.51076270806154,58.6989342118186,58.946014404296875,12264406
2010-12-07,60.11079406738281,60.993215776551,59.58133429888944,59.7225269419839,20127524
2010-12-08,60.14609909057617,60.46377276251233,59.51075174670386,60.040211612705065,9922133
2010-12-09,60.463768005371094,60.816735602439856,60.216687877842475,60.7461420830261,8156538
2010-12-10,62.54629898071289,63.11105282836454,60.710855999797154,60.781449528358394,26268617
2010-12-13,62.19328308105469,63.18159733322354,61.94620311322313,63.1462977867516,14163065
2010-12-14,62.44041442871094,63.18165500885003,62.05214715887499,62.334526930949984,15934814
2010-12-15,61.73448181152344,62.51101638597641,61.310914944020574,62.26393618152997,14762759
2010-12-16,62.7227897644043,63.07575743057956,61.66388114671645,61.8756617464216,11250079
2010-12-17,62.475685119628906,62.72276519876264,62.01682452373477,62.581578187589045,13615327
2010-12-20,62.475685119628906,62.828652647562905,62.29919854608197,62.72276519876264,8460956
2010-12-21,63.181678771972656,63.53464659586726,62.61692463457669,62.75811176413453,8729796
2010-12-22,64.24888610839844,64.32003609587954,63.39508059516998,63.43065275718294,8967712
2010-12-23,64.17772674560547,64.56905448584587,63.96427679550749,64.03542677887349,6459949
2010-12-27,64.71134185791016,64.85364178449262,63.75080885829863,63.75080885829863,6952204
2010-12-28,65.17384338378906,65.49402116790006,64.60463780498559,64.78251561025955,9958190
2010-12-29,64.9959487915039,65.77860413642043,64.96037663770981,65.3516986467142,7213302
2010-12-30,64.71134185791016,65.28054156424002,64.60461408124668,65.03151952444733,6029145
2010-12-31,65.067138671875,65.28058871592206,64.4979328909588,64.56908290564115,5649338
2011-01-03,65.03154754638672,65.81420314328798,64.81809190108224,65.77862531458533,11023243
2011-01-04,66.20552825927734,66.20552825927734,64.46233931950209,65.24499488469235,16488374
2011-01-05,66.31226348876953,66.59686917260717,65.52960776926504,65.88536345819794,10709039
2011-01-06,66.02764129638672,66.5968468094669,65.52958576450973,66.49011900593477,8271386
2011-01-07,65.56517028808594,66.38339798727887,64.74693692543774,66.09879803337789,11963954
2011-01-10,65.84978485107422,66.70359056565326,65.67190700869543,66.20554053583179,13144981
2011-01-11,66.27667236328125,66.917022226003,66.0987945696866,66.56127230226869,9722255
2011-01-12,66.4189682006836,66.63241814164492,65.74303489245747,66.06321263562677,12772895
2011-01-13,66.169921875,66.88142714205846,66.02762195427891,66.63239944907004,9348667
2011-01-14,66.95259857177734,67.0237485549532,65.99206530372103,66.20552091670343,8812989
2011-01-18,66.169921875,67.55735459721012,66.02762195427891,67.52178244875637,14711908
2011-01-19,65.20943450927734,66.31226816114469,64.71138443851778,66.20554597771041,17149958
2011-01-20,65.56517028808594,66.13437019588788,64.6402147744525,65.67189243907117,14133268
2011-01-21,70.22554016113281,71.04376802902578,68.48235092544508,68.69580659833579,47800353
2011-01-24,71.29276275634766,71.57736830018416,70.22550754145873,70.90143508909453,20563086
2011-01-25,71.079345703125,72.14660141136245,70.43899001279996,71.079345703125,21072179
2011-01-26,70.86589813232422,71.86200387184749,70.86589813232422,71.79085386641415,14137608
2011-01-27,72.1465835571289,72.32446135230091,70.79472817149572,71.00817812762912,14155761
2011-01-28,71.86198425292969,73.78304520207732,71.57738430889451,72.53791195174078,21323116
2011-01-31,71.6485366821289,72.18216442670212,71.50623104191483,71.61295885621158,10792713
2011-02-01,73.99652862548828,74.35227868919445,72.21776131658584,72.50236703100798,14252518
2011-02-02,73.67633056640625,74.56570831391957,73.46287492316209,74.13880835434253,8821461
2011-02-03,73.81864166259766,73.88979166656853,72.64465810189344,73.46288597928678,8579705
2011-02-04,73.14271545410156,73.99652118459717,72.5735097459523,73.96094335007557,8995026
2011-02-07,74.24553680419922,74.70801463132663,73.74748680915376,73.88978680773818,9470525
2011-02-08,75.70410919189453,75.81083133548277,74.38782600115212,74.56569812828417,11463958
2011-02-09,75.81085205078125,76.23775773215074,74.92147418173415,75.77527988101671,12740198
2011-02-10,75.66854858398438,75.81084858344707,74.49456509323288,75.31279858532763,10478050
2011-02-11,75.88198852539062,76.27331630377253,74.81473300742375,74.85031083430184,8483241
2011-02-14,76.48678588867188,77.02041374498451,76.30890804874885,76.52235805858261,9056602
2011-02-15,76.34449005126953,76.4512179016604,75.56183425095563,76.30891787677736,8266983
2011-02-16,76.27334594726562,76.45122382387714,75.59741794498251,76.20219592931254,8139804
2011-02-17,76.55792236328125,76.77137233539594,75.63296682066213,75.70411681136703,7649114
2011-02-18,76.27334594726562,76.84255175434792,75.77529582159403,76.62910170048866,9490828
2011-02-22,74.06767272949219,75.45510636244974,73.49846700951342,74.28112275068794,15132237
2011-02-23,72.46676635742188,73.60517186600825,71.43508300258883,73.00039411655472,17723821
2011-02-24,73.7205581665039,73.9713037673135,72.0011231010478,72.07277121859548,13631936
2011-02-25,74.58023834228516,74.7951654875336,73.4339488289951,74.18620239133843,9533187
2011-02-28,74.93844604492188,75.47576672920908,74.58023415628003,75.04591246283886,8900002
2011-03-01,72.53843688964844,75.8340102004318,72.50261283723411,75.65490134366183,12935610
2011-03-02,72.7891845703125,73.93547444391409,72.21604533616268,72.28768774043141,10246352
2011-03-03,74.32948303222656,74.9742701348586,74.15037423646235,74.79516133909439,9643819
2011-03-04,72.96827697753906,74.72352974293061,72.32348978187281,74.68770569754929,12758518
2011-03-07,73.00411987304688,73.75636799379295,71.67872679675784,73.07576227965835,13850322
2011-03-08,73.89962005615234,74.47276475768881,72.57422756725128,73.18319060489392,10504383
2011-03-09,73.89962005615234,74.1861952582449,72.71751231697324,73.72051697032423,10374637
2011-03-10,72.0011215209961,73.54144766408446,71.75037592568907,72.57426653023724,16852093
2011-03-11,72.93245697021484,73.36231128908166,71.42795544888185,71.46377379079597,11713685
2011-03-14,71.35631561279297,71.9652787709444,69.67270521376575,71.4996003908698,19024641
2011-03-15,70.245849609375,70.78317037528036,66.62788332260924,67.48759768858775,27860374
2011-03-16,67.88165283203125,69.88765168448145,67.02193822345954,69.42197317578226,27553558
2011-03-17,68.84882354736328,70.31750126133569,68.27567866032385,69.02792669115959,17433843
2011-03-18,68.95625305175781,70.74732359681097,68.84879235469633,70.3532877347404,16685894
2011-03-21,70.63987731933594,70.92644684019402,70.03091423618798,70.4965925589069,11060844
2011-03-22,69.81600189208984,70.81900691489099,69.74435949083987,70.81900691489099,9702182
2011-03-23,69.95925903320312,70.066725443912,68.95626010963124,69.67268954151072,9240371
2011-03-24,70.85482788085938,70.92647028475511,69.78018611977247,70.49661586138072,9137876
2011-03-25,70.74735260009766,71.39213985739246,70.53242541521612,71.10557027755044,8361403
2011-03-28,70.74735260009766,71.21303672131631,70.4249646741005,70.96228548762942,7396299
2011-03-29,71.1413803100586,71.32048912785416,69.95927237737706,70.42495644417545,7519910
2011-03-30,72.03691864013672,72.64588177698666,71.39213145869581,71.57124027635152,9797082
2011-03-31,71.8219985961914,72.18021056434256,71.49960497353031,71.92945933531169,8542668
2011-04-01,72.8608169555664,73.43396181355465,72.07275061697659,72.14439301139384,10099245
2011-04-04,73.54141235351562,74.32948422433874,73.219018797029,74.25784184541382,9477057
2011-04-05,72.82500457763672,73.89964628461183,72.71753812587895,73.36232543112428,8673415
2011-04-06,73.61305236816406,73.86380353767224,72.96826527589982,73.684694744788,10616998
2011-04-07,72.89662170410156,73.43394237129587,72.32347699785824,73.39812403489556,10880372
2011-04-08,72.3234634399414,73.50557096722787,71.89360926782685,73.39811027552304,10122281
2011-04-11,72.28768157958984,72.96828721346246,71.92946388612495,72.50260877407848,6111963
2011-04-12,71.6787109375,72.21603171952685,70.92645728054248,71.71452928155517,10172548
2011-04-13,71.4279556274414,72.03691876534984,71.17720442281747,71.82199160537914,8356708
2011-04-14,71.64287567138672,71.9294451895504,70.21001667527024,71.10555497350529,9178837
2011-04-15,71.7861328125,72.71748909086433,71.60702408123092,71.82195683981254,10462046
2011-04-18,71.57123565673828,71.64287803864646,69.88762542527338,70.81898779537794,13270095
2011-04-19,72.61005401611328,72.86079948512526,71.39212219775321,71.6070493294701,13249229
2011-04-20,73.07572174072266,73.57721830879653,72.64586183686848,73.50557594192883,11598983
2011-04-21,71.4637680053711,74.50859484610359,70.67569611526488,74.43694676277657,25392111
2011-04-25,71.24882507324219,72.18018151829793,71.24882507324219,72.14436318722154,11633350
2011-04-26,72.0011215209961,72.82501782819597,71.6429094543777,71.78619428102506,10956471
2011-04-27,73.9712905883789,74.68772031234819,72.18021912978114,72.32350393404482,18430705
2011-04-28,73.79216766357422,74.4011307698636,73.3264893231589,74.11455553546621,8786865
2011-04-29,73.25483703613281,74.29366008311325,73.07573394038712,74.22201770428518,8656952
2011-05-02,73.36233520507812,74.18623147213599,73.18322632916964,74.15040741589372,7537417
2011-05-03,73.93547058105469,73.97128892999218,72.89664721945643,72.93247127104459,8360610
2011-05-04,72.61005401611328,74.00708892624637,72.18019405003066,73.64887704005153,12079594
2011-05-05,71.28466796875,72.71752134654018,70.96227439051863,72.46677585471521,11950808
2011-05-06,71.6787109375,72.53842532927294,71.46377806256933,72.32349245434227,9107683
2011-05-09,71.89360046386719,72.03688517035899,71.28463760995356,71.53538299499077,7969556
2011-05-10,72.71751403808594,73.14737400007458,72.07273264907614,72.14437502563278,7966886
2011-05-11,71.96528625488281,73.1115703013536,71.64289261935814,72.39514063381547,8031195
2011-05-12,72.1443862915039,72.28767106699215,71.28467193592475,71.64288387464536,7997893
2011-05-13,71.24882507324219,72.14436318722154,70.78314685071432,72.07272082242093,8805540
2011-05-16,70.78317260742188,71.60706295375147,70.496603043942,71.10556621766169,9556035
2011-05-17,70.1741943359375,70.6756909641318,69.708516044147,70.28165504779764,9917459
2011-05-18,70.78317260742188,71.17720860853166,69.52942221322255,70.17420943370217,9623725
2011-05-19,71.49960327148438,71.8219968864709,71.06974321728568,71.17720965649785,8933930
2011-05-20,70.28168487548828,71.42797477457471,70.13840006376526,71.39215072031838,9500510
2011-05-23,69.45780181884766,69.7801955311859,68.52644473993797,69.20705052006772,8142120
2011-05-24,68.4189682006836,69.92347006932972,68.23985934181715,69.60107640443049,9536817
2011-05-25,68.84882354736328,69.35032033370362,67.95328501777982,68.06075146617799,8978354
2011-05-26,69.56525421142578,69.81599975680642,68.52643087109684,68.52643087109684,8681929
2011-05-27,69.63688659667969,70.13838331797615,69.56524420792306,69.81598971724641,6306520
2011-05-31,70.35330963134766,70.63988488554978,69.78017052824276,70.49660010977355,11095607
2011-06-01,68.52645111083984,70.21005653996235,68.41898462918537,69.74437795721339,13565540
2011-06-02,68.38314056396484,69.06374615151879,67.8458140603353,68.63388608914518,8400527
2011-06-03,67.41592407226562,68.02488694470419,67.16517297695354,67.45174239865473,10246477
2011-06-06,66.12638092041016,67.34431293247381,65.87562970886914,67.0219193322996,12617859
2011-06-07,66.19804382324219,66.98611604507371,66.16222546915067,66.41297675839733,11036889
2011-06-08,66.30549621582031,66.87864108348387,65.91146018854855,66.23385382019366,10894915
2011-06-09,66.55623626708984,67.20102342202384,66.23384268962285,66.4487698403844,8219116
2011-06-10,65.62486267089844,66.34129202484618,64.98007568208068,66.30546799095725,11651336
2011-06-13,65.87564086914062,66.34132502812447,65.26667761126663,65.58907126605891,8858040
2011-06-14,66.62788391113281,67.16520468178432,66.26967196491506,66.3771326974555,10299331
2011-06-15,65.87564086914062,66.87864588522804,65.62489531776947,66.16221617487305,12199116
2011-06-16,66.59796142578125,67.2119383390686,65.73117691534028,65.76729557181785,11493901
2011-06-17,66.77854919433594,67.5008706427019,66.23680954544844,67.28417593305647,11778579
2011-06-20,66.7424087524414,67.03134068722014,66.09232483566775,66.23678792828412,8116392
2011-06-21,67.93421936035156,68.40372715805958,67.03132240301049,67.1757854562215,12267098
2011-06-22,67.03132629394531,67.93422330369641,67.03132629394531,67.50083411890662,10031931
2011-06-23,66.38127136230469,66.41738427175197,65.04497872180029,66.23680822542006,14471655
2011-06-24,64.90048217773438,66.56181889583873,64.90048217773438,66.52570025543557,16864967
2011-06-27,66.02009582519531,66.52571666877353,65.00884263894646,65.04496128826086,9691269
2011-06-28,66.59796142578125,66.59796142578125,65.58671378852468,66.20068495226467,8074889
2011-06-29,67.03132629394531,67.21190799571343,66.45346829801417,66.95909476314701,8093606
2011-06-30,68.11479949951172,68.25926254943087,67.0313208755738,67.139665288241,9398015
2011-07-01,69.34278869628906,69.55948340170869,67.71756403177254,68.11484053314905,11657638
2011-07-05,68.76494598388672,69.52338049952134,68.29543780762737,69.41503599703015,8743734
2011-07-06,68.80101776123047,68.98159949013377,68.4759786985684,68.51209159462168,6589987
2011-07-07,69.70394897460938,70.24568863186455,69.12609065708146,69.45113560134416,9383555
2011-07-08,68.58433532714844,68.98161175162427,68.0787144457089,68.9093801971329,11403842
2011-07-11,67.28414154052734,67.82588091250284,66.81463370151226,67.60918631362162,9713408
2011-07-12,66.38127136230469,67.39251907004481,66.38127136230469,66.56185315818435,9839273
2011-07-13,66.85076141357422,68.00647194669868,66.81464851386049,66.92299296254785,11924183
2011-07-14,66.92298126220703,67.8981156271849,66.70628665317146,67.35637622982337,9128027
2011-07-15,66.48958587646484,67.46471440144316,66.05619094905086,66.99520658397905,10545928
2011-07-18,66.05620574951172,66.41736347865665,65.58669782685033,66.20066884116969,8253942
2011-07-19,67.10355377197266,67.32024835128011,66.27288259364413,66.45346428450587,9531204
2011-07-20,67.86199188232422,68.2953868173576,67.17578946386153,67.71752882049468,10131609
2011-07-21,69.19830322265625,69.63169827915654,68.11482420572511,68.54821926222539,14009927
2011-07-22,68.76494598388672,70.53462843688385,68.439900977315,70.17347051266476,17142717
2011-07-25,68.47599792480469,69.12608198220073,68.07872145940014,68.51211083099751,9143135
2011-07-26,67.03132629394531,68.76489453219396,66.81463170155043,68.62043147059737,14262722
2011-07-27,65.40609741210938,66.85073941529255,65.18940283649519,66.7062763648831,16305336
2011-07-28,65.40609741210938,66.67015772750858,65.33386588690465,65.51444757468862,10157671
2011-07-29,64.68376922607422,65.40609014743744,64.21426148961969,64.97270104434571,14638981
2011-08-01,64.90048217773438,66.52570025543557,63.85311635012526,66.4173500837709,14418676
2011-08-02,62.15568161010742,64.5754588334714,61.97510559682477,64.06983219736787,20213076
2011-08-03,63.09467315673828,63.20301756299085,61.6139126088763,62.30012067968101,17981226
2011-08-04,59.48311996459961,62.372406295975715,59.302538131501365,62.08347421310874,26733057
2011-08-05,59.6275520324707,61.216657536018786,58.14679672218125,60.16929724921787,25935926
2011-08-08,55.72704315185547,58.25516529616739,55.2575350821717,56.59382772277534,36230792
2011-08-09,57.64118194580078,57.64118194580078,53.523954663957866,56.304883837179354,41409180
2011-08-10,54.499080657958984,57.38836563428472,54.210154460144906,57.24389678583144,28127900
2011-08-11,56.629940032958984,57.49672459470641,54.17404948308333,54.715789115482,27504397
2011-08-12,57.352272033691406,58.219056755252666,57.027227044412335,57.93013043124849,15608404
2011-08-15,59.19417190551758,59.26640346233627,58.07457415050759,58.39961903096512,13622066
2011-08-16,58.32737731933594,58.76076658479492,57.605056127358466,58.65242214320309,12379755
2011-08-17,58.616310119628906,59.735907806225065,58.07457060181868,58.8691234278194,10598490
2011-08-18,55.40198516845703,56.991090799068296,54.89635855888203,56.846621946656576,24704339
2011-08-19,54.499080657958984,56.3771181923892,54.282386009598426,54.53519930745887,16630556
2011-08-22,54.57133102416992,56.160437159180006,54.35463630109079,56.160437159180006,14487555
2011-08-23,56.124305725097656,56.124305725097656,54.57131301499906,54.788013416112754,14631073
2011-08-24,56.774391174316406,56.88274137772544,55.69091213841199,55.90760679568358,13646563
2011-08-25,55.79925537109375,57.96621317219517,55.401979007619055,57.56893680872047,14152506
2011-08-26,56.124305725097656,56.62992657875484,54.535200114511,55.61867912189415,13013170
2011-08-29,57.93011474609375,58.00234630753738,56.88274848084034,57.0272116037276,9965847
2011-08-30,58.21901321411133,58.65240812553667,56.8827213406619,57.60504236000784,10132026
2011-08-31,58.905216217041016,59.55529990327257,58.36347118753212,58.65240301984565,13118878
2011-09-01,58.50796127319336,59.41085848524144,58.32737953096533,58.905237656367404,12773605
2011-09-02,56.91884994506836,57.49670226208797,56.16041015466193,57.24388899861916,12883611
2011-09-06,55.07693099975586,55.22139407819517,54.17402813519207,55.07693099975587,20337584
2011-09-07,57.063323974609375,57.24389998355728,55.76314451272367,55.9798391731891,12569679
2011-09-08,56.304874420166016,57.171658663502576,55.94371671441977,56.66603787545784,24605601
2011-09-09,54.499080657958984,55.83537294716845,54.282386009598426,55.546446749354374,30139361
2011-09-12,54.21013259887695,55.221379632967846,53.162766929851706,54.21013259887695,35430239
2011-09-13,55.6547966003418,55.83537259807348,53.66841462892371,54.24626702093901,17381698
2011-09-14,57.02720260620117,57.93010560611086,54.896357505942454,55.907604956149825,19059320
2011-09-15,58.63155746459961,58.70448178193334,57.75645985190513,57.97523280390632,14048467
2011-09-16,59.543113708496094,59.798345889257824,58.59508607615164,59.14202710412737,18613702
2011-09-19,58.99615859985352,59.324320816440526,57.86582917067215,58.26691567931319,11299803
2011-09-20,58.48569869995117,59.98065565339408,58.48569869995117,59.25140680167617,11734217
2011-09-21,56.07916641235352,58.59506886125181,56.00624212431932,58.23044742108083,15516280
2011-09-22,54.839454650878906,55.49577920040142,54.0372872960821,54.54775743095279,23724546
2011-09-23,55.459327697753906,55.605176328091574,54.18314347526498,54.32899210560264,13670184
2011-09-26,56.7719612121582,56.95427487042952,54.94884204351067,56.15210173966199,19593516
2011-09-27,57.46474075317383,58.59507014480804,57.13657854748767,57.64704857490917,16774679
2011-09-28,56.33440399169922,58.33983641257078,56.22501465794718,57.42827411047011,11977851
2011-09-29,57.829383850097656,58.15754617863329,56.51673453595513,57.68353521623509,12664391
2011-09-30,55.49576950073242,57.355353464461245,55.3863859647228,57.06365629551859,15812330
2011-10-03,53.563270568847656,56.1156386554652,53.52681131872702,55.0582333316353,19343310
2011-10-04,54.183135986328125,54.36544384670768,51.12029195381067,52.83402763513774,23370154
2011-10-05,55.67807388305664,55.89684672341572,53.78203099057106,54.474814554051534,16596315
2011-10-06,56.62610626220703,56.66257131165065,54.547749365806595,55.67808463292794,13551184
2011-10-07,56.516746520996094,57.391844314435986,55.56872439516046,57.2459956496445,13681785
2011-10-10,58.85033416748047,58.85033416748047,57.46476624513946,57.57414982576684,11730232
2011-10-11,58.85033416748047,59.14203726009709,58.19401526964584,58.26693959162746,9598352
2011-10-12,59.79834747314453,60.45467208034827,59.251412235371184,59.251412235371184,12885948
2011-10-13,59.14202499389648,59.4701872770972,58.4127761206381,59.178484244980496,9626855
2011-10-14,60.527584075927734,60.70989771965246,59.798335305716925,59.8712596022692,9417797
2011-10-17,59.1784782409668,60.5275864879785,59.032629642050125,60.12649993861349,9779658
2011-10-18,60.928680419921875,61.91316728892976,59.21495046797004,59.25140971977272,13657643
2011-10-19,60.23590850830078,61.51209286301842,59.8348218309698,60.928692476530586,10829396
2011-10-20,60.63697052001953,61.25682991338124,59.54310031941795,60.41819764083678,11495487
2011-10-21,59.47017288208008,60.27234006333839,58.81384847454486,59.68894574969598,23732058
2011-10-24,59.98066329956055,60.85576087223927,59.50665235622163,59.688966043564136,13989583
2011-10-25,59.14202499389648,60.126506038809715,58.522159678579065,60.01712248086876,17185577
2011-10-26,59.61603164672851,60.19942606005207,59.14202078355888,59.83480455172485,13897020
2011-10-27,63.335182189941406,63.80919296284847,61.293290522755214,61.84022558344125,23052988
2011-10-28,62.89764404296875,63.2258004751761,62.387168162311816,62.67886534857973,12054764
2011-10-31,60.928680419921875,62.02255665371587,60.89222116811919,61.91316728892976,10414951
2011-11-01,58.41277313232422,59.61603284094016,58.2304594721643,58.81385970186287,18728528
2011-11-02,59.25138473510742,60.235871188984675,58.92322258381501,59.688936205059505,10047747
2011-11-03,60.78281784057617,60.85574213211872,59.65248261463505,60.23588275166317,11450896
2011-11-04,59.76185607910156,60.38171529489717,59.17845609704831,60.34525606115481,8696723
2011-11-07,59.76185607910156,59.90770462344333,58.740910464022996,59.688931806930675,8600071
2011-11-08,60.090057373046875,60.12651663055347,59.28788405162261,59.94420873364064,11246574
2011-11-09,57.792911529541016,59.0326363710223,57.428289990687105,58.88678775548073,16407538
2011-11-10,58.558616638183594,59.03262746956265,58.23045440035377,58.63154093495821,12368258
2011-11-11,59.43373107910156,60.05359068211158,59.17849306471809,59.214958125925634,10478718
2011-11-14,58.704463958740234,59.36078842016764,58.41276677796717,59.142015534587834,8378075
2011-11-15,59.06907653808594,59.50662220034773,58.44921147618526,58.44921147618526,8299827
2011-11-16,58.15754699707031,59.25141757112304,58.04815761778912,58.59509290481548,11046655
2011-11-17,57.02720260620117,58.52215960184168,56.51672665418299,58.2669274305215,14079036
2011-11-18,57.063663482666016,57.79290649687055,56.954274128191095,57.50120929118874,9773461
2011-11-21,55.568702697753906,56.48026520380761,55.422854089910594,56.44380014950245,14036761
2011-11-22,54.65714645385742,55.75101682652639,54.62068139924705,55.75101682652639,15638118
2011-11-23,53.70912551879883,54.511298685714486,53.67266046362592,54.365444269711695,13965816
2011-11-25,53.599727630615234,54.76652214018672,53.599727630615234,53.81850051278091,4833386
2011-11-28,53.964351654052734,55.60516285964508,53.52680586902022,55.53223856213966,16198355
2011-11-29,54.40189743041992,55.240529664460595,54.037275981856055,54.36543238321976,16789494
2011-11-30,58.01167678833008,58.01167678833008,55.64161701965115,55.82393064909283,20578214
2011-12-01,58.01167678833008,58.339838999450045,57.35535236609014,57.93875249749093,12144718
2011-12-02,58.668006896972656,59.43372080779274,58.48569903651063,58.48569903651063,14280061
2011-12-05,59.543113708496094,60.16297324124164,58.99617268052037,59.616038017955034,12850455
2011-12-06,60.96514129638672,61.694390134019336,60.0535787981738,60.162968155459716,17322563
2011-12-07,61.038089752197266,61.36625214921886,60.272375557583246,60.81931675574652,13628931
2011-12-08,59.47017288208008,60.70989160325771,59.25139420977666,60.4546536886954,16635606
2011-12-09,61.402679443359375,61.91315530732044,59.65248477361846,59.72540906780034,17890270
2011-12-12,60.017127990722656,61.475620066446915,59.506651991171026,60.928684812464134,37435127
2011-12-13,59.871280670166016,60.965157112746645,59.43373473688587,60.38175673034965,15413117
2011-12-14,60.56404113769531,61.14744123784671,59.43370598320268,59.5795545570687,18589330
2011-12-15,61.22039413452149,61.51209141857058,60.49114511970871,61.329777713694874,12817987
2011-12-16,62.02255630493164,62.314253536468854,61.65792896082112,61.767318324992075,20133388
2011-12-19,61.47559356689453,62.350690756987134,61.22036148182802,61.87668002088226,13834902
2011-12-20,63.00703430175781,63.40812087797436,62.13193684498432,62.168401899498875,12826730
2011-12-21,64.50202178955078,64.79372494972287,62.53305303067362,63.15291281341568,16751935
2011-12-22,66.45325469970703,66.78460120444714,64.98060486997609,65.16468756394569,19954898
2011-12-23,67.11595153808594,67.30003424255727,66.08509894287032,66.34280769591427,9825940
2011-12-27,66.3060073852539,67.00551359095093,66.3060073852539,66.93188166724673,8817538
2011-12-28,65.643310546875,66.34281671352753,65.23833205859952,66.26918479393326,8194703
2011-12-29,66.52688598632812,66.71096867858557,65.49603345950956,65.56966536420997,9028183
2011-12-30,65.93781280517578,66.56369267196146,65.82736789886968,66.37961001343557,6553617
2012-01-03,67.5945816040039,68.11001098251305,67.11597112153756,67.11597112153756,12249842
2012-01-04,68.33087158203125,68.47813536832449,67.30001921696662,67.41046412618057,8921285
2012-01-05,68.2940673828125,68.47815008574834,67.33684670516722,67.96272086193325,9560730
2012-01-06,68.66220092773438,69.17762405136725,68.330854560608,68.95672842695316,10656248
2012-01-09,69.43535614013672,69.50898803360136,68.33087187715516,68.99356477934889,9804489
2012-01-10,68.9199447631836,70.13487414523064,68.55177937140074,69.9876103329227,12382927
2012-01-11,69.50897979736328,69.76669432445847,68.10996812629445,68.29404490763848,9988300
2012-01-12,69.69306945800781,69.95078401105559,69.06719544418598,69.80352022674597,8129016
2012-01-13,69.3617172241211,69.3617172241211,68.47812873099267,69.14082156609183,8771591
2012-01-17,68.99356079101562,70.31894065777443,68.77265926237946,69.91396233662365,10267594
2012-01-18,70.02442932128906,70.1348742501788,68.33088375518753,68.40451566145168,11040854
2012-01-19,70.50303649902344,70.65030030498575,69.69307970521795,70.06123922012374,11248472
2012-01-20,70.50303649902344,70.6871191869827,68.77267212643436,69.25128242631826,19287117
2012-01-23,69.72989654541016,70.83438687264756,69.58263273138198,70.28214463953539,10555088
2012-01-24,69.3617172241211,69.43534911013084,69.03037080657151,69.3617172241211,8291543
2012-01-25,70.42943572998047,70.539880702769,69.17768110392639,69.32494497498797,10693974
2012-01-26,70.20851135253906,70.94483040820721,69.87716484698193,70.90801738593028,8866783
2012-01-27,70.06122589111328,70.42939119698909,69.65624757125687,69.95078098815983,6804846
2012-01-30,69.5826416015625,69.69309240667009,68.84631657654414,69.32492696365401,7873050
2012-01-31,68.88313293457031,69.98761750101356,68.809501020875,69.87717256097739,9648660
2012-02-01,69.10401153564453,70.17168281093018,69.03037964021229,69.72988557732462,10853955
2012-02-02,69.03040313720703,69.69309628268088,68.84632040546114,69.39856860069878,7890140
2012-02-03,70.02442932128906,70.31895694634568,69.6562639289553,69.95079741502491,9364296
2012-02-06,70.1348648071289,70.50303014989241,69.76670532537761,69.91396911807813,8917300
2012-02-07,70.61345672607422,70.68709446431346,69.61942345298334,70.02440170824575,7520370
2012-02-08,70.83435821533203,71.09207271612482,70.24529733652147,70.65027559176423,7027906
2012-02-09,70.42943572998047,71.23939288183449,70.35580379444968,71.09212901077291,9219421
2012-02-10,69.50897979736328,69.98758997867807,69.10400150078834,69.9139580939382,22857847
2012-02-13,70.20851135253906,70.245324374816,69.58263136370172,70.06124168039248,21763268
2012-02-14,69.72989654541016,70.28214463953539,69.21447319631154,69.69308352240964,8185689
2012-02-15,69.06720733642578,70.02442796026787,68.84630576091385,69.98760907734493,8646707
2012-02-16,69.98758697509766,70.06121885667756,69.21444928800328,69.43534493274295,8453047
2012-02-17,70.98167419433594,71.12893805713485,70.35579984693305,70.61350867632366,12118426
2012-02-21,71.46026611328125,71.79161264900117,71.12891957756133,71.49708499992279,8747991
2012-02-22,71.38663482666016,71.68116247831985,70.61349094953319,71.53389865249001,8529856
2012-02-23,71.72087860107422,71.94372804374173,70.56948094468217,70.82947491755313,9520917
2012-02-24,71.46088409423828,71.94372750616888,71.08946244638337,71.906582976243,4992199
2012-02-27,70.82949829101562,71.16376960889963,70.49522106027864,70.64378740441663,7829398
2012-02-28,71.16377258300781,71.27520030219465,70.53236263760665,71.01520623266086,7307910
2012-02-29,70.75521087646484,71.49804852754454,70.60664452881952,71.23805446273867,9318452
2012-03-01,71.01522064208984,71.27521476437805,70.68094332955565,71.12664838388605,7790274
2012-03-02,70.45805358886719,71.08946330240244,70.19805961480824,71.08946330240244,7559932
2012-03-05,70.01239776611328,70.49524148085511,69.56669269173752,70.3838137340475,7422653
2012-03-06,68.41529083251953,69.12099000488429,68.04387488352839,69.08384545355798,11737034
2012-03-07,69.7152328491211,70.01237142452719,68.89811211424615,69.00953981913,11361901
2012-03-08,70.68092346191406,70.90377888286423,70.27236307397577,70.49521849492594,7508684
2012-03-09,70.71805572509766,71.23803782038003,70.27235087343244,70.64377256862875,7820613
2012-03-12,71.05238342285156,71.27523305076389,70.7181060245551,70.90381700424335,7376080
2012-03-13,72.76087188720703,73.02086594336191,70.90378077772677,71.3123411765836,13338766
2012-03-14,73.50371551513672,73.87513140221765,72.72373328298664,72.90944418295382,14888583
2012-03-15,74.87798309326172,75.02654948763082,73.76372330978354,73.80086786480332,15926802
2012-03-16,75.02651977539062,75.39793561422408,74.32082672518074,75.2493692786907,16533841
2012-03-19,75.06365966796875,75.6207923048878,74.50653294390244,74.5808161129211,8915547
2012-03-20,74.54368591308594,75.0636681550081,74.2094086582807,74.3579750131156,9918878
2012-03-21,74.54368591308594,75.47222858723079,74.43225819053305,74.87796316789118,10662967
2012-03-22,73.72657012939453,74.13513058977254,73.1322987562482,74.09798604207735,10591458
2012-03-23,73.46658325195312,73.94942694230559,73.1694504926145,73.50372780329765,7138810
2012-03-26,74.46939086914062,74.69224036588241,73.9865473364405,74.2093968331823,8964875
2012-03-27,74.43226623535156,74.8036880754364,74.32084441360935,74.72940488999024,7996140
2012-03-28,74.3208236694336,77.99786101768535,73.42941978003128,74.35796229536363,11566390
2012-03-29,74.09799194335938,74.17227513181197,73.20658776907395,73.61514826199037,8484847
2012-03-30,74.54368591308594,74.76653544533829,74.09798093572782,74.54368591308594,8548197
2012-04-02,74.35796356201172,74.69224076533837,73.91226456614453,74.39510810142691,9216417
2012-04-03,74.1351318359375,74.35798138729315,73.54086045280184,74.17227047140315,9138940
2012-04-04,73.31800842285156,73.5780025137374,72.87230342235388,72.98373115069172,9117094
2012-04-05,72.38945770263672,73.2065785859691,72.27803589036183,72.8351626902969,8338930
2012-04-09,71.31231689453125,71.57230494930651,70.82947348873303,70.9408952513936,7587225
2012-04-10,69.60382080078125,71.05235160278565,69.45524853585364,71.01520705834042,11361734
2012-04-11,70.60663604736328,71.12662411451267,70.49521425644014,70.64378058623927,7893290
2012-04-12,71.68376159667969,71.75804477275949,70.42094169046987,70.60664667424271,5887505
2012-04-13,70.1238021850586,71.23805572499488,70.04951900991972,71.23805572499488,8411732
2012-04-16,70.19808197021484,71.0523473123378,70.01237699776229,70.49522056927424,6272362
2012-04-17,71.83232116699219,71.90660433605875,70.27236279088898,70.68092317718143,7411719
2012-04-18,70.94093322753906,71.8323373702652,70.71808367007105,71.42377689181346,6955000
2012-04-19,71.08949279785156,71.49805323721516,70.4580828223406,71.200920522352,10885693
2012-04-20,71.90660858154297,72.94657892272907,71.49804817112845,72.16660264505276,14174478
2012-04-23,70.82949829101562,71.01520326476162,70.34664880328765,70.79235374855463,10859380
2012-04-24,72.57516479492188,72.79801432062013,70.97806765813789,71.27520035906889,10342608
2012-04-25,72.24088287353516,73.57799176687524,72.12946107432538,73.42942542602698,10088499
2012-04-26,72.87229919433594,73.20657644710116,72.05517833487727,72.16660605675014,7216599
2012-04-27,73.46658325195312,73.80086056263627,72.79802863058683,73.13230594126998,7803044
2012-04-30,72.7237319946289,73.24372014018363,72.2037497619275,73.09515378798322,6859808
2012-05-01,73.54086303710938,74.09798989150352,72.27804295552987,72.72374207390354,7303424
2012-05-02,73.42942810058594,73.4665667307243,72.50087956718399,73.24371721133492,7024693
2012-05-03,72.83514404296875,73.54083702050046,72.68657772273598,73.54083702050046,5049852
2012-05-04,71.83232116699219,72.76086964960328,71.49804394976631,72.64944193957707,7261232
2012-05-07,71.75804138183594,72.35231267524533,71.089486915857,71.12663145856828,7459878
2012-05-08,71.4980239868164,71.7951624929714,70.64376482464216,71.42374083849043,8408122
2012-05-09,70.23523712158203,70.71808076602842,69.60382711159119,70.56951440048397,12875202
2012-05-10,70.9037857055664,71.42376794116221,70.60664708665833,71.01520751391027,7372971
2012-05-11,70.60663604736328,71.57232310391007,70.23522022286544,70.27235884888901,5484725
2012-05-14,69.08385467529297,69.97525898471619,68.89814371958037,69.90097578500219,9802590
2012-05-15,68.34098052978516,69.3438120634892,68.04384788847376,68.89810718867005,9924929
2012-05-16,70.56952667236328,71.53521412918691,69.49241146557736,70.16096613964137,17739095
2012-05-17,70.1238021850586,71.05235074357432,70.08666355391577,70.38379625447126,10883418
2012-05-18,70.3838119506836,71.16378842001,70.0123959921602,70.3838119506836,12757016
2012-05-21,71.01522064208984,71.27521476437805,70.38381056857166,70.53237694906366,8055734
2012-05-22,71.23804473876953,71.64660509545236,70.79234575667134,71.1637615750865,9846284
2012-05-23,71.23804473876953,71.34947244072023,69.64094785030588,71.01519524772044,13250043
2012-05-24,71.4980239868164,72.01801193794932,70.64376482464216,71.12660824518655,8739060
2012-05-25,71.31231689453125,72.129437414013,71.01517839745094,71.64658809536387,5602076
2012-05-29,71.86949157714844,72.16662436036668,71.3123646521868,71.64663607687989,7435027
2012-05-30,70.71805572509766,71.31232688970069,70.53234487749951,71.27518235504036,8729963
2012-05-31,70.9037857055664,71.38662930933204,70.08666485106254,70.60664708665833,10231245
2012-06-01,68.8609848022461,70.5323651730097,68.37814118983528,69.90095520491145,12715763
2012-06-04,67.41243743896484,68.7495462553484,67.0410216082208,68.48955221740133,13895330
2012-06-05,67.74671936035156,67.9695747871682,66.929598562965,67.15245398978165,8021325
2012-06-06,70.1238021850586,70.1238021850586,68.0067169114677,68.3038496120232,8948515
2012-06-07,70.56952667236328,71.3123645421172,70.1981047810589,70.90380400939529,29077584
2012-06-08,71.31231689453125,71.49802180324916,70.19805787796919,70.4951963750495,22521630
2012-06-11,70.97807312011719,72.16660992815595,70.82950675821905,71.86947720435968,10735852
2012-06-12,72.35234069824219,72.35234069824219,70.90380940282161,71.16379765108532,9828256
2012-06-13,71.9437484741211,72.57515836407721,71.31233858416499,71.49804354936502,8391868
2012-06-14,73.24372863769531,73.42943955591808,71.46092037874793,71.90661948705778,13007703
2012-06-15,74.49143981933594,74.49143981933594,73.56029437572094,74.00724584888528,12476783
2012-06-18,73.56029510498047,74.41694963312571,73.56029510498047,74.04449500962116,8757548
2012-06-19,74.49143981933594,75.0128822164627,73.93275492492286,74.00724584888528,9010488
2012-06-20,74.86389923095703,75.05012951747801,73.93275965713244,74.49144458730522,9752386
2012-06-21,73.3613510131836,75.38977943343345,73.0984119038618,75.08926819711897,12713635
2012-06-22,74.41315460205078,74.78878628975811,73.28624757899287,73.92483041804726,10721997
2012-06-25,73.32382202148438,73.62432740559974,72.45986007219973,73.1735693294267,9319642
2012-06-26,74.37559509277344,74.75123279403225,73.28625413107878,73.39894663745012,12255977
2012-06-27,75.61518859863281,75.84056763097675,74.71366648928858,74.78879283340324,11224330
2012-06-28,75.87812805175781,75.87812805175781,74.63853449770633,74.82635333376602,11866613
2012-06-29,78.28217315673828,78.28217315673828,76.70450840546596,76.70450840546596,15236965
2012-07-02,76.96746826171875,78.2070618050242,76.17863274508728,77.90655047394023,12876934
2012-07-03,76.74210357666016,77.00504881845379,76.3664717883618,76.55429067249577,4433527
2012-07-05,76.36643981933594,76.92989025589289,76.21618716691636,76.4039999924573,6061091
2012-07-06,75.1268539428711,76.10350226075266,74.93903511867306,75.72787059232424,11737430
2012-07-09,75.27710723876953,75.27710723876953,74.78878307575148,75.0892884130033,6881300
2012-07-10,73.6994400024414,75.38979742266301,73.24868201036065,75.27710493465906,11390989
2012-07-11,73.92479705810547,74.33799471810437,73.39890695266494,73.92479705810547,8923372
2012-07-12,73.02332305908203,73.774586585437,72.72281166857088,73.24870211698853,10472375
2012-07-13,74.26289367675781,74.63852532273447,73.0984266042792,73.28623943728388,6765117
2012-07-16,73.58671569824219,73.66184199166871,72.98569937086553,73.28620454457163,7463989
2012-07-17,74.07508087158203,74.56340504094047,72.9857400399487,73.77456955046068,10840830
2012-07-18,74.52581787109375,74.60094418520062,73.58673595477491,73.8121148970955,8197311
2012-07-19,74.37559509277344,74.90148548254838,73.77457835874044,74.90148548254838,8751079
2012-07-20,74.63853454589844,76.5167049678039,73.06086947790808,74.71366088437722,24217844
2012-07-23,75.46491241455078,75.61516505599921,73.32379732399417,73.4740499654426,12831341
2012-07-24,75.01412963867188,75.46489342958354,74.15017417770842,75.35220098686435,11453692
2012-07-25,75.1268539428711,75.72787059232424,75.0517276091854,75.35223294392816,8886438
2012-07-26,77.23039245605469,77.75627667766322,75.727854148669,75.8781067834143,11951246
2012-07-27,78.58267211914062,78.88317738851808,77.23039242697577,77.49333154769785,16748951
2012-07-30,78.13191986083984,78.54511762607443,77.71871611563847,78.09435370946998,9388459
2012-07-31,77.9441146850586,78.4699990363702,77.9441146850586,77.9441146850586,7997684
2012-08-01,77.86896514892578,78.6953605775961,77.7938388354072,78.3572891767795,7456394
2012-08-02,77.08013916015625,77.75628204313279,75.87811201928322,77.08013916015625,9181215
2012-08-03,78.73294830322266,78.88320098285266,78.01924508499607,78.20706392451764,7906520
2012-08-06,78.7705078125,79.55933730394051,78.50756265536394,78.7705078125,7127793
2012-08-07,79.33396911621094,79.59691430918465,79.22127661065979,79.40909545992221,6492584
2012-08-08,78.9207534790039,79.2212587862367,78.50755569157525,79.0710061326203,6749363
2012-08-09,79.10856628417969,79.33394524750518,78.65780237756205,78.65780237756205,6501848
2012-08-10,79.2588119506836,79.2588119506836,78.65779545474552,78.883174398235,5095340
2012-08-13,78.84564208984375,79.10858727347211,78.43244422413298,79.0334609324309,5607502
2012-08-14,78.65779876708984,79.29637545718408,78.5075461317696,79.1836889706771,6279686
2012-08-15,78.73294830322266,78.99589348255923,78.09437142481107,78.35731660414764,6024095
2012-08-16,79.07101440429688,79.40908590028323,78.20705856563998,78.39487141232416,7010629
2012-08-17,78.88318634033203,79.07100514499015,78.65780736272251,78.9583186461689,6266644
2012-08-20,78.6202392578125,78.95831068010243,78.24460168639416,78.69536557610289,5714316
2012-08-21,78.3197250366211,79.07099417102067,78.13191223799585,78.77048890924733,6351424
2012-08-22,78.05677795410156,78.39484935496736,77.79383884673132,78.01921778731985,5846044
2012-08-23,77.5308837890625,78.09433405805812,77.49331764714566,77.9065153084045,7624262
2012-08-24,78.13191986083984,78.50755147470457,77.19283185622785,77.34308450177375,6121770
2012-08-27,78.3197250366211,78.69536259380399,78.09434609029108,78.20703855343919,6004377
2012-08-28,78.16949462890625,78.58269247129766,77.9816757969189,77.9816757969189,5406936
2012-08-29,78.20704650878906,78.695370598827,78.169480357263,78.20704650878906,4157759
2012-08-30,77.5308837890625,78.05676791614128,77.4557574851941,77.83138900453609,4431524
2012-08-31,77.7938461303711,78.24460405375144,77.41820854758753,77.98165894179627,6192882
2012-09-04,77.0425796508789,77.71871655969863,76.92988717609221,77.49333759009207,7965383
2012-09-05,77.56844329833984,78.01920709772271,77.04255917568594,77.19281178215849,6892839
2012-09-06,80.04764556884766,80.08521171810914,78.31972828211525,78.39485460067175,11096358
2012-09-07,81.09944915771484,81.09944915771484,80.01011415712894,80.08524050268767,7591085
2012-09-10,80.68622589111328,81.32480859747935,80.4984130762684,80.68622589111328,7026132
2012-09-11,81.09944915771484,81.47508686547711,80.3857458849226,80.72381742992118,7009606
2012-09-12,82.226318359375,82.37657098116145,81.36235681415413,81.39992295958366,8973722
2012-09-13,82.71468353271484,83.54107934375794,81.70046886098862,81.7755952092681,23327211
2012-09-14,83.052734375,84.02938263900712,82.56441024299644,83.39080584792052,20897174
2012-09-17,82.82732391357422,82.82732391357422,82.2638736254495,82.37656607506064,16543398
2012-09-18,83.54104614257812,83.54104614257812,82.4892717046965,82.60195819234706,8102599
2012-09-19,84.2547378540039,84.48011677903472,83.57859509894581,83.76641385978765,8443011
2012-09-20,84.89820861816406,85.04960874499182,83.72484859679511,83.98980183156162,9113734
2012-09-21,85.2767333984375,85.88233403668465,85.0117801063858,85.3524334782184,13886817
2012-09-24,84.63326263427734,84.97391596164292,84.4061624245791,84.78466277407618,7678723
2012-09-25,84.44404602050781,85.80665379726557,84.40619295904634,84.74684640964541,9815298
2012-09-26,83.64913940429688,84.2168928307569,83.535592334386,83.87623956975385,8580874
2012-09-27,86.03372955322266,86.52578908369901,83.76271523108245,84.1790686602264,14043042
2012-09-28,85.95801544189453,86.90427527203438,85.61736816970547,86.18512165753505,14799588
2012-10-01,86.33653259277344,87.05568629730445,85.95802620307751,86.03372627588936,8878718
2012-10-02,86.26081848144531,87.01782511200152,85.95801221384144,86.79071890488972,9451850
2012-10-03,86.71504974365234,86.98000306260342,85.99589589990322,86.52580253780538,6871117
2012-10-04,86.86642456054688,87.24493091302283,86.18512397223502,86.86642456054688,8418389
2012-10-05,87.50988006591797,87.73698025141115,87.05567366929586,87.20707379295798,7994366
2012-10-08,86.75288391113281,87.01783717239451,86.48793064987113,86.56363072085497,5050082
2012-10-09,85.61736297607422,86.94212304252729,85.54165689169588,86.82856994159528,8174546
2012-10-10,84.89820861816406,86.07156863953301,84.82250855475017,85.57951521452485,6840799
2012-10-11,85.20099639892578,85.95800294787942,85.08744933324547,85.50380263388823,5041652
2012-10-12,85.08746337890625,85.95801713724529,84.82251013919054,85.46596370304584,6876376
2012-10-15,85.69307708740234,85.92018334247825,85.12532350098637,85.314576705004,6171932
2012-10-16,85.69307708740234,86.60149005643218,85.42812983254196,86.26083669945523,7442726
2012-10-17,86.71504974365234,86.7529028002044,85.99589589990322,86.18514913138796,5899399
2012-10-18,86.33653259277344,87.3584865885519,86.2986795435492,86.33653259277344,9001829
2012-10-19,83.38423156738281,85.2767520528073,82.77863079665993,85.20104593082844,22510445
2012-10-22,82.13517761230469,83.08143793189497,80.43191626780897,82.74078445786802,18098327
2012-10-23,80.54545593261719,80.99965647142331,80.24264954777513,80.81040323410177,11747112
2012-10-24,80.4697494506836,81.22675028856126,80.39404334125834,81.11320317569836,8825467
2012-10-25,80.4697494506836,81.64310376221273,79.59918944866803,81.3781564817743,9550380
2012-10-26,79.90196990966797,80.99962989002402,79.75056977975044,80.204776195139,8936455
2012-10-31,79.71273040771484,80.69683737222982,79.3720770699002,80.46973715556557,8175235
2012-11-01,80.77251434326172,80.96176748250656,79.56130750849141,79.59915452095947,9646720
2012-11-02,80.65898132324219,82.05944164570401,80.46973416254586,81.49168811234235,9906274
2012-11-05,81.03752899169922,81.26462931564433,80.24266881943221,80.24266881943221,6259884
2012-11-06,81.71879577636719,82.43795553979105,81.18889524217987,81.41599547111728,6830178
2012-11-07,79.97769165039062,81.45385838125107,79.75059139396502,80.84825167181185,9442669
2012-11-08,79.06928253173828,80.20479583545286,79.03143550280903,80.09124269739016,8507299
2012-11-09,79.48561096191406,80.6211239078863,78.35010404157738,78.5772042205176,8410501
2012-11-12,79.06928253173828,80.01554261389418,79.03143550280903,79.6370421964143,4552256
2012-11-13,78.2744140625,79.29637403779745,77.85806066800507,77.9716137849169,8570441
2012-11-14,75.73846435546875,78.53938565392136,75.5113580686251,78.46368556685273,13675609
2012-11-15,75.92769622802734,76.5711558766317,75.32209565376893,75.32209565376893,10800412
2012-11-16,76.26831817626953,76.41971825752668,75.20851158183542,76.07906506188107,9449784
2012-11-19,78.19873809814453,78.42583837633633,77.17677780782418,77.25247790055477,7988294
2012-11-20,78.04728698730469,78.31223412616629,77.10102740714353,78.23654010846377,5601722
2012-11-21,78.2744140625,78.50151427068731,77.85806066800507,78.35011413189577,8559402
2012-11-23,79.63702392578125,79.63702392578125,78.4636638623342,78.7664641268485,7398427
2012-11-26,79.71273040771484,79.75057743100727,78.99357068315655,79.03142373208554,9961799
2012-11-27,78.99357604980469,80.24263636477129,78.91787597244038,79.6370357458568,6886204
2012-11-28,80.01553344726562,80.05338649749588,77.59311297599595,78.53937294974773,7257831
2012-11-29,79.97769165039062,80.84825167181185,79.29639088111384,80.39404513332303,5765918
2012-11-30,79.97769165039062,80.46975124443586,79.63704427857104,80.01554470594704,7899321
2012-12-03,78.80433654785156,80.35619732348762,78.72863646311109,80.16694409881765,6256086
2012-12-04,78.95571899414062,79.52347251506932,78.38796547321193,78.99356601519655,7682354
2012-12-05,80.356201171875,80.84825475907209,78.95574049864958,79.14499373238318,9695797
2012-12-06,80.8860855102539,80.9617855777441,79.78842549319184,80.24262589813299,6833934
2012-12-07,81.22673797607422,81.30243804838723,80.3940311549944,81.15103790376119,7000321
2012-12-10,80.96179962158203,81.37815307781791,80.84824648783143,81.11319978282468,5759971
2012-12-11,81.41597747802734,82.32438421865429,80.84822401833995,81.30242437583564,9547793
2012-12-12,82.43792724609375,83.08138068672721,81.64306767916287,81.79447380546029,8850110
2012-12-13,81.83235168457031,82.96785889348239,81.56739839565428,82.2865581835174,7087417
2012-12-14,81.83235168457031,82.3622582624024,81.56739839565428,81.79450465794636,9919086
2012-12-17,83.0057144165039,83.0814144976422,82.09730741720705,82.09730741720705,10116710
2012-12-18,82.09727478027344,82.92998136739799,81.03746804001534,82.70288121426444,16926502
2012-12-19,79.52346801757812,81.9837351443395,79.37206789064449,81.90803508087268,19265917
2012-12-20,80.4019775390625,81.12769411955327,79.71445336774201,79.86724124629978,10606586
2012-12-21,79.75270080566406,80.17285404815897,78.53043959141947,79.59991891396214,16866950
2012-12-24,79.52346801757812,80.05820423541203,79.2560968683488,79.40887864487279,3150213
2012-12-26,79.33248138427734,79.98180692265991,79.10330873789954,79.48526314852921,5958784
2012-12-27,79.0269546508789,79.71447904364992,77.99567414234991,79.44711385146343,7998164
2012-12-28,78.0720443725586,79.10333068836782,78.03384588058377,78.11023678390751,6761361
2012-12-31,80.17279052734375,80.21098292969478,77.38450193073935,77.4990912990414,12266201
2013-01-02,81.50965881347656,82.27357392236176,80.97491641306915,82.15898452780992,9617131
2013-01-03,80.59297943115234,82.0826114812517,80.40199909222868,82.0444129812161,10122010
2013-01-04,80.97491455078125,81.2040933346142,80.66935094650498,81.01311304162866,6218673
2013-01-07,80.70751953125,81.05128152489252,80.05819402353589,80.82210888933882,6832995
2013-01-08,79.82903289794922,80.66933876342763,78.98872703247082,80.59294787389548,8355978
2013-01-09,80.0200424194336,80.47838792420912,79.943651501971,80.36380458832875,5955320
2013-01-10,80.8603286743164,81.08950137025346,80.05821511759845,80.36378479280671,6958505
2013-01-11,80.70751953125,81.12767240341041,80.28737273971352,81.05128152489252,8730359
2013-01-14,80.66935729980469,81.12770274231715,80.47837699177805,80.89853002106092,6617906
2013-01-15,80.97491455078125,81.01311304162866,80.24919795031222,80.36378734222869,5540187
2013-01-16,80.66935729980469,80.97492092814633,80.44018457854845,80.78394670074591,8123653
2013-01-17,81.35688018798828,82.27357713835818,80.66935595505434,81.05131048411425,13323429
2013-01-18,84.18338775634766,84.75632276591796,82.46457664700876,83.8014270295488,23595384
2013-01-22,84.06877136230469,84.79449407824049,83.64861834594092,84.71810317350399,11511011
2013-01-23,83.80140686035156,84.14516899948319,83.07569016697731,83.95419476267513,9854798
2013-01-24,84.22156524658203,84.75630773702933,83.83961066813889,83.87780916629664,9805261
2013-01-25,85.13827514648438,85.21467215431353,84.45075680167226,85.1000827231976,8747073
2013-01-28,85.94036102294922,86.09314282760987,85.02366411435946,85.71118831595824,10340959
2013-01-29,85.94036102294922,86.24592463227053,85.55840043067175,85.90216253147113,7125393
2013-01-30,84.9090576171875,86.13132396952139,84.9090576171875,86.0167345987949,7553651
2013-01-31,85.10009002685547,85.55843562940075,84.71813535806774,84.8327187183899,7183756
2013-02-01,86.39871215820312,86.4750969795899,85.25283646676255,85.67298946814473,9147809
2013-02-04,85.21464538574219,85.90216351458348,85.10005599062237,85.59659990176513,7477740
2013-02-05,86.0931625366211,86.39873229652126,85.74940035712541,85.86398977716638,6451352
2013-02-06,85.711181640625,85.94035432976762,85.21463777383664,85.82576494488363,8969507
2013-02-07,85.86396789550781,85.97855120572103,85.06185432088691,85.94035879585851,7997162
2013-02-08,85.94036102294922,86.1695337299402,85.74938072681049,85.94036102294922,5096488
2013-02-11,85.74935150146484,85.97852413034855,85.36739711999202,85.90213325405398,4118718
2013-02-12,86.24591827392578,86.51328945268331,85.86396379043313,85.86396379043313,7156588
2013-02-13,89.3397445678711,89.68350654211244,88.00289514832085,88.27026624835561,17721024
2013-02-14,89.41616821289062,89.72173790233104,88.2702985992101,88.80504099526145,11267023
2013-02-15,88.95783233642578,89.95092025216339,88.72865960524629,89.68354902547408,8196873
2013-02-19,90.7147979736328,90.7147979736328,89.41614087201107,89.45433935174582,8600843
2013-02-20,89.41616821289062,90.71482571160428,89.18699550627969,90.562043907197,7951570
2013-02-21,89.5701904296875,89.91676535272438,89.03107865081485,89.26212655604598,9976385
2013-02-22,90.07077026367188,90.30182422995529,89.45464270125886,89.91673837306863,5808381
2013-02-25,87.83734130859375,90.60993517372582,87.83734130859375,90.49440813045216,10771095
2013-02-26,88.76152038574219,89.14660023078562,88.22240247230097,88.45345650970744,8621146
2013-02-27,89.99381256103516,90.10933961894426,88.56900745527449,88.64602345041973,6192340
2013-02-28,89.41619873046875,90.34039689766608,89.3391827274009,89.99382181866918,8286931
2013-03-01,89.3006362915039,89.8782652813068,88.5689814869532,88.64599745951746,8602491
2013-03-04,89.60868072509766,89.64718563519467,88.68448318784324,89.14657889128098,5312078
2013-03-05,90.84100341796876,91.30310556388572,90.26338033335983,90.34039633594884,7455079
2013-03-06,91.1490478515625,91.80368675412984,91.1490478515625,91.80368675412984,6581015
2013-03-07,91.18753814697266,91.76516097600025,91.149033227907,91.26455411548432,4789984
2013-03-08,91.53414154052734,92.03474855674814,91.18756650923876,91.88071657181594,6041206
2013-03-11,90.9565200805664,91.45712710531107,90.3018810682668,91.2260791239787,7292156
2013-03-12,90.1478271484375,90.87948815664508,89.83976322732777,90.8409771013157,7635572
2013-03-13,90.4559097290039,90.57143065023024,90.1093347045606,90.26336668645048,5039690
2013-03-14,91.22606658935548,91.49561946534835,90.53291661021598,90.68694857660664,7225926
2013-03-15,90.26337432861328,91.34160442351312,89.95531033875123,90.26337432861328,12281266
2013-03-18,89.53169250488281,89.91677237701712,89.0695905279408,89.22362247679452,7031912
2013-03-19,89.8012466430664,89.95527858362259,89.22361767040996,89.72422454240781,7543176
2013-03-20,90.34037017822266,91.64965410390307,89.83976324115166,91.38009510769992,8190822
2013-03-21,89.68573760986328,90.8794945841648,89.68573760986328,90.18634458226305,8042651
2013-03-22,89.99381256103516,90.10933961894426,89.64723751769034,89.80127563836331,6386333
2013-03-25,89.4931869506836,90.41738483096684,88.7615320834872,90.3018639274197,8697954
2013-03-26,89.03107452392578,89.72421820748966,88.60748365211337,89.60869732541904,6750949
2013-03-27,88.95407104492188,89.10810913721974,87.99136821775299,88.64600712108886,5736643
2013-03-28,89.03107452392578,89.3391383832875,88.53046768727293,89.10809048876621,6500033
2013-04-01,88.8770523071289,88.95406828569824,88.45346749018815,88.68451542589615,5727712
2013-04-02,89.8782730102539,89.99379391384399,88.95406899924603,89.22362799159156,6088781
2013-04-03,88.56898498535156,90.10931675823966,88.26092108292632,90.03230078263334,10969429
2013-04-04,88.8770523071289,89.06959531874283,88.4149564357129,88.60749944732682,6358372
2013-04-05,88.29944610595703,88.33795716771728,87.6448070990914,87.79883908536775,6552449
2013-04-08,89.03107452392578,89.03107452392578,87.91433383816941,88.76151558179423,6362858
2013-04-09,88.80001831054688,89.53167915406928,88.1838906070079,89.53167915406928,6607953
2013-04-10,90.80245208740234,91.07200489354734,88.80001865205982,88.95405057853695,8298971
2013-04-11,90.84100341796876,91.34161049998868,90.22486926687382,90.6869714127908,5651488
2013-04-12,90.34037017822266,90.84097711529364,89.83976324115166,90.45589721384722,5682766
2013-04-15,87.83734130859375,89.7242421461852,87.83734130859375,89.64722616079668,9693147
2013-04-16,88.95407104492188,88.95407104492188,88.18391123533931,88.83855013867517,7515320
2013-04-17,87.64480590820312,88.68453099701452,87.22121488650762,88.41497195950242,8904217
2013-04-18,87.29820251464844,87.99135234864558,86.91312267930573,87.64477743164701,8590806
2013-04-19,83.75544738769531,84.83367710698094,83.21633559324276,84.48710217392832,22710344
2013-04-22,82.2151107788086,83.48588341358972,81.29091305627506,83.4473784957734,18326562
2013-04-23,82.79275512695312,83.52441000542335,82.25363713415528,82.98529201262551,13665197
2013-04-24,84.56413269042969,84.83368554929051,83.37037583120176,83.52440778780256,10747496
2013-04-25,84.525634765625,85.60386475969538,84.3716027850981,85.52684876943194,8651735
2013-04-26,85.52685546875,86.25851049875435,84.60265738281409,84.64116844615343,9809727
2013-04-29,85.75790405273438,85.95044711000205,84.7181850303307,85.91194217677808,7622802
2013-04-30,85.83493041992188,86.18150551272295,85.52686639538018,85.83493041992188,7105946
2013-05-01,85.29576873779297,86.06593448132078,85.10322576931607,85.10322576931607,8179888
2013-05-02,85.9504165649414,85.9504165649414,85.29577775933602,85.68085760663905,5769820
2013-05-03,86.91314697265625,87.99137694337534,86.83613098406074,86.91314697265625,9498987
2013-05-06,86.95162963867188,87.1826775453009,85.95041591289899,86.87461366979552,5960203
2013-05-07,87.33670806884766,87.76029892626583,87.10566018217772,87.37521298476939,5886712
2013-05-08,88.60749816894531,88.64600309248388,87.105677412939,87.33672534531357,8341747
2013-05-09,87.72180938720703,88.95407121528044,87.37523440704047,88.53048638438949,6254500
2013-05-10,88.18389129638672,88.22239621296896,86.99013466587786,87.68328446815784,7327649
2013-05-13,87.99136352539062,88.10689055585792,87.10567672641149,88.02987457900673,6319081
2013-05-14,88.60749816894531,88.83854610131989,87.83733226398235,87.99136421889872,8261412
2013-05-15,89.4931869506836,89.53169800545345,88.22241409899647,88.72302102871734,8378409
2013-05-16,89.60868072509766,89.9167445273895,88.95403594965913,88.95403594965913,6890711
2013-05-17,90.34037017822266,90.41738615851192,89.33915630408066,89.6087153002838,8563012
2013-05-20,90.7639617919922,90.80247284760624,90.22484379568354,90.34037083214434,6861811
2013-05-21,91.11051940917967,91.57262133658448,90.8409604623919,90.8409604623919,7055909
2013-05-22,91.88070678710938,92.92043177025111,91.4571158084644,91.5726428500518,14296358
2013-05-23,91.11051940917967,91.45709432213825,90.30184869919653,90.57140151560412,9261175
2013-05-24,90.60992431640624,91.14904227990792,90.45589236408604,90.4943972869756,8558317
2013-05-28,90.87950897216795,91.80370707756168,90.80249297425038,91.5341480196588,9874516
2013-05-29,91.0335464477539,91.26459445541455,90.10934828672822,90.18636428928176,8187170
2013-05-30,90.87950897216795,91.49563695550864,90.49442285219736,90.80249297425038,6123627
2013-05-31,89.8012466430664,91.61113114017232,89.76273559273712,90.8409653070109,10276107
2013-06-03,91.0335464477539,91.57266459601183,89.80128427651401,89.99382121770635,9435366
2013-06-04,91.11051940917967,91.49559924003354,90.1478106364748,90.8409604623919,8075494
2013-06-05,89.8012466430664,90.80246038706213,89.37765574134666,90.68693336645472,9338922
2013-06-06,90.03231811523438,90.07082304525986,88.95408198840717,89.53171111222836,8905176
2013-06-07,91.88070678710938,92.22728178148996,90.37888589838128,90.64843877811585,10233039
2013-06-10,91.5726318359375,92.11174366094532,91.03351388054882,91.95771171094307,8685872
2013-06-11,90.80245208740234,91.22604295040442,90.41736614082956,90.45587718763883,7550020
2013-06-12,90.49440002441406,91.3800929726187,90.1863361104548,91.2645659396934,7061542
2013-06-13,91.18753814697266,91.61112903897693,89.87826055189423,90.30185144389849,7288671
2013-06-14,90.57145690917967,91.45715025740458,90.3404088693582,91.18759114575424,5810405
2013-06-17,91.53414154052734,91.84220551039176,91.07203945534846,91.45712554806124,8195892
2013-06-18,93.69058227539062,94.15268426530405,91.53412267014409,91.76517059991028,15183693
2013-06-19,92.34282684326172,93.767632120357,92.34282684326172,93.19000902211656,9615608
2013-06-20,90.2467269897461,91.95462252718586,90.05264626612602,91.7217231871056,13090041
2013-06-21,90.67372131347656,91.76056248792844,90.09148519071096,91.52766927469057,13568294
2013-06-24,89.00463104248047,89.8585789385058,88.34476389900854,89.74213543044682,10174530
2013-06-25,89.70332336425781,90.24674703938744,89.04345617255882,89.93621657673832,7630585
2013-06-26,90.2467269897461,90.98422508842584,89.35396060456603,90.94540647196568,6788133
2013-06-27,90.5184555053711,91.13950404885333,90.28555612222372,90.86779222140906,6440961
2013-06-28,90.01383209228516,90.984229578939,89.8973885958384,90.51844323447048,9582431
2013-07-01,90.59611511230467,91.76058767749996,90.01387265036355,90.09150992209716,7466931
2013-07-02,88.8882064819336,90.59610263804134,88.81057540023258,90.32439076241646,9926306
2013-07-03,88.9270248413086,89.19873673498567,88.3447886001966,88.61650049387367,4475489
2013-07-05,90.20793914794922,90.20793914794922,89.08227921800761,89.936227278054,4734313
2013-07-08,90.5184555053711,91.33358480836227,90.32437474586212,90.67371764124164,7403560
2013-07-09,91.68291473388672,92.38160042580672,91.25594083097349,91.29475326977976,6581494
2013-07-10,91.37239074707033,92.10989510895848,90.67371118539783,92.07107648808388,5937918
2013-07-11,92.92504119873048,93.00267227521094,91.72175024426964,92.80859767368084,6806224
2013-07-12,92.2263412475586,93.15792020240904,91.56647410856895,93.1191077597668,6939621
2013-07-15,91.72174072265624,92.14871468864597,91.45003507285138,92.10990224410594,7481266
2013-07-16,90.9454345703125,91.87701985977375,90.59609781094242,91.83820123132024,7969306
2013-07-17,91.37239074707033,91.64410255516904,90.94541681415546,91.37239074707033,5604351
2013-07-18,91.72174072265624,92.92503155220376,91.45003507285138,91.60529720969464,8646581
2013-07-19,95.95266723632812,96.84542760631894,93.54608559483206,93.9730595576994,21640116
2013-07-22,96.49605560302734,96.72895491567596,95.99145072452144,96.14671281339407,8672163
2013-07-23,95.91384887695312,96.5737160452,95.60332460468204,96.53490360083688,6792577
2013-07-24,95.5644989013672,96.41844676619208,95.33160571441704,96.22436602072976,5735078
2013-07-25,95.83619689941406,95.83619689941406,95.1763298751365,95.5256726948929,6249784
2013-07-26,95.6809539794922,95.71976642316844,95.09871788961688,95.6809539794922,6492563
2013-07-29,95.05989074707033,95.48686466529117,94.94344106779522,95.2151528665432,5339371
2013-07-30,95.02108001708984,95.64212850615914,94.71054959321418,95.3704167025208,6510570
2013-07-31,94.59412384033205,95.83622723087342,94.55530521281096,95.37043459733154,8128411
2013-08-01,95.5644989013672,96.53489644933772,95.17634358978364,95.48686783905048,6664187
2013-08-02,95.87503814697266,95.87503814697266,94.71056585073944,95.17635847683796,5367081
2013-08-05,95.17633056640624,95.48685477318274,95.05988089919492,95.37040510597144,3749992
2013-08-06,94.36122131347656,95.09872577725096,94.1283280940782,95.0599071510136,4780761
2013-08-07,94.47764587402344,94.47764587402344,93.5072484490562,93.97304094325575,5836613
2013-08-08,94.43885040283205,95.25398592261652,94.01187641989974,94.98227408268836,4668293
2013-08-09,94.1283187866211,94.86581699812932,93.97305665570792,94.4776616708464,4332555
2013-08-12,94.2059326171875,94.32238228373868,93.39080348934984,93.70132769436604,5710226
2013-08-13,93.93426513671876,94.3224267553416,93.54610969743904,94.3224267553416,5953901
2013-08-14,93.42961120605467,94.28355890605548,93.35198015872189,93.9342161033879,5839158
2013-08-15,93.15792846679688,94.16714475514571,92.84740418074604,93.04148494919872,8338617
2013-08-16,92.96382904052734,93.35198429438736,92.61448622238322,92.69211727315522,7577668
2013-08-19,92.5756607055664,93.00263454265053,92.22631791346672,92.7697414076973,6722884
2013-08-20,92.0710906982422,92.57569577144533,91.72174777381817,92.26517147388712,6354074
2013-08-21,91.64411163330078,92.34279744352516,91.45003704772648,92.07108560851104,6655695
2013-08-22,92.30396270751952,92.38159375887037,91.64408950202711,91.83817022007432,6475411
2013-08-23,92.30396270751952,92.57566829757732,91.7605391687235,92.49803724622647,4317302
2013-08-26,91.64411163330078,92.34279744352516,91.45003704772648,92.1487166786091,5414552
2013-08-27,89.97502136230469,90.79015057027816,89.70330956653325,90.67370707161956,10723750
2013-08-28,90.05265045166016,90.82896720288232,89.89738833728386,89.89738833728386,6022530
2013-08-29,89.70332336425781,90.44082162678365,89.62569229343099,89.8974041309958,4612392
2013-08-30,89.81975555419922,91.21712073607604,89.43159409637636,90.98422756898664,9655963
2013-09-03,89.50923156738281,91.02305271031383,88.96581413855978,90.47962910214976,10860820
2013-09-04,89.93620300292969,89.97502162215521,89.12107379260209,89.23752347093783,6599940
2013-09-05,89.89740753173828,90.63490582216303,89.62569568389483,90.59609337495228,6322941
2013-09-06,89.89740753173828,90.75135552247936,89.12109061476073,89.85858890518548,7664472
2013-09-09,90.79015350341795,91.06186530796757,89.97502426911028,90.24673607365985,5880473
2013-09-10,92.65332794189452,92.92503979514326,91.68293641087466,91.87701718881549,7452951
2013-09-11,93.50727081298828,93.50727081298828,92.07108672967276,92.96385331568452,7220459
2013-09-12,92.5756607055664,93.93421326180312,92.2651365256288,93.7789511718343,6401252
2013-09-13,92.30396270751952,92.7697490156245,92.18751304082316,92.265144092174,3979499
2013-09-16,93.70135498046876,94.05069790251176,92.88622561526309,93.39083068502696,7666496
2013-09-17,94.90465545654295,94.98228653822522,93.58491470925942,93.66255197028433,7472231
2013-09-18,96.49605560302734,96.69013630378798,94.71052922231269,94.98224096750964,10660964
2013-09-19,95.6746826171875,97.35662090331763,95.4399957261926,97.0045874533586,10373260
2013-09-20,93.9145050048828,96.06581669298622,93.87538741649354,96.02669910459694,14179215
2013-09-23,94.97061157226562,95.36175634787271,94.46212025051008,94.65768952484729,8641657
2013-09-24,95.12709045410156,95.98761537708005,94.73593936532914,94.73593936532914,6890919
2013-09-25,94.7750473022461,95.7529186975448,94.65770074219157,95.0488517910844,6144723
2013-09-26,94.85326385498048,95.87024648593508,93.71893467932624,95.04883935383562,7148659
2013-09-27,94.07096862792967,94.26654412791048,93.6407062641315,94.26654412791048,5373842
2013-09-30,93.44512939453124,94.18831379279246,93.17133117089033,93.40601803126792,7374869
2013-10-01,94.54035186767578,94.7359211475198,93.4842516034002,93.64070951804854,6048112
2013-10-02,95.16618347167967,95.24441242895898,94.07097184283668,94.42300526405997,7141377
2013-10-03,94.26656341552734,94.85328380858437,93.24958057063736,94.7359372391994,7819028
2013-10-04,94.07096862792967,94.57945994633369,93.4842483549199,94.57945994633369,6949971
2013-10-07,93.6407241821289,94.38390873349005,93.09312139510544,93.249579334255,6047361
2013-10-08,92.5845947265625,93.56245958737884,92.5845947265625,93.56245958737884,8845353
2013-10-09,92.1934814453125,93.24958190407736,91.9196769307882,93.24958190407736,7323100
2013-10-10,94.85326385498048,94.85326385498048,93.17133200023748,93.48424781685964,7965780
2013-10-11,95.43999481201172,95.79202825859876,94.65769895592202,95.12707896034917,7131736
2013-10-14,95.36174774169922,95.36174774169922,94.50122308609126,94.69679856971092,4596179
2013-10-15,94.61856842041016,95.6355509592298,94.4621105262736,94.93148420868326,5919159
2013-10-16,95.28353118896484,95.43998910544116,94.38389505575958,95.2444135963793,6307980
2013-10-17,96.53522491455078,96.53522491455078,94.77506357315016,95.36178402028372,9482106
2013-10-18,99.93819427490234,100.72049012979524,98.13891567672866,98.60828945350444,20554739
2013-10-21,102.24595642089844,103.06736358086894,100.87694033632572,101.18985616356538,12682983
2013-10-22,101.77655029296876,102.63707482362568,101.62009241956407,102.44149936840424,9046107
2013-10-23,100.52489471435548,101.6983351509914,100.2902078724147,101.65922379080062,8251709
2013-10-24,101.46363067626952,101.77654641114408,100.40753073067152,101.0724797807454,7223694
2013-10-25,101.2289810180664,102.01127686922383,100.9160589414435,101.97215927454602,5711791
2013-10-28,102.0503921508789,102.32419664332514,100.75960488100392,101.22898490047368,6667171
2013-10-29,102.51979064941406,102.871817943802,101.97218156581572,102.44155544295609,8020136
2013-10-30,103.14557647705078,103.57583878597627,102.44150974845782,102.83266069853472,8313181
2013-10-31,102.24595642089844,103.41939699997997,102.16772746408851,103.06736358086894,8941692
2013-11-01,103.81053924560548,104.2016839966283,101.8156854480583,101.89391439826288,11608811
2013-11-04,103.38029479980467,104.0061265097646,102.9109147904014,104.0061265097646,5877197
2013-11-05,103.3411636352539,103.7323084026196,102.71532578053628,102.95001886788825,5195164
2013-11-06,105.21869659423828,105.53161248432885,103.45853537207776,103.5367643446004,12239868
2013-11-07,104.04520416259766,106.3529670475346,104.04520416259766,105.37510226265366,12424075
2013-11-08,105.80541229248048,105.8445174342988,103.26294915401516,103.34117811845202,7868418
2013-11-11,105.64894104003906,105.76628135842968,105.17955485874607,105.68804617692577,4984583
2013-11-12,105.80541229248048,106.15744574591312,104.86665226537116,105.29692091017408,7837390
2013-11-13,106.19654083251952,106.19654083251952,104.63194923805848,105.49247399231878,7176640
2013-11-14,105.57070922851562,106.39211639120104,105.06221789410412,106.19654088506344,6772045
2013-11-15,106.39214324951172,107.29178582330994,105.4925006757135,105.6489710832165,10787517
2013-11-18,106.47036743164062,107.56557299370628,106.04009876328564,106.7050481108638,8155370
2013-11-19,105.72715759277344,106.90059806974158,105.2969014812264,106.11830856971766,7453827
2013-11-20,105.45335388183594,106.27476092749076,105.14043809814493,105.57069418725408,6319624
2013-11-21,105.25777435302734,105.68803042557936,104.67104794078725,105.68803042557936,6335294
2013-11-22,105.9227294921875,105.96184707932936,105.06220484438671,105.1013224315286,4600540
2013-11-25,104.55374145507812,106.27479120964186,104.55374145507812,106.15745087078852,6747172
2013-11-26,104.7492904663086,105.41423964122322,104.51459739415932,104.51459739415932,7626808
2013-11-27,104.9448699951172,105.21866821162266,104.63194173557056,104.9448699951172,4738236
2013-11-29,104.2799301147461,105.1013435675242,104.162583556654,104.6319573351558,4466600
2013-12-02,104.2799301147461,104.59285219401391,103.88878529932794,104.24081251973764,7230287
2013-12-03,103.88877868652344,104.04523660273172,103.02825392044493,104.04523660273172,6832807
2013-12-04,104.20169830322266,104.27992726416784,102.48064870856244,103.02825766211184,9378756
2013-12-05,103.45849609375,104.20167416403235,103.06734515270436,104.16255657915512,5937563
2013-12-06,105.37509155273438,105.53154940425908,104.3581092908935,104.71014257028924,5289021
2013-12-09,106.35299682617188,106.90060574242496,105.14045112757168,105.3360141762156,6411268
2013-12-10,106.15741729736328,107.1352822042382,105.88360665481112,105.9618418252156,6440293
2013-12-11,103.9669952392578,106.11830689775904,103.81053734171812,106.040071722057,8380162
2013-12-12,103.81053924560548,104.43637084724202,103.57584616805948,103.65407511826406,6460220
2013-12-13,104.9839859008789,105.37513692504236,103.69320495655197,104.00612079433633,8311783
2013-12-16,105.5315933227539,105.9618619339048,105.10133716546883,105.37513540611698,8379870
2013-12-17,105.72715759277344,106.15742615818498,105.37512420429654,106.00095580431568,7643835
2013-12-18,107.21351623535156,107.44820931746936,104.98397554375929,105.7271599255783,11532503
2013-12-19,107.72612762451172,108.0415878713877,105.79400737086134,107.134666340213,10586659
2013-12-20,107.88386535644533,108.31760279997413,106.54319381591876,107.52898355963424,16307944
2013-12-23,108.04158782958984,108.39646962188472,107.52898219123416,108.15987757547737,6239706
2013-12-24,108.86962890625,109.06678683029298,107.883851840666,107.96270747750464,3152822
2013-12-26,109.73712158203124,110.24972718764786,108.83020010913062,109.1456477811052,5167579
2013-12-27,109.73712158203124,110.17085899233844,109.46109545307982,109.77655567968596,3962639
2013-12-30,109.97370910644533,110.32859090204448,109.61882731084616,109.77656371300796,4972898
2013-12-31,110.52576446533205,110.76235654736831,109.73714511626817,110.01315874978197,6323859
2014-01-02,108.43585968017578,110.17083403768076,108.08097799093028,109.8553864371578,8649816
2014-01-03,108.35707092285156,108.83024261562304,108.08104468609088,108.51479482044206,5752981
2014-01-06,107.48954010009766,109.34280456951136,107.05579013970194,109.0667909980824,6125610
2014-01-07,107.60783386230467,108.39646561811183,107.29238618183456,108.35703151939512,5159796
2014-01-08,107.2923812866211,107.88385507649048,106.93749952362572,107.84442097957292,5397859
2014-01-09,107.33184814453124,107.88388800598268,106.18833431267434,107.7655856791205,6533502
2014-01-10,106.30658721923828,107.37123233824992,105.9122714222793,107.2134959757629,8102057
2014-01-13,105.39971160888672,106.85866060282125,105.2025536249205,106.38548897408312,7181982
2014-01-14,106.34602355957033,106.46432584790432,105.43911467679568,105.83341797401596,5205264
2014-01-15,107.8049774169922,108.04156942309255,106.50375277001557,107.05577985986612,6648663
2014-01-16,107.25296020507812,107.52898636236606,106.77978864854104,107.33182840848406,6812463
2014-01-17,104.8082275390625,106.1488928320671,103.62528609763106,105.99116898049397,20290427
2014-01-21,103.66473388671876,105.43914314449462,102.67895026825244,105.3997090377364,12506934
2014-01-22,102.4817886352539,103.74358576948248,102.4817886352539,103.70415166654568,10156273
2014-01-23,101.81143188476562,102.44233346076692,100.66793101723964,102.44233346076692,12112292
2014-01-24,98.38093566894533,100.90453618150674,98.38093566894533,100.8256742539876,19949139
2014-01-27,98.85408782958984,99.72157508424792,98.1837522038523,99.60327908504368,12634072
2014-01-28,100.39191436767578,101.02281596367568,99.76101277167588,99.87930878258696,10521953
2014-01-29,99.72159576416016,100.62851102174928,99.20898384618135,99.91874743396532,8269216
2014-01-30,100.54963684082033,100.90451859145028,99.87930743510388,100.54963684082033,6279519
2014-01-31,99.09071350097656,100.07649087495878,98.89355551525314,99.40616125628009,8416177
2014-02-03,96.01502990722656,99.40611687190432,95.89674019046228,99.0906692574467,15743847
2014-02-04,96.88253784179688,97.71059742279344,96.21220837907296,96.72481400084018,9568409
2014-02-05,96.68537902832033,97.15855051619418,95.89675360454837,96.44878700706788,8400673
2014-02-06,98.38093566894533,98.97240326399698,97.07970444890503,97.78946807389366,9332287
2014-02-07,99.32728576660156,99.68216758156152,98.5780943113064,99.36671986929338,7244936
2014-02-10,98.77523803710938,100.1159032609003,98.30206650681804,100.1159032609003,6886767
2014-02-11,100.27359008789062,100.62847174326102,99.20894512177942,99.4061029919438,6799755
2014-02-12,100.11591339111328,101.06226282476824,99.95818953172358,100.82567703568368,5264106
2014-02-13,100.31307220458984,100.31307220458984,99.0118409376162,99.4850125197975,6751721
2014-02-14,101.4959945678711,101.92973826853114,100.07646744668696,100.431349226983,5201612
2014-02-18,101.14110565185548,102.6789224064314,101.14110565185548,102.56063267288896,6096272
2014-02-19,100.1553192138672,101.61428028599003,100.0370294839707,101.25939854166992,7072205
2014-02-20,99.9167022705078,100.7122182528678,99.51894744540937,100.67244593643952,6734548
2014-02-21,99.20072174072266,100.19511175057954,99.20072174072266,99.9166802682414,7750962
2014-02-24,100.59286499023438,101.2292725207139,99.28026496037852,99.51891778430836,7934021
2014-02-25,100.51331329345705,101.34860133701392,100.11555225773571,100.9508403012926,6904712
2014-02-26,100.63265991210938,100.8713127896767,99.83714398805569,100.75198951697436,6214875
2014-02-27,101.42813110351562,101.6667838758304,100.03598043343976,100.27463320575453,4760292
2014-02-28,101.3088150024414,102.18388161594136,100.67240752510376,101.58724643985695,6142344
2014-03-03,99.9167022705078,100.27468477917796,99.12119262031092,100.27468477917796,7138455
2014-03-04,102.0247802734375,102.34299034591017,101.26904322411627,101.50769602935024,7645045
2014-03-05,103.1385269165039,103.25785651669412,102.02480719932392,102.54189157987756,6286718
2014-03-06,104.29199981689452,104.53065262685004,103.49648411821532,103.655585991519,7284623
2014-03-07,103.93404388427734,104.8091107422892,103.29763622911416,104.7295597853938,5693136
2014-03-10,103.5760269165039,103.93400926938956,102.78051128033138,103.89423697026912,4645548
2014-03-11,103.01919555664062,103.81471138704455,102.46233257570928,103.65560315523427,5188112
2014-03-12,102.46232604980467,102.74075752253684,101.94524174279992,102.14412227077452,4896068
2014-03-13,100.79173278808594,103.41693268138218,100.27464853626948,103.41693268138218,7901011
2014-03-14,99.8769073486328,100.95084829941182,99.79735640161812,100.43376397773557,6147456
2014-03-17,101.1497039794922,101.94521958633416,100.4337393001184,100.47351792993254,9517913
2014-03-18,102.0247802734375,102.34299034591017,101.30881552557491,101.50769602935024,4963049
2014-03-19,100.55308532714844,102.22366774192793,99.8768991668352,101.98501492043404,7354671
2014-03-20,100.51331329345705,100.91106799701716,99.91667173987508,100.91106799701716,7451803
2014-03-21,101.0303726196289,102.740733360079,100.7917198414824,102.18387054557712,11509571
2014-03-24,101.07015991210938,101.54747184147593,100.23487195091862,101.38836364358004,6499115
2014-03-25,102.22367095947266,102.26344326489291,100.99062184470166,101.7463589693001,6500763
2014-03-26,101.90546417236328,103.09873461424708,101.82590689955394,102.62142263819686,6641735
2014-03-27,102.66120910644533,102.82031099987928,101.467938573529,101.7463637209576,6183993
2014-03-28,102.93961334228516,103.4964698219277,102.54185238180908,103.01916426794836,6195470
2014-03-31,102.9793930053711,103.73513635147158,102.66118927995642,103.49647722525016,6695737
2014-04-01,102.89986419677734,103.37717621967856,102.4225585060379,102.7407622998642,5946035
2014-04-02,103.5760269165039,103.65557784690512,102.8998408420134,103.0987213340966,5509451
2014-04-03,104.331787109375,104.4511103581745,103.6158222879326,104.01357700419985,4644693
2014-04-04,103.49649047851562,105.00797103210914,103.37716723228536,104.88864145371764,6915229
2014-04-07,102.82029724121094,103.5760342999758,102.38276392673428,103.21805192157116,6351444
2014-04-08,102.42253875732422,103.0987248549064,102.10432869269216,102.46231105780286,5616328
2014-04-09,103.2180404663086,103.25781909601034,101.78611744376748,102.86006445979338,5253590
2014-04-10,101.746337890625,103.85445327384198,101.70656559344432,103.7749023473206,7573119
2014-04-11,101.1497039794922,102.46230378095744,101.1497039794922,101.46791402152505,7787248
2014-04-14,102.26343536376952,102.42254356964152,101.14971591563072,101.7463511081279,5230533
2014-04-15,102.70099639892578,102.97942791914224,101.7463785668712,102.10436104541198,6319811
2014-04-16,103.89421081542967,104.2124144569284,102.97936584788272,103.45667764228956,6989471
2014-04-17,105.64436340332033,106.43987265688033,105.20683014778234,105.28638107313834,14535109
2014-04-21,105.76368713378906,106.24099268821996,105.64436391126132,105.92278898526602,5243950
2014-04-22,105.72395324707033,106.47969048222922,105.68417460366928,106.2012589749089,5800097
2014-04-23,105.08750915527344,106.0421266694792,104.96817959143756,105.68414431013198,6169533
2014-04-24,105.24659729003906,105.96256191533938,104.33175852716836,105.16704636857898,5337180
2014-04-25,105.80347442626952,106.59898374879324,105.60459392955836,105.68414486181072,7042387
2014-04-28,106.5194320678711,106.79785714616597,105.52503598257776,106.28077295481825,7212822
2014-04-29,106.43990325927734,106.9172216129664,105.76371703326195,106.71834107631656,5774974
2014-04-30,106.95696258544922,106.99674121634484,106.00234509771786,106.59898023602992,6085651
2014-05-01,106.47965240478516,106.7183115155215,105.9625682184564,106.32055055240092,5379246
2014-05-02,106.1216812133789,106.87742458979535,106.04213027883412,106.47966358491075,4898030
2014-05-05,105.72395324707033,106.16148666367016,105.40574309634898,106.16148666367016,3461621
2014-05-06,104.17269134521484,105.52507020653172,104.17269134521484,105.44551925376744,5223688
2014-05-07,105.52507019042967,105.52507019042967,104.49090147248984,104.49090147248984,5074599
2014-05-08,105.16707611083984,105.80348999466406,104.61021317097348,105.32617799875554,4358304
2014-05-09,105.08750915527344,105.68414431013198,104.64997586408911,105.64437201029364,3638629
2014-05-12,106.79785919189452,106.83763782221868,105.44548707543716,105.7239184912255,4947545
2014-05-13,107.07632446289062,107.19564772021366,106.47968284762824,106.95698854124396,4274005
2014-05-14,106.43990325927734,107.23542540587674,106.08192715833408,107.03654486922689,4327986
2014-05-15,105.80347442626952,106.59898374879324,104.68975504257584,106.28078001978376,7049252
2014-05-16,106.0819091796875,106.12168148097984,104.8886324941854,105.36594443481836,6018002
2014-05-19,105.84325408935548,106.16146417266188,105.32616982766358,105.60460127599634,3782981
2014-05-20,104.61018371582033,105.88301112507796,104.01354863805064,105.8432324982188,4898781
2014-05-21,105.36597442626952,105.48529769627152,104.80911139238523,104.88866234977408,3639881
2014-05-22,105.44548034667967,105.68413311691482,104.64996478040278,105.0874980252471,3261117
2014-05-23,105.44548034667967,105.72391174470056,105.12727665303284,105.60458219350312,3095106
2014-05-27,105.68417358398438,105.92282644560105,105.20686786075105,105.60462263011216,3822230
2014-05-28,106.04214477539062,106.24101897285946,105.52506046408088,105.6443900482914,3798839
2014-05-29,106.36036682128906,106.36036682128906,105.604623256775,106.16148626934724,3135085
2014-05-30,106.55921173095705,106.55921173095705,105.80346841922646,105.96257027469812,3950725
2014-06-02,106.7183609008789,106.79790553172136,105.84328764349372,106.24104245852068,3573025
2014-06-03,106.55921173095705,106.63875632653271,106.08189983238194,106.4000972111651,3889753
2014-06-04,105.60456848144533,106.36031165396798,105.56479619098351,106.36031165396798,4166940
2014-06-05,106.47965240478516,106.51943103396124,105.20683125355131,105.56481358749583,5225191
2014-06-06,108.11045837402344,108.34910481194534,106.4398699869722,106.55920587025273,7039591
2014-06-09,109.1446762084961,109.50265869204856,107.43432108233446,107.63318898268555,5901444
2014-06-10,109.0253448486328,109.2242254216594,108.34915849893788,108.62759636690544,4557681
2014-06-11,107.99114990234376,108.82645064005514,107.63316749027396,108.66733608862609,5158544
2014-06-12,107.23542785644533,108.03093735690037,106.95699003304318,107.79227817460192,5371505
2014-06-13,107.5536117553711,107.67293499227934,106.91720427276516,106.91720427276516,3992019
2014-06-16,106.67855834960938,107.27518727238046,106.40012054323624,107.19564265936174,5567334
2014-06-17,106.87742614746094,107.31495312775355,106.12168276003004,106.5592224046442,4444210
2014-06-18,106.95696258544922,107.15584307560668,106.16145328913998,106.9171966188742,5474730
2014-06-19,107.99967193603516,108.20019300449329,106.91687221202965,106.91687221202965,6594807
2014-06-20,108.16009521484376,108.44082984150316,107.75906581342956,108.36061629994607,10382650
2014-06-23,106.9970703125,108.5210124275784,106.67624173761912,108.48091843230952,6519522
2014-06-24,106.59606170654295,107.79918193714754,106.31533343992204,106.91689036302644,5512623
2014-06-25,105.9543685913086,106.31530392183792,105.63354002390209,106.15488963813466,5479717
2014-06-26,105.43304443359376,106.11480849613964,105.07210901591758,106.11480849613964,4832405
2014-06-27,105.99446868896484,105.99446868896484,105.19239093649328,105.43301234691668,7335558
2014-06-30,105.39291381835938,106.07468411106784,105.1522923891415,106.03457734733448,6189147
2014-07-01,105.87416076660156,106.27519647327314,105.3127043928674,105.35281115573154,5855997
2014-07-02,106.7163543701172,106.8767686759759,105.63355461337343,105.67365499764068,4441185
2014-07-03,107.71894073486328,107.83924825796116,107.3981121607434,107.51841968384127,4280473
2014-07-07,107.27780151367188,107.63873688420372,106.99707967827574,107.47832258272172,5271430
2014-07-08,105.75386810302734,106.87677469163708,105.67366094558344,106.75646714766886,6073235
2014-07-09,105.5533447265625,105.9944872484456,105.31271688961192,105.9944872484456,7891705
2014-07-10,105.07209014892578,105.43302550179156,104.67105441484958,104.79136194287524,6935615
2014-07-11,106.47570037841795,106.47570037841795,104.75123754074214,105.03195929802486,7395026
2014-07-14,106.91688537597656,107.71896336416874,106.75647105521722,106.79657144320932,5273684
2014-07-15,106.7163543701172,107.47832551514352,106.47573291132912,107.27780444062267,8646999
2014-07-16,108.36061096191406,108.88196064998134,106.91687581972585,107.0371897417394,9803717
2014-07-17,106.7163543701172,108.2001962759026,106.67625398584995,107.9595812015094,7835032
2014-07-18,106.11477661132812,107.39810357399064,105.27259847940068,107.35799681323525,11560506
2014-07-21,104.1897964477539,105.5934309763823,103.1470972418464,105.5934309763823,12382634
2014-07-22,104.35022735595705,104.67106235194096,103.66846336413288,104.55074843039762,7206062
2014-07-23,103.90907287597656,104.63094355345038,103.90907287597656,104.55073640977486,6689874
2014-07-24,104.0293960571289,104.59085249730131,103.86898175547816,104.06949644034424,4592820
2014-07-25,103.42781829833984,104.2298960286354,103.1871968945692,104.14968889404518,5140203
2014-07-28,102.62574005126952,103.1871963749672,102.02418335267538,102.94656858801484,6881717
2014-07-29,102.06432342529295,103.1471297345539,102.06432342529295,102.54557280198534,4700927
2014-07-30,102.8262939453125,103.42785083618234,101.8637952586462,102.5856660814482,5391453
2014-07-31,100.8611831665039,102.50543920317033,100.8611831665039,102.38513167877656,7928158
2014-08-01,101.66327667236328,101.70337705854703,99.25704281629736,100.5403700932906,8387966
2014-08-04,101.34244537353516,101.94400222559348,100.6606749824337,101.58306683747948,5928153
2014-08-05,100.33984375,101.42264988613502,100.05911552384704,100.66067236023488,5778751
2014-08-06,102.02420043945312,102.5455500911754,100.6205657795248,100.78098007476328,9853566
2014-08-07,102.26480865478516,103.06688641162656,101.94398010580603,102.70595110182823,7546786
2014-08-08,102.90647888183594,102.94657926088978,101.46273754801696,102.10440107242472,4784517
2014-08-11,103.42781829833984,104.26999640373378,103.14709013507738,103.62833294261866,5816059
2014-08-12,102.70597076416016,103.70856974825082,102.62576361156027,103.66846297975346,4544723
2014-08-13,103.58824157714844,103.9491769063936,103.06689196477076,103.147099106337,4146137
2014-08-14,103.78876495361328,104.0694867632012,103.18720818616268,103.8288653330998,4866438
2014-08-15,102.8262939453125,104.14972165898436,102.3049442142656,104.06950811476597,5877573
2014-08-18,104.55074310302734,104.55074310302734,103.66845808171934,103.74866523052964,5594210
2014-08-19,104.4705581665039,104.91170077095263,104.4705581665039,104.83149360508884,3367222
2014-08-20,105.71376037597656,105.87417467972551,104.31012564158084,104.59085386533891,6021028
2014-08-21,105.99446868896484,106.07467582577264,105.47311272312376,105.95436192836416,4629168
2014-08-22,104.87158203125,105.75386713948944,104.71116771782378,105.63355959661736,4754241
2014-08-25,105.07209014892578,105.43302550179156,104.35021944319422,104.87156908969048,4560560
2014-08-26,104.31011199951172,105.39291160040209,104.31011199951172,105.152290176248,5490651
2014-08-27,104.79139709472656,105.07212539494628,104.35025444706602,104.47056839984492,4418733
2014-08-28,104.31011199951172,104.63094056505052,104.109590953853,104.3903191408964,2804189
2014-08-29,104.1897964477539,104.63093891059124,103.86896788728818,104.39031749024193,4572621
2014-09-02,103.66846466064452,104.3903354301427,103.3476360450431,103.82887896844524,5086910
2014-09-03,104.06947326660156,104.26999429121122,103.54812371013108,104.18978715824602,4165354
2014-09-04,104.1095962524414,104.7913601811062,103.8288680511105,104.22991016283872,5611299
2014-09-05,104.67108154296876,104.67108154296876,103.46796126013275,103.86900348254343,4390584
2014-09-08,104.59085083007812,105.35282194297052,104.51063729613666,104.83147227871868,4252471
2014-09-09,103.86898803710938,104.71116636390528,103.66846695572174,104.5507520525532,4520956
2014-09-10,104.06947326660156,104.39030818285568,103.66843760177552,104.22989391692526,3987533
2014-09-11,104.35022735595705,104.63095558329488,103.58825621123562,103.90908482282464,4711799
2014-09-12,103.7486801147461,104.1497223007274,103.46795186143828,104.1497223007274,5134131
2014-09-15,103.94918823242188,104.06949576568267,103.26742426262848,103.58825286385016,3202379
2014-09-16,105.1121826171875,105.35280402490392,103.7887552981568,103.94916956996778,5734639
2014-09-17,105.3528289794922,105.874178678565,104.6710649706116,105.55335005894943,6178651
2014-09-18,105.99988555908205,106.60652259189142,105.67634108682184,105.91899461228329,6593346
2014-09-19,106.32341766357422,106.76828565459986,106.16164865562148,106.56607117550332,7980532
2014-09-22,105.47415924072266,106.2425654814235,105.27194470010706,105.9190209287759,4800417
2014-09-23,105.23149871826172,105.716812325778,105.06972966186068,105.11017514511752,4524796
2014-09-24,104.86752319335938,105.19106776937628,103.8969023419359,105.19106776937628,7106968
2014-09-25,103.33070373535156,104.6653081221729,103.24981920629996,104.6653081221729,6403193
2014-09-26,103.65422821044922,103.93732724403004,102.84537658806646,103.45201369527544,6036991
2014-09-29,102.80493927001952,103.20936186882886,102.31962571313584,102.56227927242143,6415858
2014-09-30,103.6138153076172,103.93735346285982,102.4409798373917,102.56230342645068,8513580
2014-10-01,101.75343322753906,103.00715301020492,101.42989513071412,102.84538396179244,8780751
2014-10-02,101.5916976928711,102.11745049280684,101.1468294438243,101.87479684013996,5946682
2014-10-03,102.72404479980467,102.84537479445544,101.71298511819327,102.2791831754805,4519224
2014-10-06,101.99608612060548,103.65422840858793,101.38944901223688,103.53289841158924,6362650
2014-10-07,100.33794403076172,101.8747628617046,100.2975049879624,101.51077928494674,6674099
2014-10-08,102.11741638183594,102.11741638183594,99.73130683187236,100.90414208546473,7703408
2014-10-09,100.21662139892578,102.36007739835614,100.01440686810442,102.03653286137938,7097161
2014-10-10,98.15404510498048,100.58060004075882,97.9113915428964,100.25705551966752,9981831
2014-10-13,96.85989379882812,98.39670624875468,96.65767926235404,98.03272265842654,8149256
2014-10-14,97.4665298461914,99.65042492466787,97.26431531204877,97.79006795016926,8815222
2014-10-15,98.19447326660156,98.67978030517943,95.80836423114845,96.49588575495616,13695870
2014-10-16,98.07317352294922,99.12467886901644,96.90033816067675,97.021668176882,10787392
2014-10-17,100.37837982177734,102.11740657546424,99.893066286846,101.10634690501826,10983513
2014-10-20,101.2276611328125,101.5916446408952,99.93350255609414,100.74235408090996,7067072
2014-10-21,102.92626190185548,103.24980641629624,101.63210315902964,102.19830123056668,6611375
2014-10-22,101.874755859375,103.04759103294556,101.71298682267128,102.48139296617016,6265851
2014-10-23,102.88581848144533,103.89687814545984,102.7240430119558,102.80493396585663,6460283
2014-10-24,103.69468688964844,103.73512593484384,102.76450515208226,102.88583516429492,4290906
2014-10-27,103.20935821533205,103.9373253057321,102.64316015872926,103.7755562719348,4128275
2014-10-28,104.66529083251952,104.66529083251952,103.37112570485044,103.45201022054074,5964981
2014-10-29,103.77556610107422,104.74618683410291,102.68361536204962,104.66530230954324,6015665
2014-10-30,103.81599426269533,104.0182087720557,102.40050557379696,102.80493459251772,5461480
2014-10-31,104.38219451904295,104.8675016257872,103.81599645619568,104.5844090326759,8336363
2014-11-03,103.93733215332033,104.5035238089126,103.04759597050544,103.08803501246284,7325500
2014-11-04,103.93733215332033,104.34175476445766,103.49246406191288,104.05866215581786,4706144
2014-11-05,104.42264556884766,104.74619011553496,103.81600839648944,104.74619011553496,6590738
2014-11-06,106.60655975341795,106.72788333928456,104.624872508916,104.70575704559832,8392139
2014-11-07,106.80875396728516,107.21318303634578,105.9999087057899,106.323446810388,5506759
2014-11-10,107.05139923095705,107.29405277596476,106.68741569428938,106.8087392476372,3396560
2014-11-11,106.68743896484376,107.1727461607139,106.12124079801504,107.05142258090312,3957089
2014-11-12,107.25360870361328,107.57715320617196,106.24254903368691,106.24254903368691,5864156
2014-11-13,106.84919738769533,107.86026360252376,106.64698285706704,107.05141191832358,5305463
2014-11-14,107.0109405517578,107.21315503347196,106.68740253166422,106.88961701337836,3535550
2014-11-17,107.61759185791016,107.90069088226352,106.84918573893287,107.0514002475156,5135904
2014-11-18,109.2353057861328,109.39707482403894,107.94114060625895,107.98157964657928,7673361
2014-11-19,108.87133026123048,109.1948683609045,108.26468666687232,109.1544228792888,7039299
2014-11-20,108.58819580078124,109.07350282083723,108.18376684575676,108.385981323269,4423094
2014-11-21,109.15442657470705,109.59928825766312,108.62867392578096,109.55885565130438,7549707
2014-11-24,109.19487762451172,109.5588612366802,108.42646491512784,109.23532310955864,5008620
2014-11-25,108.6286849975586,109.31620677187274,108.54779402334395,109.23532867428564,5848381
2014-11-26,108.66909790039062,109.07351402031752,108.30511437881984,108.74997597372654,4025029
2014-11-28,107.13231658935548,108.7904593127108,106.93010202070036,108.38603017540056,6507169
2014-12-01,105.23149871826172,106.04035043858006,104.54397700940072,105.79769685397852,10217577
2014-12-02,105.35284423828124,105.95948150824232,105.27195969817406,105.43372877838846,5265108
2014-12-03,106.68743896484376,107.05142258090312,105.5146035840206,105.79770266743496,7169817
2014-12-04,105.51457977294922,106.28298587883046,104.8270581814601,106.20210136443832,6173706
2014-12-05,105.19104766845705,105.7572393012444,104.8675031542661,105.7168002609158,4671777
2014-12-08,103.89690399169922,105.51460758253016,103.57336584885851,104.66531673841648,7851516
2014-12-09,103.45201110839844,103.89687916766916,102.19829788528298,102.9667040100916,6783438
2014-12-10,102.19830322265624,103.6542310319258,101.71298966069138,103.6137919907777,9454521
2014-12-11,102.7645034790039,103.89689330073746,102.36008084206804,102.40051988660508,8534363
2014-12-12,100.66146850585938,102.60270956952736,100.5401385250133,102.52182506173382,10651052
2014-12-15,99.44822692871094,101.22769967314044,98.72026607370128,101.18726062257473,13265484
2014-12-16,99.04377746582033,101.83431585667272,98.67979391752164,99.24599197894456,10096741
2014-12-17,99.7313003540039,99.97396034816686,97.30475191887358,99.52909227661796,16189945
2014-12-18,102.62977600097656,102.67060226858622,100.75190416842688,102.58895623229522,10859756
2014-12-19,104.58930206298828,104.91588621344265,102.05825540018182,102.54813162586336,18093862
2014-12-22,104.95669555664062,105.2016401440776,104.34434708590372,104.71175746813142,7352856
2014-12-23,105.6506805419922,106.14055664475848,104.5076233043506,104.87503363088872,6551927
2014-12-24,105.44654846191406,105.89560474686296,104.91584617051316,105.69148648127003,3727769
2014-12-26,105.24246215820312,105.7323448446172,105.07917009570774,105.4874002519462,3125445
2014-12-29,104.91587829589844,105.52822678125328,104.83423226444631,104.91587829589844,4352316
2014-12-30,104.38518524169922,104.91588774339078,103.77283670120346,104.54847731930762,4629064
2014-12-31,103.16047668457033,104.1810553055523,103.16047668457033,103.77282515694506,5885627
2015-01-02,102.30319213867188,103.93612586686346,101.5275515422986,103.44624314883468,8538620
2015-01-05,100.42527770996094,102.09903049709804,100.0986937024002,102.09903049709804,8770735
2015-01-06,98.26168060302734,100.30284444145356,97.69015836766772,99.85378800706413,13304295
2015-01-07,98.30252075195312,99.56804420022064,97.89428402725832,98.83322329491318,9106535
2015-01-08,99.48635864257812,99.52717839947802,98.5065999909369,99.28224036129932,9019294
2015-01-09,98.098388671875,100.13955251313295,97.77180453693072,100.09873274572897,9000055
2015-01-12,97.89424896240234,98.54742358859528,97.03696254590209,98.26165928345294,8945573
2015-01-13,97.40435791015624,99.32304873776884,96.46541912299853,99.03729097543236,8591202
2015-01-14,97.0777816772461,97.36353946248543,95.5673142465033,96.54707286440936,8732675
2015-01-15,96.26133728027344,97.85344458919852,96.17969125152813,97.40438818163548,6568703
2015-01-16,96.30216979980467,96.54710791848116,95.73064752289297,95.9755856415694,10390099
2015-01-20,97.36356353759766,97.44520956770128,96.13886658711552,97.32274377200976,9298421
2015-01-21,98.13922119140624,98.30251326928295,96.79205180053049,97.28192803416069,7849930
2015-01-22,99.11896514892578,99.44554925522762,97.81261572586338,99.20061117550124,9834098
2015-01-23,99.9354248046875,101.60917797881304,99.15977785900508,99.73130650330508,13299850
2015-01-26,100.38448333740234,100.996838294425,99.60884282367232,100.9151922666075,8174317
2015-01-27,99.52720642089844,99.8537905637516,98.79238560055056,99.56803268821922,8012228
2015-01-28,97.3227310180664,99.97624289601636,97.2002587394968,99.8945968766123,10360866
2015-01-29,98.30252075195312,98.7923970228721,97.07782357572668,97.32276171118616,8437544
2015-01-30,97.52686309814452,98.42497599728188,97.24110522026945,97.48604332941736,11416362
2015-02-02,98.83319854736328,98.8740183102542,97.56767541597912,97.97590553952529,8263540
2015-02-03,99.89459991455078,100.13953798021194,99.03731343527316,99.15977921864015,7871527
2015-02-04,98.62905883789062,99.73128968071994,98.30247480990828,99.64964367372436,6935093
2015-02-05,100.01705932617188,100.01705932617188,98.95564818037332,98.99647443552672,5351640
2015-02-06,100.09871673583984,101.0376492230949,99.8945984346825,100.18036275651735,5732365
2015-02-09,100.58859252929688,101.03764889101086,99.8129520859462,99.89459810635536,5693136
2015-02-10,100.91519927978516,101.24178341375136,100.22119824671488,101.11931111405,5649693
2015-02-11,101.11929321289062,101.32341150994846,100.42529880160636,100.8743551557774,5102894
2015-02-12,101.60916137695312,102.01739141409044,100.87434081117992,101.28257084831726,5534199
2015-02-13,102.67058563232422,102.75223165538569,101.81329914071524,102.01741094890528,6901749
2015-02-17,102.75223541259766,102.91552746469148,101.97659491568824,102.54811709801665,7509644
2015-02-18,103.07882690429688,103.24212546702157,102.67059674480504,103.24212546702157,6414440
2015-02-19,103.0376205444336,103.8615927882594,102.79043083888678,103.1200171129492,6934446
2015-02-20,103.86162567138672,103.90282724802404,102.17248564402172,102.50207202243288,8323489
2015-02-23,103.69679260253906,104.2323735408198,103.40840135300267,103.90278728916068,6421471
2015-02-24,104.60316467285156,104.85035436944044,103.36720963123754,103.49080120019724,8860648
2015-02-25,106.74549865722656,107.36347623687136,104.8091693449175,104.85036435226974,14234844
2015-02-26,106.66307067871094,107.15745653206532,106.33348448225352,106.86906533083096,7980741
2015-02-27,107.07508850097656,108.22864705448076,106.08632308959154,106.41590937382988,10752733
2015-03-02,107.5694580078125,107.61065956887788,106.49829612414511,106.62189424867188,6762530
2015-03-03,106.5395050048828,107.44587382389844,106.2099121697236,107.32227569088,6373020
2015-03-04,105.71552276611328,106.16870713280048,104.93274559540951,106.12750557279747,6581995
2015-03-05,106.3747100830078,106.3747100830078,105.38594465048529,105.55074435479747,5920536
2015-03-06,104.7267837524414,106.20992878736683,104.35599585404232,105.92153747098192,6737031
2015-03-09,105.63313293457033,105.88032263432906,105.015148847169,105.1387469763832,6591865
2015-03-10,103.69679260253906,105.63312822770966,103.69679260253906,105.0563457286369,7812747
2015-03-11,103.7791976928711,105.0151527968191,103.57320298932314,104.14998553578948,7553171
2015-03-12,104.64435577392578,104.68555733448888,103.69679202633642,104.10878139729036,6128301
2015-03-13,103.1612319946289,104.4795838197472,102.2136614963637,104.14999750313528,9453853
2015-03-16,104.8503875732422,104.97398574001222,102.83166124047588,103.24364419858992,7221878
2015-03-17,104.27354431152344,104.60313046586172,103.36717582842574,104.23234276289745,7148555
2015-03-18,105.63313293457033,106.49830016306076,103.44960752336064,103.73799878574732,7992342
2015-03-19,104.35598754882812,105.50954616389056,104.06759625539492,104.80917199317447,7994846
2015-03-20,104.64435577392578,105.1799432678998,104.23237296164112,104.397166086555,10565104
2015-03-23,104.9327392578125,106.04510260668047,104.85034270145216,104.97394081532708,6673953
2015-03-24,104.10877227783205,104.97393938717973,104.10877227783205,104.56195005231416,5383753
2015-03-25,102.62561798095705,104.35595870461592,102.62561798095705,103.94396938253745,7281764
2015-03-26,102.1724624633789,102.6668484775024,101.63688144063616,102.1724624633789,6782436
2015-03-27,102.41963958740234,102.66683584337945,101.80166206479872,102.66683584337945,5909436
2015-03-30,103.49082946777344,103.8204223785868,102.87285177817148,102.91405335152488,5692594
2015-03-31,102.21366119384766,103.36722641591648,102.21366119384766,103.36722641591648,7290841
2015-04-01,102.33724212646484,102.66683494532808,101.22487866030669,101.84286273617424,8085552
2015-04-02,102.74925994873048,102.99644971229156,101.7604877771435,102.21367228967448,6095667
2015-04-06,103.7379913330078,104.68555506000968,102.13124200333388,102.58442636633542,6978724
2015-04-07,103.0788345336914,104.14999661218756,102.9964379552433,103.6968121513876,4436490
2015-04-08,103.0376205444336,103.4908049506043,102.46084456482436,103.2024136814648,4682210
2015-04-09,106.0039291381836,106.41591200366275,102.66684497245674,103.36721912310642,12551004
2015-04-10,117.45713806152344,118.15751229039113,111.23616002534143,111.7717410896133,73595516
2015-04-13,113.8316421508789,116.13877228343382,113.2960611809657,115.6031913135206,32130811
2015-04-14,114.24365234375,114.69684338704414,112.80170230710075,113.21369177966965,11638587
2015-04-15,113.13127136230467,114.73801431915254,113.00767978634404,114.07884175757592,11772736
2015-04-16,112.3896713256836,113.29603996018112,111.97769512261162,112.51327599220848,13012815
2015-04-17,112.26611328125,114.12005265904396,110.90656648242836,112.88409744629496,18319384
2015-04-20,111.31852722167967,113.04887477111852,111.27733877698329,112.5544822613708,12871738
2015-04-21,109.67059326171876,111.4833243237939,109.38220199320573,111.35973275062386,16040335
2015-04-22,110.86534118652344,111.31851898335836,109.58818467931502,110.00016747583273,9818824
2015-04-23,110.61813354492188,111.52450216248084,110.04135113059586,110.32974889642723,7963756
2015-04-24,110.41216278076172,110.98894531989826,110.00017993757118,110.74176217265374,5782861
2015-04-27,110.74176025390624,111.23613965716912,110.45336243066504,111.07134652274816,7557261
2015-04-28,111.73049926757812,111.89529237280628,109.75296888750316,111.03012529102418,8018175
2015-04-29,111.6069107055664,112.26608314412428,110.82413359677592,111.0301282631596,7752631
2015-04-30,111.56575012207033,112.67811385866254,111.11255906612138,111.4833469783188,8969340
2015-05-01,112.51329040527344,112.55447884872102,111.19493228148391,111.60692165466916,5905826
2015-05-04,112.34850311279295,113.74925131354554,112.26609998694194,112.71929094444388,5467301
2015-05-05,110.9065399169922,112.71927729277677,110.6181421287814,112.26608639016172,6332331
2015-05-06,110.45335388183594,111.9777066539227,109.62938171483498,111.23613104775492,5792668
2015-05-07,111.40093231201172,111.73051857943476,109.8353844244129,110.32977038421711,6476496
2015-05-08,112.7192840576172,113.25486499090832,112.14250156391785,112.26609312780394,7766716
2015-05-11,110.9065399169922,112.47208106250147,110.65934368671692,112.26608639016172,6771794
2015-05-12,111.3597183227539,111.60691455440652,110.2061533981588,110.49455118797653,6216002
2015-05-13,112.1012954711914,112.22488703008062,110.9065420890276,111.31851832443766,7756053
2015-05-14,112.92527770996094,113.00768083959592,111.8541157287456,112.55448986128332,5628889
2015-05-15,112.34850311279295,113.04887721316926,112.26609998694194,112.80168095295554,7463572
2015-05-18,112.51329040527344,112.84287665688616,112.10130103208822,112.10130103208822,4692706
2015-05-19,112.67808532714844,112.84287845558156,112.10130281896303,112.3484990702822,6082667
2015-05-20,113.87284088134766,114.12003713721184,112.06010331791444,112.63688583670486,8382707
2015-05-21,114.2024383544922,114.49083620086635,113.50206419768986,114.03764520685284,8411398
2015-05-22,114.03765106201172,114.4496405109335,113.7904678865315,114.07885263037213,4859594
2015-05-26,113.3784408569336,113.62563706781866,112.8016584430929,113.3784408569336,9904188
2015-05-27,113.3784408569336,113.79043016929649,113.13124464604851,113.58443551311504,5284743
2015-05-28,113.8316421508789,113.8316421508789,112.47209550315284,113.2960611809657,5512498
2015-05-29,112.34850311279295,113.2960603560436,112.34850311279295,113.2960603560436,8693071
2015-06-01,112.3896713256836,112.63686754139636,111.52450424669436,112.307281332004,6953122
2015-06-02,112.595703125,112.96649101220316,111.85412735059371,112.14252521694134,5493092
2015-06-03,113.4197006225586,113.54329223276426,112.71932630248736,113.0077110987484,5489128
2015-06-04,112.30730438232422,113.79045574633378,112.10130967984072,112.96647693639972,6961072
2015-06-05,112.4308853149414,112.80167312084755,111.89530438611456,112.3072937520855,6395013
2015-06-08,112.2248992919922,112.71929181624338,112.10130771959912,112.55448556326668,6220801
2015-06-09,112.595703125,113.17248574035392,111.93653048879057,112.38970839684922,6492291
2015-06-10,113.8316421508789,114.037636849667,112.5544855122644,112.71929176516642,6922511
2015-06-11,113.33726501464844,113.87284599529082,112.719294023244,113.58446128161404,6549569
2015-06-12,112.84288787841795,113.2136757276895,112.38969689937944,113.04888258549548,4626164
2015-06-15,112.1012954711914,112.84287105920274,111.68930611844333,112.84287105920274,5946598
2015-06-16,112.14250183105467,112.22489183472882,111.23613308660768,111.93650714586148,5752709
2015-06-17,112.34850311279295,112.88408407880657,111.68931745800283,112.01890372672824,7626245
2015-06-18,113.71961212158205,113.88580697479124,112.30694925484656,112.51469612858668,7862534
2015-06-19,113.17945861816406,113.76114713187604,112.93017299008218,113.30411466111757,12575563
2015-06-22,113.92735290527344,114.25974259392378,113.3872163539882,113.42876837229794,5739188
2015-06-23,114.46749114990234,114.6752380156105,113.80271176276744,113.92735459062672,6783792
2015-06-24,113.2625732421875,114.63368401163896,113.2210212239826,114.46748916773316,6772483
2015-06-25,112.34848022460938,113.63650001732994,112.26537619911872,113.34564915702477,4870611
2015-06-26,112.55625915527344,112.72245402473378,111.80837562824402,112.34851226121908,5378766
2015-06-29,110.68653106689452,112.0576418084574,110.22949194822132,111.76680414476633,6963534
2015-06-30,110.39569091796876,112.016107209843,110.22949607122705,111.43441863178998,7419565
2015-07-01,110.7696304321289,111.64216328189288,109.98020161854356,110.81118245021824,6349045
2015-07-02,111.2682113647461,111.47595820721202,110.52032802343376,110.93581509390935,5425694
2015-07-06,109.31543731689452,110.68655496899886,108.85839809952644,110.22951575163076,5812929
2015-07-07,109.98019409179688,110.31258375593616,107.73654401548757,109.606252412412,6812212
2015-07-08,107.5703353881836,109.02454990398346,107.52878999272234,108.40131605642004,6683593
2015-07-09,108.11050415039062,109.68936855349256,108.06895874250922,108.7337381842721,6345706
2015-07-10,109.14923858642578,109.85557009347464,108.19360815910018,109.64782319806336,5291629
2015-07-13,109.98019409179688,110.22948633990131,109.02456388571186,110.06329150783168,5075622
2015-07-14,110.7696304321289,111.06047471538356,109.481610473756,109.481610473756,4652038
2015-07-15,111.22666931152344,111.30977334751732,110.52033792123036,110.56188332477043,5826910
2015-07-16,112.34848022460938,112.34848022460938,111.5174928853512,112.09918137704952,6392447
2015-07-17,113.17945861816406,113.55340028919944,112.30693246205236,113.26256264679972,8595000
2015-07-20,112.76402282714844,113.05486058474794,112.22388611380808,112.68091876559556,5151158
2015-07-21,111.5590591430664,112.80552708220308,111.35131228172467,112.22385174514272,6110106
2015-07-22,110.64498901367188,112.01611310762486,110.39569673043376,111.68372339664072,5035726
2015-07-23,109.10769653320312,110.52036629086643,108.85840420460086,110.43726884799902,4841211
2015-07-24,106.98867797851562,109.35697110866585,106.65628166665398,109.31541908926172,6494441
2015-07-27,107.81963348388672,107.94428290597897,106.03302924914829,106.11612665905778,7569635
2015-07-28,108.44290924072266,109.02459129922649,107.81966854206712,108.44290924072266,5792105
2015-07-29,109.10769653320312,109.19079397607057,108.2351700758659,108.40136496160076,5005365
2015-07-30,108.52598571777344,109.02457024305536,108.06894659570328,108.9830248398436,4615376
2015-07-31,108.44290924072266,109.23233819877834,108.2351623411708,108.98304588799095,4840439
2015-08-03,107.48726654052734,108.56753971191009,106.36544134818804,108.52599430541083,6798273
2015-08-04,107.61192321777344,108.27670268207642,107.321078894912,107.5703711940256,4587478
2015-08-05,108.44290924072266,109.39853307263655,108.1520649042417,108.40135721502904,5314916
2015-08-06,108.15206909179688,108.7753032001254,107.86122474405468,108.65065373267636,3609479
2015-08-07,107.15484619140624,108.27666444852136,106.40696294369256,107.81962542096916,5407728
2015-08-10,109.02456665039062,109.2738589048167,107.61190392751958,107.61190392751958,4899219
2015-08-11,106.8224639892578,108.15203585188344,106.53162634536125,108.15203585188344,5891637
2015-08-12,107.4457015991211,107.5287990114688,105.32670104811436,106.1161297726456,6567598
2015-08-13,107.15484619140624,107.65343061357842,106.44851495276797,107.07174878771087,3425960
2015-08-14,108.35977935791016,108.44287676995764,106.4485256519059,106.57316846274908,4337313
2015-08-17,108.8999252319336,109.02456805352249,107.19641160195656,107.81964555327102,4011257
2015-08-18,108.31824493408205,108.89993352732888,107.77810836083444,108.73373206178894,4246023
2015-08-19,106.90559387207033,108.15206200707492,106.44855467397424,107.61192537427571,6082479
2015-08-20,104.66191864013672,106.53162701671924,104.62037323979952,105.99149051114124,7229265
2015-08-21,102.16900634765624,104.4126570584666,102.04436349558344,103.45702658213072,13584299
2015-08-24,99.17748260498048,99.8838207906586,80.48043229523063,94.897934534564,19037599
2015-08-25,96.68453216552734,102.79223632723613,96.68453216552734,102.75068430458056,12682065
2015-08-26,99.7591552734375,100.00844756180726,96.6845305401714,99.09436922332732,16477190
2015-08-27,103.91403198242188,103.91403198242188,101.2964469529678,101.50419379141124,13540959
2015-08-28,104.53728485107422,104.57883687208478,102.95842711290524,103.54011572030896,6873851
2015-08-31,103.12462615966795,103.78941222165658,102.12745037391386,103.78941222165658,7721916
2015-09-01,99.21900939941406,101.2133607488484,98.38802856807362,100.71476960426138,13634816
2015-09-02,102.08590698242188,102.12745900863452,99.01128193426334,100.2993021444412,10533429
2015-09-03,101.83661651611328,103.66477341347436,101.3380318792648,102.87534443123508,7003701
2015-09-04,99.71759033203124,100.46547371470194,99.09435638462456,100.46547371470194,7434296
2015-09-08,103.70629119873048,103.78938861076814,100.8394073328344,101.83658289174258,9642859
2015-09-09,102.00279998779295,104.78658704948208,101.71196228938572,104.70348961930036,7222045
2015-09-10,102.5429229736328,103.2908063604079,101.7950462013144,102.04433845875388,7312166
2015-09-11,103.6647491455078,103.70630116274698,101.7950472733366,102.7922229280526,6656947
2015-09-14,102.9168701171875,103.78940298611737,102.21053870980882,103.74785096711533,5474792
2015-09-15,105.11898803710938,105.74222213750078,102.62604502108556,103.45702602642685,9668295
2015-09-16,107.736572265625,108.1520660692042,105.61757767942052,106.07461689468272,12841086
2015-09-17,106.26934051513672,108.7007459643896,105.93397608728206,106.89815215419084,10191912
2015-09-18,103.96368408203124,105.682436631393,103.58639579764528,105.43091333301992,16248371
2015-09-21,105.17938232421876,105.64051167425822,104.13135864734642,104.34096471745131,6180342
2015-09-22,105.26322174072266,105.47282113383646,103.1252572112054,103.7959926206652,9223908
2015-09-23,105.38900756835938,106.18550816064672,104.7182786573644,104.844036991349,8594791
2015-09-24,104.42479705810548,106.68851973508065,103.33485626275994,104.25711488553718,11109065
2015-09-25,104.46673583984376,104.9697824293062,104.21520587145989,104.80210023281872,8127409
2015-09-28,101.90957641601562,103.7121770207006,101.90957641601562,103.50257090241432,8897623
2015-09-29,102.99949645996094,103.125261439908,101.69995614421926,101.9933966413417,8677797
2015-09-30,105.72435760498048,105.80819870212812,103.50255184643608,103.6702340407314,9130698
2015-10-01,105.5986099243164,106.10166326327808,103.9217743593157,105.43092770254708,8288809
2015-10-02,106.77236938476562,106.856210477774,104.08944106119245,104.25712324720924,8904905
2015-10-05,112.4316864013672,114.02467384019248,109.91643359329515,110.5452451269001,21997846
2015-10-06,114.40196228027344,114.9050088385108,113.01858090829452,113.14433921102776,15004766
2015-10-07,116.41417694091795,116.41417694091795,114.527735419026,115.2823120277828,13703048
2015-10-08,117.50414276123048,118.2167956315959,114.98889576613962,115.82730698206689,10665700
2015-10-09,117.67182159423828,118.09103386370748,116.91724484811716,117.29453322117772,9875476
2015-10-12,117.7556381225586,118.09100251017018,117.00106157677996,117.29450207911384,5266548
2015-10-13,116.8333969116211,118.55215634012932,116.8333969116211,117.25260913268302,9014870
2015-10-14,115.70154571533205,116.70765249635213,115.19849899847632,116.288440225318,8160336
2015-10-15,117.50414276123048,118.09103728603408,115.8692308796905,116.53995985243232,16062516
2015-10-16,121.486572265625,122.3669069409428,118.30058453647705,119.93549560415362,29634440
2015-10-19,121.52850341796876,123.9179912834905,120.52241028896204,120.73201636099792,27342329
2015-10-20,120.64820098876952,121.57045994498242,120.31283652238452,120.81588322196204,15681999
2015-10-21,120.94166564941406,122.57657757873552,120.64821170478136,120.69013560363022,13647356
2015-10-22,124.00181579589844,124.67254442278096,121.19311631304905,121.36079846976966,17001036
2015-10-23,123.70841217041016,125.049883315395,123.33113717529407,124.50491274826172,16039271
2015-10-26,123.8760986328125,124.33722138002707,123.289204215834,123.7503269630486,10173821
2015-10-27,123.49880981445312,124.25338644073274,122.53462708672842,123.28920371300804,14106851
2015-10-28,123.20535278320312,124.0018532788669,122.19925953875996,122.9538361457454,14831180
2015-10-29,122.99571990966795,123.163402080569,121.82194471336072,122.28306734651274,8841827
2015-10-30,121.2350845336914,122.95384395288303,121.19316064235105,122.4927078427531,14819474
2015-11-02,123.24724578857422,123.24724578857422,121.06736429120949,121.31888086564211,12416375
2015-11-03,124.04376220703124,124.8821731429492,122.32500310426876,122.4507614078303,19996067
2015-11-04,123.83416748046876,124.88218458319945,123.4988030753794,123.87609136793137,21937459
2015-11-05,124.2533950805664,124.6725939652986,122.87000005375862,123.54072894717606,25580616
2015-11-06,125.4272003173828,125.5529586778234,122.61849905393186,123.41499981378034,26314334
2015-11-09,124.71449279785156,125.5529037461532,123.1634158593626,124.75641668209283,30352447
2015-11-10,126.265625,126.8944301496141,124.12765278830456,124.21150059348544,49967267
2015-11-11,128.57125854492188,129.20007700476188,126.60098205978558,126.60098205978558,41231379
2015-11-12,126.43326568603516,129.53540655332174,126.22365958932164,127.4812828222966,61094507
2015-11-13,126.9363021850586,127.8166370431931,124.96602638879466,125.17561912148442,51571608
2015-11-16,127.27164459228516,128.2777509330291,124.79832263959868,125.25944525810014,59427840
2015-11-17,127.10398864746094,128.90658230971704,125.762517698833,128.15200573532042,90002762
2015-11-18,127.9423828125,128.1519888719512,126.18171326879606,126.68475980309664,37094987
2015-11-19,126.89437866210938,127.90048517949816,126.810544238255,127.35551470887658,20642961
2015-11-20,128.5293426513672,129.912738010268,126.64290050164362,126.85250666798076,43977100
2015-11-23,128.23583984375,129.2000224024326,126.85244515567422,128.23583984375,28251073
2015-11-24,128.5293426513672,129.40967787213464,126.93635447343986,127.145960639777,30438937
2015-11-25,127.27164459228516,128.48734362951885,127.02011467027349,128.4454330986026,11301076
2015-11-27,127.27164459228516,127.35549234872332,126.558992051772,126.89435638291904,6915875
2015-11-30,125.5110321044922,127.64899069568318,125.5110321044922,127.1459439708104,16633832
2015-12-01,126.47515869140624,126.8105364080306,125.21753563280416,125.72059553408847,11318854
2015-12-02,125.63677978515624,126.726720936857,125.2594914366977,126.13982646733172,9206923
2015-12-03,125.88835906982422,126.81061835508508,125.63682895663926,126.1398758356962,13139431
2015-12-04,127.8166275024414,127.9423858021292,125.59482190656716,126.05595791759592,12144801
2015-12-07,127.3135986328125,127.60703915526048,126.26558151286294,127.5232047262636,13913859
2015-12-08,126.55906677246094,127.35556753966767,125.38527757313636,126.05601997874072,11114491
2015-12-09,127.73279571533205,128.23584227174592,125.59482449279022,125.8463544446494,10550039
2015-12-10,128.48731994628906,129.66110823624976,127.31354500362876,127.60698540246872,9824333
2015-12-11,126.85248565673828,128.31971523076265,126.3913628450233,127.10401568414274,13126452
2015-12-14,126.85248565673828,127.69091018321416,124.79837493095091,126.85248565673828,13575410
2015-12-15,127.10398864746094,128.31968793548572,126.6847764733949,127.43935304779151,12383177
2015-12-16,129.87078857421875,130.91880585254776,127.52322399794626,127.69090622858658,15405835
2015-12-17,129.0260467529297,131.1377580453457,128.94157184660793,130.67318640198303,12107430
2015-12-18,127.88574981689452,129.15277961482715,127.88574981689452,128.35032158237618,17349168
2015-12-21,128.39259338378906,129.23728910640796,127.33673717765826,128.47706833490807,8496553
2015-12-22,128.7726593017578,129.36394341398022,127.37893066671904,128.7726593017578,8817309
2015-12-23,130.71548461914062,130.92664508883308,128.89939431322165,128.89939431322165,7464970
2015-12-24,130.2086639404297,130.63101178091188,129.61739310032522,130.50431280762407,2820882
2015-12-28,130.5042724609375,130.92660672370872,129.2794667916284,129.8285134356552,5541585
2015-12-29,132.10926818847656,132.95396420456552,130.926699144811,130.96893663504494,6969397
2015-12-30,131.13778686523438,132.7849268762764,130.9688504625997,132.1091812657377,6077847
2015-12-31,131.5601348876953,132.9961010368498,130.0396938134665,130.33534260408803,10914634
2016-01-04,129.70184326171875,129.9130171634992,127.75906757019231,129.0260975337341,13120985
2016-01-05,129.8284912109375,130.25083884854703,128.6036991984327,129.57509338608034,11513181
2016-01-06,127.7590560913086,129.74406907427004,126.9143605600809,127.8435175761475,13073243
2016-01-07,122.35306549072266,126.5342658547506,121.84625617780988,125.2249983777032,19252709
2016-01-08,120.15689849853516,123.74681520910852,119.6923131317882,123.32448076778108,15544512
2016-01-11,120.70590209960938,126.36530529812822,119.31215994619204,120.53696569421618,12192835
2016-01-12,120.95930480957033,121.9729367295052,119.69227499500626,121.46612749310744,9949593
2016-01-13,119.26995086669922,122.73318161927985,119.10101442110286,122.09965986293692,11626172
2016-01-14,122.733154296875,123.53559887303496,119.48109818703615,119.56557311459989,13612468
2016-01-15,120.32576751708984,121.46609810847472,118.67862781191263,118.84756418317674,14486324
2016-01-19,120.32576751708984,122.01514467686712,119.10096201650484,121.2971617372106,10847674
2016-01-20,118.25631713867188,120.07239378299634,116.06013017835949,117.9606817582992,18375368
2016-01-21,120.7481460571289,122.43752383719992,118.80537035068896,118.80537035068896,11692923
2016-01-22,119.26995086669922,120.6214558786122,117.03153960076186,120.5792184054276,18335013
2016-01-25,118.4252471923828,120.32579867008728,118.25631077738016,119.60781554454104,9358244
2016-01-26,119.56558990478516,120.53698447248212,118.46749637508977,118.55195786737504,8854138
2016-01-27,118.25631713867188,120.70591545868967,117.496096506696,119.10099925912267,9622744
2016-01-28,119.14323425292967,119.73451844853744,117.96067930885424,119.18547171986026,8361069
2016-01-29,122.90210723876952,122.94434470823354,119.69228816089856,120.19909745304425,10761998
2016-02-01,120.95930480957033,122.60644491321752,120.62143198530516,122.52198343072092,9065575
2016-02-02,119.26995086669922,119.4811247854802,117.9184593019283,119.39666328625304,8361466
2016-02-03,121.08601379394533,121.17047527406326,117.70725875216893,119.90344549518188,9235718
2016-02-04,123.23997497558594,124.42254338855932,120.32580485800044,121.0015505527622,11267398
2016-02-05,120.53697204589844,123.32444305247977,119.52334011298724,123.11326917282577,10847236
2016-02-08,118.97428131103516,119.39662902741158,117.24266643160244,119.18545516922336,10035895
2016-02-09,119.43888092041016,120.53697435796214,117.20045657913734,117.20045657913734,7727091
2016-02-10,119.52336120605467,121.2127390942825,119.31218728913346,119.81899662145923,6779974
2016-02-11,115.93341827392578,118.38301660448693,114.4552144714193,117.20046163076596,16807731
2016-02-12,119.35440063476562,119.35440063476562,115.5533112399898,116.4402307540569,12028451
2016-02-16,121.8884735107422,122.60645669307333,120.0301593516002,120.7059185121959,9852773
2016-02-17,123.91569519042967,125.05602590121715,122.98653832761812,123.07101324566352,7982327
2016-02-18,122.81764221191406,123.95797329662858,122.43753185034257,123.74679937940644,6479855
2016-02-19,122.5642318725586,123.02880368574604,121.12825207011426,122.22634557089248,7525419
2016-02-22,124.21137237548828,124.54924523069865,122.56423212098238,122.56423212098238,8036224
2016-02-23,123.40890502929688,124.00018920526334,122.8176208533304,123.36666756376934,6500074
2016-02-24,122.31085968017578,122.6909701250388,119.94573549388632,122.05744823455213,9374875
2016-02-25,124.43943786621094,124.65230231161124,122.52367141239952,122.60882261247625,7487067
2016-02-26,125.1631317138672,125.84428689322756,124.69482736196632,124.73740294937322,6123210
2016-02-29,124.05630493164062,125.80178282650265,123.97115371759158,125.33347825882032,7129232
2016-03-01,127.20667266845705,127.58982603187496,124.7800392184082,125.20576818993791,6746609
2016-03-02,128.4838104248047,128.4838104248047,126.69577092752428,126.78090856536176,7765401
2016-03-03,128.6541290283203,129.4204357201473,127.97297354882672,128.56899137078034,5866096
2016-03-04,129.6758575439453,130.22929968180733,128.65411091377382,128.65411091377382,6893131
2016-03-07,128.95211791992188,129.63327325786864,128.2709490271845,128.8243911279639,5476796
2016-03-08,127.97296142578124,128.6541168407481,127.58980811616438,128.05809907525605,6499386
2016-03-09,127.93035125732422,128.56894445240414,127.58977364186366,128.39865564467388,5179181
2016-03-10,127.4621353149414,128.9521734241423,126.82354174465682,128.44129314599607,6916710
2016-03-11,129.16500854492188,130.18674175903786,128.31355064503185,128.31355064503185,6710489
2016-03-14,128.866943359375,129.29267214579468,128.0580613761352,128.65407896616514,4624015
2016-03-15,128.90956115722656,129.29271447950077,127.84525239748386,127.84525239748386,6030126
2016-03-16,128.4412384033203,129.0372561039325,128.0155230927036,128.73925403102172,6853924
2016-03-17,131.8045196533203,132.44311320838048,128.48386569851812,128.6541546022416,12653958
2016-03-18,131.63418579101562,132.61335681909492,131.54904814563002,132.35791677335507,10928447
2016-03-21,132.35789489746094,132.82619931145146,131.08072198943378,131.3361619929549,5710727
2016-03-22,132.2301788330078,132.99648527232293,131.84702561335024,131.8896012054875,5432726
2016-03-23,132.2727813720703,132.99651236668836,132.01734132199675,132.1450681244294,5682933
2016-03-24,132.44302368164062,132.44302368164062,131.20842657548974,131.59156618378182,5759700
2016-03-28,134.06085205078125,134.9548721005332,132.40052522844337,132.57081411626302,8239398
2016-03-29,134.0182647705078,134.443980132533,133.1668069368728,133.9331135652274,8043882
2016-03-30,135.5082244873047,136.01909076078664,135.08249581534417,135.2102089950185,7322787
2016-03-31,135.3379669189453,136.44485098816344,135.21025369704753,135.76369573165658,7685922
2016-04-01,135.93397521972656,136.3171284139218,133.89049603561455,134.10336042736614,8221203
2016-04-04,132.9539031982422,134.9973824185265,132.35788560174504,134.91224479319166,9374979
2016-04-05,131.88963317871094,132.5282265512136,131.03818890349962,131.7619199261273,6527388
2016-04-06,131.54905700683594,134.10340341713027,130.44217265872223,131.50648140387946,7646047
2016-04-07,130.3995819091797,131.0381752149735,129.88871539741908,130.78273518169783,7003430
2016-04-08,131.08074951171875,132.31536064070775,130.65503415618414,131.54905402403654,5594001
2016-04-11,130.7401580810547,131.97475552565092,130.7401580810547,131.25102458694374,5242948
2016-04-12,131.16590881347656,131.67677540453266,130.186737681191,130.6124666178009,5749746
2016-04-13,131.88963317871094,132.40049974383774,131.71934432366868,131.88963317871094,4943768
2016-04-14,132.05992126464844,132.3153613231203,131.37876584844636,131.9322080128086,4485692
2016-04-15,132.1024932861328,132.40049538394564,131.6767643851501,132.27278213556755,5099722
2016-04-18,132.2301788330078,132.7836208664255,131.54902357796723,131.54902357796723,4397428
2016-04-19,132.61338806152344,132.86882816744247,132.0173701842421,132.57081245140446,4772603
2016-04-20,132.61338806152344,133.4648324899291,132.18765906992326,132.82625255732353,5540166
2016-04-21,131.88963317871094,133.16680636892406,131.33619101112552,132.485650948755,8273744
2016-04-22,130.9530792236328,132.74111954595796,129.03731205342976,132.10253952575465,11788886
2016-04-25,130.6124725341797,131.37877923287184,129.42043687959332,131.16591475492473,7402601
2016-04-26,131.54905700683594,131.88963472090285,130.8678880239097,131.29361694388953,5985451
2016-04-27,131.67678833007812,132.01736609088036,131.2084972976736,131.71936393887697,4787522
2016-04-28,131.54905700683594,132.91136786310364,130.69759916687622,130.8678880239097,6015060
2016-04-29,130.9104461669922,131.84704153315622,130.2718664269839,130.9104461669922,6030877
2016-05-02,131.50645446777344,131.93218330055242,130.39957034637976,130.4421459406156,3587131
2016-05-03,130.3995819091797,130.74015958368673,129.20754649361413,130.4421575071908,5783174
2016-05-04,128.01553344726562,129.50557104192274,127.24922684946578,129.4204198400375,8303624
2016-05-05,127.2492446899414,128.73928249350334,126.86609133732298,128.31355353397316,6614421
2016-05-06,128.22840881347656,128.73927540390343,125.20575776589664,126.3552177604518,5905429
2016-05-09,127.16407012939452,128.10066553553025,126.14233707985989,127.9303766939411,5666073
2016-05-10,129.76104736328125,130.1016251920127,127.63242915631125,127.6750047736019,5661086
2016-05-11,129.16500854492188,130.91047284106835,129.16500854492188,129.8461640209992,4926616
2016-05-12,128.1006622314453,128.56896669982982,127.03635361026716,127.03635361026716,9863374
2016-05-13,126.1849365234375,128.18584095630294,125.75920756162144,127.58982312071922,7358865
2016-05-16,127.54717254638672,128.27090322321743,125.67398248113577,125.80170922748408,5362261
2016-05-17,126.48297882080078,128.10073041260904,125.92953641664548,127.24928577344627,6994374
2016-05-18,126.05719757080078,127.07894426987193,125.29089093519552,126.4403508886034,5801954
2016-05-19,124.992919921875,125.3760733350067,123.715746396368,124.86520663576304,7103859
2016-05-20,125.84432220458984,126.35520228724828,125.29088007736924,125.71660896132086,7304112
2016-05-23,125.54631805419922,126.3126246107944,125.20574037455494,125.67403129536808,4927639
2016-05-24,127.0789031982422,127.58976960527062,126.39773443408288,126.52546120193104,5053858
2016-05-25,128.1006622314453,129.0798332114204,127.54722012185778,127.71750895905464,5771239
2016-05-26,127.80269622802734,128.69671626435044,127.71754500799912,128.01556072330325,4725654
2016-05-27,128.22840881347656,128.52641093586067,127.8878175317324,128.31354646781793,4068723
2016-05-31,128.6966552734375,129.1649596520683,128.0155000551981,128.22836444959495,6321689
2016-06-01,128.18582153320312,128.31353478047896,127.24922609199982,127.8878058831706,4408341
2016-06-02,127.93035125732422,127.93035125732422,127.0789072186728,127.76006244959396,3971111
2016-06-03,127.4621353149414,127.93042642264626,126.90869297594668,127.80271313050794,4966679
2016-06-06,128.22840881347656,128.6966997993363,127.50466420021402,127.71752866825678,3894073
2016-06-07,128.31353759765625,129.4629975127506,128.2709619960323,128.31353759765625,5352370
2016-06-08,129.03726196289062,129.84614413293392,128.39868219057544,128.69668427701703,6080685
2016-06-09,128.73927307128906,129.12242639586512,127.80267756174676,128.39869535050872,5535221
2016-06-10,127.8877944946289,128.90954104622296,127.41950359312489,127.80265685562384,6140925
2016-06-13,126.9937744140625,128.27094743424735,126.82348558169056,127.63236770155014,6877502
2016-06-14,129.59071350097656,129.67586470602362,126.8235026588316,126.95121591160992,9118638
2016-06-15,130.22926330566406,131.59157369231156,129.71839691067126,129.76095894416318,9132138
2016-06-16,131.43035888671875,131.85929932898327,129.02822685413835,129.28560204548026,14109334
2016-06-17,131.25877380371094,131.77351050470176,130.61534268436364,131.47323718601504,11609103
2016-06-20,132.24537658691406,134.34723562521128,132.24537658691406,132.33117288367285,9993057
2016-06-21,132.7172088623047,133.0174685406554,132.41693552647484,132.45983366837612,7518992
2016-06-22,132.03085327148438,133.4034841371574,131.98795514256335,132.97453016289708,7514297
2016-06-23,133.78956604003906,133.87536231459123,132.8458753073533,133.23193122788282,8394267
2016-06-24,127.91294860839844,131.04429420766962,127.61268895304714,129.15691268337503,17875914
2016-06-27,125.76824188232422,127.0550908100094,125.12481058974063,126.7119329169576,11276120
2016-06-28,128.42776489257812,128.6851265414454,127.26959650022008,127.8701297767189,7972665
2016-06-29,131.04428100585938,131.34454063096155,129.97189593590147,130.87270212616144,7484334
2016-06-30,135.03355407714844,135.11933670947005,131.4732538850201,131.51615202992096,11375110
2016-07-01,135.0764617919922,135.67699495142995,134.34724783320434,135.0335772971971,6823313
2016-07-05,134.90481567382812,135.2479734062316,133.4892866132949,134.04692134281942,6752410
2016-07-06,136.1488800048828,136.4062416653831,134.1328029385448,134.1328029385448,6699284
2016-07-07,136.4919891357422,137.69304165564887,136.1488312729117,136.44909098851818,7828563
2016-07-08,138.12197875976562,138.4222384383007,137.22118606668133,137.22118606668133,8040105
2016-07-11,138.16485595703125,139.40880628200551,138.03617520823445,138.37933297667723,7924798
2016-07-12,138.37937927246094,139.3659547724303,137.8217442978115,138.59385636386173,7948148
2016-07-13,138.80831909179688,139.3230695715334,138.3364804191002,138.37937856865852,6774090
2016-07-14,139.96649169921875,140.35254774273156,139.36595855847864,139.4088567094205,7069013
2016-07-15,141.0388641357422,141.33912384958975,140.43833105056638,140.52411368703108,8828243
2016-07-18,141.16749572753906,141.29617646613602,140.09512437178722,141.08169946349045,7984476
2016-07-19,141.2533416748047,141.339137977326,140.3525487857414,140.48124323952334,7002220
2016-07-20,140.60987854003906,141.55356927502208,140.26672075595025,141.3819903829777,7419565
2016-07-21,139.794921875,140.91019192737144,139.3659676525547,140.39545505492683,8848608
2016-07-22,137.52145385742188,137.56435200188,135.93434542979082,136.10592435014337,12053115
2016-07-25,135.7198944091797,137.60727655272004,134.60462438413154,137.5643784000299,9541846
2016-07-26,134.99063110351562,136.10590072092626,134.3043018837785,135.84852555634012,7700445
2016-07-27,134.17572021484375,135.37678699322626,133.48940414576097,135.07651346988683,8191343
2016-07-28,134.04698181152344,134.30434339818427,133.31776788684817,133.83250471765157,6321940
2016-07-29,133.57510375976562,134.81906793325803,133.4464229912068,134.1756367755055,10443997
2016-08-01,133.6180419921875,133.918301761407,133.0604069511489,133.4893611850196,6500847
2016-08-02,133.1890411376953,133.66089336128564,132.97456409583413,133.44641631942443,5634002
2016-08-03,133.5322723388672,134.00411111607042,133.1033180632391,133.1033180632391,4174494
2016-08-04,133.7038116455078,134.04696950119586,133.36064013233923,133.8324924270207,4234526
2016-08-05,134.17572021484375,134.90493445261612,133.91834486019388,134.13282204615416,4502365
2016-08-08,134.1327667236328,134.69040171414017,133.87540513261834,134.26146117662205,4263822
2016-08-09,134.2613983154297,134.475861655036,133.61796732418392,133.96112505652476,4195944
2016-08-10,134.1327667236328,134.43304012312572,133.83250698162195,134.04698407912198,3868199
2016-08-11,134.2185821533203,134.56174009523158,133.83252605429917,134.30436481005614,7926280
2016-08-12,134.0040740966797,134.17565302803436,133.74669887090732,133.83249516532504,4450136
2016-08-15,134.0040740966797,134.4759127435348,133.91827780226197,134.26144932245208,4080032
2016-08-16,133.78956604003906,134.21852009784465,133.31772750243502,133.57508901113627,4670609
2016-08-17,134.2185821533203,134.39016112427595,133.74672974007936,134.08990133947458,3672056
2016-08-18,134.81910705566406,134.81910705566406,133.7896196360146,134.04699490529777,5851135
2016-08-19,134.04698181152344,134.69039943565727,133.7467084171101,134.347241548455,5162884
2016-08-22,134.34719848632812,134.81905067310046,133.31772515469697,133.703781068428,4269331
2016-08-23,133.9611358642578,135.41956317310732,133.9611358642578,134.90482653306807,6701538
2016-08-24,133.91827392578125,134.47590885091245,133.70381051090652,134.13275099813637,4599977
2016-08-25,133.87538146972656,134.26143744549367,133.53222363737348,133.7895851828985,3553077
2016-08-26,133.9611358642578,134.94772466744053,133.5750799698592,134.13271474427088,4645987
2016-08-29,134.518798828125,134.90485480342463,133.70380239164325,133.74668687752575,4433840
2016-08-30,134.56167602539062,134.99063007728063,134.2614163835541,134.43299527281462,3784692
2016-08-31,134.0040740966797,134.4759127435348,133.78959701811618,134.21855117524322,6972715
2016-09-01,133.83250427246094,134.21856030864976,132.80301695679688,133.61802717930252,8608480
2016-09-02,134.2185821533203,134.90489803714283,133.9612068681449,134.04700318236468,4341736
2016-09-06,133.1890411376953,134.43300524899453,132.1166695858678,134.30431082939074,8545902
2016-09-07,133.23193359375,133.23193359375,132.11666394963314,132.9316739424408,5689568
2016-09-08,133.1461944580078,133.18907895257297,132.54566130178952,132.97460184981773,6313322
2016-09-09,129.1569366455078,132.20248653258085,129.1569366455078,132.20248653258085,9310440
2016-09-12,130.7869110107422,131.13006878365888,127.99873703394748,128.6850525797809,8640134
2016-09-13,128.0416259765625,129.75742837542887,127.48399122124164,129.62873397671743,9403607
2016-09-14,127.3982391357422,128.68508796678793,127.26955834988192,127.87009144636484,10657959
2016-09-15,128.60865783691406,129.04095973277543,127.18208085026892,127.74406780926088,7324018
2016-09-16,128.3061065673828,128.60870975820956,127.70088642165422,128.08995553218867,13549410
2016-09-19,127.2253189086914,129.5165000270679,127.09563382631568,128.7383620046705,6364465
2016-09-20,128.26280212402344,128.8247889966913,128.04665120929465,128.26280212402344,6186101
2016-09-21,129.04090881347656,129.34351176273125,127.91693533901046,128.60860708820064,6057794
2016-09-22,129.86231994628906,130.16493678630957,129.38679886064233,129.51648392689694,6130471
2016-09-23,129.21389770507812,129.9055698340813,128.86806164057654,129.7758847509111,4762024
2016-09-26,127.70083618164062,128.8680430540419,127.61437029595032,128.8248101111967,5405558
2016-09-27,129.17066955566406,129.5597385837031,127.39824245414484,127.96022952085988,5319193
2016-09-28,129.25714111328125,129.4300591595241,127.96023512035087,129.34359325436628,5581836
2016-09-29,127.65763092041016,130.12173026400023,127.26856187857632,128.86807099813157,8111467
2016-09-30,128.04669189453125,129.04098091257958,127.87377386061917,127.96022599553932,7536875
2016-10-03,128.13316345214844,128.39253363243498,127.095641438785,127.35502538314395,4130278
2016-10-04,127.52793884277344,128.60868000464,127.31178785758574,128.43576196930425,6495171
2016-10-05,127.52793884277344,128.39252901945233,127.09563687239805,127.61439097840535,5203386
2016-10-06,126.5336456298828,127.52793462321912,125.9716585926182,127.09563266714744,5860880
2016-10-07,125.7123031616211,126.27429032627246,125.0206308863808,125.62585100925334,7895794
2016-10-10,124.76121520996094,126.7065601950215,124.5450642378352,125.3664351790988,7090734
2016-10-11,125.0206069946289,125.49612815196468,124.02631796592618,124.28570190160966,6456464
2016-10-12,124.93412017822266,125.45288796273742,124.5450512218714,125.020586063665,4748043
2016-10-13,124.37206268310548,124.93404932756664,123.89654187505148,124.41529560130904,5924459
2016-10-14,124.89095306396484,125.4961594580804,124.58833610283168,125.19355626102264,5880390
2016-10-17,124.71802520751952,125.3232315541886,124.0695721394214,124.9341624661446,8290687
2016-10-18,125.27995300292967,125.71224107943488,124.93410327203064,125.4960901591484,5751228
2016-10-19,125.62580871582033,126.31748075820092,125.4961098848215,125.62580871582033,6090429
2016-10-20,125.66905212402344,126.23103914627217,125.19351723223625,125.79873720175128,5932952
2016-10-21,125.27995300292967,125.36640511260362,122.47000480327316,122.94553958071698,13386341
2016-10-24,125.0206069946289,126.27426619494317,124.93414109471044,125.36644306615892,6497675
2016-10-25,123.85340118408205,125.4096772857951,123.7237160969633,125.10706039708865,5525518
2016-10-26,124.804443359375,125.6690472146402,123.421085449393,123.59400346763194,5082424
2016-10-27,123.7668914794922,125.19346806646888,123.6804256189163,124.89086508258464,5306882
2016-10-28,126.31748962402344,127.91699853938049,124.80444660206771,124.84767954876838,14162063
2016-10-31,125.79872131347656,128.17635417990624,125.75548837167054,127.44144922548126,9090093
2016-11-01,124.8476791381836,126.23103707955885,124.11277410297292,125.36643320467272,6679440
2016-11-02,123.1616668701172,124.76116135083558,122.77259804106524,124.76116135083558,6442087
2016-11-03,122.2538833618164,123.63722740695933,121.8648144081026,123.63722740695933,4799374
2016-11-04,122.94558715820312,124.54508256478744,121.99453099934352,121.99453099934352,7483645
2016-11-07,126.70650482177734,126.79297067846878,124.63147566589848,124.71794152258992,8608188
2016-11-08,127.18211364746094,128.04670389807103,126.620112779473,126.96596264379014,7476237
2016-11-09,128.0898895263672,128.86802734645497,125.66902395502076,126.74976481000137,11277456
2016-11-10,131.4618377685547,133.32071682348914,128.95450580967832,129.0409717024989,16969403
2016-11-11,132.75872802734375,133.0181119382471,131.28891798172282,131.8076720394589,8912459
2016-11-14,131.8941192626953,133.36392910027791,131.80765338327578,132.88839429160785,7875012
2016-11-15,132.93165588378906,133.0181217818457,130.7269406522045,131.7644488444543,8385295
2016-11-16,132.8883819580078,133.06131370079677,132.02379206439997,132.49931306486744,5272015
2016-11-17,133.10458374023438,133.4504198298437,132.54259665360107,132.71551469840574,3721301
2016-11-18,132.58583068847656,133.5801197772769,131.93737769210952,132.93166678090986,5964376
2016-11-21,133.45037841796875,133.49361135677216,132.19671954114804,132.672254339849,4619007
2016-11-22,134.79051208496094,135.049895970864,133.49362018358426,133.70977112782523,5784384
2016-11-23,135.48223876953125,135.65515682432448,134.79055278628485,135.04993675051145,5064876
2016-11-25,135.91452026367188,136.13067126242976,135.26608103147095,135.95775321623802,2746306
2016-11-28,135.09315490722656,135.8712929505962,134.92023687137464,135.4389909789304,4609909
2016-11-29,134.22853088378906,135.5254228407041,133.92592780733452,135.22281976424955,6556935
2016-11-30,132.97491455078125,135.17963020876803,132.9316815933915,134.79056112040868,9522691
2016-12-01,135.6983642578125,136.00096735577074,132.36966135991733,132.45612725308877,9327613
2016-12-02,135.48223876953125,136.13067803398752,135.1364026599448,135.56869091489114,4465577
2016-12-05,134.48788452148438,135.95769415768126,134.2717336166201,135.8712420541756,4619424
2016-12-06,134.74728393554688,135.0498869788946,134.05559820721604,134.83373604904548,3666882
2016-12-07,136.6061553955078,136.6061553955078,133.7097551121191,134.05559107585285,6864357
2016-12-08,136.3035430908203,137.03844797896195,135.7415561902374,136.60615989209916,5872815
2016-12-09,137.3843536376953,137.98955995845392,135.5254604276945,135.95776245458526,6515975
2016-12-12,137.7301788330078,138.2921659177766,136.8655748477804,136.90880779985628,6477017
2016-12-13,137.2114715576172,138.33544611098864,136.64948428093143,137.90314397074508,7198926
2016-12-14,136.1738739013672,138.24890375781925,135.91449000778454,136.64940874559042,9113379
2016-12-15,135.13638305664062,138.1192362742138,134.57439601906785,136.1306582864507,9051219
2016-12-16,137.25462341308594,137.7733912324632,136.0009643384104,136.26034824809904,15018704
2016-12-19,137.98951721191406,138.33536698473318,137.0816942479288,137.2978451944147,7293116
2016-12-20,139.4161376953125,139.9781247704391,137.94632746253097,137.98954664979271,8308549
2016-12-21,138.89732360839844,139.37284457557047,138.55147391110393,139.19992660895642,5835173
2016-12-22,138.59243774414062,139.15865402100025,138.4182184180033,138.9844346948629,5048329
2016-12-23,138.85382080078125,139.11515683862396,138.3747209103387,138.8102763508568,3127553
2016-12-27,138.94094848632812,139.59426783140648,138.72317074874857,138.89739016528014,3266793
2016-12-28,138.06982421875,139.24581556765543,137.93916313586905,138.67959905162604,3940730
2016-12-29,138.1133575439453,138.85379332572023,138.06979923498056,138.24403247083956,3357811
2016-12-30,137.63427734375,138.50537430878367,137.24228024257025,137.76493842159044,5311535
2017-01-03,138.0262908935547,138.67961022827154,136.76318280915797,137.9391742528404,6708382
2017-01-04,138.06982421875,138.63605460243838,137.72138541929485,138.28760193532423,4474320
2017-01-05,137.2858428955078,138.2876009700341,136.37117371874896,137.503606742903,5395334
2017-01-06,137.67784118652344,138.3747187865292,136.5889526019407,137.5471662357781,4615772
2017-01-09,137.02447509765625,137.8955718882681,136.8938140459784,137.80846914303476,4436678
2017-01-10,136.6324920654297,137.72136663210355,136.6324920654297,137.0244891282574,5676131
2017-01-11,137.06802368164062,137.28580133076017,136.06625204275255,136.06625204275255,5922894
2017-01-12,136.71961975097656,137.06805853109628,135.58718678175836,136.98094190223725,6242356
2017-01-13,136.5889129638672,136.98090996702774,136.10981321981262,136.5889129638672,5075455
2017-01-17,136.19696044921875,136.98095471163026,135.717860548667,135.76141886716974,6015165
2017-01-18,136.02268981933594,136.50180340712222,135.58714840130347,135.93558708279116,5154246
2017-01-19,135.93560791015625,136.50182432124015,135.23871657275242,136.1098272775931,7866123
2017-01-20,132.97390747070312,134.585454639316,131.97213528123194,133.9756796601743,17434281
2017-01-23,129.57656860351562,132.8867647324862,128.83613273275736,132.84320641828674,12330552
2017-01-24,130.66542053222656,130.92675650432363,129.88142648359107,130.05564584243723,7029095
2017-01-25,132.27700805664062,132.71256352298354,131.62367485712628,132.49478578981208,7956640
2017-01-26,132.05918884277344,132.7996245823844,131.23163649019378,132.5818469176184,5585279
2017-01-27,130.708984375,132.5818529626627,130.40410395102006,132.4076335964375,6261031
2017-01-30,130.49122619628906,131.1010010030084,129.6636875499956,130.49122619628906,5469409
2017-01-31,129.3588104248047,130.2299213696415,128.48771334762813,130.0121436334323,8075932
2017-02-01,129.31521606445312,129.83788803275294,128.7489996551753,129.48943543133427,5358922
2017-02-02,129.27169799804688,129.4023590829517,128.48770375329963,128.83614255815192,4529950
2017-02-03,129.3588104248047,129.7943658972231,128.66193276306345,129.7508075764492,6490288
2017-02-06,129.18455505371094,129.57655209625176,128.79255801117012,129.27167167101172,4950529
2017-02-07,128.74900817871094,129.83789662837594,128.61834711181405,129.5765606269249,4961630
2017-02-08,128.1827850341797,128.66189870052924,127.44234924769088,128.53122377280306,6715038
2017-02-09,128.8797149658203,129.3588149079564,128.31349837911728,128.5748205774967,4520873
2017-02-10,129.4458465576172,129.5765075710141,128.7054110356153,129.53294927733126,4754804
2017-02-13,130.83966064453125,130.9267772716004,129.48944999856485,130.14278309860973,7724671
2017-02-14,131.88497924804688,131.88497924804688,130.31699103977678,131.2316462053821,7309078
2017-02-15,132.1898956298828,132.1898956298828,131.44945963409438,131.92857343587542,5315103
2017-02-16,132.62538146972656,132.71249806709187,131.97204859244627,132.18982621820635,5411130
2017-02-17,132.27700805664062,132.58188856248464,131.53657208445372,132.45122746964577,4559141
2017-02-21,132.93031311035156,133.23520745110667,132.1463327698663,132.4512132429629,6310150
2017-02-22,132.10275268554688,133.06096613008157,131.7978583950344,132.93029120515212,6285841
2017-02-23,131.79541015625,132.05881654735828,131.0490687510046,131.88320762719837,6040329
2017-02-24,132.5417938232422,132.5417938232422,130.74178434483034,131.00520479819497,5701420
2017-02-27,131.44422912597656,132.36617970956777,131.26862015663858,131.92715029708924,4918541
2017-02-28,130.8734893798828,132.05884636403013,130.25885103141653,131.66373668815856,8161171
2017-03-01,132.5417938232422,133.24422972785774,130.91739332098422,131.6198432038674,7696084
2017-03-02,132.5417938232422,132.71740279939607,131.70764070281052,132.71740279939607,5767504
2017-03-03,132.23446655273438,132.67348195399703,131.92714039575787,132.54177873144482,4164269
2017-03-06,131.70762634277344,132.05884425678803,131.35640842875884,131.70762634277344,4886991
2017-03-07,131.09303283691406,131.66377961521138,130.7857205516194,131.40035910047962,6256295
2017-03-08,130.82958984375,131.44422822133637,130.52226366582337,131.2247135166079,6741538
2017-03-09,130.21493530273438,130.9612768192085,129.7759059477736,130.610058926546,5412736
2017-03-10,132.93692016601562,133.59545034516233,130.0832567737548,131.00520741152096,12355279
2017-03-13,131.09303283691406,132.84913698582716,130.7857205516194,132.71743371759672,6299049
2017-03-14,129.6881103515625,130.78566977667592,129.38078420731023,130.65396655957665,4757830
2017-03-15,130.65399169921875,130.9613039243367,129.38080910197434,129.73204104559676,5246349
2017-03-16,130.6100616455078,130.91737381341864,130.03932906348376,130.82957632755793,4425097
2017-03-17,131.1807861328125,131.8832218894155,130.69786504471412,131.04908292301562,9105805
2017-03-20,130.5660858154297,131.356332655238,130.34657125123206,131.26853521651375,3938998
2017-03-21,129.02957153320312,131.09298724986655,128.81005684364044,131.09298724986655,5599405
2017-03-22,129.6442108154297,130.43445811232198,128.67835456125758,129.77591403882303,5425360
2017-03-23,130.0393829345703,130.5223042525267,128.98571481988247,129.51255586636205,5148737
2017-03-24,130.4783477783203,130.87347137810855,129.64419485026414,129.9076152428778,5817541
2017-03-27,129.24913024902344,129.55644253213163,128.41497694020003,129.29303599754482,6048425
2017-03-28,130.0393829345703,130.5223042525267,128.41498200142237,128.67840252466218,5810759
2017-03-29,130.30279541015625,130.43449867450633,129.33693885562457,129.60034538432473,5750477
2017-03-30,131.13690185546875,131.66374273736886,130.08324804820248,130.214951279544,7503760
2017-03-31,130.82958984375,131.88324365252635,130.56616940242242,131.0929963068106,10599304
2017-04-03,131.1807861328125,131.70761295026475,130.6100535860064,130.65395931536025,6241563
2017-04-04,131.79541015625,132.10272227196407,130.39052481670757,131.26858339577026,5228488
2017-04-05,131.57591247558594,133.55153055493062,131.48810101505285,132.10273930398952,5391307
2017-04-06,131.40032958984375,132.49788919456668,131.35642385087058,131.7076418061205,4496668
2017-04-07,131.66378784179688,132.54183298197978,131.35646155902904,131.35646155902904,3959509
2017-04-10,131.75152587890625,132.7173820861449,131.53201119840674,132.01494629115876,3861334
2017-04-11,131.8832550048828,132.14667546888532,131.0052100886548,131.7076460216372,4598954
2017-04-12,130.69789123535156,131.26862389652717,130.17105033406065,131.18081242022285,5642494
2017-04-13,129.7759246826172,130.82959249098064,129.73203292339696,130.39056307264025,4172824
2017-04-17,130.12713623046875,130.39054265761808,129.7320126114797,130.03932476924226,4543951
2017-04-18,131.00514221191406,131.2685625394325,129.86367742310236,129.95147488010122,5363993
2017-04-19,131.70762634277344,131.97104676741745,131.13689373793318,131.22470520556988,5549243
2017-04-20,132.89300537109375,134.0783763867071,131.83935156494871,131.92714905966065,7737524
2017-04-21,129.7320556640625,133.3759669271855,129.29302616876487,132.89303168670415,15096994
2017-04-24,129.7320556640625,131.4003481766159,129.46863517122998,131.04913017168568,10137889
2017-04-25,129.29298400878906,129.9515140587317,128.72225144231504,129.29298400878906,8316040
2017-04-26,128.4587860107422,129.7319678900423,128.4587860107422,129.60025074360834,7797368
2017-04-27,127.66858673095705,128.6783486728079,127.40518029622407,128.59053720905328,6873288
2017-04-28,127.27345275878906,128.01979422699637,127.01004634545964,127.75638781366696,5024416
2017-05-01,127.05394744873048,128.0637093828664,127.010055695454,127.36127359125813,5011187
2017-05-02,127.27345275878906,127.53687315038285,126.92223488884024,127.36126421540844,7044432
2017-05-03,128.3271484375,128.59055490848868,126.65885620092456,126.9661684098338,5611612
2017-05-04,128.1954345703125,128.67835571258635,127.53689049092137,128.5027467537353,4092740
2017-05-05,128.28323364257812,128.37104511221966,127.80031249434896,127.88810998572409,3532044
2017-05-08,127.62466430664062,128.41489739919643,127.31733823562136,128.01977386378746,4513424
2017-05-09,127.01010131835938,127.71253736228752,126.70277506543802,127.66863161497442,4974233
2017-05-10,126.0002899169922,127.0100518203198,125.56126057149932,126.96614609011752,5435063
2017-05-11,126.74669647216795,126.8345079776432,125.12229544705316,125.91254308324176,5845752
2017-05-12,124.1125030517578,124.9027504080961,122.26858789421276,124.50762672992695,14279415
2017-05-15,123.71737670898438,123.98078316991248,122.79542613920226,123.23444156683806,8297970
2017-05-16,123.1027603149414,124.15642828157462,122.92715131688075,124.02471104932712,6157451
2017-05-17,120.3368911743164,126.3515446393628,120.3368911743164,122.13690083301076,10946789
2017-05-18,120.64420318603516,121.3905448160932,118.97589697459487,119.6783468450893,10109177
2017-05-19,123.1466293334961,123.67345617056456,120.73198186830156,120.95149654497972,10117753
2017-05-22,123.71737670898438,124.24420360910749,123.19054980886128,123.93689141193572,5803039
2017-05-23,124.15637969970705,124.15637969970705,123.41002427715831,123.84905358965428,4982246
2017-05-24,122.18080139160156,125.12226239567308,121.25885071900798,124.33202894649888,11205008
2017-05-25,120.68811798095705,122.48811358443707,120.38079177134377,122.00519236685682,8190905
2017-05-26,120.51248168945312,120.95151109562534,119.81004582219111,120.55638742572371,6390068
2017-05-30,120.11735534667967,120.51246498354276,119.23929665605522,119.89784067402356,7602749
2017-05-31,120.20513916015624,120.46855953304284,119.3709862945682,119.98562451246131,7430561
2017-06-01,121.6978530883789,122.40030293615442,120.73199677867112,120.77590251508217,6758085
2017-06-02,122.40031433105467,122.66372081750886,121.25884894770464,122.35640859055624,7722083
2017-06-05,122.8393096923828,123.2344333356504,122.09296813915871,122.4880917824263,9078783
2017-06-06,122.61981201171876,123.1027331552732,122.09297115550228,122.83931272716497,7036336
2017-06-07,121.52224731445312,122.75152409666391,120.2929845105096,122.70761835909911,9084960
2017-06-08,121.1270980834961,122.1368599431605,120.8636916702023,121.52222168170113,8538411
2017-06-09,122.66368865966795,122.79540584663197,121.12709997120464,121.30270890889204,5292255
2017-06-12,127.05394744873048,129.38078348126456,126.13199697767828,128.37103552539403,29022706
2017-06-13,124.90274047851562,128.01980994060995,124.41980536436054,127.84420098408069,12274276
2017-06-14,125.95641326904295,126.4393484562437,124.55152742604872,125.03446261324945,8580248
2017-06-15,128.12574768066406,128.17002379167224,125.86783517344372,126.08920163230157,9988258
2017-06-16,128.39141845703125,128.4356945777665,126.7090527347666,128.3028803117469,17019649
2017-06-19,127.50596618652344,128.39141811795955,127.24032355899956,128.2143277316723,6365174
2017-06-20,124.5396728515625,127.15178061912351,124.31830635300456,127.1075045001748,9920401
2017-06-21,122.9900894165039,124.80528295483693,122.41454230866884,124.76100684742302,7044036
2017-06-22,121.97183990478516,123.21148664504166,121.92756378630769,122.94584403036228,7592087
2017-06-23,122.06039428710938,123.03439842980588,121.7504755485053,123.03439842980588,6622204
2017-06-26,122.23748779296876,122.54739244330987,121.75047866107718,122.14893555219354,5947203
2017-06-27,120.46656036376952,122.14892594044078,120.42228424686596,121.83902131448566,8623879
2017-06-28,119.89102935791016,121.30776661726256,119.7582150854101,120.6879431852842,6471822
2017-06-29,119.62538146972656,121.35202332124094,118.60711526491112,120.2452048745183,7664597
2017-06-30,119.58111572265624,120.37801539408414,119.13838271927402,119.93529648688772,5478256
2017-07-03,121.5290756225586,122.14889883310234,119.8024343121608,120.24516719057516,4312002
2017-07-05,121.08637237548828,122.01610026249536,120.55510131093904,121.92754803697868,4438284
2017-07-06,116.48202514648438,119.75822595092404,115.5522969622572,118.91703592433424,15993094
2017-07-07,115.77362823486328,116.43772064003592,115.02099064554044,116.2163612037066,8459808
2017-07-10,115.28661346435548,115.9507057961778,114.44543078379272,115.68507027306718,9756038
2017-07-11,116.79190063476562,117.10181228266651,114.71107132579544,115.24234944335298,8607645
2017-07-12,117.67736053466795,118.6956336177764,116.74762558251648,117.50027017657014,10638908
2017-07-13,118.60708618164062,118.78417652584504,117.3231635659302,117.6773513024304,5794045
2017-07-14,118.56282806396484,119.09409917720076,118.34146157607032,118.3857376928862,4394069
2017-07-17,118.73992156982422,119.0055641815477,118.29718858234683,118.47427895810074,5779022
2017-07-18,119.0498275756836,119.18265593116914,118.38574218299765,118.47428032380256,5455700
2017-07-19,119.27117156982422,119.66962836873562,118.82843866077094,118.87271477091284,5173234
2017-07-20,118.16437530517578,119.75820279637264,117.76591843237657,119.62537444131596,11509404
2017-07-21,114.71107482910156,115.153807781936,111.8333388280461,112.36460991373691,18915198
2017-07-24,112.58594512939452,114.44540750919585,112.23176450394293,114.1354959378806,11867093
2017-07-25,112.63024139404295,113.91415696327954,112.27605365709655,113.20578853747809,9636328
2017-07-26,113.29434967041016,113.73707559384944,112.3203455907514,113.29434967041016,8499516
2017-07-27,114.1798095703125,114.22407863899986,112.98443899436708,113.29435066754836,8323113
2017-07-28,113.02873229980467,114.57828385326428,112.45317793460296,114.48973865433176,5902383
2017-07-31,113.38288116455078,113.73706186053624,112.85160307248104,113.07296953151774,6388461
2017-08-01,112.63024139404295,113.60424533648568,112.14323942282162,113.47142405411935,8745299
2017-08-02,112.98442840576172,113.20579487272995,112.40888123011769,112.63024769708592,5714629
2017-08-03,114.04698944091795,114.13553462729573,112.32034773441283,113.29435183266074,6451143
2017-08-04,114.13553619384766,114.44544787446972,113.42717469310304,114.00272193650436,4864539
2017-08-07,113.47145080566406,114.17981939846746,113.11727003330888,113.95845289169895,3937537
2017-08-08,113.16153717041016,114.6225434035273,112.98444678726132,113.47144886496704,5663840
2017-08-09,113.82563018798828,113.86990630803852,112.71881176384824,113.1172686519284,6191213
2017-08-10,112.01041412353516,113.825600660958,111.8775998940232,113.825600660958,6192861
2017-08-11,111.56771087646484,112.67452923767662,111.52343475893193,112.45316274619724,4009922
2017-08-14,112.27606201171876,113.11725178248066,111.78906000425889,111.92188129650864,5068840
2017-08-15,111.30207824707033,112.0989920493753,111.12498785724549,111.61198995331038,5703757
2017-08-16,111.1249771118164,111.78906953349052,110.90361062189416,111.21352229816678,5732741
2017-08-17,109.57542419433594,111.12497550520348,109.44260994077682,110.99216125164436,6514785
2017-08-18,108.68997192382812,109.53116180543252,108.20296985219665,109.04415973380102,7151497
2017-08-21,108.42431640625,108.91131838829068,107.67167890166664,108.42431640625,9609933
2017-08-22,108.91133880615234,109.53116218970986,108.38006766146836,108.77851749593492,6253415
2017-08-23,107.98162841796876,108.73426618659602,107.7602618808099,108.55717577610656,7205853
2017-08-24,107.58313751220705,108.64568668784922,107.58313751220705,108.15868468867606,5330878
2017-08-25,108.42431640625,108.91131838829068,107.8044931388922,107.98159053534556,4771643
2017-08-28,108.33577728271484,109.22123612206892,107.8044991598656,108.60141282009349,4994870
2017-08-29,108.20294189453124,108.2914870621228,107.4945805537988,107.71593994873216,4989131
2017-08-30,107.49462127685548,108.42434941282876,106.91907394542558,108.42434941282876,7068637
2017-08-31,108.68997192382812,109.35406437639963,107.49460832843654,108.07015559053804,11535738
2017-09-01,111.30207824707033,112.01044685446288,108.42434179218368,108.91134388824858,12279368
2017-09-05,109.57542419433594,110.94788513506305,108.77851048061152,110.94788513506305,9293476
2017-09-06,110.32807159423828,110.77079753064336,109.8853386097406,110.19525028927046,11481632
2017-09-07,106.34351348876952,108.68997160140344,105.50232360966052,108.51288122098876,16715628
2017-09-08,105.4580307006836,106.25493723241554,104.39548161028308,106.03357783098006,9307268
2017-09-11,105.0153579711914,105.7679958731039,104.57263186656502,105.3695459029878,9036446
2017-09-12,105.85651397705078,105.85651397705078,104.97105500548363,105.45805708744092,10362702
2017-09-13,106.74195098876952,107.0518626427376,105.90076825493507,105.94504436896996,8060554
2017-09-14,107.40605926513672,107.45032833472904,105.9893221725153,106.697690718826,8781440
2017-09-15,107.0036163330078,108.07678222241988,106.19874013632015,107.76377402165085,13888549
2017-09-18,109.37353515625,109.77597331294947,107.00363184909772,107.13777315565386,10955699
2017-09-19,108.21089935302734,109.41821337854368,107.40603045452936,109.37349488048176,9460843
2017-09-20,108.74750518798828,109.14994326847454,108.16620732028905,108.2109187078352,8298554
2017-09-21,110.67024993896484,111.07268798803528,108.07676898980526,108.79220808280728,10874529
2017-09-22,111.20685577392578,111.96701350208392,110.75969914429284,111.07270736133292,8287537
2017-09-25,112.28002166748048,112.59302988437658,111.11742582059335,111.43043403748948,8865635
2017-09-26,111.4751434326172,112.7271691592609,111.43043204158424,112.45887945751898,8503648
2017-09-27,108.9710922241211,112.01172308772276,108.5686541113468,111.78815189502632,11787113
2017-09-28,108.3897933959961,109.3288180857284,108.03207377239244,109.06052836802569,7544053
2017-09-29,108.12149047851562,108.61335846017958,107.3613328119025,108.30035026848176,7026425
2017-10-02,109.86538696289062,110.0442538760182,107.76377369841494,108.30035308225423,8868389
2017-10-03,110.8938446044922,111.02799301351352,108.79222416190282,110.04425699672952,7075210
2017-10-04,109.46295928955078,111.29628291746484,109.23938098027612,111.25156440820402,6708361
2017-10-05,109.73126983642578,109.86541115266311,107.98737577721197,109.06054189969092,7252865
2017-10-06,109.06053161621094,109.73125948970186,107.89793568635795,109.14996152477536,8498765
2017-10-09,104.76782989501952,107.98733413960036,103.96296095238765,107.76375587405704,29275875
2017-10-10,104.45486450195312,106.69062656461276,104.27600467590288,105.97518014189605,16812134
2017-10-11,103.15811920166016,104.0524254427665,102.39796138820024,103.42640893843736,16937707
2017-10-12,103.06867218017578,103.2475319750035,102.08493619010886,103.06867218017578,12509021
2017-10-13,102.75566864013672,103.87355308627986,102.66623873866703,103.51582636188635,8428237
2017-10-16,104.45486450195312,104.9914439801039,102.53210357562358,102.80040043321468,10382567
2017-10-17,103.69468688964844,103.96298371444766,102.84509926049051,103.82883530204803,12235757
2017-10-18,103.38166809082033,104.09710718508288,103.15808981460644,103.7393876379516,7297059
2017-10-19,105.43858337402344,106.33288947614297,103.06867327118393,103.47111137306344,15769450
2017-10-20,106.55645751953124,106.60117602664964,98.82071815068193,98.99957794212682,40147504
2017-10-23,99.8044662475586,104.81257660903128,99.17845690144652,104.81257660903128,39090944
2017-10-24,97.88170623779295,99.759748391508,97.25568981371636,98.91015365618766,27880573
2017-10-25,96.1378173828125,97.88171121474949,95.2435112108798,97.65813289213752,23060959
2017-10-26,95.33292388916016,96.80852773842405,94.79633743555792,96.4508010631846,18004137
2017-10-27,92.9630355834961,95.2435160826468,92.29230769986718,95.06465626281448,20560436
2017-10-30,91.26384735107422,92.65002154586652,90.5931195093878,92.20287202424724,20529324
2017-10-31,90.14596557617188,91.21913149405418,89.65409756720437,90.5931150759084,20450366
2017-11-01,89.51995849609375,91.755720465024,89.25166876826583,89.74353682854141,19137318
2017-11-02,89.16222381591797,89.78823307523217,87.77604977823661,89.65409179320767,17012575
2017-11-03,90.0565414428711,90.90612910602997,88.8045085264073,89.0728053619439,14160018
2017-11-06,90.01178741455078,91.80039905931956,89.7882091793266,91.75568056486978,12661511
2017-11-07,90.3695297241211,90.54839662859096,89.96709876497776,90.19066993816536,8693113
2017-11-08,89.96707153320312,90.8613701922901,89.74349330917539,90.36950237053628,8280233
2017-11-09,89.38581848144531,89.743545270716,88.75980905762478,89.60939683492498,10610572
2017-11-10,91.6215591430664,92.47114665482964,88.9833595995253,89.34107915847532,21019137
2017-11-13,85.04841613769531,92.78415500345818,83.84110194618728,90.59310490446522,54577114
2017-11-14,80.04032897949219,84.42242327816736,78.07285661712459,84.01998510236345,65218755
2017-11-15,81.65007781982422,82.1866572831665,78.2517127445944,78.29643125913069,30124129
2017-11-16,81.60537719726562,82.63382495341655,80.71107077710298,82.63382495341655,18649508
2017-11-17,81.4264907836914,82.58908661522428,81.4264907836914,82.00778869945785,12615126
2017-11-20,80.3980484008789,81.06877631906322,79.7273204826946,80.26390708835154,13340623
2017-11-21,79.72731018066406,80.80047613479209,79.14601225211617,80.26389671698554,16258721
2017-11-22,81.15819549560547,81.60535212757594,79.77202844463575,81.15819549560547,11444448
2017-11-24,81.33707427978516,82.18666203849205,81.15820732980629,82.18666203849205,5195206
2017-11-27,81.02404022216797,82.72322231717784,80.88989183201778,82.00777610056626,16453507
2017-11-28,82.32079315185547,82.45493443797268,80.75575927804877,81.24762727034557,11709157
2017-11-29,82.6337890625,82.90208585497952,81.87363142700735,82.49964778477424,11509697
2017-11-30,81.78421783447266,83.12567359015314,81.29234977492109,82.99153228569435,14200582
2017-12-01,79.95089721679688,81.73950970824824,79.86146730407587,81.73950970824824,17116050
2017-12-04,80.26390075683594,80.75576880717283,79.95089252143696,80.48747196625068,14261616
2017-12-05,79.41429138183594,80.53217569778623,79.01185331283439,79.50372127289029,13733075
2017-12-06,78.96715545654297,79.77203173245098,78.69886573741204,78.74357713134292,9163104
2017-12-07,79.19072723388672,80.7557611438524,78.83300051944211,79.63787672879923,11598420
2017-12-08,79.19072723388672,79.68259523754779,78.96714892717317,79.23543862412068,11360294
2017-12-11,78.92245483398438,79.54847143904185,78.38587527409237,78.74359498068704,12138124
2017-12-12,80.08500671386719,80.66630447489835,78.92241119180484,80.26387358677228,13945388
2017-12-13,79.41429138183594,80.44274580673189,79.41429138183594,80.12973762878468,8785613
2017-12-14,78.87771606445312,79.68259224356797,78.87771606445312,79.4590139452551,10129668
2017-12-15,79.68258666992188,79.72729805534837,78.96714043647341,79.50371977267437,18441952
2017-12-18,79.41429138183594,80.71103547989493,79.36957999556576,79.90615934189184,11249683
2017-12-19,78.65415954589844,79.59317726920857,78.47529970512663,79.45903594788787,13666553
2017-12-20,78.02812194824219,78.92242802951195,77.62569097425947,78.83299813323642,15725818
2017-12-21,78.11756896972656,79.10129795477106,77.98342054887193,78.07285045660326,14163503
2017-12-22,78.25170135498047,78.51999104760176,77.80455186727829,78.29641986300793,9675745
2017-12-26,78.47681427001953,79.5123696466226,78.34174681579385,78.56686162872454,11546922
2017-12-27,78.251708984375,79.37730468906271,77.9365396067032,78.61189846304875,12546163
2017-12-28,78.16165161132812,78.3417463276159,77.66638755770494,78.11662434842437,12714804
2017-12-29,78.5668716430664,78.92706829146172,77.75644531142227,77.75644531142227,15889514
2018-01-02,80.95315551757812,80.99818279242294,78.92707867053755,79.15219354176504,16185981
2018-01-03,81.71855926513672,82.57402011881913,81.17827499007285,82.39392536046451,17000180
2018-01-04,83.429443359375,83.83466000163202,82.3938952929003,82.75408467816756,17225995
2018-01-05,83.47447967529297,84.96027180225755,83.29438496311487,84.9152445403813,16667865
2018-01-08,82.30387878417969,84.19488093301568,81.49344519601263,84.05981344676475,17130657
2018-01-09,83.56454467773438,84.01478155325631,81.53846081872322,82.52898911253646,13855205
2018-01-10,85.23040008544922,85.81571138919216,83.65456085727017,83.69958094420146,17177522
2018-01-11,85.63562774658203,87.30151453105782,85.54558039344792,86.58112853832175,20808952
2018-01-12,84.46503448486328,86.22096923567673,84.1948851634568,86.0858945749735,18169606
2018-01-16,81.98870086669922,83.33941859511114,80.86309798124618,82.48396498947221,42912819
2018-01-17,78.11664581298828,79.69248576500439,77.7114290061652,79.46736372395478,39131904
2018-01-18,75.5052490234375,78.70194868154124,75.46022175314113,78.34175918982949,35944841
2018-01-19,73.20901489257812,75.32513867080007,72.12843937084129,74.96494921944247,44851332
2018-01-22,72.80379486083984,73.5241808984162,71.13790797267124,71.58814476636667,28005019
2018-01-23,76.04551696777344,76.67585561087976,73.25402750210723,73.38910211639094,25714786
2018-01-24,74.01943969726562,78.16164657567232,73.16397909851733,76.54077989818137,34850262
2018-01-25,72.84883117675781,74.82988784544331,72.62371631361829,74.28960357271013,19834813
2018-01-26,72.62370300292969,72.75877046252478,71.7232222124186,72.62370300292969,18965005
2018-01-29,73.299072265625,73.974431162984,71.90332719950607,72.12844922118072,15469060
2018-01-30,71.81326293945312,73.25402777055173,71.81326293945312,72.48862167802008,14242064
2018-01-31,72.80379486083984,73.25403165453527,71.9933614645244,72.30853080394303,16018822
2018-02-01,72.12845611572266,72.53367292640452,71.67821202933585,72.30855088321111,11022366
2018-02-02,70.41754150390625,71.72323931996777,70.2374467363803,71.54314455244185,17171805
2018-02-05,67.13080596923828,70.37253420808067,67.13080596923828,69.6971750542803,25715850
2018-02-06,68.75163269042969,69.06680201904574,66.23029239682813,66.72555643674951,26462505
2018-02-07,68.6615982055664,69.87724848624927,68.6615982055664,68.93174032316323,15859821
2018-02-08,65.05967712402344,68.48150608189249,65.05967712402344,68.39145870591331,28928098
2018-02-09,67.26583862304688,67.67105529558293,64.06913250311277,66.14023595848414,26929053
2018-02-12,66.72557067871094,68.16633584433517,66.54546876130108,67.80614634484535,15771182
2018-02-13,66.05018615722656,66.59047742313598,65.41985470927237,66.36535546503514,15378459
2018-02-14,67.08573913574219,67.67105047265385,65.91511646191886,66.14023124465686,17926577
2018-02-15,66.86063385009766,68.16633145313406,66.50044437381085,67.22082332638446,11452419
2018-02-16,67.76113891601562,68.57157269485133,66.68056293345703,66.86065773593896,13505612
2018-02-20,66.36536407470703,67.40091948218456,65.82507990636876,67.17579749487832,12867294
2018-02-21,65.2397689819336,66.32034449469522,65.0596670900867,66.23029713260375,20472151
2018-02-22,65.8250732421875,67.85114941983035,65.2397618685798,65.4198565731263,16379390
2018-02-23,65.77967834472656,66.59681150536478,65.77967834472656,65.96126349153505,11040854
2018-02-26,66.50601959228516,66.6422120672347,63.32825781063951,65.325708899329,30302034
2018-02-27,65.8250961303711,68.9120664847478,65.8250961303711,66.5968369122191,19410582
2018-02-28,64.05460357666016,66.36983221461871,63.96381100526784,66.2790396432264,18490403
2018-03-01,63.646053314208984,64.73557173893653,63.32827560137512,64.2816087398767,19170976
2018-03-02,64.0999984741211,64.6447611483684,63.419050551548445,63.50984312609267,15572368
2018-03-05,65.4619140625,66.50603248288392,64.10001072997818,64.37239573267256,18247395
2018-03-06,66.46063995361328,66.59682522829101,65.87048449138743,66.27905476938739,12124707
2018-03-07,65.8704833984375,66.23365376086342,64.3723948129557,65.73429089903615,17318787
2018-03-08,65.91586303710938,66.46062569993627,65.4165002740938,65.82507046446852,10348638
2018-03-09,67.82252502441406,67.86792492657355,65.8704737712001,66.36983656004345,13386967
2018-03-12,68.5488510131836,69.592968933129,67.91329594749168,68.18567359265397,14653629
2018-03-13,65.50730895996094,66.91460502252787,65.09873866908774,66.68761992160195,24772029
2018-03-14,64.78095245361328,66.23364084706459,64.64475998076584,65.64348550969545,11907699
2018-03-15,65.18954467773438,66.0520780253329,64.73557443279937,64.96255955526686,9895779
2018-03-16,64.96255493164062,65.46191782933705,64.3723994368161,65.09874021384088,23889514
2018-03-19,63.87301254272461,64.82633806790751,63.55523495866995,64.7355455048892,13810133
2018-03-20,61.92097473144531,64.05461873142066,61.830182138572255,64.00921882149241,18554546
2018-03-21,63.010498046875,63.37367567401943,61.60320913276133,62.01177944643381,13592791
2018-03-22,60.604461669921875,62.60190911730018,60.46827281036013,62.42032397121786,14862500
2018-03-23,59.3333740234375,61.05844420533916,59.10638891765272,60.83145909955438,17536442
2018-03-26,58.516231536865234,60.105112772144686,57.78988717146299,60.05971647515028,22000434
2018-03-27,61.013038635253906,62.284149328183304,58.19845393786916,58.65241688035603,32336072
2018-03-28,62.10255813598633,63.32826894509227,59.42416226908524,61.37621741383456,29025877
2018-03-29,61.19463348388672,62.01177403998999,60.60447440809453,61.64859644450888,15548310
2018-04-02,59.560340881347656,61.46699940209648,58.83399667098624,61.058429202865874,15041824
2018-04-03,59.60572814941406,59.651124429849325,58.10764005457897,59.5603318689788,12474884
2018-04-04,60.28670120239258,60.37749741475625,58.06226807606778,58.1984605878673,11929712
2018-04-05,60.9676628112793,61.557818413174274,59.787351607489335,60.33211090258413,11168889
2018-04-06,59.28797149658203,61.14923037832805,58.697812451634896,60.46828235949331,13242927
2018-04-09,58.24384689331055,59.74193535811446,58.198450601664184,59.46955399474496,14258423
2018-04-10,59.24256896972656,59.65113556994545,58.788602467103345,59.060980200582605,11982984
2018-04-11,58.87940216064453,59.37876501253014,58.334643014359465,58.60702078075622,10479010
2018-04-12,59.832733154296875,60.15050722350727,58.879403719682394,59.1517814932913,13277419
2018-04-13,61.24003219604492,62.10256551964226,60.64987667563873,60.87686179179006,14850168
2018-04-16,60.513668060302734,61.6485824308584,60.05970158938229,61.285412144914744,12160618
2018-04-17,62.60191345214844,62.96509099644304,60.649862156121586,60.74065473544965,15050609
2018-04-18,62.01177978515625,63.19209081910878,61.83018735710013,63.01049839105266,8969027
2018-04-19,63.50986099243164,63.827638706223354,61.87558696390627,62.057172164077535,18316838
2018-04-20,66.00666809082031,68.32189719839853,65.09873496575075,67.82253434095944,39371615
2018-04-23,65.91586303710938,67.0961737084222,65.32570770145296,66.95998846295184,15298437
2018-04-24,66.6422348022461,67.0508051394966,66.00667933830431,66.55144219696648,15495602
2018-04-25,63.78224563598633,66.86921570127996,63.146690212226126,66.82381578801824,23216120
2018-04-26,65.28031921386719,65.82507468463756,63.827623504514946,64.05460856416042,13533448
2018-04-27,65.28031921386719,65.73428210617583,64.41777887800733,64.55397135919107,10188469
2018-04-30,63.87301254272461,65.32570077799882,63.87301254272461,65.23490821498049,10127373
2018-05-01,63.78224563598633,63.96383083506525,62.78351981406827,63.91843092180354,10719493
2018-05-02,64.37239074707031,65.28032382277154,63.91842059572829,64.00921318060014,10783239
2018-05-03,63.23746490478515,64.41777559155305,62.8742946094664,64.41777559155305,12665163
2018-05-04,64.00923156738281,64.14542409730356,62.511142646194095,62.96511292794,8744820
2018-05-07,63.87301254272461,64.37237525281591,63.55523495866995,63.96380510574293,6858410
2018-05-08,64.78095245361328,65.77967798254289,63.96381207049236,64.37238226205282,12381195
2018-05-09,66.36983489990234,66.64221262509956,64.91713924488653,65.14412429604188,10614202
2018-05-10,66.6876220703125,67.00539977645103,65.82508877677978,67.00539977645103,7820843
2018-05-11,66.27903747558594,67.05077792067196,65.91585997491256,66.91458545454675,5970052
2018-05-14,66.77839660644531,67.18695952877766,66.46061902064807,66.73299671119666,8562032
2018-05-15,66.77839660644531,66.82378927471287,66.14284143485082,66.73299671119666,7357154
2018-05-16,68.23111724853516,68.54889498522591,66.68762848188769,66.77842831550036,11397833
2018-05-17,68.23111724853516,69.18444323162291,67.73175429858811,68.63968759185406,10585136
2018-05-18,67.9587631225586,68.54891888489232,67.73177791335729,68.45812624660921,7170422
2018-05-21,69.27521514892578,70.59171839233157,69.00283741038807,69.72918527347099,16258282
2018-05-22,69.41140747070312,70.77330338721544,69.41140747070312,69.86537036721312,13717258
2018-05-23,64.37239074707031,69.04824138939283,64.05461308652745,69.0028414834655,30743980
2018-05-24,66.27903747558594,66.82379288612378,64.64475679000944,65.09871963212431,21995906
2018-05-25,66.41521453857422,66.59679965306583,65.41648918188977,66.32442198132841,10370235
2018-05-29,64.37239074707031,65.91587191687444,63.64604284111277,65.73428674713075,15867583
2018-05-30,64.32699584960938,64.64477353489423,63.64604779656089,64.1908105751897,10893914
2018-05-31,63.918426513671875,64.1454116103585,63.32827104387343,64.00921910694983,11571648
2018-06-01,64.00923156738281,64.23621670825577,63.328283371748824,64.00923156738281,11870536
2018-06-04,62.23875045776367,64.50857966199496,62.102557959256174,64.14540930195258,17197157
2018-06-05,62.64732360839844,63.23747908410906,61.37622006278967,62.238753321062845,14699910
2018-06-06,61.92097473144531,63.05589298283363,61.8755820485005,62.73811529428623,12967368
2018-06-07,62.5565299987793,62.64732259149305,61.78478934722071,61.875581939934456,14811336
2018-06-08,63.23746490478515,63.87302014857491,62.23873936567665,62.55651698757153,10484206
2018-06-11,63.46444320678711,63.691428230724526,62.87428792613474,63.5098358753859,9098022
2018-06-12,63.46444320678711,64.19079094719815,63.14666561867095,63.691428230724526,8663462
2018-06-13,63.05588150024414,63.82762201262148,62.783503771225455,63.64603685994235,7407462
2018-06-14,61.92097473144531,63.14668557570669,61.557804359953096,62.96510038996058,12659759
2018-06-15,60.91338348388672,61.920973581906566,60.91338348388672,61.87517071784763,20069141
2018-06-18,60.45539474487305,60.59279241647528,59.997398860634675,60.50119396874046,14260009
2018-06-19,59.31041717529297,59.86001160287911,59.08141737055255,59.81421237104401,16249456
2018-06-20,58.989803314208984,60.04319265910557,58.39440981216707,58.44020903189615,20120367
2018-06-21,58.44020462036133,58.71500356355569,57.753212730720925,58.6692043472839,14750782
2018-06-22,59.76839065551758,59.905788299336606,58.4402024952431,58.4402024952431,14178026
2018-06-25,58.394405364990234,59.76839278891472,58.34860614874912,59.67679071086883,16029380
2018-06-26,62.928585052490234,63.844577024620115,61.32560092404549,61.64619920796047,44618882
2018-06-27,63.93616485595703,66.13454230688282,63.20336994193879,63.47816530052228,28252972
2018-06-28,63.34077072143555,64.11936120961629,62.65377139419843,63.84456585339877,13444307
2018-06-29,62.333160400390625,63.66134846476044,62.14996355519338,63.34075034010199,15015178
2018-07-02,61.23398208618164,62.058375315973365,60.40958885638991,61.73777713870684,13098533
2018-07-03,61.23398208618164,61.78357271195764,60.91338390891511,61.14238000298844,6721507
2018-07-05,61.508792877197266,61.55458846197211,59.72260831169272,61.27979307993436,11172227
2018-07-06,63.432373046875,63.6613728366041,61.004995690908586,61.23399548063769,12524399
2018-07-09,63.89034652709961,64.7605425554493,63.70714966569773,63.84455095731273,13993109
2018-07-10,64.89795684814453,64.94375972338017,64.02776783883247,64.1193662981743,12585475
2018-07-11,64.07355499267578,65.44754628428377,64.07355499267578,64.39415320375527,9862643
2018-07-12,64.07355499267578,64.76055428404403,63.798759650805586,64.34835762567448,8309863
2018-07-13,63.61556243896485,64.43995575159256,63.569759569983994,63.981956226297854,10121259
2018-07-16,63.66136169433594,63.89035415285653,63.20336219503864,63.615558827954985,8943299
2018-07-17,62.69955062866211,63.61554209519594,62.51635379358056,63.4323452601144,12334350
2018-07-18,62.974342346191406,63.24914487451368,62.74534996075713,62.92854678555483,8562449
2018-07-19,62.88276672363281,63.569758711165264,62.378971627291904,62.83697114639911,15641895
2018-07-20,60.08898162841797,63.111751488274386,59.4477890160263,62.83695621677652,35732423
2018-07-23,59.493595123291016,60.088988592772886,59.08139852270703,59.63099277496443,18849031
2018-07-24,60.08898162841797,60.13478084033428,58.85239561555094,59.17299009896512,11824171
2018-07-25,60.043190002441406,60.22639051881577,59.35619809133792,60.1347884378467,11132811
2018-07-26,60.22639083862305,60.77598509953699,59.81419423154664,59.997391103330024,11374588
2018-07-27,59.81418991088867,60.36378413210286,59.447792548224704,60.088985198714,8206805
2018-07-30,60.272186279296875,60.50118235467487,59.58519076203578,59.72258840726257,8255716
2018-07-31,62.42477035522461,62.51636879474496,60.27219244424072,60.40959010352124,14959799
2018-08-01,60.638580322265625,62.058370579411246,60.638580322265625,62.058370579411246,9291368
2018-08-02,60.3179931640625,60.50119004765916,59.81419808860767,60.3179931640625,7631879
2018-08-03,60.18058776855469,60.6843828097936,59.997390897400095,60.22639063190712,7354316
2018-08-06,59.99739074707031,60.36378813402523,59.81419387637474,60.088989182418096,6779285
2018-08-07,60.272186279296875,60.68437921497726,59.630989977111376,60.08898577343092,11811088
2018-08-08,59.76839065551758,60.40958330556989,59.40199329310333,60.40958330556989,8429823
2018-08-09,59.26460266113281,59.6767956413582,59.127201355493725,59.58519720130811,6778847
2018-08-10,58.48600769042969,59.12720040604818,58.211212374692,59.12720040604818,10110158
2018-08-13,57.02043151855469,58.302820815354615,56.74563615567475,58.257021588207955,14001101
2018-08-14,56.56243133544922,57.70741914509012,56.42503002766366,57.157824850639926,10349974
2018-08-15,55.96702575683594,56.60822204189047,54.68464047785382,56.19602547165926,13501919
2018-08-16,56.33342742919922,56.60822637892822,55.92123082738758,56.15023055975571,10847153
2018-08-17,56.33342742919922,56.516624298642725,55.92123082738758,56.15023055975571,9795746
2018-08-20,56.33342742919922,56.745624031010856,55.60063630586144,56.196029777116586,7878350
2018-08-21,57.844818115234375,58.11961344589083,56.47083052525981,56.516629747035886,12091467
2018-08-22,57.11201858520508,57.79901045713724,56.88301886418531,57.75321124204601,9065575
2018-08-23,57.432613372802734,57.52421180343491,56.74562149749786,56.83721992813003,7940552
2018-08-24,57.24942779541016,57.52422314146888,57.112030122380794,57.3410262440964,8068963
2018-08-27,58.48600769042969,58.5318069097193,57.02042173647035,57.15782303990309,9324212
2018-08-28,58.44020462036133,59.03559807745817,58.257007755274195,58.48600383663311,12325524
2018-08-29,59.40199661254883,59.44779582971447,58.02800916088815,58.486004978108376,9971648
2018-08-30,58.48600769042969,59.40199936734977,58.39440925185046,58.94400352888972,9320414
2018-08-31,59.26460266113281,59.31040188115785,58.16541408940387,58.30281174947899,10517216
2018-09-04,58.02799606323242,58.989786697750155,57.84479923591967,58.989786697750155,9355782
2018-09-05,57.52421569824219,57.615814135076235,56.05863341776969,57.02042065009107,11491355
2018-09-06,57.295223236083984,58.623407945452264,57.24942401476536,57.24942401476536,8475812
2018-09-07,56.79142379760742,56.974620668822645,56.19603032059417,56.74562457980362,9570746
2018-09-10,57.295223236083984,58.165415732266005,56.56243204942191,56.60823127074053,9050656
2018-09-11,56.470821380615234,57.11201767277589,56.01282559145627,56.974616384133746,8378597
2018-09-12,57.753211975097656,57.84481040644278,56.012827197285866,56.333425352557406,8385211
2018-09-13,58.21121597290039,58.39441286138279,56.92882681683122,58.02801543885386,11408558
2018-09-14,58.62732696533203,58.95098084668222,57.24024731454133,57.93378713993668,14600045
2018-09-17,58.71980667114258,59.59828953647393,58.257445525031414,58.30368127161143,10573242
2018-09-18,58.53486633300781,58.95099177752835,58.072505136908475,58.58110208458661,8950101
2018-09-19,59.45957565307617,60.06064397176762,58.07249236972708,58.34991049852112,12958354
2018-09-20,57.610145568847656,58.67357149758846,57.147784389219225,58.211213998271255,18430204
2018-09-21,56.269290924072266,58.072495992641464,56.22305517977389,57.332720403556586,19910349
2018-09-24,54.28114318847656,55.945641146516174,53.633839040401895,55.945641146516174,31005079
2018-09-25,52.1080436706543,54.37360982668864,51.87686495281843,54.23490259598712,27896911
2018-09-26,52.662872314453125,53.44888725662206,51.83062531250357,52.01556827286782,19483739
2018-09-27,53.3101806640625,54.3273743888867,52.524169338686015,52.57040508251341,17151231
2018-09-28,52.20051574707031,53.21770947765246,52.01557277071384,52.894059269028624,15978112
2018-10-01,55.89940643310547,60.43054291408827,55.20586652450107,60.199360491012726,64290209
2018-10-02,56.96283721923828,57.70261657240535,54.41985259330996,56.96283721923828,31029263
2018-10-03,57.702613830566406,58.3961537209335,56.77789152320294,57.05530600722537,17311880
2018-10-04,58.53486633300781,58.62733783616541,57.0553112415522,57.378965182915145,15631315
2018-10-05,60.93913650512695,61.493969137814545,59.45958159118974,59.55205308325252,31541445
2018-10-08,62.92728042602539,63.06598396644032,61.309018476631245,62.5111550835388,36025406
2018-10-09,62.64987564086914,63.71330151064785,62.002567817092846,63.38964759875971,23046331
2018-10-10,61.40149688720703,63.158473721559474,61.17031814604953,61.91009747837571,19185019
2018-10-11,58.81227111816406,61.447726759033245,58.53485299160969,60.66171180072129,24238585
2018-10-12,56.96283721923828,59.32087884703042,56.408004544518576,57.93379532007556,25708943
2018-10-15,56.17683792114258,57.79510054502711,56.13060216162976,56.63919919658273,13070635
2018-10-16,55.94563293457031,56.82411937249494,55.48327552546315,56.54670124672013,18046308
2018-10-17,56.36176681518555,58.07250052878639,56.03811289950493,56.63918498295623,17409325
2018-10-18,57.24024963378906,57.471428358184134,55.76069475672812,56.130584396071065,17010175
2018-10-19,58.072509765625,58.85852496573726,56.68542974708,56.777901257608114,18108844
2018-10-22,57.24024963378906,58.39615061638607,57.009067229083165,58.211207636870014,10483914
2018-10-23,58.67356491088867,58.90474731490595,55.85316608011581,56.176819973615665,17086295
2018-10-24,56.269290924072266,59.228400641033325,56.13058369117712,58.76603951773873,17394134
2018-10-25,54.558563232421875,56.777893919512174,54.18867355780311,56.4080042448934,18412572
2018-10-26,52.24674606323242,53.865007979162264,51.64567777220824,53.5875935434482,24541312
2018-10-29,51.59945297241211,54.234909071985015,50.53602338276534,52.84782555841095,25007880
2018-10-30,47.06831741333008,52.709115280889456,45.6349982330698,48.82528681859977,71983559
2018-10-31,46.69843292236328,48.03927707763347,45.31134933524216,47.06832261499118,42124411
2018-11-01,44.294151306152344,47.2994969575612,44.109208317257405,46.28230315801701,49320916
2018-11-02,42.95330429077149,44.66403786008611,41.936110561922625,44.47909488404477,54985507
2018-11-05,42.90706634521485,44.06296724678584,42.86083060357685,43.41566318354335,25955269
2018-11-06,43.55437850952149,44.109211192686224,43.276964008094744,43.276964008094744,23563834
2018-11-07,42.53718566894531,43.73932256472559,42.25977116083202,43.69308681337338,25878418
2018-11-08,42.074832916259766,43.184498531959235,41.84365411311908,42.2597796390844,33760858
2018-11-09,39.67054748535156,41.42751693602465,37.68239561624375,40.6415055460931,57077908
2018-11-12,36.942630767822266,39.069490501229446,35.69425417627102,38.93077953751567,51161628
2018-11-13,39.80926513671875,41.84365328536051,36.8501544331831,37.081336912062575,42945997
2018-11-14,38.468414306640625,40.91892779736081,37.867345793138334,40.50280230945561,35507986
2018-11-15,37.774864196777344,39.76301591247898,37.26626733183764,38.09851808548834,26807841
2018-11-16,37.081321716308594,37.91357241072301,35.74047419315436,37.3587361609064,36851582
2018-11-19,36.24906921386719,38.09851347351486,36.017890521566386,36.94261265139022,30898119
2018-11-20,35.37059020996094,36.341544499699125,34.81575392966669,35.46306169657308,29903260
2018-11-21,36.11037063598633,36.665203310532995,35.74048095951816,36.017899136947086,17620011
2018-11-23,35.000709533691406,36.3415537930737,34.90823802343217,35.97166775203673,9070771
2018-11-26,35.046939849853516,35.78671549743262,33.567384874384246,35.18564709371627,33103782
2018-11-27,34.39964294433594,35.27812602082689,34.07598896016864,34.63082173280412,23037755
2018-11-28,35.78671646118164,35.925427389091,34.075982699870444,34.16845419826924,25938200
2018-11-29,36.711429595947266,36.98884770185857,34.63080668269833,35.37058584492165,25745417
2018-11-30,34.677059173583984,35.50931021308729,34.21470157420662,35.416838693211815,39037109
2018-12-03,36.11037063598633,36.75767480957224,34.815758608503316,34.861998038334136,27268484
2018-12-04,33.659847259521484,36.1103596393676,33.659847259521484,35.832945226730345,27820875
2018-12-06,33.9835090637207,34.168452048884355,33.05878677728058,33.289969189046076,23571659
2018-12-07,32.411476135253906,34.12220944514923,32.31900466125581,33.752323549156856,23887657
2018-12-10,32.04158401489258,32.92007030874423,31.209337134678822,32.226530628514446,23545806
2018-12-11,31.25558280944824,32.96631652764553,30.79322164879553,32.55019111502698,25995248
2018-12-12,31.024396896362305,32.50395170782634,30.97816115353318,31.625468913762273,22080622
2018-12-13,33.28997039794922,34.67705019766935,32.920080733878684,34.63081444969942,43251895
2018-12-14,32.82761001586914,33.52114993216433,32.36524884490196,32.73513851773794,26875823
2018-12-17,33.05878829956055,33.42867796723134,32.41148414136999,32.78137380904078,27069962
2018-12-18,33.659847259521484,35.27810904083569,33.105014753936906,33.19748622481599,30626065
2018-12-19,35.465553283691406,36.80824196585625,34.95625668709029,35.37295457255923,45795945
2018-12-20,34.446956634521484,36.20634302564091,34.076558141779685,35.419250374610094,38050283
2018-12-21,33.10425567626953,34.49324689391896,32.872758982681034,33.891351805216054,38738388
2018-12-24,32.03936004638672,33.01165342494207,31.946761378976195,32.68755440363281,14608516
2018-12-26,34.215450286865234,34.3080526580922,31.344872598531303,32.36346551366954,27092394
2018-12-27,33.659847259521484,33.659847259521484,32.178261233214165,33.24314957727214,24993253
2018-12-28,34.77104949951172,35.41924773484366,33.28946300971347,33.28946300971347,25388083
2018-12-31,35.04884338378906,35.28034008226448,34.03025053975144,34.81734299994075,22610937
2019-01-02,37.27122497558594,37.87312005349709,34.308048923917745,34.53954561335559,26991297
2019-01-03,37.317535400390625,37.96573369413968,36.021146183640205,37.13233799381881,25654795
2019-01-04,38.10462188720703,38.24351990618768,36.94712733958292,37.919420843193265,25056937
2019-01-07,40.46590423583984,40.69740462686212,38.38241914350444,39.58621306899963,37493322
2019-01-08,39.63251876831055,41.854902240568904,39.44731768870662,41.25300702394673,30669237
2019-01-09,39.35471725463867,40.558507634752736,37.873127110066434,39.447315947666915,24268716
2019-01-10,41.39189529418945,41.43819463181263,39.30841035965576,39.35470969727893,23441412
2019-01-11,41.39189529418945,41.43819463181263,40.373302495734194,41.06779624545452,16832625
2019-01-14,41.20670318603515,41.66969662116915,40.55850500610117,40.79000540904136,17043123
2019-01-15,40.41960525512695,41.34559945672701,40.280707230498855,41.25300077364161,19626381
2019-01-16,41.57709884643555,41.669697535494166,40.09550876537781,40.327009173397634,17583057
2019-01-17,42.31789016723633,42.54938685945413,40.51220122644636,41.20669867384533,22074822
2019-01-18,41.94750213623047,42.827197154706845,41.80860408658905,42.7345947695722,19350175
2019-01-22,40.09550857543945,41.62339799378866,39.63251513233963,41.57709864947868,22571396
2019-01-23,40.41960525512695,40.92890169746968,39.86400947124153,40.23440788895616,15104193
2019-01-24,40.65110778808594,41.53080277420232,39.86401518369778,39.95661388005244,18848780
2019-01-25,42.410491943359375,42.64198865249428,40.9289019487768,40.975201290603785,23434130
2019-01-28,41.34560012817383,41.669695524235976,40.51220459612494,41.57709683964679,19120938
2019-01-29,41.20670318603515,42.271591772216546,40.04920854208057,41.20670318603515,23885070
2019-01-30,42.13270568847656,42.966101478774945,41.11411247161154,41.577109723402394,18035624
2019-01-31,47.04043960571289,49.8647206085664,45.18845550656622,46.0218507466739,72747847
2019-02-01,47.17935562133789,48.29054715592627,46.114463426909616,47.225654961497995,33002372
2019-02-04,47.27196502685547,47.873860270869464,46.76266848417074,47.549761130843265,21543088
2019-02-05,49.216548919677734,49.30915130658545,47.086764042901954,47.4571625344115,21455283
2019-02-06,48.47575378417969,50.512939882186046,48.29055638813316,49.4017481351596,25140965
2019-02-07,46.57746505737305,48.33685121119858,46.160767269911574,48.244252521845645,22682446
2019-02-08,45.41997146606445,46.76266354977938,44.16988175928117,46.34596575239382,24736786
2019-02-11,46.43856048583984,46.99415627320752,45.512566278436026,45.697767331140625,14749801
2019-02-12,46.20707321166992,46.994165868918,45.882974067289055,46.62377105862423,14005879
2019-02-13,48.01276779174805,48.24426827610058,46.068183624209105,46.207081703595925,20644401
2019-02-14,46.48486328125,47.68865731445966,46.06816917379589,47.64235796918699,19486347
2019-02-15,46.716365814208984,47.59605709970684,46.57746777208409,46.855263856333885,16347527
2019-02-19,46.90155029296875,46.99414896222875,46.06815858425627,46.43855326129626,13264315
2019-02-20,46.76265335083008,46.90155135787377,46.34595564432642,46.716354015148845,10151119
2019-02-21,46.43856048583984,47.225656667745014,46.29966246034119,46.43856048583984,10335701
2019-02-22,47.08675003051758,47.13305305287917,46.25335827934451,46.531157986650655,10587786
2019-02-25,50.09623718261719,54.4021057048365,49.91103980458566,53.568713818321335,60560499
2019-02-26,51.32965087890625,52.48528787828054,50.703679302006634,51.95562245580587,20864323
2019-02-27,52.38899612426758,52.6297541888268,51.23335888853261,52.148238059708355,21835966
2019-02-28,50.029563903808594,52.244539528667424,49.74065644320083,52.10008395567694,18230265
2019-03-01,49.45175552368164,50.65554607192027,48.392420578306435,50.31848545548824,17856700
2019-03-04,49.9814338684082,50.65555522305505,49.21100630420498,49.69252261048834,13996993
2019-03-05,47.62198638916016,50.89629695236803,46.12928484721478,49.98141773980372,35870538
2019-03-06,43.866153717041016,46.41818992167903,43.57724625269175,44.58842790597405,41286543
2019-03-07,45.5033073425293,45.5033073425293,43.67354546410615,43.721694861865224,25577378
2019-03-08,46.17814636230469,46.66017254948296,44.73206780076987,44.97308089435901,17559457
2019-03-11,47.72063446044922,48.29906889753998,44.973085641378006,45.55151638919129,21277594
2019-03-12,47.04579544067383,48.87749573666785,46.56376924116367,47.865239241985655,19937161
2019-03-13,48.29906463623047,48.44367323274469,46.75657785911495,46.90118645562917,14880115
2019-03-14,49.64875793457031,50.61281069869664,49.166731552507144,49.64875793457031,26859385
2019-03-15,48.00984954833984,50.3717802235658,47.720632342629784,49.60053680119053,37959266
2019-03-18,49.16672134399414,49.69695172988303,48.05806015758507,48.154464676125464,18387845
2019-03-19,49.118507385253906,49.841546663157494,48.877494292619375,49.26311597869004,10970991
2019-03-20,49.263126373291016,49.7933567646773,48.781100086313614,48.82930050144464,9704794
2019-03-21,49.50413513183594,49.793352354115434,48.8292961762763,49.16671749869488,10135942
2019-03-22,48.106258392333984,49.35952814440201,47.817044849818195,49.26312363023008,16364625
2019-03-25,47.62422180175781,48.82928719070351,47.286804230708384,48.0098434640758,9977198
2019-03-26,48.68467712402344,48.92569017621147,47.86522979516297,47.961634278182885,9555279
2019-03-27,48.00984954833984,49.070310176425174,47.720632342629784,48.58828395975995,11064769
2019-03-28,47.67242431640625,48.250854946114984,47.23859857716715,48.00984187629662,9068655
2019-03-29,48.15446472167969,48.34727375894288,47.8170470618302,48.106260617724985,9734708
2019-04-01,48.68467712402344,48.82928200391509,48.20265101964737,48.299055502667294,10301888
2019-04-02,49.35953140258789,49.55234413293682,48.39547881867691,48.49188333921243,10382584
2019-04-03,48.68467712402344,49.55232484975564,48.20265101964737,49.455916677459264,11263640
2019-04-04,48.34726333618164,48.78108911041585,48.05804984263585,48.68468461256725,8232943
2019-04-05,48.25086212158203,48.87749693415305,48.106253520330675,48.540079324084736,8678979
2019-04-08,45.744327545166016,45.98534436472871,44.105439734938805,45.84073574870215,35313691
2019-04-09,44.44285583496094,45.35870422250458,43.960829591142705,45.069490689780146,16687089
2019-04-10,44.15363311767578,44.63565930150189,43.76801143275948,44.58745889668551,10808576
2019-04-11,43.9608268737793,44.63566209770003,43.86441867955294,43.9608268737793,10997856
2019-04-12,43.38238906860352,44.394641739140354,43.33418497936413,44.10542827153412,13735824
2019-04-15,43.28598403930664,43.62340530997733,42.37013579134124,43.4305926282688,16642146
2019-04-16,44.0572395324707,44.29825268408669,43.33420007762275,43.575213229238734,12085548
2019-04-17,43.9608268737793,44.25004038862648,43.67160966965481,44.15363588367742,9643619
2019-04-18,45.069488525390625,45.069488525390625,43.86441928443902,44.0090278884954,10334612
2019-04-22,44.92487716674805,45.0694857619377,44.25003828562207,44.58745957082362,13467232
2019-04-23,44.97307586669922,45.16588484430507,44.442845644368134,44.8284672888565,8126706
2019-04-24,44.92487716674805,45.0694857619377,44.39464688081171,44.876673071925794,5775345
2019-04-25,43.9608268737793,44.49105718491508,43.28598796058127,44.4428530878019,12515311
2019-04-26,46.12994766235352,46.22635217320739,43.912625466326986,43.96082956639268,14905235
2019-04-29,46.90119171142578,46.949395812091375,45.985343313000016,46.12994823644166,13243923
2019-04-30,49.02210998535156,50.75740597933352,48.00985337398249,49.31132721410776,35549901
2019-05-01,48.68467712402344,50.22715992017155,48.63647303787525,48.92569017621147,19938144
2019-05-02,49.40773010253906,50.13076946137546,48.58828623371332,48.9257038633148,15895597
2019-05-03,50.61279296875,50.61279296875,49.35952333870176,49.64874054233667,13806910
2019-05-06,50.275386810302734,50.56460039054441,49.214925948248855,49.35953458300876,8754137
2019-05-07,48.7328987121582,49.93796449711533,48.491885555166775,49.84155997217437,11415060
2019-05-08,48.973907470703125,49.40773332789174,48.58828940557243,48.58828940557243,9500004
2019-05-09,48.395469665527344,49.21491346901276,48.29906516322504,48.73288726822402,11937839
2019-05-10,48.82929611206055,49.07031292316151,47.09400384849826,48.29906945761548,12666230
2019-05-13,47.576026916503906,48.540079339448376,47.33501012149052,47.47961872278764,12065484
2019-05-14,49.745155334472656,49.88976396619533,47.768845975911574,47.91345460763425,14148995
2019-05-15,49.4559326171875,50.08256749269712,48.78109732927107,48.92570594504677,10777477
2019-05-16,48.82929611206055,49.600539577606575,48.49187847936323,49.26312194490926,10935800
2019-05-17,48.20267105102539,48.97391092496208,48.10626283866507,48.25087146792757,7436095
2019-05-20,47.62422180175781,48.49186961965408,47.14219564617953,47.768830386286666,10474656
2019-05-21,48.00984954833984,48.00984954833984,47.238606125964566,48.00984954833984,12121141
2019-05-22,47.72063446044922,48.781095135597305,47.624229950693255,47.96164757947788,10361698
2019-05-23,46.08174514770508,47.38321520800751,45.6479193347527,47.28681070155499,11404487
2019-05-24,45.551509857177734,46.66017078358486,45.5033057645734,46.37095360651276,9536881
2019-05-28,45.1176872253418,45.98533881682321,44.683865118878295,45.35870032654979,14488312
2019-05-29,45.16588592529297,45.26229041640321,44.105429144526795,44.87666876268548,8945986
2019-05-30,45.64790725708008,45.84071990824747,44.78025955001774,45.16588116307615,10138450
2019-05-31,45.5033073425293,45.64791593608006,44.82847215832851,45.02128115687814,9297080
2019-06-03,45.937137603759766,45.98534170273741,44.587463414437714,44.82847653077103,9484896
2019-06-04,48.20267105102539,48.20267105102539,46.22635803680854,46.322766249168865,12320032
2019-06-05,47.67242431640625,48.63647659567972,47.33500306723916,48.54007210560771,8258886
2019-06-06,47.817039489746094,48.202661192485024,47.09400018058956,47.67243089005934,7730128
2019-06-07,48.106258392333984,48.44367972585221,47.33501490040326,47.720636646368625,8243075
2019-06-10,48.44368362426758,49.889762521049974,48.202670474803845,48.44368362426758,10486695
2019-06-11,48.781097412109375,49.16671915840689,48.00985391951435,48.68469289785441,7816341
2019-06-12,49.552345275878906,50.08257199569308,48.29907541217637,48.588292669731715,11029015
2019-06-13,49.69694900512695,50.70920192821858,49.407731776084994,49.9379584436251,12462684
2019-06-14,49.311317443847656,49.84154400580784,49.07030436406297,49.55233052363234,6892891
2019-06-17,48.44368362426758,49.35953211651859,48.29907499673375,49.166723072658776,9239377
2019-06-18,50.227169036865234,50.27537313176291,48.636481865844566,48.73288636636279,14759552
2019-06-19,49.84154510498047,51.14301871594112,49.79334470152668,50.46817986409542,12161930
2019-06-20,51.23943328857422,51.57685093621318,50.468189788875726,50.468189788875726,13234293
2019-06-21,50.51638412475586,51.62504505775595,50.37177553535985,51.43223237546895,13156947
2019-06-24,49.552345275878906,50.757411033562896,49.504141169860354,50.419993359266975,7343060
2019-06-25,49.263126373291016,49.5523436211886,48.684695566773705,49.455935412370835,7121838
2019-06-26,49.50413513183594,50.08256588711741,49.16671749869488,49.263122009695536,6847327
2019-06-27,50.13077163696289,50.32358066530917,49.359528145022466,49.359528145022466,6677849
2019-06-28,50.6614990234375,50.6614990234375,50.03426118084309,50.13075845828202,8832104
2019-07-01,51.28874969482422,51.72299309115754,50.806259494117306,51.24049919762213,8010518
2019-07-02,51.2404899597168,51.722983766265685,50.99924490285627,51.28874044822003,6043516
2019-07-03,51.19224548339844,51.43349055118901,50.854503127057235,51.43349055118901,4449238
2019-07-05,50.6614990234375,50.902744063448615,50.03426118084309,50.85449727114294,6072809
2019-07-08,49.21403884887695,50.323766998460854,48.92454326452347,50.275516503459166,9659269
2019-07-09,49.455284118652344,49.64827871370653,48.442053262547006,48.828046145483725,7113732
2019-07-10,49.21403884887695,50.323766998460854,49.117541551701905,49.64827853257884,7845233
2019-07-11,48.779788970947266,49.74477289256912,48.73154217520427,49.31052957391511,6755455
2019-07-12,50.03426742553711,50.1307647150197,48.92453936441714,49.11753763621037,7864053
2019-07-15,49.55177688598633,49.88951924286776,49.21403452910489,49.45527959728135,8445819
2019-07-16,50.082523345947266,50.179020645890766,49.262287064356414,49.35878805712836,7931808
2019-07-17,48.152557373046875,50.03427128066944,48.152557373046875,50.03427128066944,10770776
2019-07-18,48.538551330566406,49.16578931369169,48.05606114244363,48.29730623650502,9059787
2019-07-19,48.442047119140625,49.165782298052456,48.393796630082015,48.63504538254717,6952842
2019-07-22,49.26228713989258,49.358788132812485,48.490305046332416,48.490305046332416,8692963
2019-07-23,51.38524627685547,51.529994073606346,49.55178280127737,49.60003329780381,14906960
2019-07-24,51.52998733520508,51.62648462281089,50.854502629136405,51.04749720434803,9008083
2019-07-25,50.32376480102539,51.48173970221856,49.986018736418224,51.28874511629576,9253562
2019-07-26,50.70975875854492,50.90275334862695,50.17901809657696,50.51676047563464,5420359
2019-07-29,50.082523345947266,51.04750373103915,50.082523345947266,50.66151083843671,7497670
2019-07-30,50.75801467895508,51.04751030891784,49.60003954476187,50.13077660925504,9091748
2019-07-31,50.42026138305664,52.060730111582416,48.490300779728514,51.91598232776718,34604621
2019-08-01,48.63505554199219,50.61326322855171,48.15256162910093,50.034275703042304,17640313
2019-08-02,48.24905776977539,48.63505064553036,47.3805710297055,48.29730457122709,12900213
2019-08-05,46.60859298706055,47.33232830665128,46.3673478805303,47.235831002604904,14093359
2019-08-06,46.17434310913086,47.042826109503665,45.74010345535849,46.849831528455525,13321830
2019-08-07,45.64360427856445,45.6918510754186,44.5338762513281,45.54710329920031,15406967
2019-08-08,45.788352966308594,45.98135125161635,44.96812040902845,45.88485395537662,9912773
2019-08-09,44.14788436889648,45.74010255614005,44.003136589541974,45.69185206541255,15393002
2019-08-12,43.6653938293457,43.85838840481591,43.18290000501424,43.61714333906416,13156727
2019-08-13,45.11286544799805,46.270840317897,44.43737702986693,44.53387801304857,14852407
2019-08-14,43.56889724731445,44.87162368815402,43.23115485973056,44.58212810289448,17895704
2019-08-15,38.64748764038086,41.63892918450437,36.91052182074963,41.20468588318272,80465058
2019-08-16,42.41090774536133,42.45915453113746,40.384446729259736,40.577441258018425,49935166
2019-08-19,41.831932067871094,42.89341344262009,41.54244016889008,42.84516294637571,22398591
2019-08-20,40.43270492553711,41.494182421975694,40.19145987212707,41.39768513917724,20525588
2019-08-21,39.3712272644043,40.91519869884907,39.274729972958525,40.336211257346335,17105978
2019-08-22,39.51597213745117,40.09495953630878,39.129979307270155,39.46772164886811,13672704
2019-08-23,38.45450592041016,39.08174029927839,37.441274905143295,39.03349348935025,25801529
2019-08-26,38.84050369262695,39.081745157916586,38.21326185012223,38.88875050855312,11634356
2019-08-27,38.26149368286133,39.12997656673599,38.164996405281386,39.03347928915605,13255982
2019-08-28,38.30974578857422,38.55099083914258,37.44126286796257,38.21324481408468,11576392
2019-08-29,39.12997817993164,39.56422148618513,38.59923759211995,38.79223584806408,11785596
2019-08-30,39.80547332763672,39.85372013023325,39.12998485582995,39.27473264927629,9494847
2019-09-03,40.19146728515625,40.480959186946336,38.98523810279794,39.08173540339464,13572847
2019-09-04,42.45915603637695,42.79689832009166,40.52919590906186,40.57744269654841,18790362
2019-09-05,42.50740814208984,44.53386930752033,42.45915765993108,43.375890971156146,17433537
2019-09-06,42.024925231933594,42.55566585454453,41.34943683108077,42.55566585454453,8596517
2019-09-09,43.231143951416016,43.665387219734725,42.121416078371425,42.217913351499774,10023906
2019-09-10,44.09964370727539,44.726881762394264,42.94166490717235,42.98991540865412,12563304
2019-09-11,45.161109924316406,45.161109924316406,43.713639564965945,44.14788288846781,11455328
2019-09-12,44.67863082885742,45.93310692696404,44.48563621045431,45.3541193789259,13666384
2019-09-13,45.11333465576172,45.6446490797031,44.14731111901042,44.96843038588494,9146903
2019-09-16,45.30653381347656,45.4997370089743,44.29220779506399,44.920123725661306,9178805
2019-09-17,45.209930419921875,45.35483467104809,44.67861976155234,44.920125614489386,7614962
2019-09-18,45.30653381347656,45.354832763941104,44.34050674552853,44.96842267612585,8079777
2019-09-19,45.4997444152832,45.88615456599712,45.11333426456929,45.16163691971617,6808664
2019-09-20,45.25823593139648,46.07935884076671,45.11333167110644,45.692948712266634,11542705
2019-09-23,45.11333465576172,45.35484053994954,44.437119658763976,44.533721273075024,6723554
2019-09-24,43.32619094848633,45.1616363693962,43.27788829392805,44.96842944798339,10702559
2019-09-25,44.243919372558594,44.43712632699371,43.18129406203882,43.277895690845895,8799802
2019-09-26,43.56768798828125,44.48540866413161,43.27787951337083,44.3405044266764,7469661
2019-09-27,43.6642951965332,44.29221117504743,43.42278933532159,43.6642951965332,6121624
2019-09-30,43.18128204345703,43.954098555637735,43.18128204345703,43.85749695371764,7040620
2019-10-01,41.587345123291016,43.66429632263972,41.10433338841086,43.277886195371565,13799506
2019-10-02,41.10433578491211,41.63564650616513,40.6213203250506,41.34584166643267,9534413
2019-10-03,42.07035446166992,42.07035446166992,39.8484991290592,41.05602839747373,11762643
2019-10-04,41.39414596557617,42.022062077911386,41.2492416786033,41.58735291381362,10487838
2019-10-07,41.34584426879883,41.78055340416891,40.959434094680645,41.29754161072633,6454560
2019-10-08,39.993404388427734,41.05602943204565,39.94510173774599,40.95942782750221,9129448
2019-10-09,40.331512451171875,40.42811405714867,39.800198073069346,40.138305542398186,6589067
2019-10-10,40.81452560424805,41.15263308539295,40.13830694513801,40.28321120757733,6128666
2019-10-11,42.50506591796875,43.08468295696925,41.4424408411681,41.490743493358195,11202546
2019-10-14,42.118656158447266,42.74657215829707,41.73224602801507,42.69827320250566,6832219
2019-10-15,42.93978118896485,43.0846854571236,41.58734751418378,42.21526354499146,7791583
2019-10-16,42.98807907104492,43.80920200444975,42.69827423880229,42.79487584954983,11605123
2019-10-17,43.6642951965332,43.905801057744824,42.891474961928,43.084681868989335,6552993
2019-10-18,43.27788162231445,43.9540965009648,43.22957897520238,43.51938746423526,7827417
2019-10-21,42.45676040649414,44.05069962397167,42.31185616911989,43.42278372656299,12155530
2019-10-22,43.76090621948242,43.76090621948242,41.58735300080529,42.36016970490908,11459381
2019-10-23,44.14731216430664,44.19561482101606,43.13298594797294,43.37449183787901,9547274
2019-10-24,43.229583740234375,44.19561091121886,42.891476263640904,44.05070665073018,6848069
2019-10-25,43.47109603881836,43.90580515079634,43.084685885493265,43.084685885493265,8458780
2019-10-28,43.809200286865234,44.05070615267575,43.42279016220438,43.56769442105472,6371196
2019-10-29,43.809200286865234,44.147307759635936,43.1329816445037,43.51939176916456,9180931
2019-10-30,48.8325309753418,50.088363122456386,46.90048379320896,47.238591310718085,43326155
2019-10-31,48.20461654663086,49.31554445362864,47.62500311157746,48.54272777249769,17381933
2019-11-01,50.13666534423828,50.184964305278726,48.59102465453217,48.68762997025425,16462897
2019-11-04,52.79322814941406,52.88983346139014,50.32986663043312,50.32986663043312,19618249
2019-11-05,52.986427307128906,52.986427307128906,51.77889805269285,52.74492145624169,14321783
2019-11-06,53.22793960571289,53.6143497533037,52.11701181769696,52.793226803365606,15650118
2019-11-07,54.532073974609375,54.6769782509748,53.56605039460069,53.61435305232935,14261713
2019-11-08,55.64299774169922,55.78790200741542,53.80755233520812,54.242265132356714,12535897
2019-11-11,54.82188034057617,55.54639799668275,54.29056591403651,55.06338622594503,9144135
2019-11-12,55.15998458862305,55.93280485496787,54.532068584320406,54.67697284636259,9819738
2019-11-13,54.532073974609375,54.87018518506888,54.00076322369694,54.532073974609375,10830626
2019-11-14,54.532073974609375,54.821882527340215,54.00076322369694,54.00076322369694,6177722
2019-11-15,55.64299774169922,55.78790200741542,54.72527688686383,54.77357584422235,7671582
2019-11-18,55.25659942626953,55.54640801973475,54.72528860067811,55.11169882635803,10226930
2019-11-19,55.54640197753906,55.787907880215975,54.387175123418146,55.20829445315552,9396375
2019-11-20,55.015079498291016,55.49809493009956,54.38716720026224,55.256585365785206,9367744
2019-11-21,55.69130325317383,56.126012375805274,54.628674381282735,54.72527969459683,8364300
2019-11-22,55.787899017333984,56.60902191344235,55.49809419825466,55.49809419825466,7720858
2019-11-25,55.93280029296875,57.188632199145694,55.8845013407742,56.319210394624726,11378143
2019-11-26,54.82188034057617,56.36751726757279,54.628673414188825,56.12601138220393,12879647
2019-11-27,54.532073974609375,55.40149593598131,54.387173395064536,55.01508576461372,9128706
2019-11-29,54.43547058105469,54.870183395976746,54.19396469392704,54.4837732372084,4562336
2019-12-02,53.90415573120117,55.642999583717994,53.80755411646589,54.628673386946446,13785963
2019-12-03,53.08302688598633,53.66264016667199,52.21360511654796,53.131329533051705,12850515
2019-12-04,52.648319244384766,54.00075652480944,52.503418682815095,53.9524538730728,8777551
2019-12-05,52.11701202392578,52.93813128029272,51.972107755903295,52.600023786120495,9484775
2019-12-06,53.61434555053711,53.662644504687144,52.406812547665325,52.648318408875674,10151591
2019-12-09,53.08302688598633,53.75924176398297,52.98642528867535,53.03472423892096,5356135
2019-12-10,53.17962646484375,53.27622805848818,52.744917445034,53.08302487119932,4971956
2019-12-11,52.986427307128906,53.56604060989423,52.889825706138005,52.986427307128906,7365872
2019-12-12,55.25659942626953,55.884519277717864,54.29057571048029,54.82189023289281,20039606
2019-12-13,54.773582458496094,56.02941465059279,54.72528349530515,55.54640283775879,10560930
2019-12-16,53.952449798583984,54.870174234532726,53.75924290304853,54.48376414028167,11137921
2019-12-17,53.61434555053711,54.242261529048015,53.51774024859692,53.85585141174746,8376439
2019-12-18,52.93812561035156,53.80754742854664,52.744922404894865,53.22793411535658,15133639
2019-12-19,53.32454681396485,53.855861284757715,53.03473824865587,53.03473824865587,9090163
2019-12-20,53.32454299926758,53.85633914581943,52.696057653389616,53.56626784766893,14775102
2019-12-23,53.953025817871094,54.001372265355585,53.17950855932326,53.17950855932326,8834673
2019-12-24,54.09806060791016,54.146407054633016,53.61461094136936,53.66295738809222,4167022
2019-12-26,54.29143905639648,54.29143905639648,53.8079857220814,54.04971423932479,6092672
2019-12-27,54.04972076416016,54.19475271177394,53.8079922177355,54.001374314840795,6013441
2019-12-30,53.566261291503906,53.953021741643525,53.32453647268811,53.517918547843784,9659851
2019-12-31,53.953025817871094,53.953025817871094,52.98612646955729,53.17950855932326,11367670
2020-01-02,57.67559814453125,57.820633804102435,54.29145002200827,54.29145002200827,17540015
2020-01-03,57.86898422241211,58.01401989192084,55.741803036687045,55.935185162756255,17231837
2020-01-06,58.69084167480469,59.02925573326152,57.240492538413406,57.240492538413406,22461009
2020-01-07,58.2557373046875,59.17429026017589,57.627251950850706,58.73918700761239,14160793
2020-01-08,57.723934173583984,58.255730262585374,57.38552016247937,57.96565899582611,11115771
2020-01-09,57.57890319824219,58.44911336874676,57.19214271133215,58.35242417206227,7900488
2020-01-10,56.41862487792969,57.578906403244304,56.031868069663766,57.24049234592548,11767739
2020-01-13,58.59415054321289,58.73918619211121,56.46696965977262,56.75704095756927,13274420
2020-01-14,58.15904998779297,58.932567317422134,57.96566788025642,58.78753166181281,9034667
2020-01-15,57.38553237915039,58.11070700025749,57.19215026008495,58.11070700025749,9239517
2020-01-16,57.24048614501953,57.91731418633587,57.14379695342747,57.72393580315175,7358067
2020-01-17,57.0954475402832,57.67558635985755,56.85372272377959,57.28882591341742,9345794
2020-01-21,56.37027359008789,57.04710530239626,56.12854877144313,56.75703403995385,8775485
2020-01-22,54.96826934814453,56.6120003926346,54.871580157332616,56.6120003926346,12428998
2020-01-23,56.902069091796875,57.28882956287471,56.08020540336392,56.70869070634392,14679157
2020-01-24,56.61199188232422,57.48220186915916,56.1768850388211,57.433855430935054,11912960
2020-01-27,55.306697845458984,56.031876216830945,55.016630197083025,55.355044303608054,9602991
2020-01-28,56.70868682861328,57.14379371638779,55.45171630860472,55.69344112397778,12625782
2020-01-29,62.55844497680664,62.848516292985934,60.382921205979144,60.76967802732165,44278356
2020-01-30,61.54319763183594,62.80016837233581,60.43126254603564,62.31671865678545,19154638
2020-01-31,60.18954086303711,61.59154733218724,59.65774466781249,61.30147600748789,15646447
2020-02-03,59.2709846496582,61.30147271290976,59.222638198082464,60.237884079794405,10105766
2020-02-04,60.81801986694336,61.01139826294659,59.89946323549767,60.382916625850015,8905297
2020-02-05,62.17168426513672,62.17168426513672,60.769674224723545,61.68823086836534,10046658
2020-02-06,62.60679626464844,62.848521146741994,62.02665358748575,62.558449808160645,12763278
2020-02-07,62.02663803100586,63.28360858270918,61.92994884245294,62.945190872516285,13369743
2020-02-10,62.41340637207031,62.70347025701395,61.73657460645641,62.07498863917735,6720424
2020-02-11,62.12334060668945,62.75182228036916,61.784922843726726,62.60679032501068,8202487
2020-02-12,63.622032165527344,64.1054818530885,62.26836860014956,62.60678634158006,13184414
2020-02-13,62.55844497680664,63.622037336015794,62.36506656613538,63.23527311432845,10234936
2020-02-14,62.02663803100586,63.18692309432802,61.63988127679416,62.703466051048096,7416954
2020-02-18,61.6398811340332,62.60678041766659,61.25312068054549,61.44649905720347,8820688
2020-02-19,60.96305847167969,62.558443266709574,60.86636926898716,61.39816173388224,11010597
2020-02-20,60.5762939453125,61.30146846769528,59.9961550674407,61.15643282318431,7937566
2020-02-21,59.22264862060547,60.23789468098934,59.07761294052592,60.189548220905166,8611565
2020-02-24,57.33717727661133,58.30407662559072,56.0802066428693,56.51531357001324,14240786
2020-02-25,54.72654724121094,58.01400949359433,54.04971917171391,57.86897385008152,16269102
2020-02-26,52.93779373168945,55.79014586846731,52.212615383165826,54.96828200703748,18682881
2020-02-27,50.23046112060547,52.93778451675759,49.84370433561295,51.34239612788914,18910102
2020-02-28,52.59935760498047,54.09805283601859,47.668168754556405,48.103271911866095,30359552
2020-03-02,54.19474411010742,54.82322935064661,52.01922083912899,54.19474411010742,25039892
2020-03-03,52.59935760498047,55.01660929058666,51.584111971029294,54.38812407433933,21919391
2020-03-04,52.93779373168945,53.759657593119286,51.72916561759855,53.469586253709835,16665500
2020-03-05,48.73177719116211,51.87420062737227,48.10328806371288,51.2457152000957,21686251
2020-03-06,45.48943328857422,47.23158186054253,44.424784881345616,47.13479665184348,29787216
2020-03-09,39.73066711425781,41.90835488642064,39.24673732129867,40.31138582888613,24558063
2020-03-10,42.82781982421875,42.82781982421875,39.48870204509458,42.48906971139804,19850767
2020-03-11,39.73066711425781,41.90835488642064,39.48870221777824,41.71478074692897,20746329
2020-03-12,34.98815155029297,37.649769180201694,33.05243233133882,34.98815155029297,31583435
2020-03-13,37.98851013183594,38.907978761175706,34.79457271008033,37.74654528788008,22099041
2020-03-16,32.22974395751953,34.60099789775894,32.181349508189825,33.826712635404306,23255932
2020-03-17,34.26225662231445,35.472084830208445,30.487601576994336,33.43957670033168,24121739
2020-03-18,31.939395904541016,32.907255600832265,28.55188511559809,31.50385681890169,27873844
2020-03-19,31.358680725097656,33.439579806095686,29.76170963874087,30.971534255152857,19861762
2020-03-20,31.55225372314453,34.11708285725766,31.213503544038435,33.923512384582004,25306037
2020-03-23,29.56813621520996,32.08457428557173,29.18099161178146,31.21349985381935,21193467
2020-03-24,33.92350387573242,34.16546875780995,31.310280926987307,32.22974970118977,23974833
2020-03-25,36.58512115478515,38.714410628099614,33.6815388761391,36.05279693453331,27665082
2020-03-26,39.295127868652344,40.166202149996096,36.343154944055826,36.92386989700289,24714600
2020-03-27,36.87548065185547,38.08530518472457,36.48833606056799,37.16584002128279,18719196
2020-03-30,38.182090759277344,38.42405564461446,35.568867775328556,36.488332858071,17425331
2020-03-31,38.42405319213867,39.58548308608814,37.843338245163935,38.08529941121098,24307107
2020-04-01,34.068687438964844,36.53673099973109,33.87511328887416,36.3915513131248,19974760
2020-04-02,33.39117431640625,35.76243200405402,32.7620649827917,33.971892903647905,19561750
2020-04-03,32.56850051879883,34.11707505772538,31.84260585644139,34.0202898435137,19622924
2020-04-06,34.98815155029297,35.326905376687364,33.584756598089925,34.213866085019376,19672140
2020-04-07,34.020286560058594,37.50458356616592,33.875106900829756,37.214224247708245,19278732
2020-04-08,35.3268928527832,35.714033596249514,34.16545951084789,34.74617432989281,18589124
2020-04-09,34.5526123046875,36.48833130499311,34.3106474296493,36.052796011462895,25701070
2020-04-13,33.971900939941406,34.50422149904262,32.713681975071715,34.50422149904262,18874790
2020-04-14,33.53635787963867,35.036541565463345,33.100822592190895,34.35904140635651,21481602
2020-04-15,31.45545768737793,32.56849678274787,30.729561256367443,32.56849678274787,27732155
2020-04-16,30.19724464416504,31.6490340767985,30.00367234942923,31.358678412579906,33241115
2020-04-17,33.100826263427734,33.584756060418854,30.68117357462541,31.310283051483218,33287181
2020-04-20,31.50385284423828,32.665286555564506,31.261887950692813,31.98778633517586,20001786
2020-04-21,31.358680725097656,31.842610571662448,30.487604408588066,30.923141640881084,15539929
2020-04-22,31.116710662841797,32.13296465433076,30.971529140156346,31.890996067162757,15398901
2020-04-23,31.55225372314453,32.616898730555434,31.116718307700605,31.261894310283648,16611930
2020-04-24,30.294031143188477,31.93939479187255,30.245638530444474,31.891000327205056,31222349
2020-04-27,31.116710662841797,31.310281087960416,30.632779044275516,30.87474392759703,21475783
2020-04-28,32.90725326538086,33.48796830117242,31.7942139528697,31.7942139528697,28223273
2020-04-29,31.842605590820312,33.39118011682914,31.55224624676081,32.32653536168848,45188986
2020-04-30,32.90725326538086,33.004038487371645,31.01992662117314,31.745823193797733,35254082
2020-05-01,31.45545768737793,32.61688753237936,31.01992056954086,32.27813746957445,24151935
2020-05-04,30.05206298828125,30.53599276740626,29.761705491190902,30.48760015987842,27457604
2020-05-05,30.00366973876953,31.261886767188024,29.810097460876705,30.390814294555184,23474184
2020-05-06,28.939022064208984,30.245633502636743,28.890629459509405,30.00366862721566,23525367
2020-05-07,29.56813621520996,30.29403095769579,29.326171301048017,29.326171301048017,20196745
2020-05-08,30.439207077026367,30.6327793560383,29.81009763321841,30.052062519002508,18787072
2020-05-11,29.95528030395508,30.245637825575873,29.664922782334287,30.197245213959647,14414337
2020-05-12,29.035812377929688,30.390816572835572,29.035812377929688,30.100459060190992,19191335
2020-05-13,28.019550323486328,29.132589298781607,26.51936687367369,29.035804106113694,47299141
2020-05-14,27.58401679992676,28.551878110686683,26.51937028405239,27.196872275622788,28130338
2020-05-15,26.567766189575195,27.39044794301804,26.519373581001695,27.1484830482272,25779038
2020-05-18,30.342424392700195,31.40706923812527,27.777593796902607,27.777593796902607,51073738
2020-05-19,30.05206298828125,30.8263521164199,29.471346142177264,30.439207552350577,21766084
2020-05-20,31.06831741333008,31.31028230606507,30.439207951449777,30.63278023602243,18315596
2020-05-21,31.358680725097656,31.69743087692359,30.63278410332692,31.06832133561994,19827132
2020-05-22,31.019920349121097,31.358672261441978,30.342418376402374,31.358672261441978,13961540
2020-05-26,32.90725326538086,33.58475722701006,32.85886250630889,32.85886250630889,25984590
2020-05-27,35.278507232666016,35.95601111089713,34.310647724204195,35.08493681251221,29644242
2020-05-28,32.81047439575195,36.2463782204938,32.61690021044607,36.2463782204938,27831269
2020-05-29,31.794218063354492,32.52011287790227,31.165108483310284,31.74582729802637,25942336
2020-06-01,32.71368408203125,33.00403975919255,31.407070571340913,31.84260964285335,15083601
2020-06-02,34.117069244384766,34.74617858533412,33.19760431027518,33.39117470571533,22787385
2020-06-03,35.61725616455078,35.907615489209576,34.74618189442067,34.939756012141956,24642090
2020-06-04,37.456199645996094,37.50459040533256,34.69779672917694,35.37529699066246,25118482
2020-06-05,38.133697509765625,41.4244244993044,37.89173261675659,40.89210025314588,33669153
2020-06-08,40.940486907958984,41.472811100788455,39.24673282657865,39.77905701940812,31792699
2020-06-09,38.81119918823242,39.730664246959805,38.230480515513634,39.633879036122146,23603936
2020-06-10,36.827091217041016,38.61763084930037,36.39155214723935,38.56924008855372,23465356
2020-06-11,33.633148193359375,35.56887116433898,33.100827617205994,34.16547247335962,24979842
2020-06-12,35.08494186401367,35.956016287815174,34.26225820029468,35.52047722399096,20261430
2020-06-15,35.03655242919922,35.56887679344475,33.14922362274933,33.633153516118924,20497800
2020-06-16,36.14958190917969,37.45619522234759,35.27850760168323,37.40780076487973,19694772
2020-06-17,35.03655242919922,36.439951342279514,34.842981953390364,36.294771633499145,15090141
2020-06-18,35.23011016845703,35.42368427813154,33.971895122880234,34.50421559083138,15729550
2020-06-19,34.60099411010742,36.05278668877197,34.31063855745084,35.907607060520974,17792356
2020-06-22,34.068687438964844,34.746187704665005,33.68154284263037,34.697796945027505,15707761
2020-06-23,33.87511444091797,34.50422396837574,33.729938453221344,34.31065351554889,16168082
2020-06-24,31.60064697265625,33.391186739212024,31.55225250443288,33.391186739212024,29025298
2020-06-25,32.32654571533203,32.42333095973503,31.068326426549923,31.455471108009625,14836396
2020-06-26,31.40569305419922,32.22960639857056,31.26029570886314,32.08420905323448,17938840
2020-06-29,32.95659255981445,32.95659255981445,31.502626386549167,31.84188441843103,15103383
2020-06-30,33.10198211669922,33.2958464530798,32.27806888792987,32.52039652635611,13947676
2020-07-01,32.66578674316406,33.974358822034155,32.520393142755324,33.58663389901335,24202957
2020-07-02,33.053524017333984,34.11976888141591,33.00506070222137,33.24738840598539,14877567
2020-07-06,33.925899505615234,34.313624516521664,33.39278086134369,33.828969180238566,15133900
2020-07-07,32.76272964477539,33.39278235194799,32.714262625223675,33.39278235194799,12526487
2020-07-08,33.24736785888672,33.29583485344671,32.568848482036856,33.05350359004475,12928884
2020-07-09,31.89034652709961,33.1019848181111,31.89034652709961,33.1019848181111,14997186
2020-07-10,32.423458099365234,32.56885540455142,31.648011987370246,31.696475282833102,12725057
2020-07-13,32.471946716308594,33.05353261473579,32.18115562179563,32.76274152022283,13742084
2020-07-14,33.34430694580078,33.39277395316231,31.841874230381347,32.278066168438116,13946091
2020-07-15,34.60441207885742,34.943670002540614,34.071289834927406,34.36208446059815,18022606
2020-07-16,34.168216705322266,34.7982691913352,33.87742581828458,34.21668370786119,10502384
2020-07-17,34.2651481628418,34.65286931673227,33.82895630061748,34.21668116390631,12029771
2020-07-20,33.29584884643555,34.21669245488715,33.247381831506694,33.974364799042036,9844356
2020-07-21,34.1197624206543,34.652881042346046,33.441242752956235,33.63510710489837,14019625
2020-07-22,34.21669006347656,34.3620873887017,33.441240135208695,33.877432110884115,13143364
2020-07-23,34.1197624206543,34.50748741513896,33.78050444150507,34.21669274192556,13769391
2020-07-24,33.24736785888672,34.459005628906446,33.05350359004475,34.022817515458556,13131567
2020-07-27,32.52040100097656,33.19891699817021,32.423466964749046,33.15045368945628,14185812
2020-07-28,33.39278030395508,33.73203829181044,32.4234659381688,32.47193295474801,15255125
2020-07-29,31.938804626464844,33.92589258355022,31.599546702167075,33.87742928544998,29782982
2020-07-30,30.339445114135746,31.55108334792086,30.339445114135746,31.50262004420912,25586567
2020-07-31,29.418603897094727,30.4848468082891,29.07934588494651,30.29098429219012,28609840
2020-08-03,29.612462997436523,30.000187984910923,29.176272850202764,29.757860331414367,18011050
2020-08-04,29.75786018371582,30.048652995528432,29.563997690940827,29.563997690940827,14253587
2020-08-05,31.017961502075195,31.017961502075195,29.75785816650656,29.903253635207,21286984
2020-08-06,30.678701400756836,31.114891485646265,30.436373781895988,30.678701400756836,14027650
2020-08-07,31.017961502075195,31.308754294175703,30.290978594474105,30.484841074107656,16665861
2020-08-10,32.3265266418457,32.47192394182709,30.9210262092565,31.163355660791932,18929062
2020-08-11,32.617332458496094,33.92590118953147,32.42346808872051,33.2958521886107,18687596
2020-08-12,32.56886672973633,33.34431682077769,31.89035068212521,33.29585350846267,14073295
2020-08-13,31.987279891967773,32.76272995575608,31.938812871956017,31.938812871956017,10719714
2020-08-14,32.2780647277832,32.56885563077662,31.35721759480696,31.696475502998695,10111524
2020-08-17,31.35722541809082,32.423466413879794,31.26029509290996,32.32653608869893,11843460
2020-08-18,31.21182632446289,31.841878966888665,31.066430844849094,31.454153978518992,8564375
2020-08-19,30.92103385925293,31.841879325991066,30.775636523299617,31.357224012413077,10907008
2020-08-20,30.387916564941406,30.921037094721083,30.097121862607043,30.678709412575778,12793394
2020-08-21,30.581771850585938,30.921031658767085,30.19404874013562,30.290979054073283,12008403
2020-08-24,32.1326789855957,32.18114600823649,30.533313605951967,30.775641300355545,20622516
2020-08-25,31.938804626464844,32.47192687136063,31.405686090968068,32.22959925266237,13934033
2020-08-26,31.40569305419922,32.08420905323448,31.211828690617832,32.08420905323448,11497281
2020-08-27,31.40569305419922,32.132676071479786,31.26029570886314,31.599553708380768,14724301
2020-08-28,32.03573989868164,32.084203198683795,31.357220314059106,31.551080932866025,11870004
2020-08-31,30.7271728515625,32.42346653126808,30.33944784003555,31.551086182682397,28464920
2020-09-01,30.00018882751465,31.017964629846116,29.806326328332503,30.387913825878933,18695642
2020-09-02,31.21182632446289,31.260293339033932,29.903255879740076,30.048653214053648,16816680
2020-09-03,30.630237579345703,32.22960262677065,30.43637694785148,30.969497393859996,18884902
2020-09-04,31.114892959594727,31.79341255018677,30.339443058746447,31.16335996942244,17992270
2020-09-08,29.75786018371582,30.82410296662841,29.709395024197015,30.63023861915365,24206006
2020-09-09,29.85478782653809,30.04865030193504,29.17627008999855,30.04865030193504,21878280
2020-09-10,29.079343795776367,30.04865445193231,29.079343795776367,29.903257111628974,19526919
2020-09-11,28.83700942993164,29.321664645374316,28.740077274023452,29.273199494769933,14429505
2020-09-14,29.80632209777832,29.854787252020007,28.885476748388005,29.03087221111307,14847532
2020-09-15,29.56399917602539,30.145586683565185,29.176274170998862,29.903257164398713,17325133
2020-09-16,32.71426010131836,33.00505477739396,29.321671002934895,29.563998663198017,51360267
2020-09-17,34.168216705322266,34.7982691913352,32.326526249822386,33.00504573837425,52374245
2020-09-18,33.34430694580078,34.604412043210566,33.295843647838254,33.538167556448904,29148649
2020-09-21,30.775632858276367,32.22960048055934,30.19404729312284,32.132670171266945,32651524
2020-09-22,30.29098129272461,31.890346428494247,30.097118795822237,31.017964265083663,28269901
2020-09-23,29.612462997436523,31.114895932875,29.563997837677164,30.43637813214469,17785373
2020-09-24,29.370134353637695,29.95172181523933,29.07934155018673,29.56399684083824,19154738
2020-09-25,29.661407470703125,29.952680916085985,29.224496373746195,29.41867928992319,16006529
2020-09-28,30.09832191467285,30.632323600218037,30.00123137467027,30.243959582442216,16711586
2020-09-29,29.709951400756836,30.243954860697865,29.418677968457764,30.146862478088043,14761158
2020-09-30,30.243953704833984,30.535227126001164,29.807042644200653,29.807042644200653,19417934
2020-10-01,30.292503356933594,30.535231552722298,29.661409304776804,30.438141017512976,15885525
2020-10-02,31.020687103271484,31.06923236955999,29.370135045104732,29.370135045104732,18072625
2020-10-05,31.117774963378903,31.311957858028464,30.680862057093595,31.020682587171592,11693825
2020-10-06,29.95267868041992,31.943052958231448,29.66140525677769,31.214868470243303,34121508
2020-10-07,30.632320404052734,31.06923150400819,30.14686403916118,30.195411161862573,16710242
2020-10-08,32.282875061035156,32.37996559327435,30.777958806970357,30.875051196974884,20699139
2020-10-09,33.205230712890625,34.32178066202275,32.52558983642669,34.32178066202275,34410686
2020-10-12,33.15669250488281,33.593601694772644,32.71977959946283,33.593601694772644,17863963
2020-10-13,32.6226921081543,33.10814845997791,32.33142052637842,32.96251452685522,15105450
2020-10-14,33.10814666748047,33.44796906778318,32.62269034193979,32.62269034193979,19652097
2020-10-15,33.350887298583984,33.3994307145599,32.08869903470999,32.52560835614954,17907361
2020-10-16,35.389793395996094,35.681068669516534,33.69069630336395,33.78778682269403,33937143
2020-10-19,35.389793395996094,36.26361550102723,35.09851812247565,35.8752497081767,26250714
2020-10-20,35.63251495361328,36.020880674545765,35.29269634112092,35.68106206205341,19746677
2020-10-21,35.53543472290039,35.972343963021295,35.292706541604204,35.3412499485451,14809210
2020-10-22,37.477264404296875,37.62290207262259,35.53543873470334,35.58398586265558,19214348
2020-10-23,37.04035186767578,38.98217736703748,36.70053314839362,38.496720992197055,26597033
2020-10-26,35.82670593261719,36.70053183468791,35.34124957515381,36.215071761694,20917251
2020-10-27,34.467430114746094,35.92379914533071,34.418882994181104,35.92379914533071,19696497
2020-10-28,36.02089309692383,38.15690344092489,35.972345971741454,36.45780607697283,50860201
2020-10-29,35.778160095214844,37.57435146821018,35.48688481431552,37.18598566552118,24738095
2020-10-30,36.02089309692383,36.60344002145838,35.38979904720691,35.6325272420572,20539191
2020-11-02,36.50634002685547,36.79761527141093,35.583974611646205,36.40924951718026,21844975
2020-11-03,38.10835266113281,38.44817135822829,36.60343651117087,37.13743997484264,19636808
2020-11-04,38.10835266113281,38.9336314169038,36.55489310617462,37.3316210258885,25465824
2020-11-05,38.78799057006836,39.07926583813154,38.39962478449416,38.5938058195162,17215987
2020-11-06,39.27344512939453,39.5161732701599,38.64235122029858,38.933626475429,16878656
2020-11-09,42.33183288574219,45.68148444194816,41.79783304845559,45.39021281675484,38779589
2020-11-10,43.594017028808594,44.17656394065915,42.47746661370212,42.81728905151808,33051594
2020-11-11,43.1571044921875,44.27365482239279,42.86582920064511,44.22510770195892,17543666
2020-11-12,42.52600860595703,43.06000832924128,42.08909568814601,42.52600860595703,15954303
2020-11-13,44.904754638671875,44.904754638671875,42.962925302238794,43.01147242897371,26078809
2020-11-16,46.45820236206055,46.79802101461712,45.73001794278363,46.65238710318568,23830013
2020-11-17,46.99220657348633,47.283481832477754,45.29310956560636,45.8756563680592,18127238
2020-11-18,47.23494720458984,48.788410709180674,47.23494720458984,48.400044833032965,29867932
2020-11-19,46.89512634277344,47.38058273719635,46.16694175113908,46.70094155568579,17490999
2020-11-20,47.380584716796875,47.72040346398466,46.55530583937244,46.79803404672528,16078116
2020-11-23,48.885494232177734,49.856406925414056,47.866034418067414,47.866034418067414,21708341
2020-11-24,50.73023223876953,52.67205774567602,50.48750405040622,51.992420304471025,35369990
2020-11-25,50.97296142578125,51.26423674373608,50.196229721588864,51.118599084758664,22044528
2020-11-27,50.48750305175781,51.26423472536885,50.05059380755824,51.21568760244418,10865436
2020-11-30,49.41949844360352,50.438954557529705,48.35149149254202,50.438954557529705,25100464
2020-12-01,49.27386093139648,50.875867646914905,49.07967615996759,50.147683114000216,17408658
2020-12-02,50.63313674926758,50.875864913866465,48.59421719421267,48.93403959707536,15496290
2020-12-03,51.45841598510742,51.94387235410997,50.43895612398981,50.48750324710231,18348801
2020-12-04,52.81769180297851,53.06041997480314,51.0215040745824,51.79823199510293,27090138
2020-12-07,52.72059631347656,53.88569365785392,52.23514001553519,52.86623394596499,19542810
2020-12-08,53.206058502197266,53.54587720527369,52.38078344743151,52.52641738051392,18735107
2020-12-09,55.29351806640625,55.77897810297475,53.400239900569225,53.400239900569225,25307401
2020-12-10,54.95370864868164,55.73044037949353,53.69152051499504,53.78861105246381,19195227
2020-12-11,54.17698287963867,55.3906277359088,53.49734532703744,54.75953359961835,17853791
2020-12-14,52.57497024536133,55.099346522341534,52.3807891696848,54.71098065545758,15913996
2020-12-15,53.93424606323242,54.12843084414826,51.701145233649854,53.157518086161176,17377921
2020-12-16,53.06041717529297,54.12842404739675,52.91477953677607,54.031329811365325,11800604
2020-12-17,52.81769180297851,53.35169526720485,52.42932598495303,53.10896709538023,12528955
2020-12-18,52.526145935058594,54.032446414044465,52.18601464853062,52.38037432113283,23023775
2020-12-21,52.331787109375,52.817690017692414,50.339579978746,50.874074665474474,17218374
2020-12-22,51.55434799194336,52.28320245371424,50.97126144736762,52.04025096645728,17858164
2020-12-23,52.769100189208984,53.352182956946336,51.60293093478585,51.89447417812874,12139419
2020-12-24,51.74871063232422,52.72051663652864,51.602938987903755,52.72051663652864,6029070
2020-12-28,51.70012283325195,52.380385552165016,51.40857954288977,51.99166240466511,10793588
2020-12-29,51.31139373779297,52.33179141682824,51.214213891920224,51.79729668610527,10640944
2020-12-30,52.04025650024414,52.72051924932098,51.2628101707713,51.40858182241611,10156427
2020-12-31,52.47756576538086,52.62333741155106,51.40857989171446,51.748711253478895,9570828
2021-01-04,50.874080657958984,52.96346415362308,50.5339493258622,52.914876088437104,16040798
2021-01-05,52.331787109375,52.86627807715517,50.63112321131577,50.679714989726826,16793346
2021-01-06,55.19862365722656,56.46196915129639,52.62333344647758,52.62333344647758,26400690
2021-01-07,54.76130676269531,56.21901934266706,54.615535132803274,56.17042755972017,15105891
2021-01-08,55.101444244384766,55.587347252361624,54.226818086236605,54.858492740396336,14590235
2021-01-11,55.63594055175781,56.02466371248646,53.74091653781159,53.98386804839835,13493535
2021-01-12,57.239410400390625,57.87108495180328,55.44157030709957,55.927473236040306,18346073
2021-01-13,56.21902084350586,57.43377826012129,55.97606564123403,57.239414842093574,10776915
2021-01-14,56.65633010864258,56.996461429995016,56.26760700469039,56.41337863354104,11879594
2021-01-15,55.05284118652344,56.36477820708921,54.66411814218409,56.36477820708921,14768762
2021-01-19,55.53875732421875,56.6077431622023,55.392985682914414,55.781708820076325,12740305
2021-01-20,55.34439849853515,55.878893321449326,54.90708725720483,55.878893321449326,11840751
2021-01-21,53.78949737548828,55.538749383129336,53.78949737548828,55.392977762667854,13162304
2021-01-22,53.983848571777344,54.32398353904217,52.96345110787848,53.303586075143315,10617570
2021-01-25,53.4007682800293,54.17821435563735,52.3317827152792,54.12962258130636,18462763
2021-01-26,54.85848617553711,59.42597985425074,54.42117500827014,58.45417395459205,42495519
2021-01-27,55.295799255371094,56.1704252802817,51.70011531272716,53.83808673455443,29983117
2021-01-28,53.88667678833008,55.73310862197016,53.789496948443414,55.44156910231017,18879766
2021-01-29,51.89447784423828,54.61553591117424,51.845886060598865,53.449370293315226,21921317
2021-02-01,52.18601608276367,53.449365146243416,51.70011316895582,52.769098835543424,13379614
2021-02-02,54.61553192138672,55.15002662657946,52.67192022097444,52.8662799034363,16946953
2021-02-03,54.42117691040039,54.90707987721303,53.78950230975421,54.61553660954595,10877474
2021-02-04,55.63594055175781,55.87889206234457,54.372591209127,54.566954648965904,13396066
2021-02-05,55.39298629760742,56.12184079326821,55.00426315613188,55.92748108200493,10396669
2021-02-08,56.41337966918945,56.60773936525934,55.44157375094267,55.733113295047495,8517928
2021-02-09,56.0732421875,56.364785437892394,55.441571343230684,56.17042575026314,10581235
2021-02-10,55.39298629760742,56.31620422348047,55.295806441975785,56.31620422348047,9140985
2021-02-11,55.68452072143555,55.73310878204425,54.37257986287821,55.344385702432746,10398836
2021-02-12,56.996463775634766,57.045055560234275,55.295803379934775,55.441575014784526,11725144
2021-02-16,58.16263198852539,58.21122005321798,57.23941413198185,57.4337775475983,12100796
2021-02-17,57.628135681152344,58.06545056521603,57.14223273371398,57.53095583545439,8615357
2021-02-18,56.51056289672851,57.62814051333661,55.92748005470005,57.53096065949001,9802022
2021-02-19,58.40558242797851,58.45417421075384,56.75351015994975,56.94787357210241,12248665
2021-02-22,60.737918853759766,61.70972478187859,58.45417566647028,58.64853536451456,19388781
2021-02-23,61.175235748291016,61.46677530486732,59.18303204308316,61.22382381491265,14454364
2021-02-24,63.75051498413086,64.86808866957065,61.46676467923616,62.19561902310465,21426186
2021-02-25,62.00126647949219,64.47937674003641,61.51536352772432,63.65333874687213,18526244
2021-02-26,60.93228530883789,62.389994273697525,60.3006106802756,61.61254800485949,17802448
2021-03-01,63.70193099975586,64.57655334423394,62.147038567464485,62.77870943426562,15657201
2021-03-02,63.07025909423828,64.38220018196375,63.02166730619325,63.89629717730959,15490231
2021-03-03,65.30541229248047,66.18004213532775,63.41039212315807,63.6047518311582,23589309
2021-03-04,65.93709564208984,68.65815407417354,64.04206789113442,67.44339650966282,33418377
2021-03-05,66.131591796875,67.15274206022592,63.89478823034036,67.10411443942198,21061930
2021-03-08,68.90328979492188,69.72993708429789,67.1527474101973,69.09779285025049,28835014
2021-03-09,68.0766372680664,70.11893780035116,67.2499974856715,68.56289859066916,22966413
2021-03-10,64.42967224121094,66.81235104441309,62.825005537793864,66.37471737743839,44186284
2021-03-11,59.664302825927734,62.533250146655014,58.10826757513545,61.706603046889214,61355743
2021-03-12,61.17171859741211,61.36622162215722,59.46980410497324,59.518428000313925,26996039
2021-03-15,64.91593933105469,64.96456695248588,61.90111612291709,61.94974374434829,22351422
2021-03-16,63.943416595458984,64.91593924932633,63.55441051126526,64.81868400658638,14938641
2021-03-17,66.18022918701172,66.18022918701172,63.846170034322185,64.18655598681359,15895858
2021-03-18,64.42967224121094,66.56922040238466,64.13791398210034,66.08295911832779,12792812
2021-03-19,64.28380584716797,64.91594262772662,63.11677264708518,64.1865505993666,13737991
2021-03-22,63.84614181518555,64.38103059980808,62.8736194589194,63.99202463465393,10591427
2021-03-23,61.560733795166016,64.08929194820053,61.025844847429774,63.019521496111075,13172818
2021-03-24,60.7827033996582,63.3112611040554,60.7827033996582,62.046984112702226,12454218
2021-03-25,62.4846305847168,62.87363665627286,59.46980747831752,60.29645096291125,14725103
2021-03-26,63.16538619995117,63.8461504527601,61.80385397264245,62.9708831910603,12143472
2021-03-29,62.97088241577149,63.45714365370276,62.144235333935654,62.8249995783631,10786807
2021-03-30,64.67281341552734,64.96457172215221,62.7277679625396,63.11677407578372,10618713
2021-03-31,63.84614181518555,65.30492534958476,63.84614181518555,65.06179476051824,12557044
2021-04-01,64.57555389404297,64.96456742493858,63.94341714098937,64.33242322850188,11874438
2021-04-05,65.4508285522461,65.9857175034478,65.01319484431127,65.49945617387954,10180082
2021-04-06,65.15906524658203,65.64532653869325,65.01318983630166,65.45082351052527,8035938
2021-04-07,65.11043548583984,65.79120722709663,64.47829880425255,65.15906310212708,8379669
2021-04-08,65.40220642089844,65.64533710609254,63.65166399882418,64.47831130583761,11018763
2021-04-09,66.131591796875,67.24999730183379,65.25632439593589,65.64533047560151,12689464
2021-04-12,66.08295440673828,66.52059548589237,65.49944537350255,66.18020963396849,8442187
2021-04-13,65.35356140136719,65.83982264233721,64.47829414497383,65.6939472473989,10277370
2021-04-14,66.52059173583984,67.05547312530689,65.2563110700293,65.30493123752163,12968951
2021-04-15,65.88845825195312,66.86098085192766,65.35356933329061,66.76373305795978,10208753
2021-04-16,65.11043548583984,66.5205991412584,64.91593246407315,66.27746850320447,10036727
2021-04-19,65.4508285522461,65.49945617387954,64.04066474179167,64.77006417952714,9003729
2021-04-20,63.505767822265625,65.20768206273057,62.72774839509111,65.20768206273057,12330465
2021-04-21,64.91593933105469,65.06181475196523,62.09562288695035,62.873638778008825,9953202
2021-04-22,65.20771026611328,66.52061908253576,64.5755659516421,64.91595192431001,10555051
2021-04-23,65.88845825195312,66.18021652062201,64.96456327065384,65.6453276019595,9357311
2021-04-26,65.9857177734375,68.07663852178308,65.88846252977268,66.27747606104884,18815482
2021-04-27,65.5967025756836,65.83983323528581,62.77638990165097,65.64533019628063,30050351
2021-04-28,64.1865463256836,64.91593830547909,63.943415665751765,64.81868306415318,13261158
2021-04-29,64.23516082763672,64.624166826728,63.60301677488662,64.08927799544144,11066635
2021-04-30,63.79753494262695,64.91593290796973,63.603024476147944,63.99203796572366,10011667
2021-05-03,65.40220642089844,65.79121998323922,64.04067011778126,64.38105605440649,12734908
2021-05-04,63.79753494262695,65.11043593106643,63.5544043029105,64.86730529134998,15557003
2021-05-05,64.23516082763672,64.624166826728,63.65164438561838,63.992030217359314,11168297
2021-05-06,64.23516082763672,64.72142204819153,63.359886164609215,64.28378843836848,12595406
2021-05-07,64.67281341552734,64.8673164721494,63.55441525741283,63.99204899565835,10810442
2021-05-10,64.91593933105469,66.03434485044001,64.67280866728176,64.72143628871295,13154138
2021-05-11,63.651641845703125,64.62416424800583,62.9222500439761,64.13790304685448,13645738
2021-05-12,62.3387451171875,63.84615279563419,62.09561448630664,63.603022164753334,14215045
2021-05-13,63.0681266784668,63.40851250337966,61.85247737315614,62.24148336444405,13158312
2021-05-14,64.47830963134766,64.67281268577499,63.359904042469374,63.79754521916025,10167742
2021-05-17,63.943416595458984,64.86731162795635,63.797541174732096,64.33242267965271,15316179
2021-05-18,63.0681266784668,64.5269177542496,63.0681266784668,64.08927670982413,9816408
2021-05-19,63.651641845703125,63.70026945449448,62.19285824224908,62.72774705219178,11921066
2021-05-20,63.505767822265625,63.74889842804633,62.82499617137464,63.65164320838154,9324527
2021-05-21,64.33242797851562,64.57555866200838,63.45716049529515,63.7489188041632,10697965
2021-05-24,64.08927917480469,64.72142323918742,63.79752839180816,64.62416801593422,7827397
2021-05-25,63.79753494262695,64.62417465163352,63.70027970938745,64.18654098882037,9496071
2021-05-26,65.15906524658203,65.3049406568624,63.40852310630511,63.79753660602359,12092309
2021-05-27,69.7785415649414,70.02167963362386,66.08295457169612,66.1315821854326,37035234
2021-05-28,68.3683853149414,69.7299212804247,68.22250991735262,69.48679065552217,14560581
2021-06-01,68.8060302734375,69.72993275480499,68.56289960852669,69.19504380332462,10087388
2021-06-02,68.5142593383789,68.95189291820526,68.12524592257034,68.95189291820526,8012785
2021-06-03,68.5142593383789,69.87578768525665,67.78486755754135,68.02799815115387,12672972
2021-06-04,67.88211822509766,69.04914363555183,67.39585701712664,68.85464064103968,12855029
2021-06-07,67.63899230957031,68.4170117849293,67.39586168873198,68.07662593840294,7493597
2021-06-08,67.59036254882812,68.02800360713506,66.71509531897725,67.93074838453764,8852489
2021-06-09,66.76371765136719,67.15272362423578,66.47195945002528,66.95822063780149,11189043
2021-06-10,66.2774658203125,67.44449134705404,66.08295536303729,67.15273310452316,9999489
2021-06-11,66.56920623779297,67.00684725502882,65.98569728711317,66.37470325423304,8500031
2021-06-14,65.49944305419922,67.24998497868424,65.20768482622145,67.0068543625997,9114079
2021-06-15,65.83983612060547,65.98571898878963,64.72143801477651,65.4022024028195,7629388
2021-06-16,65.35356140136719,66.37471149608058,64.62416953991215,65.64531963462555,14070907
2021-06-17,63.21402359008789,65.69395780630815,62.776389891550885,65.20769648718193,15451709
2021-06-18,62.14423370361328,63.31125915535568,61.99835831341353,62.43599192739425,16465184
2021-06-21,64.1379165649414,64.1379165649414,62.5332572402869,62.67913265402543,10825169
2021-06-22,63.359893798828125,64.1865409507264,62.9222601362747,63.79753490476386,7678083
2021-06-23,62.97088241577149,64.13790789813021,62.922254803302025,63.31126081629437,8763306
2021-06-24,63.943416595458984,64.18654725892581,62.82501107748172,63.505782889895286,9594524
2021-06-25,64.04072570800781,64.43002772580529,63.748745470136946,64.04072570800781,6844839
2021-06-28,62.72682571411133,64.08939038514961,62.24019441030531,64.04073321400614,12396856
2021-06-29,63.70008087158203,64.38136312742076,63.06746323024154,63.55409447713285,13883493
2021-06-30,65.50064849853516,65.84129350197169,63.50545801208295,63.992089474678664,13754002
2021-07-01,65.59796142578125,66.32791596973337,65.01400821928651,66.08460027143194,9368346
2021-07-02,65.01398468017578,65.88991789729943,64.77066906996976,65.88991789729943,6653090
2021-07-06,62.8728141784668,64.81934690629265,62.38618658329532,64.6246884191774,14172730
2021-07-07,63.164798736572266,63.651430089213726,61.9968849800422,62.67816738393081,12250973
2021-07-08,62.629486083984375,62.970130919756805,61.364247138696,61.94820386148468,10798825
2021-07-09,64.04072570800781,64.18671210242049,62.97013398549647,63.310778837853405,8290767
2021-07-12,63.797420501708984,63.94340691995887,62.77549322681953,63.554104838594675,11187237
2021-07-13,62.72682571411133,63.70008832172336,62.678161093921446,63.70008832172336,7907410
2021-07-14,62.337528228759766,63.16480081050797,61.899561486811805,62.67816944188859,8970443
2021-07-15,62.09420394897461,62.872811796271534,61.16960224187284,61.75356278299951,10310877
2021-07-16,61.07228469848633,62.6295043208722,60.9262945441481,62.28886311043212,9141767
2021-07-19,58.39580535888672,59.563719007879115,57.5198682598808,59.32040335396209,19842400
2021-07-20,61.80222702026367,61.99688178600592,58.34714310470342,58.44446862531285,15072405
2021-07-21,63.65142822265625,63.79742209359576,62.142873308419766,62.2401988311893,13548149
2021-07-22,61.80222702026367,63.55410501385038,61.80222702026367,63.505440391283976,8712244
2021-07-23,61.85089492797851,62.67816748388352,61.46158910033981,62.28886165624482,7579911
2021-07-26,62.8728141784668,62.970143422024414,61.461584841161205,61.60757498197431,10800049
2021-07-27,63.65142822265625,65.54929640154128,62.28885973031233,64.86800656858412,23964901
2021-07-28,63.894718170166016,65.59792716881542,63.45675163175068,63.992047378277846,13757312
2021-07-29,64.6733627319336,65.1113294954767,63.70009994670547,64.18673133931954,10889854
2021-07-30,63.01881790161133,64.33272564993584,62.8728240134376,64.0407453226362,12050777
2021-08-02,61.19393157958984,65.21472921507149,61.09052392290467,63.554098490381975,39943542
2021-08-03,62.69032287597656,62.775487820159626,59.67929180426782,60.950616779449454,23177543
2021-08-04,62.59907913208008,62.92755971643746,61.71706365910657,61.92996112018615,22702917
2021-08-05,62.66598892211914,63.651415698619,62.361844395480574,62.653824630862694,13050690
2021-08-06,63.57844161987305,64.02858012408065,62.87282312627612,62.87282312627612,17637083
2021-08-09,63.08570861816406,63.426353485052594,62.06378519106725,62.994465255502405,12768033
2021-08-10,64.52737426757812,64.67944657299488,62.775499819367646,63.146551775156,12930790
2021-08-11,64.50304412841797,64.60645926479724,63.15264342262564,64.60645926479724,13330458
2021-08-12,64.79501342773438,65.22690172062478,64.01640179568884,64.59427651062973,10270509
2021-08-13,63.82172775268555,64.85581897522285,63.61491248779579,64.78282579049966,9020462
2021-08-16,62.86673355102539,63.44460822289105,62.19152963901644,63.40202947372075,11101144
2021-08-17,61.81439971923828,62.81807690835885,61.04795234065455,62.37402429851422,13125487
2021-08-18,61.6866569519043,62.939731913933514,61.29126898612417,61.485920033314216,10427487
2021-08-19,60.47615432739258,61.3277628634001,59.977358713332606,60.82896352481679,17344153
2021-08-20,60.859378814697266,61.23652032822643,60.281504113286985,60.579566546287495,10203095
2021-08-23,61.419002532958984,61.729229236390665,60.99319642836644,61.1939333259227,9642436
2021-08-24,62.81806564331055,62.964052046838766,61.47374748507335,61.613651742541734,11007246
2021-08-25,63.68793869018555,63.949504566004194,62.380116760140425,62.87282659924018,12627427
2021-08-26,62.88498306274414,63.639258594372635,62.55650246745071,63.541929355238366,13107992
2021-08-27,64.53343200683594,64.5699323280563,63.20128201796995,63.20128201796995,12473178
2021-08-30,63.98599624633789,64.75852956364196,63.7487664152125,64.67945047025083,11469513
2021-08-31,64.11983489990234,64.69770977693577,63.54195257381989,63.83393294886764,17641256
2021-09-01,63.0552978515625,64.15630413835423,62.81198220356842,64.08938935553735,12789542
2021-09-02,64.63685607910156,64.68551324876066,63.2499554157553,63.26211970817008,13633178
2021-09-03,63.71834945678711,65.30598733844067,63.310797159484345,64.47871099990708,12225833
2021-09-07,62.83023452758789,63.833911610078,62.23411340421682,63.566267367699254,17639170
2021-09-08,62.39835739135742,63.70618292410779,61.08445343590422,62.62342663492926,19263203
2021-09-09,62.83023452758789,63.821747317069246,62.1124555760362,62.264527861261975,15066205
2021-09-10,62.0455436706543,63.231707479265005,61.91171782676377,62.83023367211665,15350467
2021-09-13,63.54193878173828,63.78526191567115,62.057716083556016,62.44093977706008,20038302
2021-09-14,61.060115814208984,63.59668384715307,60.87154691943709,63.59059797593189,25717763
2021-09-15,62.14286804199219,62.33143692472565,61.24868079880089,61.30950971094221,13007192
2021-09-16,61.644073486328125,62.47134601040668,61.327764608585085,62.28277711311665,9601506
2021-09-17,61.11486053466797,61.96038318396997,60.90804148221289,61.528494915054864,17203387
2021-09-20,60.71337890625,60.749879229560655,59.16832394503255,59.91652098053649,16217539
2021-09-21,58.89459991455078,60.822878672340714,58.52354429381618,60.76813190627619,25342171
2021-09-22,59.94085693359375,60.23891933678175,59.4055610370715,59.41164318315227,18002884
2021-09-23,62.629486083984375,63.31077575552924,60.53697480436849,60.54305694975245,18620844
2021-09-24,63.18955993652344,63.433064783354475,62.459045396030334,62.495570377571134,10528608
2021-09-27,64.1331558227539,64.72974432431612,63.54874107533781,63.646146018187245,12971559
2021-09-28,64.36447143554688,64.985407295529,63.755709326772546,64.0966116347831,20146646
2021-09-29,64.69929504394531,65.13760230143212,64.10878979396168,64.52884015080072,11876404
2021-09-30,62.7208251953125,65.19239533536688,62.6721227267493,64.74800487868221,14356273
2021-10-01,64.41926574707031,64.76625870498611,63.11042703636867,63.42089873572671,12992425
2021-10-04,63.85921478271485,65.18631803217153,63.67658610035403,64.16359591998287,12288913
2021-10-05,63.85921478271485,64.5288532847045,63.15913816699839,63.95661227373632,9208740
2021-10-06,63.51222229003906,63.56700791325349,62.13032967923173,63.116526808395506,11257962
2021-10-07,64.23056030273438,64.85149630811412,63.51221935520713,63.8226836304769,10684302
2021-10-08,63.74961471557617,64.66275782132499,63.71309346424901,64.14531006140066,6859525
2021-10-11,63.36001968383789,64.38274161000089,63.29305286388351,63.82267445542747,6615872
2021-10-12,62.5320930480957,63.33565752197285,61.825929763867435,63.04345022560708,13722903
2021-10-13,62.31294631958008,62.824307280970594,61.59460547769584,62.21554139175746,12065484
2021-10-14,62.544281005859375,63.098257619696895,62.319040470669606,62.787785899002905,9853826
2021-10-15,63.56089782714844,64.46795781842238,62.81820956481905,63.09824310947291,9069257
2021-10-18,63.38436508178711,63.65830804639523,62.72690047575985,63.11651272055028,6653913
2021-10-19,63.75572204589844,63.901821999215514,63.05564548114423,63.664407711365286,6767714
2021-10-20,64.52885437011719,64.54102812484459,63.23218921257665,63.76790151414746,9803748
2021-10-21,62.79386901855469,64.76625543598276,62.708637843209594,64.38274123886664,11588129
2021-10-22,63.34175491333008,63.62178103394465,62.42861167359741,62.7329927535083,8595273
2021-10-25,64.10271453857422,64.52275749229581,62.903454445128624,63.09216626215779,10427005
2021-10-26,65.40543365478516,67.55437230199085,64.05398360549412,64.38271953413458,18781193
2021-10-27,63.220001220703125,65.91681902590452,63.122596295138344,65.6733141668315,14420637
2021-10-28,64.07836151123047,64.15141148104023,62.763432235297934,62.93997028357477,9487384
2021-10-29,63.8409309387207,64.06617142058565,63.38435937216816,63.88963339678728,9018536
2021-11-01,64.66885375976562,64.99758232302325,64.0905297450741,64.38273705399122,7844250
2021-11-02,64.94889068603516,65.22283368601492,64.1027141791447,64.73582390827312,7192101
2021-11-03,64.51058197021484,64.73582249654051,63.81050542997798,64.62625126280997,6599661
2021-11-04,64.04792022705078,64.7723441952424,63.48785309165279,64.4496987685037,7505094
2021-11-05,66.19686889648438,66.75083811438478,65.04630368113902,65.09500615591419,12202399
2021-11-08,66.00203704833984,67.1526018810637,65.94116083882551,66.59862539254796,8305554
2021-11-09,67.74919128417969,70.71995184587924,67.2560909974712,69.84332994226843,40325875
2021-11-10,66.33078002929688,68.59537377045254,65.81333219399984,68.48579509083359,13952431
2021-11-11,65.13760375976562,66.72038538684338,65.00367757459611,66.08118511436966,8848557
2021-11-12,65.49677276611328,65.70375638216981,64.80887746009434,65.38111093275772,12240118
2021-11-15,64.93672943115234,66.15425410984798,64.65061262262712,65.76464919460189,9831034
2021-11-16,62.91562271118164,64.65668550645162,62.59297726879171,64.62015679416625,19257424
2021-11-17,62.08769989013672,63.23826480818856,61.74070696113906,63.12868613196855,13334471
2021-11-18,61.28413772583008,61.97203673450801,60.37708135623713,61.74679622485815,13692888
2021-11-19,60.85191345214844,61.32674942969208,60.45013117052974,60.75451225166808,10598911
2021-11-22,61.509376525878906,62.075526813474426,61.04671803971003,61.16238359310712,9962170
2021-11-23,62.14249420166016,62.22163477719946,61.5763438749121,61.95986554495688,9648856
2021-11-24,62.23380661010742,62.288595950912104,61.673746904463016,62.00856609808991,8943739
2021-11-26,59.56134414672851,59.71962157669062,58.14292669887839,58.843003244120666,13815999
2021-11-29,59.902244567871094,61.13803323471468,58.946485747121365,60.43186987969814,15692352
2021-11-30,57.82636642456055,59.311750654471275,57.50981157387122,58.83082404712676,18313148
2021-12-01,56.61492538452149,58.98301465043401,56.57840040055024,58.776034771370895,13895451
2021-12-02,57.972469329833984,58.30728853292551,56.49926259977943,57.34544278580378,9782400
2021-12-03,56.47491455078125,58.04552247022877,55.8418011364528,57.91159255382908,12973646
2021-12-06,58.447296142578125,58.983008274310485,56.76102291190137,57.13236704240217,10721861
2021-12-07,59.384803771972656,59.85963980057365,58.623850987304365,58.80647965562475,8104115
2021-12-08,59.82919692993164,60.23097922279178,59.03780236941002,59.38479904806806,7635106
2021-12-09,59.55524444580078,59.77440179103264,59.049974122430065,59.518719464068575,6527432
2021-12-10,59.01953125,59.99963743899398,58.715150214447895,59.7135207565426,6863859
2021-12-13,56.69407653808594,58.68473140140488,56.50536097949393,58.42296213381516,11843339
2021-12-14,56.0731315612793,57.26022160697692,55.83571355213977,56.462740124044174,11654259
2021-12-15,56.05486297607422,56.25575224189785,54.89821120525195,56.14009041949304,12350388
2021-12-16,56.32880783081055,57.4306665743093,56.12791483080172,56.32272095480835,11440140
2021-12-17,55.671348571777344,56.657545583792256,54.85560646872891,56.280110778915,14550168
2021-12-20,54.82442855834961,54.89754622600434,53.721604913380666,54.83661670163386,9651745
2021-12-21,56.70105743408203,57.07273050439422,55.27530586714026,55.27530586714026,12227117
2021-12-22,56.707149505615234,57.09709916761482,56.15268790632605,56.61575522845986,7485993
2021-12-23,57.2737922668457,57.60281241350649,56.84728563653663,56.84728563653663,6236589
2021-12-27,57.65156555175781,57.68203031530946,56.93868784623895,57.04836248729839,5503703
2021-12-28,58.065887451171875,58.54113552108043,57.42003148352499,57.53579833040605,6503676
2021-12-29,57.75513458251953,58.17554899525652,57.54188127337442,57.8830895525531,5602577
2021-12-30,57.7003059387207,58.48020158334115,57.59672351272064,57.67593338373931,5247049
2021-12-31,57.56016159057617,57.86480917490966,57.212861106026125,57.578438207226306,6092452
2022-01-03,58.63862609863281,59.36978042349076,57.73077166844703,58.01714268409331,7415209
2022-01-04,60.545711517333984,60.96003374893803,59.76581589347443,60.18623033099079,12237390
2022-01-05,60.545711517333984,62.02020815159739,60.49697013935214,60.76506077564398,9461542
2022-01-06,60.89910507202149,61.58761015536683,60.57617711667896,61.203752678690506,6864983
2022-01-07,61.78258514404297,62.29439388605672,60.78943615235835,60.80771277094384,10029103
2022-01-10,60.576175689697266,62.14816252603518,60.283716232594465,61.977558378046055,9259300
2022-01-11,62.02021026611328,62.37360298927609,60.911290716981256,61.10626742760619,9107137
2022-01-12,62.29438781738281,62.52592147571142,61.77039471402576,61.800859472717256,7316816
2022-01-13,62.42844772338867,63.15350987422526,62.02630984211728,62.32486528430693,7034320
2022-01-14,62.85493087768555,62.92195632388106,61.48401688940395,61.940991949513894,7030789
2022-01-18,62.6904296875,63.20224211039507,62.24564644896353,62.48936451852318,13499795
2022-01-19,61.30733108520508,62.75135915389938,61.21593680919447,62.56857060187816,9147425
2022-01-20,59.8632926940918,62.02019811657506,59.69268857205116,61.06969849686391,9045502
2022-01-21,58.67517852783203,59.92423373613256,58.407087883328394,59.52819184081776,12964978
2022-01-24,59.046844482421875,59.36977242466657,56.23189847256311,57.63327740640126,15847565
2022-01-25,55.51293182373047,56.2745508529488,53.800812992184355,55.51902402982752,33629909
2022-01-26,54.42229080200195,56.00036612373798,53.648483655865626,55.756648042564336,17073695
2022-01-27,54.77567672729492,55.91505712338126,53.66066515176089,54.83660624004142,12527109
2022-01-28,56.11613464355469,56.15269161069184,54.13592517455471,54.410108024108546,10398756
2022-01-31,57.566253662109375,57.61499876776251,55.46418533510204,55.817574293696296,11238219
2022-02-01,59.68051528930664,59.9668825503921,57.73076685490344,57.88309439056499,13080224
2022-02-02,59.735347747802734,60.06436788593757,58.58987133523943,59.509906296357045,8926564
2022-02-03,59.90595626831055,60.41776502685397,58.82750516301278,59.19308231473184,9972924
2022-02-04,60.32637023925781,60.96003804312576,59.49163724201995,59.52819421075233,10278374
2022-02-07,60.86863708496094,61.28905150601644,60.01562383150237,60.54570914673548,7039456
2022-02-08,60.5091552734375,61.234217322057525,60.09483676757134,60.917385304002025,8279712
2022-02-09,60.47260284423828,61.21594529727144,60.39339296843942,61.08189810212595,10632457
2022-02-10,60.192325592041016,61.34389433388442,59.71098160960363,59.94860749771155,8848717
2022-02-11,58.99810028076172,61.069707684573,58.59596619623236,60.33245751047198,11966771
2022-02-14,58.85796356201172,59.34539971160285,58.22429582140659,58.92498528644385,11172731
2022-02-15,61.49012756347656,61.77040263323403,59.68051842679297,59.70489098300746,10741924
2022-02-16,61.78866958618164,62.093317146100574,60.862538765618375,60.98439778958595,7850670
2022-02-17,59.99124526977539,61.19155889462181,59.637852607891446,61.142813792747184,6229366
2022-02-18,56.475608825683594,60.30198730999777,56.00645308686658,59.966871271393515,25110235
2022-02-22,57.36518478393555,58.01713285152056,56.280637893595234,56.44514982721753,12349746
2022-02-23,56.45124053955078,57.79778580855153,56.24407944195967,57.14583775821134,11839969
2022-02-24,56.384220123291016,56.7193324642779,53.4352307764698,55.19609455070115,18285861
2022-02-25,58.71782302856445,59.35758296239297,56.7010530145204,56.914310056479735,11191511
2022-02-28,58.1938362121582,58.3827169907039,57.353007287427616,57.73686478147496,10142743
2022-03-01,56.25627517700195,58.528947890532194,55.976000115691434,57.85872313359318,10806289
2022-03-02,57.371280670166016,57.85262836015514,56.71324408550944,56.94477775626918,7131107
2022-03-03,56.32938003540039,58.065874901957145,56.04301281403823,57.846525668668846,7420184
2022-03-04,54.3126220703125,55.12907469026431,53.325561563777235,54.97065867731919,13545059
2022-03-07,52.06840133666992,54.404099879757,52.013514758413194,54.07478414425147,11428423
2022-03-08,53.757667541503906,55.16030545739837,52.17207311993618,53.0746416202996,11006283
2022-03-09,55.648170471191406,56.709297121047435,55.556694100238886,55.77623664371808,10394261
2022-03-10,55.696964263916016,55.861620252506384,53.330770032740595,53.525921881699645,13026132
2022-03-11,56.27631378173828,57.09350350148419,55.898209180704,56.59343039702618,11342229
2022-03-14,56.37997817993164,57.31913628089903,56.06895928347747,56.37388050236078,9700540
2022-03-15,56.31900787353515,57.056916659037746,55.654278705060854,56.8678662033522,8189827
2022-03-16,57.75213623046875,58.203416716199186,56.55684188243307,57.00202842369479,8954332
2022-03-17,58.25830078125,58.28269522824708,56.904448180273754,57.447208756312385,6982315
2022-03-18,58.294898986816406,58.490050856885986,57.666763356805994,58.294898986816406,11872231
2022-03-21,57.825313568115234,58.37417182446783,57.11179559443619,57.59966960008294,8799280
2022-03-22,57.87408828735352,58.68518016902815,57.69113556824198,58.08143544915334,7730288
2022-03-23,57.14228820800781,57.72774000701353,57.02642111790432,57.678951112418225,7854202
2022-03-24,57.39842224121094,57.58137498831797,57.11179403032265,57.56307821999352,8561245
2022-03-25,57.33744430541992,57.88020492840596,56.96544109214907,57.59357668595794,9227359
2022-03-28,56.105560302734375,57.1057028474835,55.32496033267779,57.08130839828771,12069336
2022-03-29,57.72164535522461,57.91679347576908,56.727600514491655,56.727600514491655,13794811
2022-03-30,57.6789436340332,58.02045464981814,56.89834382592421,57.093495644968456,9042452
2022-03-31,55.80064010620117,57.294754406524326,55.78234333544042,57.17278589221223,13203013
2022-04-01,56.40437316894531,56.447064380421665,55.562789103086615,56.16653386911272,9054811
2022-04-04,56.11775588989258,56.30070865855729,55.43473371382491,56.21533368707493,8249536
2022-04-05,54.94685363769531,56.31290157404263,54.83098281677563,55.8982071836041,10787509
2022-04-06,54.83098983764648,54.989548159928255,53.55641811239536,54.50167410119365,10556215
2022-04-07,54.55655670166016,54.93466131003119,53.111227667623,54.77609926527598,11391666
2022-04-08,54.72731399536133,55.05052829464722,54.0442881238624,54.57485336342424,6447980
2022-04-11,54.684627532958984,55.85552752846921,54.294327534455576,54.605350237879094,8655143
2022-04-12,54.8858642578125,55.7030538719771,54.45897455098381,54.8858642578125,7240254
2022-04-13,55.34325408935547,55.77014385791369,54.87977451601346,54.98344625190663,6362268
2022-04-14,55.39202880859375,56.197023032253114,55.270064060318674,55.520098702245235,6146543
2022-04-18,55.12980651855469,55.800633265027656,54.824885270157885,55.47741524811329,6291965
2022-04-19,56.04457473754883,56.26411730711281,55.373747937526566,55.373747937526566,7394824
2022-04-20,55.739654541015625,56.78248830113997,55.64817815742821,56.41048135399001,6424385
2022-04-21,55.93479919433594,57.19107777153132,55.75794785093703,56.68490698681399,7225326
2022-04-22,54.31871032714844,55.67866048403307,54.26382375985086,55.42862582638199,7967682
2022-04-25,54.812686920166016,54.885870261190384,52.80020665356419,53.971106503644094,11080599
2022-04-26,49.147239685058594,51.97691305055395,47.81778542363698,51.80615567596981,46154289
2022-04-27,47.695831298828125,49.85467490509329,47.48848406269462,48.78745032767754,20213257
2022-04-28,47.40309143066406,47.99463710054986,46.25658615624748,47.805586692011495,19277327
2022-04-29,45.46380233764648,47.64704029927285,45.341833819880435,47.256740295614485,16677077
2022-05-02,46.07363510131836,46.24438874935681,44.280697525692574,45.183265858303535,18536095
2022-05-03,47.360408782958984,47.73241572377348,46.335875544649134,46.8664370668065,12595004
2022-05-04,49.0496711730957,49.25701837017372,47.09207749234282,47.68362322450256,12019739
2022-05-05,47.92756271362305,48.83622883380369,47.29942714560426,48.40933906107778,11491503
2022-05-06,47.7080192565918,47.80559331315472,46.46393976681966,47.769003508697935,8609237
2022-05-09,44.50025177001953,46.93352456744868,44.23801795014795,46.823755136413126,11266308
2022-05-10,44.70759582519531,45.55527775235965,43.384235195295624,45.12838794930199,10974181
2022-05-11,44.177032470703125,45.482096386638005,43.945294522213594,44.982026946287135,12465152
2022-05-12,44.689300537109375,45.256455645032574,43.40253340629014,43.75014219241403,13844409
2022-05-13,45.76871871948242,46.32977234737168,45.2198604484468,45.36622340086321,8309406
2022-05-16,45.51258087158203,45.9821618369682,44.96372262162233,45.31743276521012,10451563
2022-05-17,46.59199523925781,47.079869143958554,46.21999213373023,46.476124440084654,7218585
2022-05-18,45.86018753051758,46.66517803492309,45.628445916262145,46.13461662075136,11337253
2022-05-19,46.18949890136719,46.67737279430856,45.4028015021925,45.7382148035897,9992827
2022-05-20,45.89068603515625,46.61639936597412,44.68319637654941,46.41514984486149,11782667
2022-05-23,46.01875305175781,46.592005766106816,45.74432391836,46.36026411540152,8467508
2022-05-24,45.445499420166016,45.65894429738962,43.945287601344205,45.57356559969328,9837776
2022-05-25,45.45160675048828,45.48819655882676,44.286804424463035,44.80517062235712,11389740
2022-05-26,46.96400833129883,47.390898088686605,45.55527287872606,45.872389490600334,7528368
2022-05-27,48.03123092651367,48.04342628170629,46.951807566741614,47.13476029883511,7819853
2022-05-31,47.744606018066406,48.20198787971141,47.42138800889022,47.53725882731381,8332038
2022-06-01,47.2750244140625,48.445920377620496,46.76885370719245,48.226377851207616,9514991
2022-06-02,47.567745208740234,47.97024418562302,47.061578250048065,47.57994429733193,9897164
2022-06-03,46.93962478637695,47.04939421461915,46.146825667551894,46.799359493915475,8463013
2022-06-06,46.95791244506836,47.74461006051284,46.81764716867418,47.51287213807914,7614722
2022-06-07,47.567745208740234,47.65922157002562,46.45173210744496,46.903016236592975,8227386
2022-06-08,47.05548095703125,47.73850675482755,46.66518103458111,46.76885649353187,5418794
2022-06-09,45.60406494140625,46.98840604292341,45.58576817120472,46.89083198126297,8114548
2022-06-10,43.43912124633789,44.61611889694427,43.140297641019885,44.53074019056272,15384656
2022-06-13,41.29856872558594,42.68901120380382,40.94486229448464,42.36579316552324,15183217
2022-06-14,41.49981689453125,42.024280712424854,41.18270027925637,41.438832642821886,8634919
2022-06-15,42.14015579223633,42.701209470996446,41.34736043996862,42.0547770844159,10576600
2022-06-16,39.816654205322266,41.00585101629341,39.54832271295019,40.87778108231841,14550650
2022-06-17,40.249637603759766,40.69482037725037,39.35926458870991,39.75566220383632,14449368
2022-06-21,40.0971794128418,41.50591489132898,40.072784965164,41.14000937826558,12972362
2022-06-22,39.35927200317383,39.8837396261365,39.133631734902,39.13972941409191,15573094
2022-06-23,39.072635650634766,39.68857574311818,38.46889091284057,39.25558837517641,10841280
2022-06-24,40.90826416015625,41.4510247040248,39.28608394046406,39.432446879736986,16044991
2022-06-27,40.731197357177734,41.45777711410346,40.38316987436835,41.195230262431075,10911904
2022-06-28,40.22441864013672,41.79358717343516,39.90692345424735,41.183016632500085,11313819
2022-06-29,38.88727569580078,40.29769690048686,38.636942474799945,40.13284058044275,11088303
2022-06-30,38.87506866455078,38.93002077531233,37.708875635421045,38.191227236671935,13967359
2022-07-01,38.79568862915039,39.40625926140582,37.98362819285358,38.76516009753762,10997455
2022-07-05,37.873722076416016,37.922565476619866,36.59152020132104,37.55622315187621,12889860
2022-07-06,37.59286880493164,38.07522043633962,37.07999237507342,37.58676384524159,7852596
2022-07-07,38.46597671508789,38.54535238643612,37.8187726434915,38.203433606959955,10110160
2022-07-08,38.6186408996582,39.308587540046105,37.97754142864971,38.39273115289111,9940822
2022-07-11,37.80045318603515,38.23396128195445,37.50127659723544,38.0935285553197,7662393
2022-07-12,38.47820281982422,39.40016395263733,37.244847597500275,37.244847597500275,11678496
2022-07-13,37.86150741577149,38.28280182572305,37.37305099576783,37.88593098447008,6961770
2022-07-14,37.29979705810547,37.342535514388786,36.63427420566491,37.24484494396022,8179393
2022-07-15,38.38050079345703,38.45987272831751,37.23873152899448,37.904254230324035,9391720
2022-07-18,38.88117218017578,39.7481847860716,38.667472442865915,39.31467661387719,10607899
2022-07-19,40.74951171875,40.78614520298861,39.369619324994865,39.38182924024369,10070675
2022-07-20,41.45167922973633,41.68980255050734,40.32822839369622,40.48087106874262,11004036
2022-07-21,41.59821701049805,41.7264361100388,40.96932769292667,41.335670113610625,9551106
2022-07-22,41.634857177734375,41.982881037765054,41.42115739808549,41.76307629782495,9009387
2022-07-25,41.738643646240234,42.08667116912061,40.92658316467896,41.140282897880034,9468604
2022-07-26,43.66195297241211,44.79761387180365,42.22100294552419,42.54460695326456,28957643
2022-07-27,43.704681396484375,44.20535156258667,42.80103535712407,43.96112330746148,11570152
2022-07-28,44.657169342041016,45.73177661924912,44.51674034316204,45.51807690320088,18063717
2022-07-29,45.12731170654297,45.49975904154341,44.223665682630326,44.57169318332991,12729511
2022-08-01,46.28129959106445,46.61711349889258,44.38242159418707,44.75487273730025,14685317
2022-08-02,45.40207290649414,46.4339381148578,45.37764933132416,45.93937660626133,9290599
2022-08-03,45.63408660888672,45.97600541091666,45.218897088819354,45.74398707820384,9678390
2022-08-04,44.98077392578125,45.57913463490883,44.91361190459167,45.48144408240648,6942669
2022-08-05,45.40207290649414,45.81726246890452,44.69381165752325,44.83424067238774,7447953
2022-08-08,45.90273666381836,46.879653443481416,45.707355550981454,46.33013985782317,9833442
2022-08-09,45.75008773803711,46.458352586719705,45.71345425170684,46.01873953527957,7581496
2022-08-10,47.099464416503906,47.50244035207404,46.34846092046926,46.53163214013689,16331500
2022-08-11,48.17406463623047,48.36334454017959,47.60012744219191,47.62455101739435,14557872
2022-08-12,48.802955627441406,48.82737920348841,47.96647151341413,48.412189626168995,8273452
2022-08-15,48.72968673706055,48.93727777912984,48.2839686416912,48.42440139461389,5467107
2022-08-16,49.499000549316406,49.639433289463675,48.320597739276465,48.4305019479563,9268610
2022-08-17,48.79684829711914,49.07771006178019,48.39387239664955,48.88232893988372,6485057
2022-08-18,48.36334228515625,48.77852809026673,48.241228153330894,48.70526110656868,6421014
2022-08-19,47.4536018371582,47.984796933653904,47.17884497928242,47.92984481438,5801930
2022-08-22,45.65851211547851,46.50720232870755,45.402070199224696,46.48278249348676,8143279
2022-08-23,46.46446228027344,47.197147035522,45.743987442215264,45.78672962936706,7642490
2022-08-24,46.855228424072266,47.18493731299287,46.33013842834307,46.49499100355702,7649392
2022-08-25,47.71003341674805,48.650313057939655,47.20325823200066,47.23989172690564,8349212
2022-08-26,45.95769119262695,48.00310671888888,45.9210576993506,47.86267396642096,8628819
2022-08-29,46.43393325805664,46.91628479786264,45.35322101239115,45.69514355202096,7868808
2022-08-30,45.872215270996094,47.123885197801215,45.38375497570098,46.86744326238429,6886330
2022-08-31,44.8403434753418,46.27518825878072,44.79150006584362,46.04316991356251,10274200
2022-09-01,44.62053680419922,44.72433605444595,43.61309526420323,44.72433605444595,8002191
2022-09-02,44.22366714477539,45.402069989967906,44.02828603295256,45.054042477761655,6479760
2022-09-06,44.058815002441406,44.35188667308323,43.43603069265341,44.266406033877885,6472859
2022-09-07,44.92582702636719,45.023517590186984,43.79016627766422,43.90006676002657,5494394
2022-09-08,45.04183578491211,45.23111195150883,44.009970568958245,44.290832339246265,5810597
2022-09-09,45.206695556640625,45.77452788511648,44.98689082056708,45.50587972907864,10795534
2022-09-12,45.988224029541016,46.70259403848683,45.3410197927946,45.43260540380098,11661482
2022-09-13,43.25285720825195,45.09678272772587,43.1185331669592,44.73044035493548,11574005
2022-09-14,42.75830078125,43.350552858182226,41.934030345533735,43.16738165024528,9968109
2022-09-15,42.0744514465332,43.22232562905633,41.97676090171031,42.605650092713624,7908775
2022-09-16,40.53581237792969,40.6640351934214,39.797022707131845,39.93135048086304,22966955
2022-09-19,40.93879318237305,41.20744499936036,39.96798516156276,40.0473570980298,8045047
2022-09-20,40.65793991088867,41.03038731404173,40.26106893047289,40.57245925971583,8379870
2022-09-21,39.82145309448242,40.95100888634637,39.78481960028276,40.92048035143113,10164733
2022-09-22,39.90693664550781,40.12063640547367,39.39405647389109,39.68713192581305,11345279
2022-09-23,39.4123649597168,39.73596889628263,38.80179431600224,39.4123649597168,13124524
2022-09-26,39.33900451660156,40.44551169097488,39.253421552443136,39.449045103564885,16780605
2022-09-27,39.41237258911133,39.92588917354461,38.82549809681572,39.6446751260969,12596770
2022-09-28,39.40625762939453,39.773054632402584,39.24119673216163,39.73025940283904,10686228
2022-09-29,38.34865188598633,39.19228635330558,37.85347676087786,38.98443400335851,14124337
2022-09-30,37.84736633300781,38.69100093070447,37.82902872887742,38.29363751382875,12709126
2022-10-03,38.88051223754883,39.35734983838884,37.99408614754704,38.3669956850593,8721754
2022-10-04,41.289154052734375,41.35028689196434,39.65690499941494,39.66301753471144,12441557
2022-10-05,41.228023529052734,41.69874492030825,40.37827626740422,40.76952346594418,9327837
2022-10-06,40.48219299316406,41.25246966043933,40.21932032187083,40.79396968351588,7953396
2022-10-07,39.46738815307617,40.21320718495118,39.18617788252323,40.109282870768105,6856315
2022-10-10,39.72414016723633,40.11539098640674,39.16171968808177,39.766935389580986,5764210
2022-10-11,39.125038146972656,39.89531474045324,38.5626176513227,39.42458973964493,8500412
2022-10-12,39.577423095703125,39.99312781867987,38.55039009960276,38.93552840892333,8598323
2022-10-13,41.53368377685547,41.79044019427455,38.62987028445643,38.93553446858977,12818915
2022-10-14,41.307491302490234,42.04720164530129,41.075188761298655,41.75376252227439,9106174
2022-10-17,41.95549774169922,42.909169171242176,41.83323207783135,42.151121306635,8251944
2022-10-18,43.220943450927734,43.48992864503651,42.75022216858624,42.90916677410858,9806637
2022-10-19,43.11702346801758,43.392121223967656,42.38954198698983,42.95807884653952,8408280
2022-10-20,42.77467727661133,43.77725644172726,42.68909056560169,43.25762738440036,9609852
2022-10-21,44.5169677734375,44.56587554022008,42.64018743435765,42.79301952663781,10352529
2022-10-24,44.84707260131836,45.43394691378655,44.4863882213945,44.62699520203419,10913990
2022-10-25,44.62700653076172,46.0024953043746,43.453253864732766,45.84966321841761,15445168
2022-10-26,46.13086700439453,46.84612331171526,44.74314961366704,44.80428618256292,12975572
2022-10-27,46.46099090576172,47.45745758937428,46.39374553751724,46.64438940631872,10105505
2022-10-28,47.8853874206543,47.9098413026866,46.81556283414669,46.882808202386464,8648081
2022-10-31,47.56749725341797,48.20939578641351,47.40244009042035,47.549159648158415,10585428
2022-11-01,47.812034606933594,48.9613297534652,47.3474220282614,48.02599580387763,9174391
2022-11-02,47.31684494018555,48.69844980768886,47.2434870459516,47.73866218985994,10230221
2022-11-03,47.91595458984375,48.16048592774255,46.80944729134596,46.992849537902224,13947456
2022-11-04,49.560428619384766,49.61544891907567,48.55784938469466,48.90019250935826,11558435
2022-11-07,51.02150344848633,51.25380971387494,49.56042797395341,49.58488185606781,12864178
2022-11-08,51.351619720458984,51.785662076209555,50.52632649382673,51.229354057254206,10052376
2022-11-09,50.83199691772461,51.83457622821471,50.679164819879546,50.874788407868245,7961743
2022-11-10,52.195255279541016,52.372541243162416,51.443319939378405,52.10355603040568,13786304
2022-11-11,52.7637939453125,53.05111677194893,52.054650066314,52.43978842324828,12490513
2022-11-14,52.47035598754883,53.24674151011554,52.37254419824525,52.56205524185823,7906367
2022-11-15,53.27119445800781,53.564633563899264,52.70877387203677,52.9043974472096,7913108
2022-11-16,51.90180969238281,53.14280753935758,51.74897762960915,53.08167471424811,7629328
2022-11-17,52.20136260986328,52.433668848432035,50.86866549137629,51.1987835039781,7466411
2022-11-18,52.25638198852539,53.27729867867445,51.87124369003737,52.87382277838752,6555521
2022-11-21,52.50702667236328,52.5742720329746,51.79788663266531,52.03018912778909,5247691
2022-11-22,53.36900329589844,53.546285501046114,52.57427279570126,52.75767127810098,6797569
2022-11-23,53.71746444702149,53.772484746033726,53.14892759578183,53.20394789479408,5867738
2022-11-25,53.88251495361328,54.02923448516824,53.399568620978535,53.61353351274945,3040207
2022-11-28,52.25027847290039,53.52795549694352,52.06076368634713,53.30787429231809,6876058
2022-11-29,52.366424560546875,52.52537291899165,51.93849473455686,52.421444858229144,7205262
2022-11-30,52.555938720703125,52.78824123478836,50.85644450581587,52.354198879270704,11654259
2022-12-01,52.12188720703125,52.94718409061128,51.88347218318476,52.70264904660608,6806718
2022-12-02,53.11224365234375,53.15503513470251,51.60226055445981,51.70007607379144,7191459
2022-12-05,51.755096435546875,52.604843556173186,51.73064629704532,52.476465356511845,7568656
2022-12-06,52.13412094116211,53.24673696795264,51.63894201562629,52.94718909060038,9444207
2022-12-07,51.96294403076172,52.623180058424026,51.852907188239136,51.96294403076172,7801715
2022-12-08,51.12543487548828,52.69043477306144,50.550785452085385,52.32975028175615,10334231
2022-12-09,49.792728424072266,51.22934984870843,49.719366786296945,51.119309263611285,8899117
2022-12-12,50.868675231933594,50.89924165111765,49.535977858255855,49.95779519162229,7480054
2022-12-13,50.666934967041016,51.90182053818224,50.086173007140665,51.70008441904364,12391318
2022-12-14,49.85308074951172,50.99737152994752,49.77352978064632,50.40992629132335,12271899
2022-12-15,48.22537612915039,49.69398170704959,48.03567824460615,48.99639330819774,15598294
2022-12-16,47.51554870605469,47.94389201406495,46.92810720441894,47.601218117006496,15978540
2022-12-19,47.76643371582031,47.943890974641334,47.24018412673799,47.27078007664682,7061125
2022-12-20,49.15549087524414,49.44309504533062,47.63793029856056,47.75419565469133,11196647
2022-12-21,50.777076721191406,51.15034652794005,49.547116645501525,49.58994947291182,12127441
2022-12-22,50.036659240722656,50.61186388335449,49.12489912861729,50.28754904263844,9730074
2022-12-23,50.04890060424805,50.41605203088206,49.54100629870474,49.99994558199725,5286213
2022-12-27,50.69141387939453,50.844393635296896,50.11620924785187,50.177401150212816,6804792
2022-12-28,50.1590461730957,50.8933490613361,49.74906189252781,50.78320587614954,6210907
2022-12-29,51.248260498046875,51.34616679449302,50.177402184653864,50.33038194371001,7088733
2022-12-30,51.27273178100586,51.41959308121105,50.654694378838705,50.73424159583634,6625342
2023-01-03,52.000919342041016,52.06822968270306,51.119755232536974,51.43183317324189,10280781
2023-01-04,55.02759552001953,55.02759552001953,52.3232484933939,53.6244680974559,21031104
2023-01-05,55.88201141357422,56.08581955642861,54.08695159988844,54.79243440807908,16001061
2023-01-06,56.39152526855469,56.69723372115001,55.45871976818159,56.446396400738315,13018044
2023-01-09,56.9637451171875,57.935741567566325,56.40719936684936,56.43855215724952,9488844
2023-01-10,59.00180435180664,59.0801900751787,56.59532779952412,56.59532779952412,11597142
2023-01-11,60.89876937866211,60.90660757649136,59.18993359617928,59.43293271588001,12729603
2023-01-12,61.81589126586914,62.09024690827875,60.58521559384355,61.047699213870494,14407871
2023-01-13,62.86628723144531,63.179837657799546,61.53370728631202,61.753191835410206,13843395
2023-01-17,63.09360122680664,63.22685807880983,62.521375337501134,62.64679399194512,10640727
2023-01-18,62.13728332519531,63.63446903273372,62.0353792599053,63.44634479131113,9816378
2023-01-19,60.24816131591797,61.729674462177904,60.09922430808823,61.0947391861383,13045860
2023-01-20,60.890926361083984,60.94579748829397,59.31534755990846,60.820378839456346,10351409
2023-01-23,62.52920913696289,62.725175302404466,60.7811825485083,60.83605367431163,13729748
2023-01-24,63.25821685791016,63.37579732592667,60.72632144315318,61.14177218036162,16767395
2023-01-25,63.32876968383789,63.76773127992941,62.26270724733404,62.537059181578435,10652380
2023-01-26,63.60312271118164,63.94802593128674,62.803577743436975,63.86963645151358,8158534
2023-01-27,65.24140167236328,65.83714214915427,63.41498176103919,63.493371229444755,9760244
2023-01-30,63.36012268066406,64.86514671807794,63.23470401087957,64.5986329814731,7175806
2023-01-31,63.08576965332031,63.42283466424844,62.2940591622332,63.06225505817364,8625026
2023-02-01,64.528076171875,64.6456566194117,62.71733653046032,62.921140891041496,9112192
2023-02-02,65.79795837402344,65.8685096607063,64.19886831302908,64.42619107806479,10391129
2023-02-03,64.24588775634766,65.60198594147165,64.13614549010939,65.46089088302163,7240085
2023-02-06,64.55159759521484,64.62214137510597,63.68150518874592,63.86179123085349,5425114
2023-02-07,64.36344909667969,64.567257172494,63.13277743305975,64.26154505877253,5891982
2023-02-08,64.24588775634766,64.74756989922143,63.72853671086519,64.03424891542122,4269472
2023-02-09,63.32876968383789,64.77108812849059,63.05441025609589,64.54376538520319,4838334
2023-02-10,63.72069549560547,63.76772468169622,63.02305094094495,63.34443952638893,4373095
2023-02-13,64.81027221679688,64.99840394757865,63.55608565657434,63.650144028468425,5114245
2023-02-14,65.48440551757812,65.69604435863512,64.24588779598129,64.37914465646058,6726731
2023-02-15,66.44855499267578,66.46423138670723,64.6221351920731,64.75539952833279,7305617
2023-02-16,65.8841781616211,66.26827235896808,65.04543848870128,65.53927495578989,5645893
2023-02-17,65.09246063232422,65.70388499476894,64.45752917101207,65.52359146631808,5543523
2023-02-21,64.48104858398438,65.35898671251617,64.12830719166296,64.3869902074964,5101965
2023-02-22,65.21003723144531,66.10365163640785,64.35562130493477,64.40265798037795,10829053
2023-02-23,65.01407623291016,66.16635865724031,64.19885127355305,65.44519955732754,10120732
2023-02-24,65.49225616455078,65.67254224764588,64.0029008350109,64.08912852353393,8704340
2023-02-27,65.71955871582031,66.51909978464732,65.44519933557922,65.84497736348904,8007297
2023-02-28,66.40151977539062,67.13836276552448,65.42168517893657,65.54710382743878,11441143
2023-03-01,65.95471954345703,66.91103954092749,65.6490073750132,66.36232827455251,7512988
2023-03-02,67.19322967529297,67.20106787242594,65.35897914373213,65.5314269741539,8546337
2023-03-03,67.7105712890625,68.22792969571915,66.7464132271734,67.33431539826374,9618780
2023-03-06,68.30687713623047,68.90316983522501,67.8439648106428,67.97734518404968,8084105
2023-03-07,67.78121948242188,68.71488995316439,67.5536859643193,68.22844105251629,8643445
2023-03-08,68.24411010742188,68.5814875433658,67.53012791755562,68.07934787146935,7598067
2023-03-09,71.83756256103516,74.48949445489414,70.4331344721206,70.5822132919366,35826152
2023-03-10,71.39818572998047,73.90889173920073,71.23342348423064,72.10432249824025,23152683
2023-03-13,69.80545043945312,71.1863419499917,68.7776347700898,70.37820674781157,14201502
2023-03-14,71.53157043457031,73.03014400904146,70.77050795132217,71.53157043457031,14218418
2023-03-15,70.42529296875,70.42529296875,67.82828667835565,69.82115469268582,15107797
2023-03-16,72.15924072265625,72.2612392452725,69.49161820991687,70.14282916139206,10183883
2023-03-17,70.84113311767578,72.04940967873465,70.1036144375951,72.01802782012122,12765689
2023-03-20,70.55082702636719,71.57865037959071,70.1506858356413,71.10789250793952,8705343
2023-03-21,72.3239974975586,72.99875228832839,71.36679105041378,71.3824819757188,8553980
2023-03-22,70.29190826416016,72.6535429715775,70.26052640770111,72.56723536587141,8784783
2023-03-23,71.86109161376953,72.92814213373907,71.02942749571335,71.10788212924149,10834691
2023-03-24,71.68848419189453,72.45738460604909,70.86465803361864,71.06080961907008,8342975
2023-03-27,73.21060943603516,73.46952475628197,72.26909372572398,72.40247411795889,7524516
2023-03-28,73.07721710205078,73.54797492859582,72.62215770344149,73.23414137786136,5023152
2023-03-29,73.79905700683594,74.0815087207157,73.493061399763,73.72844032814407,6162254
2023-03-30,73.79120635986328,73.99520343765262,73.40675609821727,73.71275171490127,6623107
2023-03-31,75.00731658935547,75.06223482671824,73.99518442540526,74.16779960085823,9247391
2023-04-03,76.04299926757812,76.05869019700154,74.81903176810837,75.12502739319795,6199468
2023-04-04,74.57579803466797,76.78836131510751,74.27765541202027,76.0743791129671,8554983
2023-04-05,73.94812774658203,74.78764491781436,73.48521535770946,74.52088413453167,10642230
2023-04-06,73.43812561035156,74.05795464026593,73.3910453356535,73.84611215522979,8025340
2023-04-10,74.034423828125,74.52871799680295,73.44597660340301,73.6185842891149,7499832
2023-04-11,73.68136596679688,74.50518469806752,73.65782207410724,74.1521163130471,6663078
2023-04-12,73.8304214477539,74.27764280627032,73.60288803729615,73.95595634658142,8768118
2023-04-13,73.98734283447266,74.29333838854636,73.33613191231315,74.0501140380426,11044694
2023-04-14,74.88180541992188,75.0387222197002,73.60291212546156,73.642139450295,7211767
2023-04-17,75.92528533935547,75.98805653727354,74.91316071401674,75.02300468504195,7676003
2023-04-18,77.25910186767578,77.29833668180902,75.99590736240623,76.10575134118302,8909832
2023-04-19,77.69849395751953,77.91818196080625,77.21989062908916,77.34542555947529,7038101
2023-04-20,78.27125549316406,78.82831350184931,77.7220354489204,77.91034160707378,8661237
2023-04-21,78.07510375976562,78.52232525941443,77.77696109362937,78.44386311022069,5112741
2023-04-24,78.57721710205078,79.06366576256842,78.13000325316457,78.13000325316457,7833505
2023-04-25,77.23558807373047,80.03659910127456,76.53729668310277,79.98951881063041,11649768
2023-04-26,75.48593139648438,77.24342026821952,75.39177833181631,77.07081256669748,8032357
2023-04-27,76.93743896484375,77.03943750218733,75.79192616137765,76.12145816653907,9348633
2023-04-28,77.65141296386719,78.23986023174454,76.01160607735274,76.2077576667929,6279159
2023-05-01,79.3853759765625,80.02874907529065,77.96525688114188,78.05940995661967,7408237
2023-05-02,79.64427947998047,80.05227357964068,78.60861830487414,78.93814276943904,7485046
2023-05-03,79.8482894897461,80.77411432722731,79.48737561247562,79.93459710182763,5917543
2023-05-04,77.92601776123047,79.83258537413877,76.42744424681294,79.62858832489339,9055431
2023-05-05,78.6478500366211,79.8404355479739,78.26339980608681,78.91461080879235,6302841
2023-05-08,79.18138885498047,79.33046018718899,78.63216881468017,78.63216881468017,4282128
2023-05-09,79.244140625,79.95027735586555,79.06367996023862,79.06367996023862,6520737
2023-05-10,78.09861755371094,79.76980609467407,77.25125508932254,79.62073480474514,5053224
2023-05-11,78.07510375976562,78.44386311022069,77.53373668161764,77.98880364614138,5117628
2023-05-12,77.51802825927734,78.45953633492095,76.6628127773409,78.13001188364493,4332874
2023-05-15,80.02873229980469,80.27195665187897,77.69063433436092,77.78478739010252,7973716
2023-05-16,79.34613037109375,80.20918377981744,79.1578242635267,79.42459249932043,5523851
2023-05-17,81.18209075927734,81.26839836047941,79.67567172253229,79.9267415619898,6871703
2023-05-18,81.60577392578125,81.81760894140064,79.81689573542367,80.72702200743099,5772320
2023-05-19,81.80192565917969,82.9945112308716,81.47240115944564,82.00592273078178,7230687
2023-05-22,82.02947235107422,83.12005956282579,81.67640390118817,81.67640390118817,4996087
2023-05-23,79.79336547851562,81.70777873287685,79.46383348380336,81.488090736402,5738239
2023-05-24,79.22843933105469,79.61288950077098,78.3889223275981,79.46381821054503,6275400
2023-05-25,79.65213012695312,80.09935157282197,78.88322965900629,79.55798455977529,6737506
2023-05-26,80.60933685302734,81.55869799373268,79.68351960459589,79.70705599642623,6796523
2023-05-30,80.34258270263672,80.86825883196593,78.97738935903234,80.82903150901424,7098370
2023-05-31,79.65997314453125,79.90319751982497,78.23201624797439,79.49521090658635,13358734
2023-06-01,82.12361145019531,82.51590716088084,79.29906433219443,79.40890833125738,7797043
2023-06-02,83.01018524169922,83.72416734635132,82.02159694308624,82.77480636103495,7477278
2023-06-05,81.67638397216797,83.01019529058392,81.67638397216797,83.01019529058392,5108732
2023-06-06,82.74342346191406,83.25340853007691,81.67637304978669,81.85683368954899,7794036
2023-06-07,83.22988891601562,84.21063193719446,82.88466599247903,83.66926490968834,9121088
2023-06-08,83.2220458984375,84.1243343047315,82.87682296475204,83.04159271744507,4477596
2023-06-09,83.40249633789062,83.59864042353954,82.44528979854167,83.3946508744824,4365076
2023-06-12,83.34757232666016,83.8654104245864,82.89250543774806,83.41034353567429,4677449
2023-06-13,83.74772644042969,84.06940546875214,83.01804577753214,83.1906609882627,5411582
2023-06-14,82.14715576171875,83.7948084060525,81.56655385368579,83.73203718606092,6429268
2023-06-15,82.7042236328125,82.88467683209956,81.59010007508782,81.94316100849487,8733159
2023-06-16,83.39466094970703,85.44245465418967,83.12004719591258,83.12789266026866,13731752
2023-06-20,81.61361694335938,83.33187841005238,81.13501368090267,83.22987988684052,8068443
2023-06-21,82.42176055908203,82.92390780868543,81.2684097290657,81.31548251788271,5983576
2023-06-22,82.24130249023438,83.00235753363567,82.1000766317154,82.11576756039041,5292046
2023-06-23,81.42530059814453,81.88821287588897,80.53086539231637,80.88393369735321,7532911
2023-06-26,81.95099639892578,82.46882699067672,81.09578087556794,81.22916125524793,5326378
2023-06-27,82.31974792480469,82.54727384485302,81.88037200931329,82.09221450431396,5973427
2023-06-28,83.99095153808594,84.24202139177723,82.35898998864882,82.6100598423401,6009012
2023-06-29,84.53230285644531,84.60291952111648,83.198491693924,83.33971752282397,4070746
2023-06-30,86.18779754638672,86.5094840071003,85.20705473983995,85.51304277526326,9250648
2023-07-03,84.95598602294922,85.77980459061814,84.1949236550298,85.56796960202904,3723916
2023-07-05,85.24629974365234,85.51306052231777,84.54800844033592,84.90892228807257,4588235
2023-07-06,84.24201202392578,85.32475346023323,83.84186339499195,84.7441516754696,4594375
2023-07-07,84.94815063476562,85.41890094335794,83.90463649134475,84.06155326087553,4843847
2023-07-10,86.78546142578125,86.9425017423752,85.08948305208837,85.12088811301128,5805400
2023-07-11,87.32723999023438,87.57064423477281,86.54991215723064,86.94250545951073,4746113
2023-07-12,87.31153869628906,87.9161236834188,87.06813444830163,87.38220008738791,5403938
2023-07-13,87.37435150146484,87.79834988502245,87.01317075124518,87.3507977037095,3477075
2023-07-14,86.58917236328125,87.32723633154076,86.39287572036532,87.15449348433722,3405529
2023-07-17,87.264404296875,88.0574344968624,86.4870841307586,86.6990832691498,4557412
2023-07-18,87.20160675048828,87.80619169102478,86.7776084126107,87.07597900333744,4476718
2023-07-19,86.282958984375,87.00532049318204,85.45067224544599,86.62843720675973,5604920
2023-07-20,87.34294891357422,87.81405490599626,86.33792679960217,86.40073692873014,5158852
2023-07-21,86.62842559814453,87.84544672641871,86.22798856735447,87.49996855032968,10277106
2023-07-24,86.56560516357422,87.13877746111649,86.4164161351838,86.68338162988908,6687261
2023-07-25,91.99117279052734,92.61931148603712,89.21950375972568,89.90260130722235,21329067
2023-07-26,90.0753402709961,92.17175542284056,89.07816966557847,91.97546631104322,9449750
2023-07-27,90.62496948242188,92.0696923434749,90.2402349716829,90.73489470063151,7752311
2023-07-28,89.81623840332031,90.96259059722156,89.52571909302438,90.7113351162024,5600785
2023-07-31,89.69847106933594,90.09890812564888,89.29017524157535,89.85550388448006,5169252
2023-08-01,88.89757537841797,89.6670443074077,88.15166024207285,89.2666073144831,6595040
2023-08-02,87.91612243652344,89.11744112806723,87.88471737425824,88.70129402909335,5377375
2023-08-03,88.22233581542969,88.85833335510186,87.58634578174745,87.80619622711636,4347409
2023-08-04,88.7719497680664,89.40793971462497,87.7826304054222,88.58350441042516,6118274
2023-08-07,90.08321380615234,90.2795029664775,89.14885308359509,89.14885308359509,4140914
2023-08-08,89.15667724609375,90.1616990586843,88.81905038530526,89.81622844009755,4735463
2023-08-09,88.0731430053711,89.45505562473507,87.92396147436833,89.43149432532284,3900213
2023-08-10,89.1723861694336,90.32659708873028,88.29299202034352,88.29299202034352,5853515
2023-08-11,89.98111724853516,90.60140465045106,89.0781693233633,89.14883070118293,4463437
2023-08-14,90.7270278930664,90.9625808194504,89.66703972433847,89.90259265072245,4916020
2023-08-15,89.39225769042969,90.02824778287034,89.09389456271356,90.02039651666679,4276614
2023-08-16,89.1723861694336,90.56215003119942,89.09387352593644,89.29801390501788,4614924
2023-08-17,87.12309265136719,89.81624939627504,87.10739012013025,89.49432498794744,5734981
2023-08-18,87.77479553222656,87.88472076038008,86.38503140156517,86.6048818578722,5651281
2023-08-21,87.95537567138672,88.3165563927055,87.17020410642752,87.97107820196713,3686075
2023-08-22,87.67272186279297,88.76411537611456,87.02887302345884,88.05745640962023,3308421
2023-08-23,89.09388732910156,89.32158904249845,87.54709043470994,87.54709043470994,3568043
2023-08-24,87.18589782714844,89.47860967402288,87.17019529815472,88.88187604231643,4211960
2023-08-25,87.91612243652344,88.2301880711554,86.54206089054104,87.50782660311586,3903596
2023-08-28,89.47862243652344,89.72987794823803,88.05745328801962,88.37152643065788,3524313
2023-08-29,90.5542984008789,90.82125639966804,88.66202360442342,89.25090595821639,5833091
2023-08-30,89.75341796875,90.750588596935,89.47075743795445,90.17741627093228,6086573
2023-08-31,89.87120056152344,90.24808379691451,89.3608383160557,89.96542324686857,5218620
2023-09-01,89.69847106933594,90.65638550309588,89.14099369188895,90.3109073049869,4435119
2023-09-05,88.630615234375,89.65919086949616,88.18306316102289,89.26660515030427,4406550
2023-09-06,88.47358703613281,89.56498794462037,87.8847121298408,88.60707355477427,5018014
2023-09-07,87.77479553222656,88.8426277383059,87.47642491124121,88.11241497656559,4139035
2023-09-08,87.71981811523438,87.96322233848659,87.32723235327681,87.54708278188964,3170967
2023-09-11,89.71417236328125,89.74557742467907,88.03389649463996,88.13597045017272,5272499
2023-09-12,90.29519653320312,91.72421678796458,89.51001751716275,89.70631414767014,5275255
2023-09-13,89.19595336914062,90.57786617426608,88.44218684233945,90.05180135980922,3508651
2023-09-14,90.80557250976562,92.03044505467656,89.76128658722433,89.80054291687199,6637768
2023-09-15,90.67994689941406,91.00972259424636,89.66706601657003,90.6249805306134,8437076
2023-09-18,91.5279312133789,92.20317759262956,90.2323898087142,90.907643693955,4700880
2023-09-19,91.24526977539062,91.6143017772862,90.46794193753226,91.09608071671724,3882045
2023-09-20,90.17742156982422,92.39161337180448,90.153860269216,91.4965166343627,5134919
2023-09-21,88.71698760986328,89.77697590828498,87.98677494992619,89.47076157011227,5760292
2023-09-22,87.35078430175781,88.88187849881885,87.20945403091925,88.64632554542484,6249463
2023-09-25,87.78295135498047,87.97153235097035,86.92649498025881,86.9972147316029,4741101
2023-09-26,86.37647247314453,87.95581764247848,86.23504048325873,87.2172150083789,6022043
2023-09-27,87.13078308105469,87.69651100256836,86.54933381826257,86.92648826973533,5912656
2023-09-28,88.27009582519531,88.78082529856192,87.08362665592894,87.26435070700992,5518337
2023-09-29,86.86363220214844,88.5922662952318,86.3607595610302,88.49797579717423,4924165
2023-10-02,85.48074340820312,87.37438048234038,84.93857860834373,86.78507418309866,5389278
2023-10-03,84.67141723632812,86.42362206943955,84.1056817615177,85.10357763580956,8624900
2023-10-04,85.52786254882812,85.8107340053512,84.35711468435868,84.83641651501634,4876551
2023-10-05,85.42572021484375,85.76359009297198,84.21568019467549,85.15071316791214,4819539
2023-10-06,87.58651733398438,87.92438725182916,84.82071017542363,85.13500934557058,5284026
2023-10-09,86.6357650756836,87.32721112918526,86.0700296579179,87.22506372625902,5418473
2023-10-10,87.5943603515625,88.78082196488752,87.09933721394128,87.38220865135197,5707039
2023-10-11,88.99298858642578,89.10299291196476,87.85366826594598,88.00295716796627,3580573
2023-10-12,87.47650146484375,89.37013045514291,87.02862731053425,89.18155700322697,3861746
2023-10-13,85.94432830810547,87.58652145644355,85.37859277977009,87.45294636847684,4578337
2023-10-16,85.75572967529297,87.15435062053325,84.85213191025768,86.3450358313554,5616698
2023-10-17,86.44718170166016,86.97362501976654,84.90712880852838,85.44929346705649,4916647
2023-10-18,84.52213287353516,86.10147062719656,84.39641470697377,85.66145328853574,6080433
2023-10-19,84.03496551513672,85.7243074321057,83.81495686812279,84.6007009629738,5035055
2023-10-20,83.35137176513672,84.26283404590806,82.91921888242625,83.83853056723412,9714760
2023-10-23,83.8306655883789,85.09571147590033,83.44565423526915,83.66566286887206,7300229
2023-10-24,89.27587127685547,90.27375973586268,85.1114427484364,87.25651609860154,15904078
2023-10-25,87.37437438964844,89.83373933045007,87.28794080208208,89.83373933045007,8224191
2023-10-26,85.48859405517578,88.2544012447941,84.05068829275807,87.82224081991326,9738191
2023-10-27,83.56350708007812,86.30574278744264,83.0763483737317,85.83429790886352,6677237
2023-10-30,86.28218078613281,86.80862411522595,84.4042579954674,84.48283465365368,5611435
2023-10-31,85.35501098632812,86.23503807433906,84.93070751713189,86.04646459688949,6349452
2023-11-01,84.27069091796875,85.11929036348852,83.15494132525396,85.09571961721686,12703791
2023-11-02,84.68712615966797,85.82645395878927,84.35712070392829,85.5514469085425,9398127
2023-11-03,85.58287811279297,85.99931716294297,84.93070906659568,85.29214970897529,6941620
2023-11-06,87.8301010131836,87.90867768738264,85.2843023990058,85.8736086770181,6131806
2023-11-07,87.84580993652344,88.73369393044723,87.10720733082553,87.50008313487942,5237415
2023-11-08,89.45658111572266,89.6137269409113,87.99510466071075,88.16010740158924,6065021
2023-11-09,88.85942077636719,90.17946527931436,88.73370260996231,89.84945227572959,5786605
2023-11-10,90.57233428955078,90.80019987625424,88.9379981140325,89.36229411205852,4382618
2023-11-13,90.7687530517578,91.58592472271498,90.13230543337144,90.47016777271618,5753776
2023-11-14,92.12809753417967,92.37167694290758,90.80805307536538,91.53879130154904,6007634
2023-11-15,91.38164520263672,92.32453517201849,90.92591404924995,91.90023168124004,5245309
2023-11-16,93.45598602294922,93.47170736352447,91.38948979152867,91.60949842289486,5825072
2023-11-17,94.23388671875,94.35174796599962,93.45599948234586,93.76244172975152,5186418
2023-11-20,94.34388732910156,94.87033070740272,94.00601743212692,94.23388300191468,5190678
2023-11-21,94.20244598388672,94.4853099334776,93.53456317168684,94.13172624079368,3506019
2023-11-22,93.9745864868164,94.6738970025723,93.78600550068786,94.21030896378151,3773785
2023-11-24,94.26531219482422,94.56389751957929,94.037446621335,94.2731691103658,1981995
2023-11-27,94.26531219482422,94.54031926156298,93.75458263905465,94.05316045241818,3984415
2023-11-28,93.38526916503906,94.3753004457472,93.15740363036969,94.26529613551406,4378107
2023-11-29,93.39313507080078,94.05315348435369,93.07097902328832,93.91172150369172,3792831
2023-11-30,95.70321655273438,95.73464421446631,93.42456836073136,93.5424296036176,10174611
2023-12-01,96.25323486328124,96.84254105734465,95.4439200219154,95.62463658201952,5668572
2023-12-04,95.4910659790039,96.1825196138964,95.20034508165148,95.7110746365962,4747116
2023-12-05,94.4696044921875,95.216056517001,94.28102350145564,95.082481444979,3688206
2023-12-06,94.13958740234376,96.31608805907096,94.05315382608424,95.1374756969538,3964241
2023-12-07,93.88029479980467,94.3045907461111,92.8509713271101,93.8960086298837,5064626
2023-12-08,94.7524642944336,94.93318836187598,93.48742586790097,93.58170884772376,4925418
2023-12-11,94.5088882446289,95.0039039517438,94.00601562225133,94.752467640555,4643869
2023-12-12,96.11180877685548,96.2375194271526,94.76818606510528,95.06677139373586,4664543
2023-12-13,95.2160415649414,96.14321751955832,94.697455188951,95.96249347253736,5506309
2023-12-14,95.349609375,96.17463787230643,94.21028931488416,95.1767497665938,10454155
2023-12-15,96.82682800292967,97.17255483379664,95.7267921836576,96.18252334759096,13586279
2023-12-18,97.1489715576172,97.30611736542087,96.72467562312995,97.17254230207912,5206215
2023-12-19,98.9561767578125,98.98761192915956,97.1961226407996,97.1961226407996,5957138
2023-12-20,96.93682098388672,99.17618445074405,96.81895974878896,98.55545061560012,6231921
2023-12-21,99.76549530029295,99.82835062254809,97.5811376468849,97.61256530801244,5185165
2023-12-22,99.54550170898438,100.59839611856214,99.144776434812,100.09552341888094,4030650
2023-12-26,100.15837860107422,100.34695961886926,99.50621697803516,99.63193515276772,2480063
2023-12-27,100.7952117919922,100.96031813971676,99.73379451519908,99.77310376082202,3314310
2023-12-28,100.88955688476562,101.58144467274433,100.48857253331252,100.6379626920657,3965494
2023-12-29,100.34706115722656,101.0153634616315,99.8202871760924,100.8266640413428,4441133
2024-01-02,99.02619171142578,100.75591141266958,98.46797031002497,99.8596004047276,5189425
2024-01-03,97.54021453857422,98.45224175468525,97.21785613906384,98.37362325439663,4531850
2024-01-04,98.01194763183594,98.88466552681032,97.6266944634336,97.72889850549488,4364199
2024-01-05,99.29351043701172,99.3328196834348,98.06697927141992,98.20063822536676,4190157
2024-01-08,100.85810089111328,100.97604365354006,97.65813305924492,99.23846235347722,6920068
2024-01-09,101.2512435913086,101.2512435913086,99.8124348023654,100.06402904256328,4815028
2024-01-10,101.9745635986328,102.3440930531926,101.03894343057604,101.1883260789921,4571320
2024-01-11,102.07677459716795,102.36767804334823,100.48857586839132,102.30478325113978,5014005
2024-01-12,102.04533386230467,102.83943333701872,101.56573094065077,102.68218881854322,5640380
2024-01-16,100.61437225341795,102.09249756921037,100.04042721416496,101.58144732171854,6314619
2024-01-17,99.75737762451172,101.17260062564796,99.21487998374094,100.18194753129578,5031171
2024-01-18,101.07039642333984,101.16474613349835,99.67090453440429,100.00897909530052,6508082
2024-01-19,102.06105041503906,102.24974230687756,100.19767194697228,101.18832504842143,6154611
2024-01-22,103.17750549316406,103.99519043940064,102.4148610085584,102.43058470727914,10052443
2024-01-23,102.17112731933594,103.6885620472177,99.458623771309,100.34706541560848,13333800
2024-01-24,102.1553955078125,102.51706311990442,99.419299111432,102.42271341324822,10785198
2024-01-25,102.1553955078125,104.1760185292215,101.96670361060832,102.71362438242916,6086573
2024-01-26,103.14605712890624,103.97159640065682,102.51706408932252,102.62713749544426,4696495
2024-01-29,103.0752944946289,103.89297944530205,101.96670608382718,103.31116500893638,6126544
2024-01-30,105.30033111572266,105.57551838779648,103.1696421951396,103.37405779174712,7871346
2024-01-31,104.11312103271484,105.72489778880748,103.87725053025171,105.17453077769086,6253472
2024-02-01,106.46395111083984,106.50326786992788,104.15242481754822,104.59271840335906,6190572
2024-02-02,107.35240936279295,108.03642783001176,106.17305681088706,106.47968396471762,6103864
2024-02-05,108.27229309082033,109.00349013432827,106.73127299878672,106.91211055549492,7158013
2024-02-06,108.17007446289062,108.80692927804536,107.3838445285792,108.24870046276472,6026178
2024-02-07,108.89341735839844,109.15288092161268,108.4452694207185,108.98776706173926,5807655
2024-02-08,109.32585144042967,109.66393350019796,108.69686593162132,109.01135492797144,4327110
2024-02-09,109.5066909790039,109.62461871768312,108.66541298089278,109.2944060171648,4324604
2024-02-12,110.20643615722656,110.7174939526918,109.20792114689404,109.71110957679048,4516313
2024-02-13,111.46440887451172,111.48013257260386,109.04280904615884,109.939112450168,9054930
2024-02-14,115.18331146240234,115.49780049738855,111.92044074873876,112.43149106767316,13116028
2024-02-15,116.65354919433594,117.06238788168947,115.41130191851248,115.57640825999782,8627532
2024-02-16,117.2746810913086,118.21816314591602,116.76363081709904,117.10957473819566,8616756
2024-02-20,116.85011291503906,118.20243361911552,116.22111989890804,117.16460190699654,7166032
2024-02-21,117.20392608642578,117.45552030235947,116.09533014708904,116.73218505252296,5302571
2024-02-22,119.24813079833984,119.7041406021248,117.8171840448036,117.8171840448036,5753024
2024-02-23,120.55327606201172,120.92281304994688,119.43682579709544,119.50758995812969,7066168
2024-02-26,121.68545532226562,122.00781369159505,120.73411142897126,120.8127374380075,7705449
2024-02-27,121.07219696044922,121.87415070790571,120.3724472567228,121.85842700887032,7300354
2024-02-28,122.34588623046876,123.36799426669,120.93853255302244,121.20585045679586,7633025
2024-02-29,123.3522720336914,123.58028069435618,121.94491082341854,122.64466050392654,8177329
2024-03-01,124.7360382080078,125.26281968042876,123.33654638522604,123.43875042394905,8698201
2024-03-04,126.59154510498048,127.1890756574362,124.68099565528324,125.3021192694265,8402242
2024-03-05,124.11492156982422,127.48787300570004,123.10854469504169,126.99254641788625,8003663
2024-03-06,125.40433502197266,126.5679638040164,124.59451198381622,125.08983852203689,8198755
2024-03-07,130.90798950195312,131.08882707649482,127.0318571010014,127.40137906753372,14393838
2024-03-08,132.05589294433594,138.22782065507246,131.57629005668664,133.27455478736144,21242234
2024-03-11,130.9551544189453,132.41754858115263,128.14043198466348,131.37186249602428,9338609
2024-03-12,131.66275024414062,131.93006812050177,128.8873373874554,131.6548883957834,6928589
2024-03-13,133.7855987548828,134.48534842940705,130.1296133984697,130.1296133984697,8462887
2024-03-14,131.1045684814453,134.24950419150358,130.22398107103004,133.85638159066403,9460777
2024-03-15,132.78707885742188,134.05291169111473,129.64214387932736,130.23967446002388,13263757
2024-03-18,133.58905029296875,134.24949078482604,132.5433641216914,132.84212945173954,6228788
2024-03-19,136.38018798828125,136.74970996938418,132.87357741559285,133.51043236032507,9360787
2024-03-20,136.74969482421875,137.41799709484093,135.24012960265188,135.71187061341857,7229434
2024-03-21,138.88037109375,139.20272189257608,136.08923467919902,137.29217257908985,7890893
2024-03-22,137.70889282226562,139.55654751620168,137.65385988161248,138.6130655475718,6842132
2024-03-25,136.40377807617188,137.991962017524,135.85340346286853,137.32367468287163,6288181
2024-03-26,136.45089721679688,137.6302494644635,135.54672465488366,136.40372613333275,5056983
2024-03-27,141.61647033691406,141.80516973470176,137.33936916961235,137.60668705305525,12606433
2024-03-28,138.00767517089844,141.4985618929836,137.06419308558986,141.4828381937096,12122274
2024-04-01,137.87403869628906,138.40081274359508,136.0656928257067,138.06273814028165,7399592
2024-04-02,134.44361877441406,142.36422977053758,132.00044740214872,138.44333123217157,20490400
2024-04-03,143.45774841308594,145.743306977804,135.96074532566865,136.09866592649004,16208500
2024-04-04,145.2014617919922,149.73316416833038,144.03899037509282,144.47244435670837,11880200
2024-04-05,153.97914123535156,154.14661514165158,146.3245119205181,146.3245119205181,14777900
2024-04-08,154.19589233398438,155.60465153826678,151.41775833272695,155.13178310289703,9588800
2024-04-09,152.19606018066406,155.5258620185613,148.688908224337,153.81170803442916,8807300
2024-04-10,154.2845458984375,155.44701721851206,149.3981888297969,149.63463055370747,8075400
2024-04-11,155.33865356445312,156.08737819136743,152.45216740038143,154.73772568769587,6063200
2024-04-12,152.6049346923828,154.92414951526908,151.0258826376444,153.85829163716411,6851300
2024-04-15,151.68711853027344,156.61177415640972,150.69035106433174,155.14128200065227,6423700
2024-04-16,154.70701599121094,154.9636205866306,150.0093598793703,150.7001894459711,6187200
2024-04-17,153.63131713867188,156.60189224051973,151.618039954956,155.93080486560024,6519900
2024-04-18,150.9370880126953,155.93081944105782,150.87787618689794,154.6280990376804,6186600
2024-04-19,146.1209716796875,151.51933657660643,144.857736042353,151.44038246690346,9566100
2024-04-22,148.22308349609375,149.9205592295343,146.88089373148858,146.88089373148858,7322800
2024-04-23,160.4902801513672,161.50678979106922,150.81863562056924,155.7630178988954,19250900
2024-04-24,157.105224609375,160.21396568001788,153.52275885335305,159.75011967076597,10416000
2024-04-25,159.14810180664062,159.3652218479573,155.06232066570632,156.01961855906873,5908200
2024-04-26,160.2238311767578,161.23046216773238,158.2105390768961,158.90136869588542,5898000
2024-04-29,162.3358154296875,163.89512527866992,160.86532331071464,160.86532331071464,5371700
2024-04-30,159.70077514648438,164.08261523183145,159.46391282067248,161.4179780670123,6723600
2024-05-01,157.6085662841797,161.16142671894403,156.74010100153953,160.4409910131857,4775800
2024-05-02,160.5100555419922,160.68770608112345,157.33222366348792,159.2764256220436,5030400
2024-05-03,161.96080017089844,163.13521822524413,159.88829595041094,163.13521822524413,3968600
2024-05-06,165.77024841308594,165.78011203080885,162.86874855296136,162.95756628934274,4831600
2024-05-07,166.5696258544922,168.56317579122538,165.03005830177128,165.61232794253877,4781800
2024-05-08,166.64859008789062,167.96117405779728,165.89854855892602,165.89854855892602,4878200
2024-05-09,165.30642700195312,167.12232682471955,164.9412773253535,166.5499206733987,4968800
2024-05-10,161.24034118652344,166.53014594441262,160.97387295471842,165.71101401623886,5711300
2024-05-13,157.4111785888672,160.97390241822123,156.7795606689881,160.94429650470806,7768600
2024-05-14,157.90463256835938,158.71390103857266,155.96043057514473,156.56244258916996,6103500
2024-05-15,161.3291778564453,161.59564611954295,157.1446999998908,157.90462020111693,7133300
2024-05-16,159.0099639892578,161.7732981372386,158.98035807465828,160.86534828528028,4283200
2024-05-17,157.79608154296875,159.76002594392546,157.01643400107827,159.7008141127642,5946300
2024-05-20,157.1940460205078,159.30601968398312,156.74007867675624,157.8256638901745,5586800
2024-05-21,158.89149475097656,159.1086147683962,155.29916590679096,155.87157185644676,5071300
2024-05-22,158.7039794921875,159.62180775172615,157.63812170318545,158.38817814301385,4432200
2024-05-23,163.09573364257812,164.09251622267172,159.63170636312577,159.86856872114927,7411500
2024-05-24,165.13861083984375,166.93476788362392,161.7041899118226,163.6582551740985,5500300
2024-05-28,166.3524932861328,166.4413110092674,163.1450561064307,164.81292584930878,5749700
2024-05-29,161.45745849609375,165.23728658265816,161.250202083972,164.4181697272523,4820800
2024-05-30,162.0496063232422,162.85887469438418,161.05283887340482,161.33903435895664,4384400
2024-05-31,162.97731018066406,163.18456662654305,157.973715215695,162.1384358382871,11704800
2024-06-03,159.3455047607422,164.605689112343,156.94732053675096,163.94446532948658,5220500
2024-06-04,159.26654052734375,159.85867377369647,156.27622320933946,158.89151226338382,5598600
2024-06-05,160.4212188720703,160.80611075931836,158.41780532319498,159.7106469173113,4279900
2024-06-06,158.51649475097656,161.0331026307989,157.6677568205765,160.17450108292556,3867300
2024-06-07,159.79945373535156,161.65483760819333,158.00329673715987,158.59542995305503,3341800
2024-06-10,160.70741271972656,161.7535283483302,159.44417704832324,159.8784171339226,4385200
2024-06-11,158.25990295410156,160.13501425696091,157.5197250620848,159.90803058658395,5106400
2024-06-12,158.94085693359375,160.8061044772287,157.095336623129,159.1480982945773,5790700
2024-06-13,153.6510772705078,158.52638515758085,152.16084267908255,158.48690056685007,8080900
2024-06-14,153.8385772705078,154.54914924867313,151.21340941000585,152.20031326201794,6247400
2024-06-17,161.09230041503906,165.30638378842193,153.4141901817023,154.0951562019653,9564800
2024-06-18,162.8095245361328,163.02664458144412,160.23370496126438,161.2600783090437,5105300
2024-06-20,162.83912658691406,164.12210453545083,160.91466719358735,162.8095206777057,4957200
2024-06-21,162.08908081054688,162.76016814669455,159.18758131365277,162.34567036984632,17195200
2024-06-24,158.4375457763672,162.60228144687272,157.11509816204398,161.950936316463,5519000
2024-06-25,157.63812255859375,161.50678322543382,156.3452811310806,157.49009302832707,6825500
2024-06-26,158.53622436523438,158.91125262463643,155.45708935654272,156.4933413487622,3998000
2024-06-27,158.3980712890625,159.73039753844154,157.5098638287818,158.69414546214207,3339700
2024-06-28,156.88812255859375,159.503412009551,155.83212810095037,158.16122203157917,8641200
2024-07-01,156.88812255859375,159.28629193524972,154.00636482391053,158.56585626631875,4435100
2024-07-02,159.33563232421875,160.80612456272877,156.17754284251257,156.74008529621696,5247300
2024-07-03,160.86534118652344,162.33583346890154,159.4244548174384,159.7600135996915,2577300
2024-07-05,158.3980712890625,161.1021933167175,157.5690756516061,161.1021933167175,4668300
2024-07-08,161.38839721679688,161.6351231973838,158.5461091015688,158.69415372529622,3453300
2024-07-09,160.99362182617188,163.4115331260822,160.89492542251966,161.8324810213881,3829900
2024-07-10,163.52996826171875,163.8161788170606,160.4113484180921,161.01336038120385,3904600
2024-07-11,160.0699462890625,163.78698016728933,159.9414268050924,163.30258842207246,4553800
2024-07-12,157.19322204589844,160.44564052021374,156.98562985316732,160.0304410503021,5983400
2024-07-15,157.73690795898438,158.91331375268675,156.78788510796895,158.76503364610502,5383300
2024-07-16,160.98931884765625,161.997653698063,157.82586925474263,158.0532521876785,6500700
2024-07-17,154.87002563476562,160.09957610508314,154.72173046573988,159.80300085147564,6041200
2024-07-18,156.97569274902344,158.6068492522204,154.63277668968507,155.57191917576765,5274800
2024-07-19,157.31182861328125,158.60685849512583,155.81907180962682,157.83577177029554,5459800
2024-07-22,160.9003448486328,161.07829606346058,157.94451739691354,158.14222923659716,6350500
2024-07-23,170.03477478027344,175.17535797767152,162.73909182605053,164.10332914840342,16428000
2024-07-24,160.4456329345703,170.89485681111222,160.19848932718017,169.54051466963782,7335200
2024-07-25,162.78854370117188,166.27821010633627,160.06996411681473,161.43420160798826,8791500
2024-07-26,167.8697967529297,170.6476880774649,164.21207491901023,165.33904899939506,7297700
2024-07-29,167.92910766601562,170.75643070260764,166.47590227155894,169.29334499577817,4886600
2024-07-30,165.56643676757812,172.73360118832312,165.35884459026826,168.53215997616226,5329500
2024-07-31,168.25534057617188,169.78763373741631,166.0409438280528,168.91768353811435,5568800
2024-08-01,167.8104705810547,172.70390985798727,166.29795326062907,168.79904478182672,6112900
2024-08-02,158.4486846923828,165.51698477402002,156.55062388131384,163.67825109079865,8210700
2024-08-05,156.55062866210938,158.073026465534,148.48385865538563,150.74770227730644,7064800
2024-08-06,160.41595458984375,163.5596135979352,157.93462346282598,158.1026792823359,5056700
2024-08-07,160.27755737304688,164.37025440453326,159.72395817411297,162.5413859010688,4307500
2024-08-08,163.71780395507812,164.42957871665084,161.6912234557238,162.60071007674495,3842700
2024-08-09,165.22042846679688,165.96185919574935,162.68968065881717,163.55961579003096,2770100
2024-08-12,164.96339416503906,166.85157476184406,162.73910191519104,165.7147203123673,3173700
2024-08-13,166.0409698486328,166.7033129143723,164.35050091633585,165.8432428927533,2942400
2024-08-14,166.03106689453125,167.24700917872173,163.72768674028546,166.57478582955892,4456000
2024-08-15,167.99832153320312,168.7990643149779,166.297972504358,166.8219156846414,4162500
2024-08-16,167.4842529296875,168.38385914594824,166.9306537456644,168.1070595539367,3305600
2024-08-19,168.97702026367188,169.04622771438272,166.10028013341514,167.6721098585619,4506000
2024-08-20,168.04774475097656,168.9572312647146,167.2568823220251,168.9572312647146,2573900
2024-08-21,169.24391174316406,170.22260569933837,167.90934553141318,168.15648909852774,4102900
2024-08-22,167.7412872314453,170.01501123658062,166.84169604375413,169.7777630483752,2996600
2024-08-23,169.26370239257812,169.4218779097602,166.92078599655264,168.0576404718479,4058000
2024-08-26,169.26370239257812,169.96558173784638,167.64244105258055,168.591463986778,3707300
2024-08-27,169.0363311767578,169.54049865781738,167.66221345282162,168.74963617197017,3206000
2024-08-28,169.90628051757812,171.19143027879775,168.3443311258741,169.24393746717269,4578700
2024-08-29,171.5967254638672,173.95941739149765,170.51918311810962,170.6476875171844,4262500
2024-08-30,172.62484741210938,172.8225743487993,169.8074195776471,171.97239980815388,5295600
2024-09-03,162.33380126953125,172.75336832109747,161.7307703103544,172.19976909649856,6099600
2024-09-04,164.459228515625,164.71625241473333,161.53304181943804,161.6319052876437,4112400
2024-09-05,161.9779052734375,164.10333398708187,160.65320424574782,162.89727213295117,3144200
2024-09-06,159.38783264160156,164.1428726849643,158.75514568315,162.6303551892216,3954900
2024-09-09,163.4607696533203,164.47899999496568,161.0486459018488,161.62202081690737,3716000
2024-09-10,165.0721435546875,165.81357432983273,162.37333975680426,165.53677471386766,3473200
2024-09-11,164.4493408203125,164.82498879684655,160.3764044473461,164.34059704394684,4258000
2024-09-12,167.7610626220703,169.0165562585705,164.3307084526322,164.60750806130898,5148500
2024-09-13,176.24302673339844,177.2711524628166,167.27666558798393,167.4743774330422,7360800
2024-09-16,179.36692810058594,179.44601585678973,174.24610524863195,176.67800472744543,6844600
2024-09-17,178.2696075439453,180.34560454906935,176.94492158575468,179.43611799190353,5936900
2024-09-18,181.45281982421875,183.6474560258657,178.36845768208286,179.12966413368576,5686500
2024-09-19,184.03298950195312,185.84208222400915,182.17446504956737,185.50595550843457,5021500
2024-09-20,185.28846740722656,185.69378647649103,182.21401592150977,182.8862391817518,9895700
2024-09-23,186.5143280029297,187.61164617715883,185.2588343063283,185.6641534257391,3972500
2024-09-24,187.49301147460935,187.6314112777463,184.86340013055977,186.51431745528188,3648900
2024-09-25,187.1667938232422,188.69908716718157,186.04969991907927,187.6610810255163,3214800
2024-09-26,182.75119018554688,187.661787445803,182.6917902968272,187.51327261721624,4781500
2024-09-27,183.53334045410156,184.33526921541727,181.30575384742963,182.33538723197103,4452800
2024-09-30,186.7014617919922,186.8301716309227,181.26614499876155,183.23632704850337,5628400
2024-10-01,184.4441680908203,186.34504012091165,183.07791018205955,185.62231627512412,3794000
2024-10-02,184.582763671875,186.32522583592265,182.88979134292288,183.72143508890647,2879800
2024-10-03,182.0581817626953,184.8500976238558,181.87007202792063,184.64218288889728,3999500
2024-10-04,185.2164001464844,185.2956050374831,183.0185135183307,184.72138090783335,3978300
2024-10-07,184.10755920410156,185.3648971750714,182.95911096153193,184.0877542049433,2514200
2024-10-08,185.60252380371097,187.9885202786194,184.7015851188102,185.75102353999608,3627200
2024-10-09,187.39447021484375,187.533074988844,184.64216462627655,184.770874454558,2312600
2024-10-10,186.24603271484375,187.85980026007752,185.52330885942243,186.27573266049205,2300900
2024-10-11,189.25575256347656,189.8596766185332,187.1766657885503,187.52318528663395,2983900
2024-10-14,190.7111358642578,191.9981739285384,189.7507972363138,190.0676017253277,3132900
2024-10-15,188.671630859375,192.394169917791,187.8696870413606,191.91895570128392,3824300
2024-10-16,190.26559448242188,190.3052044828072,188.02811287789513,188.6023370291713,2912800
2024-10-17,190.70120239257812,192.85949408028685,190.28538805423895,192.15656013015928,2633300
2024-10-18,190.6913146972656,191.51304845908177,189.23595690434635,191.17643899716825,3075900
2024-10-21,192.295166015625,192.4535757949857,190.1071894770089,190.9883231028693,4728800
2024-10-22,174.90020751953125,183.1571251011653,173.999268846107,182.66210584413508,15636200
2024-10-23,179.8800811767578,183.13730089951835,177.83069441626705,177.90989930190213,9788600
2024-10-24,177.94952392578125,180.39492020867465,177.84061908742933,180.08799558656395,4366800
2024-10-25,177.31591796875,179.61279964793945,176.52388407335053,178.20694665933064,3974900
2024-10-28,173.61314392089844,178.7811458600117,173.46464419549378,178.1871167448172,5687400
2024-10-29,172.3162078857422,173.1577315659074,171.04895978531425,172.8211220938413,5219300
2024-10-30,172.9003448486328,174.77151724542617,170.79155774341834,171.25687710566558,3694000
2024-10-31,170.06883239746094,171.89049982687283,168.73227422196967,170.28664210171567,5177100
2024-11-01,169.98960876464844,173.52405348868538,169.88070392452096,171.03904716581013,3984900
2024-11-04,170.0489959716797,172.93990638591197,169.74208647425047,170.58362518579764,4197400
2024-11-05,173.51414489746094,173.72205963283412,170.0589201445328,170.6430392434167,3607300
2024-11-06,178.9593505859375,180.24640363402503,176.7218690548355,179.69198450113524,5939500
2024-11-07,177.06838989257812,179.21677160201233,175.00910802157108,179.21677160201233,5084200
2024-11-08,182.968994140625,184.56295656762208,177.6623877165963,177.86039237508058,4676500
2024-11-11,182.72149658203125,185.60251213921345,181.87006289833167,184.7708834547036,3371900
2024-11-12,180.8206329345703,183.85014835929783,178.79105096689946,183.22643437036433,3158000
2024-11-13,181.73146057128903,184.4441714389557,180.93942676767657,181.1275364955482,3934800
2024-11-14,176.6228485107422,181.96906505569285,175.72192502753043,181.1770312964275,5085600
2024-11-15,175.16751098632812,176.14765457576533,174.13787755550442,174.98931130104273,5302100
2024-11-18,175.75164794921875,176.791191449989,173.38545641463742,175.23682367237063,2833800
2024-11-19,175.7912139892578,176.10803352509558,173.9497419808649,174.74177571367238,3216000
2024-11-20,176.20704650878906,176.76146564701062,174.24677452528044,176.32586140039976,3225400
2024-11-21,176.91989135742188,179.13758321673063,175.57343828333975,176.63278681599394,4532000
2024-11-22,179.345458984375,179.9295931504136,176.99907269453826,177.51389691789228,3405200
2024-11-25,178.41485595703125,181.8700808710734,177.76142688029122,180.4246330299341,9740700
2024-11-26,182.76109313964844,183.08779251491745,178.6227248070597,179.06823906194077,3918900
2024-11-27,178.8009490966797,182.8502027085407,178.64253931995077,182.80069776496447,2726200
2024-11-29,180.34539794921875,181.1473266333741,179.32565960926974,179.6424640406506,2054700
2024-12-02,178.6425323486328,179.83057541416218,177.63268894487862,178.99894677897035,2817700
2024-12-03,178.9197540283203,180.42461673700623,178.11782528236958,179.19696359218506,2882300
2024-12-04,180.83053588867188,181.07804552723113,176.22686265418562,178.7019590397781,3713400
2024-12-05,171.18756103515625,178.96926426645274,170.98955635608078,178.5336449084135,7547300
2024-12-06,173.8309326171875,174.07844220085929,170.72221285054124,171.57364642264363,6899600
2024-12-09,169.61341857910156,174.61310137579423,169.06889433295768,173.256753340955,6500800
2024-12-10,169.56390380859375,171.4350760320429,168.91047475106188,169.30648412162046,5100300
2024-12-11,166.96009826660156,171.4449716304319,166.25716425838138,171.4449716304319,7606400
2024-12-12,163.18804931640625,167.59371766185663,162.8118298486637,166.96009362011532,7808600
2024-12-13,164.3562774658203,166.19774958507244,163.89095818628758,163.99986301993965,4957100
2024-12-16,164.1384735107422,167.51450836465935,163.801864052026,164.66320780517302,7436000
2024-12-17,164.1483917236328,164.8513106219649,161.90100002476825,164.1483917236328,4855100
2024-12-18,158.35665893554688,164.97012413319734,158.01015451612597,164.3463950287351,8059100
2024-12-19,163.1583251953125,164.11866361568028,160.5644144124078,161.40595306342257,6257600
2024-12-20,166.69277954101562,167.3957135319855,161.53468734990136,162.33661612806313,9281500
2024-12-23,167.3363037109375,167.6432132145657,164.8909075212197,166.4452600383395,4127700
2024-12-24,169.78167724609375,169.78167724609375,167.16797668077982,167.55409102201529,2235700
2024-12-26,170.43511962890625,170.9499438724535,168.43525276047487,169.31638641032905,3309700
2024-12-27,168.6600799560547,170.03847486241085,167.56925731157128,169.2947362770086,3188400
2024-12-30,166.6966094970703,167.81716531058754,164.62404653260782,165.804114141609,4117500
2024-12-31,165.39752197265625,167.1428380323713,164.76286571405043,167.09325243860232,2806900
2025-01-02,167.18251037597656,169.27489549132125,165.82395276360677,166.51810573593443,4148000
2025-01-03,170.52438354492188,171.18878817550402,167.58908870621607,167.80725322746986,3975500
2025-01-06,171.01028442382812,172.23001143414334,169.7508828831125,171.7044373918368,4980300
2025-01-07,170.87144470214844,172.24983949763072,169.35421932048084,170.7821997106148,6496400
2025-01-08,171.44659423828125,172.1308360626368,169.28480164734745,170.56402517837003,4527700
2025-01-10,170.25662231445312,172.01184943674403,169.31455656038014,170.96068629776502,5131200
2025-01-13,170.1376495361328,171.07971540394496,167.58909800167413,168.09483480277734,5610800
2025-01-14,175.3834686279297,176.41477943445616,170.96069669033818,171.66477584784926,6432700
2025-01-15,178.78482055664062,179.36990637042345,177.38660361137462,177.57501979450814,7397000
2025-01-16,178.2394256591797,181.35321040757503,177.1287658169334,180.1632166386398,6144700
2025-01-17,181.32345581054688,181.66061363877444,178.45758400781494,179.27073024832842,5899100
2025-01-21,185.93463134765625,187.73944409900903,182.969588312462,183.35633174040913,7508400
2025-01-22,186.7874755859375,187.6601337407008,185.0520854754247,186.50981437876752,7457800
2025-01-23,199.12359619140625,205.91639893119796,196.44614054464896,199.71857792879737,14403500
2025-01-24,195.10740661621097,201.30522766501053,193.8876796705989,200.80940198110656,7835700
2025-01-27,192.83653259277344,194.98841425576137,191.13089102122,192.71752413869825,7674800
2025-01-28,192.8067626953125,194.90907382461504,190.18880376402504,193.66950965011537,4858800
2025-01-29,197.43780517578125,198.270788742957,193.30260540940176,193.30260540940176,5595800
2025-01-30,203.8537750244141,204.21075498381916,197.8146068106989,198.14185357155233,6282100
2025-01-31,201.8704833984375,204.151269520519,201.37465769687205,204.12152118893704,5507800
2025-02-03,202.40597534179688,203.02079439047765,197.3088875626238,198.33028733187092,4678300
2025-02-04,200.49208068847656,202.83237868994215,198.7566906701008,201.23581926778044,5413800
2025-02-05,202.87203979492188,203.5661927300528,200.10532398942988,202.177886859791,3239400
2025-02-06,204.33969116210935,204.37936569287731,202.35638830291177,203.28854306775864,3113200
2025-02-07,203.56619262695312,206.10481772065992,202.79270576657055,204.7561712482033,3954400
2025-02-10,203.50669860839844,204.93467902500245,201.7018858231352,204.4190160675845,3787500
2025-02-11,207.07666015625,207.4038918145416,202.73322202394183,203.288544407152,4110900
2025-02-12,207.88978576660156,209.6549239366559,204.41900608571288,204.9743284136313,4595200
2025-02-13,206.62049865722656,209.53595636848289,204.5479507389037,209.35745123748737,3763300
2025-02-14,206.53123474121097,207.4138038538641,203.25878219908833,206.9179781696455,4268500
2025-02-18,208.3261260986328,210.41851113951736,207.5724764885538,208.11787264864552,4396000
2025-02-19,208.7425994873047,210.0119119458843,207.13612921690824,207.29478192568212,2699100
2025-02-20,206.997314453125,208.5244509201008,205.4205772594834,207.97903963496685,2969100
2025-02-21,198.1616973876953,207.37413206432996,196.7833025726191,206.62048246166788,5419500
2025-02-24,197.05105590820312,201.55314659625196,195.7817281981731,200.9383275716839,4299100
2025-02-25,197.6063690185547,198.40960419211729,193.21334566378576,197.3187816530824,4121400
2025-02-26,199.9268493652344,202.8918926469333,198.32037885888127,200.0755910301188,3157400
2025-02-27,199.74832153320312,203.75460140795272,199.42108990764947,202.71336447790452,3480200
2025-02-28,205.2519989013672,205.58917187126144,199.35167620210817,200.26399365818824,6117400
2025-03-03,200.27394104003903,206.7394978428561,199.133532750763,205.36110288071615,5376400
2025-03-04,197.1105499267578,201.3448904438128,191.64654111426404,196.3469741239285,6164200
2025-03-05,200.80941772460935,202.762972282862,197.03122813807408,197.20971813520163,6221200
2025-03-06,194.41326904296875,198.54845375762457,193.64969319264517,197.33863778281588,5621400
2025-03-07,192.2316131591797,194.11574460211992,186.11311123974295,193.44142897206493,7681300
2025-03-10,190.87054443359375,190.9599706406531,186.68793262058912,187.96953644683148,6195000
2025-03-11,190.47312927246097,192.42037370923856,187.09524760728644,188.69476224343495,5356700
2025-03-12,193.73179626464844,195.96716314462515,191.17850326293456,193.65231473421417,4735000
2025-03-13,191.1685791015625,194.34776461006504,190.4234567874032,193.28473132483165,3837200
2025-03-14,195.82809448242188,196.41425377542052,192.34092724692368,194.0994051259196,3263200
2025-03-17,200.7160797119141,202.27587636162067,195.05315317261892,195.71879395219332,3733000
2025-03-18,199.4841461181641,200.6664093227062,198.22241653779216,200.48758723776007,3983100
2025-03-19,204.23306274414065,205.47493324729984,200.0107030333992,200.0107030333992,3564000
2025-03-20,202.6037139892578,204.82915138724223,201.7890548225608,203.66676241601417,3970800
2025-03-21,202.80242919921875,202.9812512783514,199.5139584723814,201.28238088838185,7976300
2025-03-24,208.8627471923828,209.5085289582092,204.26286909697035,205.57427648250393,4043900
2025-03-25,210.7503967285156,211.3762891536402,208.88261864062483,209.39924101463652,4315200
2025-03-26,206.0213623046875,212.8168898183544,205.34579196799297,210.9093632169211,4791100
2025-03-27,204.5410614013672,206.3392876156097,201.48109040515183,205.0179354700017,3301900
2025-03-28,198.580078125,205.5146792007781,198.2919556610183,204.26287911326432,5178400
2025-03-31,198.8483123779297,200.25909070553243,193.18538553165905,196.245356477963,6923100
2025-04-01,202.46463012695312,203.17001926011304,197.17923701987732,198.26214448668756,3854000
2025-04-02,198.4707946777344,200.87505432351267,197.13949788250744,198.1826722111829,6026500
2025-04-03,186.4097442626953,192.8873302191272,185.50565885248668,188.60536293371308,12750500
2025-04-04,165.7251434326172,181.96881675128333,164.34418394822046,178.51143812711706,18167100
2025-04-07,166.6093292236328,174.19964047433098,158.32357358338456,162.1485404652361,18545500
2025-04-08,168.2684783935547,177.1900868731519,165.2780597229525,174.85536429740557,11903400
2025-04-09,186.0520782470703,187.88010801596744,164.62235325685424,164.73163846910094,12548600
2025-04-10,180.3295440673828,184.20418950902868,174.81565062584065,180.71700709559204,8150900
2025-04-11,180.4885101318359,183.05173296068975,173.9115680510084,177.84580576260444,6491100
2025-04-14,184.7903289794922,186.38985877757847,182.634443627211,184.14456238827708,5319100
2025-04-15,184.4624938964844,187.2144834545234,181.10447086522132,182.68414182628305,4999300
2025-04-16,181.263427734375,184.67112850596064,180.1010386848091,182.87290232262657,5128000
2025-04-17,180.6077117919922,183.0417902061868,180.40901553520456,182.19731216539856,4932000
2025-04-21,177.19007873535156,179.61419707684607,174.87523043835475,178.1239525632083,8501600
2025-04-22,187.94964599609375,188.76432033940685,180.9157046627998,185.2870828594704,13041000
2025-04-23,192.42037963867188,195.7485987145029,191.3176131639821,194.6656912533653,7235700
2025-04-24,196.12612915039065,196.41423643793303,192.78798061978665,193.0661584007076,5906300
2025-04-25,197.1394805908203,198.68934768695212,195.9770916383853,197.40772885970583,4390600
2025-04-28,199.55368041992188,200.1696433149791,197.30838409313955,198.20252475754853,3416900
2025-04-29,199.1960296630859,201.1134704525845,198.35155165306247,199.18610015645172,3444200
2025-04-30,200.2292633056641,200.7160820125233,195.57970730207128,197.30839654316603,4436300
2025-05-01,202.2858123779297,203.9052164391807,199.55369714600712,200.93465660230584,4687600
2025-05-02,206.3491973876953,207.3625679512336,204.22311571724563,204.97818267655143,3831700
2025-05-05,207.5811462402344,209.15087241674271,204.31253450042848,204.9682457816698,4466500
2025-05-06,207.2433624267578,208.46535879726247,204.58078409770863,204.6801398050402,3169600
2025-05-07,208.5547790527344,209.26016822302847,206.8658380703434,207.5414083994785,3968300
2025-05-08,213.09506225585935,215.3900366647024,209.14093540989953,209.6277541352356,5870300
2025-05-09,213.56199645996097,214.71444078237505,211.34648853526215,213.81037056420095,3778200
2025-05-12,217.5260467529297,218.54934689334377,209.77677133772724,217.91350976571215,5468000
2025-05-13,220.13894653320312,222.09613576423024,217.87377582635347,218.5692203136226,7188700
2025-05-14,221.7881622314453,221.89744745189813,219.0162985306661,221.49011025206912,4764700
2025-05-15,227.8882293701172,228.59360338756187,221.99678731068235,221.99678731068235,7207700
2025-05-16,230.27261352539065,230.8091101153471,226.10986083774773,227.58024654688128,4651700
2025-05-19,233.759765625,234.33599536684255,227.4311982905816,228.0074280324242,4734400
2025-05-20,233.72994995117188,234.54462424907368,232.2794537440293,232.6371130426969,4311000
2025-05-21,232.0211639404297,235.756720450354,231.1468973364598,233.3325865857146,4631000
2025-05-22,228.77243041992188,230.9382453914021,227.92795237864408,229.68644532931697,6909400
2025-05-23,231.2760467529297,232.17020271098772,226.52713463023036,227.3517385557439,4234200
2025-05-27,240.2075653076172,240.70431352194507,233.57101644078213,233.8889274149847,7162400
2025-05-28,242.0852813720703,244.400129950504,240.02875157618607,240.20757366297903,9570500
2025-05-29,242.5720977783203,243.3470237994569,239.91946406603697,242.93968661513944,5243700
2025-05-30,244.3107147216797,245.25453331365276,240.72419194453988,241.80709943259788,9143000
2025-06-02,245.87046813964844,246.4864461743363,242.9197828191527,244.25107942605467,5450800
2025-06-03,247.25146484375,248.87086896190448,242.5919639135056,245.89037951325892,6456200
2025-06-04,249.24839782714844,251.41421284284567,248.0959382902099,248.35424191350177,5811500
2025-06-05,250.2816162109375,251.36452367002823,248.4833901169579,250.83797178039504,4188200
2025-06-06,253.96749877929688,255.7955285831979,250.43065389275495,251.3545983016263,5796700
2025-06-09,249.77493286132812,253.659507412719,249.5066845894064,252.36795906443317,5771600
2025-06-10,240.4261474609375,249.61598987421712,238.19078038743703,249.14904531721055,11230900
2025-06-11,243.9232482910156,245.3538855789859,236.95882859882036,241.06197371507503,6940800
2025-06-12,238.42919921875,241.84681399645183,237.12770624043603,238.43912872500832,8946600
2025-06-13,235.0612335205078,236.45212229370935,232.1800851195179,233.47163335723403,7420300
2025-06-16,235.0016326904297,238.379529559164,234.53470332742012,236.05475161250732,4505600
2025-06-17,234.21676635742188,237.4158258423849,233.3524293771699,235.19038854341673,5720500
2025-06-18,234.3558654785156,237.96226226601797,230.72960967786625,234.4254175031863,7761100
2025-06-20,237.813232421875,239.2339401807677,234.97183206364187,238.1609622315518,9142100
2025-06-23,246.1983642578125,246.8441460759697,237.06812903368865,237.68410716972895,8052000
2025-06-24,247.1322326660156,247.76806976377927,243.97292135012657,246.76464384436304,5255700
2025-06-25,248.27476501464844,249.3576877022776,246.86400182806685,248.45360226453943,5197400
2025-06-26,249.36761474609375,253.81847470087104,248.37411827300173,249.5464368346648,6790300
2025-06-27,252.85476684570312,258.85547851549063,250.1425258804152,250.21207790597364,26988000
2025-06-30,255.716064453125,256.2128126754723,252.2189375635724,254.64307131415575,8135800
2025-07-01,247.4004669189453,254.0866931529387,245.5028852399018,254.0866931529387,7178300
2025-07-02,243.1582489013672,247.50976807392743,242.0753414413861,246.38711226777963,6228600
2025-07-03,245.27439880371097,247.08255438880047,243.40662069993635,243.95304675790788,3089500
2025-07-07,247.3936462402344,248.17966312857797,245.2346123672092,246.2693660867542,5336400
2025-07-08,245.80172729492188,248.19955387098332,242.11046622518103,246.74692416971777,5994500
2025-07-09,249.0651702880859,250.4481464881052,245.5729105782596,247.7319444915736,5589500
2025-07-10,251.29383850097656,251.4032681259183,245.50323812011143,249.3437351778092,5462500
2025-07-11,254.1294403076172,255.5820700613572,250.1297478672508,250.22924867100917,7867200
2025-07-14,261.01446533203125,261.13385414728003,254.7065032315433,254.89554564348097,7502200
2025-07-15,263.33270263671875,263.7207162761735,260.41748411119335,262.58649219746377,9392400
2025-07-16,264.8350830078125,265.51163993053575,260.70605750514795,262.666105033761,11912900
2025-07-17,258.96484375,271.4215711738636,256.8555606439295,268.4367297150746,16260200
2025-07-18,261.93975830078125,268.33729235867764,261.2333542368941,264.0590008558239,8619800
2025-07-21,261.5318298339844,264.9047157183996,258.2684039403268,262.35765308741713,5208500
2025-07-22,257.69134521484375,260.17871341189823,253.37327766836293,259.4126149380227,4751300
2025-07-23,261.8502502441406,262.3974895338422,258.63658956489667,259.21364569876886,4689800
2025-07-24,266.6558532714844,268.4765935913313,261.85024049032575,262.22832534753803,5206700
2025-07-25,270.2177429199219,271.4514678983585,266.9045816560888,267.4716785605547,4598400
2025-07-28,269.2427062988281,272.0584244961872,266.08873998623,271.97881169922516,5006400
2025-07-29,268.9442138671875,272.416570378103,267.76022409990316,271.351999797225,4125300
2025-07-30,272.1678161621094,272.247428947963,268.14825101456046,269.5511303222624,4697000
2025-07-31,269.71026611328125,273.55077798740245,268.51634772452115,271.6902316333,4524000
2025-08-01,268.0189208984375,269.18299228965344,260.3876613954459,264.18836754402076,4416300
2025-08-04,274.8343200683594,275.45118257315926,268.8546767209843,269.14321995701073,3744000
2025-08-05,270.74505615234375,275.6004038655899,267.26274058003486,274.8641525751554,4000600
2025-08-06,270.90423583984375,273.6602287897402,268.5462157170133,272.1180726985921,3576800
2025-08-07,270.6455383300781,271.49124955999173,267.37218375958065,270.57591509918046,3050400
2025-08-08,273.6204528808594,275.77947140940927,271.20270798770207,272.1976552374914,4467300
2025-08-11,273.80950927734375,275.01338700935304,271.172874639982,273.7597436942833,3360100
2025-08-12,278.2171325683594,279.12253830121296,274.30699676684293,274.6452752225162,3630100
2025-08-13,267.50152587890625,280.07767476609547,262.7456788327597,279.5802010986601,7599600
2025-08-14,268.3373107910156,272.7747674429934,268.11842116082573,271.61066569075984,4481700
2025-08-15,266.49664306640625,268.3373016626534,263.86996759348193,267.5612439753589,5203300
2025-08-18,267.0935974121094,268.247709485069,265.1633973469149,266.54635821476785,2697000
2025-08-19,264.5863342285156,267.6010234016487,262.46709157310255,264.96441906926873,3404900
2025-08-20,265.09375,267.58111814640193,262.4770338518443,264.1186907557934,3854700
2025-08-21,267.352294921875,270.54609778901835,264.79530329893333,265.7902506526739,3266400
2025-08-22,265.18328857421875,270.9738888399711,265.0240933710656,268.36713191052127,5229300
2025-08-25,265.26287841796875,270.5460763826219,265.21314319957037,265.6509224296485,4301600
2025-08-26,272.55584716796875,273.3120167805837,266.0688021460308,266.6259701668903,4693500
2025-08-27,271.9688415527344,273.31202643608583,270.85450547164845,272.31707916891895,2705700
2025-08-28,274.60546875,275.27209683475286,270.7550273615381,271.1231530230978,3388100
2025-08-29,273.80950927734375,274.88403900213063,270.26749931618946,274.6054549724909,5037100
2025-09-02,273.99853515625,274.1875471976494,266.65581966266893,272.5160431206954,4081200
2025-09-03,274.5357971191406,275.9187884199974,272.2175833045031,274.51590910425386,4120400
2025-09-04,280.84375,280.933291609109,274.4362872655678,274.4362872655678,4591300
2025-09-05,277.81915283203125,282.9729726946539,270.48636553252715,280.8437708421132,4952600
2025-09-08,274.6551818847656,281.4904951385546,274.0980138423387,278.585235748716,5008600
2025-09-09,274.84423828125,275.67999038741937,271.91909072796585,273.98859815947515,3073600
2025-09-10,281.97802734375,282.05760977051693,275.49098166215146,276.1476201822816,3206400
2025-09-11,280.13739013671875,285.46036484921314,278.1773425258394,282.29643937481455,4016800
2025-09-12,280.2667236328125,282.0974231274609,279.2817354649258,280.137375618164,3249700
2025-09-15,285.3309631347656,285.65928235816637,280.1970318252057,280.56515743923615,3716600
2025-09-16,291.4897155761719,293.2507613897994,287.38057831432536,288.4053728324333,5538400
2025-09-17,288.0372619628906,291.2310345005244,285.0524198700109,290.614171992804,4149600
2025-09-18,295.5888671875,296.14603520396946,288.74362542701317,289.24109903910227,3977500
2025-09-19,299.6184387207031,301.4988732924955,293.8676142887146,296.28535925727823,9652600
2025-09-22,299.4990234375,299.6283714438302,294.852636579124,298.58368893073254,4192800
2025-09-23,304.0857238769531,304.2250006988737,299.6283493980415,300.12582300831997,3637400
2025-09-24,298.7826232910156,305.69751827447124,297.2802737099778,305.34928069196303,5645500
2025-09-25,295.6784362792969,298.7229726392212,293.38011040687127,296.99177402450647,4504500
2025-09-26,293.48956298828125,300.4740820440507,291.27081959733727,298.4145338633584,3817600
2025-09-29,292.5033264160156,296.7868148609162,288.5485583622714,295.22283176247646,3860800
2025-09-30,299.665771484375,300.3132713770274,292.78228126447715,293.5791995322827,4112400
2025-10-01,299.72552490234375,301.0703510171771,293.89796533838717,295.2427914532205,3633300
2025-10-02,298.301025390625,302.27570607085073,295.66116909474846,301.150037005904,2508200
2025-10-03,295.86041259765625,301.58834987858734,294.3263130572371,298.3109650787543,2817000
2025-10-06,297.07574462890625,298.14164638364946,293.6190576451895,294.66501668271434,2759800
2025-10-07,300.58221435546875,301.57837735700525,296.74701111993903,296.92631316409984,2578800
2025-10-08,301.3990783691406,303.5009981319476,298.4404730085566,302.2358516508586,2658600
2025-10-09,298.201416015625,302.8335681322886,294.96388609315807,301.548509281697,4292500
2025-10-10,290.3715515136719,298.84890861624046,290.3715515136719,297.8527455875197,3380000
2025-10-13,296.3883972167969,296.4381932101394,291.9953144268414,294.86426893460697,2604100
2025-10-14,298.9285888671875,301.13013105331567,290.8895763140492,293.7087043146322,2516500
2025-10-15,298.9684143066406,303.7798982927733,294.5853034856599,300.3829790463812,2773000
2025-10-16,298.68951416015625,301.8871889196472,296.6175084693959,300.5125094981572,2623100
2025-10-17,298.9884033203125,301.7975601193664,296.19912843832566,297.02596082424276,3949300
2025-10-20,301.51861572265625,304.2580640287935,300.51251174436686,302.6940807906284,5058700
2025-10-21,305.4534912109375,315.31549965921,301.8672980296153,306.1209034527274,6726600
2025-10-22,296.74700927734375,307.8143655634621,293.66883886928497,306.4197434500671,5212200
2025-10-23,305.2143859863281,305.91168182279085,297.5339476240482,298.00214543445765,3091000
2025-10-24,302.70404052734375,309.109361206569,302.40520379288597,308.00363488859364,3586800
2025-10-27,311.6396484375,312.12775860936404,303.33165215462355,306.3101699796454,4244400
2025-10-28,308.6013488769531,315.4549552830748,308.2626570999682,310.90248300917654,3058100
2025-10-29,313.0740966796875,313.9108699255854,307.8342697346205,308.8105203884087,3596800
2025-10-30,309.5576477050781,313.6319506672014,307.31628098798586,309.21895593810865,3782000
2025-10-31,307.7645568847656,313.71165093783196,306.00132899938365,310.54382963885854,4023800
2025-11-03,307.43585205078125,310.49408007377417,305.1048340373115,307.91402128450017,3297600
2025-11-04,303.0328063964844,308.0435052298028,301.9071373066115,304.64658564372456,3938200
2025-11-05,303.93927001953125,307.3561321203847,301.3392992529189,302.28566623721156,4711100
2025-11-06,304.09869384765625,306.84811368890945,300.2834026104037,302.5646245859433,3467800
2025-11-07,306.0909729003906,307.73466605711906,296.55771675395823,302.8634147317226,4766500
2025-11-10,310.74310302734375,312.5561270673319,307.7347015723455,308.75077693517665,3716400
2025-11-11,309.52777099609375,311.52009701167094,305.8718393812973,309.30861391836095,2682200
2025-11-12,307.83428955078125,311.25115185875245,300.841236002448,309.5875462172283,3884500
2025-11-13,303.0029296875,310.1852567988789,301.4190036782936,308.79063460256515,4153300
2025-11-14,303.6504211425781,305.6228044794453,295.1132967063002,299.8151874090832,2803300
2025-11-17,298.9784240722656,307.6350834960051,297.4044694131399,305.6427573759359,3076600
2025-11-18,294.8742370605469,299.92476066938207,292.6228988172364,294.6949046054144,4053600
2025-11-19,299.665771484375,300.5125161442204,294.3661768420668,294.72478094243434,2952600
2025-11-20,289.5048828125,305.90171708873635,289.36543580238043,304.2281705644107,3733900
2025-11-21,286.3370666503906,290.59067129281834,282.9501188676198,289.5048573789568,5604100
2025-11-24,292.92169189453125,293.688756792505,286.2673309434586,288.36925049445733,11909200
2025-11-25,292.3140563964844,294.8443187835838,285.1117873751476,293.36001532633674,4693100
2025-11-26,295.48187255859375,297.46422725654367,292.3339937414452,294.07727904078337,4113700
2025-11-28,297.30487060546875,297.53396864770997,294.12710808483763,295.87039339989616,1376400
2025-12-01,287.3432312011719,295.2627088574877,286.92482936249746,294.6152089837737,3756300
2025-12-02,288.20989990234375,290.87960957078144,287.35318387412354,289.68420175481765,4255800
2025-12-03,287.383056640625,288.23977263632486,283.40837596421966,286.93480152701676,4059500
2025-12-04,290.7401123046875,293.40985219135916,286.55624603539286,287.7416824118134,4195300
2025-12-05,282.85052490234375,292.1546836825195,281.0673846186308,290.55087584333165,5220300
2025-12-08,286.08807373046875,287.73173671142,282.21298480643196,283.90647418103885,4333200
2025-12-09,284.21527099609375,289.3355635506143,283.6773344490099,286.0980337106458,3553400
2025-12-10,282.5118408203125,284.7830913081285,280.230618974062,284.3547485022053,5807400
2025-12-11,287.3133544921875,288.24971977195406,278.5670443047041,280.9976541294882,5971500
2025-12-12,298.6596374511719,302.84353436340643,289.58460678361917,289.8137048256359,9381900
2025-12-15,299.82513427734375,306.87795455519193,298.7592326295556,298.8488836465919,6808600
2025-12-16,297.5837707519531,300.24350881986334,295.72092048806775,296.5178690930542,5271300
2025-12-17,291.05889892578125,300.0741923433865,290.50105007612956,297.97227259876706,3802500
2025-12-18,300.5324401855469,301.15005642726396,294.28650865660484,294.8642698632318,4495100
2025-12-19,306.0312194824219,307.24653952970755,302.47494076086883,303.0626732689153,8856400
2025-12-22,313.52239990234375,315.1859751303535,304.75614703926016,308.4618747094605,6959900
2025-12-23,314.3193054199219,316.53078846249264,312.9545669946406,313.7913402539266,2724800
2025-12-24,315.5346374511719,315.943067938551,313.9108868600373,314.7775438257391,878500
2025-12-26,313.9308166503906,316.8395955327333,313.3331127812644,315.385206091562,1882300
2025-12-29,310.73944091796875,313.15292590402623,310.41034454658654,312.4947027260106,2773200
2025-12-30,310.9488830566406,312.0857918172751,309.7221903087522,311.0984723099807,3155100
2025-12-31,307.1990051269531,312.5146126289133,307.03943311769603,311.2979331244195,2555700
2026-01-02,319.88470458984375,320.11409506970034,307.82732374171144,308.9143795688359,4340100
2026-01-05,323.4450988769531,328.54129917286525,322.54753286726185,322.94644771209664,5628200
2026-01-06,326.6563720703125,331.89220863570705,320.59275763274536,325.04074737120186,4324700
2026-01-07,322.76690673828125,329.3690425987625,322.07876576814664,327.53401015681976,4656800
2026-01-08,313.59173583984375,329.2593463606937,309.43297188129696,329.2593463606937,5771700
2026-01-09,320.7224426269531,321.43051873724875,314.3397140015223,316.2545173715261,3508000
2026-01-12,323.2955017089844,323.6644986923148,318.5483329963531,319.3362103394308,4125300
2026-01-13,326.34722900390625,327.2048943372919,324.1232340107732,324.67173807884546,2783900
2026-01-14,318.0197448730469,325.41971048994856,315.5065237361564,323.9437226453613,3923600
2026-01-15,319.0768737792969,323.5747165177749,317.0922521065131,319.7251141333734,4044900
2026-01-16,324.2428894042969,324.67172204981824,317.84022626459995,320.85206797986956,4109700
2026-01-20,311.4974060058594,323.0062834124528,308.8246430667273,320.8820245805543,10372200
2026-01-21,317.6407775878906,319.46582737686975,309.8219313302649,312.21545072582376,9783900
2026-01-22,294.20416259765625,309.1636962890625,294.04459058605136,305.0448331430554,13939000
2026-01-23,293.07720947265625,298.303063561442,289.28747306915125,296.19877040753386,7780200
2026-01-26,294.2640075683594,297.9241203183446,289.6564759158863,292.20956731150125,7844800
2026-01-27,296.66748046875,299.81895900730177,293.80522808404004,294.71277671935616,7452200
2026-01-28,291.69097900390625,297.46533723615465,290.36454994053145,296.19877430943393,7541300
2026-01-29,298.0537414550781,298.3828682475336,289.54675431932645,292.5087432751761,6149900
2026-01-30,305.9623718261719,306.7701842297641,295.5804515469404,296.19877408448014,7427800
2026-02-02,307.877197265625,308.82464666397556,300.20793982608893,304.77560159305494,6727200
2026-02-03,309.0938720703125,311.5871276391085,304.1871621546613,309.0540018945908,4588100
2026-02-04,307.5081787109375,310.9389009593701,301.18528596249786,309.17368689568383,6591900
2026-02-05,305.5434875488281,308.39578782963065,301.6839326846185,305.8825666639131,4461900
2026-02-06,320.134033203125,322.3081448780506,309.38311579770107,309.8518490886484,5800600
2026-02-09,315.885498046875,323.6145903160633,315.53646661517513,320.17391588963835,4706400
2026-02-10,315.4765930175781,319.20652395908144,315.02782528661714,316.084963188767,4610600
2026-02-11,312.8836364746094,320.91190717246764,311.9162521036841,318.58820639109973,5241100
2026-02-12,312.0458984375,324.00354201761314,310.8192057808231,316.9226903452687,6163900
2026-02-13,314.5591125488281,325.7986981720331,312.6841794120894,314.3696226827588,4393400
2026-02-17,326.1976013183594,329.50865203983255,313.65155260564313,314.15020372266326,5863600
2026-02-18,328.69085693359375,330.8949167844038,325.6191794439778,329.45879913243436,3988900
2026-02-19,333.8369445800781,334.97388375111785,324.69170001448356,327.15503778315366,4456700
2026-02-20,342.2940979003906,343.3711709968984,335.88145139192744,337.9159261781368,5035400
2026-02-23,338.0754699707031,342.35390501829863,336.09084829128926,341.22694863955155,5045100
2026-02-24,344.7075500488281,345.86439382798517,329.82778770244266,337.06821147740584,6171900
2026-02-25,341.9649658203125,347.53988146369267,337.74636655943186,344.6775985853116,5030300
2026-02-26,339.9205017089844,343.05204544252064,333.90677024440834,341.68571576839975,4722400
2026-02-27,341.336669921875,342.8724934379391,336.7590563525829,339.70107966082145,7055100
2026-03-02,344.8072814941406,346.2633647403166,334.42536107862054,340.52887661458,3981200
2026-03-03,333.2386169433594,340.20975052818756,328.19223912604764,339.7609523031785,5891500
2026-03-04,338.8932800292969,339.3320954604507,332.5205343861417,335.64206490808874,3920400
2026-03-05,326.10784912109375,340.88787559528566,319.92459350556703,335.67197393294833,4825400
2026-03-06,322.2383117675781,323.66447709984175,316.7531494542151,322.79682902173147,4677000
2026-03-09,321.5292053222656,321.5991254907336,309.7339106424785,319.4917669694269,5740100
2026-03-10,326.1134948730469,331.4668379040221,320.1509258788456,321.8588189958862,4146700
2026-03-11,324.7452087402344,325.79391986384024,320.79014715072594,323.8263711335781,3116000
2026-03-12,306.31817626953125,318.24331362504086,300.7551035031341,318.24331362504086,8007200
2026-03-13,299.31689453125,309.1246761476353,298.6776766879311,306.98732577357026,5770600
2026-03-16,303.62152099609375,305.31941669349754,299.77630813756195,303.39179637268995,6327200
2026-03-17,301.7138977050781,305.61903345679843,298.64771250529697,305.02977165768345,4787100
2026-03-18,300.5852966308594,304.59031393919133,299.80626894909636,302.4429967824996,3942400
2026-03-19,291.2469482421875,295.87118904395516,285.77379002359606,295.7313791850233,7128700
2026-03-20,286.4329528808594,293.0646701827757,281.93855541386404,289.63894787303263,10192400
2026-03-23,291.17706298828125,299.4567206115587,289.808773412789,296.430493954651,6473800
2026-03-24,290.2681884765625,292.15581969390774,284.9448069288042,287.3518102852004,5028200
2026-03-25,296.1907958984375,297.4991625787017,292.7251146474605,294.7326220562319,4456600
2026-03-26,284.8848876953125,293.6539560301898,282.32807714297377,291.2169912100566,5890800
2026-03-27,282.4579162597656,284.6152308482871,280.62021060574784,282.6376848555793,4161700
2026-03-30,272.9098205566406,284.35554502722067,270.4528916396187,283.71635763724106,8598600
2026-03-31,283.4167175292969,286.13333256081177,275.456638337951,277.58399153095905,7828800
2026-04-01,292.31561279296875,295.13210927270194,289.62895934294863,289.8486866671743,5242500
2026-04-02,280.8099670410156,288.75005121769277,278.9622641452004,284.53533426427185,5322900
2026-04-06,288.3305969238281,288.43047852443374,278.22320072607744,280.20071621197684,5062800
2026-04-07,288.24072265625,289.73885527870493,282.7675338362302,285.1445758072592,5280500
2026-04-08,307.6764831542969,312.7401786533707,304.9199094190215,309.5341834262042,6432900
2026-04-09,312.6302795410156,314.657750974515,303.7713275560271,305.61903040438864,5470800
2026-04-10,307.96612548828125,313.07974646297913,306.0385355586038,312.69021736362623,3685100
2026-04-13,311.5116882324219,311.7613769902997,303.9411385045844,306.0484969908723,3811500
2026-04-14,317.6040954589844,318.7426908087548,312.63028450084425,314.61782771112314,3530100
2026-04-15,313.5391540527344,318.183358769293,311.0123050879257,316.04603888992466,3993700
2026-04-16,297.91864013671875,313.5591472335197,297.4891523184113,313.1796154534072,7373300
2026-04-17,303.7513732910156,313.60908059739114,303.4717231007491,309.7439034935136,7733100
2026-04-20,303.2220458984375,305.08971300599467,298.03850463735955,303.50169609936177,5315200
2026-04-21,286.373046875,303.9211499644972,283.8561646384106,293.2144945937664,12891500
2026-04-22,275.946044921875,287.44169497219156,268.5752276793647,286.29313274552834,12777700
2026-04-23,281.9884948730469,282.58775399410507,273.01966362411673,276.14577178200346,8591100
2026-04-24,284.2456970214844,285.7737910486682,276.83492104311705,280.26064359405547,9672300
2026-04-27,284.2057189941406,284.5153306042842,279.7512802498572,282.4578977525505,5213300
2026-04-28,288.8399658203125,289.04969584156817,280.2007104584763,283.01720694796217,8417200
2026-04-29,283.21697998046875,289.5790448427004,279.2419238647909,286.8524325533501,9819400
2026-04-30,289.56903076171875,291.2070035971616,284.4753741494988,284.6551732145579,7603400
2026-05-01,286.1533203125,291.396784346687,285.88363694095005,288.69013620469093,3782900
2026-05-04,280.1707458496094,289.47914990499,279.06214241310255,286.0434302148459,6133100
2026-05-05,286.3230895996094,290.2981456598858,281.25939419549826,282.1283366893635,6401100
2026-05-06,305.4492492675781,307.9860956765103,299.48668028790286,300.0559779921962,9168300
2026-05-07,302.25323486328125,309.61405444215643,301.4841739953136,307.6265417171076,5477800
2026-05-08,296.7800598144531,305.029786358833,296.4604508803342,304.0709900360618,3952200
2026-05-11,300.3955383300781,302.69269317864365,292.4854155892309,295.66144925821374,4562000
2026-05-12,297.0797119140625,300.5353959702605,292.9348539319828,299.34687498198787,4393300
2026-05-13,294.34307861328125,298.02848701539034,290.94731769653566,295.6015196714406,4219900
2026-05-14,291.17706298828125,297.47920507075105,288.7201035594202,294.66270844522893,4686200
2026-05-15,281.17950439453125,287.95106232734224,280.95977706717105,287.1320758817647,5022500
2026-05-18,285.6339416503906,286.882385439526,281.6888775644737,283.03720295265686,4696200
2026-05-19,284.9248352050781,287.06218561047484,282.26814315406,284.4354549913275,5239400
2026-05-20,299.79632568359375,300.07597588672536,285.8237213925175,288.64021803236307,6098400
2026-05-21,301.38433837890625,302.5029391757558,294.3830556148863,298.1283871112589,4928300
2026-05-22,302.4629821777344,305.9186661906372,299.8762102002517,302.8724754145756,3502100
2026-05-26,314.09844970703125,314.5878603823855,305.96859986908464,305.96859986908464,5084200
2026-05-27,316.8150634765625,320.0810118176295,311.56163292820173,313.9086827831323,4788100
2026-05-28,320.42059326171875,321.91872579373023,313.8987241915454,316.37561713753706,5022600
2026-05-29,323.35693359375,325.5142480849269,316.18584941748804,318.9324257102999,9345400
2026-06-01,324.1958923339844,325.99363921555926,314.5279508543082,321.0797814834759,4633500
2026-06-02,317.324462890625,324.6253600330785,316.2657849520193,322.5978884548521,4827600
2026-06-03,314.248291015625,319.15215129330005,310.6128081485732,313.0497728116425,4127000
2026-06-04,327.2420959472656,329.0498402041472,315.8562941283583,316.27578467308024,4243400
2026-06-05,327.5916442871094,332.0760445423288,322.1284531464306,326.49300767681507,3951500
2026-06-08,321.6390686035156,331.60662399252953,320.6403136039217,329.15969253127463,3152100
2026-06-09,330.02862548828125,330.8975375164423,319.6215843197884,324.2458251386632,4825300
2026-06-10,318.3132019042969,330.1584522169907,317.8537831322463,329.0797797335522,3777800
2026-06-11,332.3457336425781,332.5055381049794,319.36191824842484,320.1609100808466,4451200
2026-06-12,334.8825378417969,336.44059319660784,328.06105463268335,334.14346889849986,4377500
2026-06-15,341.83392333984375,348.4656412198271,341.5342785281748,343.02244432308237,5252700
2026-06-16,351.2921142578125,352.4406764352244,343.6116857134471,343.6116857134471,5210300
2026-06-17,356.58551025390625,361.8788997672718,349.5642635509099,351.6716220524018,5029400
2026-06-18,357.19476318359375,364.2459712496083,356.65542693367746,362.39826835013537,7763400
2026-06-22,354.6778869628906,360.8302217021374,354.09862244738474,357.1947691850646,5426700
2026-06-23,356.0262145996094,359.4719317207853,347.33703345552203,348.8451633374838,4735200
2026-06-24,365.4244995117187,368.7902991253096,355.21722176698177,356.39574540101574,6453700
2026-06-25,370.8976440429687,379.1973261761022,366.0537066521721,367.1922715085387,7591800
2026-06-26,368.5406188964844,370.9775836928659,363.3670749761275,367.9413597617112,8360900
2026-06-29,373.2447509765625,375.5319086352474,367.0125290548068,367.3620994273791,6071500
2026-06-30,373.2647399902344,376.3508894717533,368.2809315087908,374.1436188412274,4887500
2026-07-01,374.47320556640625,376.2210268324063,370.91764017222425,374.56308985967905,3951400
2026-07-02,377.0499877929687,382.49321489599305,373.90391554572057,379.31718121704097,3274700
2026-07-06,378.6799926757813,380.2900085449219,373.8399963378906,377.1700134277344,4065400
2026-07-07,366.9800109863281,377.8999938964844,363.6300048828125,377.3999938964844,4263100
2026-07-08,356.0299987792969,363.010009765625,354.25,360.1199951171875,4214900
2026-07-09,359.0400085449219,362.260009765625,357.8699951171875,361.5899963378906,3045200
2026-07-10,359.2699890136719,360.69000244140625,353.75,356.80999755859375,2335100
2026-07-13,353.4200134277344,358.70001220703125,352.0299987792969,356.1700134277344,2668900
2026-07-14,353.7300109863281,359.20001220703125,352.57000732421875,355.010009765625,4416200
2026-07-15,360.3500061035156,360.6300048828125,353.3500061035156,355.6000061035156,5429300
2026-07-16,345.7300109863281,354.2699890136719,336.5299987792969,353.2200012207031,6883600
2026-07-17,348.8299865722656,357.05999755859375,343.0199890136719,346.989990234375,5596300
2026-07-20,341.29998779296875,357.1000061035156,339.8900146484375,353.79998779296875,3887100
2026-07-21,340.70001220703125,346.25,340.010009765625,345.0,3938600
2026-07-22,341.19000244140625,345.20001220703125,340.3699951171875,340.7099914550781,4200100
2026-07-23,349.0,349.7200012207031,338.6000061035156,340.0,3823600
2026-07-24,353.7300109863281,359.989990234375,350.20001220703125,350.239990234375,2958900
2026-07-27,361.6099853515625,365.5,356.05999755859375,359.8599853515625,3839200
2026-07-28,363.5899963378906,366.7699890136719,358.19000244140625,364.5799865722656,3625900
2026-07-29,350.6300048828125,362.7000122070313,348.8399963378906,362.7000122070313,3723000
2026-07-30,355.0400085449219,356.6199951171875,347.6600036621094,354.75,3187100
2026-07-31,360.07000732421875,362.4200134277344,353.7799987792969,356.239990234375,3151300
2026-08-03,368.9299926757813,369.9500122070313,360.9700012207031,363.7900085449219,3371900
2026-08-04,377.2799987792969,378.8500061035156,368.6000061035156,374.5199890136719,4183100
2026-08-05,381.2200012207031,384.510009765625,378.739990234375,379.3399963378906,3160800
2026-08-06,374.5499877929687,388.8399963378906,372.7900085449219,383.9700012207031,3552900
2026-08-07,370.0799865722656,377.80999755859375,368.44000244140625,376.3900146484375,2527700
2026-08-10,366.7000122070313,372.260009765625,364.8399963378906,371.5199890136719,3092000
2026-08-11,368.05999755859375,372.55999755859375,366.4700012207031,367.739990234375,2286100
2026-08-12,365.3299865722656,370.2000122070313,363.239990234375,369.7900085449219,2180800
2026-08-13,360.6400146484375,367.0799865722656,359.54998779296875,367.0,2738400
2026-08-14,368.3800048828125,368.69000244140625,361.510009765625,362.5,2966200
2026-08-17,369.4299926757813,372.3599853515625,366.760009765625,367.8699951171875,5515000
2026-08-18,375.0899963378906,375.5799865722656,365.0,366.8900146484375,4927900
2026-08-19,356.2300109863281,374.55999755859375,355.9800109863281,373.5199890136719,4923400
2026-08-20,344.6400146484375,354.5,343.55999755859375,353.0899963378906,6056100
2026-08-21,348.3699951171875,351.8599853515625,346.4100036621094,347.5400085449219,3546100
2026-08-24,341.8399963378906,348.489990234375,340.5400085449219,346.5899963378906,2664800
2026-08-25,349.5400085449219,350.0,344.2200012207031,345.95001220703125,3134800
2026-08-26,354.3900146484375,356.3900146484375,350.0,351.7799987792969,3035900
2026-08-27,342.7300109863281,353.5,339.6000061035156,352.7900085449219,5090900
2026-08-28,342.5799865722656,345.6300048828125,341.2699890136719,345.0899963378906,2537100
2026-08-31,335.7099914550781,339.75,333.7200012207031,338.8299865722656,4476600
