Date,Close,High,Low,Open,Volume
2009-01-02,1262.0863037109375,1268.0654369785332,1246.6403503188026,1255.6090502201962,7454304
2009-01-05,1238.6683349609375,1277.5324622548874,1227.706670417149,1277.5324622548874,9579938
2009-01-06,1265.5740966796875,1281.5182893455512,1241.657686924487,1243.6506506295177,14512049
2009-01-07,1277.53271484375,1282.5152467100806,1256.605863643552,1265.5745659106867,12343398
2009-01-08,1280.5218505859375,1288.9923096853704,1266.570619839973,1270.5567892728943,14727464
2009-01-09,1284.50830078125,1314.4037327676365,1275.5395987314662,1283.5116978269762,10722415
2009-01-12,1300.4521484375,1301.4487511231412,1271.553206438604,1277.0340985621806,8903711
2009-01-13,1289.490966796875,1300.452634383712,1276.5362138504045,1286.0031579848603,11051187
2009-01-14,1244.6474609375,1291.48368565472,1227.2084218263396,1279.525418403396,18706170
2009-01-15,1230.6964111328125,1257.6022749031065,1223.2225533768174,1248.1353320591727,14213082
2009-01-16,1230.197998046875,1248.6335193178195,1228.7031542508155,1243.1526266596445,10212091
2009-01-19,1273.0479736328125,1281.019949344266,1236.1768161452464,1242.155948874345,8694064
2009-01-20,1289.490966796875,1304.9369254973135,1261.5886170572185,1269.5605962263755,13816936
2009-01-21,1233.1875,1297.4626401817338,1222.7240770038063,1287.4975789289565,20221604
2009-01-22,1236.6756591796875,1252.1217394573512,1221.2296996584896,1239.6652269997664,12915031
2009-01-23,1221.7274169921875,1260.093299512764,1213.755320061173,1227.7065500686554,15621000
2009-01-26,1263.581298828125,1274.5429639613703,1217.7415533816302,1243.1526916794458,14322104
2009-01-27,1260.591552734375,1265.5742039320207,1243.152515055445,1260.0933117658933,13041115
2009-01-28,1251.125,1277.5327455690865,1248.6337943851447,1268.564163842702,11216223
2009-01-29,1210.7662353515625,1257.602474405434,1200.3028086819938,1246.1425654120385,16666236
2009-01-30,1215.25048828125,1234.6826175224774,1204.2889415515508,1215.7488501839257,12248806
2009-02-02,1225.7142333984375,1230.696766422025,1203.2925329011002,1221.7280620717945,9554208
2009-02-03,1242.155517578125,1245.643323666343,1212.2599850692443,1224.2182463753427,9952687
2009-02-04,1263.581298828125,1274.0447229221,1232.1910265462004,1245.64401763223,17211736
2009-02-05,1272.550048828125,1284.508318391784,1210.2678577504528,1257.6023326299996,25246268
2009-02-06,1253.6162109375,1278.0308690101317,1232.6893611609585,1277.0343868559464,12366926
2009-02-09,1229.2012939453125,1257.6019954087897,1223.7205224953238,1257.6019954087897,9523862
2009-02-10,1246.1419677734375,1268.06529292217,1223.7204017017432,1228.7029316877629,7757463
2009-02-11,1229.90771484375,1243.8613069396106,1209.4757727978338,1225.921112275629,10110725
2009-02-12,1223.92724609375,1227.9139679920863,1205.9869371628283,1227.9139679920863,10781967
2009-02-13,1209.4757080078125,1250.3397106874734,1204.4923342877548,1224.4259499448383,13878051
2009-02-16,1203.9935302734375,1218.445442619639,1201.0034586195998,1208.9770232887724,6643859
2009-02-17,1173.096435546875,1209.475379932867,1168.1129424017568,1204.9903327237168,10965245
2009-02-18,1184.558837890625,1197.0173351037624,1166.6185197754305,1167.1168451707308,10380376
2009-02-19,1166.6177978515625,1198.0133653192358,1163.6277265531933,1188.0465012502725,9752676
2009-02-20,1133.7274169921875,1172.0997827091085,1133.7274169921875,1172.0997827091085,17477021
2009-02-23,1114.2921142578125,1145.6875649329136,1110.8037174298215,1130.7373273206144,13654045
2009-02-24,1102.3316650390625,1132.7305817091903,1100.3383647322476,1102.3316650390625,15551244
2009-02-25,1090.371337890625,1107.3149918499942,1082.89622130377,1106.816546070993,14408441
2009-02-26,1076.4180908203125,1093.8600752279567,1056.4844806235903,1090.8700035042434,18864991
2009-02-27,1065.4547119140625,1066.4513623577495,1014.6238484103352,1056.4846163672096,24118758
2009-03-02,1027.580322265625,1051.5007675270283,1027.580322265625,1036.5504137531634,19152224
2009-03-03,1008.6434936523438,1051.9991652406118,1002.6633510428712,1028.078836356327,16582400
2009-03-04,1021.6005249023438,1028.0789935906216,995.6867105376432,1023.5938255591548,15587020
2009-03-05,1013.1287841796876,1038.0457677546938,1010.637037511457,1020.6039034075544,14865107
2009-03-06,1019.1080932617188,1033.5599964163368,1002.662830401812,1002.662830401812,12876529
2009-03-09,1003.161865234375,1034.5574367972497,991.7000244095594,1017.1154525956524,20130922
2009-03-10,1014.1253662109376,1017.1154378559972,981.2347592805062,993.1949854723364,24697472
2009-03-11,1009.6400756835938,1024.0920457554626,1000.6699227632186,1013.12853222927,17367413
2009-03-12,1038.0460205078125,1044.026165656937,1003.6604878424804,1005.6538494293796,15618286
2009-03-13,1030.0726318359375,1059.4746681502445,1022.5973904690298,1050.5045717529097,12198342
2009-03-16,1056.982666015625,1069.9396015128018,1040.5373340981932,1051.002523358958,12887342
2009-03-17,1032.564208984375,1065.4547621689271,1022.5973417468877,1051.0028469464646,17081215
2009-03-18,1031.5673828125,1036.5507551941296,1017.1154700512716,1031.0689368751987,17627686
2009-03-19,999.6734619140624,1033.5605965814527,985.7198754861438,1026.0854782488975,24888929
2009-03-20,1011.1353149414062,1026.085491409868,990.7031997676486,991.699970794435,37968332
2009-03-23,1013.1287841796876,1036.0524670415691,993.6933775657742,1036.0524670415691,12788383
2009-03-24,1000.6702880859376,1034.0591659084146,996.1852401825562,1016.6171787543328,15213564
2009-03-25,1028.5771484375,1034.0588451128624,997.6799063816716,997.6799063816716,13263802
2009-03-26,1051.501220703125,1054.491171969727,1026.085668722348,1029.0757407657825,15073799
2009-03-27,1034.5570068359375,1059.9724244593972,1029.0751908893246,1051.5006588438334,10772160
2009-03-30,1036.0523681640625,1049.5076298008255,1014.6236628821111,1029.0755747803196,11529695
2009-03-31,1083.8931884765625,1086.3849349935751,1042.530751867511,1051.9992920107054,18506545
2009-04-01,1068.9429931640625,1085.3882068064026,1053.9927550249088,1084.3916772477671,10217141
2009-04-02,1073.427978515625,1090.371637124898,1047.5142258511464,1085.388144181504,12039307
2009-04-03,1048.0125732421875,1085.8866131535258,1038.0457079205914,1084.3916377048542,12833747
2009-04-06,1031.5673828125,1052.996089374102,1018.6105663095348,1052.996089374102,11424645
2009-04-07,1023.5935668945312,1051.0024102139682,1023.5935668945312,1032.5637799138487,11011765
2009-04-08,1016.6168212890624,1043.5273408006858,1013.1285458616406,1021.6003134532574,13481697
2009-04-09,1010.6368408203124,1022.0986800205388,999.1750016200864,1019.1086087559578,14719625
2009-04-14,1004.6568603515624,1012.6302431451549,992.1982496999894,1012.6302431451549,15480206
2009-04-15,1020.6040649414062,1030.5709324149875,999.1753542227864,1004.158787959577,12947667
2009-04-16,1031.5673828125,1033.062358293943,1003.1618824505244,1025.587239333088,19775953
2009-04-17,1034.5570068359375,1039.540377060957,1016.118379993566,1024.59014560913,16434426
2009-04-20,1030.0726318359375,1048.012824630607,1020.6040893926652,1031.0691615972733,11069959
2009-04-21,1047.513916015625,1047.513916015625,1011.6333692423922,1044.523966066139,16400453
2009-04-22,1016.1185913085938,1049.5074565464397,1003.6599819899632,1049.5074565464397,23287555
2009-04-23,983.7264404296876,1014.6236239519038,978.7430685368556,1012.1318776170835,20569213
2009-04-24,1002.6636962890624,1006.650479530943,981.2349854661956,990.2052024691104,19131163
2009-04-27,1059.474365234375,1066.4511585605997,1017.6137260538386,1021.6004478435652,26968164
2009-04-28,1044.52490234375,1083.893819735436,1041.534828937282,1071.4353214481878,17368939
2009-04-29,1035.7255859375,1047.1893249657885,1019.7759361964212,1039.214560493659,12512267
2009-04-30,1045.6939697265625,1059.6498677990178,1028.7476256072828,1042.2051160052674,16869415
2009-05-01,1027.7506103515625,1046.1922947039989,1023.7631081377644,1040.2112829768923,6636755
2009-05-05,1014.7916259765624,1032.7349044458758,1006.3184547649004,1032.7349044458758,16112079
2009-05-06,1025.2584228515625,1037.7190951266768,1009.3088976318232,1015.2899091908296,12478842
2009-05-07,1019.2770385742188,1036.7219029696817,1015.2896582547932,1027.2519200098318,14231891
2009-05-08,1022.7664794921876,1034.2302182561723,1018.28068967964,1030.2429569088567,9579157
2009-05-11,1019.776123046875,1032.2368005149265,1007.3155059772448,1014.7919245377598,9160346
2009-05-12,1050.6787109375,1052.672342437771,1016.2874803860184,1022.7669035587668,13790439
2009-05-13,1052.6719970703125,1078.5901644453745,1045.6940475150002,1050.6783662241248,13493834
2009-05-14,1061.6436767578125,1067.1262822705687,1046.690962527063,1046.690962527063,12458630
2009-05-15,1047.6873779296875,1060.148048895792,1046.6905629073683,1056.6590755208963,9756715
2009-05-18,1053.669189453125,1064.6345241634788,1043.2022625754885,1050.180213827246,12755536
2009-05-19,1055.6627197265625,1063.1391988921796,1042.205347140881,1056.6596560934188,9931988
2009-05-20,1055.1641845703125,1084.5713275074363,1045.1956676829907,1049.1831710753845,12736558
2009-05-21,1060.148193359375,1066.627612684161,1042.7032033109344,1049.681271808388,11131479
2009-05-22,1048.1864013671875,1057.1581042302716,1040.7100427130424,1046.6911779550985,10064410
2009-05-26,1061.1451416015625,1063.6373006062945,1043.7002701620606,1051.6751548178406,8333430
2009-05-27,1058.6527099609375,1062.6400908635478,1045.693631429869,1059.1511174741663,11345662
2009-05-28,1047.6873779296875,1061.6432714292705,1042.7030612245342,1045.1952195771107,8578109
2009-05-29,1038.7159423828125,1055.1638756748298,1036.7221912702794,1052.1733094044278,8861489
2009-06-01,1037.220947265625,1054.665822372274,1031.7383412588704,1051.6753758941366,10502551
2009-06-02,1025.75732421875,1039.214818099391,1015.290397955679,1035.7258426783676,14354078
2009-06-03,1019.776123046875,1031.738392743699,1012.2997648847812,1029.2462330907204,10758262
2009-06-04,1028.747802734375,1040.2116644082944,1020.7730369761316,1022.7666680172728,8687626
2009-06-05,1028.747802734375,1050.1800612076786,1028.2493949740897,1029.7446182549456,10563723
2009-06-08,1030.741455078125,1042.205194848646,1020.2745307319552,1042.205194848646,7049189
2009-06-09,1031.738525390625,1045.6943071697608,1029.2463654172382,1037.2211323758463,9206902
2009-06-10,1028.747802734375,1044.6974550477012,1024.2620120949682,1038.716320330599,7762609
2009-06-11,1055.1641845703125,1062.1421343117547,1035.2272715925,1036.7224947670245,14156559
2009-06-12,1111.9842529296875,1114.4764115774692,1049.6812531094963,1056.6592006858498,24733641
2009-06-15,1093.542724609375,1109.492252314676,1083.0758017539674,1105.5048703883506,13098781
2009-06-16,1101.5179443359375,1116.4706629471875,1092.546240691071,1092.546240691071,12814919
2009-06-17,1109.4923095703125,1117.4671946313197,1096.533347840208,1099.5237938416662,11566400
2009-06-18,1111.486328125,1126.4390449126995,1102.0162177875957,1112.4831436983543,13265215
2009-06-19,1112.9818115234375,1127.4362446984571,1109.9912433078084,1112.9818115234375,27196260
2009-06-22,1091.54931640625,1113.978392091828,1091.54931640625,1107.000441327846,8828998
2009-06-23,1108.994384765625,1115.972336734234,1092.048033524891,1094.0416650605682,10108341
2009-06-24,1103.51123046875,1110.4891789798671,1089.056925809551,1103.0128228317858,10027138
2009-06-25,1077.0948486328125,1104.0097113367865,1073.6058737640722,1099.0256340912017,10362864
2009-06-26,1075.599853515625,1089.057348119383,1068.123494468394,1076.596669176094,13753675
2009-06-29,1064.1357421875,1081.0822084496103,1055.662569454859,1075.1011950840873,11527209
2009-06-30,1065.1328125,1084.0729120026754,1060.647021711943,1061.1454294887444,14018875
2009-07-01,1090.5521240234375,1093.0442829486296,1069.119871338483,1069.119871338483,8874725
2009-07-02,1060.148193359375,1089.056799320159,1056.16081192997,1083.5740743567296,11181564
2009-07-03,1059.6500244140625,1067.1263822297578,1055.6626416321474,1063.6375279928145,5993298
2009-07-06,1071.612060546875,1077.0946653810647,1054.6655968109228,1056.6593481667803,7798062
2009-07-07,1066.1290283203125,1079.0879841495323,1063.1384628837966,1077.0942335929344,10039322
2009-07-08,1082.5777587890625,1091.5493409462515,1061.1454982174037,1063.6376580596675,10337413
2009-07-09,1095.5364990234375,1103.0129770134076,1071.6122043241094,1086.0665110037637,10740209
2009-07-10,1082.0792236328125,1091.549212484585,1073.107642531466,1087.063421933912,7443280
2009-07-13,1107.4990234375,1108.9942469033824,1073.6060835756211,1074.6030200163973,7588444
2009-07-14,1109.4923095703125,1113.9780993693173,1099.0255069715736,1109.9907172372225,9829961
2009-07-15,1108.994384765625,1116.9691525020726,1103.511777245643,1110.4897292142523,8454771
2009-07-16,1116.968994140625,1120.458090427123,1100.0225245056554,1102.5146843687885,7825038
2009-07-17,1108.49560546875,1119.9593453484572,1104.50822293654,1118.962529914612,11066617
2009-07-20,1137.40478515625,1152.855915253372,1111.486725407142,1112.4835413367914,11898724
2009-07-21,1156.344970703125,1159.8339474918448,1136.4080467653664,1136.4080467653664,11327075
2009-07-22,1149.864990234375,1166.313051959494,1138.8997768134311,1157.8398775901958,11901798
2009-07-23,1161.3284912109375,1170.300192325202,1139.3978273273929,1147.8711207347806,9070282
2009-07-24,1155.3470458984375,1168.3060038218148,1153.3534158164323,1160.829649420733,6928452
2009-07-27,1159.3349609375,1170.3002938303423,1154.8491703897091,1158.8365531873942,5848465
2009-07-28,1167.80810546875,1178.275030353228,1163.3223150316408,1164.8176590419,6577485
2009-07-29,1166.9842529296875,1173.464755613493,1146.5459024538843,1146.5459024538843,7713949
2009-07-30,1171.4705810546875,1178.449564599876,1163.9931159440891,1176.4556383382378,8687557
2009-07-31,1145.548828125,1164.9903363414628,1141.5608543198966,1164.9903363414628,11340247
2009-08-03,1145.548828125,1156.5157862927194,1139.5668070099744,1149.0383203063082,6515377
2009-08-04,1144.0538330078125,1146.5463629214016,1126.6063652422663,1143.5553511880526,5643289
2009-08-05,1141.560546875,1155.5185118410757,1139.566500102114,1145.0500381165189,7459593
2009-08-06,1136.0775146484375,1146.54599192036,1121.1224608208695,1146.54599192036,7277034
2009-08-07,1162.9962158203125,1163.9931790051437,1131.590788165528,1131.590788165528,6559122
2009-08-10,1176.45556640625,1177.9510110110427,1155.0201355159004,1166.4855732634717,10270619
2009-08-11,1171.4705810546875,1181.4405748070608,1165.488560640318,1178.9480461652856,8581869
2009-08-12,1187.4222412109375,1187.9208434931547,1165.9869340343316,1166.4854155018454,6566687
2009-08-13,1165.489013671875,1183.9335636498845,1162.498123116843,1183.4350818907124,5845906
2009-08-14,1154.5220947265625,1169.9756338996328,1154.0236129491698,1163.9936109413618,5849181
2009-08-17,1163.9937744140625,1166.9847863132593,1147.5433901906736,1158.510232463069,5971654
2009-08-18,1167.483154296875,1170.4741659043607,1148.0417600703945,1156.5161922792836,5621395
2009-08-19,1172.9661865234375,1183.9332657245593,1162.4978305855377,1166.4858044701527,5977441
2009-08-20,1186.9246826171875,1190.414297232483,1174.462273795294,1175.459237505494,8506796
2009-08-21,1214.3414306640625,1217.8309223941494,1181.440560415269,1188.91802543478,15034137
2009-08-24,1198.8885498046875,1219.8253886390644,1188.4200699801092,1216.834497958996,6567410
2009-08-25,1194.900390625,1210.8522883864205,1191.9093795910435,1199.3868467685545,5806517
2009-08-26,1196.894287109375,1209.8552943231773,1192.9063127700722,1199.3868163769737,5793238
2009-08-27,1208.858154296875,1222.8161242471729,1197.3927134990597,1199.885242651542,7071481
2009-08-28,1199.3861083984375,1214.839635757867,1195.8966178094936,1214.341033546858,8631313
2009-09-01,1199.3861083984375,1227.301912295302,1196.8935806021386,1209.8545801652692,8484157
2009-09-02,1200.3839111328125,1209.356944989356,1186.4260598250298,1200.8823928779364,7544158
2009-09-03,1173.4649658203125,1205.8672434141909,1173.4649658203125,1205.8672434141909,6663595
2009-09-04,1184.4312744140625,1189.4163308988404,1167.9809021325366,1173.4644401028506,6935418
2009-09-07,1191.4111328125,1196.3960716421932,1174.4621474878877,1180.4441707353474,7050019
2009-09-08,1176.45556640625,1194.899987272294,1168.4794994031952,1188.917967223683,5480697
2009-09-09,1185.92724609375,1185.92724609375,1160.5039567307865,1171.4707948002515,8905188
2009-09-10,1180.4437255859375,1195.3986572502452,1168.9782860309508,1190.9122019139008,6657975
2009-09-11,1178.449951171875,1186.4260212790348,1173.96349479675,1183.4350100906956,9125491
2009-09-14,1185.92724609375,1188.9182568466722,1170.4738314875271,1172.4678789277252,6128637
2009-09-15,1171.969482421875,1189.416824921199,1168.4798689443005,1183.9334054880635,8290789
2009-09-16,1172.46826171875,1182.4381397304871,1166.9847200789843,1169.9757318084212,7901462
2009-09-17,1173.4649658203125,1183.9334441506203,1173.4649658203125,1180.4439513738512,8100833
2009-09-18,1196.894287109375,1204.3717540974123,1171.969477692422,1171.969477692422,21102725
2009-09-21,1205.8673095703125,1211.350850298114,1189.9154107526515,1191.4109767760378,6291015
2009-09-22,1203.375,1215.338925098602,1202.3780364454778,1204.870566146562,6317209
2009-09-23,1210.3536376953125,1221.8190777123896,1199.885160945439,1206.3656638117527,9894596
2009-09-24,1202.3782958984375,1220.8227297109888,1199.3872837746824,1199.8857656595071,10028398
2009-09-25,1223.8128662109375,1231.7888122910515,1202.377435611431,1206.8638901796558,12142575
2009-09-28,1247.741455078125,1250.2338639770344,1222.317917791015,1223.3150021653578,9906488
2009-09-29,1239.266357421875,1254.7197690587393,1234.281300186629,1246.245340899438,7709833
2009-09-30,1225.8070068359375,1245.2485147249763,1222.3175147133977,1227.8010541122771,10957598
2009-10-01,1219.824951171875,1239.764940109908,1217.332543165673,1227.3024168199534,8802560
2009-10-02,1214.8404541015625,1220.8223557016615,1201.3808432607282,1210.852358615139,10771637
2009-10-05,1215.3387451171875,1219.3268403742304,1199.8853290514996,1217.332792745709,10446096
2009-10-06,1232.287841796875,1236.2758166103174,1206.365945102113,1216.834424292939,8974259
2009-10-07,1227.3023681640625,1238.2694462155107,1218.32945806799,1228.2994521417504,7384110
2009-10-08,1231.2906494140625,1238.7679950863867,1222.8160987978958,1234.7801418290137,7763067
2009-10-09,1239.266357421875,1240.7619229183392,1222.8158618491257,1226.803955963213,6605448
2009-10-12,1256.7138671875,1262.6957669722774,1241.2603341078918,1242.7558996651344,7265220
2009-10-13,1242.756103515625,1266.3340686902236,1240.9165781169816,1257.711036652737,6996132
2009-10-14,1255.218017578125,1274.1609174368712,1250.2330820830982,1274.1609174368712,10719946
2009-10-15,1268.6781005859375,1274.1615201427724,1255.7170930274465,1256.215695546032,11498874
2009-10-16,1254.221923828125,1269.6753433052877,1251.729393945916,1264.6904043556572,12556985
2009-10-19,1276.6539306640625,1278.1494964511126,1253.224567876195,1253.224567876195,5994240
2009-10-20,1269.6749267578125,1281.6388488007444,1267.182397693338,1278.6479589010726,6363422
2009-10-21,1257.212158203125,1270.671642104497,1248.239128663973,1265.6865854222858,8813118
2009-10-22,1246.744384765625,1253.2248896054407,1236.774386613199,1248.2398301218377,7938056
2009-10-23,1232.7860107421875,1243.2544872767644,1228.798036940645,1240.2634767219222,8619151
2009-10-26,1226.3060302734375,1245.2489422356934,1222.816416138127,1236.2759076337106,6787460
2009-10-27,1252.726318359375,1265.1887245488465,1215.3388581614165,1227.80138516566,11117406
2009-10-28,1247.242431640625,1263.1943264702943,1220.3235789118733,1247.7410340669485,12003530
2009-10-29,1250.2335205078125,1255.2184577509283,1226.3056767631608,1246.7440281932074,9774937
2009-10-30,1246.2454833984375,1260.7019335671318,1229.7949859446949,1247.2424466335915,11592747
2009-11-02,1243.2547607421875,1261.2007072038764,1223.8133690815114,1251.2307100996563,8558547
2009-11-03,1224.8109130859375,1230.2943355627033,1206.8649581181874,1227.303322932274,10615585
2009-11-04,1218.01611328125,1222.0046930065082,1204.5545811878171,1221.506135644988,7895221
2009-11-05,1216.5203857421875,1221.0075226244217,1200.5659467353323,1208.5431058222136,8679939
2009-11-06,1215.522705078125,1219.0127260046434,1197.0754861331131,1218.5141688484332,6269724
2009-11-09,1230.4798583984375,1234.9671143074208,1208.5426193237956,1222.004145384658,5475255
2009-11-10,1232.972900390625,1238.4572711783835,1229.4828792074304,1233.9701356094356,5248440
2009-11-11,1242.44580078125,1247.9301713537154,1226.491487903264,1231.9757376426771,7503153
2009-11-12,1255.4091796875,1266.8764828460205,1240.9506530596202,1241.449089610261,10377032
2009-11-13,1247.4310302734375,1256.903975548833,1241.9466617368907,1251.4196070122864,5743607
2009-11-16,1247.4310302734375,1250.422493035826,1234.4680652474233,1239.45387679574,4930666
2009-11-17,1243.94189453125,1244.4404518737804,1237.4604074121685,1243.4433371887196,5449952
2009-11-18,1243.443115234375,1249.4260439429747,1239.953093626537,1241.4487653871513,6896687
2009-11-19,1236.9609375,1248.4281104175566,1232.9723608692416,1246.4338825186792,17876665
2009-11-20,1249.9249267578125,1253.414949274678,1233.9706071567718,1239.454859207216,12108143
2009-11-23,1273.855712890625,1282.3314246578414,1255.4083764958175,1258.3998397174898,8783487
2009-11-24,1267.873046875,1278.343109884945,1256.9044266978742,1262.3887972029625,10701619
2009-11-25,1285.822021484375,1289.3120433356862,1267.8733549395,1269.8675840927751,25094762
2009-11-26,1268.3720703125,1285.8221817439664,1267.3748347784913,1279.340694521837,6902840
2009-11-27,1275.35205078125,1282.332095002994,1245.9360810849917,1256.9048255760945,5744472
2009-11-30,1253.4139404296875,1274.8526156587627,1253.4139404296875,1272.359709915171,11309226
2009-12-01,1276.348388671875,1276.348388671875,1254.4111547064106,1256.9040606493545,6937315
2009-12-02,1278.3427734375,1284.3255787021017,1267.374035314189,1271.362733267949,5239757
2009-12-03,1279.3404541015625,1283.3290329887582,1263.3860177197068,1274.3546398677634,7692456
2009-12-04,1307.759033203125,1309.7532619996207,1278.3431917903451,1278.8417489894691,10381284
2009-12-07,1299.78125,1303.271148712122,1283.8268231510135,1295.294116537129,7086926
2009-12-08,1289.3116455078125,1319.2260402412412,1288.314531238843,1299.2831506966363,10180608
2009-12-09,1276.348388671875,1291.8041396854942,1276.348388671875,1281.8326367467334,8947594
2009-12-10,1294.2978515625,1295.793523559783,1272.3606039371386,1274.8535114323677,7329576
2009-12-11,1299.28369140625,1310.2521945956505,1294.297876320421,1295.2951118374426,8443283
2009-12-14,1320.2237548828125,1320.2237548828125,1295.2951618240234,1306.263665436708,7017378
2009-12-15,1308.7562255859375,1321.7190760347496,1307.7591111282748,1314.7390331649794,6873340
2009-12-16,1315.237548828125,1328.6989548436236,1308.2575068202143,1309.2546211547583,7254240
2009-12-17,1293.300048828125,1314.240293437411,1293.300048828125,1309.2544806337114,8221926
2009-12-18,1291.8048095703125,1314.7391694727055,1291.8048095703125,1295.2949522001095,22342125
2009-12-21,1297.2886962890625,1305.7644085551426,1283.8271714157315,1289.311541117101,5616194
2009-12-22,1322.21728515625,1332.6873457475715,1299.282935765559,1299.282935765559,6702946
2009-12-23,1316.2352294921875,1333.1866638052445,1311.748092223031,1324.2123892669322,3779888
2009-12-24,1327.2027587890625,1333.1855632647837,1309.7526606661197,1309.7526606661197,1007249
2009-12-29,1330.19482421875,1343.1576738177396,1325.2091314242243,1336.1776314055692,2760551
2009-12-30,1317.23193359375,1333.684926228719,1315.237704688339,1326.704883393649,1958033
2009-12-31,1315.7357177734375,1322.7157577218125,1304.7671008307077,1322.7157577218125,1324517
2010-01-04,1335.6788330078125,1335.6788330078125,1314.7387095527426,1321.220314431353,5328769
2010-01-05,1303.271728515625,1337.174825132009,1299.7818282509056,1337.174825132009,7762557
2010-01-06,1291.8048095703125,1315.237847586304,1290.8076950092725,1301.7763176799488,6528508
2010-01-07,1289.8106689453125,1303.27207894221,1285.32353227968,1294.297805610945,11789537
2010-01-08,1277.3463134765625,1296.7907746739395,1273.3577339360193,1289.8107302697158,13860905
2010-01-11,1284.326416015625,1290.8079033748008,1277.3463712954506,1282.8307439326295,7562068
2010-01-12,1286.3206787109375,1296.7907450783232,1278.3435198119073,1281.8334211012798,8395775
2010-01-13,1271.363525390625,1295.2951238586638,1266.8763884382097,1286.3207291207389,9870718
2010-01-14,1279.3404541015625,1293.7990978800494,1262.3890240392484,1270.3660609805677,11888208
2010-01-15,1246.4345703125,1279.8389935485925,1242.9445487306357,1274.8533002172446,23082407
2010-01-18,1256.406005859375,1260.394463629595,1239.454456170621,1245.4373844920783,9590227
2010-01-19,1280.83642578125,1287.3177918584458,1250.423341368793,1257.4033856055478,12282804
2010-01-20,1279.8389892578125,1304.7676974971166,1278.3433175133437,1295.2948681160074,19982946
2010-01-21,1278.841796875,1304.767618031632,1273.8561038640155,1288.3147465122397,10529321
2010-01-22,1266.37744140625,1285.8217761054343,1266.37744140625,1270.3658989516653,10453297
2010-01-25,1239.9525146484375,1264.8812115167425,1239.4539576276936,1260.3939566640163,11253701
2010-01-26,1258.89892578125,1260.8932757114146,1233.4716589618429,1238.457473370716,8299699
2010-01-27,1244.4404296875,1254.4119388596123,1241.448964852557,1248.9275665233688,11372939
2010-01-28,1223.9984130859375,1257.9013837115674,1223.9984130859375,1253.9128060399073,14374970
2010-01-29,1213.030029296875,1226.491679241463,1211.035800292544,1225.9930011573094,16299519
2010-02-01,1207.04736328125,1223.0016805228445,1205.0531340425932,1211.0359425916486,12962894
2010-02-02,1221.5054931640625,1225.49407079143,1205.052625555301,1211.035431579835,14338496
2010-02-03,1213.5284423828125,1222.5027126087318,1206.5484007257444,1221.0070411820934,10845232
2010-02-04,1222.5030517578125,1241.448832583095,1205.0530636071785,1217.5173581194997,22444487
2010-02-05,1202.560302734375,1224.9961080870485,1198.5717231716617,1216.5203916204189,16073503
2010-02-08,1215.522705078125,1221.0070754625317,1199.5683927472114,1199.5683927472114,13548340
2010-02-09,1215.024169921875,1223.499882554106,1209.0411220348865,1215.024169921875,12704325
2010-02-10,1192.807373046875,1207.7673179961982,1191.3114268940385,1202.780709964837,9295265
2010-02-11,1208.7642822265625,1212.7537125782226,1194.80163856137,1198.2924203328744,16354007
2010-02-12,1225.7191162109375,1240.1804105561675,1207.767160442541,1214.7484832888742,17136478
2010-02-15,1232.2017822265625,1244.6683610235748,1229.708418125071,1233.697728174324,6873298
2010-02-16,1238.186279296875,1242.6742397046416,1229.7088864652396,1238.186279296875,8916203
2010-02-17,1241.6756591796875,1247.6596813602234,1236.689054599345,1241.1771316623244,7069628
2010-02-18,1240.1798095703125,1246.1637113565223,1239.1823918933069,1242.174403213994,7132273
2010-02-19,1231.7032470703125,1231.7032470703125,1216.7433027933523,1223.7246262366316,21490403
2010-02-22,1200.28759765625,1229.708845017568,1194.3035700774087,1225.220884761069,14826233
2010-02-23,1205.2735595703125,1207.766802093374,1197.294820930952,1200.785481318426,7174038
2010-02-24,1203.2791748046875,1211.7564434191293,1203.2791748046875,1204.7751207289227,7230284
2010-02-25,1200.28759765625,1206.7702740574507,1191.810325965612,1203.2796114456708,8141164
2010-02-26,1210.7587890625,1214.249449378147,1202.2815229481514,1206.7694802525016,15937591
2010-03-01,1226.2178955078125,1229.708557302883,1208.76458653246,1216.7433283892185,19756989
2010-03-02,1241.6756591796875,1241.6756591796875,1227.713021328541,1228.2117905562152,9558679
2010-03-03,1236.6898193359375,1240.679129638128,1227.2152526889467,1240.679129638128,8732841
2010-03-04,1241.6756591796875,1246.1636153875115,1233.198395136558,1246.1636153875115,6537637
2010-03-05,1235.193359375,1245.1666914085563,1218.7373554768733,1243.6706251331736,9942025
2010-03-08,1232.700439453125,1238.6844649962534,1218.7377937559745,1237.1883981828594,6812558
2010-03-09,1252.1478271484375,1254.6411902436923,1235.6919449432082,1238.185308038463,9561195
2010-03-10,1251.6497802734375,1256.137739317778,1239.1830796605411,1256.137739317778,7169657
2010-03-11,1246.6632080078125,1259.1297881201394,1240.6791818749637,1255.63912635185,6060278
2010-03-12,1239.68212890625,1251.650062676496,1236.6901152498735,1248.6580490201195,8773710
2010-03-15,1244.6680908203125,1247.1614543805233,1236.6894724538738,1236.6894724538738,4214807
2010-03-16,1235.692626953125,1248.657856322904,1230.7058980103138,1246.6632614299722,6979443
2010-03-17,1221.2310791015625,1242.673694916895,1217.7404179024334,1242.673694916895,8085887
2010-03-18,1268.604736328125,1269.602154791752,1232.7008138743254,1236.690125163052,20695129
2010-03-19,1283.0655517578125,1283.0655517578125,1259.129572186538,1272.593568248831,22095026
2010-03-22,1290.5455322265625,1296.5294365220795,1275.5855902049464,1282.0681431204885,8881612
2010-03-23,1281.0711669921875,1291.543031360104,1278.5778026470846,1289.5484365682091,8670993
2010-03-24,1289.548095703125,1297.0280659060256,1279.57476181419,1279.57476181419,6708983
2010-03-25,1291.5428466796875,1296.0308051749428,1285.5589423044198,1287.5535368111034,6130631
2010-03-26,1271.596923828125,1290.0475363812957,1267.108963121738,1286.0582245472542,8335757
2010-03-29,1268.105224609375,1278.0785564722134,1251.649220992933,1272.59318164834,6629792
2010-03-30,1260.1273193359375,1270.5991847242594,1253.644643920122,1270.1005359776962,5414644
2010-03-31,1262.1214599609375,1265.6121207854958,1249.6548832190592,1256.1374354459224,10092506
2010-04-01,1253.6434326171875,1271.096726159308,1248.158180849738,1263.6166396225738,6486451
2010-04-06,1257.1351318359375,1257.1351318359375,1241.1778907356666,1256.6364831584578,9318220
2010-04-07,1271.096923828125,1277.5794731331912,1252.6463308872326,1261.622242758954,9710851
2010-04-08,1270.10009765625,1273.5907585327852,1260.126884456325,1265.6121396307633,7791224
2010-04-09,1265.6126708984375,1277.580604275263,1264.6153733308493,1270.1006308078402,7996577
2010-04-12,1266.11083984375,1272.5935132867412,1257.633572021506,1266.6096092937728,5994027
2010-04-13,1271.596923828125,1279.575547496208,1262.1222326877285,1262.6210024153509,6493656
2010-04-14,1270.10009765625,1281.569377434807,1270.10009765625,1274.5880556817367,5989002
2010-04-15,1268.604736328125,1274.5886428335848,1266.6101411113918,1268.604736328125,4988714
2010-04-16,1277.08154296875,1286.0575807433722,1263.118898111704,1263.118898111704,11044510
2010-04-19,1275.585693359375,1281.5695981388,1265.113708926349,1271.5963832213497,5540195
2010-04-20,1276.5823974609375,1283.065068743485,1266.1104178941691,1274.5876828912424,6570535
2010-04-21,1257.6334228515625,1281.0707500143124,1256.137356389364,1277.579968554248,7529197
2010-04-22,1241.177490234375,1263.118629239699,1241.177490234375,1251.649350792865,11725983
2010-04-23,1234.69482421875,1246.6628732709507,1234.69482421875,1242.6735638719515,9400791
2010-04-26,1243.671142578125,1250.6524658207632,1237.6871166972262,1249.1563989229232,7082665
2010-04-27,1210.7587890625,1246.1639198581347,1210.7587890625,1237.1880052494344,11199487
2010-04-28,1213.7508544921875,1231.7028053576666,1198.2922670637774,1211.756139571494,16331168
2010-04-29,1216.7432861328125,1225.7192042339902,1206.2711802560516,1212.2553270822236,10963414
2010-04-30,1207.76708984375,1221.7297347202446,1204.7750772480415,1219.735140226583,9501505
2010-05-04,1211.257568359375,1223.7242654851736,1207.766907666775,1214.7482290519747,10076698
2010-05-05,1189.498779296875,1203.962289355329,1188.501329189048,1201.468543212021,8600108
2010-05-06,1177.02978515625,1191.4932890070863,1154.0877172803334,1182.0171544285874,10141778
2010-05-07,1145.609619140625,1179.0252883896287,1135.1360295180266,1147.604519521834,20459536
2010-05-10,1184.511474609375,1184.511474609375,1150.5969602953935,1154.0882776169406,13214943
2010-05-11,1181.5189208984375,1189.0000383546528,1167.554136080505,1172.5416283004745,7047816
2010-05-12,1181.0198974609375,1188.9997379482577,1168.5512909350048,1174.5362317373492,8708536
2010-05-13,1194.9847412109375,1196.481037077939,1182.017528648045,1183.5137036413196,4935918
2010-05-14,1164.063232421875,1198.9752032405872,1161.5694856851756,1192.4915342494307,10594763
2010-05-17,1177.02978515625,1184.0121746617356,1157.0800663195223,1157.0800663195223,7672599
2010-05-18,1170.04736328125,1187.503215688357,1165.5587189729565,1187.0046117359748,7135220
2010-05-19,1174.5361328125,1180.0223482315262,1153.5889626422704,1162.566373089668,11654930
2010-05-20,1163.065185546875,1185.0096862542894,1152.5915996731069,1184.0123572944117,13407564
2010-05-21,1136.63232421875,1161.0706999734446,1120.6725168208116,1156.083207279323,18639938
2010-05-24,1139.6243896484375,1145.6092095259312,1125.1608835611244,1138.1280940237834,9825114
2010-05-25,1116.18408203125,1128.652574386516,1111.1967092638984,1114.1890604000453,11729392
2010-05-26,1120.671875,1132.6417539116137,1119.1755796992077,1122.168049427111,15489353
2010-05-27,1134.1380615234375,1136.1329609938516,1117.6795365240432,1122.1681812061706,9112091
2010-05-28,1154.0882568359375,1162.5668248248903,1138.1284501303408,1140.1233504224494,11807109
2010-06-01,1155.5841064453125,1163.563947112753,1142.1180497729367,1154.087931647809,9692642
2010-06-02,1178.526611328125,1178.526611328125,1148.6021374003406,1155.5845307666575,13310629
2010-06-03,1189.9979248046875,1202.965264283063,1180.0231784546268,1183.015529835375,8604164
2010-06-04,1172.0433349609375,1195.9829946318644,1168.5521371104649,1187.0056978013893,7204736
2010-06-07,1161.070556640625,1167.554102944596,1149.5993973844968,1158.0780855683192,5216438
2010-06-08,1154.0882568359375,1164.5617251169992,1144.6121178271849,1157.5793323471278,9158424
2010-06-09,1159.5738525390625,1160.571302254186,1144.611623317439,1160.0725773966242,5178319
2010-06-10,1160.572021484375,1171.0456126049485,1151.5947267374652,1151.5947267374652,9193906
2010-06-11,1193.987548828125,1194.9848780641314,1164.0629576720416,1171.5440752426273,8639275
2010-06-14,1197.4783935546875,1206.9545303932207,1189.9972774251098,1197.4783935546875,6121499
2010-06-15,1201.9676513671875,1206.9551452434598,1185.010389760664,1191.4941801493298,6908559
2010-06-16,1220.919677734375,1224.4108743634686,1198.9750477440025,1208.9497916496236,8767038
2010-06-17,1211.94189453125,1228.4004224546725,1208.4508198377996,1222.9142061889593,6465915
2010-06-18,1192.98974609375,1212.939469655694,1187.0049257241408,1210.9444489500124,22636671
2010-06-21,1189.498779296875,1199.4736429963668,1183.0151118485182,1196.9798968530588,6116321
2010-06-22,1185.5087890625,1196.9798272567689,1179.0251219911247,1183.5137680891023,6852600
2010-06-23,1161.070556640625,1182.0176123992942,1157.5792396614886,1182.0176123992942,8883547
2010-06-24,1164.5614013671875,1170.047617392801,1149.1004449065322,1168.0525967815656,7773617
2010-06-25,1142.1185302734375,1173.0405769611184,1140.6222339727162,1164.0631617780773,6618849
2010-06-28,1140.6219482421875,1148.601911141575,1128.6521852037033,1142.6169691854673,9032384
2010-06-29,1120.1739501953125,1136.6324850162748,1115.6853028346018,1126.6576190906542,10651320
2010-06-30,1140.1234130859375,1142.118434361442,1123.166276176033,1130.647273556357,13555986
2010-07-01,1106.7076416015625,1133.1407918466664,1101.7201498535908,1132.143341846563,11532799
2010-07-02,1105.71044921875,1112.692843357042,1099.2267802512265,1111.1966678447377,10035363
2010-07-05,1092.2442626953125,1111.1965422856122,1092.2442626953125,1106.209049393952,6882089
2010-07-06,1120.1739501953125,1120.1739501953125,1085.2621007662915,1096.73314218756,10110959
2010-07-07,1114.6875,1118.1788171785558,1103.2164609623965,1112.6925997536737,7610963
2010-07-08,1139.1259765625,1139.1259765625,1115.1864462115168,1119.1762470629274,9477149
2010-07-09,1139.1259765625,1144.6121944806962,1113.1914249120582,1142.6171731812376,14572078
2010-07-12,1152.093505859375,1156.0835495454512,1133.640188398651,1137.6301112109406,6965774
2010-07-13,1173.5389404296875,1177.0302574570617,1155.5843554952542,1159.075430775154,10863374
2010-07-14,1178.526611328125,1178.526611328125,1167.5542961630204,1177.529161096867,9503509
2010-07-15,1199.9720458984375,1205.4582617661042,1175.034953781343,1187.0048353567215,17224716
2010-07-16,1184.511474609375,1211.9422002360172,1184.511474609375,1204.959807340418,10964223
2010-07-19,1185.009765625,1190.9948276485077,1181.019966023426,1184.5111615485189,3736024
2010-07-20,1170.546630859375,1190.4962375206196,1169.050334813693,1190.4962375206196,6129948
2010-07-21,1183.015380859375,1189.9977749494012,1158.0783972507304,1180.023029855451,9737366
2010-07-22,1200.4713134765625,1203.4637852231167,1175.534210086961,1180.0229781436735,6184410
2010-07-23,1184.013427734375,1200.9705737307304,1179.0259323099508,1198.975672260014,9377985
2010-07-26,1169.0498046875,1187.503227808775,1155.5838716251772,1187.0046238513037,10590089
2010-07-27,1152.093505859375,1187.0056024329306,1150.0986048901232,1181.0206577776023,10732683
2010-07-28,1131.8270263671875,1151.779967302982,1130.330610198948,1147.290597905052,7006010
2010-07-29,1118.8577880859375,1140.3070255337109,1118.8577880859375,1133.3235078927733,8425781
2010-07-30,1108.3826904296875,1122.8485334633824,1106.3873475418643,1116.862625693151,10312450
2010-08-02,1121.3521728515625,1124.3450059925926,1109.3803567144676,1111.8745052252364,7324444
2010-08-03,1135.8177490234375,1135.8177490234375,1119.356564407496,1123.8460553257162,8262054
2010-08-04,1127.3377685546875,1136.316508239275,1124.8436204675363,1136.316508239275,5910012
2010-08-05,1129.3330078125,1136.3165258501772,1123.3472215610802,1127.836591472951,6637928
2010-08-06,1129.8321533203125,1140.8061170588803,1125.8415880808564,1133.3237921232442,7283963
2010-08-09,1149.2864990234375,1150.7829160764925,1128.8347406053254,1135.8182619728132,5163572
2010-08-10,1174.22705078125,1175.224661658285,1148.787127164296,1149.285932602813,10655678
2010-08-11,1162.75439453125,1172.730867967681,1161.756662562334,1168.2413763406764,7464532
2010-08-12,1193.181884765625,1194.6783006081848,1160.7584534714997,1167.2431639089616,10798940
2010-08-13,1221.6153564453125,1224.1095049749702,1196.6742338284694,1204.156558524198,19127028
2010-08-16,1215.1307373046875,1234.584879741123,1209.1448287252838,1226.6036280041665,8972754
2010-08-17,1214.1324462890625,1220.6170359100806,1208.6454672415568,1215.1300568625752,9111715
2010-08-18,1213.6337890625,1225.1067967731733,1211.6385674733135,1217.125668630002,6530599
2010-08-19,1187.6951904296875,1216.62687374341,1185.2010422806068,1216.62687374341,12119325
2010-08-20,1203.657470703125,1206.6503031649115,1183.7045289319162,1185.6998714663237,9981124
2010-08-23,1224.6082763671875,1225.1070818805665,1205.154135985968,1205.6530623925878,6941580
2010-08-24,1197.173095703125,1218.6224597453029,1196.1754846016051,1215.629626440743,9163717
2010-08-25,1202.66015625,1206.1519158757633,1191.1872663062768,1197.1730535981235,8339124
2010-08-26,1207.1494140625,1209.144636008795,1197.17294165132,1203.6576547632487,5373944
2010-08-27,1222.61279296875,1224.6081356862846,1204.6551920838465,1206.650413908154,5666845
2010-08-31,1218.1234130859375,1218.1234130859375,1203.1587659521583,1209.643357721763,10236355
2010-09-01,1256.03369140625,1256.03369140625,1219.1208832841537,1222.1138365441209,15761890
2010-09-02,1258.5283203125,1264.015302642023,1244.062474771132,1250.0483835790285,7277284
2010-09-03,1265.51123046875,1271.9959417369223,1252.5418079324047,1261.5206668175365,7405003
2010-09-06,1246.0579833984375,1276.98490092667,1244.0626398998702,1266.50961956906,7316795
2010-09-07,1257.0311279296875,1258.527543761697,1240.071144034326,1248.052270258078,6067848
2010-09-08,1263.0169677734375,1271.4968988362973,1253.040500062723,1254.5369158174,6241584
2010-09-09,1271.996337890625,1271.996337890625,1254.537540920903,1260.0246432084891,6346517
2010-09-10,1272.495361328125,1275.4884369121803,1266.5095728398248,1270.0014540567995,4727734
2010-09-13,1279.478515625,1284.9654963908602,1267.506822314122,1271.4973867510814,6528301
2010-09-14,1278.9796142578125,1281.4737621788086,1270.998365089268,1278.9796142578125,6907826
2010-09-15,1280.47607421875,1282.9702222249523,1270.9984085097562,1278.9796579509602,5747655
2010-09-16,1270.0010986328125,1282.4714777523575,1270.0010986328125,1278.4810338057744,4176784
2010-09-17,1270.9986572265625,1293.944436515494,1269.0034351457386,1280.4763247902044,13602417
2010-09-20,1286.9608154296875,1292.946722421848,1267.0079936111883,1276.4855386400172,5491000
2010-09-21,1278.9796142578125,1293.9441391041437,1278.9796142578125,1287.9583533442542,5247036
2010-09-22,1269.00244140625,1283.4682737371872,1265.5106846059152,1283.4682737371872,5316594
2010-09-23,1256.03369140625,1284.965371430576,1236.5796765562836,1279.4783911983136,17079328
2010-09-24,1261.5206298828125,1267.5065356309783,1246.5558655123975,1252.042965930416,7110170
2010-09-27,1269.50244140625,1272.9942014930698,1261.5213100344508,1268.005903715749,7824273
2010-09-28,1262.019287109375,1267.0075816118472,1248.0522559315457,1267.0075816118472,7229933
2010-09-29,1248.0521240234375,1269.0026685758935,1241.5675352846802,1258.5273962996655,6560840
2010-09-30,1251.54443359375,1266.010274896186,1239.073934940336,1247.055063749979,9440059
2010-10-01,1249.5489501953125,1262.019568337257,1245.5585071331986,1246.5559970055174,5631502
2010-10-04,1246.0579833984375,1253.540309954834,1237.57792464612,1251.0461608049436,4659664
2010-10-05,1266.5087890625,1269.0029365768662,1243.563018788557,1247.0547769513912,7661894
2010-10-06,1270.0010986328125,1274.490468965955,1266.5092183930794,1274.490468965955,4929494
2010-10-07,1293.4456787109375,1296.9373171548373,1270.0010952281937,1273.991539164079,12057990
2010-10-08,1300.428466796875,1305.4166398075831,1286.4614372950905,1288.4566581421066,9675797
2010-10-11,1295.4415283203125,1307.4133495012609,1293.446305385684,1301.9262446444436,5746082
2010-10-12,1302.923095703125,1306.9135388732311,1280.4760066187869,1288.9560610349015,5328846
2010-10-13,1315.393798828125,1318.885679254949,1304.419835600576,1306.9138632008176,8027016
2010-10-14,1299.430908203125,1320.880260518646,1296.4379556416036,1319.3838446844777,10517719
2010-10-15,1284.965576171875,1300.4291503300728,1279.9774005392758,1296.9372702260523,10369448
2010-10-18,1300.928466796875,1305.4179600294028,1281.9732451142022,1288.956887821102,5602199
2010-10-19,1289.45458984375,1301.4264014813932,1285.4640262622684,1296.9369116706778,6371887
2010-10-20,1288.9564208984375,1292.946986075882,1276.9846044728577,1281.9727807213517,6538858
2010-10-21,1271.996337890625,1294.9421162546948,1253.5399299207013,1276.984513784872,17026268
2010-10-22,1277.482666015625,1282.470839359058,1267.506319328759,1277.9814712606508,9077171
2010-10-25,1283.9677734375,1295.939586596677,1273.9913027692571,1282.471236345996,6097952
2010-10-26,1262.019287109375,1285.4638602341724,1260.0240660229324,1279.9768813532723,6330591
2010-10-27,1241.7626953125,1252.7383768932484,1234.2790781966155,1239.76691898699,10957282
2010-10-28,1230.2880859375,1246.7517318658088,1228.7914348211782,1241.26389019377,7440779
2010-10-29,1218.3148193359375,1234.2795855563772,1218.3148193359375,1232.2840502349336,9869632
2010-11-01,1221.307861328125,1227.7935909191783,1214.3232480627112,1220.8088567415798,7455084
2010-11-02,1217.8155517578125,1228.2923507184764,1216.3187798261572,1217.3166680846557,6056627
2010-11-03,1209.8326416015625,1222.8040963709686,1206.340457069031,1222.8040963709686,7616385
2010-11-04,1224.8004150390625,1232.782797263478,1210.3323019152308,1217.8158003646463,11975960
2010-11-05,1259.224365234375,1259.224365234375,1227.2948393411937,1233.7804487181224,13475136
2010-11-08,1251.2418212890625,1264.213159270808,1250.7429376257855,1257.2286670727492,5257709
2010-11-09,1232.7825927734375,1255.2330843976688,1232.2837090811909,1253.736433320929,6636334
2010-11-10,1235.27734375,1243.7587315378023,1224.3016577417316,1236.7741161418342,6850127
2010-11-11,1226.7960205078125,1234.27951938648,1223.8025967739022,1234.27951938648,6076325
2010-11-12,1220.31005859375,1228.7913226363114,1213.8242082785837,1225.2990161048715,8066457
2010-11-15,1219.3125,1224.800463566855,1211.3301174593146,1220.8091513842985,6809705
2010-11-16,1210.8309326171875,1226.2968100585306,1209.833044363545,1219.8110805146823,7082622
2010-11-17,1240.265380859375,1243.258802213554,1222.8038570534306,1230.2873499828183,11259213
2010-11-18,1254.7342529296875,1258.2265598329586,1241.2639090296134,1246.252987984112,6518469
2010-11-19,1248.7474365234375,1261.2197702648243,1238.7694002532685,1259.224235558102,7124220
2010-11-22,1244.755859375,1262.2173888895352,1241.7625579543592,1255.2327770837212,4736248
2010-11-23,1223.3031005859375,1245.254702429374,1223.3031005859375,1238.2700908508118,6145929
2010-11-24,1228.791259765625,1231.784682484013,1213.3253834514908,1229.7890270343628,5310127
2010-11-25,1240.265380859375,1242.2609144874143,1225.7972784076098,1229.2895831687986,3260199
2010-11-26,1257.7275390625,1259.723073697086,1231.784742427614,1234.778165291674,5697267
2010-11-29,1221.806884765625,1263.714448239752,1221.806884765625,1257.2288388189909,9952605
2010-11-30,1209.33447265625,1236.2751651228014,1209.33447265625,1231.7850900157812,13745697
2010-12-01,1228.2928466796875,1231.785275626331,1206.3413516362664,1223.3038870214873,8545509
2010-12-02,1238.769775390625,1239.268659218383,1216.8180405837224,1228.7917360988006,7501365
2010-12-03,1229.7891845703125,1247.7496022691948,1229.7891845703125,1241.7628769776943,7200530
2010-12-06,1234.2794189453125,1234.778423620537,1221.806962133235,1227.7938091138676,4624594
2010-12-07,1239.2679443359375,1244.7557841877888,1232.283332952016,1238.27005634384,7240105
2010-12-08,1243.758544921875,1249.745270854287,1235.7761630705236,1237.7716980772598,4747980
2010-12-09,1243.758544921875,1249.2463871026027,1241.264005251251,1245.7542008408143,4155647
2010-12-10,1247.2506103515625,1254.235223345776,1237.7714581702214,1245.2549548194245,5897611
2010-12-13,1250.2440185546875,1255.7318596074956,1248.2483630459162,1251.241785852984,5886984
2010-12-14,1254.7342529296875,1257.2287924069367,1245.754104271101,1251.7408297394272,5799815
2010-12-15,1266.2088623046875,1271.1978200366682,1248.2484451924956,1249.745096238434,7905391
2010-12-16,1268.7034912109375,1281.175946877673,1267.2068400593196,1267.2068400593196,6586022
2010-12-17,1262.7164306640625,1274.1911169506486,1257.727473425774,1274.1911169506486,11127466
2010-12-20,1260.2222900390625,1276.6859371897174,1256.7298620172978,1261.2199366118218,3701881
2010-12-21,1253.238037109375,1263.7148405461664,1244.756648305551,1258.725880770921,3990294
2010-12-22,1257.228515625,1261.2195844504445,1245.254825499996,1254.7339766969296,5171949
2010-12-23,1259.224365234375,1263.2156768832206,1255.2331744977273,1259.224365234375,2135119
2010-12-24,1274.191162109375,1274.191162109375,1252.7384396737289,1264.712130929462,784744
2010-12-29,1263.2152099609375,1292.151301877935,1254.234943438708,1292.151301877935,3203311
2010-12-30,1256.230712890625,1265.7098647318423,1256.230712890625,1262.716441997133,2862346
2010-12-31,1237.27294921875,1257.7279107411098,1236.2751816066009,1250.244411825557,3442267
2011-01-04,1266.7076416015625,1272.1956034754648,1249.7449932511645,1272.1956034754648,9627597
2011-01-05,1249.246337890625,1273.19360341352,1245.7541517664056,1272.69459876929,10125613
2011-01-06,1246.751953125,1254.7344565652693,1241.7631151852324,1249.2464930070976,8722829
2011-01-07,1235.7762451171875,1251.2421260950298,1235.2772404201696,1247.749818689174,6170979
2011-01-10,1231.285888671875,1242.7605769627748,1230.2881212323696,1233.7804281828344,4978247
2011-01-11,1221.806884765625,1235.2771082507738,1218.813461464859,1228.2924941863862,10334569
2011-01-12,1226.2969970703125,1234.2793788436716,1219.3123827905729,1227.294885476134,8715870
2011-01-13,1222.8048095703125,1233.2817320149898,1215.8203155194085,1230.2883083290517,5644384
2011-01-14,1222.3055419921875,1229.2901547622598,1214.8220455831352,1225.2989647382435,6665108
2011-01-17,1202.349853515625,1238.769700782928,1195.3652385232342,1224.8004707981463,14293832
2011-01-18,1178.901611328125,1197.3609167455295,1162.4378411384307,1188.8796502033272,21262173
2011-01-19,1188.380126953125,1197.8592778853206,1179.8988641115886,1180.896631290084,14157062
2011-01-20,1148.9671630859375,1185.885759380098,1147.9692749528908,1182.393453194857,14379108
2011-01-21,1153.4576416015625,1161.4401449086506,1148.4686828328176,1155.4531767441758,11413592
2011-01-24,1176.906005859375,1178.9016620852244,1153.457740450923,1159.4444673040266,8244569
2011-01-25,1164.932373046875,1177.9038355863522,1159.9434140998078,1176.4070632636808,8553175
2011-01-26,1173.9122314453125,1182.393616732344,1162.9365486732688,1167.4266227004114,8700505
2011-01-27,1170.4195556640625,1175.4085112818946,1163.933828722386,1172.4150895463413,7066265
2011-01-28,1140.98486328125,1165.4310108780026,1131.0068265808338,1164.9321271798103,14039811
2011-01-31,1126.0186767578125,1143.4801004992294,1125.5197927551735,1138.4911395605766,9860592
2011-02-01,1143.9783935546875,1144.4773982118188,1120.5301320697906,1128.512634725268,10539384
2011-02-02,1125.0203857421875,1149.9654233442734,1125.0203857421875,1147.9697671347292,11604701
2011-02-03,1165.4306640625,1171.91639203332,1123.5231158513443,1131.5054944713595,19645122
2011-02-04,1168.4241943359375,1177.9033453939903,1162.4373493611497,1177.4044617981192,7244464
2011-02-07,1186.384521484375,1192.3713660208227,1168.4241087871883,1172.914302645603,10075500
2011-02-08,1196.36279296875,1197.8594439439726,1185.8858734056494,1196.36279296875,10671626
2011-02-09,1171.6480712890625,1187.616091708687,1166.6580119984503,1185.121062063381,9328221
2011-02-10,1168.1553955078125,1178.1353958643078,1161.1694073518645,1177.636413986881,8517651
2011-02-11,1173.6446533203125,1179.1335759148608,1166.1596819139231,1170.6506405705552,7158717
2011-02-14,1172.1468505859375,1180.1307989488416,1164.6618838787233,1172.6458322416274,556300
2011-02-15,1172.1468505859375,1183.1249307548458,1164.1629022230334,1179.6318172931517,7710121
2011-02-16,1177.636474609375,1184.123360285843,1170.6504860938014,1176.638389867156,5308114
2011-02-17,1183.1253662109375,1183.1253662109375,1167.1573426720745,1178.634287784896,5890716
2011-02-18,1197.5965576171875,1204.08356532492,1172.1476297096322,1182.127632264912,5968553
2011-02-21,1193.1051025390625,1212.0670148519357,1193.1051025390625,1198.5940230530164,5613301
2011-02-22,1173.6446533203125,1194.1035187276393,1172.646568446388,1193.1055547897229,5690867
2011-02-23,1177.636474609375,1179.5326300284048,1165.660425190682,1173.644498448475,5378702
2011-02-24,1175.6402587890625,1176.638222453298,1159.6722354814235,1167.1573257711127,7153986
2011-02-25,1177.636474609375,1184.6224631249486,1168.6544375453552,1182.127432673389,3838177
2011-02-28,1178.6341552734375,1186.6181056772614,1172.1471502193444,1177.6361917069505,8769133
2011-03-01,1169.651611328125,1185.6195051864545,1167.595821788168,1177.6356791932,7271710
2011-03-02,1156.678466796875,1167.6165221962958,1156.678466796875,1164.1634369420567,7342525
2011-03-03,1163.6640625,1166.9075645935286,1152.1871202114858,1157.6760400294938,6652311
2011-03-04,1169.1536865234375,1187.1176438190716,1168.155722489241,1171.14973552785,8350304
2011-03-07,1170.6497802734375,1188.1146200962964,1163.6637959699265,1169.1527145307314,7181671
2011-03-08,1176.63818359375,1179.1332136079125,1165.6602208417944,1170.650280870119,6591726
2011-03-09,1181.6279296875,1192.6058895228343,1177.6359552870092,1182.126911370569,8240374
2011-03-10,1185.120849609375,1201.0887462305168,1180.6298938016705,1192.6058162675267,14586454
2011-03-11,1192.606201171875,1196.0991948020776,1179.1332084645262,1180.6302748408818,10391737
2011-03-14,1184.122314453125,1195.5992508961283,1183.1244724641974,1187.6154265617404,8831303
2011-03-15,1157.676025390625,1174.6420082185589,1149.6920761548722,1169.1529675340128,13250328
2011-03-16,1136.219970703125,1162.1678863859495,1133.7249392737635,1155.6808772312336,13800941
2011-03-17,1154.6822509765625,1154.6822509765625,1125.2412386950443,1141.2091387685832,12136940
2011-03-18,1139.712158203125,1155.680057782311,1139.5415175724922,1151.688203823468,24746481
2011-03-21,1151.68798828125,1156.0991263659184,1136.218952406047,1142.2069740955403,8303182
2011-03-22,1150.690673828125,1161.4091116306213,1148.195642965729,1153.185704690521,6040548
2011-03-23,1151.1890869140625,1159.6720183436626,1145.7001668525425,1145.7001668525425,5682672
2011-03-24,1157.676025390625,1160.1710548777774,1145.7001015369958,1146.1990832472372,4932540
2011-03-25,1171.6480712890625,1176.408473205023,1160.67011016005,1164.662085030968,7994292
2011-03-28,1178.1348876953125,1183.9032898580822,1172.6458475392517,1175.1408767861824,5701383
2011-03-29,1181.6279296875,1182.126911370569,1173.1449992034493,1180.629966321362,6127923
2011-03-30,1192.606201171875,1196.2169864371508,1149.245213700317,1187.117159351855,4666134
2011-03-31,1187.1175537109375,1200.714268432717,1186.1195897524915,1192.6065973544114,10382284
2011-04-01,1198.0950927734375,1207.077007068164,1185.620063997913,1193.105153824808,8126569
2011-04-04,1215.0611572265625,1222.5461266012492,1193.604212769534,1194.602297372541,12997415
2011-04-05,1215.0611572265625,1223.8804132152045,1209.5721151859389,1216.5581027271098,8619701
2011-04-06,1210.5704345703125,1218.5543873269446,1208.574385913155,1214.562410948629,5592629
2011-04-07,1214.06298828125,1222.1747682516634,1211.5680792869953,1213.5641274183658,7420925
2011-04-08,1217.5562744140625,1227.0371718009194,1214.5622622628505,1217.5562744140625,7302721
2011-04-11,1222.5457763671875,1229.531761907018,1214.062724819713,1220.5498496049163,5318442
2011-04-12,1231.5279541015625,1234.521965826212,1218.554064542704,1222.0470580654671,7446571
2011-04-13,1243.504638671875,1248.4945801478318,1232.4617280285906,1236.5186480439183,8784971
2011-04-14,1238.513671875,1246.0185935214397,1232.5257706635305,1240.0106169438825,6539573
2011-04-15,1255.979248046875,1261.2976504859091,1240.5103243827584,1242.0073911174788,9359105
2011-04-18,1238.513671875,1259.5325801688991,1236.0187634268627,1255.4796540020343,6782118
2011-04-19,1238.0147705078125,1246.996683375734,1233.523814073852,1241.008781775769,5136909
2011-04-20,1262.4656982421875,1264.461625093522,1246.996660464617,1246.996660464617,5590162
2011-04-21,1246.49853515625,1267.4565050767162,1245.9995531490033,1264.9614741044654,6401274
2011-04-26,1257.974853515625,1258.1005059745771,1241.0088690940977,1249.491800836883,7233968
2011-04-27,1283.9229736328125,1284.9209373197405,1253.4841136936914,1259.4720167512362,10941751
2011-04-28,1302.8851318359375,1315.3601639976696,1285.8892701157793,1287.4162080539495,16754722
2011-04-29,1302.8851318359375,1302.8851318359375,1302.8851318359375,1302.8851318359375,0
2011-05-03,1313.3641357421875,1317.8550941784208,1292.1067309173457,1297.8952117196045,11975568
2011-05-04,1304.07958984375,1320.3164850251892,1298.0907832948926,1312.5639239654877,14316045
2011-05-05,1307.5728759765625,1322.5451920462538,1296.0942011183022,1307.5728759765625,13194367
2011-05-06,1313.5621337890625,1314.0611909582533,1297.092642434591,1304.0796847117324,12487536
2011-05-09,1301.084716796875,1314.5596167558551,1299.0883681247062,1307.572577834528,6219946
2011-05-10,1299.5882568359375,1308.571529224865,1297.5620311854825,1302.083664034752,13303619
2011-05-11,1307.0740966796875,1309.5695033805976,1292.101898382686,1298.5898832325142,11258843
2011-05-12,1328.534423828125,1328.534423828125,1299.0890811918382,1302.0835453666582,10997038
2011-05-13,1346.002197265625,1358.478991757897,1327.037416417499,1332.527167288736,12318063
2011-05-16,1345.5025634765625,1345.6671821500663,1329.5322540167667,1342.5081002142997,7795748
2011-05-17,1311.56591796875,1341.0113825432545,1311.56591796875,1339.015032708582,13378529
2011-05-18,1318.0538330078125,1321.5473543153316,1312.0101125088056,1318.552890201138,8044520
2011-05-19,1334.0238037109375,1336.5192097633776,1313.5617401801635,1320.0497233439894,8128422
2011-05-20,1330.0318603515625,1336.5199681511633,1322.5458798548327,1336.5199681511633,6428758
2011-05-23,1312.0648193359375,1319.83237843837,1308.5711776237547,1318.5526827828205,8109495
2011-05-24,1317.055419921875,1322.5452897118712,1308.5710866968093,1313.0628423265198,9275970
2011-05-25,1317.5543212890625,1349.7445877418352,1309.5691670420642,1311.066338105552,8299453
2011-05-26,1313.5621337890625,1321.7768615405828,1311.0667269888736,1317.055654927633,6748333
2011-05-27,1314.5601806640625,1324.047588378089,1303.5806815968626,1320.5491082954693,8095689
2011-05-31,1317.5543212890625,1322.5451334090849,1302.0830698162283,1302.0830698162283,11012132
2011-06-01,1304.5784912109375,1322.046093547455,1300.5860346245458,1318.0535160068523,8087082
2011-06-02,1279.1256103515625,1301.0848431063453,1279.1256103515625,1298.589437262424,14541394
2011-06-03,1293.0997314453125,1295.0960805627008,1278.1275364046112,1281.121999603592,7112712
2011-06-06,1298.5894775390625,1302.0829974472313,1283.1181059719202,1285.114454899813,6359523
2011-06-07,1303.0814208984375,1310.5675194860485,1292.1018015729935,1295.5953223108263,8827864
2011-06-08,1292.1019287109375,1307.074127359367,1290.1055791125054,1301.0853204725345,7642903
2011-06-09,1292.6005859375,1300.086682945494,1285.6135459361462,1289.1070659368231,6822986
2011-06-10,1274.1358642578125,1289.9066101488545,1270.6424624905594,1286.6127829580143,7863046
2011-06-13,1280.6236572265625,1286.6125869667012,1268.6457977462849,1272.6384982092245,4466805
2011-06-14,1285.6136474609375,1292.8003834049998,1282.120248138582,1282.120248138582,6406928
2011-06-15,1284.615478515625,1293.5988678235603,1283.118186487203,1287.1108845935291,5416638
2011-06-16,1275.1334228515625,1282.6194007603003,1263.6547459919686,1275.6323590276388,10241534
2011-06-17,1278.127685546875,1280.6230919962438,1258.6638539136063,1267.1480665055565,13184497
2011-06-20,1273.1368408203125,1279.125888721604,1266.1499206543403,1275.133311074957,4897879
2011-06-21,1272.638427734375,1280.1245290178558,1269.1449057384664,1272.638427734375,9477570
2011-06-22,1278.6273193359375,1286.113421106229,1264.6532304435875,1269.1449882691795,7914209
2011-06-23,1270.14306640625,1285.6463797072374,1266.1504869738155,1275.133881412494,6517217
2011-06-24,1293.599365234375,1305.7038613456073,1279.0264348824433,1281.1224510014692,10441757
2011-06-27,1285.1148681640625,1297.591659874528,1282.6194614402773,1292.6009673811875,6790812
2011-06-28,1300.086669921875,1305.0774818466718,1285.613533057512,1287.1108250166285,9539698
2011-06-29,1320.050048828125,1322.5454554958565,1304.079615490563,1306.0759650155935,9746433
2011-06-30,1331.52880859375,1334.5231516357524,1314.5602599178949,1320.5491879103697,8999238
2011-07-01,1331.52880859375,1335.5213869373215,1323.3999582754104,1335.5213869373215,8304463
2011-07-04,1341.010986328125,1346.251206545215,1333.0257103030108,1334.5228815209762,7266914
2011-07-05,1344.5047607421875,1346.0020533318727,1331.0298531604851,1331.0298531604851,8712859
2011-07-06,1356.981201171875,1357.979436201292,1342.009006226845,1345.0034694066917,10936330
2011-07-07,1363.96875,1371.9539074864367,1354.4862998884516,1357.9799423622958,8928925
2011-07-08,1372.95166015625,1377.4432949395289,1359.4767558064134,1362.9701554512408,11388582
2011-07-11,1354.9854736328125,1374.7387535740113,1354.2867209494805,1364.4678027590874,9894985
2011-07-12,1362.4710693359375,1367.9608176991549,1342.5080621233967,1344.5042902721298,12235604
2011-07-13,1356.482666015625,1363.4697091386668,1351.4918518110244,1362.970530954808,8120366
2011-07-14,1327.5357666015625,1348.4970091642217,1327.5357666015625,1345.0034888961457,12885695
2011-07-15,1339.513427734375,1344.055015528136,1325.5393486625528,1328.034754483717,11127355
2011-07-18,1332.52685546875,1342.6181877392155,1329.532512578366,1330.5305059209315,6097232
2011-07-19,1320.549072265625,1336.519505195564,1320.050015135662,1335.5212699814135,8401182
2011-07-20,1328.534423828125,1331.0298307995154,1318.5529168968055,1327.037252217836,6519092
2011-07-21,1338.0164794921875,1348.9959766425147,1325.1822705377851,1331.0294387934653,11583301
2011-07-22,1338.515625,1343.736008902027,1330.5303487064896,1339.5137391788585,5151086
2011-07-25,1360.9739990234375,1367.4619834723571,1334.523004109261,1338.0166458471913,9230788
2011-07-26,1370.4566650390625,1393.41414484594,1350.9929487881966,1354.4863494814535,14381425
2011-07-27,1362.969970703125,1381.540552669986,1355.4839943818477,1362.969970703125,9838687
2011-07-28,1382.4342041015625,1385.4286678171509,1346.500881422953,1350.4934593923292,8658601
2011-07-29,1361.4727783203125,1379.2119208466024,1360.9737213036517,1366.9626474119752,11810813
2011-08-01,1350.9923095703125,1372.951422595012,1345.0033835927254,1364.9662685943586,7694312
2011-08-02,1356.482666015625,1361.473359265977,1334.583294540322,1344.5048086879824,7708670
2011-08-03,1318.2462158203125,1353.685658066183,1308.2633731647134,1327.2309193766248,12081363
2011-08-04,1302.7728271484375,1341.0424105704867,1302.7728271484375,1327.730057179224,12614730
2011-08-05,1260.84423828125,1294.2870338728292,1259.3467274506577,1268.3314295185903,16864780
2011-08-08,1222.90869140625,1273.3223752775857,1222.90869140625,1246.3686394780268,14187758
2011-08-09,1240.8782958984375,1247.8663570790525,1157.5208126484208,1218.4167225201204,20717389
2011-08-10,1202.9439697265625,1270.739197040561,1199.4500575511036,1262.8416635434812,15726527
2011-08-11,1244.3724365234375,1254.854529221248,1188.4679421351152,1253.8562692419946,16819432
2011-08-12,1269.8287353515625,1270.3278652714407,1236.3859419729242,1255.8526137075069,8633262
2011-08-15,1274.820068359375,1287.6981274935647,1266.3346183578851,1283.804769218474,5430961
2011-08-16,1277.815185546875,1284.3529897457076,1268.3314741640816,1270.327994045984,8612661
2011-08-17,1276.817138671875,1278.3145288331752,1256.3520806360448,1269.829075975343,10136038
2011-08-18,1248.86474609375,1281.309284652033,1245.3707151421847,1260.8443499116229,15462434
2011-08-19,1240.3792724609375,1254.8645680896036,1210.4305024640478,1248.8648460061124,12733661
2011-08-22,1275.3197021484375,1297.2820285752657,1232.8921974578582,1233.8904575291017,14052584
2011-08-23,1295.285400390625,1303.77097320408,1268.8305429341672,1270.827304853889,14227948
2011-08-24,1316.7486572265625,1323.7367187744485,1288.7964110350194,1301.7741532154653,7729244
2011-08-25,1292.290771484375,1327.2310881374042,1280.810416290354,1321.2412850049109,7953885
2011-08-26,1286.7998046875,1296.2835154567883,1258.3484304358933,1290.7929651648642,9413852
2011-08-30,1284.3045654296875,1299.716267151949,1269.4050588195705,1272.82420918557,11112876
2011-08-31,1308.263427734375,1316.2496296088343,1284.8034682798095,1292.7897911261682,11737847
2011-09-01,1326.232421875,1329.726573761095,1292.789623680051,1309.7606482593478,7601084
2011-09-02,1296.2841796875,1317.7475038588022,1286.6306194652643,1308.2637882299505,13982423
2011-09-05,1262.3419189453125,1288.7966593468282,1258.8478874981763,1263.3401790810938,7025317
2011-09-06,1285.302490234375,1287.2991312639845,1256.8511116367465,1257.8494926374956,10432705
2011-09-07,1314.253173828125,1320.242976742556,1300.2770476757228,1312.7557835854698,7846014
2011-09-08,1313.753662109375,1325.234134522341,1298.2801502092836,1316.7485626965893,5335452
2011-09-09,1293.7882080078125,1318.416030859392,1288.7966653618062,1310.259984212686,7046884
2011-09-12,1275.3197021484375,1286.7250533089934,1257.3502950346892,1266.3349985915634,6382740
2011-09-13,1282.3074951171875,1294.2869763703338,1266.5842974398224,1290.7929458833491,5789731
2011-09-14,1277.31640625,1289.795142825308,1274.3215046330497,1277.8155363575063,10936390
2011-09-15,1290.2940673828125,1301.2754129157795,1284.3043855134438,1295.2856100745073,8505788
2011-09-16,1297.781494140625,1308.7627206790837,1291.791811192691,1300.77651707248,15534554
2011-09-19,1302.7728271484375,1308.7625091281875,1287.2993106572162,1297.7812843647555,7978446
2011-09-20,1331.22412109375,1335.7164125224954,1307.2650318539452,1311.7573232826903,8949231
2011-09-21,1327.7296142578125,1342.7041166415625,1316.8882366342775,1340.208346082293,7195014
2011-09-22,1309.2618408203125,1316.749034485059,1291.7916819452662,1309.7609709350404,9282424
2011-09-23,1307.2650146484375,1317.2479784479574,1288.297468109677,1313.2548171225287,7266464
2011-09-26,1327.2308349609375,1327.7298439928954,1291.7913949691172,1292.789654976806,8456733
2011-09-27,1346.6976318359375,1350.3794115358105,1327.2309550649895,1344.7009906679928,7127040
2011-09-28,1345.69921875,1358.6769614646046,1333.220485055779,1339.2102869067558,6091585
2011-09-29,1335.7161865234375,1358.6768908049423,1330.7246449165868,1349.6923094676151,6557994
2011-09-30,1330.72509765625,1340.7080632944812,1314.752449412615,1338.7115427499862,7744217
2011-10-03,1326.7318115234375,1326.7318115234375,1302.7727226112463,1309.7607851701398,6466997
2011-10-04,1309.7606201171875,1321.380816091117,1301.2751684958032,1319.2443317006448,8825013
2011-10-05,1342.704345703125,1352.6873086714015,1315.7504787578532,1327.2308317340223,8464515
2011-10-06,1362.6705322265625,1363.010947179543,1341.2072121776323,1345.6995040322688,11108019
2011-10-07,1371.156005859375,1381.6381009878592,1357.679009126765,1360.174780625522,7025134
2011-10-10,1387.627685546875,1391.620847080654,1374.150810734835,1380.6396226197865,5644469
2011-10-11,1385.131591796875,1388.6257434189636,1376.6461406343017,1378.6427814223705,5320111
2011-10-12,1377.1453857421875,1385.6308368689124,1367.3320263550547,1378.1436456460672,8312432
2011-10-13,1375.647705078125,1376.6459648587604,1356.6801643867595,1367.6613848893248,11524676
2011-10-14,1375.647705078125,1383.8326610594363,1361.671584261795,1373.6510645449955,7737963
2011-10-17,1373.1519775390625,1384.1333193564408,1363.1690165053585,1370.157077131765,5571463
2011-10-18,1365.6656494140625,1369.8984575663603,1359.6759657888915,1364.1682587507546,6136534
2011-10-19,1375.1488037109375,1383.1201247138986,1363.1692004650995,1370.6563920078088,5208337
2011-10-20,1390.1234130859375,1397.6106058474402,1363.668673393421,1366.6635746924017,9045217
2011-10-21,1398.1099853515625,1405.5971794489242,1381.139076582567,1391.122042369689,9203992
2011-10-24,1389.125244140625,1400.6057210352374,1382.6364314691311,1399.6074607737642,6649420
2011-10-25,1379.6407470703125,1393.6168666902363,1369.6579081748089,1386.6288068802744,8422024
2011-10-26,1390.6226806640625,1402.1030359689066,1372.6533920650295,1387.1286489650308,11340763
2011-10-27,1376.646728515625,1406.6004661717864,1366.164632088723,1397.6109213694288,11592000
2011-10-28,1381.6380615234375,1400.269186969964,1370.6567156313388,1383.135451796774,7803230
2011-10-31,1397.6104736328125,1412.0857277319385,1375.6480274804758,1377.6445475096589,14176953
2011-11-01,1376.147216796875,1393.118242635783,1361.1728320450884,1379.641247970418,10227124
2011-11-02,1353.3936767578125,1369.3687669114136,1334.423226952808,1360.8820153911147,11167803
2011-11-03,1375.8582763671875,1382.348079159474,1337.4180609540422,1337.9172672464967,12058812
2011-11-04,1376.8575439453125,1397.7051666440047,1372.015143109195,1375.8591307404142,9124500
2011-11-07,1369.867919921875,1378.8538767415023,1353.393504432028,1364.3764077617934,6705968
2011-11-08,1387.8402099609375,1390.835570043325,1369.3689639417146,1379.8526637348568,9192148
2011-11-09,1371.8643798828125,1391.8332347111325,1364.376044198397,1380.850334307965,9155926
2011-11-10,1377.85546875,1384.8446006877946,1349.339965311521,1352.395094116722,7050041
2011-11-11,1393.3319091796875,1396.901369329138,1378.854434345339,1378.854434345339,5462392
2011-11-14,1391.833984375,1398.488700027361,1383.846438141453,1397.3254980295826,3935028
2011-11-15,1403.3155517578125,1410.7719464608613,1381.1798790684245,1387.3403458869996,6481672
2011-11-16,1402.3175048828125,1406.481027041092,1390.835393516345,1400.819885526914,9192072
2011-11-17,1384.8446044921875,1395.3283024276798,1377.6908045887626,1395.3283024276798,6860619
2011-11-18,1372.86376953125,1392.6130409035038,1372.4394560184,1379.353697341136,8239621
2011-11-21,1355.3909912109375,1366.7980914211644,1348.23198653938,1364.8761581913573,7186517
2011-11-22,1341.412353515625,1367.102368762795,1341.412353515625,1357.8866500436177,8472667
2011-11-23,1350.3983154296875,1364.8757862348173,1341.4123574770476,1341.4123574770476,8969668
2011-11-24,1326.934814453125,1350.3233488724943,1318.9471488305603,1344.9067293802784,9362481
2011-11-25,1341.412353515625,1351.097152063529,1320.4449570341685,1320.4449570341685,6335062
2011-11-28,1357.3875732421875,1364.875912559266,1340.4139476612786,1348.900820946945,9162406
2011-11-29,1364.875732421875,1370.5518764203807,1353.8928281403307,1357.8866005163095,7069570
2011-11-30,1401.3189697265625,1406.3111548011168,1356.3888200939564,1362.3795389757452,20092823
2011-12-01,1405.313232421875,1417.571137537292,1398.3240982841317,1398.823304866764,11722915
2011-12-02,1419.291015625,1419.790222037018,1403.000383501941,1413.3002966999743,8270762
2011-12-05,1397.3248291015625,1430.9664441476857,1396.82562282475,1421.7867835979882,11822278
2011-12-06,1425.2818603515625,1433.344299381539,1391.3348505330723,1391.3348505330723,8945748
2011-12-07,1425.7811279296875,1437.7624463604857,1416.2958418862927,1432.7702605952584,10218550
2011-12-08,1437.7623291015625,1451.870416003943,1434.267763053782,1437.2631226647954,10162322
2011-12-09,1421.7869873046875,1435.4966503543003,1415.5567081720558,1430.7729435555236,10851338
2011-12-12,1426.2803955078125,1447.2477944027503,1416.29590255921,1416.29590255921,7781439
2011-12-13,1450.741943359375,1452.7388899370849,1421.787125410592,1426.7793103692647,6668862
2011-12-14,1435.7657470703125,1449.2446861222556,1430.7734398743942,1443.753172404832,8315401
2011-12-15,1455.7342529296875,1461.225644298847,1436.2645984529906,1436.7636838606577,6884686
2011-12-16,1440.7576904296875,1462.2242931787223,1440.7576904296875,1459.728140001501,15539455
2011-12-19,1447.7467041015625,1457.1420927384345,1426.854202563633,1430.273875271189,5095440
2011-12-20,1442.75439453125,1446.7480453585054,1419.7900553417944,1440.2582417738245,6385346
2011-12-21,1432.769775390625,1447.2472422964818,1421.786873634126,1446.2487086892509,5640421
2011-12-22,1442.75439453125,1456.732535397817,1428.276805330494,1428.276805330494,7427938
2011-12-23,1453.7374267578125,1463.7219185173965,1442.754643109806,1449.244447812644,2527100
2011-12-28,1462.2242431640625,1472.707819970902,1448.745185854687,1456.2335241398052,3896481
2011-12-29,1471.2098388671875,1474.5935767543406,1436.9222548010323,1465.7184486042272,2679311
2011-12-30,1469.213623046875,1472.7080685787807,1463.722109515882,1471.7097765600925,1888519
2012-01-03,1482.193359375,1495.1732124923335,1469.7127127636518,1480.1965333510582,5614837
2012-01-04,1480.695068359375,1493.175709310732,1473.7059384643046,1480.1958620797805,6904525
2012-01-05,1479.6968994140625,1485.6876182260849,1472.208561394236,1478.1992802062584,7371522
2012-01-06,1494.673828125,1497.6691877949029,1479.2727163949342,1482.193182998808,5189682
2012-01-09,1432.769775390625,1492.6764682477533,1426.77905770876,1482.6919791081052,14120358
2012-01-10,1417.7933349609375,1442.7546245337153,1408.3081707533088,1439.2599375219654,14349276
2012-01-11,1443.254150390625,1445.250976564526,1409.3068955299336,1412.3022557812224,9353287
2012-01-12,1449.244384765625,1452.239744262233,1435.7654485164987,1448.7451783479248,6053133
2012-01-13,1432.2703857421875,1454.735515576038,1422.7852243142531,1453.2377757255815,7801373
2012-01-16,1443.254150390625,1448.5898286667425,1425.781316416804,1430.773502841994,3431487
2012-01-17,1451.7403564453125,1456.7325409889334,1440.2582473017103,1453.7371818666045,4911914
2012-01-18,1464.7205810546875,1465.7189940212277,1444.826488852882,1450.2431090781652,5116709
2012-01-19,1435.2659912109375,1466.7170815932595,1427.777653642346,1465.7186688482195,10196488
2012-01-20,1436.2647705078125,1449.244501383694,1428.7764316589228,1447.247675552212,8269934
2012-01-23,1439.759521484375,1445.251035668053,1425.531771442174,1434.2681282911392,5444273
2012-01-24,1422.7857666015625,1439.7693129849586,1417.2943743645392,1434.7670850199577,6783139
2012-01-25,1423.7838134765625,1428.7761189434368,1408.80713905672,1428.7761189434368,5661274
2012-01-26,1438.7607421875,1441.7559805566646,1423.2847389948115,1430.7730768985248,5409065
2012-01-27,1418.29248046875,1445.749798684697,1416.295534002516,1439.7589592859952,5179132
2012-01-30,1425.2818603515625,1439.2901318957602,1411.3037154234862,1412.3021284204003,5106847
2012-01-31,1407.80908203125,1432.2709252355417,1407.80908203125,1426.7795330230913,10514129
2012-02-01,1422.2864990234375,1425.8189352026193,1404.8885611955968,1406.8104939502996,6085844
2012-02-02,1393.830322265625,1420.7883092696702,1389.8365508942989,1419.2906903768144,8140253
2012-02-03,1413.7994384765625,1416.7947978021348,1389.3374784731882,1396.326730893123,5049231
2012-02-06,1417.2945556640625,1430.2343618527148,1403.3910606490294,1407.809268417134,4418093
2012-02-07,1403.8150634765625,1435.2472829989408,1369.368730868121,1418.7918613393738,11349181
2012-02-08,1390.3363037109375,1411.802908888981,1380.3518108626888,1405.312982488098,8138029
2012-02-09,1406.810546875,1412.3020600731224,1388.3394233642796,1402.3175676158944,7780297
2012-02-10,1408.8070068359375,1422.286060944902,1401.3935633731203,1418.292289540464,6792913
2012-02-13,1430.773193359375,1433.7037021024962,1408.8073842551416,1417.2942566297847,4886703
2012-02-14,1437.7623291015625,1442.7546354500555,1421.2880327266046,1421.7872391633716,6025352
2012-02-15,1419.10986328125,1445.5745813826943,1408.1244971808835,1427.099198441966,7868921
2012-02-16,1420.607666015625,1425.343323412214,1402.132285054645,1415.1150440627734,5161889
2012-02-17,1412.1190185546875,1443.077840368988,1408.6236696565811,1423.1043835176622,7088836
2012-02-20,1405.128173828125,1418.1108105081648,1401.6328252955177,1414.1161437591138,4768957
2012-02-21,1411.1207275390625,1421.1074592664995,1398.637403642933,1402.6320721303964,7657532
2012-02-22,1407.1258544921875,1414.615992962061,1398.6372003175504,1408.6239305931772,8334690
2012-02-23,1413.6173095703125,1418.111296074564,1403.6306997869856,1406.6266101114572,6644139
2012-02-24,1401.6326904296875,1421.1067040846988,1401.6326904296875,1414.6154468780223,7814532
2012-02-27,1400.6343994140625,1404.1296274545898,1380.66094164878,1393.6437012979657,6927636
2012-02-28,1402.1324462890625,1409.949089498636,1395.216657564666,1403.1312039551244,5088555
2012-02-29,1385.154541015625,1410.04638592647,1384.6563120207495,1408.124023142016,8625983
2012-03-01,1403.1314697265625,1406.636743115272,1384.6560831415763,1388.65075150988,7607749
2012-03-02,1387.6517333984375,1407.6251925114543,1386.6530967480455,1404.629161542749,5752264
2012-03-05,1402.1324462890625,1414.116449124046,1381.65978990649,1382.6583055374942,6700846
2012-03-06,1398.1376953125,1415.9918943575628,1395.6409828225069,1395.6409828225069,7442882
2012-03-07,1407.6253662109375,1412.6186710965958,1394.6426040836643,1397.1393170352655,5109448
2012-03-08,1410.1219482421875,1421.107193767221,1405.6278411430444,1408.6238722032956,6525707
2012-03-09,1416.61328125,1422.6802535383802,1405.2035056272955,1407.625308620036,5953611
2012-03-12,1424.6024169921875,1428.666911144527,1416.1136436248366,1416.1136436248366,7398713
2012-03-13,1440.5814208984375,1440.5814208984375,1425.1019463353368,1426.6000224633997,6769704
2012-03-14,1428.097900390625,1463.4908092532248,1428.097900390625,1445.0753291466822,8460488
2012-03-15,1429.0965576171875,1438.0885227760327,1423.104495885157,1428.5971182915807,6879422
2012-03-16,1421.6068115234375,1429.5961480083386,1420.108735296551,1427.598753378339,14699220
2012-03-19,1428.097900390625,1432.491078891451,1414.1165027112288,1419.609246521363,3636245
2012-03-20,1431.5931396484375,1434.589170494552,1420.6077738910335,1420.6077738910335,8010111
2012-03-21,1423.1046142578125,1434.919919257309,1423.1046142578125,1430.095313187487,5982306
2012-03-22,1424.6024169921875,1431.5929935630768,1417.6117194037863,1419.6089924190371,4691249
2012-03-23,1416.61328125,1430.020451355774,1405.6279141369666,1428.097966729416,5286804
2012-03-26,1420.1087646484375,1423.420409918335,1409.1233965002575,1409.1233965002575,6423340
2012-03-27,1420.607666015625,1433.665213848017,1417.1123171301683,1422.1057418336864,5998745
2012-03-28,1420.607666015625,1441.5797593283637,1420.607666015625,1423.1043783673838,7243960
2012-03-29,1398.1376953125,1432.322119751979,1395.141664528012,1418.1110321798824,8185582
2012-03-30,1394.642578125,1409.123295143176,1391.6466678598947,1403.1313535954237,8972471
2012-04-02,1427.0985107421875,1427.241311356364,1394.142428322186,1403.1305168098972,7688396
2012-04-03,1426.599365234375,1438.812086695482,1422.6796089185386,1427.0986833745153,6770869
2012-04-04,1412.6185302734375,1445.0753113384776,1409.123180896663,1427.09924611757,8176732
2012-04-05,1414.1165771484375,1423.104670851542,1406.6265595712869,1419.6093212477024,6812906
2012-04-10,1408.6236572265625,1429.5957504301375,1401.1336412277878,1406.6262631520492,12131013
2012-04-11,1406.62646484375,1416.6131946132532,1390.1484756907246,1413.1179662623354,10730124
2012-04-12,1418.1109619140625,1419.6090377408393,1391.1469282247538,1407.1255969269343,10986344
2012-04-13,1400.134765625,1418.11070413864,1392.1453117086676,1413.61671951023,10633359
2012-04-16,1425.601318359375,1434.7352385546335,1393.0696240585498,1393.144654936194,8532892
2012-04-17,1433.591064453125,1435.4466268381095,1419.6096626751282,1421.1076181438127,6398676
2012-04-18,1439.5821533203125,1448.0709256596413,1431.0935019984809,1433.5902139826949,6892957
2012-04-19,1452.0655517578125,1462.5515965782902,1444.0760978344767,1446.5728097491124,8897416
2012-04-20,1468.0439453125,1468.543263399327,1444.5752691268,1448.569934838888,8263054
2012-04-23,1456.0604248046875,1468.0444258638072,1445.7930571387194,1461.053728324943,5744046
2012-04-24,1455.5614013671875,1464.5493737275942,1449.0700207638183,1463.0514186733717,5107749
2012-04-25,1411.6201171875,1461.4736604441205,1410.122161939133,1458.058303115036,12914403
2012-04-26,1418.1109619140625,1423.5287950741697,1391.1469282247538,1391.1469282247538,10046578
2012-04-27,1421.6068115234375,1428.098071781452,1415.6146276334398,1418.1113406665518,6025235
2012-04-30,1423.1046142578125,1437.1758071281683,1412.3689066884936,1427.0992820722645,6192997
2012-05-01,1436.08740234375,1442.5786620279823,1425.676263608231,1428.0979455475135,3587900
2012-05-02,1430.594482421875,1443.577242228762,1420.607753417925,1438.0844989204568,6520257
2012-05-03,1444.076416015625,1445.99890034576,1433.5904899022205,1436.08720236697,6844063
2012-05-04,1425.1016845703125,1454.605392358333,1423.0295016129576,1440.0817169941415,6864556
2012-05-08,1422.1058349609375,1446.5731577438714,1420.607759044774,1428.0977755730228,10346471
2012-05-09,1408.3560791015625,1421.3408536244976,1394.372382663455,1413.3503255651326,8196104
2012-05-10,1404.361083984375,1424.8373558081491,1398.867556357238,1404.8606056209053,6709091
2012-05-11,1422.8389892578125,1439.8190861008284,1401.364046979961,1404.859970630714,6251744
2012-05-14,1417.8453369140625,1422.8394633488638,1404.860438731142,1420.8417401524705,7422070
2012-05-15,1421.8404541015625,1423.6882116205643,1412.218583017254,1417.8451293311753,6639250
2012-05-16,1419.8426513671875,1429.7180953275558,1408.3560781684755,1414.3490044683865,7320808
2012-05-17,1407.3572998046875,1425.839838375683,1407.3572998046875,1416.8462722171166,7319020
2012-05-18,1401.864013671875,1409.355264372996,1394.882209655318,1400.865212521716,8744283
2012-05-21,1398.8673095703125,1410.3540054721134,1398.1071943960978,1401.364433162545,5984089
2012-05-22,1414.349365234375,1421.1864083190576,1399.366864106782,1403.3623107091043,9091298
2012-05-23,1389.877685546875,1409.8544314665544,1388.2796281787623,1409.8544314665544,9441548
2012-05-24,1407.8568115234375,1419.6809592397044,1385.3829423913533,1393.8731137656755,6548617
2012-05-25,1415.34814453125,1426.0856187271245,1406.3585721396703,1408.855695754684,7709383
2012-05-29,1422.3402099609375,1440.0005447864803,1417.8454836008575,1435.324988449776,9193961
2012-05-30,1407.3572998046875,1417.3456727065957,1401.863773382976,1417.3456727065957,10993644
2012-05-31,1436.32373046875,1439.1963123273883,1406.8580099356325,1415.847461527975,13944396
2012-06-01,1413.350830078125,1439.819789011287,1409.3553830660726,1428.3332117046891,9794890
2012-06-06,1424.33740234375,1432.3281726185028,1412.3514284877697,1413.3503504205094,10204309
2012-06-07,1428.333251953125,1448.310003426409,1422.8397239723322,1429.8315748842338,10749786
2012-06-08,1442.3167724609375,1446.312219083302,1422.3401445364254,1422.3401445364254,14912742
2012-06-11,1437.8216552734375,1456.300076467214,1433.3269303425036,1448.3094274705695,8404120
2012-06-12,1449.8079833984375,1451.805706654966,1434.4010042377731,1435.324883160347,10089213
2012-06-13,1453.3037109375,1464.7902852494676,1449.3083860045306,1453.3037109375,9131524
2012-06-14,1457.79833984375,1461.2941427306484,1442.3163218717932,1455.3012167442555,10133834
2012-06-15,1439.3199462890625,1460.7947696112162,1438.4558601012693,1460.7947696112162,19716355
2012-06-18,1451.8056640625,1453.1859752014932,1427.833590874735,1450.8068629822676,10149424
2012-06-19,1465.289794921875,1475.7774471376893,1438.8206010285646,1451.805497733769,11492774
2012-06-20,1462.29345703125,1469.7847073027497,1416.1473214683235,1460.2957338080369,8674819
2012-06-21,1470.783203125,1478.2744518416423,1458.2978289430732,1460.2954307142145,11279028
2012-06-22,1474.7786865234375,1484.4084256186295,1463.2921119900936,1466.2886360069322,7357223
2012-06-25,1476.776123046875,1482.2696484807766,1463.2918281058292,1467.287152340691,8993219
2012-06-26,1471.7821044921875,1483.2686785727558,1470.7833035384267,1473.2803059228286,8288156
2012-06-27,1468.2860107421875,1483.7680289267475,1460.2953619589844,1473.2801359723328,15923741
2012-06-28,1444.314453125,1467.7872494148974,1434.8255997348963,1463.7918025756796,15646658
2012-06-29,1445.312744140625,1459.7049401365628,1431.8284498003134,1450.3068689523552,10103005
2012-07-02,1470.2838134765625,1485.693937537429,1441.8171384233397,1447.3106648239818,7010177
2012-07-03,1467.7867431640625,1488.7611978298803,1458.7970513951698,1470.2836242430758,5931063
2012-07-04,1471.7821044921875,1480.2721546740338,1463.7914547872217,1463.7914547872217,3699281
2012-07-05,1481.27099609375,1484.766920279197,1471.2826239871251,1471.7820244368413,6948490
2012-07-06,1492.2581787109375,1494.2557805226684,1472.2815554064584,1477.2755599357856,7253572
2012-07-09,1494.255615234375,1499.749261683819,1488.8370119857475,1491.259212848228,5197006
2012-07-10,1452.3048095703125,1481.2710041100804,1449.8076862707842,1478.2744803581331,13614144
2012-07-11,1463.2921142578125,1465.2898372846155,1451.3060181718831,1452.3049402040072,7437867
2012-07-12,1433.8265380859375,1461.7938136178618,1432.328336571484,1461.294413113044,11760586
2012-07-13,1444.314453125,1449.308701155288,1431.6913344849254,1438.3215249411105,6060710
2012-07-16,1450.307373046875,1456.9586234296205,1441.3179210537446,1445.3132464992975,4127691
2012-07-17,1446.3116455078125,1451.5773782061474,1429.8308280982417,1447.8098466189488,5318299
2012-07-18,1471.2828369140625,1472.781038480034,1448.3096866777958,1453.8032134571415,6027263
2012-07-19,1483.768310546875,1486.2653131171674,1469.2852114893838,1472.781015087793,6473101
2012-07-20,1472.78076171875,1488.1428320871669,1472.78076171875,1483.2685338220665,11847882
2012-07-23,1460.2957763671875,1480.771925592691,1451.3062031569198,1467.787147894474,4723063
2012-07-24,1443.81494140625,1469.285214945283,1443.315540891017,1453.3037932705774,7219215
2012-07-25,1424.8372802734375,1448.2048939292856,1403.36232942746,1447.8104328371728,10386793
2012-07-26,1432.3287353515625,1437.322741790141,1414.849107629136,1420.8420363929106,9628952
2012-07-27,1441.3175048828125,1449.308153466672,1418.3442389074378,1430.8297332274633,10249325
2012-07-30,1463.2921142578125,1470.783363792796,1438.3212421287192,1445.8124916637028,5820496
2012-07-31,1466.7874755859375,1476.2764445043204,1455.800305750788,1464.290353020595,7841881
2012-08-01,1485.2662353515625,1489.481363723266,1465.7888927076424,1466.7878145870873,5703682
2012-08-02,1485.2662353515625,1498.2511304475092,1477.8499091284646,1479.7725886456076,6984519
2012-08-03,1496.2540283203125,1499.6480401995582,1480.2726030323429,1480.2726030323429,6731495
2012-08-06,1503.24560546875,1508.24977798702,1485.266580941942,1490.7602289261536,4826085
2012-08-07,1504.743896484375,1513.2339481962767,1494.2561214674872,1506.24221922248,6202932
2012-08-08,1505.9765625,1519.96255546137,1485.607272914695,1488.4943436748736,8105305
2012-08-09,1493.48974609375,1508.2548620922837,1487.49576439716,1505.47770948693,10618338
2012-08-10,1486.99560546875,1495.265320785983,1479.0037142355573,1490.4920730153026,7311666
2012-08-13,1480.50244140625,1485.0339407508186,1469.0140803531976,1480.50244140625,4764493
2012-08-14,1482.99951171875,1491.491001230037,1478.004610460995,1483.498989738902,8068619
2012-08-15,1482.500244140625,1489.4931795278744,1477.0058640827865,1477.0058640827865,4270937
2012-08-16,1482.99951171875,1491.491001230037,1471.5111540865505,1484.9975448555922,5220530
2012-08-17,1470.5125732421875,1488.4945143734108,1462.021201921561,1484.498567807453,10338564
2012-08-20,1469.51318359375,1472.510172651768,1462.5202494771174,1469.51318359375,3945878
2012-08-21,1464.018798828125,1554.9268284507662,1461.021809533974,1472.0106895750353,3906566
2012-08-22,1441.0426025390625,1459.4090195430292,1438.1205460023182,1452.0314865444875,7770632
2012-08-23,1449.53369140625,1455.5276709867835,1440.5427220354495,1448.5347351615806,9483300
2012-08-24,1459.523681640625,1465.942205803691,1442.7526679097075,1453.529701794714,6564813
2012-08-28,1448.5357666015625,1466.3777770129311,1443.5408607652992,1464.0200836446886,6932102
2012-08-29,1441.0426025390625,1448.535017949294,1438.545090383558,1447.5359404533228,7401065
2012-08-30,1438.5452880859375,1450.2065202846395,1437.546210452661,1439.544365719214,7004665
2012-08-31,1423.5604248046875,1447.5361084779238,1422.5614682490434,1435.0487883634837,12210503
2012-09-03,1435.5477294921875,1438.4956913124245,1420.5629025393202,1425.0584474701811,7163651
2012-09-04,1412.07177734375,1438.4150747602323,1408.5753090456772,1436.5470554302613,9782808
2012-09-05,1420.56298828125,1434.5488598964148,1410.846770890602,1413.5701735299258,7325252
2012-09-06,1436.0478515625,1442.0058797314607,1416.5675919993212,1419.0651046301973,6992063
2012-09-07,1407.5762939453125,1434.54908516913,1402.581390893924,1434.54908516913,13082713
2012-09-10,1414.0692138671875,1417.166074369222,1391.0924991065306,1405.0783675890978,9531664
2012-09-11,1423.5604248046875,1432.301536779166,1412.0720612458915,1413.570617135654,9675250
2012-09-12,1420.0635986328125,1430.625878869635,1417.0666086633794,1425.5579793632187,9338784
2012-09-13,1438.04541015625,1440.0433227549738,1420.0635914864092,1422.5611032910792,6716080
2012-09-14,1416.0679931640625,1446.5373809484113,1408.575697381209,1444.539225575388,11164656
2012-09-17,1431.0531005859375,1435.628424127747,1412.6617405180489,1413.071274042111,7734794
2012-09-18,1441.541748046875,1447.5356063578909,1427.5558768940807,1427.5558768940807,9653880
2012-09-19,1441.541748046875,1447.5356063578909,1431.4519513771809,1435.0482905750412,7473207
2012-09-20,1428.5555419921875,1441.5424633803264,1425.6334846798563,1441.5424633803264,8985247
2012-09-21,1435.5477294921875,1440.5426314577264,1426.8246581698058,1431.5517837085065,13188937
2012-09-24,1440.542724609375,1447.7665147323355,1425.0585396205563,1430.0534419090868,9716937
2012-09-25,1455.0283203125,1460.773408728896,1440.542848214697,1445.0383938219975,5764080
2012-09-26,1443.040283203125,1455.0282427754082,1441.042370645253,1444.538717621529,5667907
2012-09-27,1435.049072265625,1449.0349510367162,1430.55364581958,1441.0430548978984,7758665
2012-09-28,1426.0576171875,1440.0434912399742,1422.5612697306606,1436.0475445187358,14994909
2012-10-01,1442.04150390625,1447.0364069702184,1425.6980590562175,1428.5551082603747,6407483
2012-10-02,1446.5367431640625,1455.0281128895458,1434.5487846619076,1437.5456532311944,6452821
2012-10-03,1449.033935546875,1451.4574813763766,1437.545456710145,1445.537468304443,7779128
2012-10-04,1461.521728515625,1464.5187187139695,1453.0303571672107,1455.5278691752103,8840660
2012-10-05,1463.519775390625,1468.5146783949135,1450.0333799058872,1458.5248723863365,7398082
2012-10-08,1454.52880859375,1457.5257988268247,1441.5420123254612,1455.028407846159,6729187
2012-10-09,1444.0396728515625,1461.0224174915109,1440.0436047590335,1456.027513960283,5645109
2012-10-10,1434.548828125,1445.0382316040614,1431.4769045865326,1440.542686501424,4889700
2012-10-11,1426.0576171875,1438.5450566156144,1422.5612697306606,1431.5521195893773,5359890
2012-10-12,1422.5614013671875,1429.0547397298856,1410.573560094179,1423.0608796215265,6196099
2012-10-15,1435.5477294921875,1439.5437963321197,1419.5639463574628,1419.5639463574628,5478939
2012-10-16,1439.043701171875,1447.9047735659483,1430.0528565216412,1437.045789496805,8884581
2012-10-17,1426.5570068359375,1439.4239558088025,1423.0605388365843,1436.5469326992695,9536338
2012-10-18,1415.5682373046875,1430.2643475570096,1408.4484337776396,1427.056598486045,12133981
2012-10-19,1419.064453125,1422.5609207804448,1413.570073127158,1420.562887381798,8560987
2012-10-22,1413.57080078125,1419.2470101878034,1408.575775241503,1417.0671491802366,5807445
2012-10-23,1399.5843505859375,1415.6141380074298,1399.5843505859375,1414.569180260463,8374851
2012-10-24,1406.5771484375,1413.9716280203495,1401.0827679252984,1401.582246057657,8800045
2012-10-25,1405.07861328125,1411.5719495925264,1402.581101742296,1408.0756029167442,6268213
2012-10-26,1408.5750732421875,1413.2373126571003,1400.5831816291293,1400.5831816291293,6545690
2012-10-29,1409.57421875,1418.262427088735,1400.5833697418093,1406.5772287285138,4894678
2012-10-30,1418.5653076171875,1423.7402218273485,1406.5774665605393,1407.576423051188,3702449
2012-10-31,1385.0992431640625,1425.240538345455,1383.2060439453185,1418.5652527568632,12545433
2012-11-01,1386.098388671875,1400.106298602834,1380.1045275624883,1383.6009969830934,11875007
2012-11-02,1360.1239013671875,1389.6651351549594,1346.6376306775287,1374.6092492257503,20914363
2012-11-05,1382.6014404296875,1387.6513022375832,1360.1240775888712,1360.1240775888712,14104495
2012-11-06,1398.0859375,1400.083850257257,1370.6137896937946,1384.5995421634173,11490704
2012-11-07,1378.60546875,1413.5702712615723,1377.1070342831729,1402.0817894574957,17221232
2012-11-08,1369.1153564453125,1384.5996659231876,1366.328156528038,1384.5996659231876,7159699
2012-11-09,1367.6171875,1372.612091866491,1352.6322322879091,1369.1156224930546,6451928
2012-11-12,1357.127197265625,1371.6125481692704,1357.127197265625,1363.6207765317204,5445930
2012-11-13,1355.1292724609375,1359.5877747674635,1336.1484972193646,1350.13424877992,16351551
2012-11-14,1324.9024658203125,1343.8867133483366,1324.9024658203125,1334.8942196534244,10853953
2012-11-15,1324.403076171875,1340.889479796832,1315.9101500769082,1318.4081193724326,8368942
2012-11-16,1316.4093017578125,1336.8922541427817,1313.9113334851518,1320.9055477858897,9489130
2012-11-19,1335.8939208984375,1337.3927513331312,1312.912984298895,1320.9064641008213,6820637
2012-11-20,1333.3956298828125,1334.8944598205678,1321.4055957729422,1330.8977817839443,7264268
2012-11-21,1333.3956298828125,1337.8919986176438,1321.9051653927158,1327.900242986868,8126779
2012-11-22,1335.8939208984375,1338.8914606893504,1331.397671751305,1331.397671751305,3919903
2012-11-23,1345.885498046875,1347.883897997042,1333.5318629717146,1333.8954615812484,3611991
2012-11-26,1328.89892578125,1346.588359484617,1327.4002173001495,1338.8906788904633,5684783
2012-11-27,1333.3956298828125,1342.8878158938146,1332.40145485907,1333.3956298828125,6378896
2012-11-28,1335.8939208984375,1339.391151553231,1327.90068325346,1328.899701745799,7935820
2012-11-29,1349.8822021484375,1354.878020051623,1336.3933364078523,1336.3933364078523,6406625
2012-11-30,1333.3956298828125,1345.8852336124564,1333.262806840425,1343.3873855135882,12265243
2012-12-03,1343.886962890625,1345.3776805818893,1331.9418488109163,1336.892746016553,8814241
2012-12-04,1352.8792724609375,1356.766131846327,1341.3888094825295,1344.885917439299,5476936
2012-12-05,1349.8822021484375,1355.3326696293468,1338.3916151377466,1351.8804808783318,9590383
2012-12-06,1344.3861083984375,1354.8774303998375,1337.8915842742915,1351.3803230660376,6593328
2012-12-07,1347.883544921875,1350.8810835226975,1337.3922203582094,1342.3881583857224,16212551
2012-12-10,1366.3682861328125,1367.3674253516213,1343.886927239026,1345.8852056766434,5783183
2012-12-11,1370.8648681640625,1373.8622862870689,1358.3751416710677,1364.869789761149,8500370
2012-12-12,1375.3609619140625,1380.3067739084631,1363.8704971647333,1367.3674845820433,11039255
2012-12-13,1364.3697509765625,1370.8645184884303,1359.8735038604905,1368.366549611315,6998463
2012-12-14,1362.87060546875,1370.8640790977597,1357.8747903942024,1364.3693136676,6931780
2012-12-17,1364.3697509765625,1368.366549611315,1349.8818705088684,1361.871903177867,5776738
2012-12-18,1359.8731689453125,1365.8682443425296,1350.3809864127836,1352.878954674689,7851846
2012-12-19,1353.379150390625,1367.917160471098,1351.8804413869848,1363.8705977298907,7669336
2012-12-20,1351.8800048828125,1360.143121835252,1347.3837582452245,1356.8759421053833,6308772
2012-12-21,1349.3818359375,1350.8805441002464,1340.8887931134702,1342.8871917421766,10812387
2012-12-24,1351.8800048828125,1357.8750811185346,1342.887511607636,1351.3804353762368,1670196
2012-12-27,1347.883544921875,1366.8677946225157,1335.8933905185852,1344.8860063210525,4927419
2012-12-28,1344.88623046875,1357.8755262110544,1343.8870911280949,1348.8829089098176,2898141
2012-12-31,1333.8951416015625,1345.7453296054712,1325.901785875287,1338.8909586608777,1707508
2013-01-02,1357.375244140625,1369.596170737458,1335.893031204285,1338.8905689988617,6231939
2013-01-03,1362.371337890625,1367.0304350200563,1353.8784140588464,1358.8742302401736,6167440
2013-01-04,1380.3564453125,1380.8560148226686,1363.8701671633037,1373.8617995234922,5047555
2013-01-07,1370.8648681640625,1378.7192272543605,1369.8656077112769,1376.8598254885255,4943456
2013-01-08,1372.36328125,1381.985262565421,1368.8661731155917,1370.3648818538704,4573530
2013-01-09,1380.8558349609375,1380.8558349609375,1367.3669756297284,1373.861620572784,7251993
2013-01-10,1375.3609619140625,1391.0829969579547,1371.3641627088343,1381.3559185650308,5944706
2013-01-11,1381.35595703125,1388.5070918762258,1371.114416074338,1385.3527563477758,4880113
2013-01-14,1371.3636474609375,1383.8533678581623,1366.3678319490823,1383.8533678581623,4848072
2013-01-15,1361.8719482421875,1372.3632725791265,1355.8768711701014,1371.3640123481628,7225504
2013-01-16,1365.36962890625,1373.7925740628384,1359.374670398672,1359.374670398672,5056105
2013-01-17,1369.3660888671875,1374.7916144399317,1362.871440535967,1367.3676889658675,4847060
2013-01-18,1374.8609619140625,1382.8544374478593,1365.3688989026944,1370.864405764779,7719994
2013-01-21,1403.8372802734375,1406.8346978051115,1377.8586930381812,1378.35838370522,7099390
2013-01-22,1405.3358154296875,1413.8288606221809,1396.842891315606,1405.8353849565851,7960194
2013-01-23,1413.829345703125,1417.5281713728589,1405.3362975966904,1409.8325459598302,7357807
2013-01-24,1424.3204345703125,1429.0945575917528,1410.8316905884824,1412.3303995603158,12217908
2013-01-25,1414.3284912109375,1426.8781491270129,1409.3326742201782,1418.824738610463,8342302
2013-01-28,1417.8251953125,1424.3198403042504,1403.836887509705,1413.8286397217523,7209575
2013-01-29,1440.8065185546875,1443.3044875744736,1421.822268808222,1423.8206682397365,6766096
2013-01-30,1448.800048828125,1451.9174551939334,1436.8100150305208,1439.8075537495297,8014140
2013-01-31,1444.3038330078125,1450.2987894990567,1437.309616202666,1440.3070339090714,8972360
2013-02-01,1450.79833984375,1457.292986944885,1437.516399070947,1439.3078755532065,5941995
2013-02-04,1440.3065185546875,1452.4265865168113,1436.8095324818005,1447.3007328572423,5403349
2013-02-05,1441.306396484375,1457.6828612058282,1438.808427140038,1438.808427140038,5974751
2013-02-06,1447.800537109375,1466.7849053401053,1431.8138281555075,1433.812227313946,16489138
2013-02-07,1436.3106689453125,1447.4115054081544,1430.8152808740342,1438.309068930252,7316907
2013-02-08,1441.306396484375,1445.4128929354697,1428.8166708411325,1436.310457795701,4636074
2013-02-11,1451.7974853515625,1458.931668762261,1440.806590624531,1441.3062813162242,4344557
2013-02-12,1456.2939453125,1459.615126929246,1446.8018799086926,1450.7984370652937,3898118
2013-02-13,1462.7889404296875,1468.4542019963117,1448.800502743959,1455.7947215868232,7717233
2013-02-14,1463.787841796875,1467.548659512,1453.2965152395254,1458.792023898425,5931175
2013-02-15,1470.2822265625,1475.9575357025012,1458.791762698543,1461.2896106612982,6862566
2013-02-18,1472.2799072265625,1477.669469089254,1465.2856936134556,1467.2840922507912,2591349
2013-02-19,1484.7701416015625,1489.2663887481033,1456.9332440933645,1469.7825703941455,6586197
2013-02-20,1485.0732421875,1508.0588598820116,1464.5859822186064,1464.5859822186064,8438209
2013-02-21,1464.0865478515625,1491.0696633813925,1458.0902461324192,1483.0746751579732,5799796
2013-02-22,1478.0772705078125,1495.5663776566269,1463.0867629414124,1464.0861058918815,13906003
2013-02-25,1474.5797119140625,1485.5728487352185,1466.5846042324774,1466.5846042324774,7275545
2013-02-26,1457.0906982421875,1468.08383578127,1451.5941900242162,1454.092547803685,6376297
2013-02-27,1453.093505859375,1463.442013528737,1447.766783139756,1459.589358535461,6338303
2013-02-28,1455.091552734375,1461.0578186460116,1443.5987463104675,1454.0922098548472,11865324
2013-03-01,1465.0858154296875,1470.0827736385916,1446.597360704304,1449.0958398087562,6119750
2013-03-04,1459.589599609375,1470.08319060378,1449.5959225633244,1452.5940741184136,4976112
2013-03-05,1473.0810546875,1479.2671252816194,1462.587465740916,1462.587465740916,6472516
2013-03-06,1472.08154296875,1478.2766961008133,1462.0877470910962,1467.0847055815018,11978635
2013-03-07,1483.07470703125,1487.322037047275,1476.5787335464304,1479.077212833629,6912906
2013-03-08,1485.0732421875,1490.1519444627909,1475.079447975615,1486.5722568228707,6573660
2013-03-11,1491.0694580078125,1495.5067981748186,1481.0756635534624,1483.0744708855889,6472916
2013-03-12,1497.5657958984375,1502.0629621142068,1486.0729839678404,1486.0729839678404,5346934
2013-03-13,1490.56982421875,1499.5641546833658,1480.8018868737252,1498.564932646695,5638704
2013-03-14,1496.56591796875,1501.0630825781382,1490.0299822216468,1491.069289254844,8508269
2013-03-15,1495.067138671875,1501.0634403155314,1486.717439406512,1492.0691089532022,12486660
2013-03-18,1490.070068359375,1498.564847876699,1471.0818231581586,1472.5809588862212,6088465
2013-03-19,1512.5560302734375,1516.0538522048869,1488.0712767532928,1489.0707409502338,7677345
2013-03-20,1517.552978515625,1522.0501435129231,1510.5573346962117,1516.053842781101,8140188
2013-03-21,1523.049072265625,1523.049072265625,1502.7067783403031,1511.0565951675874,7875629
2013-03-22,1523.049072265625,1538.9571760312467,1514.7243237809066,1516.053430349327,10928330
2013-03-25,1522.050537109375,1534.3978528546402,1517.0535781729498,1520.051729314171,5159985
2013-03-26,1507.0599365234375,1524.3191971704507,1505.061128683117,1521.051106992996,8218208
2013-03-27,1526.0477294921875,1530.544894762153,1510.0577547086898,1513.5554557273283,8229575
2013-03-28,1537.5401611328125,1547.5339534679506,1526.0473544438053,1528.5457117002538,8487851
2013-04-02,1549.0333251953125,1553.7384244934913,1532.7884285373025,1534.0426937857126,7020282
2013-04-03,1548.0338134765625,1557.547796430068,1540.038827075873,1548.5334849887142,5155812
2013-04-04,1539.0394287109375,1552.530922363301,1533.0431285744703,1547.5340863183285,5374032
2013-04-05,1518.5523681640625,1538.5398360444174,1509.0582452314309,1538.0401644853011,6774429
2013-04-08,1529.0462646484375,1535.0865277046018,1515.054972642006,1516.0543160415584,7256316
2013-04-09,1538.04052734375,1544.53650135109,1532.5438966904103,1539.5395423747502,5555384
2013-04-10,1548.5338134765625,1554.5301151006292,1528.04655051363,1539.5393610404622,6838097
2013-04-11,1564.5240478515625,1567.0224061611923,1544.5364547555282,1549.033620816028,7805115
2013-04-12,1568.5211181640625,1579.7062043930976,1564.0239529722562,1569.5205823980189,7981908
2013-04-15,1629.4832763671875,1634.480113641017,1554.5301117439724,1564.0241146745636,16685098
2013-04-16,1599.0023193359375,1616.8301567551582,1596.503840178016,1608.9961148644702,11403427
2013-04-17,1605.9976806640625,1612.4936526663369,1578.5147780866553,1609.9951739493547,7897352
2013-04-18,1656.965576171875,1679.951188742228,1641.4751562106187,1642.9742916149262,17625024
2013-04-19,1650.969482421875,1660.1237887845389,1628.9832099801604,1648.9707964379695,11292372
2013-04-22,1652.9686279296875,1668.4589318888677,1637.4782028673571,1638.9773387653377,4979776
2013-04-23,1677.4534912109375,1683.6326591947147,1651.2299325710987,1653.968196276045,8270333
2013-04-24,1676.953125,1693.9425601333592,1661.962496807143,1661.962496807143,9600605
2013-04-25,1680.9512939453125,1692.9437762389937,1660.963702352687,1670.457705421501,9430842
2013-04-26,1682.949951171875,1686.4477735845903,1667.4595255709037,1672.4564839337284,4839483
2013-04-29,1686.4473876953125,1688.9457452019017,1676.953265860894,1677.9527299666563,7432273
2013-04-30,1659.4644775390625,1685.448246439716,1648.5432751507692,1683.9491106531902,13346622
2013-05-01,1660.963134765625,1664.656779781283,1647.011813680582,1653.9674922090844,3554696
2013-05-02,1655.967041015625,1660.4643286479184,1643.974556570259,1656.4668338327965,4457617
2013-05-03,1646.972412109375,1655.9667435519402,1641.5478384146554,1654.4677286792316,5231882
2013-05-07,1651.4697265625,1652.295286855565,1631.3123465331432,1638.477899852841,6408967
2013-05-08,1637.224853515625,1652.2178626940945,1628.1572230342508,1637.224853515625,7536821
2013-05-09,1643.7216796875,1659.714058928384,1627.2294326141523,1629.7281661696938,3250406
2013-05-10,1669.2091064453125,1680.2038949360317,1641.7220746578505,1641.7220746578505,6946222
2013-05-13,1684.7015380859375,1691.1984853242654,1672.7072578068564,1678.2047119689228,6530839
2013-05-14,1694.1976318359375,1694.1976318359375,1674.2071582597705,1685.2019490070004,5317784
2013-05-15,1716.6868896484375,1719.685490842263,1691.5288957328446,1697.695910249338,7630597
2013-05-16,1706.6912841796875,1736.4372261193034,1702.6931906348696,1716.6864574810745,5321609
2013-05-17,1711.689453125,1717.1867881987532,1694.6974589380789,1699.695168410245,7199197
2013-05-20,1720.68505859375,1724.183527738926,1711.689375744691,1717.1867105699266,3087718
2013-05-21,1741.17529296875,1741.17529296875,1708.19092268154,1714.6878716293263,6715579
2013-05-22,1772.16015625,1772.16015625,1733.1787135871366,1743.174008092035,10489345
2013-05-23,1741.17529296875,1758.667032012273,1732.6793573424725,1751.670336394864,7629235
2013-05-24,1748.6719970703125,1749.1717438147582,1725.682920097625,1742.6749150155993,7759778
2013-05-28,1781.1561279296875,1815.1399871498152,1762.664897944481,1763.164644549307,6942250
2013-05-29,1725.1827392578125,1776.658340296373,1723.4786831084932,1776.658340296373,7954178
2013-05-30,1721.184326171875,1738.316208778209,1708.6901785348327,1725.1822983804514,5433369
2013-05-31,1712.688720703125,1726.6821115855828,1691.558739229443,1720.1851628013928,10259548
2013-06-03,1702.6937255859375,1721.964496500337,1689.771772726635,1704.1929657157807,5390913
2013-06-04,1691.1990966796875,1714.9419106762757,1691.1990966796875,1700.194900981897,6254149
2013-06-05,1664.21142578125,1703.498821798605,1664.21142578125,1681.2034147192292,7758859
2013-06-06,1639.72314453125,1680.6657882220898,1636.7246648483508,1645.220599525895,6665199
2013-06-07,1661.71240234375,1671.2079495421158,1631.0870006885898,1644.2206686211332,6959111
2013-06-10,1668.7095947265625,1685.3917586126838,1650.7181091074326,1658.7142980223027,5446794
2013-06-11,1666.7105712890625,1674.7066389061863,1650.8999969460715,1667.210317945049,7333933
2013-06-12,1679.70458984375,1693.6979827139296,1658.214753810454,1658.214753810454,6404147
2013-06-13,1680.2037353515625,1688.2000435027792,1658.2141604586768,1663.211747072036,6342653
2013-06-14,1673.7073974609375,1686.391346479293,1667.2104481829076,1683.2028269091186,4671702
2013-06-17,1685.2017822265625,1698.695305134546,1675.70623251679,1679.2045801865652,4980005
2013-06-18,1675.2066650390625,1689.6998039180555,1669.2094623576331,1676.7060262700963,5614971
2013-06-19,1664.21142578125,1694.1971888660082,1662.2123183856495,1684.7016406992186,6697966
2013-06-20,1608.23828125,1667.2103248418098,1607.7385345919463,1646.7199851335556,13162322
2013-06-21,1587.24853515625,1624.2311309373788,1587.089745030424,1603.2410384695056,17142708
2013-06-24,1582.7506103515625,1603.7407017259568,1567.757843668758,1584.2499718048027,11035280
2013-06-25,1585.2486572265625,1596.7431906086213,1578.2519636685597,1596.7431906086213,10081005
2013-06-26,1619.23291015625,1627.7288447414392,1582.2504499225286,1588.2475303444674,6421998
2013-06-27,1647.7196044921875,1657.2151550855974,1616.9711325940789,1620.2325672258728,8071973
2013-06-28,1647.2193603515625,1655.7152938653674,1631.2269864146797,1640.2226664738475,9613801
2013-07-01,1657.714599609375,1673.7070965819985,1646.5298926867474,1673.7070965819985,5521504
2013-07-02,1669.2091064453125,1674.3766267556186,1648.7187692538837,1661.7126652526097,5269171
2013-07-03,1655.2161865234375,1670.7086976427934,1646.7201292290545,1662.212761469763,4909822
2013-07-04,1711.189697265625,1716.18728558975,1666.21091786307,1669.209519306088,6689630
2013-07-05,1711.189697265625,1749.171659220233,1701.1943994960177,1712.6889374264554,7920503
2013-07-08,1728.6807861328125,1737.6764659479063,1710.1894377281974,1710.1894377281974,5573193
2013-07-09,1738.176513671875,1747.6720627854784,1730.6800721532054,1736.6772738166742,3951262
2013-07-10,1752.169921875,1757.0475991122685,1726.681996219564,1726.681996219564,4835459
2013-07-11,1741.6749267578125,1761.1657723379408,1739.176072450308,1752.1699695037269,6909729
2013-07-12,1748.1719970703125,1759.166787219409,1740.175808074851,1744.1739025725817,3090355
2013-07-15,1743.674072265625,1760.166318404501,1736.6774975851893,1748.1720346534491,3386110
2013-07-16,1706.6912841796875,1744.17348686318,1706.6912841796875,1741.674632977175,9090035
2013-07-17,1716.1871337890625,1727.181924026709,1701.693995697558,1713.1885326112777,6795139
2013-07-18,1726.1824951171875,1738.503685681435,1705.1924072104289,1706.1919005998884,4161312
2013-07-19,1714.1878662109375,1727.1816410238148,1697.0139521691149,1723.1835471489812,8528883
2013-07-22,1693.1981201171875,1714.919902066874,1684.70206295806,1710.1899921927406,5319684
2013-07-23,1671.7076416015625,1703.6925077779244,1671.7076416015625,1686.2007746251245,6545454
2013-07-24,1680.2037353515625,1704.493282911157,1657.7144139094726,1672.2075483216615,6499181
2013-07-25,1684.2022705078125,1699.1951554007271,1663.971856301421,1679.2046825839568,4768454
2013-07-26,1663.2119140625,1694.1972933160175,1652.86887937819,1685.7013588839,4141711
2013-07-29,1674.2073974609375,1693.5082088151871,1666.7109536586568,1666.7109536586568,3180133
2013-07-30,1673.7073974609375,1687.7006682856966,1665.7110869764808,1673.7073974609375,3290035
2013-07-31,1683.2025146484375,1697.695650600867,1663.7117915515362,1669.2091252983223,4820145
2013-08-01,1711.689453125,1711.689453125,1679.7045727642958,1680.7040662101858,5464919
2013-08-02,1711.689453125,1732.1796743725365,1704.6927567610535,1719.1858962118913,4392119
2013-08-05,1704.19287109375,1728.9860476827816,1694.1975740857008,1708.6907123549004,3808855
2013-08-06,1693.1981201171875,1716.4861222554075,1667.2104441886788,1674.2071401449716,7383175
2013-08-07,1669.453857421875,1711.7799755594451,1665.4551772990276,1670.9533170407854,5878932
2013-08-08,1658.9571533203125,1707.8142394226456,1650.959793669262,1668.454093617859,4358993
2013-08-09,1662.4561767578125,1682.9495188751678,1653.1961835864086,1659.9570773330788,4878877
2013-08-12,1664.9552001953125,1676.7312508697833,1661.9561601016208,1663.9555605437738,3539408
2013-08-13,1679.4500732421875,1690.7483488028051,1665.9544564955763,1674.4517549955767,5762345
2013-08-14,1680.950439453125,1703.9430065285555,1677.3685981582755,1699.4443844260957,5312100
2013-08-15,1656.9581298828125,1676.451712185282,1643.0526941112869,1667.4547114730951,8373032
2013-08-16,1654.4586181640625,1659.5269559395438,1642.8264807273397,1646.4611375455129,7659355
2013-08-19,1644.461669921875,1690.6275239901308,1643.462030386188,1657.4574684420522,3658248
2013-08-20,1661.45703125,1663.4073711776666,1631.9236757627143,1638.4645828679538,5648923
2013-08-21,1654.958740234375,1665.7271580301635,1643.4625187406905,1658.4576007880266,5790500
2013-08-22,1665.95458984375,1673.4521283833162,1653.9585524082554,1655.4581327996032,4395077
2013-08-23,1672.4527587890625,1682.4495188348214,1663.4556384061564,1667.4544393357216,4008078
2013-08-27,1676.4517822265625,1683.3236400523783,1656.958199109661,1672.9529215502876,6364288
2013-08-28,1666.95458984375,1677.451048395092,1661.9561493402705,1669.453688956415,4087084
2013-08-29,1672.9525146484375,1706.6175473971653,1662.455935172631,1675.4517348490788,3154364
2013-08-30,1644.9617919921875,1676.451533404902,1638.38200151731,1672.9526732479335,5540588
2013-09-02,1671.453369140625,1677.951149060177,1649.960386339928,1651.459846058495,3266787
2013-09-03,1664.9552001953125,1699.4438584250793,1661.4563402758513,1699.4438584250793,4787393
2013-09-04,1665.455322265625,1668.4543629035786,1645.461919911097,1666.454962098577,3413630
2013-09-05,1651.9595947265625,1679.6655582395665,1631.966193645711,1650.9599549572924,5408335
2013-09-06,1650.460205078125,1665.4552868095634,1639.463803732464,1649.4605652664543,5756098
2013-09-09,1639.4639892578125,1656.583368095865,1633.465907430843,1651.959851735039,5235674
2013-09-10,1597.9774169921875,1609.2637041777969,1579.983294709455,1601.4762774676938,14891442
2013-09-11,1618.4708251953125,1630.2989689142355,1584.4819774753566,1604.9752016442396,9248188
2013-09-12,1618.4708251953125,1633.4659086346787,1615.971604242382,1617.971005232548,6095708
2013-09-13,1621.468994140625,1626.4673122194536,1614.471276146839,1618.4699548377105,3958900
2013-09-16,1613.472412109375,1636.9649198917946,1611.9729521942984,1611.9729521942984,5077542
2013-09-17,1604.4749755859375,1627.467536027401,1603.9941745849408,1610.4730558992023,9216833
2013-09-18,1584.4818115234375,1611.4729346595386,1583.981991613022,1603.9753937251162,6460359
2013-09-19,1575.4842529296875,1599.4764499516737,1575.169412506269,1598.476810407984,8723025
2013-09-20,1576.484619140625,1590.050139986262,1564.9883965553056,1568.487136302086,12986594
2013-09-23,1588.98046875,1593.2290595471266,1572.485925521261,1573.4855654407947,7197313
2013-09-24,1602.47607421875,1606.474754991074,1589.480391993474,1589.480391993474,6996663
2013-09-25,1595.4779052734375,1617.87446045422,1587.9803657849557,1601.475985319852,6344575
2013-09-26,1595.97802734375,1603.0557001466152,1591.4795270265213,1592.4791668438845,4914990
2013-09-27,1567.987060546875,1588.980099676557,1563.319450659192,1585.9810594754367,8382232
2013-09-30,1556.99072265625,1568.622861894496,1550.4928216456638,1552.4922223947265,8016871
2013-10-01,1557.990234375,1587.8294535527043,1549.9927537971676,1550.4925736197056,6461393
2013-10-02,1545.9942626953125,1556.1909032807137,1536.4974426302904,1554.4914429932985,6507637
2013-10-03,1570.486572265625,1574.9850731793313,1547.494005443915,1547.494005443915,8297380
2013-10-04,1555.4912109375,1573.4853325210152,1554.9913910517205,1569.4866522956884,6620041
2013-10-07,1565.4881591796875,1570.9862997194984,1542.5705788178311,1552.4923560397815,6407865
2013-10-08,1548.9932861328125,1567.9871683325475,1542.995205318255,1559.9896868667752,9240502
2013-10-09,1549.4930419921875,1562.3379035427356,1539.9961012846943,1548.9932221348065,6267535
2013-10-10,1544.9945068359375,1565.761742815737,1535.6395413477292,1554.4913261873598,8157543
2013-10-11,1553.9918212890625,1563.988461733193,1540.9960191169594,1553.4920013807655,6376118
2013-10-14,1567.987060546875,1567.987060546875,1548.9931796528065,1554.4913190722937,5476727
2013-10-15,1574.485107421875,1585.9064652346212,1567.9122209676702,1574.485107421875,5774492
2013-10-16,1574.485107421875,1578.83375885174,1557.990565219154,1566.987566213529,10308991
2013-10-17,1573.485107421875,1588.2302764993228,1563.4883477191263,1567.9869683257607,6747308
2013-10-18,1577.9835205078125,1587.4803387373388,1573.7408669942058,1581.9821999422024,9886514
2013-10-21,1584.98193359375,1586.981334755672,1574.4853500566778,1581.9828924204269,6433190
2013-10-22,1600.4764404296875,1605.9747014037011,1575.4845983840842,1578.4836388118108,6728363
2013-10-23,1569.9862060546875,1611.4725820720691,1559.4896268153109,1559.4896268153109,12236793
2013-10-24,1596.477783203125,1605.5548564156477,1564.9881611067651,1566.4876207726525,8144121
2013-10-25,1603.974853515625,1619.347884186683,1579.0340179805637,1600.9759350631514,8842184
2013-10-28,1623.9691162109375,1629.96707701087,1606.6147271777877,1608.4742125307043,6722027
2013-10-29,1636.9644775390625,1651.459616218484,1630.566517124263,1633.9654373802214,5730401
2013-10-30,1642.9625244140625,1651.9595242317405,1637.964083502833,1641.4630648241446,6316720
2013-10-31,1642.9625244140625,1653.9589248240488,1635.2740689888792,1642.4627045507566,6005734
2013-11-01,1648.9610595703125,1654.4593222643089,1626.968372211708,1649.4610007472345,6477131
2013-11-04,1656.4576416015625,1672.9522989768411,1651.959142731598,1660.4564418627049,5722533
2013-11-05,1664.4556884765625,1671.4534096108314,1648.9606653140538,1663.4559275008826,4483866
2013-11-06,1648.9610595703125,1669.4544079546597,1646.4618382422118,1669.4544079546597,5516806
2013-11-07,1640.9632568359375,1659.4570764684324,1634.075409571425,1654.4587566601165,5057631
2013-11-08,1647.4608154296875,1650.959675168269,1635.664656278496,1639.4634563526636,3944174
2013-11-11,1649.9598388671875,1661.9558760526063,1644.9613991856384,1655.9577968903695,4488887
2013-11-12,1636.9644775390625,1641.462977207785,1621.969276744857,1633.465496404516,6194816
2013-11-13,1608.2313232421875,1635.226641316641,1608.2313232421875,1612.7305429212631,6288306
2013-11-14,1615.7301025390625,1637.2265229464638,1609.7310620481928,1616.2298812284198,5131921
2013-11-15,1614.73046875,1634.2272932322162,1605.7320275724323,1621.729310180771,7393533
2013-11-18,1613.2301025390625,1624.7281598089448,1604.400559946256,1614.7298017296569,4799412
2013-11-19,1627.728515625,1653.2242630731212,1617.010228578776,1622.7293945961835,6148254
2013-11-20,1631.227294921875,1644.2251741049706,1626.7279544917533,1639.2259338844924,5358336
2013-11-21,1639.22607421875,1650.7241338566694,1634.226954728753,1645.224993375053,6119753
2013-11-22,1641.225830078125,1655.479397028879,1636.3265450590195,1649.2243487394076,4591141
2013-11-25,1641.225830078125,1664.2219498495288,1637.726288853706,1640.2259092318045,5232495
2013-11-26,1613.73046875,1643.4455566499732,1612.7307900840128,1637.7265126467505,11723362
2013-11-27,1614.73046875,1622.7292312126613,1611.4630665461943,1615.2303686866992,4834485
2013-11-28,1611.2310791015625,1628.7281830158606,1607.7316583187028,1614.730499884422,3024637
2013-11-29,1618.2296142578125,1621.729034378062,1612.7305947308323,1612.7305947308323,4270341
2013-12-02,1619.229248046875,1627.2280083296173,1614.1500431426334,1623.2285676090169,4157463
2013-12-03,1598.233154296875,1621.22927643803,1598.233154296875,1615.7302564297024,4824619
2013-12-04,1592.2335205078125,1601.9347976835625,1589.0021038456698,1594.7330190545488,4289654
2013-12-05,1596.7333984375,1603.5883032933746,1583.235616077333,1590.2344572153092,4313025
2013-12-06,1604.7318115234375,1611.818733874791,1593.7336514625051,1600.2325917617993,3917878
2013-12-09,1599.23291015625,1611.2308707926798,1594.2337901806904,1610.7309709109716,4507492
2013-12-10,1579.23583984375,1599.7324574268123,1579.23583984375,1594.7332173947011,5454255
2013-12-11,1576.73681640625,1587.734857012757,1533.7439691907728,1578.2365161730042,4008719
2013-12-12,1570.2374267578125,1579.2358651060338,1561.2389884095912,1574.736645931923,5354045
2013-12-13,1570.2374267578125,1576.7363662084465,1551.7405291233988,1572.2370258758822,5437200
2013-12-16,1588.734619140625,1594.7335387662315,1562.2390778014662,1565.2385981935076,5543379
2013-12-17,1565.738525390625,1582.7357271365056,1564.7386044701768,1582.7357271365056,8177176
2013-12-18,1548.2408447265625,1581.235314958048,1530.7437496435552,1567.7375385856662,8049500
2013-12-19,1572.7374267578125,1575.9758718462003,1557.3129826217616,1563.7388650772532,5517074
2013-12-20,1572.7374267578125,1594.698734519655,1567.2382855377236,1579.736267678753,15092440
2013-12-23,1582.2354736328125,1586.7348142175845,1570.237514776495,1573.7369345877282,2820762
2013-12-24,1588.734619140625,1601.2326005810512,1572.7373385943729,1573.2372384666337,1216681
2013-12-27,1603.231689453125,1613.479997045894,1594.7330308560192,1597.23265057969,3162051
2013-12-30,1606.731689453125,1610.231109867966,1595.4835783679534,1599.732848623443,2988992
2013-12-31,1611.2310791015625,1619.448653958657,1604.732137482181,1612.7309000990704,1268552
2014-01-02,1599.23291015625,1616.2299907682393,1597.2331894709391,1616.2299907682393,3761631
2014-01-03,1604.2318115234375,1611.5145255066882,1594.7333515899015,1599.232692229107,3059685
2014-01-06,1616.72998046875,1620.729179444892,1605.7318198089315,1610.231039815567,3652561
2014-01-07,1616.22998046875,1625.2285417575874,1612.8226406035808,1614.2303809546602,5358743
2014-01-08,1598.7327880859375,1619.2292861798007,1598.7327880859375,1619.2292861798007,5136342
2014-01-09,1597.2327880859375,1628.0036414189371,1596.232988573771,1600.2323077808844,7337857
2014-01-10,1597.7330322265625,1615.2301332531388,1597.7330322265625,1608.731313864817,5732216
2014-01-13,1590.7340087890625,1597.140989316897,1586.4247658391655,1595.233349362835,4855009
2014-01-14,1591.2340087890625,1597.653832029084,1579.2359289616925,1582.235448918535,5488406
2014-01-15,1618.72998046875,1624.229122738515,1593.2342325782645,1600.732974830848,6446588
2014-01-16,1634.7269287109375,1641.2538567606953,1618.229627676259,1621.729047825526,5965566
2014-01-17,1644.724853515625,1661.7220511546404,1641.7254549544302,1656.7228112357511,8916223
2014-01-20,1662.722412109375,1663.22243319686,1641.7260092991278,1641.7260092991278,4122558
2014-01-21,1661.2225341796875,1676.5299384589575,1658.7229136442706,1659.7227133950466,5892140
2014-01-22,1649.7244873046875,1675.72012915062,1649.7244873046875,1663.7220474075143,6103583
2014-01-23,1652.2239990234375,1664.2220808560155,1641.225959274372,1650.224399490327,5786450
2014-01-24,1624.2288818359375,1650.7244257880636,1623.2289608343283,1639.2263641167065,8509025
2014-01-27,1610.2310791015625,1636.7266210742666,1606.7316587535845,1621.2292400297113,6745953
2014-01-28,1601.232666015625,1614.230426700991,1599.732845179076,1610.7310062936845,5324146
2014-01-29,1577.23681640625,1607.7316828664293,1570.015891210734,1604.732161984109,7865594
2014-01-30,1576.23583984375,1579.2353587174998,1555.7393496635532,1571.2367224931102,10314521
2014-01-31,1563.7384033203125,1575.533541619275,1542.241987004892,1572.2369414325683,7132106
2014-02-03,1571.2373046875,1590.900959210787,1571.2373046875,1577.73624446229,9421078
2014-02-04,1553.740478515625,1571.7373578659003,1553.740478515625,1566.7382381750986,6994989
2014-02-05,1579.23583984375,1609.2878610333394,1547.7410638118752,1549.74078405641,10653436
2014-02-06,1597.7330322265625,1597.7330322265625,1544.2420505776388,1592.733912429744,8993378
2014-02-07,1612.2305908203125,1618.139610676105,1596.0703526175807,1606.2316713780242,6670602
2014-02-10,1607.2310791015625,1612.2301976106376,1596.9128626359325,1611.7302978755745,7034185
2014-02-11,1642.725341796875,1642.725341796875,1613.2302851096713,1614.7299844699878,6723532
2014-02-12,1650.2236328125,1655.6127594430804,1638.7255773635627,1644.7244943343346,6176867
2014-02-13,1652.7236328125,1658.7225511646927,1637.726034035892,1650.723912589469,5375581
2014-02-14,1664.2220458984375,1675.60512705383,1647.724744304414,1649.7244649539982,5731697
2014-02-17,1683.21875,1688.7178906010663,1660.7225300686605,1663.7219291327303,4663264
2014-02-18,1690.2177734375,1694.716993680015,1676.220091653246,1689.2179736410485,8315822
2014-02-19,1681.53466796875,1700.5351555467598,1657.1441610852671,1679.5346931802535,6462522
2014-02-20,1684.5343017578125,1688.534371448467,1673.4841531655582,1676.5341623765032,6424103
2014-02-21,1681.0338134765625,1709.0344156271674,1678.5337250899288,1698.0341963795947,8899243
2014-02-24,1683.033935546875,1690.033965016189,1662.5334770446198,1676.5337783455593,9630064
2014-02-25,1674.5341796875,1689.2644795714154,1662.5338494947955,1673.0340778228203,14337482
2014-02-26,1690.5345458984375,1695.214563429216,1667.0339990386158,1667.0339990386158,7409932
2014-02-27,1684.5343017578125,1698.5346062656954,1679.1441627096644,1685.0342953214963,8061740
2014-02-28,1671.5338134765625,1696.94441445644,1665.533770144628,1680.0340667336577,9309976
2014-03-03,1664.0340576171875,1669.0342362746292,1649.0889014530744,1652.0338469654864,6281215
2014-03-04,1690.03515625,1692.7652484351097,1680.0350378559478,1680.0350378559478,6502423
2014-03-05,1686.5345458984375,1695.0346795929024,1679.5343930272802,1690.5346159417854,5540871
2014-03-06,1672.534423828125,1707.035077183691,1671.5343153215638,1689.034820602497,7004536
2014-03-07,1653.5341796875,1676.0445601007395,1647.2540843239856,1670.5345713680358,6135192
2014-03-10,1672.534423828125,1673.0344174908016,1657.5341292229912,1660.034097536375,6717235
2014-03-11,1674.0340576171875,1678.0341272701846,1665.5339247522163,1672.534076940257,5962255
2014-03-12,1649.5340576171875,1672.0346233051766,1644.894028641099,1670.034527242227,7433964
2014-03-13,1638.533447265625,1654.1938140384116,1635.0334920448836,1653.033867657519,5276918
2014-03-14,1629.533203125,1646.0335967447834,1627.5332288566533,1632.5332857087046,6103542
2014-03-17,1637.53369140625,1642.033755316853,1625.9733683449922,1629.533429677043,5045052
2014-03-18,1647.5340576171875,1654.5342119589538,1628.5336906243444,1635.0338512533017,5169359
2014-03-19,1655.0338134765625,1662.0339661594949,1642.0336164805387,1649.533641576605,4463681
2014-03-20,1629.033203125,1643.0335076728793,1617.532987583866,1638.533323224501,8279245
2014-03-21,1617.0333251953125,1634.033594615606,1616.53321034659,1634.033594615606,15752144
2014-03-24,1600.033203125,1617.5335903310795,1590.5329583042055,1612.033416702928,5999547
2014-03-25,1622.033203125,1625.1332604646718,1596.0326870299866,1597.0326742540883,6328269
2014-03-26,1623.5330810546875,1634.5334245473396,1613.532967085129,1623.5330810546875,6216406
2014-03-27,1614.0325927734375,1619.352809642847,1605.0324673403,1616.032809151509,4725573
2014-03-28,1618.0335693359375,1651.534241007267,1616.5334669141,1622.5336342389935,6515600
2014-03-31,1591.5325927734375,1633.0333947697472,1586.032420784123,1617.5331083690862,8909497
2014-04-01,1593.5330810546875,1603.3133759357563,1579.0327771829654,1597.0331585816973,8804087
2014-04-02,1583.0328369140625,1594.0329411551593,1577.532663612292,1590.5328639216386,7317738
2014-04-03,1578.5325927734375,1603.5180997358057,1574.0325282625538,1581.5326761744325,5620040
2014-04-04,1577.0322265625,1588.532442473688,1573.0321567317037,1587.0324617300848,6164039
2014-04-07,1554.0323486328125,1574.032704915379,1552.0322524139403,1569.032524958814,7118676
2014-04-08,1555.5321044921875,1566.132309963011,1545.5318672094663,1550.031931573266,8677983
2014-04-09,1581.53271484375,1583.5326897058355,1562.3063447717216,1564.5323226099213,7163066
2014-04-10,1581.53271484375,1594.0329212754457,1576.032541610574,1584.0326834213568,10683667
2014-04-11,1552.0318603515625,1567.892177049214,1541.531630512741,1560.0320008436552,9976511
2014-04-14,1543.031494140625,1545.03158970224,1528.031201562684,1538.5314306034809,9993411
2014-04-15,1547.03173828125,1558.531954906376,1539.531470554051,1539.531470554051,13407720
2014-04-16,1563.53173828125,1567.5777353245774,1546.4673688775654,1554.0316189506916,6616499
2014-04-17,1559.0318603515625,1560.0318475194924,1544.8114902373782,1557.0318860157024,9622082
2014-04-22,1640.033447265625,1654.033752002715,1611.5328442195762,1629.0332251409382,33018382
2014-04-23,1642.533935546875,1657.034238450123,1639.033979434859,1643.034050458387,6761776
2014-04-24,1651.0343017578125,1661.2135252486958,1640.034075419897,1652.0342892845597,6692339
2014-04-25,1655.0338134765625,1664.870090755128,1642.5334888936727,1649.033769163471,5263501
2014-04-28,1653.033935546875,1689.0346882506803,1652.5338207421794,1666.5341269249034,8068258
2014-04-29,1665.5343017578125,1676.215577144305,1651.0340005405076,1664.034199560141,7646436
2014-04-30,1632.033935546875,1664.5346208510853,1617.3536775302234,1652.03429202111,14969763
2014-05-01,1637.53369140625,1658.1229834146254,1621.0331743112354,1640.0336595892509,4248810
2014-05-02,1627.53369140625,1639.533903970378,1619.0334348064262,1635.0338394064822,6714261
2014-05-06,1626.033203125,1639.033521202826,1623.0332415819848,1632.5333621639131,7141892
2014-05-07,1629.533203125,1638.5544152210257,1615.032904954748,1627.033114108382,6497896
2014-05-08,1617.0333251953125,1632.258532269087,1610.5331651552196,1630.0335240942893,7001963
2014-05-09,1613.533447265625,1617.1734888643552,1607.5332801533164,1612.533338626091,5355571
2014-05-12,1621.0333251953125,1629.5335813523147,1602.5329530131032,1622.5334274259424,6485289
2014-05-13,1637.0335693359375,1640.033652323449,1611.0330520795071,1631.033403360915,8304318
2014-05-14,1623.7928466796875,1644.2965906399525,1200.8846444112755,1623.29289430083,6180376
2014-05-15,1640.2960205078125,1647.297172416757,1633.794821020307,1640.2960205078125,11747655
2014-05-16,1643.796875,1656.7991544982888,1631.2945479894342,1640.296237981114,9889068
2014-05-19,1620.2926025390625,1643.7967919058697,1616.291892034087,1643.7967919058697,9452928
2014-05-20,1618.7919921875,1627.2934854521795,1616.7915766660935,1622.792702029736,5468745
2014-05-21,1633.7955322265625,1634.7958011066269,1617.292610713499,1619.7929799120602,7265164
2014-05-22,1631.29443359375,1639.7960493009216,1623.958161603514,1639.7960493009216,5191900
2014-05-23,1627.794189453125,1646.4875662760494,1615.7919349711945,1629.294410663059,4078465
2014-05-27,1634.7950439453125,1658.6893754083162,1626.7935026139403,1636.2952647696166,4716067
2014-05-28,1608.79052734375,1619.792390213381,1603.289474708339,1615.7916797515345,7890241
2014-05-29,1616.7918701171875,1639.5059531523686,1605.0397752475533,1608.2903753094688,4374406
2014-05-30,1601.289306640625,1630.1645046181122,1600.7892329055935,1613.7916348188703,11566213
2014-06-02,1593.7880859375,1611.7212938837188,1589.5393980590798,1606.7904888927685,7635069
2014-06-03,1582.28564453125,1602.9293782646982,1578.39498423325,1594.7879707011475,8268383
2014-06-04,1581.28515625,1600.788753276235,1575.2841520270322,1581.28515625,7377414
2014-06-05,1582.28564453125,1604.489593523293,1573.1299091886904,1585.286207660049,6501864
2014-06-06,1588.286865234375,1591.8575564465498,1580.9406537767754,1586.7866440665837,5421020
2014-06-09,1598.788330078125,1598.788330078125,1584.7857860187976,1586.286006653482,3017620
2014-06-10,1605.7899169921875,1605.7899169921875,1593.2877113728844,1593.7877850535842,6176979
2014-06-11,1611.791015625,1621.2926577948126,1606.7901577040775,1606.7901577040775,6353396
2014-06-12,1615.7916259765625,1621.327705399871,1611.7909156478631,1618.2921153822213,4692648
2014-06-13,1605.2900390625,1626.612015033779,1592.2877581769828,1605.2900390625,6639423
2014-06-16,1595.7882080078125,1619.3254860721586,1595.2880131243076,1600.2889923545436,8588267
2014-06-17,1586.7861328125,1605.2894605899758,1581.2850812351187,1605.2894605899758,6444397
2014-06-18,1579.284912109375,1593.7875313434522,1577.7846913060907,1590.7869685363014,8585517
2014-06-19,1590.2869873046875,1596.7880652016406,1575.2841735409272,1585.286008983241,15727008
2014-06-20,1591.7874755859375,1599.788896804222,1584.2860068431207,1594.2878439662763,12790271
2014-06-23,1571.783447265625,1597.5881400221665,1570.7833001387914,1595.2876319496477,5458078
2014-06-24,1576.7840576171875,1598.6940877420516,1563.2817099139072,1576.2839841319424,8514701
2014-06-25,1561.7816162109375,1575.283965010056,1560.281274432882,1568.782887973694,5992052
2014-06-26,1562.7822265625,1565.7827898075898,1554.780805375994,1563.7823739106634,4593883
2014-06-27,1573.7841796875,1600.1579144451832,1562.43204694939,1564.7824901312974,4730151
2014-06-30,1564.281982421875,1578.7845994600702,1556.7806371400889,1573.783743005734,6477794
2014-07-01,1574.2841796875,1586.4163589016337,1561.639806773477,1565.2824905525058,7148014
2014-07-02,1568.7835693359375,1576.2847966819331,1565.282810733528,1565.282810733528,4387961
2014-07-03,1582.7855224609375,1593.5275298616616,1570.2833190376398,1576.2843233525675,4444597
2014-07-04,1579.284912109375,1585.2860377236766,1570.7834184895994,1583.7856957198103,2421488
2014-07-07,1577.284912109375,1590.7872654609305,1574.2843487421612,1579.7852805815494,5110186
2014-07-08,1551.2802734375,1578.0852443615595,1551.2802734375,1575.2846616975294,7023235
2014-07-09,1556.781494140625,1561.8944639309475,1548.2798759274217,1550.2802923307138,10591789
2014-07-10,1572.28369140625,1576.7844751658636,1558.281145309153,1560.281560980418,15268702
2014-07-11,1562.2823486328125,1579.2854630040615,1555.2810733740996,1578.7853892285286,6000080
2014-07-14,1556.2811279296875,1570.203562918313,1555.781054222981,1566.2829656656377,5260769
2014-07-15,1543.7784423828125,1564.2821868056108,1538.853578038382,1557.7809877251548,6050304
2014-07-16,1543.7784423828125,1559.2813296978798,1538.7775852750815,1551.7799834359937,7770627
2014-07-17,1549.77978515625,1556.4099425827835,1532.876665177197,1542.7785115034796,8702822
2014-07-18,1559.2811279296875,1562.281569085727,1542.7780955686528,1550.2794408598786,7117296
2014-07-21,1557.28125,1563.7823287760243,1546.7792183450008,1557.28125,5383303
2014-07-22,1555.2802734375,1563.2818133324238,1548.279001779793,1558.7810304669154,6048902
2014-07-23,1481.7672119140625,1560.2814296947372,1447.7611179685969,1556.2807198894222,22763466
2014-07-24,1469.7655029296875,1477.7668029687345,1457.7632498696162,1462.2640341668427,12649956
2014-07-25,1423.2568359375,1459.5383538661365,1411.1417461244423,1456.2627867107258,14225299
2014-07-28,1414.75537109375,1436.2592650863987,1409.254318583727,1428.257844345086,10174456
2014-07-29,1419.256103515625,1433.258649904176,1403.25326261476,1403.25326261476,8320246
2014-07-30,1425.257080078125,1431.7582789629569,1412.6147692191032,1414.7551713873754,13000808
2014-07-31,1436.759521484375,1451.7622175827848,1430.2583208549015,1451.7622175827848,11733134
2014-08-01,1416.7554931640625,1434.7586254993923,1403.4099774472488,1431.7581842438824,13462071
2014-08-04,1430.25830078125,1448.7616337896354,1416.7559472025514,1419.256315716788,9753190
2014-08-05,1445.7607421875,1453.2619665992154,1435.2588340901882,1435.758907637598,8448893
2014-08-06,1416.5123291015625,1440.0208997121574,1406.5097704570965,1423.514871732585,11845510
2014-08-07,1377.498291015625,1426.0158035400336,1374.497184022067,1412.511003902866,13436087
2014-08-08,1380.499267578125,1393.003859764113,1365.4939751555514,1375.4975034372671,10640022
2014-08-11,1377.9986572265625,1390.070971605042,1372.4967279509867,1386.0015295669896,7994515
2014-08-12,1377.9986572265625,1384.501036461627,1371.9964423599515,1383.5005865021385,6243914
2014-08-13,1389.5029296875,1393.2242208171,1372.6348060089597,1378.4989488975646,6324781
2014-08-14,1395.5050048828125,1399.0062766560889,1389.5027900650302,1393.5042262026918,7176394
2014-08-15,1392.5037841796875,1410.5773420266348,1392.5037841796875,1402.5074343212334,6124157
2014-08-18,1410.01025390625,1414.8819469361129,1398.0058242914083,1398.50610987751,4502236
2014-08-19,1413.0111083984375,1423.5148005975234,1392.8807692068533,1412.0106586278823,6080573
2014-08-20,1418.0128173828125,1441.0212236195212,1410.5102316997825,1414.5116673012617,5555261
2014-08-21,1435.0189208984375,1443.9261118751529,1421.5141220367243,1425.5155573908492,7048677
2014-08-22,1430.0172119140625,1430.5173761997114,1330.4811248382273,1430.5173761997114,5332771
2014-08-26,1448.0238037109375,1458.6076247892197,1434.5190036648253,1444.52253231619,6609858
2014-08-27,1463.5294189453125,1465.0300331364688,1441.067361657606,1449.0241686920292,8981491
2014-08-28,1463.5294189453125,1471.532411778817,1461.60379842455,1467.5309759733498,7638103
2014-08-29,1475.033203125,1480.004054611364,1463.5290628307157,1463.5290628307157,7418665
2014-09-01,1460.5286865234375,1476.2342853887048,1455.5267999814596,1470.5322171622115,5622988
2014-09-02,1455.0264892578125,1463.679599364834,1452.025381878928,1459.0279253554656,6049191
2014-09-03,1467.530517578125,1472.5321592444432,1450.5243297999834,1455.5260926888336,5888408
2014-09-04,1462.52880859375,1477.7553302042868,1457.9771444208277,1472.0322925653222,8046097
2014-09-05,1448.0238037109375,1469.2315705370877,1445.3428454252248,1464.0295465311742,7760670
2014-09-08,1433.0185546875,1452.025406782988,1413.1894498271326,1451.0250780470626,16600240
2014-09-09,1438.5206298828125,1442.0217805186742,1428.0166930848964,1440.521287389019,9125520
2014-09-10,1446.0230712890625,1451.6750731688082,1431.0175366470396,1440.0208574322537,6028046
2014-09-11,1430.517333984375,1464.2145379817396,1416.0120852383711,1451.5249606970476,9869981
2014-09-12,1441.521484375,1446.40323814939,1433.018327798193,1440.5210345748949,6599852
2014-09-15,1432.5181884765625,1439.5206098639749,1400.7846669951216,1430.517410064042,7639088
2014-09-16,1441.521484375,1442.5216917299824,1424.6653659750914,1434.5189418870702,6798519
2014-09-17,1434.5185546875,1446.0226938917867,1430.516999012286,1446.0226938917867,7119089
2014-09-18,1437.0198974609375,1446.8134691190935,1431.3379530277025,1434.0187902256243,6235163
2014-09-19,1449.52490234375,1456.5274480593455,1433.5191528353134,1450.0251880856788,19051568
2014-09-22,1444.022216796875,1465.029842965573,1443.5970892998837,1458.0273009093405,7582935
2014-09-23,1422.51416015625,1443.5217823935122,1414.0111269174906,1443.0216182291772,8818989
2014-09-24,1429.01708984375,1430.017418559601,1399.0041978037652,1424.5154893998426,12576845
2014-09-25,1429.01708984375,1443.0221767559765,1398.0198704682452,1431.5180328559557,10920729
2014-09-26,1433.0185546875,1437.0199908537827,1427.0164610493662,1432.0182259515743,5623198
2014-09-29,1421.013916015625,1439.8106850113272,1385.802158736381,1434.51883570307,7954167
2014-09-30,1413.511474609375,1426.8863261506967,1413.0114314436137,1425.5159048200464,9066454
2014-10-01,1414.5115966796875,1419.9085461637417,1382.9841551383167,1415.512046447031,11753066
2014-10-02,1404.0079345703125,1422.5235912259166,1398.4058759152988,1414.511749089999,12336552
2014-10-03,1426.01611328125,1426.5162776850552,1395.2950361210087,1410.010367469124,9512955
2014-10-06,1434.5185546875,1453.9775586757585,1409.7824915761448,1430.0168348585162,11175039
2014-10-07,1407.5087890625,1435.3308154423669,1399.3037205800345,1425.515305586655,9217956
2014-10-08,1400.5068359375,1413.511473693857,1387.00203379312,1406.5089298163623,10826136
2014-10-09,1395.5050048828125,1420.074882253402,1389.5027900650302,1414.0116924779643,11631015
2014-10-10,1375.497314453125,1398.0054318283635,1354.7098298900112,1385.5009625829684,10219536
2014-10-13,1370.4954833984375,1378.2702121989948,1359.4915073651553,1365.4937201915054,8611081
2014-10-14,1371.49609375,1380.9995791417086,1349.988301460263,1363.9933867859118,8633864
2014-10-15,1331.4818115234375,1372.9967880666266,1322.7336626480187,1371.4962949427188,15909978
2014-10-16,1324.4788818359375,1357.991097395789,1296.9690006901833,1350.4882702950774,18296072
2014-10-17,1354.990234375,1357.7412595969847,1309.0806977972557,1330.9816175901674,14343375
2014-10-20,1339.484375,1358.7912470397644,1329.9808912662843,1352.489008231747,9760378
2014-10-21,1342.485595703125,1342.485595703125,1324.4790747286115,1336.483502859997,12596598
2014-10-22,1377.498291015625,1412.511003902866,1306.972700945977,1347.4873423026056,20064927
2014-10-23,1412.5108642578125,1417.637608387699,1373.996883889455,1397.5053307735134,13813862
2014-10-24,1416.012451171875,1426.0161028425196,1403.0078131003668,1413.011464771011,10063819
2014-10-27,1399.5057373046875,1430.0167179709372,1369.1856821056697,1430.0167179709372,9683991
2014-10-28,1387.001708984375,1407.7591323392774,1368.8411152492254,1407.5090502038302,9958859
2014-10-29,1399.0062255859375,1399.5063899320644,1384.500974657955,1395.0046683717717,6510261
2014-10-30,1398.505859375,1403.5076233368738,1384.000610540752,1400.5065164707264,8922399
2014-10-31,1418.0128173828125,1423.0147028015838,1408.0092889903967,1413.0111744091682,10202481
2014-11-03,1414.5115966796875,1425.3825931943888,1410.1349774624125,1414.5115966796875,7131805
2014-11-04,1416.5123291015625,1422.5145431346002,1396.8952452399392,1419.013271819089,9380063
2014-11-05,1436.51953125,1439.0204737983968,1416.587391292525,1425.0153894834646,6620567
2014-11-06,1414.2698974609375,1427.7771650054149,1399.5118694300472,1415.7707857956898,6949210
2014-11-07,1417.771484375,1438.782946299034,1406.9655515657378,1418.771995539567,7280755
2014-11-10,1424.2747802734375,1428.6771740591896,1409.0163816738964,1415.2698177600362,4785327
2014-11-11,1440.7840576171875,1446.3471279757923,1423.149501651413,1427.7769266956889,8202134
2014-11-12,1443.7855224609375,1460.2945617459216,1437.7822134037287,1444.786033555579,5681156
2014-11-13,1454.7918701171875,1459.2291839986883,1440.2839706573095,1445.7870255360883,7071557
2014-11-14,1462.2958984375,1466.4230682128848,1457.7934762985778,1460.795131472761,7488888
2014-11-17,1464.2967529296875,1470.934414815133,1452.4152581332437,1458.7938201127745,5440736
2014-11-18,1476.30322265625,1477.9041374017038,1461.7953268207816,1466.798003533306,5491271
2014-11-19,1471.8011474609375,1482.3067589022833,1465.7978369989903,1480.8059919091504,7140207
2014-11-20,1477.8038330078125,1481.3057427096303,1467.7984806409042,1471.3002690980557,7782528
2014-11-21,1482.3070068359375,1490.8117182869958,1469.800249400468,1482.8072625839889,10595311
2014-11-24,1470.7999267578125,1482.8064216359546,1466.2975063340916,1478.8043779212333,6017506
2014-11-25,1470.30029296875,1482.306670688717,1463.7966059847583,1471.8010598725707,8247870
2014-11-26,1465.2974853515625,1479.3051280154086,1465.2974853515625,1471.300674175568,6290938
2014-11-27,1479.304443359375,1482.3059757598498,1464.0461686783865,1467.7982054236236,4819901
2014-11-28,1485.80810546875,1490.8109027018156,1472.300843926661,1482.806451377843,7917927
2014-12-01,1491.31103515625,1494.312567754895,1449.6574350486137,1483.806961170333,7949490
2014-12-02,1502.8173828125,1502.8173828125,1490.1855078543863,1492.8119096909527,6236473
2014-12-03,1490.31103515625,1512.8232648310063,1483.80746980718,1501.3169009466394,13248527
2014-12-04,1461.7952880859375,1490.3108234544816,1459.7941447071466,1490.3108234544816,14565393
2014-12-05,1471.3004150390625,1473.8018140012412,1459.794173804526,1472.3010473707411,6511020
2014-12-08,1460.795166015625,1478.3045993304395,1459.794533437432,1473.8021770850503,5243411
2014-12-09,1409.7669677734375,1455.291799889961,1409.0165844338387,1445.286324961265,11269832
2014-12-10,1386.7545166015625,1403.5867950084662,1370.7458533414804,1394.7588482316037,13544214
2014-12-11,1393.75830078125,1403.2635201222386,1381.251548090701,1392.2574128617875,10366427
2014-12-12,1365.2427978515625,1390.9269082060314,1364.2422867102364,1384.2532370048673,14754396
2014-12-15,1327.72216796875,1370.2453384161868,1327.72216796875,1350.7346473605885,12224391
2014-12-16,1348.7342529296875,1349.73476434837,1315.7162849107026,1332.7255852518956,12628657
2014-12-17,1347.7335205078125,1354.987591490473,1324.7210321131784,1335.727020638183,9386802
2014-12-18,1379.25048828125,1381.5617757959396,1336.2270527248015,1354.7371157266962,12996104
2014-12-19,1392.758056640625,1396.2599674644046,1362.7417474337758,1389.2561458168457,16280637
2014-12-22,1390.7567138671875,1409.2658066894974,1385.7540367964525,1390.2564582845828,7808051
2014-12-23,1385.7540283203125,1419.7724989315457,1379.375587814085,1397.76052596345,5429199
2014-12-24,1385.7540283203125,1390.2564497809033,1363.241799772672,1377.7496965582209,2284497
2014-12-29,1398.7607421875,1419.2718210695182,1393.7579453911824,1410.7672362582898,4330484
2014-12-30,1380.2510986328125,1399.7616724999448,1374.2477891761469,1388.755685992516,6463550
2014-12-31,1376.749267578125,1391.7575434054766,1373.2473567591935,1381.251810948683,1717372
2015-01-02,1383.7528076171875,1393.758282384369,1370.745799540064,1388.7556056231183,4379591
2015-01-05,1370.245849609375,1384.7537488220062,1355.237573488802,1371.246360935844,11103330
2015-01-06,1357.7391357421875,1382.2525148909726,1350.735313128249,1373.2475481395993,11105112
2015-01-07,1379.750244140625,1386.7540623337973,1336.2726417246286,1370.7454043177722,9029312
2015-01-08,1428.2767333984375,1430.7781319228452,1396.259414260375,1399.761323696683,13084689
2015-01-09,1410.2669677734375,1435.0853839029662,1401.762261796282,1429.777535613453,7809343
2015-01-12,1413.269287109375,1421.77387584685,1395.3294352624357,1416.7710767409294,6363628
2015-01-13,1423.7744140625,1432.7793766424466,1406.765121130156,1407.765753357705,6061502
2015-01-14,1396.259521484375,1422.773911398469,1376.7488297360796,1409.766783566272,7922167
2015-01-15,1413.76904296875,1414.7696752688244,1361.7407706625247,1400.762035514531,13843416
2015-01-16,1431.7789306640625,1435.2807192631392,1394.258554655813,1406.765184999001,10590535
2015-01-19,1439.7828369140625,1448.7879192510284,1427.2762092047951,1431.2782524751874,4735214
2015-01-20,1442.784912109375,1456.0421692941325,1435.2808362958433,1448.2879657031283,8363124
2015-01-21,1466.2979736328125,1466.7982292565805,1443.9107463786545,1450.7895643172103,9543225
2015-01-22,1489.3101806640625,1496.3141218182132,1467.7985866503025,1485.8082707093247,13102628
2015-01-23,1500.816650390625,1501.3167847118011,1481.806332664515,1490.3109197735073,10508951
2015-01-26,1499.3160400390625,1506.319861747196,1486.8092848429417,1488.810307476862,6560845
2015-01-27,1484.8076171875,1508.3203523100108,1475.9277792701412,1496.814112489761,8696309
2015-01-28,1497.3143310546875,1500.816361831749,1481.4307955361244,1500.316106362072,7111455
2015-01-29,1493.3123779296875,1501.4967567515778,1480.8055054500455,1489.310091440041,6902443
2015-01-30,1467.7987060546875,1493.81284444411,1467.7987060546875,1490.8111897751987,11160600
2015-02-02,1461.2950439453125,1477.3038286946826,1449.7888018957356,1469.7997525212766,7928282
2015-02-03,1453.791259765625,1480.655935458784,1449.539086490625,1451.2899813685665,12055923
2015-02-04,1476.8035888671875,1508.8210374627356,1452.290216525083,1457.7932704414422,16833378
2015-02-05,1501.3165283203125,1513.8234003096595,1465.797298007972,1469.2992076156297,11500879
2015-02-06,1518.3260498046875,1538.1208202398325,1496.3141991236996,1502.8176425944844,11515927
2015-02-09,1526.830810546875,1529.3322096569334,1504.7436661583647,1515.3244473874172,8419852
2015-02-10,1520.327392578125,1522.3285363085604,1500.8168171186944,1521.327903820994,9991402
2015-02-11,1514.823974609375,1525.0794540554436,1505.81901257191,1519.326395005778,6475566
2015-02-12,1486.3087158203125,1525.3298614018438,1481.3059178008582,1513.323364395579,11074714
2015-02-13,1553.84521484375,1557.347124546984,1520.8272610324004,1529.3319681657783,15986412
2015-02-16,1542.83935546875,1555.5963565819404,1539.337445481274,1549.3429199090167,5467938
2015-02-17,1548.34228515625,1550.8435626298735,1526.8305714150883,1536.8359237989157,10978683
2015-02-18,1556.346923828125,1563.3507446308568,1546.8417038116488,1563.3507446308568,9316288
2015-02-19,1527.6424560546875,1553.6620216252836,1526.641862115822,1533.647111112611,6818598
2015-02-20,1531.1453857421875,1552.1610139875168,1523.7648070210382,1532.6464587349149,6906096
2015-02-23,1536.14892578125,1537.1496410068896,1523.139142770268,1528.643319050119,5830965
2015-02-24,1547.6572265625,1547.6572265625,1531.1449433358125,1534.647445973503,6443559
2015-02-25,1546.6566162109375,1551.585368525146,1535.1480286713684,1542.1532769596977,5541920
2015-02-26,1555.162841796875,1558.16510796929,1542.653419623377,1543.153777107215,5917368
2015-02-27,1542.65380859375,1556.163827872005,1539.151184054332,1556.163827872005,8652169
2015-03-02,1555.162841796875,1557.9148079579854,1532.1455486546174,1539.1507959671237,6265471
2015-03-03,1552.160888671875,1575.6785458785475,1552.160888671875,1562.1684049570424,6989669
2015-03-04,1567.171630859375,1568.1723457284866,1545.9057122745123,1550.659229172166,6284492
2015-03-05,1572.1756591796875,1578.6805497442313,1565.4706741067264,1567.6723200463107,5539228
2015-03-06,1561.16748046875,1573.176425639761,1558.4153926370382,1563.1689106958836,4796351
2015-03-09,1557.164306640625,1558.7564524362092,1536.7590343313725,1558.6653791257909,5508705
2015-03-10,1524.640380859375,1562.1684155975977,1523.6396656048678,1562.1684155975977,7906857
2015-03-11,1520.1363525390625,1538.1498253097516,1514.1318211923776,1535.1475596364091,7702307
2015-03-12,1549.658935546875,1555.288140119875,1526.141280844333,1528.142832396012,9053205
2015-03-13,1561.16748046875,1565.1704621924202,1538.1503052402948,1553.6618745781927,12892059
2015-03-16,1578.18017578125,1586.686496419045,1558.1652680248503,1570.6744489445275,8214112
2015-03-17,1592.6915283203125,1595.693795741637,1576.1791181377464,1586.1866357856825,7356515
2015-03-18,1624.71484375,1626.2160375899548,1591.1899195190044,1598.1950461176784,9054759
2015-03-19,1631.219970703125,1638.725698452815,1615.7084001464727,1632.2206858953189,12676460
2015-03-20,1636.2236328125,1641.227329564627,1623.1618269068051,1639.2257781021358,22787048
2015-03-23,1616.7086181640625,1637.849387079657,1608.2022991074773,1635.222449873285,8280195
2015-03-24,1609.2034912109375,1623.7143464162618,1609.2034912109375,1618.2102916501449,8943408
2015-03-25,1596.6939697265625,1610.2041079068538,1593.8418348338075,1607.201841503523,6213255
2015-03-26,1576.178466796875,1598.6952812477928,1573.6765581014222,1585.685622824087,12105365
2015-03-27,1570.6741943359375,1585.5054392801162,1556.538671814038,1571.1746730594425,6432938
2015-03-30,1585.68603515625,1599.696533462973,1576.7893469029857,1590.1893749635774,6373068
2015-03-31,1547.15673828125,1595.1926326118298,1547.15673828125,1595.1926326118298,11388852
2015-04-01,1566.6715087890625,1585.8107292483269,1494.4074421451162,1553.1613709489063,9724277
2015-04-02,1570.6741943359375,1579.1806348642235,1561.6675176229028,1572.175387967695,5307792
2015-04-07,1592.1910400390625,1595.4434862873395,1569.5490663581045,1578.6810186263372,6107819
2015-04-08,1592.1910400390625,1605.701182721223,1588.6885362156945,1596.1940228209182,6100663
2015-04-09,1612.7060546875,1614.207248672026,1601.1974667300326,1602.1981818734455,6453407
2015-04-10,1643.22900390625,1646.2311494203832,1619.2109909073129,1622.7136152765452,9810594
2015-04-13,1635.22265625,1635.22265625,1635.22265625,1635.22265625,100
2015-04-14,1629.7188720703125,1644.730084792816,1626.4664264778487,1629.7188720703125,7816459
2015-04-15,1614.707763671875,1639.726372312859,1613.7069271614776,1639.726372312859,8184269
2015-04-16,1597.194580078125,1621.212593837328,1586.1863490362848,1621.212593837328,9187123
2015-04-17,1576.6793212890625,1605.2006770919252,1570.6747870349575,1587.1871955990343,10055890
2015-04-20,1582.18310546875,1593.6918143616044,1574.6776208415802,1580.181675240012,6292342
2015-04-21,1576.178466796875,1600.6968324580323,1572.175485645782,1589.68860397518,7307654
2015-04-22,1549.658935546875,1580.6820750773434,1538.6507051861597,1574.1773053905529,11690028
2015-04-23,1531.645263671875,1554.1620791267524,1523.8894797664875,1546.6564739751266,9336193
2015-04-24,1535.648193359375,1540.1515320450303,1517.634717347367,1533.6467633965892,6863368
2015-04-27,1563.1688232421875,1572.67598009739,1521.1374568604515,1538.65057671509,11470365
2015-04-28,1539.15087890625,1553.1613742862364,1519.1358508578717,1548.6580354196385,13756209
2015-04-29,1514.632568359375,1577.4675784720132,1512.6311382416875,1540.1516512456628,8508737
2015-04-30,1515.6331787109375,1518.6354449494538,1501.6226837774536,1514.632463721228,8760180
2015-05-01,1512.6314697265625,1517.384988567174,1491.375486542127,1503.6247896844125,6965577
2015-05-05,1501.6226806640625,1549.6586978419512,1500.6220869458157,1528.6429554852984,7074266
2015-05-06,1515.6331787109375,1545.655719826712,1461.092514000342,1501.1224475519869,18588579
2015-05-07,1448.0828857421875,1527.4461897940994,1448.0828857421875,1502.123319888012,22157357
2015-05-08,1479.6065673828125,1485.6109794821298,1460.59237340773,1470.5998885991337,12976203
2015-05-11,1478.6051025390625,1492.6887190191528,1464.0942541232132,1473.6014077047316,9276151
2015-05-12,1446.5816650390625,1474.6025337038006,1434.572600056215,1471.0999099620349,13073682
2015-05-13,1451.5859375,1460.5927398125343,1446.4020329012478,1454.087725973396,6975343
2015-05-14,1431.8291015625,1433.330566672791,1397.2971021041278,1423.82169194531,10065703
2015-05-15,1419.818115234375,1450.346412638451,1412.8116008643708,1437.3344011593856,10593386
2015-05-18,1433.3302001953125,1439.335816518328,1414.5628007999858,1419.8176241141662,11348935
2015-05-19,1443.840576171875,1458.5442387921116,1428.326081018879,1436.3336132522727,8294647
2015-05-20,1448.844970703125,1467.3621513454998,1434.831942910774,1456.3519325502684,8773863
2015-05-21,1451.847412109375,1462.3571802926872,1446.342364751229,1448.8446038725317,6728743
2015-05-22,1465.8609619140625,1476.871181869168,1448.3446753283663,1453.3492766565694,7331508
2015-05-26,1431.3284912109375,1464.359143102361,1426.1436522266258,1462.857799453735,12070064
2015-05-27,1446.343017578125,1469.3643556327902,1424.3224543324136,1425.823919774183,7571184
2015-05-28,1461.3570556640625,1461.3570556640625,1445.8425584700512,1449.8462644677927,9250498
2015-05-29,1454.8504638671875,1480.8746041237628,1451.3472072196887,1468.3630425491538,14898848
2015-06-01,1457.3525390625,1465.3600685618503,1442.4828336902158,1451.3470435520965,9230726
2015-06-02,1442.3389892578125,1460.6058241674384,1438.835611107778,1458.8542563837295,10544494
2015-06-03,1438.8355712890625,1447.3434285856736,1435.1821558917195,1446.3426540282726,10294174
2015-06-04,1412.8111572265625,1441.3376537337665,1410.3087967969518,1441.3376537337665,10613510
2015-06-05,1399.7994384765625,1419.3335246890929,1386.1867938502112,1405.3044870073268,11434819
2015-06-08,1387.2880859375,1397.9480175396147,1386.6124931988268,1395.7959453740348,6551903
2015-06-09,1377.2783203125,1392.2923634713125,1373.2747371918788,1386.2867462077877,8489900
2015-06-10,1383.78466796875,1394.294439679863,1372.2740002731464,1376.7781534946746,13557052
2015-06-11,1388.28857421875,1401.3007048675993,1383.283973895277,1385.2858867994462,8517554
2015-06-12,1374.2757568359375,1393.7939557785703,1371.4731996350397,1390.290698631789,7430655
2015-06-15,1352.25537109375,1377.4387223707486,1349.072444479143,1366.7687256370025,10449826
2015-06-16,1367.2691650390625,1401.6220149643152,1352.7555692914764,1359.2617559510363,16030721
2015-06-17,1360.762939453125,1401.786078337644,1357.0094593043452,1373.2746208099154,8955852
2015-06-18,1361.263916015625,1361.263916015625,1306.7132600632854,1355.7587449705202,10399069
2015-06-19,1358.2606201171875,1420.0599879051472,1355.75825951168,1366.268149796554,12849993
2015-06-22,1378.279541015625,1379.280436943656,1366.268426005309,1372.2739228648095,9199517
2015-06-23,1378.77978515625,1390.2904505009424,1370.7723763330985,1384.785402419262,7030417
2015-06-24,1384.2847900390625,1388.288494325696,1373.7750208024145,1378.7797421291762,7523531
2015-06-25,1372.2740478515625,1385.2861812663696,1370.2722558131773,1378.780114558966,7991240
2015-06-26,1368.7703857421875,1383.7843067557033,1366.268146434128,1383.2838588940913,7313642
2015-06-29,1346.7503662109375,1364.2666532100825,1337.7420593492784,1341.2451954577805,11623893
2015-06-30,1323.728759765625,1343.2468348459145,1323.728759765625,1342.7463869324845,11858865
2015-07-01,1349.7530517578125,1355.258100714564,1329.334143883899,1332.7372143353407,8771448
2015-07-02,1356.2593994140625,1364.7672592453048,1349.2528838031542,1357.2602955609518,8823430
2015-07-03,1348.7523193359375,1363.2657973787236,1343.422293101902,1356.2592823724592,3360429
2015-07-06,1343.2470703125,1357.9457593624786,1339.2433650119203,1340.2443823055578,6398594
2015-07-07,1339.7437744140625,1354.757820472825,1337.241534480369,1347.7511847845224,8991590
2015-07-08,1351.7552490234375,1369.5717341669144,1341.2453542880417,1343.2472678784366,6557746
2015-07-09,1370.2724609375,1375.2770630739578,1349.102754956336,1353.7570676919047,10768575
2015-07-10,1371.2733154296875,1382.4535872871752,1365.2676960153906,1380.7821926204342,8744066
2015-07-13,1387.788330078125,1390.7910176758678,1378.7799034109753,1384.284951964811,7360718
2015-07-14,1393.793701171875,1393.793701171875,1383.2839316513684,1383.2839316513684,5305802
2015-07-15,1383.78466796875,1391.752052291242,1377.2786014869198,1386.2870292212972,7383335
2015-07-16,1383.78466796875,1387.112780537634,1378.2796187627316,1385.286133236807,6231518
2015-07-17,1372.2740478515625,1383.784715946255,1367.2694464642736,1381.7829239078696,6953287
2015-07-20,1381.2823486328125,1384.610461302692,1375.777299259737,1383.284261953865,5527366
2015-07-21,1373.7755126953125,1387.0879646031544,1367.770014760685,1383.7848376414734,5417889
2015-07-22,1351.2540283203125,1364.7666049909003,1345.2485330266045,1362.764692365476,7183110
2015-07-23,1358.2606201171875,1360.7629807226951,1348.6017095234697,1359.2616371341646,5556661
2015-07-24,1339.7437744140625,1364.266574803501,1338.742878440585,1356.7596124197798,4743475
2015-07-27,1334.2381591796875,1345.7489442025856,1328.7332331607497,1334.7387282908703,9348031
2015-07-28,1329.734130859375,1345.7490690382772,1323.2281873058398,1340.244021217395,7751814
2015-07-29,1375.7769775390625,1385.786177929733,1334.238347139982,1336.240259992894,23945936
2015-07-30,1390.2906494140625,1394.2943543984604,1365.2674022930892,1374.7762774381058,15598673
2015-07-31,1397.2969970703125,1400.1245398459826,1383.7844185499675,1396.2961012662277,11480708
2015-08-03,1401.30078125,1404.9540754008808,1393.7938197099495,1395.2951635014372,5975429
2015-08-04,1402.3016357421875,1413.8124229692417,1396.120873529418,1402.3016357421875,9316326
2015-08-05,1420.3179931640625,1420.4982319926992,1395.7952027114509,1400.7999231335264,9994883
2015-08-06,1458.3538818359375,1468.8635316496966,1419.3176064872807,1425.8236725939428,20399618
2015-08-07,1451.347412109375,1454.5003799246251,1442.3391059105438,1453.349204024085,9363845
2015-08-10,1458.8544921875,1458.971538318965,1436.8340515994369,1448.8451679316545,7577368
2015-08-11,1438.8355712890625,1457.3527509466487,1431.8290577655105,1451.3472545631075,9231271
2015-08-12,1420.3179931640625,1440.3585859898656,1411.8101382543132,1431.8286560688027,13343739
2015-08-13,1414.0733642578125,1435.5872551977325,1411.0700012565912,1416.5761869777784,8494944
2015-08-14,1404.0623779296875,1416.5763718489752,1400.0579338433529,1413.0723467955142,6193627
2015-08-17,1412.071533203125,1418.0782611256836,1400.3784669133554,1411.5709927618666,4382477
2015-08-18,1404.56298828125,1419.404507683217,1402.060165109908,1415.0747000244332,4987512
2015-08-19,1380.0352783203125,1405.063139154615,1379.8951610229662,1405.063139154615,7168403
2015-08-20,1372.026123046875,1380.0350078288009,1367.5211405212483,1368.021680655912,6064164
2015-08-21,1325.9755859375,1364.6937090571878,1325.9755859375,1358.5118044837864,10060736
2015-08-24,1283.427734375,1308.1051175945552,1248.8892485372655,1289.9348780816224,23191181
2015-08-25,1297.44384765625,1310.4582614273795,1283.4282318152548,1291.9376608699822,18492827
2015-08-26,1275.919921875,1300.947669413522,1267.9109116438594,1279.9243663337122,17622339
2015-08-27,1332.4827880859375,1335.4861517180143,1302.9499347789906,1310.9588235887195,9003036
2015-08-28,1341.9935302734375,1348.7610164010562,1315.9645788338796,1333.4841003740796,8736704
2015-09-01,1296.4422607421875,1337.1125494957785,1291.25646501021,1329.979547941311,8367452
2015-09-02,1320.9698486328125,1331.9820998522812,1300.9475075172145,1301.448047848049,8343138
2015-09-03,1339.9910888671875,1353.0055023918535,1332.4827407108044,1334.9855638675022,6238117
2015-09-04,1304.9521484375,1329.4444156044694,1300.5371786565895,1328.4782732327176,6816438
2015-09-07,1315.4638671875,1333.48404978555,1312.9611651436485,1319.9688521801525,4670899
2015-09-08,1330.4803466796875,1343.4947579295442,1322.971878522011,1322.971878522011,5239115
2015-09-09,1313.9620361328125,1344.2687461402577,1305.3274121761,1343.9954263727168,13248023
2015-09-10,1297.44384765625,1316.9655289698007,1295.441564830231,1304.9521959548244,7908410
2015-09-11,1296.4422607421875,1303.9506068119365,1287.9328342134525,1300.9472441213015,5604683
2015-09-14,1286.431396484375,1329.2210452883148,1286.431396484375,1302.9498345330508,5902214
2015-09-15,1291.4366455078125,1298.9749555208389,1271.66457996358,1286.431000940673,5853610
2015-09-16,1299.446044921875,1306.9543934270362,1292.4382368085626,1302.9499489785312,9602999
2015-09-17,1290.9361572265625,1310.9583723592752,1287.9327946282374,1305.4521873767335,6371289
2015-09-18,1286.431396484375,1302.9498345330508,1253.895182048612,1288.4336791896137,14191654
2015-09-21,1290.9361572265625,1305.9528489045151,1283.427811387586,1288.433334842346,6112184
2015-09-22,1248.38916015625,1277.922012214117,1242.8830948250811,1277.4214718488936,12348708
2015-09-23,1275.4190673828125,1282.4268744547262,1248.7094305198962,1250.3913236273472,8279898
2015-09-24,1256.8983154296875,1277.4211938193253,1254.3956141482802,1274.4179522816364,7303387
2015-09-25,1290.4361572265625,1298.9455870560512,1273.4171762538615,1273.4171762538615,7007776
2015-09-28,1251.8929443359375,1282.4268742049733,1251.392404018569,1275.4190671344245,8263058
2015-09-29,1238.87890625,1248.8899582478143,1228.867732938451,1236.376082593679,8376233
2015-09-30,1267.41015625,1267.41015625,1250.891599777887,1253.8949626533906,8454508
2015-10-01,1269.412841796875,1299.4462403339735,1268.9123013297544,1282.4272578832083,8539044
2015-10-02,1282.9278564453125,1292.6886377006476,1262.9055108647306,1283.4283968877678,7780475
2015-10-05,1313.9620361328125,1316.4648590907047,1294.9408970684533,1301.4480426570522,5993650
2015-10-06,1307.9549560546875,1318.4666640603652,1301.9483524183488,1318.4666640603652,5317071
2015-10-07,1285.9310302734375,1313.4615997338524,1283.9287474859495,1306.9543323166545,10566720
2015-10-08,1292.9388427734375,1305.1324489192098,1284.2592099009576,1286.4315747219491,5995079
2015-10-09,1311.459228515625,1315.9643341552692,1296.9430735547094,1305.4525018719005,7873845
2015-10-12,1307.455078125,1312.9611438458785,1293.9398807388347,1312.9611438458785,5366757
2015-10-13,1327.4774169921875,1333.4841449535586,1315.4639610694453,1315.4639610694453,9143348
2015-10-14,1314.9632568359375,1320.9699840491237,1308.956650936465,1314.462716453791,8194255
2015-10-15,1332.983154296875,1335.9865175365148,1319.2979985697157,1322.4714436149852,6202778
2015-10-16,1347.499267578125,1351.0031710314088,1332.4825731536794,1337.98875914328,7176559
2015-10-19,1346.498779296875,1362.0161421668197,1340.4921716729837,1352.0049677086697,5931504
2015-10-20,1337.98876953125,1362.8514049503033,1337.98876953125,1357.5104481718545,7549477
2015-10-21,1323.47265625,1334.4847860280402,1314.3874732782524,1329.9798017890782,8121308
2015-10-22,1338.4893798828125,1345.4973091593647,1326.4761681089649,1331.9822336147877,8365123
2015-10-23,1370.5255126953125,1375.030498541032,1342.994814489957,1346.4987193285706,8827249
2015-10-26,1370.5255126953125,1383.539929728918,1365.512950148947,1371.5265937024185,5816682
2015-10-27,1369.0235595703125,1380.0358128980745,1356.329534081903,1365.019114843283,6956754
2015-10-28,1422.08251953125,1428.089246666313,1364.5184353136494,1367.521798881181,13715915
2015-10-29,1405.564208984375,1426.3653878235084,1392.0492536662732,1400.558683456973,14348284
2015-10-30,1406.5654296875,1415.9417674668598,1402.0603232083397,1403.0614040642754,8452084
2015-11-02,1398.5560302734375,1405.0632966562553,1387.0432396881322,1396.0532075153485,6918944
2015-11-03,1378.033447265625,1403.56185444374,1368.342665771267,1401.5595717196677,7632354
2015-11-04,1390.046875,1404.1875655284696,1383.539607342621,1384.540688116459,6909477
2015-11-05,1387.5440673828125,1403.6870409545295,1380.5362592595686,1391.5485118369922,7616150
2015-11-06,1386.042236328125,1396.554069155037,1375.0301057680545,1389.0455998052844,6345223
2015-11-09,1369.0235595703125,1395.5530513795293,1368.022478716986,1388.5452427787966,6449299
2015-11-10,1367.02099609375,1379.960436591879,1362.0155928540205,1376.0310858663618,6717546
2015-11-11,1375.0302734375,1386.042405340376,1369.524086172339,1373.528652172669,4998648
2015-11-12,1333.2376708984375,1361.2742515989112,1332.7370350054807,1359.2717080270843,8245496
2015-11-13,1314.212646484375,1335.7407137452417,1302.3972291470284,1324.2257264203954,9419457
2015-11-16,1315.7144775390625,1324.2256495924626,1302.1969478133656,1309.2060912282448,6637883
2015-11-17,1347.2559814453125,1361.6186260254522,1324.2260020028891,1327.7305746429854,6887233
2015-11-18,1350.7601318359375,1361.6993747183094,1335.5402470700835,1339.7457814582883,6238169
2015-11-19,1348.757568359375,1362.7758555856622,1345.7537536710292,1351.7615043845558,7485500
2015-11-20,1362.776123046875,1368.2833603967074,1351.2611338044226,1354.2650704191622,6821191
2015-11-23,1346.2542724609375,1355.766594154401,1333.2372579286302,1355.766594154401,4449897
2015-11-24,1344.752197265625,1351.5401430031504,1326.6535971510564,1341.2476258851673,7398550
2015-11-25,1354.2646484375,1356.9982456789303,1339.2450913806754,1346.2542341854364,14357719
2015-11-26,1373.2894287109375,1376.2933644248633,1348.25679287732,1353.7640285756545,4069809
2015-11-27,1367.2818603515625,1375.7930336503891,1361.874847670084,1372.2884614301308,5186966
2015-11-30,1357.2685546875,1371.7874757058694,1354.7652547866996,1369.284175805069,6734260
2015-12-01,1352.7630615234375,1362.275506535279,1345.253281217139,1362.275506535279,6981357
2015-12-02,1379.7982177734375,1388.3093909246063,1358.2701489848855,1359.2715419853362,7076675
2015-12-03,1338.744873046875,1386.256872521541,1338.744873046875,1375.2926302857018,12100649
2015-12-04,1320.72119140625,1340.7473518377562,1319.970237690858,1332.7368148630485,8313454
2015-12-07,1325.226806640625,1356.0169956967734,1323.2241424078843,1329.7326494932645,3937742
2015-12-08,1315.7144775390625,1349.1220260498694,1313.7119344701437,1326.7289497654426,6506968
2015-12-09,1317.7169189453125,1329.7325393358965,1317.2162832628062,1324.7260611740226,9599541
2015-12-10,1315.7144775390625,1326.7289497654426,1311.7092700643932,1314.713206004603,6420791
2015-12-11,1299.193115234375,1326.228298173466,1298.1918436202563,1314.7133106005783,9220976
2015-12-14,1281.67041015625,1318.490443097278,1278.9167915478868,1297.1906073976247,7903949
2015-12-15,1310.2073974609375,1314.2126050416766,1280.7139316831838,1287.1773022006432,8769540
2015-12-16,1322.7236328125,1335.7406482245,1311.809384711182,1313.71194624791,8597711
2015-12-17,1343.2508544921875,1371.287437315864,1343.2508544921875,1345.7541554834074,8696350
2015-12-18,1335.74072265625,1349.75901039283,1330.2785021542454,1337.242630055095,11421084
2015-12-21,1333.2376708984375,1354.2651064237928,1330.2337342038352,1330.7344914336538,5014005
2015-12-22,1343.7509765625,1346.754912335862,1328.230783293092,1335.7405620580846,3509167
2015-12-23,1371.7882080078125,1374.7920238881186,1347.7568316071824,1355.7672499617647,5184338
2015-12-24,1377.795654296875,1377.795654296875,1359.7722776809635,1359.7722776809635,1069745
2015-12-29,1393.316162109375,1393.316162109375,1379.297990654531,1388.8103169511437,4540117
2015-12-30,1385.8056640625,1393.8160775804824,1379.822788638454,1392.8148062249372,3348678
2015-12-31,1374.79150390625,1388.30927693927,1371.2870533713672,1381.80064764969,1535845
2016-01-04,1366.280517578125,1368.2831821727166,1347.7563857597374,1360.773402282474,10870514
2016-01-05,1387.8089599609375,1392.8155621294516,1367.282158011157,1380.7998139945184,9308913
2016-01-06,1382.301513671875,1391.313201288026,1363.7773812725895,1385.8060858196775,7093568
2016-01-07,1346.2542724609375,1363.2763728963246,1334.807356437654,1350.7601154387269,9191899
2016-01-08,1373.2894287109375,1383.482692493119,1348.907643593057,1353.7640285756545,10572784
2016-01-11,1349.25830078125,1369.284338354514,1348.7575436721895,1365.2791308398612,7524082
2016-01-12,1365.279296875,1375.292377547765,1344.7524996963589,1351.7616440336096,8512859
2016-01-13,1386.306884765625,1397.0009099577424,1375.2926515689464,1377.2951953003892,7175683
2016-01-14,1382.301513671875,1389.9615088140267,1358.5204623824625,1377.7955485269526,11656042
2016-01-15,1365.279296875,1396.8204463926284,1352.7630370366794,1380.2988572157235,13945370
2016-01-18,1367.2818603515625,1381.800785073082,1360.2727159110464,1361.2741089288695,5877935
2016-01-19,1391.8138427734375,1404.8308597572657,1382.8021551206698,1385.3054556183708,8464209
2016-01-20,1359.2713623046875,1373.7902848550814,1353.263369106717,1364.7784770633723,9098226
2016-01-21,1370.285888671875,1380.7996060380765,1361.4614230358984,1367.782709301487,9889476
2016-01-22,1393.316162109375,1398.8234005647892,1385.305865090095,1391.3136181887758,8706471
2016-01-25,1401.82666015625,1421.602378497236,1394.817517148523,1398.8227243905349,12026436
2016-01-26,1417.3470458984375,1426.358854419619,1384.3039906611205,1387.3079268348476,9881831
2016-01-27,1437.8739013671875,1440.3772018381733,1417.9399562759963,1424.3562486954488,9764939
2016-01-28,1416.3458251953125,1437.8738936545149,1391.813820454409,1433.868685724529,10640734
2016-01-29,1440.8778076171875,1440.8778076171875,1413.341986039154,1426.8596395673244,13336170
2016-02-01,1436.3720703125,1459.402170875339,1421.3526294292162,1451.8923897652658,10013845
2016-02-02,1427.8607177734375,1440.8776123420917,1421.8528456113895,1428.8619893548332,8776173
2016-02-03,1432.867431640625,1466.4111243009704,1407.834669431877,1417.3471142177275,13565023
2016-02-04,1414.343505859375,1456.3982564519993,1412.3408409088383,1451.3917760809543,10112779
2016-02-05,1402.8275146484375,1423.854937421313,1400.3243367017535,1410.8379267514028,9831327
2016-02-08,1364.278076171875,1412.0993563261068,1362.1381794480344,1407.3342154699792,11077302
2016-02-09,1362.2752685546875,1379.7980053170434,1316.1109734063434,1370.7863190585076,11851326
2016-02-10,1360.773681640625,1371.788035829947,1315.977202020577,1368.7840989897925,10374161
2016-02-11,1347.2559814453125,1369.2846890868125,1339.245564364197,1354.7657626259663,11255819
2016-02-12,1365.279296875,1366.781325711181,1344.2518638632478,1359.271545540819,10197661
2016-02-15,1412.8414306640625,1421.6028013614311,1390.3120877249487,1398.3225045917188,9565584
2016-02-16,1419.349609375,1421.8529097782978,1403.3287780023168,1419.8503665251335,7289007
2016-02-17,1425.8585205078125,1428.862335980691,1415.344802342138,1422.8545836980677,10165461
2016-02-18,1382.3184814453125,1393.3370818935755,1369.7975321631272,1392.836258488165,9576880
2016-02-19,1385.82421875,1439.4140120674913,1375.807388441369,1381.8175109030046,7070296
2016-02-22,1393.838134765625,1407.8618005586156,1394.339079679439,1399.8482599080012,5178648
2016-02-23,1380.3155517578125,1391.8348572663583,1377.1302363748844,1383.3206143648983,5970335
2016-02-24,1362.786376953125,1385.8249902446128,1357.2770747325264,1385.8249902446128,8983486
2016-02-25,1409.3638916015625,1410.3655383947616,1377.8109251750298,1379.313516747135,9124715
2016-02-26,1412.8701171875,1427.8953082349951,1404.355874629209,1425.8920141659082,6920888
2016-02-29,1401.8509521484375,1416.375312596898,1390.8324759938218,1409.8643672822895,12325329
2016-03-01,1417.3775634765625,1420.88332758267,1394.3388353887735,1404.35566841032,7842993
2016-03-02,1398.3460693359375,1421.8856297054847,1388.1779901286163,1406.8603138406868,12472360
2016-03-03,1372.3016357421875,1396.842708489958,1367.293280797852,1393.3369449965307,10900345
2016-03-04,1372.3016357421875,1379.814228849839,1365.7906893469435,1375.3065758794107,7685811
2016-03-07,1377.3106689453125,1382.3190263560214,1364.2888911245268,1369.2972485352357,5579921
2016-03-08,1402.352783203125,1402.352783203125,1371.80157053175,1371.80157053175,9588337
2016-03-09,1405.357421875,1413.871663828729,1396.3422350572334,1399.3472973298224,8137865
2016-03-10,1388.328857421875,1423.888539492538,1388.1896318885697,1413.8717054167132,8891015
2016-03-11,1400.3486328125,1411.2849343411149,1394.338510125117,1402.8527494470015,6151262
2016-03-14,1412.3692626953125,1421.8852734617856,1399.34736600249,1405.858314348901,7031825
2016-03-15,1418.379150390625,1425.8918665187875,1407.0101178552482,1414.873386132735,7996846
2016-03-16,1414.3729248046875,1420.3829293107722,1396.157317666782,1416.3762191792644,7623942
2016-03-17,1401.8509521484375,1439.413911452292,1386.3249451538145,1421.8846113653444,11733511
2016-03-18,1387.3275146484375,1406.4845638086624,1381.317388608549,1402.8535319720663,15004009
2016-03-21,1386.8258056640625,1400.348642495324,1374.805681588472,1385.3233356729725,5580147
2016-03-22,1399.3475341796875,1438.9921013692003,1367.794557050422,1382.318926007685,16234145
2016-03-23,1398.845947265625,1403.8543015797068,1394.3384162447232,1400.3485385274466,7288334
2016-03-24,1391.834716796875,1400.8499037082847,1386.8262391630935,1394.3389556137658,4817194
2016-03-29,1394.3387451171875,1399.3471006125535,1381.8177956876175,1393.3370982945764,6802651
2016-03-30,1414.3729248046875,1422.386223685349,1408.8636225098926,1409.865269697181,11401394
2016-03-31,1414.3729248046875,1416.8770427729085,1405.432871649311,1413.3711562350447,8496805
2016-04-01,1416.8765869140625,1419.3808254589364,1388.3286802023706,1403.854692139496,9148682
2016-04-04,1429.8984375,1431.9018527205176,1409.364068746885,1416.876663404763,6880060
2016-04-05,1421.3846435546875,1430.3998328126554,1407.3612181240042,1420.3829963201445,8018462
2016-04-06,1463.9559326171875,1465.4584032894045,1421.750198656462,1426.8937755457162,9533879
2016-04-07,1476.9775390625,1486.4935497036995,1463.9557639234354,1471.4683591835235,8321809
2016-04-08,1473.972412109375,1485.992538732602,1465.0824926555038,1478.4799444202956,7804702
2016-04-11,1467.96240234375,1476.7752447126716,1459.4481604958405,1471.4682880544765,5346425
2016-04-12,1481.485107421875,1481.9860523158984,1457.9456740784794,1470.4667474000453,6000906
2016-04-13,1491.501953125,1534.6703668548157,1481.3279285439469,1489.498659063036,8714151
2016-04-14,1504.5238037109375,1507.3635433580491,1486.9943742970622,1495.0079144450706,10593965
2016-04-15,1508.53076171875,1513.5392403095077,1501.4078025635267,1507.0282909709338,8183091
2016-04-18,1512.5367431640625,1517.0442746185583,1499.514972141931,1500.5166188246424,6166310
2016-04-19,1503.5220947265625,1516.0430458589522,1496.51032325008,1512.5371601207107,7534895
2016-04-20,1498.0126953125,1504.523520972103,1480.3059296397576,1504.0226975661571,7676925
2016-04-21,1506.0262451171875,1508.530483951458,1478.980926959916,1498.513649996705,8473400
2016-04-22,1487.4951171875,1506.0393018883742,1478.9808753831594,1502.0196048138912,6171657
2016-04-25,1476.9775390625,1494.6071088869553,1476.4768369451365,1488.997788584506,5207568
2016-04-26,1460.9503173828125,1484.4897439727224,1450.933485875866,1478.4797421743942,7424155
2016-04-27,1491.0010986328125,1502.5205247791218,1444.9238795769068,1453.4381219280344,12238083
2016-04-28,1491.501953125,1491.501953125,1467.9625196029112,1487.4952436187366,7478275
2016-04-29,1461.451416015625,1484.9909684215163,1461.0127403023748,1482.4867297275307,9113572
2016-05-03,1473.972412109375,1482.4866532947046,1455.9421614833766,1477.979120983784,8209413
2016-05-04,1453.4376220703125,1480.9838764351591,1441.2792435056415,1473.9721070107362,8415352
2016-05-05,1451.9354248046875,1460.950489253892,1445.4244774900876,1454.4395419392922,5401782
2016-05-06,1442.419677734375,1462.4533467466083,1435.9087292362824,1458.446515838293,6542607
2016-05-09,1467.4613037109375,1469.4647186195546,1447.928584917859,1452.9369401159477,6787130
2016-05-10,1477.4783935546875,1483.4886398240967,1462.4533241016677,1472.4700370703476,7815031
2016-05-11,1477.4783935546875,1480.9844008907598,1468.9641511166094,1475.4750995138852,5806163
2016-05-12,1443.65234375,1474.2084365420965,1441.6484864167844,1459.6817455946891,5294414
2016-05-13,1455.67431640625,1457.177148749342,1434.635756218768,1442.6504573760712,6698012
2016-05-16,1452.6685791015625,1452.6685791015625,1435.6372517890356,1450.1639400080858,5189802
2016-05-17,1446.6575927734375,1482.3291869669135,1445.6557856282263,1461.68518555856,4911621
2016-05-18,1440.1456298828125,1451.000645118062,1435.802725415832,1442.6502691934174,8691983
2016-05-19,1410.0909423828125,1443.6527082467303,1410.0909423828125,1440.6471642915665,7961254
2016-05-20,1438.642822265625,1449.5829393843858,1422.6133017195473,1422.6133017195473,8452734
2016-05-23,1440.6463623046875,1450.1637712290897,1431.6297354586202,1441.1472657847385,5690266
2016-05-24,1447.15869140625,1454.672488811584,1434.1348325578235,1440.1457976410377,6937821
2016-05-25,1456.6761474609375,1457.67795468801,1447.3470301118846,1448.6613254391127,5639246
2016-05-26,1459.681396484375,1461.3243260133086,1450.163865539292,1450.163865539292,5121629
2016-05-27,1455.173095703125,1460.683155562878,1447.1582755590084,1459.6813485705084,5067054
2016-05-31,1447.6593017578125,1462.0206396244937,1442.31434823228,1458.6794214872211,9946794
2016-06-01,1450.1639404296875,1457.6777363105718,1438.4724682117487,1444.1528551642882,7059584
2016-06-02,1447.15869140625,1455.1735138534602,1437.6412794404296,1449.1624273684913,6936919
2016-06-03,1461.6851806640625,1476.7128948006025,1448.1604200437837,1457.1769271239696,7604040
2016-06-06,1473.2064208984375,1483.9762125650452,1461.685273827548,1462.6872024350027,5909998
2016-06-07,1464.6904296875,1478.7162124669978,1458.1784417682024,1473.2060314886037,8091862
2016-06-08,1452.6685791015625,1462.1861105353896,1445.655686761212,1460.6832785186116,6472927
2016-06-09,1443.15087890625,1453.1693127068747,1434.6352769466628,1453.1693127068747,6891079
2016-06-10,1416.10107421875,1437.6406497196624,1406.7588490771586,1437.139624897247,9462091
2016-06-13,1418.605712890625,1432.8067995514748,1410.591014668973,1410.591014668973,8440744
2016-06-14,1396.065185546875,1418.60646029526,1392.5185540644495,1415.100134202448,9886274
2016-06-15,1401.07373046875,1420.609574293982,1398.0681880183167,1399.570898542672,7885806
2016-06-16,1401.5748291015625,1407.91151430506,1384.9442475884823,1394.561936208137,7281436
2016-06-17,1390.053466796875,1414.0976867130198,1388.0498526215397,1407.5858192414482,11642984
2016-06-20,1419.60791015625,1433.633695402102,1403.0774857159995,1408.0867641047955,9664671
2016-06-21,1419.10693359375,1426.9463288251416,1406.5838596677274,1413.0958483971208,9804572
2016-06-22,1422.112548828125,1436.138212667089,1411.593088495866,1425.1179701782162,7330029
2016-06-23,1431.6300048828125,1447.6595262696865,1418.1051227692678,1429.6262691838012,6534358
2016-06-24,1484.727783203125,1502.7610439305538,1365.5088235853095,1400.072269808473,30596844
2016-06-27,1490.738525390625,1512.7790104251078,1465.191594036941,1467.6962332368662,17567654
2016-06-28,1516.786376953125,1524.800954755564,1489.736615386907,1519.2908945783477,13707588
2016-06-29,1562.3695068359375,1562.3695068359375,1505.3969059813196,1529.3087905885557,14179710
2016-06-30,1607.452880859375,1607.9348457306894,1541.3314281739008,1562.8710088610717,14660444
2016-07-01,1602.9442138671875,1623.982764181275,1583.9091557995523,1618.973730060896,13425535
2016-07-04,1603.9461669921875,1619.4746597885608,1601.4416497035534,1604.9480953093516,6984581
2016-07-05,1648.02734375,1654.883020643554,1595.4307741820626,1599.4381237699806,13168422
2016-07-06,1655.0404052734375,1669.5670945421018,1636.005462432159,1656.0423338242597,13329316
2016-07-07,1661.051025390625,1677.5814457258357,1654.539037943369,1663.054639127193,7810895
2016-07-08,1655.5413818359375,1665.5298317428503,1613.1736299263434,1661.0515642023015,8719589
2016-07-11,1665.5599365234375,1693.3881319197724,1651.033245580366,1664.5581292588815,8347456
2016-07-12,1642.0164794921875,1666.060578475554,1629.21296704012,1664.5578678147438,9038555
2016-07-13,1649.0294189453125,1659.5486366736234,1627.990740685216,1637.5082726795656,9948176
2016-07-14,1631.4969482421875,1675.0770090866474,1628.9923093678344,1669.0659243488876,13079760
2016-07-15,1653.0369873046875,1657.0443377787085,1630.4955953626618,1636.005656738783,10481841
2016-07-18,1655.0404052734375,1662.5542016950403,1643.0183552792205,1653.0367909752706,6948340
2016-07-19,1657.5445556640625,1665.559253296315,1644.6458675179265,1651.5334717390213,4777467
2016-07-20,1670.0679931640625,1680.5203186438066,1657.0441360593843,1668.064378871837,5307742
2016-07-21,1641.0145263671875,1666.561578431613,1637.8287021169492,1661.0513966211631,9991904
2016-07-22,1662.5535888671875,1667.1871273263546,1637.1319527184714,1641.5149180809915,5058084
2016-07-25,1660.04931640625,1676.078835424751,1653.2869977503535,1670.5687755196284,4477852
2016-07-26,1670.0679931640625,1681.8397127378385,1662.929935145403,1671.570703883231,8988191
2016-07-27,1699.62255859375,1717.1546709287898,1661.5525479936136,1678.5837567078522,10493383
2016-07-28,1702.6278076171875,1719.65913600565,1696.1158184037984,1706.6352789806097,9207792
2016-07-29,1691.1063232421875,1711.143190446886,1690.6054197723272,1705.132106005134,9492572
2016-08-01,1703.6297607421875,1708.513752722705,1683.0919856656749,1690.6057821274742,7247843
2016-08-02,1693.1104736328125,1719.089234534698,1688.1013159451977,1708.138189499161,7595661
2016-08-03,1675.578125,1698.1195135216697,1663.0550504423602,1695.6148743297947,7762816
2016-08-04,1702.1268310546875,1708.63869812264,1651.032851724573,1676.5797806887683,9309060
2016-08-05,1697.6182861328125,1710.8165946220815,1680.086057937535,1709.640333437412,8020616
2016-08-08,1681.0877685546875,1694.1117434398238,1667.0619868019885,1693.1098151705562,9306643
2016-08-09,1688.1011962890625,1692.0404400574334,1672.572699296572,1684.0938461426697,8260666
2016-08-10,1700.6241455078125,1713.3824965735505,1682.0901069306326,1687.099263891423,9215546
2016-08-11,1695.3494873046875,1704.868220045081,1683.826740534494,1690.8406075108903,8345513
2016-08-12,1694.3472900390625,1719.8977669776132,1686.3314779443378,1692.3433977246734,5104621
2016-08-15,1715.3892822265625,1717.8941481954275,1692.9358239542237,1699.8586275451498,5047194
2016-08-16,1692.84423828125,1718.2724447148526,1690.3392516657789,1710.3787803338237,5818244
2016-08-17,1683.826904296875,1706.371426877054,1681.3219168706505,1698.3556128154723,6591298
2016-08-18,1677.814453125,1690.395237934664,1673.2754628384616,1688.8361021170615,6497894
2016-08-19,1671.8028564453125,1683.3257243394712,1668.2960444653847,1678.3158715209754,6156750
2016-08-22,1667.294189453125,1681.8228980405584,1654.769495099889,1674.8090303487895,5176367
2016-08-23,1665.289794921875,1676.3115663428036,1663.2857812914435,1673.3056066064453,4557604
2016-08-24,1661.7830810546875,1679.498053923433,1655.3954916600408,1664.2880680680878,4210926
2016-08-25,1656.2720947265625,1659.778906219252,1632.1413656891996,1644.7493498519786,9028080
2016-08-26,1652.7650146484375,1657.774988111394,1642.244337497105,1657.774988111394,6602096
2016-08-30,1647.7554931640625,1656.27227914607,1642.7455190652145,1648.2563448716323,7118884
2016-08-31,1642.2445068359375,1653.767252719169,1633.2266265238914,1644.2483992928858,7846694
2016-09-01,1602.6663818359375,1651.7633281267258,1600.161394710757,1650.2602872841776,8268907
2016-09-02,1658.2764892578125,1664.7893839825615,1604.1695599899724,1605.6724796563212,13025419
2016-09-05,1647.7554931640625,1665.2900382542427,1643.3466625328942,1655.2702114751428,4407785
2016-09-06,1634.7296142578125,1696.3512480075758,1629.1866128353015,1653.7671990742444,5329240
2016-09-07,1635.73193359375,1636.7338800182852,1621.203224763525,1628.7180657847714,6480678
2016-09-08,1627.716064453125,1647.7557207795362,1624.710103862302,1634.228837411527,7605451
2016-09-09,1602.6663818359375,1627.214794272032,1597.6565290041754,1624.2088340055348,7766921
2016-09-12,1595.151611328125,1603.167424775374,1584.630810646634,1587.1356764622712,7130599
2016-09-13,1600.1614990234375,1631.0134814796018,1599.1595526754893,1603.6684326598638,9963116
2016-09-14,1616.6939697265625,1625.210755198373,1586.634491189972,1589.139478089335,8536075
2016-09-15,1627.21484375,1629.0414652156144,1610.1812707529166,1621.7040176093562,7071315
2016-09-16,1619.1986083984375,1641.7429999699168,1616.192649049386,1628.2163650270293,13241716
2016-09-19,1648.75732421875,1649.258418765402,1627.7158457474225,1630.7218059343538,7962309
2016-09-20,1648.2559814453125,1659.2277275961087,1625.8367711903672,1632.2243592684645,8638776
2016-09-21,1632.7257080078125,1659.7029775511437,1630.7218154838542,1658.2761876184588,6687818
2016-09-22,1652.2647705078125,1656.3727268476591,1632.2251121249808,1642.7459145631738,5799314
2016-09-23,1656.2720947265625,1658.1046653885376,1646.7532421335156,1652.7650403967084,4608312
2016-09-26,1636.7333984375,1652.264170541213,1636.7333984375,1651.2621029929023,5350129
2016-09-27,1640.741943359375,1657.2745453893829,1630.2210200041056,1648.2566631214174,5088969
2016-09-28,1658.2764892578125,1674.3081180400084,1648.2566605596303,1649.258728422482,6230361
2016-09-29,1650.76123046875,1667.7949228045056,1645.250405001016,1657.274123545826,5931989
2016-09-30,1646.25244140625,1648.2563338975706,1629.0684319164816,1648.2563338975706,9263336
2016-10-03,1668.2958984375,1677.7035320928414,1639.2384875127354,1655.7710853596734,9301480
2016-10-04,1699.3575439453125,1711.8822372317543,1672.30402189032,1676.3119285987257,19350605
2016-10-05,1692.343505859375,1696.3512907442364,1682.3236793914457,1694.3473983018057,6955569
2016-10-06,1683.826904296875,1697.8546396139502,1677.8151044599956,1697.8546396139502,6452865
2016-10-07,1712.3829345703125,1719.5772285517976,1688.3353767747435,1693.345228998636,8869497
2016-10-10,1725.909912109375,1730.4187918240575,1708.8762181200634,1719.397018400056,6175423
2016-10-11,1722.403076171875,1749.0175491456084,1717.3931016110153,1725.4090366246694,7455815
2016-10-12,1703.365478515625,1727.4130422921564,1700.3595178662315,1716.8922407285872,6347300
2016-10-13,1703.365478515625,1713.3853068740643,1686.8328770718842,1711.8823872586752,10788648
2016-10-14,1694.3472900390625,1709.3769680713176,1691.806241907971,1704.3671158667607,8916654
2016-10-17,1668.2958984375,1693.3452817559762,1667.9621187377215,1683.82655009216,10501251
2016-10-18,1670.2999267578125,1680.8208483073186,1660.2800997638149,1670.2999267578125,7999789
2016-10-19,1668.2958984375,1673.306843584774,1659.7789915473732,1670.2997908220557,5740065
2016-10-20,1668.796875,1676.3117142948702,1652.765128797312,1670.8008888073068,8804053
2016-10-21,1661.7830810546875,1669.7988937952553,1652.264348957236,1663.7870949491266,13326816
2016-10-24,1644.2481689453125,1673.305576849068,1643.9196102789986,1671.3016846728508,9158228
2016-10-25,1632.7257080078125,1654.769254282935,1631.222788614844,1652.7652403403797,12992793
2016-10-26,1629.7198486328125,1663.2861432532068,1595.4020942694417,1639.2387029663294,13830412
2016-10-27,1633.7276611328125,1651.763301017186,1619.6999277317889,1629.7197546494624,11145766
2016-10-28,1630.721435546875,1649.5936450914453,1626.2125569998825,1645.750990230661,18152910
2016-10-31,1621.703857421875,1637.735603940891,1607.1751516426434,1626.71370991111,10824211
2016-11-01,1607.1749267578125,1620.200711393211,1599.980633401953,1609.679913361214,8921648
2016-11-02,1609.679931640625,1627.2144738078337,1602.165093163657,1605.6719044622382,11757062
2016-11-03,1557.30517578125,1609.9067062080292,1556.0524374509694,1591.8784949791816,11399261
2016-11-04,1531.7503662109375,1557.805637879082,1521.042469129566,1535.2576921973532,12175909
2016-11-07,1552.2940673828125,1572.1001030373611,1544.277078444616,1551.2918526882302,8440771
2016-11-08,1560.31103515625,1566.8247621754706,1547.28333824501,1551.291710911362,8998957
2016-11-09,1602.9014892578125,1619.9375605223356,1570.8334118239875,1574.340859690756,22382092
2016-11-10,1576.8463134765625,1623.4452319414777,1559.128739957532,1618.9355690888203,14057774
2016-11-11,1537.7633056640625,1579.8525603953535,1532.682527439615,1578.3494204335427,11888709
2016-11-14,1540.7696533203125,1558.306771342515,1536.2601121556436,1548.7866423767043,7631398
2016-11-15,1537.7633056640625,1570.2723200716148,1533.75481099615,1549.2877430138635,8564480
2016-11-16,1529.24560546875,1541.7721388770233,1524.9965443269946,1539.2667836207916,7546058
2016-11-17,1526.73974609375,1527.2407926922656,1506.6971535347045,1526.73974609375,10763319
2016-11-18,1525.738037109375,1538.2645695359183,1519.7252335402316,1533.2539808525878,6623400
2016-11-21,1518.722900390625,1531.2494308401044,1511.7080044792638,1530.2473375488855,8429037
2016-11-22,1506.6973876953125,1541.7718694064768,1504.5628997091717,1519.7250870270084,9558602
2016-11-23,1508.20068359375,1526.6999442052509,1501.0554858077878,1521.7294299106975,10446485
2016-11-24,1526.238525390625,1539.0186124141778,1509.2023358024685,1512.7097830283717,6197498
2016-11-25,1543.776123046875,1551.292066391368,1523.2326012422598,1523.2326012422598,7391339
2016-11-28,1530.7484130859375,1547.2835598852066,1527.2409650640573,1537.262262474632,5917299
2016-11-29,1511.20703125,1542.6237260964217,1507.5692818449952,1525.236702317887,8715748
2016-11-30,1498.6802978515625,1523.7333565851577,1498.230254538878,1510.204734013753,16974647
2016-12-01,1471.622802734375,1491.4598035174831,1461.7869398152452,1476.633390169634,11543225
2016-12-02,1470.1199951171875,1474.6295369715187,1454.5869398289317,1465.1092851133253,6494537
2016-12-05,1462.1029052734375,1487.1560913582873,1460.8502884719464,1462.1029052734375,7310157
2016-12-06,1463.105224609375,1466.1115051475867,1449.5764764416567,1460.5998693910906,7074526
2016-12-07,1465.6103515625,1474.629556829047,1456.5912677323854,1466.1113982823474,12168995
2016-12-08,1463.105224609375,1473.1264026096303,1459.9133891890178,1468.6168603658712,10436644
2016-12-09,1481.142822265625,1485.6523624001968,1466.1108194230785,1469.1172199915875,16652004
2016-12-12,1474.1279296875,1485.6523640156636,1467.6140820213775,1484.1492244479666,9670343
2016-12-13,1503.6905517578125,1507.699166883576,1474.629002868928,1479.6395896215522,8372529
2016-12-14,1493.168701171875,1503.15781794261,1488.343425151486,1499.181382475449,8015650
2016-12-15,1518.722900390625,1526.739889593205,1491.1643633907902,1503.1899686310744,9865761
2016-12-16,1529.24560546875,1550.891530003095,1521.1284293070366,1524.234894956286,13168317
2016-12-19,1536.2607421875,1539.267023239236,1516.2181398904893,1533.254339699302,5928195
2016-12-20,1540.2685546875,1559.970397527344,1530.7483046066611,1537.7632001532986,9254915
2016-12-21,1531.249267578125,1540.453903931652,1526.6996527995705,1533.2535753832776,4479200
2016-12-22,1547.7843017578125,1548.2483102144324,1527.7417108833563,1529.2449719889566,4901211
2016-12-23,1552.2940673828125,1552.2940673828125,1541.7717238627756,1542.2727704918616,1932958
2016-12-28,1554.7996826171875,1563.8187663255496,1544.0968827971187,1552.29432761534,5314946
2016-12-29,1565.82275390625,1566.8248471271704,1544.7780676484865,1546.281207479867,5446369
2016-12-30,1565.322021484375,1565.322021484375,1555.300843613492,1559.309339049133,4172217
2017-01-03,1565.322021484375,1577.363658837769,1555.300843613492,1566.8252831705151,7839839
2017-01-04,1574.842041015625,1576.3723828013603,1558.8080616455754,1567.827144682123,6126197
2017-01-05,1586.8670654296875,1587.8692799270389,1571.8353052060545,1574.841584388949,6129225
2017-01-06,1586.8670654296875,1593.881959729215,1580.353339097029,1584.8628793077578,4682540
2017-01-09,1599.3944091796875,1605.9081383417692,1585.3646144863928,1592.8805585811665,6376280
2017-01-10,1597.389404296875,1623.4447953309375,1593.8819571527808,1607.9117457291572,5329696
2017-01-11,1584.8634033203125,1608.9143733539008,1582.3580484031536,1594.884701552521,7007100
2017-01-12,1569.3302001953125,1582.8588229747097,1565.3215844424478,1582.8588229747097,12038599
2017-01-13,1588.8719482421875,1589.0152432300758,1574.3411078517313,1583.3603129749956,7657553
2017-01-16,1583.8612060546875,1603.9036797682454,1582.8589912916957,1594.884596956249,6025497
2017-01-17,1554.7996826171875,1584.8634568936354,1553.2964210415066,1577.3475133245236,8401537
2017-01-18,1563.818603515625,1570.3324529804102,1555.8016140680822,1565.8229115957197,9750164
2017-01-19,1556.3021240234375,1570.3319114365408,1552.2936306820332,1564.8202786307509,7670012
2017-01-20,1549.78955078125,1561.734892616633,1545.781054144734,1553.2970005177608,6273548
2017-01-23,1530.2470703125,1542.7735985743952,1525.236361858627,1540.2683657838522,7637162
2017-01-24,1526.73974609375,1544.7780308223296,1520.4163097200444,1543.2748910267826,7457485
2017-01-25,1525.2366943359375,1538.765561535914,1522.2304143319643,1534.2558986571153,7338987
2017-01-26,1532.2518310546875,1536.2604478953526,1524.7360084286468,1532.2518310546875,9264577
2017-01-27,1523.2325439453125,1532.2516270448773,1519.2240490747922,1532.2516270448773,10315006
2017-01-30,1536.7603759765625,1538.2636366754318,1514.713726277959,1518.221051223814,7264878
2017-01-31,1531.249267578125,1546.7821976815526,1529.9364186425598,1544.2769647206137,9626241
2017-02-01,1538.2640380859375,1573.9858884642003,1536.2598518795985,1545.2789326809066,6965906
2017-02-02,1540.7696533203125,1551.2918755590692,1521.7292739522788,1527.2409083898938,7052598
2017-02-03,1550.791015625,1557.805911703672,1546.7823994916869,1550.791015625,5902815
2017-02-06,1559.308837890625,1566.8247795963996,1548.2854486263957,1553.79708254031,6329087
2017-02-07,1565.82275390625,1579.351376697893,1563.818446028003,1567.8269403480908,8971114
2017-02-08,1565.82275390625,1576.345097035132,1520.7269802915555,1559.3089050974556,14133272
2017-02-09,1580.353759765625,1592.8802906712376,1559.0765205232851,1566.323967432031,9667907
2017-02-10,1594.383544921875,1599.3942547923398,1577.347471384291,1589.3729564878374,9981168
2017-02-13,1583.3603515625,1591.8783887450368,1578.349641448651,1588.871986964014,8803720
2017-02-14,1580.353759765625,1594.7402108611532,1565.8229207681768,1573.338863598828,10764980
2017-02-15,1597.8909912109375,1599.5043954616867,1585.3643389392396,1597.8909912109375,8291302
2017-02-16,1620.439453125,1629.7090628512658,1604.405346520688,1608.9148896695865,11109459
2017-02-17,1642.9866943359375,1643.1179671076002,1614.426062358766,1625.4494535221986,13935711
2017-02-20,1639.9798583984375,1645.491613238236,1633.4660104737263,1638.4767187710684,7623200
2017-02-21,1648.9991455078125,1653.007639785759,1638.4769239259556,1639.9800637415335,8489272
2017-02-22,1657.015869140625,1658.5190086057223,1638.7811043208176,1653.508422285688,7823127
2017-02-23,1636.2545166015625,1655.2981878824603,1627.6247248898767,1634.2498620921697,5941839
2017-02-24,1643.2701416015625,1662.8149403936322,1622.7229551210846,1635.2517688385271,6208674
2017-02-27,1648.28173828125,1653.922583071184,1638.759844583675,1649.785137648427,5700797
2017-02-28,1651.78955078125,1657.8033907301506,1643.2700454014443,1653.7942045833383,9605313
2017-03-01,1670.332275390625,1670.4997651157214,1645.7760225842287,1655.2977952373608,10185005
2017-03-02,1679.3526611328125,1679.3526611328125,1661.311384841014,1663.3159171146092,9050708
2017-03-03,1691.8819580078125,1696.9435734879353,1673.339421882077,1674.842821517652,7583859
2017-03-06,1688.3736572265625,1692.3828437926802,1679.352896359765,1683.8633375218524,5063089
2017-03-07,1678.8524169921875,1691.8822470990929,1668.8293866702031,1685.868526071835,8126677
2017-03-08,1675.34326171875,1681.8582336927614,1649.2834952800492,1674.3411171669684,9502389
2017-03-09,1675.34326171875,1678.851435665382,1663.3157052371985,1669.3295442066467,7131898
2017-03-10,1676.3463134765625,1682.8612880322846,1670.5831601829568,1678.8521009497,6280192
2017-03-13,1681.357421875,1685.366486387745,1668.828609443235,1675.8447152552574,5076237
2017-03-14,1692.383056640625,1696.392243710971,1684.990066614121,1687.87273636866,6308465
2017-03-15,1686.369140625,1695.389902226835,1683.8634747278684,1690.879582154611,6277885
2017-03-16,1694.3876953125,1697.394615951937,1682.8612674091498,1689.376120427641,9470750
2017-03-17,1691.380859375,1696.5577380288355,1674.091155925435,1686.369284239168,18339377
2017-03-20,1692.383056640625,1693.3854445012555,1680.3554954295878,1685.8682035621837,4997819
2017-03-21,1684.364501953125,1692.8841298396103,1676.8472618198246,1692.8841298396103,8040291
2017-03-22,1674.342041015625,1690.6192775149532,1673.339652996068,1678.8523620026904,9754406
2017-03-23,1678.8524169921875,1680.355816884648,1666.8247320228402,1674.8431076974612,6212230
2017-03-24,1674.342041015625,1681.3581498654653,1666.0729775056916,1681.3581498654653,6922461
2017-03-27,1680.8563232421875,1681.0246631576624,1662.8149239748152,1669.329897326966,6898067
2017-03-28,1680.8563232421875,1701.90464263035,1673.1717154123853,1676.847136900257,7353973
2017-03-29,1682.35986328125,1693.3852784654032,1669.3300369445444,1688.874837178293,9370070
2017-03-30,1682.8609619140625,1695.8907870430903,1677.2461091852913,1689.8770683132964,9560187
2017-03-31,1663.3160400390625,1701.2670954574792,1663.3160400390625,1684.3643592115136,12016827
2017-04-03,1660.810302734375,1676.3460367544017,1657.302370891403,1664.8196106125174,12827158
2017-04-04,1664.820068359375,1669.8315223989068,1651.4542880879253,1666.8246013922253,7567708
2017-04-05,1666.8238525390625,1673.3388248836598,1652.7917632410822,1670.8330382609645,6799226
2017-04-06,1637.2564697265625,1668.959154684271,1633.2472829326164,1658.3047914878173,13801748
2017-04-07,1640.7645263671875,1651.2886872671456,1634.2495522685394,1641.2657809925624,8781899
2017-04-10,1641.7666015625,1653.7942820235066,1641.2655899102233,1648.7827080122972,6394563
2017-04-11,1648.78271484375,1656.2999544343406,1638.7598096945433,1643.7712622691467,10035309
2017-04-12,1649.2838134765625,1655.7987867075085,1642.2677071443695,1647.7804141728218,5954434
2017-04-13,1650.7872314453125,1650.7872314453125,1634.750486194616,1643.2701133842468,7985998
2017-04-18,1590.1483154296875,1652.7921452754088,1590.1483154296875,1651.28862437132,12560852
2017-04-19,1577.619873046875,1591.1509560471077,1575.1140854467656,1583.633714704178,10383833
2017-04-20,1566.0931396484375,1598.1195062309907,1565.952734922442,1575.6149120525497,9323094
2017-04-21,1569.1002197265625,1579.981101270091,1562.0841122628576,1572.608152001027,10425152
2017-04-24,1588.6451416015625,1595.1601163773155,1577.6198463877483,1589.64740804171,8368929
2017-04-25,1602.677490234375,1605.6844112610745,1583.63381900849,1587.1417518393307,8602556
2017-04-26,1569.601318359375,1609.6933080734664,1566.5943978757757,1593.656560770784,17256238
2017-04-27,1562.084228515625,1570.603736159564,1546.6988556857225,1569.6014697208411,9957769
2017-04-28,1553.5643310546875,1561.5827040941874,1547.4754298880937,1559.5781715630003,10538275
2017-05-02,1575.6148681640625,1575.6148681640625,1561.5826550568936,1568.097628493418,10322283
2017-05-03,1573.109375,1579.624349653612,1565.5921339250308,1576.61755038954,6702683
2017-05-04,1592.15283203125,1595.1597521224594,1571.8562125086148,1579.1228854551332,10367868
2017-05-05,1591.6517333984375,1594.1575206294924,1583.132226853184,1592.1529880105534,6669382
2017-05-08,1594.1573486328125,1607.0760401304613,1583.6333106040786,1584.6354553480437,8356077
2017-05-09,1603.678955078125,1606.6858746016646,1588.6444789177733,1590.6491324192484,7384667
2017-05-10,1628.737060546875,1628.9004207383657,1605.684204736276,1607.1876043275531,11912748
2017-05-11,1631.47900390625,1639.9997445453157,1615.439812645981,1633.9850326383428,16040451
2017-05-12,1669.0712890625,1669.0712890625,1639.4990454198344,1654.0346250094622,12515717
2017-05-15,1662.55517578125,1664.0587934218763,1649.5233369957894,1664.0587934218763,8563062
2017-05-16,1671.5770263671875,1693.2468286003796,1656.0390387477162,1662.5549572841082,8977857
2017-05-17,1664.0587158203125,1684.5718349250812,1657.5429182064463,1664.56004315215,10631665
2017-05-18,1642.0047607421875,1665.5622839206485,1633.4840191005044,1665.061078115254,11164003
2017-05-19,1651.5281982421875,1655.758565157639,1643.5086616155031,1655.036760700737,9149682
2017-05-22,1646.014892578125,1659.547815742016,1645.5136866989076,1658.545403983581,6996222
2017-05-23,1633.484130859375,1663.5776178900785,1630.4767743462637,1641.0024614046545,10145670
2017-05-24,1637.4940185546875,1645.5136769999176,1632.9830441933125,1634.987867698365,8279314
2017-05-25,1621.9561767578125,1644.0099645205885,1617.3489941167836,1639.4988686111506,6261347
2017-05-26,1647.5184326171875,1653.5330243595142,1630.476826151425,1630.476826151425,9194714
2017-05-30,1677.09033203125,1678.5940708777357,1634.4863821389265,1644.0096565833824,14246649
2017-05-31,1707.6654052734375,1716.186148791248,1677.591957053193,1682.6041376857258,27391982
2017-06-01,1707.6654052734375,1726.711837447081,1702.1518972501372,1707.1640778826695,12187566
2017-06-02,1710.1712646484375,1726.7116655971497,1703.6553454421266,1718.1908014523567,9894626
2017-06-05,1695.1343994140625,1712.1760041842329,1690.1222198816545,1707.1637031768355,6568038
2017-06-06,1705.1593017578125,1707.6654528814558,1693.631200949084,1695.6360246679833,8767857
2017-06-07,1692.628662109375,1707.1641199241951,1684.2833283090597,1698.1421702684538,8972895
2017-06-08,1685.110107421875,1706.662688330238,1684.2680427020132,1692.1272324373888,7855988
2017-06-09,1702.1513671875,1728.214917015315,1688.6183257764308,1710.1709022922155,9800136
2017-06-12,1699.6456298828125,1702.652986646533,1687.6163243029378,1693.1298319489267,5519470
2017-06-13,1688.117431640625,1707.6651887262055,1685.6112809046529,1706.6626555468165,7923003
2017-06-14,1688.6185302734375,1702.1515733234005,1679.0301446652768,1684.107556415114,9821792
2017-06-15,1688.117431640625,1693.6309389647631,1672.0783584704054,1689.1198433450136,7868196
2017-06-16,1689.1197509765625,1698.1418202476953,1680.0978031804236,1689.1197509765625,19823400
2017-06-19,1699.6456298828125,1702.652986646533,1687.8067971148903,1702.1517807650807,289653
2017-06-20,1697.1396484375,1713.6800515518,1697.1396484375,1703.655568496922,977976
2017-06-21,1687.1151123046875,1701.1492413594888,1681.6017261536954,1695.1346493288618,793663
2017-06-22,1726.2105712890625,1728.716600780364,1690.623737762463,1695.635918220078,2619138
2017-06-23,1712.6773681640625,1725.7090847418615,1712.334444237673,1724.2054671857695,746344
2017-06-26,1713.35693359375,1723.5118794130508,1708.1663067188776,1714.181020013575,2026242
2017-06-27,1704.1846923828125,1712.6774962021354,1693.8215378410862,1706.6627825781122,765339
2017-06-28,1667.567138671875,1695.1343068065714,1667.256284191307,1698.1416629517162,835358
2017-06-29,1650.526123046875,1672.7001742798195,1642.5064633101172,1667.066405527319,981715
2017-06-30,1639.4990234375,1652.5308635620809,1631.1708175547528,1644.010119772944,684794
2017-07-03,1633.9854736328125,1640.5013930447778,1624.963403337397,1639.4988598063933,6500986
2017-07-04,1632.482177734375,1638.4968924500945,1624.9637236022097,1627.9710809600697,3611243
2017-07-05,1629.4744873046875,1639.3635246575882,1602.9347492958382,1613.936619185958,9764872
2017-07-06,1611.9312744140625,1632.481439166262,1604.6034179217845,1632.481439166262,7481768
2017-07-07,1618.4476318359375,1626.4671690239584,1608.2326767982531,1612.4330396824269,6896963
2017-07-10,1619.950439453125,1631.4785327162294,1616.4417572915936,1623.9602057413813,5394817
2017-07-11,1606.9195556640625,1621.4298672576697,1603.9121988054096,1620.9538066877678,6797250
2017-07-12,1631.97998046875,1640.5007199112222,1614.9383801088477,1618.9481469920674,9361761
2017-07-13,1621.9561767578125,1635.4892215361094,1617.445202323383,1633.4842765235803,8662392
2017-07-14,1612.432861328125,1624.2616105607997,1607.420560033775,1623.9609599451358,5805346
2017-07-17,1604.91455078125,1620.9537462712449,1602.9097272668798,1610.929264274374,6210854
2017-07-18,1603.9117431640625,1612.93381117702,1593.6969123524457,1603.9117431640625,7322300
2017-07-19,1614.4376220703125,1624.4621027953433,1602.4083180852704,1612.934004625304,6787953
2017-07-20,1628.973388671875,1634.010714585152,1613.4353980551784,1614.9391372632535,7305932
2017-07-21,1618.9486083984375,1635.9902136152605,1618.4474025795591,1631.980445589242,6231271
2017-07-24,1599.4010009765625,1621.8006255372716,1589.376520005487,1618.9486356164143,12881842
2017-07-25,1589.878173828125,1610.4283473882017,1582.6104443343208,1604.9148387842672,8125188
2017-07-26,1549.2789306640625,1609.9269091835677,1543.7655443304773,1589.8779444841402,13491840
2017-07-27,1534.7431640625,1545.7700559794582,1520.7089159000104,1543.765232799095,13780587
2017-07-28,1522.212890625,1548.7776522058923,1517.2005889474692,1548.7776522058923,11062218
2017-07-31,1518.202880859375,1537.7506372038065,1517.0802089470258,1533.2395417550938,12320882
2017-08-01,1520.207763671875,1531.2346559773832,1511.6870219051157,1520.207763671875,7096277
2017-08-02,1520.709228515625,1525.7214089718852,1514.6946362631154,1519.7068167193754,5630132
2017-08-03,1531.7357177734375,1541.760197510922,1515.696647373446,1520.2076207390712,6613882
2017-08-04,1537.750732421875,1540.2567617430052,1525.7213057804368,1531.736019101156,6044741
2017-08-07,1530.2322998046875,1541.760520730849,1527.2250645804768,1536.2471346781242,4988909
2017-08-08,1537.750732421875,1540.2567617430052,1526.7238389838924,1532.2373464403854,5274135
2017-08-09,1512.1884765625,1529.7312902705935,1511.1859432970296,1528.7287570051235,9634567
2017-08-10,1487.3597412109375,1520.946877677244,1486.2317909595251,1503.9027280789962,8451210
2017-08-11,1478.8372802734375,1498.3880904818946,1468.0192138890138,1479.8399700363657,8410850
2017-08-14,1484.351806640625,1487.8609174492265,1474.516260973266,1484.351806640625,6415268
2017-08-15,1498.38818359375,1506.409094725738,1486.8582833023672,1486.8582833023672,5051720
2017-08-16,1507.9129638671875,1532.8917621556511,1500.8947424829678,1502.398594996451,6349369
2017-08-17,1509.9185791015625,1516.435518380083,1506.219086166608,1506.910751627321,5918992
2017-08-18,1493.8765869140625,1504.9052036474377,1488.865567391418,1504.9052036474377,8142049
2017-08-21,1483.349365234375,1492.0619427313925,1479.8402541254063,1485.354502157216,5243100
2017-08-22,1507.9129638671875,1508.9155322095096,1486.3570155433677,1486.3570155433677,6744630
2017-08-23,1520.9466552734375,1529.9701344712626,1507.9129028685488,1510.9207292678238,7534200
2017-08-24,1526.962646484375,1536.4874119440049,1519.9444238286487,1519.9444238286487,7846744
2017-08-25,1523.4534912109375,1534.4821091383749,1522.2001590981372,1530.4715921702152,4918901
2017-08-29,1502.3983154296875,1509.4165355079544,1489.3645649228774,1498.889205390554,7963947
2017-08-30,1520.9466552734375,1527.9648763737534,1505.9076447710397,1509.9180394720806,7846149
2017-08-31,1537.48974609375,1539.495125982446,1524.3357127016968,1526.461250151881,7359027
2017-09-01,1536.487548828125,1547.0147622555687,1533.479600000262,1535.986143027471,5927427
2017-09-04,1519.4432373046875,1532.4771149305832,1514.4301513744142,1532.4771149305832,3451085
2017-09-05,1517.4375,1526.460978931877,1513.427105417157,1519.944042174517,6629230
2017-09-06,1509.9185791015625,1518.9419400302672,1497.8873906986155,1511.422432091673,8659317
2017-09-07,1514.4300537109375,1516.4353122525329,1503.9028412230757,1510.4196581217511,6476185
2017-09-08,1497.8868408203125,1507.4114825825325,1492.8737563722193,1501.3959513363873,8068964
2017-09-11,1501.8973388671875,1509.918128743485,1493.3752648103691,1502.8999072282286,8715692
2017-09-12,1500.3936767578125,1515.432812769931,1499.391229682351,1508.4145897956123,7996214
2017-09-13,1494.8792724609375,1501.8974947044069,1476.8324326197312,1494.3779882284036,12420281
2017-09-14,1484.351806640625,1500.8947923080275,1478.3361533990264,1494.8791390664292,10900537
2017-09-15,1457.78271484375,1487.5800832885586,1456.780025097544,1484.3516239857677,20235954
2017-09-18,1460.7908935546875,1467.3077102605644,1455.025881725411,1462.2947462958896,5893644
2017-09-19,1455.77783203125,1465.3025973641347,1447.757040958296,1458.2843748017992,11905520
2017-09-20,1457.78271484375,1467.8087618480106,1448.2579519656067,1453.77232034084,8111840
2017-09-21,1471.8194580078125,1485.5008969345472,1459.2868663103754,1461.292124719804,7058539
2017-09-22,1477.8350830078125,1486.8584419398046,1461.292096307168,1466.3050599922756,6419625
2017-09-25,1483.8507080078125,1484.3519922583,1467.3979903148834,1472.8220900150814,5934430
2017-09-26,1485.85595703125,1493.3744923913905,1476.3313125659022,1485.85595703125,8670245
2017-09-27,1489.8658447265625,1493.710764059383,1485.3540450506491,1489.3645606501186,8646416
2017-09-28,1485.85595703125,1497.1353394936002,1485.85595703125,1495.8820072788888,8464831
2017-09-29,1492.3726806640625,1501.89440790074,1486.3571485777354,1486.3571485777354,8186019
2017-10-02,1524.455810546875,1529.4688951907292,1493.8765044940849,1498.388183478369,8308333
2017-10-03,1523.9542236328125,1532.977579808802,1518.4348746666212,1522.951655500804,6715588
2017-10-04,1514.93115234375,1524.4557943768789,1514.912077788936,1520.9466837609946,7626931
2017-10-05,1527.4637451171875,1527.4637451171875,1512.424733109432,1513.9285857126115,6750313
2017-10-06,1532.4771728515625,1535.48487873059,1524.472296568985,1532.978335670717,5254873
2017-10-09,1526.962646484375,1536.9886962059848,1523.619009990447,1531.9756105981776,6047056
2017-10-10,1519.4432373046875,1530.4717347656592,1516.9366943395507,1524.9574860351734,7114165
2017-10-11,1520.9466552734375,1523.4531975218297,1514.9311239688648,1519.4428028207883,14354687
2017-10-12,1531.4742431640625,1535.9859227708623,1520.4456255174414,1523.453452419974,7921942
2017-10-13,1519.94384765625,1527.3329887062432,1518.9411580183803,1520.9464158001613,7263425
2017-10-16,1522.9522705078125,1526.4613818808675,1517.9393063294506,1525.959976118426,8323256
2017-10-17,1519.94384765625,1527.763198812592,1514.7603079252783,1520.4451317282058,7117811
2017-10-18,1537.48974609375,1542.0015471083277,1519.9443122365983,1522.4508548564752,7097475
2017-10-19,1539.9959716796875,1541.4999455395937,1528.466072392269,1532.4765883560383,8784174
2017-10-20,1527.4637451171875,1548.5184105256412,1521.4480917164894,1547.014436428472,8348759
2017-10-23,1523.4534912109375,1533.7903222975176,1520.7764923961408,1529.970429416696,5596379
2017-10-24,1516.4351806640625,1527.9650821692182,1505.9078475957044,1523.4534027096345,8041048
2017-10-25,1432.7178955078125,1535.9858444325794,1426.200957800368,1515.933868595048,22286296
2017-10-26,1383.59033203125,1437.22956443437,1370.5565782051212,1414.671046220924,29481784
2017-10-27,1370.055419921875,1388.4682003836826,1354.5151221457188,1374.0658154288185,18871510
2017-10-30,1376.070556640625,1388.1017397009657,1361.5329530431093,1367.0471997188613,9650678
2017-10-31,1361.0322265625,1382.588059483653,1350.5047700173063,1373.0634145521235,11379537
2017-11-01,1355.016357421875,1374.567173245308,1354.0139103589918,1358.5255903590116,16781656
2017-11-02,1362.0347900390625,1369.554419855673,1339.4763865653406,1347.4971792435588,13859831
2017-11-03,1364.5416259765625,1369.5536201496925,1354.0144092623027,1362.0350821667585,6995749
2017-11-06,1364.039306640625,1388.0274366337171,1353.511855862925,1353.511855862925,6488486
2017-11-07,1346.493896484375,1366.545990849588,1341.4809336400583,1366.545990849588,9565238
2017-11-08,1366.0447998046875,1372.0603313290053,1346.0228345805133,1348.4992464129648,12370711
2017-11-09,1350.237060546875,1368.7885182651828,1348.8833830310764,1353.2454083259258,11831212
2017-11-10,1321.657958984375,1364.7772021241915,1319.1509824417594,1352.7439334466867,8249565
2017-11-13,1322.66064453125,1349.735528278571,1319.6522971115426,1326.1703629350716,9105182
2017-11-14,1314.6383056640625,1328.6762067472428,1314.6383056640625,1322.660605719553,6522455
2017-11-15,1311.128662109375,1329.178502424075,1311.128662109375,1313.6355168669638,9258981
2017-11-16,1321.657958984375,1324.1648140119628,1310.6273108028772,1316.6440058991436,16865123
2017-11-17,1311.6300048828125,1321.492284796032,1303.6077052858282,1316.643835805292,6394411
2017-11-20,1317.1453857421875,1320.6551043193872,1311.6301831294618,1313.1342961561063,5698709
2017-11-21,1306.6158447265625,1315.1393916015654,1297.590805522164,1313.6351576433417,11090671
2017-11-22,1306.1148681640625,1319.6523715589449,1299.0954309604222,1306.6163606914909,11622735
2017-11-23,1309.1229248046875,1311.1285299235717,1296.5882877354193,1301.1007473591555,7426501
2017-11-24,1301.100830078125,1315.1397022578444,1295.0841358539567,1313.635467944297,5930237
2017-11-27,1324.1644287109375,1330.1811220564864,1304.610357610393,1306.6159625639068,12920934
2017-11-28,1340.2093505859375,1347.2287879908497,1317.1454327490694,1317.1454327490694,13277555
2017-11-29,1311.128662109375,1331.1842292601762,1310.1257986913245,1331.1842292601762,13500330
2017-11-30,1283.0509033203125,1308.6216721860867,1281.0454195351613,1305.1119540470584,17047836
2017-12-01,1293.579833984375,1308.6214458312872,1286.5603989204835,1292.0755998906882,12890702
2017-12-04,1294.08154296875,1306.6163037929905,1294.08154296875,1303.1064638289815,7651750
2017-12-05,1282.549560546875,1302.605127929016,1281.5466971172566,1294.58282806715,11007456
2017-12-06,1281.5465087890625,1295.5855011054905,1273.5244531361009,1276.0313075542144,8201972
2017-12-07,1279.03955078125,1292.5771724037802,1278.538301405601,1284.554873608392,13819790
2017-12-08,1291.0731201171875,1294.5828383612193,1276.5329976947894,1282.0481997839724,8940606
2017-12-11,1306.6158447265625,1311.128303571271,1290.070000275989,1290.070000275989,10818773
2017-12-12,1318.14794921875,1319.1506910082544,1309.1229085682085,1312.1312554517222,12121968
2017-12-13,1322.903564453125,1326.842474675044,1313.6358549110817,1314.6385970721576,13994499
2017-12-14,1294.08154296875,1319.1509431022066,1294.08154296875,1319.1509431022066,31393975
2017-12-15,1298.5941162109375,1304.109440616339,1291.5746787031728,1296.0871395252973,15820229
2017-12-18,1307.618896484375,1318.1481731227036,1300.0982102706091,1303.6078071300233,9211138
2017-12-19,1313.6357421875,1319.6524376677532,1307.1177971847674,1309.6247738873788,9226503
2017-12-20,1313.6357421875,1321.1566722953344,1307.6190467072468,1311.1288869999244,9581295
2017-12-21,1323.6632080078125,1324.6659498408242,1307.6187311045926,1310.1257072021283,8608507
2017-12-22,1305.6134033203125,1320.153647695019,1304.1092903912138,1316.643929345434,4018219
2017-12-27,1314.13720703125,1320.1537808696069,1309.1232537317471,1310.627366812578,5579357
2017-12-28,1313.6357421875,1317.1454609651416,1307.6190467072468,1313.1343711499849,4006371
2017-12-29,1326.1707763671875,1326.1707763671875,1303.6082244430454,1303.6082244430454,3729357
2018-01-02,1325.4683837890625,1326.6717470718802,1315.4405994622962,1326.6717470718802,8242323
2018-01-03,1346.9276123046875,1353.9470481229023,1339.9081764864725,1351.7409431947492,9407654
2018-01-04,1343.317626953125,1355.150271991694,1339.7076592115272,1353.7464091494066,11053203
2018-01-05,1364.7774658203125,1364.7774658203125,1341.7136660200547,1346.727498559008,10555810
2018-01-08,1357.15625,1384.8328794811457,1355.1506443064225,1370.3928830324996,11274454
2018-01-09,1350.53759765625,1365.1780902761998,1346.7270085435205,1363.1726065963474,10847955
2018-01-10,1334.6939697265625,1350.7383279638807,1323.863942855853,1345.523996597272,16466766
2018-01-11,1334.2928466796875,1345.7243718813152,1331.4849991874314,1339.7077988565138,10680169
2018-01-12,1356.7550048828125,1362.1699574881045,1340.1089044498483,1346.5267205678076,14582849
2018-01-15,1356.7550048828125,1359.3622312886996,1344.3206152639818,1354.3483997854692,7458054
2018-01-16,1358.7601318359375,1364.5762034948627,1352.9439386620286,1360.3646156790826,11690354
2018-01-17,1362.97216796875,1374.00269423114,1361.5683049017227,1369.3899839373332,12194984
2018-01-18,1356.955322265625,1365.779863809702,1344.9221768814557,1363.9747583355654,15483056
2018-01-19,1361.7684326171875,1367.183383133735,1355.1499977436565,1355.1499977436565,10038591
2018-01-22,1358.960693359375,1368.1862328470352,1355.751847042142,1359.9634350494498,7558886
2018-01-23,1368.1861572265625,1379.4173009886094,1354.347909517415,1355.1500299161478,9090134
2018-01-24,1350.738037109375,1368.5874972441427,1344.119844049351,1361.969182669117,13103160
2018-01-25,1338.7047119140625,1353.3453247488997,1334.0920026480155,1346.5263892069213,9493935
2018-01-26,1358.7601318359375,1362.1694777301452,1338.7045698565594,1342.314536988652,10784017
2018-01-29,1352.743896484375,1361.3676962706909,1347.9305648418867,1358.7605914162416,8096830
2018-01-30,1344.721435546875,1359.361927194399,1340.5097256749166,1345.7241773201988,9726123
2018-01-31,1324.0645751953125,1344.5211442697805,1322.058969641429,1336.29846528643,11096370
2018-02-01,1313.234130859375,1322.4596704450998,1309.6242850397318,1317.0447194431497,10357697
2018-02-02,1314.4373779296875,1319.4513290213115,1299.1951464533206,1300.5990090135826,9505290
2018-02-05,1283.95361328125,1300.399214989247,1279.741902193461,1299.5969727329982,15936069
2018-02-06,1246.2490234375,1266.505088755724,1239.8312084342483,1253.4689589905283,18454737
2018-02-07,1288.967529296875,1298.3936941508998,1246.4499020890698,1263.497125845145,21171634
2018-02-08,1307.41845703125,1335.496205322425,1288.566251135317,1290.3713568673454,22747491
2018-02-09,1294.5826416015625,1304.008803089175,1285.7582223880522,1294.1816421054928,14443134
2018-02-12,1296.1873779296875,1312.0312356481734,1295.184514449324,1310.025630202469,16801977
2018-02-13,1294.5826416015625,1299.7970932304547,1287.96432719143,1295.3848836236996,8324285
2018-02-14,1294.3822021484375,1299.9977755771658,1281.346192760158,1296.9895498441124,14777881
2018-02-15,1304.009033203125,1312.6328326754135,1290.5717807486003,1297.1900963266446,8990582
2018-02-16,1322.25927734375,1325.8692449695072,1306.415422528482,1312.6326159983971,10386343
2018-02-19,1312.2315673828125,1328.275922833619,1307.4182364445692,1327.674302034466,4826256
2018-02-20,1328.677001953125,1335.6964369781824,1314.6380103880183,1315.6408736165922,8189285
2018-02-21,1328.2762451171875,1332.8890774132738,1317.045217879607,1321.4574288506274,6791420
2018-02-22,1306.8974609375,1310.90929194041,1299.2746417166895,1308.1009616219042,7195104
2018-02-23,1299.877197265625,1304.8921101980093,1296.2663286897737,1303.4879443002403,6297591
2018-02-26,1304.89208984375,1310.9099609604946,1297.269388273882,1303.889010039931,6500551
2018-02-27,1307.7001953125,1314.31993747431,1299.2750799739429,1308.903817944069,7842528
2018-02-28,1311.1104736328125,1326.5565395602284,1298.2721961189673,1300.077569398944,10969924
2018-03-01,1308.3021240234375,1317.5296548490835,1304.490712962447,1306.8979583297732,11514420
2018-03-02,1293.858642578125,1305.2927509159513,1292.454355749016,1296.265765708686,8251743
2018-03-05,1312.71533203125,1312.915875048336,1293.6585191354968,1294.862020320459,6425476
2018-03-06,1320.53857421875,1337.990555184461,1320.53857421875,1324.3498635175315,9398885
2018-03-07,1324.95166015625,1329.9666937846168,1305.2930978183472,1310.3080099054985,9008372
2018-03-08,1350.8291015625,1354.0386409659586,1323.547712780014,1326.15550152696,9782526
2018-03-09,1339.9964599609375,1350.8286977877206,1334.9814270045092,1348.0203668417842,8557183
2018-03-12,1342.002685546875,1350.8290094605177,1336.1853577931065,1340.9996057994324,6060744
2018-03-13,1320.3377685546875,1342.8047805728747,1314.3197776697664,1340.196992625489,11627526
2018-03-14,1312.91552734375,1327.7597175372234,1311.3108190083742,1319.9364757419405,8298034
2018-03-15,1315.1224365234375,1324.149302983475,1309.9069812027606,1315.323101078783,11460190
2018-03-16,1327.3592529296875,1330.5687926439748,1311.913183531793,1314.5209725312911,15792162
2018-03-19,1305.694091796875,1328.161103323257,1303.6880543654142,1326.9574808643806,5383354
2018-03-20,1301.281005859375,1312.915659007672,1299.8768403471602,1310.909621460792,5935597
2018-03-21,1300.077392578125,1304.089346159218,1290.8498628792504,1304.089346159218,6674289
2018-03-22,1277.6104736328125,1292.2542450539831,1273.5985197564353,1291.652251429526,10580464
2018-03-23,1319.535400390625,1353.2358588432282,1305.2929592042512,1334.9814641049352,23057804
2018-03-26,1292.0538330078125,1330.568670672394,1285.433968045731,1324.9518855313397,10980645
2018-03-27,1355.04150390625,1388.3407585479924,1318.9337963873957,1323.9487084989858,21665555
2018-03-28,1401.5802001953125,1401.5802001953125,1346.8168900372164,1355.0414623274244,19582328
2018-03-29,1398.1702880859375,1410.607481382472,1389.7451710406965,1398.571495711067,15730452
2018-04-03,1382.1219482421875,1396.9662601525613,1373.8973773392197,1381.9212837346463,10511389
2018-04-04,1399.5743408203125,1402.7840015617835,1378.5116106811622,1399.3737977945846,12556219
2018-04-05,1424.2479248046875,1424.2479248046875,1405.1911112815944,1414.2180997133078,10092830
2018-04-06,1426.8555908203125,1434.0769615561728,1418.831561962099,1422.041222121867,10600725
2018-04-09,1425.652099609375,1436.6851260538683,1416.42468963685,1427.0563869489763,6370400
2018-04-10,1449.7237548828125,1449.7237548828125,1427.658069547305,1431.4693588452403,11430222
2018-04-11,1441.49951171875,1444.3078433468888,1431.4695649106086,1444.1071787784626,11862506
2018-04-12,1433.876220703125,1448.319202039993,1433.876220703125,1437.2863015514529,10660444
2018-04-13,1424.2479248046875,1441.0982789023071,1422.8437590151923,1441.0982789023071,7442998
2018-04-16,1412.8135986328125,1431.0679926465411,1406.3944002798148,1428.660747686218,8476269
2018-04-17,1416.825439453125,1419.2326842221833,1403.585957846869,1415.4212741084352,7119895
2018-04-18,1425.8525390625,1431.469322910449,1411.6100972199372,1420.235755214551,11550718
2018-04-19,1411.6102294921875,1428.2599180616592,1408.4006905102765,1428.0592535083538,7421527
2018-04-20,1434.27783203125,1439.2928659803808,1418.430679652368,1423.2449275008746,9710817
2018-04-23,1449.32275390625,1450.1250474878402,1430.667027695217,1437.2867701465595,7825597
2018-04-24,1466.5738525390625,1471.9900930393492,1446.3134206463303,1449.3225376785344,10374275
2018-04-25,1416.424560546875,1479.2117804901034,1399.9755369741972,1470.7866649264774,18266224
2018-04-26,1441.0980224609375,1441.0980224609375,1405.5920687470616,1405.792733276268,11785936
2018-04-27,1469.582763671875,1471.7893440331204,1443.304342305591,1447.5169600594202,11323954
2018-04-30,1465.771484375,1482.2205049353192,1462.561824526201,1479.41205256762,9765239
2018-05-01,1472.1910400390625,1481.8197796362497,1460.7570485012902,1474.3976211325332,4556818
2018-05-02,1464.3671875,1479.4119197552504,1463.7653155617854,1477.0049181671247,7460463
2018-05-03,1456.9454345703125,1471.789627974438,1456.143019458475,1467.9782169638186,10132462
2018-05-04,1473.594970703125,1474.196842795153,1452.9334504776818,1466.9753500205293,9137450
2018-05-08,1475.8013916015625,1477.606886140881,1463.3643235962195,1477.606886140881,10166909
2018-05-09,1483.0230712890625,1483.2236142794875,1459.954307247456,1475.8014574332542,8692605
2018-05-10,1481.6546630859375,1483.8615958383398,1466.4068303751235,1473.6294751791297,6966445
2018-05-11,1471.02099609375,1482.4569292709698,1462.995809686019,1474.6323178211708,7910864
2018-05-14,1481.052734375,1491.2848544665642,1478.444530215892,1484.6640565766584,7695549
2018-05-15,1474.6324462890625,1480.6513973995136,1471.422395758431,1475.2342927758712,9041826
2018-05-16,1482.8582763671875,1485.867630253116,1467.008477701382,1468.011717223945,9453199
2018-05-17,1495.0968017578125,1496.3007379461749,1477.8427332295623,1483.4602917045831,7761518
2018-05-18,1492.889404296875,1502.5197967602955,1486.268729806793,1491.6857116044398,9993051
2018-05-21,1501.5169677734375,1505.529561486104,1492.4886623100865,1499.7113066807674,5868324
2018-05-22,1513.9564208984375,1520.7777949984163,1498.9090397531836,1499.7115829556797,9997984
2018-05-23,1512.3514404296875,1524.589799662852,1505.7306408862537,1505.7306408862537,12419383
2018-05-24,1498.908935546875,1515.1600088054563,1498.908935546875,1504.7273125801598,8847254
2018-05-25,1504.7269287109375,1506.933739460476,1493.0902991735854,1500.7142140011065,9501523
2018-05-29,1502.3197021484375,1509.5424689995332,1488.6768331637136,1498.5076829336754,14048095
2018-05-30,1530.006591796875,1530.006591796875,1504.7272137005946,1504.7272137005946,10726246
2018-05-31,1528.8026123046875,1538.8341567763396,1520.9781218837525,1534.4202917960831,24666265
2018-06-01,1527.5987548828125,1539.8372315008098,1525.993668913047,1538.6335385840712,6426817
2018-06-04,1531.611328125,1543.448654655628,1525.7930739019164,1537.8309753958372,6988124
2018-06-05,1524.7896728515625,1534.620518560433,1514.356859243415,1534.0186722217172,9932359
2018-06-06,1520.777587890625,1524.5894852424285,1506.3321768948074,1520.9782844442263,10051701
2018-06-07,1524.5894775390625,1536.6273807550538,1514.3573570539509,1524.9908706442368,10129908
2018-06-08,1532.815185546875,1543.4486979140206,1516.76481185258,1516.76481185258,8073687
2018-06-11,1540.8408203125,1547.461619620134,1533.61817436258,1539.6371270279285,7411971
2018-06-12,1547.06005859375,1553.2795846341207,1540.037989536443,1549.8688375924366,8619246
2018-06-13,1550.069580078125,1554.6841421438965,1535.8248654501854,1545.455139572957,6824808
2018-06-14,1585.1796875,1595.010656680269,1550.8718867530392,1550.8718867530392,18019562
2018-06-15,1560.903564453125,1589.1924168212497,1560.3017179459334,1580.7659579175909,16035961
2018-06-18,1557.693115234375,1561.5050114055334,1542.043894445732,1553.680401011212,9490266
2018-06-19,1554.8848876953125,1561.3049901076477,1539.4363567173214,1548.8660568788252,14269456
2018-06-20,1554.8848876953125,1576.9542176638713,1554.6843126776969,1561.5056866858802,9644403
2018-06-21,1543.248046875,1568.1262727071996,1534.0190452605602,1564.514829115,12993115
2018-06-22,1550.8720703125,1553.4802745301954,1521.9813704896733,1539.6368319260116,10324302
2018-06-25,1505.730224609375,1548.063214977025,1504.5264100541156,1537.831095158804,13476120
2018-06-26,1509.7430419921875,1518.971923601876,1480.852217747611,1510.7461601566124,9824863
2018-06-27,1522.5831298828125,1526.3951484968145,1502.7207369036091,1509.9433810558312,9976793
2018-06-28,1512.150390625,1527.5989192845288,1506.9339822224529,1515.7618344456394,8280509
2018-06-29,1534.6207275390625,1547.059899904449,1524.7898804914655,1532.2132202957937,10123171
2018-07-02,1521.981201171875,1533.0157417814137,1520.777386691338,1525.9936729858266,9792000
2018-07-03,1547.8623046875,1560.903323333777,1528.0000358518382,1532.815050286766,12400383
2018-07-04,1550.8720703125,1553.2796995414185,1539.6368319260116,1543.649304186344,4210803
2018-07-05,1545.2542724609375,1549.6682590439052,1534.6208814125357,1548.2637479872114,6503176
2018-07-06,1552.677978515625,1553.881671666778,1538.4331416612954,1547.260873093,5814891
2018-07-09,1557.49267578125,1557.49267578125,1542.8466919116036,1554.8844718860355,5102363
2018-07-10,1568.52734375,1572.3393621252578,1554.2826313149903,1563.7122074298898,7677954
2018-07-11,1558.0948486328125,1567.7250009420572,1552.075775513409,1554.884676302464,6260194
2018-07-12,1581.568603515625,1583.775536265884,1561.304815651678,1566.5213458148216,8799001
2018-07-13,1580.9661865234375,1597.2172542630915,1579.9630687110275,1584.978900894214,8114124
2018-07-16,1552.677978515625,1586.3838179600928,1550.0696525265023,1586.3838179600928,10031839
2018-07-17,1565.9190673828125,1572.7405608375514,1555.085102334339,1560.903356330065,9010315
2018-07-18,1568.728271484375,1596.2145824606475,1567.9257283859754,1577.1547308963666,9080113
2018-07-19,1562.9097900390625,1570.1325558799133,1558.0947748926212,1566.3205371983363,10408119
2018-07-20,1554.683837890625,1566.52104245162,1542.84663332963,1566.1197709783169,9591865
2018-07-23,1569.5306396484375,1576.9538585797625,1555.0852301690852,1572.138722086645,10449982
2018-07-24,1561.7059326171875,1569.9316940568992,1553.2794746571565,1564.5147114170038,9578510
2018-07-25,1547.260498046875,1602.835077594689,1545.2541406802663,1566.7216174803705,19145509
2018-07-26,1541.0408935546875,1556.288722516963,1488.876941863258,1538.2319933854246,22026742
2018-07-27,1558.2955322265625,1561.706279784965,1532.414184592662,1535.423660581805,10048108
2018-07-30,1569.931884765625,1571.13569935203,1551.6745772278337,1551.6745772278337,10612137
2018-07-31,1586.5845947265625,1591.6001857109172,1568.1265877889382,1573.7441469399078,10996755
2018-08-01,1577.3551025390625,1592.4022355118543,1571.7374235680277,1586.5841031484138,9429280
2018-08-02,1538.8343505859375,1562.5087644837624,1535.4236031551009,1560.5024067125044,11555091
2018-08-03,1558.0948486328125,1559.9003882277332,1539.4361474247628,1546.8594885977932,12233197
2018-08-06,1583.3740234375,1584.3771413818693,1559.900188303053,1559.900188303053,7511557
2018-08-07,1608.8538818359375,1611.6626603331993,1577.7561356250842,1581.7687284328445,11111385
2018-08-08,1617.8822021484375,1617.8822021484375,1591.8002878455047,1604.6406092764607,8769148
2018-08-09,1594.6416015625,1604.273281017507,1579.7927522711689,1597.6515165894828,9109911
2018-08-10,1569.559326171875,1588.220752939861,1568.5559399906406,1587.217366758627,9977880
2018-08-13,1555.9144287109375,1566.1480435215494,1543.473558879278,1562.736919636915,8295972
2018-08-14,1565.1444091796875,1578.3879361772133,1559.7266358384247,1563.7398147851,7544234
2018-08-15,1595.64501953125,1596.24695396321,1566.7500999651547,1566.7500999651547,11006089
2018-08-16,1615.310302734375,1615.310302734375,1594.642339666189,1598.2541907390296,10727006
2018-08-17,1622.3328857421875,1622.7342159094244,1611.296610089078,1613.3031393469014,7286324
2018-08-20,1624.74072265625,1628.1519682413189,1613.1025127027144,1618.3196832261472,7927490
2018-08-21,1618.1192626953125,1630.359530990281,1616.1127330866575,1619.1226490780216,8369310
2018-08-22,1620.5274658203125,1627.3498376328262,1611.0963863185698,1611.297112253925,5538108
2018-08-23,1605.27685546875,1626.3460215692598,1603.2702045371764,1615.309866969886,9579261
2018-08-24,1608.2867431640625,1613.102583737891,1603.0695724108846,1606.681422446665,4516675
2018-08-28,1607.6844482421875,1621.3294291560187,1599.4574847337665,1617.7174580785274,5659955
2018-08-29,1605.27685546875,1613.3032160383125,1598.2537595757915,1607.8854408906127,7535622
2018-08-30,1596.04638671875,1597.651707345704,1586.2139802461927,1594.0397359350577,4975246
2018-08-31,1565.5465087890625,1598.655342557788,1565.3457828749813,1589.4249899696842,9092670
2018-09-03,1589.8265380859375,1592.635728640958,1568.9579701296673,1571.1652260167268,5750305
2018-09-04,1576.782958984375,1598.6547812364538,1568.1545440113623,1591.2303565900263,7547065
2018-09-05,1558.32275390625,1579.7932528504875,1550.8982053296709,1574.977411597018,6765616
2018-09-06,1530.4306640625,1557.5197808743744,1527.4208702641645,1550.095355366095,8708018
2018-09-07,1530.029541015625,1534.644777638845,1512.7729498871886,1531.6348618547229,9126977
2018-09-10,1515.1810302734375,1528.8258946582034,1507.355272410471,1527.2205735852694,8143793
2018-09-11,1499.1279296875,1515.381377266321,1490.7002386426243,1513.776056466013,8625881
2018-09-12,1507.3548583984375,1512.7727547423078,1491.3021383917223,1498.9271682370763,7308012
2018-09-13,1500.532470703125,1508.9601607624577,1494.913970137451,1507.3548401498776,4882919
2018-09-14,1489.0950927734375,1505.1479379272091,1482.2727217274132,1501.3354829461664,7963756
2018-09-17,1492.5062255859375,1496.5195277529715,1480.4666838199607,1484.2792600894554,6823927
2018-09-18,1491.703369140625,1502.1377102470765,1480.6670935774011,1487.890914950467,7014941
2018-09-19,1501.7366943359375,1510.7663209688571,1484.2793756528313,1503.3420153277386,8589652
2018-09-20,1490.7000732421875,1501.1344141297068,1483.2756477320954,1498.7264331964225,7452730
2018-09-21,1536.45068359375,1536.45068359375,1497.5227479374385,1497.7233522506322,19491094
2018-09-24,1527.8223876953125,1546.684422501028,1523.2072723422193,1531.4343598245289,6444807
2018-09-25,1540.2626953125,1542.4698282623035,1521.2000646747038,1529.6277527295365,6650281
2018-09-26,1543.674072265625,1550.295714838989,1530.0290922918111,1535.8483178377037,9244479
2018-09-27,1547.08544921875,1549.092100007968,1534.64457906067,1537.6543728769611,7495834
2018-09-28,1541.868408203125,1557.7205252446684,1541.6678038965388,1554.510005290716,7024543
2018-10-01,1537.052490234375,1544.0755858658094,1526.0162144676012,1544.0755858658094,8726014
2018-10-02,1543.674072265625,1546.6838655886677,1525.8153086925488,1529.0258278507968,4741788
2018-10-03,1559.32568359375,1563.7401936625135,1545.4800973736749,1550.6972677419144,7211930
2018-10-04,1535.447265625,1562.5363852065152,1528.8256213289671,1558.3226005110062,8348871
2018-10-05,1512.371826171875,1538.859017870886,1512.371826171875,1538.0563572772191,6184312
2018-10-08,1492.1051025390625,1515.7828572125372,1489.4965167700418,1511.568950484617,6028153
2018-10-09,1491.101806640625,1493.5097882251068,1470.8351754073233,1492.707127696946,6335381
2018-10-10,1488.492431640625,1504.946599010142,1485.0813085718155,1489.2950917432831,6960175
2018-10-11,1456.3870849609375,1487.8907081953998,1453.979225890081,1478.2590287552882,14604976
2018-10-12,1434.1138916015625,1466.6207783872142,1434.1138916015625,1459.7982883213751,12314772
2018-10-15,1468.4267578125,1471.6373989718277,1433.311403548358,1433.311403548358,9036066
2018-10-16,1490.9007568359375,1492.1047472684418,1467.8248206488647,1472.23933065636,10423686
2018-10-17,1499.328369140625,1504.5454175882046,1491.101283978329,1501.3350197576533,6555140
2018-10-18,1515.5819091796875,1534.6445441408937,1499.5290679662864,1501.736322995023,8474474
2018-10-19,1562.73681640625,1563.5394766478553,1520.9995780478837,1528.2233986439862,13336050
2018-10-22,1544.87841796875,1569.1582273550912,1544.87841796875,1564.1417820227769,9642532
2018-10-23,1548.489990234375,1561.5327943873294,1532.035940647332,1532.6378750740255,12275958
2018-10-24,1557.7203369140625,1567.3520171898035,1541.266287363711,1553.105101058525,10930326
2018-10-25,1537.2528076171875,1543.4732412529345,1503.341328985376,1532.0356383540889,11737716
2018-10-26,1514.3778076171875,1532.236450821894,1502.1375429254902,1527.0192808498036,10846437
2018-10-29,1536.25,1545.8818036010466,1517.588692067558,1519.19389135242,10439805
2018-10-30,1542.671142578125,1545.480332475276,1520.397984560378,1538.0560275216094,10216791
2018-10-31,1516.183837890625,1603.0694439808194,1501.9370431893792,1549.092058912281,21522710
2018-11-01,1517.18701171875,1536.8517014417298,1505.5488028812467,1507.956662042047,15532555
2018-11-02,1484.881591796875,1529.0267116582993,1481.0690145076037,1529.0267116582993,10415451
2018-11-05,1512.1707763671875,1517.3879471107828,1482.874524377041,1485.4829881704752,8753681
2018-11-06,1507.3548583984375,1521.6016534833152,1502.3382922125709,1517.7890777714597,6140701
2018-11-07,1536.45068359375,1538.0560044127874,1506.75309949016,1506.75309949016,8028061
2018-11-08,1565.345458984375,1571.3652899070648,1527.8221218105589,1529.2267166049571,12967457
2018-11-09,1575.5789794921875,1579.7928852002035,1558.3223912525916,1563.5395615279058,6503982
2018-11-12,1578.18798828125,1596.0466359421414,1572.1681565685303,1587.2176142719534,6889169
2018-11-13,1584.608642578125,1595.2437084338176,1577.7861520887504,1585.2106985497442,11420756
2018-11-14,1556.7174072265625,1579.391896503907,1554.510151754312,1579.391896503907,8419083
2018-11-15,1567.9915771484375,1584.0467358657493,1541.7011270721705,1548.1232635171916,10580071
2018-11-16,1567.3897705078125,1583.846445528285,1547.9228437708468,1567.1891356987878,8272825
2018-11-19,1574.0123291015625,1588.8633144986366,1563.9777940625252,1564.9812110873806,10002364
2018-11-20,1587.65966796875,1595.0851017642667,1572.0057747204671,1572.607800769686,8584947
2018-11-21,1581.6387939453125,1600.1023027348626,1578.4277859461708,1583.8463847441317,10040739
2018-11-22,1570.400146484375,1593.278837788391,1556.753209945082,1583.4450569987189,5578225
2018-11-23,1587.458740234375,1590.8705045377526,1564.379415681318,1569.998770722732,5792294
2018-11-26,1579.8323974609375,1597.4931216505397,1567.9916625434844,1587.458586107311,7355280
2018-11-27,1569.396240234375,1580.835582321989,1553.1404482542232,1572.6072473616723,12996565
2018-11-28,1591.2718505859375,1593.680076051459,1565.984814415326,1581.839340320275,9656538
2018-11-29,1603.112548828125,1612.7455720617847,1586.8566321262624,1594.2820647361343,10537749
2018-11-30,1627.1949462890625,1627.1949462890625,1602.5100634633836,1605.3198010447998,22865216
2018-12-03,1503.1693115234375,1654.489696601578,1490.5257896264604,1650.6765400683616,33832030
2018-12-04,1516.213623046875,1527.4522101424177,1504.774157986693,1510.1928775619017,16962388
2018-12-05,1463.8333740234375,1515.8121244478746,1462.2279311789348,1500.1582359354238,18409347
2018-12-06,1422.892822265625,1462.0274287467332,1413.6610683183028,1458.4150297231818,15112303
2018-12-07,1442.359619140625,1464.8369152414814,1426.7058508973169,1426.9064856710884,12912859
2018-12-10,1474.6707763671875,1481.0929134378184,1440.7542563527447,1450.9893055150878,27298335
2018-12-11,1485.10693359375,1500.158679088642,1481.494534130473,1483.1000990460886,25479529
2018-12-12,1484.30419921875,1501.1621449913798,1475.4738350905286,1490.726337492394,21845700
2018-12-13,1487.3140869140625,1505.7775916233463,1477.681065045448,1484.7051054923056,6707608
2018-12-14,1485.10693359375,1491.7297064753768,1468.2489883672197,1472.463413875423,8541857
2018-12-17,1472.6639404296875,1491.7294736409442,1465.4390210339668,1484.1031630789705,12008388
2018-12-18,1453.197021484375,1475.6743207751847,1453.197021484375,1472.6640691604068,9326533
2018-12-19,1508.185791015625,1573.2094475019371,1507.5837651580923,1523.237531825318,22006356
2018-12-20,1505.3760986328125,1530.4623725772112,1476.87818287278,1481.2932415990815,16910489
2018-12-21,1518.42138671875,1522.6358117615082,1491.5289069333717,1506.3798943752247,24130072
2018-12-24,1502.5665283203125,1511.3970115464106,1490.324524495608,1496.7466609518171,2806071
2018-12-27,1481.093017578125,1520.2275039147166,1471.8612632882016,1511.999288410567,7156584
2018-12-28,1512.2000732421875,1512.6013428478252,1496.7469375353824,1499.9579455584349,5714004
2018-12-31,1496.345458984375,1512.8021338724848,1493.937233311179,1503.1689879859944,2938220
2019-01-02,1505.577392578125,1516.2140785562651,1468.4498562561644,1475.4738993030608,5892256
2019-01-03,1512.2000732421875,1526.448913744679,1492.331755904867,1493.736564315149,6467863
2019-01-04,1523.840087890625,1525.646287544367,1495.7434326602338,1509.7917602754294,8038374
2019-01-07,1519.625244140625,1526.4486502111915,1506.1790667676723,1523.4383991075126,7530972
2019-01-08,1524.4420166015625,1533.0717447046802,1505.978508434258,1515.009627723347,7302826
2019-01-09,1542.3031005859375,1561.5693861508832,1533.071348885802,1535.2789390402515,9325242
2019-01-10,1541.300048828125,1541.300048828125,1520.0270443270508,1521.833122372713,7261265
2019-01-11,1530.462646484375,1554.3447514520678,1521.8329190370869,1542.3033815785636,10065173
2019-01-14,1495.9439697265625,1526.6494809349333,1489.9232240322929,1515.2101370739222,5759748
2019-01-15,1513.8055419921875,1516.815915263204,1484.906104506652,1501.5635356987702,8057613
2019-01-16,1489.5220947265625,1511.5980040238867,1481.2937570441577,1511.5980040238867,9487980
2019-01-17,1486.9132080078125,1494.137885109558,1472.2627326072115,1475.0723495240327,7541680
2019-01-18,1503.7708740234375,1509.390106815723,1485.3073678855033,1495.5424164138565,6802868
2019-01-21,1497.1480712890625,1508.788050314441,1490.9266906103078,1500.3590790207463,4673687
2019-01-22,1495.9439697265625,1506.379774907305,1485.106651796244,1501.964593823997,4915118
2019-01-23,1480.2904052734375,1509.18984504857,1480.2904052734375,1497.5497422515602,10488788
2019-01-24,1464.6363525390625,1484.9059375448574,1461.2245884424035,1481.09290388091,11112364
2019-01-25,1445.3699951171875,1471.259055203995,1445.3699951171875,1459.2176856366386,12577724
2019-01-28,1440.954833984375,1454.4011335439652,1434.7333319454494,1444.9686238955037,6344756
2019-01-29,1457.2109375,1476.276472430205,1447.5777918350743,1455.00334668499,8436003
2019-01-30,1485.9095458984375,1496.746864644133,1468.0480638465558,1468.2488202364482,7760967
2019-01-31,1482.297119140625,1482.8991451053596,1463.0308291070148,1480.8921892281744,11390467
2019-02-01,1488.51806640625,1493.5352722425962,1481.293148949616,1492.1304643361636,5676694
2019-02-04,1485.10693359375,1494.9407147097495,1477.8820130703382,1486.9132549222466,5688531
2019-02-05,1527.8541259765625,1527.8541259765625,1481.69534513253,1483.9029363555735,9450617
2019-02-06,1553.341552734375,1559.1616649640382,1481.8959785706363,1514.8090877477189,11731842
2019-02-07,1551.7357177734375,1579.83236813418,1546.1164849787544,1547.7219279500216,9988249
2019-02-08,1570.19921875,1581.4378058991997,1548.5247051361764,1554.7460854218311,9657545
2019-02-11,1555.348388671875,1576.420880130539,1546.91941640778,1571.8049419877889,10928939
2019-02-12,1552.1370849609375,1565.7840187886677,1548.7253211047976,1556.5522658582374,10086533
2019-02-13,1552.337890625,1560.3653488060388,1538.0888088426009,1556.3515589171025,10609678
2019-02-14,1571.4033203125,1583.0432980701114,1552.3377891866912,1554.1438668420178,10270719
2019-02-15,1586.4552001953125,1597.8946666616323,1572.4069949982886,1572.4069949982886,10142716
2019-02-18,1576.4207763671875,1585.2511392623255,1569.3966130099782,1581.0365926092618,4264339
2019-02-19,1576.0196533203125,1583.2445742980974,1571.4038362929175,1571.4038362929175,4793049
2019-02-20,1579.43115234375,1580.8359606983854,1557.3552450656357,1570.4000330407875,7221354
2019-02-21,1543.586669921875,1563.2579167914785,1537.1634900265385,1556.6338224949016,6488617
2019-02-22,1541.7799072265625,1544.1886905331598,1520.7036005787445,1527.5282433763664,8731335
2019-02-25,1539.9737548828125,1545.5941290121682,1527.1272723149266,1545.5941290121682,5832002
2019-02-26,1517.6932373046875,1531.342649510654,1506.051145255001,1531.342649510654,7476124
2019-02-27,1506.4521484375,1520.9044842847688,1497.2187217810958,1517.4921018724535,7467863
2019-02-28,1502.8389892578125,1518.8971809097716,1501.835511904341,1507.4557634445937,10125427
2019-03-01,1515.8861083984375,1517.090500014246,1508.4592091959137,1513.6781179122204,5126707
2019-03-04,1513.87939453125,1525.722278491489,1509.8647545287083,1518.0945841055634,4647069
2019-03-05,1521.5069580078125,1524.3170843735293,1510.467002115493,1520.704030012207,6859634
2019-03-06,1514.682373046875,1529.335383878672,1510.4670617130762,1520.9048828299815,5139594
2019-03-07,1514.8828125,1524.1162401634622,1504.8464569320824,1509.061646002141,5314803
2019-03-08,1517.8936767578125,1531.7437569455944,1510.4667763369584,1516.8899561038863,5195475
2019-03-11,1515.4853515625,1536.762338607384,1511.4708325890645,1521.707983671192,5706487
2019-03-12,1517.4923095703125,1524.919210464681,1490.5949537365648,1514.079926690947,7366971
2019-03-13,1511.87158203125,1523.5136693894497,1505.8497456079804,1511.2693254176047,28586217
2019-03-14,1514.2803955078125,1520.1015613896247,1498.0216544482282,1511.8717336682405,11352400
2019-03-15,1507.0545654296875,1524.7184942301712,1506.251637462593,1518.69677771476,18692976
2019-03-18,1518.0941162109375,1521.5064983519094,1506.0505647719888,1508.459226412232,5190603
2019-03-19,1508.6602783203125,1527.9300612279214,1508.6602783203125,1517.4922418831522,7514949
2019-03-20,1530.1378173828125,1538.1667302040987,1510.065109663558,1510.4665735474528,7821187
2019-03-21,1571.688232421875,1575.9034209311858,1525.5211002461951,1529.736288755506,10674298
2019-03-22,1560.648193359375,1575.7027858626118,1555.4294057929783,1560.648193359375,10076664
2019-03-25,1555.4295654296875,1560.0462184173207,1546.999065733962,1552.4186466200238,7665363
2019-03-26,1567.27294921875,1576.5063797664657,1552.8204856617992,1562.2547090577953,6263539
2019-03-27,1570.6849365234375,1580.5205006565598,1554.827655517686,1570.0828013218463,10242648
2019-03-28,1595.775634765625,1602.8009497248802,1571.4876134853862,1571.4876134853862,10013633
2019-03-29,1602.600341796875,1607.2169948978153,1577.3088420889658,1590.75745905161,11976047
2019-04-01,1587.746337890625,1614.8444827715048,1584.9362121540505,1605.8117272715865,8424841
2019-04-02,1606.8153076171875,1615.0451352059215,1586.3412566447626,1588.7500400643855,6840696
2019-04-03,1593.3668212890625,1597.9834741214495,1577.1079575587328,1595.7756049033476,10017419
2019-04-04,1593.56787109375,1595.9765336614712,1570.8858222402996,1582.1264502545205,7943298
2019-04-05,1599.7899169921875,1606.0124252405878,1592.5638097666588,1596.57832729405,7327590
2019-04-08,1593.9691162109375,1606.2134634307538,1589.954598070143,1592.7648459019265,7155185
2019-04-09,1587.9476318359375,1599.991188018094,1586.5425685241896,1591.1592224940632,7418716
2019-04-10,1583.3304443359375,1594.169727213225,1581.7245886151888,1585.73922791706,6411444
2019-04-11,1571.286865234375,1584.7356036663955,1565.8672842755511,1584.7356036663955,7881161
2019-04-12,1556.8345947265625,1580.721030283631,1545.995311570294,1569.8817471273628,9552381
2019-04-15,1555.6304931640625,1563.2581878382784,1543.1854735425316,1551.6159746286949,6851477
2019-04-16,1560.447509765625,1572.4911836721303,1551.8163398594288,1555.6300645267977,5590302
2019-04-17,1546.397216796875,1557.637844598411,1535.357138578728,1553.8239971845255,8234867
2019-04-18,1529.9375,1541.780384207434,1528.7332295930044,1532.3461624328972,6661346
2019-04-23,1562.8564453125,1565.0645579851384,1525.7221829928951,1529.5359083282444,9656075
2019-04-24,1545.9949951171875,1571.8887450766074,1544.7907251610177,1565.6662377005748,8498751
2019-04-25,1560.8492431640625,1560.8492431640625,1549.4078239487503,1552.0172789711128,6915283
2019-04-26,1567.071533203125,1574.6991044070992,1558.0388990956394,1569.48031671104,8005847
2019-04-29,1574.8997802734375,1578.9142975364268,1559.84531013251,1572.892460832508,7128248
2019-04-30,1579.1153564453125,1588.3487849032483,1563.0572834500667,1574.69937420973,9694835
2019-05-01,1565.4656982421875,1603.804344559232,1537.5646266444687,1580.921632422299,12535531
2019-05-02,1553.0206298828125,1590.7572644680374,1551.4147742429727,1590.7572644680374,7647186
2019-05-03,1557.8382568359375,1577.7101754111866,1551.4149551464625,1560.849175702289,6261382
2019-05-07,1523.3135986328125,1557.0356040083725,1519.7004223835067,1550.6124228029855,11658846
2019-05-08,1529.9375,1538.3680009434993,1512.273570095734,1520.5032782254632,6720553
2019-05-09,1523.714599609375,1536.7617508784745,1517.0906275936825,1525.5211263755752,6067401
2019-05-10,1507.4560546875,1533.149020351904,1503.441536403618,1526.324375754975,6431363
2019-05-13,1517.8936767578125,1519.2987397306476,1500.8318850676822,1514.079830158216,6570461
2019-05-14,1522.109130859375,1532.9484158304608,1519.098211610801,1524.7185861002122,5465354
2019-05-15,1539.572265625,1544.590382889495,1523.714864261765,1526.1235264954314,7575036
2019-05-16,1555.8695068359375,1555.8695068359375,1522.9453726955296,1531.5778711098976,6549973
2019-05-17,1560.8883056640625,1563.6989853885464,1542.6194348240583,1549.8467753351445,21222428
2019-05-20,1557.27490234375,1562.896262536745,1544.2257419130513,1559.8848803950136,8097170
2019-05-21,1550.4490966796875,1564.502131238184,1545.028682197157,1557.6763159897282,6534528
2019-05-22,1577.1497802734375,1577.1497802734375,1549.2445345551355,1552.858265882676,12185446
2019-05-23,1577.551025390625,1600.838780404925,1577.3502017715005,1586.5850473121095,8466011
2019-05-24,1587.99072265625,1592.808909430117,1576.547544273015,1583.5740615833383,6246009
2019-05-28,1552.6575927734375,1579.759911351325,1552.6575927734375,1576.949231157353,24397748
2019-05-29,1541.61572265625,1549.6459930942158,1531.377121765964,1544.8278065039185,6089197
2019-05-30,1543.0211181640625,1547.0362536860027,1533.7862699723205,1536.9983540623523,4726743
2019-05-31,1532.7822265625,1539.80874280617,1524.3504313976111,1535.5927844049374,8950430
2019-06-03,1555.0662841796875,1555.668511794555,1526.157169189771,1530.172303776553,5633279
2019-06-04,1536.195068359375,1549.4451716900046,1527.1610452221057,1544.827687479504,9743159
2019-06-05,1533.38427734375,1536.596482093271,1516.119163365322,1533.986504915504,6143447
2019-06-06,1550.64990234375,1550.64990234375,1527.362020249707,1529.7710527792185,7311465
2019-06-07,1571.126953125,1580.5625019426218,1543.2215890527837,1543.2215890527837,9838156
2019-06-10,1582.9720458984375,1590.199266208566,1569.9227629633597,1569.9227629633597,9727225
2019-06-11,1579.7596435546875,1592.808802225872,1576.3466145074856,1584.9792340406093,7215333
2019-06-12,1589.1951904296875,1593.210325525421,1568.5171656222285,1569.320095331306,5593254
2019-06-13,1588.5927734375,1602.44498284589,1581.1648528912035,1585.7822154814733,6601083
2019-06-14,1590.3995361328125,1598.028279541379,1567.1116586546118,1572.9335976147695,6033168
2019-06-17,1594.41455078125,1596.422057067422,1580.361520227808,1591.0016441296862,6890227
2019-06-18,1601.240966796875,1622.1198200983683,1597.426654472652,1599.032635900572,8856801
2019-06-19,1611.0775146484375,1614.6911237209997,1593.2101712840702,1613.4866684551955,6551680
2019-06-20,1613.08544921875,1627.1383625438232,1611.6800484124046,1615.8960075562452,9032387
2019-06-21,1582.36962890625,1606.259741286804,1569.721993903372,1599.0325212851594,26450419
2019-06-24,1599.0323486328125,1603.85053532621,1578.3544443857395,1583.574035135793,10950088
2019-06-25,1611.6802978515625,1614.6916803292909,1586.9871318268536,1593.4114225551818,6019871
2019-06-26,1593.2100830078125,1610.475197782656,1587.187320462201,1607.46381650985,8894653
2019-06-27,1587.99072265625,1593.8126628637074,1570.7256040655582,1593.8126628637074,5600574
2019-06-28,1582.5703125,1589.5968298296375,1576.3467249368848,1587.789903351575,5952120
2019-07-01,1596.4227294921875,1608.668960891252,1587.5895278198395,1600.8393911471671,6415522
2019-07-02,1626.335205078125,1626.335205078125,1597.6269114245615,1606.05870689422,9458826
2019-07-03,1647.4149169921875,1657.2519924037106,1623.3239835340166,1631.1535521126211,8935375
2019-07-04,1645.20654296875,1651.430008606301,1641.9943375009125,1644.0019659183108,3444242
2019-07-05,1642.7974853515625,1652.0323333387914,1634.5665124507864,1642.9983090238918,5674548
2019-07-08,1634.164794921875,1637.9791062348352,1625.933701349686,1635.9715995727684,10902395
2019-07-09,1646.4111328125,1649.6233385426171,1628.3430837685892,1628.3430837685892,6854916
2019-07-10,1649.422119140625,1652.2327984801466,1634.3653341246843,1643.19865448804,5748038
2019-07-11,1638.5810546875,1664.2780843562605,1633.9636928414905,1655.244062641215,10442074
2019-07-12,1629.9486083984375,1640.3880308217229,1621.1152883902932,1639.384155993477,6596904
2019-07-15,1644.8050537109375,1649.6233623757262,1620.51353817037,1624.12714803136,6472852
2019-07-16,1671.3050537109375,1678.331571014542,1651.630780933326,1652.8353580350397,10788087
2019-07-17,1666.888427734375,1676.1232757667403,1659.4603845738206,1672.3088423498075,7084477
2019-07-18,1656.0474853515625,1666.285964500533,1651.4300008320777,1656.2481873735626,14429433
2019-07-19,1652.6343994140625,1668.695061212636,1645.2064786540357,1660.2632654643585,7645037
2019-07-22,1660.8658447265625,1668.293888696575,1645.407528976173,1652.63474925099,5306609
2019-07-23,1666.888427734375,1676.3239778024538,1653.6384442493636,1664.4793951178265,8736529
2019-07-24,1659.86181640625,1708.0435607505922,1648.2179364158774,1661.6686211758736,13318449
2019-07-25,1676.32373046875,1692.3843915472569,1661.2669443334858,1666.0851304932798,14380049
2019-07-26,1692.1837158203125,1698.6080051407894,1673.1117931577064,1680.740659532821,11012310
2019-07-29,1736.5511474609375,1741.5701580518548,1697.0020203095562,1697.0020203095562,9730316
2019-07-30,1735.3463134765625,1756.0243358054702,1730.1267236240606,1731.532002493487,9218801
2019-07-31,1709.047607421875,1730.127283839156,1684.7559682380763,1729.1234086323063,10885678
2019-08-01,1716.87646484375,1728.7211656141594,1701.6189790264057,1703.4256617188576,7157564
2019-08-02,1697.4033203125,1728.5207682705538,1696.1988649719274,1720.0889726986331,8256744
2019-08-05,1669.096435546875,1690.978913450303,1662.8527788796175,1679.1343330561697,9986613
2019-08-06,1653.2371826171875,1669.4985518950002,1652.4342526494058,1664.8811876203454,8164437
2019-08-07,1664.2781982421875,1676.122899908324,1652.6341985667586,1657.050858738025,6866171
2019-08-08,1673.951904296875,1673.951904296875,1648.251338011452,1664.7158659343547,11836139
2019-08-09,1676.361328125,1695.1589524893209,1668.004611585393,1674.3534144452965,7540871
2019-08-12,1675.7593994140625,1688.2081030241634,1669.535047609012,1678.9719406171737,4387526
2019-08-13,1690.6171875,1694.4320412303562,1676.2490162302302,1679.9755485176297,11371382
2019-08-14,1666.12158203125,1699.5634179519575,1658.2908997079144,1692.223734787474,9072547
2019-08-15,1652.0665283203125,1667.7278939277537,1639.0155119690148,1661.3026902197232,8272070
2019-08-16,1664.5150146484375,1668.5307205293202,1648.452191124907,1657.4874989431733,5775770
2019-08-19,1671.140869140625,1676.562053577062,1659.093752063585,1663.9126232253757,6098040
2019-08-20,1672.9482421875,1687.2041277879475,1667.3262045092235,1675.9600524313944,7941487
2019-08-21,1691.621337890625,1691.621337890625,1665.941813662818,1669.7356216692806,7237606
2019-08-22,1682.5859375,1694.0307431018873,1674.353672626131,1686.200061025882,8598434
2019-08-23,1697.8455810546875,1708.8886813075462,1694.4320667224451,1699.251059905694,5994649
2019-08-27,1693.8299560546875,1702.8653868719707,1679.3734613948686,1697.444079719642,10392448
2019-08-28,1699.05029296875,1711.6998465724382,1679.3733447573327,1691.6211939207074,5585876
2019-08-29,1716.1173095703125,1722.7432437193688,1689.211990147941,1696.6409682943886,5086766
2019-08-30,1718.325927734375,1727.160506463268,1712.7038899101071,1721.3376164015806,6890621
2019-09-02,1743.624755859375,1751.6561682132356,1707.6841308311496,1718.7273532314298,4297038
2019-09-03,1750.2509765625,1762.097366473453,1741.0148143431932,1752.0580385559613,11346507
2019-09-04,1752.0577392578125,1773.9434533475935,1742.4199958357967,1760.6915865560434,6564370
2019-09-05,1708.4873046875,1753.0616556332004,1708.4873046875,1751.8570289326972,8436548
2019-09-06,1721.939697265625,1726.4894678786732,1702.6643341478095,1713.1051203539548,7144363
2019-09-09,1685.79833984375,1738.4042221868733,1675.3574312661522,1729.5697663237515,8086431
2019-09-10,1648.05078125,1671.141246260316,1628.7754139079163,1662.9089808230833,12540265
2019-09-11,1656.4835205078125,1662.3062876627755,1632.991599693722,1661.3022700013269,10694750
2019-09-12,1668.531005859375,1676.1608361723167,1647.8500379605734,1659.4956964960095,9875813
2019-09-13,1648.813720703125,1666.924606461497,1638.01149602519,1663.3106045187146,5943236
2019-09-16,1633.593994140625,1648.8536521563813,1628.7751227527865,1631.3853498234855,7462481
2019-09-17,1652.266845703125,1658.8927778563873,1635.200006524772,1637.8103549359084,5823780
2019-09-18,1653.4718017578125,1657.4876296101588,1646.0428243681918,1652.6687578422311,5564006
2019-09-19,1664.3140869140625,1668.3297926127038,1648.0504119243851,1650.861491071845,8464525
2019-09-20,1678.1688232421875,1684.7948797502634,1652.8698324359978,1655.6809125177388,18446560
2019-09-23,1692.42431640625,1704.4714346976634,1676.7629531380164,1679.3733020042737,27095125
2019-09-24,1706.679931640625,1713.7074471170115,1690.2155258997443,1700.6564338429184,8229915
2019-09-25,1686.601806640625,1700.054405875592,1681.3813514193291,1695.436385736694,6708942
2019-09-26,1717.924072265625,1733.5853131381398,1679.9755358706373,1682.1841802023305,7753961
2019-09-27,1731.778564453125,1735.5934185760266,1710.6958932162886,1710.6958932162886,7961067
2019-09-30,1751.45556640625,1771.5340987669622,1734.9911577049763,1749.8492351554346,11267331
2019-10-01,1737.4002685546875,1755.2701535538044,1731.37664893561,1738.002703509522,11870664
2019-10-02,1676.5621337890625,1777.5574591689267,1668.3298698157146,1729.971180203864,9490776
2019-10-03,1677.164794921875,1687.6055829675422,1657.8893067531124,1683.5898765415325,8780040
2019-10-04,1705.676513671875,1706.981505782575,1675.7592623554615,1682.786779300244,5722393
2019-10-07,1722.1407470703125,1723.546226084114,1698.4480911043386,1701.6606319437274,4757526
2019-10-08,1719.7310791015625,1739.4081469098096,1719.7310791015625,1728.7665083462769,9522150
2019-10-09,1727.160400390625,1739.2075192842756,1708.688078427426,1710.294409608536,7767232
2019-10-10,1718.7274169921875,1734.1879289261285,1718.7274169921875,1727.5619952401537,11248085
2019-10-11,1681.58154296875,1705.8765042825032,1647.648719017496,1702.8648166734254,13181047
2019-10-14,1690.8182373046875,1704.1603728748753,1648.452406976293,1683.99145125486,7826783
2019-10-15,1662.105712890625,1690.6173618062203,1647.6492186874034,1683.5898452774798,10666713
2019-10-16,1642.62939453125,1690.6172589098396,1618.7358884497244,1673.148955592493,11889545
2019-10-17,1658.2911376953125,1673.1493388532433,1636.204688219963,1665.5193860127313,9050060
2019-10-18,1652.66845703125,1667.1250697037076,1641.4245060559156,1658.29049334635,5839426
2019-10-21,1646.2437744140625,1655.078231249536,1626.3659728107327,1650.8617942363485,7213660
2019-10-22,1661.7042236328125,1675.156821434312,1639.4169260217393,1647.448338588744,5212885
2019-10-23,1689.211669921875,1692.0226275171187,1662.707816695119,1671.5425155406226,8515300
2019-10-24,1726.15625,1727.160267738527,1686.6015034245816,1688.4085650370955,9178301
2019-10-25,1706.679931640625,1726.776586967395,1687.6052989139507,1726.7585820459792,13206462
2019-10-28,1743.423828125,1747.037951110014,1704.069814717864,1709.490999195385,7243982
2019-10-29,1746.6368408203125,1746.6368408203125,1720.9362685808237,1731.9794927192686,9748264
2019-10-30,1789.0023193359375,1795.2266697338114,1735.191688488304,1738.805933386483,11579489
2019-10-31,1775.5499267578125,1803.459141481765,1771.534098631082,1783.9829225141546,10908420
2019-11-01,1767.919921875,1782.376537732358,1756.6759684225387,1775.750604004597,7489774
2019-11-04,1760.8922119140625,1774.3449301195667,1748.2426592215556,1759.8883158502556,5252289
2019-11-05,1736.798095703125,1766.7152244552433,1732.1379832510936,1754.6681050539144,5962169
2019-11-06,1728.96728515625,1734.1877393055745,1671.5425328234398,1723.3452482527562,8074379
2019-11-07,1729.971435546875,1743.8256168104256,1721.1369786209805,1737.601265688041,6819384
2019-11-08,1743.8258056640625,1743.8258056640625,1722.3417919326605,1728.3652914733286,5151574
2019-11-11,1724.9517822265625,1744.513402383198,1709.8928529654556,1738.4043802819913,4771124
2019-11-12,1737.8018798828125,1745.8332917370662,1723.7518361605005,1726.357075411293,5135575
2019-11-13,1746.23486328125,1760.0890425581244,1738.0769304043993,1739.0064953349372,5745349
2019-11-14,1708.1162109375,1742.2543979905251,1700.8869850139831,1731.8121962867085,6449903
2019-11-15,1706.7105712890625,1729.0008877261037,1684.60616870356,1711.9317330673623,11429919
2019-11-18,1721.1690673828125,1725.185317414552,1696.870566100175,1715.1446314995214,10687078
2019-11-19,1723.3778076171875,1737.4347419051735,1713.3371228870049,1715.1444291044488,7452370
2019-11-20,1703.497802734375,1736.832720059806,1703.497802734375,1724.9847257377016,6428217
2019-11-21,1708.51806640625,1721.9726095256954,1698.678258381763,1716.5505677189487,7583501
2019-11-22,1720.767333984375,1733.2178431053603,1710.726769592248,1714.7430196833718,5575861
2019-11-25,1734.0213623046875,1739.041766881006,1714.5423823559286,1725.9888609882369,7111926
2019-11-26,1747.07421875,1747.07421875,1722.5750765548944,1737.0335308536642,8523294
2019-11-27,1767.7578125,1772.5773373406,1750.2871414152776,1752.0944480215808,7493082
2019-11-28,1769.3642578125,1769.9666527555637,1754.936832006878,1758.31953938055,2852160
2019-11-29,1761.1309814453125,1772.778217175763,1757.1147310224803,1761.1309814453125,5773586
2019-12-02,1737.836669921875,1774.3846834129242,1736.2302427201948,1758.9220763595624,6323291
2019-12-03,1714.1409912109375,1740.8892298364542,1702.0922383617333,1732.013423525079,11243272
2019-12-04,1714.944580078125,1717.5551619246712,1696.8712649844606,1715.9486125817464,7226804
2019-12-05,1713.739013671875,1731.0089258280689,1708.3170942170084,1723.177183279017,6755187
2019-12-06,1736.4310302734375,1738.2384586223145,1711.7310101191415,1725.7879479853432,6499188
2019-12-09,1735.4268798828125,1741.250436743935,1722.1732173693445,1732.8162989327625,6202160
2019-12-10,1757.3154296875,1757.3154296875,1729.000800200009,1741.451187397152,8564124
2019-12-11,1760.1270751953125,1775.7905624693246,1756.713341178045,1759.7254379571546,9136952
2019-12-12,1751.29150390625,1768.2280408484407,1746.6728576349003,1759.3240062651,6407681
2019-12-13,1732.013427734375,1748.2791893682052,1663.5361602843218,1707.915800306011,10671992
2019-12-16,1771.3726806640625,1784.8271023391733,1727.1936793559205,1730.6076567277953,8287347
2019-12-17,1785.429443359375,1795.1388195322727,1764.9064015631384,1767.356254811776,25810078
2019-12-18,1801.6953125,1812.1376369959896,1781.77466584981,1785.0277935302872,27552708
2019-12-19,1813.7445068359375,1814.5477814272112,1795.6711935464805,1802.4989059009067,23616535
2019-12-20,1820.5716552734375,1857.922819651872,1808.723662108716,1816.9570421621531,16674427
2019-12-23,1822.379150390625,1827.8010706185576,1798.4824038252357,1813.1417372218968,7126166
2019-12-24,1824.9896240234375,1833.0221249997328,1813.34238810357,1813.34238810357,1563332
2019-12-27,1826.194580078125,1834.2270812497432,1800.4905276603945,1814.5474655464163,3416892
2019-12-30,1805.3099365234375,1823.1822443966116,1803.4503112696175,1812.3382833427847,3367793
2019-12-31,1786.2325439453125,1803.301698598612,1775.589462633572,1792.8593750453415,2454335
2020-01-02,1784.4256591796875,1801.4948178672548,1784.4256591796875,1787.437877968246,5240867
2020-01-03,1791.6546630859375,1795.0685187312035,1770.3684980909975,1787.638534098164,4363611
2020-01-06,1777.597900390625,1786.6344342292537,1761.376184522827,1782.417303990303,5519354
2020-01-07,1769.5650634765625,1786.604165658012,1759.9261357697558,1768.7617890831525,5204425
2020-01-08,1778.40087890625,1782.2664998676853,1756.9138373850983,1759.9260553871209,5402486
2020-01-09,1797.478271484375,1806.3561452181568,1780.2082361559617,1787.2367049510942,6655633
2020-01-10,1804.70751953125,1812.740020629464,1796.5846165984458,1797.0765339837055,5448410
2020-01-13,1816.5556640625,1824.588165826904,1796.5847656013873,1804.506911415894,7116503
2020-01-14,1811.7359619140625,1818.764430690056,1799.2855732267749,1815.5513329606576,6880440
2020-01-15,1842.6612548828125,1842.6612548828125,1812.565351753396,1813.3424668729715,7610673
2020-01-16,1815.350341796875,1829.4072775416253,1807.1169624308857,1823.1820839983263,9373450
2020-01-17,1853.5047607421875,1858.6756718910617,1818.27226321776,1818.7641805281648,10565679
2020-01-20,1845.472900390625,1853.3045230480004,1835.632969693685,1853.3045230480004,6565992
2020-01-21,1845.472900390625,1845.472900390625,1820.2808381349723,1835.8337274948049,8442259
2020-01-22,1827.399169921875,1853.504856705869,1820.772460601812,1839.247284275744,9500198
2020-01-23,1830.41162109375,1839.0466390936765,1821.375087532322,1831.2148955595171,5794200
2020-01-24,1830.210693359375,1864.5498850010565,1828.8050239170557,1831.0139678039516,9336279
2020-01-27,1789.8475341796875,1815.95322511865,1778.6019346442472,1802.297923780693,12043979
2020-01-28,1799.2855224609375,1806.514748805361,1785.9314808318777,1793.2610860596683,7068505
2020-01-29,1821.375,1823.1823066254296,1798.6830449538286,1804.506723715075,6920892
2020-01-30,1799.68701171875,1832.2187709370628,1797.076309266203,1814.3463426406047,6498981
2020-01-31,1791.253173828125,1808.924725656463,1789.2449876333665,1800.2897075260778,11011923
2020-02-03,1808.121337890625,1824.4675223076665,1785.2286250616432,1791.2530615970732,8588105
2020-02-04,1822.379150390625,1834.2271447812584,1814.7481645090336,1825.39136885216,6528943
2020-02-05,1746.6724853515625,1854.5090924627648,1746.6724853515625,1811.1333699614993,18484550
2020-02-06,1701.690185546875,1742.8569635971012,1676.9901673852874,1733.619551506592,32337929
2020-02-07,1707.1124267578125,1711.731072508338,1695.8669490578038,1703.096176031282,10705004
2020-02-10,1724.5831298828125,1725.788041623647,1697.674164365833,1703.8993591863969,8698944
2020-02-11,1710.325439453125,1749.6847947490098,1710.325439453125,1733.017274792311,21648995
2020-02-12,1702.895263671875,1711.8112202374969,1696.0674312151957,1709.923610551788,10130201
2020-02-13,1688.2362060546875,1737.0337384887894,1669.9621348649837,1699.0801697463778,8152778
2020-02-14,1675.3836669921875,1690.4446352116397,1669.1584732839533,1689.038965934194,6591852
2020-02-17,1668.3553466796875,1685.424502286646,1665.3431284347682,1685.424502286646,3806186
2020-02-18,1673.7772216796875,1675.1830127153328,1647.0691387443835,1658.5154947656204,17109908
2020-02-19,1684.822021484375,1695.0635880692948,1673.978181577582,1676.5887626673014,7087631
2020-02-20,1656.9901123046875,1683.9036538074356,1649.960447768681,1657.1909042321952,8985743
2020-02-21,1665.2249755859375,1675.267249682158,1646.9477982143328,1650.9647321912378,6828084
2020-02-24,1636.705078125,1672.6828660571484,1624.051653382582,1652.1703209470138,10087678
2020-02-25,1608.988037109375,1658.306199364763,1608.1846257855414,1634.2947636574631,14530662
2020-02-26,1639.51611328125,1646.1440713256147,1599.5475731161696,1606.778028549273,13647878
2020-02-27,1636.705078125,1657.7939571062057,1614.0092547249824,1627.666882825525,13326727
2020-02-28,1568.818359375,1609.1886170017403,1539.6954937231783,1595.7319050235255,16780157
2020-03-02,1636.9053955078125,1646.3451720598302,1578.0571730489762,1595.7317311494917,24254965
2020-03-03,1614.811767578125,1671.450776873702,1610.794834688602,1655.9855426568215,15705182
2020-03-04,1670.8486328125,1670.8486328125,1615.2139321930676,1625.457120057784,10948595
2020-03-05,1646.7469482421875,1676.0706017477926,1628.2288211983102,1660.6053638895062,10992751
2020-03-06,1600.351318359375,1642.9310171858508,1586.0911953292143,1625.8589549256214,23110114
2020-03-09,1554.5577392578125,1594.5264033203036,1531.4603416235675,1536.4815996776672,23728903
2020-03-10,1521.016357421875,1582.3731321098005,1521.016357421875,1574.8434355153831,24270768
2020-03-11,1529.0504150390625,1560.7843024786785,1523.4266588833136,1549.5367901671805,14215254
2020-03-12,1410.55029296875,1486.67148091264,1406.5333594701578,1477.4324973582573,19573910
2020-03-13,1408.7425537109375,1493.399573594929,1384.2391298038312,1450.7194953278392,20308729
2020-03-16,1407.336669921875,1425.0112247292566,1333.813491209434,1373.7951741676795,24017954
2020-03-17,1508.16259765625,1508.16259765625,1378.8167919523105,1446.9041318191105,27224225
2020-03-18,1443.4893798828125,1489.0816812525463,1407.7385600876903,1463.1724647241126,17664693
2020-03-19,1461.1636962890625,1477.1279903481968,1382.8333187556252,1426.0153797530006,30790683
2020-03-20,1455.1383056640625,1513.7857261055997,1417.7807897503883,1497.3162875315732,23867973
2020-03-23,1380.42333984375,1438.4682707795812,1354.1746019186355,1391.0682327090592,19171328
2020-03-24,1421.5972900390625,1431.6395649021504,1376.6073583395378,1415.1701221699611,15501713
2020-03-25,1495.9105224609375,1516.1961043459032,1421.7978592391555,1452.1257144138897,15801542
2020-03-26,1507.5596923828125,1509.568220155258,1446.5021517895752,1460.5613594283775,17960188
2020-03-27,1449.1131591796875,1499.325014258828,1426.8190487947911,1491.6927305097222,14143647
2020-03-30,1488.2784423828125,1499.3251635569331,1421.7980535419067,1476.0268478242624,10004188
2020-03-31,1521.016357421875,1532.0629547286746,1426.2164124925832,1506.354532213226,12611832
2020-04-01,1505.752197265625,1510.572542608471,1468.3945512815924,1489.282754997954,9809442
2020-04-02,1499.5260009765625,1780.0193407948009,1462.7709728021905,1520.2132918506018,10347714
2020-04-03,1495.709716796875,1513.3842733903243,1476.0266325486823,1502.337553827346,8504257
2020-04-06,1515.7943115234375,1531.2595477942284,1491.8935028951305,1506.7561200526272,9696802
2020-04-07,1521.217529296875,1550.5411846927714,1503.6071023349537,1533.067417944364,11492488
2020-04-08,1505.752197265625,1540.69960973219,1496.7140041132557,1530.657213460254,17762548
2020-04-09,1550.741943359375,1567.4122985927868,1513.7860044544825,1536.2809079150147,14422217
2020-04-14,1576.6512451171875,1586.017641228646,1553.754514949335,1584.082615444316,8908890
2020-04-15,1576.6512451171875,1616.0172947962694,1568.21567173539,1589.5054579700256,11256227
2020-04-16,1660.8065185546875,1660.8065185546875,1577.655763125756,1592.71929872131,14610201
2020-04-17,1667.6351318359375,1700.373223721965,1656.9902382590135,1700.373223721965,13570145
2020-04-20,1674.4638671875,1677.6775117776551,1656.3876031362197,1667.6351158175914,7011687
2020-04-21,1657.5928955078125,1684.1047360334614,1638.914131962587,1659.4005099352796,7682914
2020-04-22,1675.2674560546875,1688.341568324253,1658.7980125513343,1658.7980125513343,7593150
2020-04-23,1701.1766357421875,1707.001184082624,1672.6562698686223,1680.2884324632607,9416984
2020-04-24,1694.74951171875,1706.197938442891,1679.2842724972882,1692.7411054700897,6861725
2020-04-27,1710.2144775390625,1713.227208122517,1691.736510206476,1696.7577684095895,7099834
2020-04-28,1694.74951171875,1717.2444161947026,1685.3097346274487,1697.3605371956803,11326742
2020-04-29,1684.1044921875,1708.6079227756456,1672.2393926336017,1685.912106353238,15267194
2020-04-30,1668.0367431640625,1714.0709098230257,1664.2206012382649,1692.5400518623303,13233907
2020-05-01,1618.0257568359375,1656.9902239937026,1608.1842744989965,1656.9902239937026,5376599
2020-05-04,1670.045166015625,1678.882444928667,1625.0553603324884,1634.0935528710525,9105083
2020-05-05,1675.0665283203125,1693.8347340387022,1666.4300408062318,1683.502102196437,6078733
2020-05-06,1704.18896484375,1710.5347193477132,1674.8653143278525,1683.1000947813611,10577272
2020-05-07,1681.6942138671875,1725.275067386745,1664.823067643409,1712.0221916996998,10591638
2020-05-11,1684.9075927734375,1684.9075927734375,1661.7780700384476,1675.0661126421985,14046917
2020-05-12,1714.231689453125,1716.0394254504042,1677.6775760680866,1681.4937183190918,12404593
2020-05-13,1749.5810546875,1755.957964488838,1698.1641923230457,1703.9887416498163,13137723
2020-05-14,1648.978271484375,1726.5158563186412,1646.6120142021234,1716.472103119214,11687083
2020-05-15,1655.0048828125,1672.280196635192,1648.5769666209285,1656.4111035811866,6751011
2020-05-18,1694.57666015625,1697.7907389255338,1668.4630004069788,1687.345226342415,9106751
2020-05-19,1667.8604736328125,1704.0178872493989,1667.8604736328125,1700.402048520916,7424326
2020-05-20,1692.769287109375,1703.0138618528126,1667.057379833299,1668.8652388051669,10971954
2020-05-21,1671.4766845703125,1686.3414386098743,1664.647008370974,1682.926539655922,14937111
2020-05-22,1670.47216796875,1677.9960695790646,1647.3716394347894,1656.411056062358,6427114
2020-05-26,1655.6072998046875,1696.5855931994874,1637.8942033075953,1695.782195094694,11832298
2020-05-27,1655.8082275390625,1673.2843586458466,1631.0133960224712,1653.7995495824753,11875068
2020-05-28,1690.961181640625,1700.6031758907493,1647.371388417938,1648.1749082235388,9006747
2020-05-29,1679.1097412109375,1698.3937316915024,1659.6249316126216,1686.9438775572364,16228926
2020-06-01,1669.0660400390625,1698.996365734349,1661.6337851048634,1698.996365734349,6674682
2020-06-02,1657.816650390625,1669.4674423831643,1647.7730194734509,1658.0174694572174,8054895
2020-06-03,1671.8780517578125,1676.0963479670338,1655.205442591108,1666.2535351036463,7224635
2020-06-04,1658.419677734375,1695.3804950766546,1651.188120867424,1678.3061244199794,9799042
2020-06-05,1644.760009765625,1658.2185395325048,1635.1180162297978,1649.3800657427523,8342135
2020-06-08,1647.7738037109375,1656.81310018024,1617.4417123310648,1622.061770146801,12092776
2020-06-09,1649.78173828125,1701.0047197337713,1646.7846657729733,1649.17915935786,10640964
2020-06-10,1657.816650390625,1673.4847973832136,1636.9257471643316,1639.5370035726587,7389762
2020-06-11,1622.864501953125,1664.0438508030654,1622.864501953125,1657.4148743339665,6971964
2020-06-12,1606.192138671875,1629.6944233554714,1592.9344271366624,1609.2052770587036,6858083
2020-06-15,1607.7994384765625,1652.5943965042577,1568.6288765254324,1592.4726792382296,6848547
2020-06-16,1638.7340087890625,1641.7471474889724,1612.4195237881015,1620.655298298159,7640841
2020-06-17,1672.2801513671875,1677.7037283273678,1647.01308867556,1650.7865409459569,7198654
2020-06-18,1654.402099609375,1675.0921881089243,1647.7733651020635,1674.6904281829432,3818461
2020-06-19,1664.2452392578125,1683.127594349009,1650.1841259305745,1659.0226026149624,13716838
2020-06-22,1652.192626953125,1685.9587200036551,1647.572569958675,1661.4328626505858,12191878
2020-06-23,1681.72119140625,1684.7342083337412,1645.5637711908314,1666.6554982260318,6012515
2020-06-24,1641.7470703125,1671.87821247806,1634.1137535092798,1669.2668338414662,7851216
2020-06-25,1651.58984375,1656.4108409836692,1622.8648011581831,1634.917233388083,6974743
2020-06-26,1654.2010498046875,1678.9086142276335,1648.978414528129,1659.4239284983314,6554815
2020-06-29,1671.677490234375,1673.083589187427,1649.3803609780728,1649.3803609780728,6458297
2020-06-30,1643.7554931640625,1665.8516768847935,1634.314440741034,1650.9870489235486,7022895
2020-07-01,1644.5592041015625,1649.9827802703978,1625.6769753514698,1641.5460656604723,7150175
2020-07-02,1656.8126220703125,1660.6291587188573,1639.343550757125,1651.5898648580428,5343773
2020-07-03,1632.9085693359375,1671.1098396776315,1628.4893319767757,1663.8432308500703,3282262
2020-07-06,1657.6162109375,1667.6598441547833,1633.7121642783386,1657.2144510037822,5842928
2020-07-07,1624.06982421875,1643.9563890239724,1606.9954566434883,1643.9563890239724,11355623
2020-07-08,1611.6160888671875,1635.118377231775,1608.000249211545,1616.236145864333,5421974
2020-07-09,1599.7642822265625,1626.8189968384818,1597.1527819344772,1618.445570516294,8212392
2020-07-10,1581.8863525390625,1601.772920072547,1574.6549176936296,1590.724826998389,15389302
2020-07-13,1604.38427734375,1609.406093507847,1579.8776538076822,1587.1090885573483,4126497
2020-07-14,1611.01318359375,1623.2665566001072,1591.93013552182,1600.9694292422173,7738678
2020-07-15,1657.6162109375,1663.441425705024,1627.4849461599906,1635.720842238374,7737317
2020-07-16,1637.12646484375,1662.838362869701,1637.12646484375,1655.0042290043118,5389386
2020-07-17,1667.458984375,1671.6774027218776,1635.1182233136228,1646.9698367978667,6720678
2020-07-20,1655.6072998046875,1677.1009071230326,1635.1181531072875,1657.214339431364,6871237
2020-07-21,1630.899658203125,1660.0264589605956,1625.676901370717,1648.174846542871,7400740
2020-07-22,1611.8167724609375,1637.126917670811,1611.8167724609375,1630.0964232029723,7411724
2020-07-23,1614.82958984375,1634.7161546332109,1606.9954553698187,1615.432168761542,4334000
2020-07-24,1587.1092529296875,1596.5503072427057,1573.8515400432084,1582.2882553610991,12891762
2020-07-27,1590.3233642578125,1594.94342144823,1576.2621301344377,1581.685707281945,6807103
2020-07-28,1611.6160888671875,1616.838724952659,1589.7207186409908,1594.742535599874,8428062
2020-07-29,1560.5936279296875,1638.7337963382154,1552.9604334657824,1596.3492843354552,11432875
2020-07-30,1535.88623046875,1574.5265051496162,1517.4820716948127,1562.60247483913,7853098
2020-07-31,1536.48876953125,1561.196335307416,1521.624017560834,1521.624017560834,8318464
2020-08-03,1592.3319091796875,1595.345047682015,1536.689682417954,1539.903640023115,5541827
2020-08-04,1579.877685546875,1594.1397362379214,1566.8629040224398,1582.488942374514,6553182
2020-08-05,1580.07861328125,1599.1616624504616,1570.0349800607512,1592.1310461709804,7459101
2020-08-06,1556.7772216796875,1578.0698906705163,1547.135226213655,1573.8515937219768,5323419
2020-08-07,1561.99951171875,1572.8818358521246,1552.96021974347,1563.8074918223288,5561925
2020-08-10,1559.9912109375,1571.8427028981953,1555.7727925247732,1565.816547362438,4532272
2020-08-11,1582.890869140625,1608.201137358088,1567.8946709268198,1570.8384358090354,5376130
2020-08-12,1618.646240234375,1626.2795561780324,1582.0871868559557,1590.3229600514564,8549156
2020-08-13,1576.8941650390625,1600.8017055997616,1573.0770703928108,1586.9393879962863,4787432
2020-08-14,1542.7408447265625,1575.6679483082764,1536.7136854674654,1567.0502085395842,6986564
2020-08-17,1562.6298828125,1576.4921991210836,1537.5168886284396,1546.9594435822023,5654489
2020-08-18,1545.9552001953125,1567.652802091308,1542.9416207074098,1562.0274618289802,8857913
2020-08-19,1557.808349609375,1562.02726297426,1536.914387800252,1544.7496691260524,4093914
2020-08-20,1531.8919677734375,1556.603150082792,1531.8919677734375,1546.156228320205,9327262
2020-08-21,1522.0478515625,1546.156368833203,1517.6279668734026,1526.8695550166408,6496055
2020-08-24,1528.07470703125,1551.0974222833474,1517.627785567318,1533.7000473434357,4223293
2020-08-25,1524.6591796875,1551.178480290928,1523.4537237347058,1533.6997950176046,8385120
2020-08-26,1517.627685546875,1526.8692719769767,1511.271135404228,1522.0475694166475,3905850
2020-08-27,1500.7518310546875,1525.864830449232,1500.7518310546875,1514.614271965803,4496228
2020-08-28,1478.6522216796875,1515.4177183039958,1478.2505247221918,1508.9887410888057,6497966
2020-09-01,1452.3341064453125,1495.5284650223325,1445.5033095240728,1492.9167040496664,11620891
2020-09-02,1495.93017578125,1507.4017896914631,1460.3701324539884,1462.379226028845,7683067
2020-09-03,1477.44677734375,1515.6184539297296,1472.8260454131032,1503.966078144875,6345683
2020-09-04,1441.685791015625,1481.8665580858608,1435.055966274931,1461.5752652377068,10034552
2020-09-07,1502.7606201171875,1505.7741991543255,1452.534627435132,1452.534627435132,6321828
2020-09-08,1499.546142578125,1518.6420834940104,1489.5009200316451,1500.7515984980237,6205371
2020-09-09,1539.5262451171875,1546.1561931237638,1505.1717792843378,1505.7744465002258,7789268
2020-09-10,1523.8558349609375,1540.9327048620323,1516.2215225801597,1532.0929362970164,5071604
2020-09-11,1530.6866455078125,1534.503740869672,1521.6460283598665,1524.0568190238637,4799611
2020-09-14,1522.4493408203125,1537.1152965278814,1511.801450167159,1534.1017173054825,4592295
2020-09-15,1531.69091796875,1537.316135976089,1516.823992146272,1521.243875852809,7711565
2020-09-16,1516.2213134765625,1538.3207318413492,1516.2213134765625,1525.4628994951413,5852016
2020-09-17,1527.6728515625,1536.91443764297,1509.3905278760635,1510.9978025774838,7170020
2020-09-18,1532.49462890625,1555.0762065888284,1518.6321882442548,1523.453890858033,18161294
2020-09-21,1494.32275390625,1520.6412076526176,1486.688442525597,1517.024961300011,6868334
2020-09-22,1486.2864990234375,1505.7741553769995,1477.0449137171877,1496.1308731553952,6195139
2020-09-23,1500.1490478515625,1524.2575614455236,1494.7246779403051,1504.3680833778894,8694662
2020-09-24,1462.982177734375,1499.3607131549604,1459.7676276569568,1490.5059715508391,6857247
2020-09-25,1481.063232421875,1484.2776603803763,1456.5530214329683,1458.7629634781306,5415441
2020-09-28,1469.8128662109375,1495.9303554629814,1469.009228684467,1491.7113193121984,7440568
2020-09-29,1462.1785888671875,1481.989678577039,1452.3342115170956,1472.022844490902,6697560
2020-09-30,1458.5621337890625,1483.8761063644913,1449.5215162452455,1453.338611774248,9905840
2020-10-01,1450.324951171875,1481.4649869471064,1450.2244052038102,1475.23697979206,5967011
2020-10-02,1451.1287841796875,1451.53072468714,1434.8555495885876,1440.079072016148,6775971
2020-10-05,1456.351806640625,1461.9771459180747,1445.3022199967968,1452.333741935686,3624649
2020-10-06,1436.46240234375,1457.7853278218006,1429.3735469502217,1455.1465441275066,7363951
2020-10-07,1422.3995361328125,1444.2981119876354,1418.1806215105096,1437.26646589075,9874018
2020-10-08,1431.841796875,1442.489688067826,1418.381296519435,1420.39026828529,7585735
2020-10-09,1453.7401123046875,1455.548113539925,1432.444211940884,1432.444211940884,7161456
2020-10-12,1437.8687744140625,1454.34297518958,1437.8687744140625,1445.302359164534,4928561
2020-10-13,1445.9051513671875,1454.7447979526091,1436.4625941173722,1443.6952092892418,5723030
2020-10-14,1432.0426025390625,1468.2053105066404,1432.0426025390625,1459.1646943779217,15737631
2020-10-15,1382.4195556640625,1423.0021521836704,1382.4195556640625,1420.5913615106165,11264099
2020-10-16,1416.3720703125,1423.6045627540584,1393.6267726206354,1396.2816241783032,10965272
2020-10-19,1402.9114990234375,1427.8234026261173,1402.9114990234375,1417.77830180229,4102222
2020-10-20,1386.4378662109375,1414.9662709526344,1386.4378662109375,1410.144445301927,5830083
2020-10-21,1359.7171630859375,1394.6742895337811,1358.3107369705024,1394.0716224316936,10411203
2020-10-22,1339.2249755859375,1352.0828077327064,1330.3852083771371,1350.8773517334123,9832252
2020-10-23,1349.8729248046875,1360.721664092463,1336.211454729216,1339.225033995715,6502458
2020-10-26,1350.87744140625,1366.5480052582695,1336.2114851501688,1345.855012058326,6196557
2020-10-27,1367.150634765625,1369.963243813508,1341.0331507915616,1345.6540047717697,9837818
2020-10-28,1329.9833984375,1374.3832049692228,1308.4866474109208,1350.676512125943,16378969
2020-10-29,1310.093994140625,1347.0603399172096,1299.0442844494016,1313.3085436699648,21183952
2020-10-30,1297.6383056640625,1311.098930881565,1289.8030218087872,1301.0537045332414,8581492
2020-11-02,1330.787109375,1333.1978997963909,1299.847922230093,1306.0759293555682,12380866
2020-11-03,1362.128173828125,1362.128173828125,1337.2161442541765,1341.4350581047524,8882099
2020-11-04,1421.394775390625,1428.225449328446,1309.6821249941145,1366.3469565862931,13476316
2020-11-05,1410.344970703125,1440.0787007522222,1402.509689081783,1439.8778522766563,11106610
2020-11-06,1405.3223876953125,1425.4127124782713,1397.286257782129,1402.710627214576,9910990
2020-11-09,1434.654296875,1458.160019450357,1409.1396026866507,1415.367487722735,12663049
2020-11-10,1474.2325439453125,1486.4875884614623,1428.4264286299451,1430.8372191445844,11527702
2020-11-11,1470.013427734375,1488.898295723825,1467.803364287878,1475.4377969403015,9006387
2020-11-12,1453.1708984375,1461.4092049813908,1440.712876447442,1446.7408848400007,8297336
2020-11-13,1443.7269287109375,1458.7971334484566,1436.662009327833,1456.7878377479783,16059841
2020-11-16,1448.950927734375,1463.0164810824187,1436.091024550837,1439.9088558654623,7762933
2020-11-17,1409.36669921875,1472.3702352257235,1400.1236239391646,1446.3390003370914,18016467
2020-11-18,1381.23583984375,1426.848338483485,1370.284788463822,1396.506925766928,13055921
2020-11-19,1401.5301513671875,1410.9741074613785,1376.4131069830207,1378.4225241019778,12715222
2020-11-20,1400.123779296875,1411.1751485955929,1389.0722882521804,1396.3059472101709,7784945
2020-11-23,1372.39453125,1400.1237597790432,1372.39453125,1398.315345064755,12990950
2020-11-24,1386.4599609375,1388.6702591083529,1364.1560983707002,1377.4178873958176,12793800
2020-11-25,1385.053466796875,1403.137857856665,1375.00674520274,1392.6891310432693,9665669
2020-11-26,1396.5069580078125,1403.7407393848362,1387.8666452298642,1391.48359679137,14816365
2020-11-27,1390.0767822265625,1397.913204648546,1379.6280566693,1387.062717412278,20930630
2020-11-30,1376.4129638671875,1403.338298239845,1376.4129638671875,1391.0812811995302,13358474
2020-12-01,1387.4644775390625,1401.1281475358787,1367.1699142384657,1367.1699142384657,9133385
2020-12-02,1400.123779296875,1408.3620860554804,1383.208880263158,1389.0722882521804,9499399
2020-12-03,1381.23583984375,1405.34824096717,1373.3992942603904,1399.5209911256038,9092003
2020-12-04,1392.48779296875,1404.544050770798,1383.8476047396275,1386.8616691901395,7980481
2020-12-07,1404.343017578125,1425.240343968742,1397.9130054408874,1402.9364866641515,7724106
2020-12-08,1411.5771484375,1411.5771484375,1386.2590986889595,1397.310589691584,7051596
2020-12-09,1405.3480224609375,1425.924916971202,1396.9087138163968,1412.3807999557157,8912307
2020-12-10,1424.0350341796875,1440.9136512298762,1406.5535311124434,1419.815319044158,7153775
2020-12-11,1419.8154296875,1435.5878641317934,1413.9883021263106,1426.6472050274524,9713807
2020-12-14,1399.320068359375,1423.231466145206,1399.320068359375,1416.198687767493,19513361
2020-12-15,1364.3570556640625,1395.9039933291028,1362.1467575666145,1391.8852805833767,21228779
2020-12-16,1370.5859375,1387.6655563711847,1367.5718727879134,1371.3897043226843,13225840
2020-12-17,1370.787109375,1390.8888324595298,1364.558097795606,1374.203058223695,7948739
2020-12-18,1362.749755859375,1384.2498544788054,1360.8689020355969,1371.3900688811589,13322332
2020-12-21,1346.6744384765625,1383.847616268693,1342.2538430445693,1374.001656082199,10263281
2020-12-22,1356.11865234375,1357.3243027132796,1336.6278525599002,1344.2633947416416,7202826
2020-12-23,1343.6607666015625,1350.0906590654042,1336.4269853972592,1350.0906590654042,5419513
2020-12-24,1338.8377685546875,1347.678958582427,1335.0199376805497,1341.2489468595536,2612450
2020-12-29,1372.193359375,1389.0719742927067,1356.8166024877382,1357.7258012370382,7180555
2020-12-30,1364.3570556640625,1388.8712155875894,1363.955050468922,1375.4085461513023,4775894
2020-12-31,1348.2818603515625,1363.9548252978968,1342.8566173023642,1356.3192845161418,3742666
2021-01-04,1382.441162109375,1395.637694471595,1363.7541301210558,1364.5578969961168,7177382
2021-01-05,1381.838623046875,1392.6892341367677,1375.207727865826,1386.661103337273,7017267
2021-01-06,1414.9927978515625,1429.6611164799638,1370.9877202203977,1381.4364455838422,12970994
2021-01-07,1404.544189453125,1453.3716244363325,1395.100111792632,1453.3716244363325,8396925
2021-01-08,1414.9927978515625,1414.9927978515625,1392.8898186180918,1407.1562538289788,7395204
2021-01-11,1401.5301513671875,1419.614296707986,1397.3104362903591,1411.777752562998,7629132
2021-01-12,1373.3990478515625,1405.5488696659568,1373.3990478515625,1401.931918836891,9750633
2021-01-13,1379.025146484375,1384.852272910885,1366.5670051205168,1366.5670051205168,12758771
2021-01-14,1399.9224853515625,1403.1375524380062,1371.7913788208896,1377.015741090409,18404664
2021-01-15,1420.21728515625,1421.6138331983066,1386.6609299439856,1392.287176536921,8084203
2021-01-18,1406.5533447265625,1419.815130900925,1405.1468137830905,1415.59541632456,7125364
2021-01-19,1417.0023193359375,1422.8294467002606,1406.3525906061427,1410.974189375068,5537390
2021-01-20,1386.2589111328125,1416.801198339981,1380.2307816757025,1403.5394109311069,12248899
2021-01-21,1371.1888427734375,1393.6937073934714,1370.0917898221896,1371.1888427734375,11800010
2021-01-22,1386.6612548828125,1390.4790877058674,1367.2347326007375,1373.801346618312,6434646
2021-01-25,1411.5771484375,1422.628517694148,1391.8853454937437,1396.506822755761,6441039
2021-01-26,1416.3995361328125,1430.0633308351294,1411.577177909144,1411.577177909144,12201384
2021-01-27,1407.357421875,1420.8202135796528,1401.7311751142806,1419.413560579991,9247425
2021-01-28,1393.693603515625,1406.1516243821372,1383.3292479688826,1394.2963677767275,7836487
2021-01-29,1363.351806640625,1380.357034350166,1358.5293286927547,1368.3752871153674,10518781
2021-02-01,1363.351806640625,1373.5031038502732,1358.1274453849385,1366.365870576285,8258867
2021-02-02,1374.404052734375,1377.418118335603,1355.3151329212576,1359.5347273661807,5301508
2021-02-03,1288.00146484375,1391.4836076287345,1287.897980753029,1376.0115186060823,29539967
2021-02-04,1291.01513671875,1330.495161237914,1283.5805977147745,1285.9917765208816,17595240
2021-02-05,1271.7254638671875,1298.4499228851732,1262.281385078325,1283.982483413239,17359960
2021-02-08,1275.9449462890625,1296.400214323074,1271.725231559163,1280.9683060545094,12527364
2021-02-09,1282.9776611328125,1290.211440757928,1270.9215240855651,1274.3374721933706,11683826
2021-02-10,1280.9686279296875,1297.8472475985527,1272.1274346035216,1292.6228839520031,12718080
2021-02-11,1261.0758056640625,1289.005913950141,1261.0758056640625,1280.968488482402,10878901
2021-02-12,1283.982666015625,1284.5855521705969,1259.066618169933,1266.0993971739897,9806122
2021-02-15,1293.2254638671875,1302.056672763129,1267.3047736962828,1289.2067512690166,6616570
2021-02-16,1278.9591064453125,1300.8610832755635,1269.6717157288788,1295.033956293055,6597898
2021-02-17,1282.375244140625,1286.2372704867068,1266.5012712776204,1271.7256352698992,9589633
2021-02-18,1245.078369140625,1279.3455913091225,1236.2350775467542,1266.181421241734,13863623
2021-02-19,1221.1614990234375,1239.1411884430872,1218.548611730754,1231.612439328232,17699004
2021-02-22,1211.3135986328125,1231.8739078412648,1207.1642985459332,1217.1419076296495,15174950
2021-02-23,1220.759765625,1244.182112280448,1201.8675042226887,1211.3136958104503,10923425
2021-02-24,1218.9505615234375,1227.7936076013452,1205.0829107653965,1213.323057861884,11249875
2021-02-25,1221.9658203125,1226.387284347608,1210.710808196801,1220.960825884624,6889781
2021-02-26,1196.641845703125,1256.8959551865892,1196.641845703125,1208.0977811682696,12123023
2021-03-01,1206.4901123046875,1221.3536284612733,1201.6664319370402,1208.4998573513312,7603177
2021-03-02,1214.730224609375,1229.0271295848788,1204.2792827860212,1206.8919269119554,8536692
2021-03-03,1213.7254638671875,1228.3970663471384,1204.6812452820889,1222.7695606790692,9191958
2021-03-04,1230.205810546875,1240.2549011030478,1209.906703639082,1212.9214429832548,12731841
2021-03-05,1249.097900390625,1253.117511707605,1216.7399623136798,1218.3478555497488,11158029
2021-03-08,1258.34326171875,1261.7598527795935,1227.5932115318765,1254.1226021268894,8810721
2021-03-09,1264.573486328125,1277.2352197539626,1254.9263701548796,1258.142034954896,10599713
2021-03-10,1270.201171875,1272.2111607352786,1253.3187754366568,1253.720870627293,14922999
2021-03-11,1262.161865234375,1278.8432113863637,1255.9314609294386,1278.8432113863637,9582809
2021-03-12,1265.98046875,1272.9796275209897,1261.5588835076485,1264.3726970630055,5884854
2021-03-15,1272.2105712890625,1278.7322551328546,1262.6830385394492,1269.798731902063,9985685
2021-03-16,1297.333251953125,1297.333251953125,1278.6419208173998,1281.2548079990904,9707067
2021-03-17,1293.7159423828125,1313.4120290449616,1289.6963303747573,1290.7012029334676,10643088
2021-03-18,1304.56884765625,1307.1814916891194,1284.6717154376208,1294.5197577693016,9761350
2021-03-19,1302.5592041015625,1307.382763202659,1293.5109666057192,1301.1523580664973,20853812
2021-03-22,1308.3873291015625,1317.6324717301893,1297.3333674557252,1307.3824567082663,14504637
2021-03-23,1304.56884765625,1315.0197891073312,1294.9216093334344,1306.578592569719,19926311
2021-03-24,1291.1029052734375,1304.970557701364,1283.063682944982,1304.166611113881,9554949
2021-03-25,1291.3043212890625,1297.54483422615,1283.2650959084424,1289.0936499939646,15201754
2021-03-26,1303.56396484375,1304.166864014681,1289.8419504877882,1291.3040814401957,8936233
2021-03-29,1315.622802734375,1319.2405630852595,1289.836959805266,1310.5983182401862,8023440
2021-03-30,1313.4117431640625,1321.5163576318084,1305.975541720334,1316.6275294891204,6444078
2021-03-31,1294.3184814453125,1314.0146844006028,1294.3184814453125,1311.4019190563342,9906069
2021-04-01,1283.86767578125,1303.764806558867,1277.8381979311143,1297.1323078598025,6869887
2021-04-06,1296.1275634765625,1302.1569195824752,1287.6863675097304,1290.7009846760902,15290225
2021-04-07,1306.9805908203125,1313.2019837908858,1294.3187348859371,1296.931622515015,8153739
2021-04-08,1328.0830078125,1328.0830078125,1304.568367754422,1306.5781119285814,14306724
2021-04-09,1326.0738525390625,1328.8875443416905,1310.598304078189,1323.863059901795,6998298
2021-04-12,1303.9658203125,1322.656908907954,1298.7401674410175,1321.451110787724,7704631
2021-04-13,1294.1171875,1306.176139645954,1290.7005980469255,1298.5388925871646,7728479
2021-04-14,1295.9263916015625,1307.583251158049,1293.0362269157545,1297.132189643143,5009557
2021-04-15,1355.0147705078125,1395.8140228875086,1275.3148314365617,1291.9067928698423,22495379
2021-04-16,1353.0052490234375,1370.490541406875,1350.3924831891534,1362.8532914614611,14799003
2021-04-19,1344.5638427734375,1359.7238734903617,1338.132392082526,1347.9805547583962,8062584
2021-04-20,1331.7015380859375,1351.5986745132675,1329.2898193250005,1338.936816141975,8413077
2021-04-21,1354.6129150390625,1361.0443656532343,1334.2795944066177,1338.534471163406,8299352
2021-04-22,1355.0147705078125,1360.4413488389414,1347.5785693461153,1353.6079249305506,5512258
2021-04-23,1349.1865234375,1356.62272493535,1341.951125926647,1352.0002147192167,5284316
2021-04-26,1347.1766357421875,1356.8237510891895,1342.1520305384815,1346.7746624549636,4652145
2021-04-27,1343.35791015625,1355.0279213206747,1340.5160893980203,1348.5834409604302,9877100
2021-04-28,1343.15673828125,1376.519539822376,1319.842901458718,1328.686068345903,9057163
2021-04-29,1336.122802734375,1353.2262136757165,1330.9877487591275,1341.3483341955389,4633038
2021-04-30,1346.1719970703125,1355.417140734801,1337.3287049896123,1337.3287049896123,8174208
2021-05-04,1338.73583984375,1359.276059908504,1338.132818846331,1344.5642715883926,14799706
2021-05-05,1346.1719970703125,1360.4416250374377,1337.529752554714,1337.529752554714,6564098
2021-05-06,1350.7945556640625,1359.2357529123155,1341.1474383022844,1348.7846888081872,13074932
2021-05-07,1362.2503662109375,1367.7774082230676,1351.5983772938434,1353.6081221904724,4489879
2021-05-10,1358.4317626953125,1365.4038876968473,1354.0102993003125,1361.6475495617965,7515189
2021-05-11,1336.7254638671875,1354.612847471158,1326.0734770649074,1350.5932367027417,23065574
2021-05-12,1354.412109375,1357.6278961429257,1332.3041842115322,1333.3091784631108,9994276
2021-05-13,1360.03955078125,1363.45626317563,1337.300476166531,1342.554259028572,5157519
2021-05-14,1377.1229248046875,1380.4993301082245,1366.8727881141,1371.6964678083946,9786489
2021-05-17,1386.3680419921875,1392.5984454902864,1369.686576227244,1381.3434366224244,6067555
2021-05-18,1382.5494384765625,1388.1768214708743,1372.5004706877496,1384.7602308738128,6659869
2021-05-19,1373.5052490234375,1380.3386739016912,1363.657206811695,1376.3190623505066,5724475
2021-05-20,1366.90771484375,1370.32501671081,1354.2437967621638,1359.8721506676657,6891541
2021-05-21,1361.8824462890625,1370.3250994512914,1352.2336650195969,1363.6915775528105,6319103
2021-05-24,1361.47998046875,1371.731884419983,1357.057755309374,1366.9074948529874,3297676
2021-05-25,1358.8668212890625,1367.1445628574315,1352.908649913728,1356.2536053236256,8931613
2021-05-26,1360.0731201171875,1363.9607912383997,1353.0375558945077,1357.6609858265983,4055402
2021-05-27,1346.805908203125,1356.8567303747657,1334.9460768859683,1355.6507242777554,20910494
2021-05-28,1351.027587890625,1358.867238192156,1340.5747208219173,1340.7758030778182,12840033
2021-06-01,1344.5946044921875,1365.5505112754174,1343.9916015020458,1360.6759427691684,5749925
2021-06-02,1346.6053466796875,1353.8417501334138,1341.6170208990889,1342.5849195483652,9590017
2021-06-03,1350.223388671875,1355.2487395268408,1337.1574277312804,1347.208251235421,5051020
2021-06-04,1361.0782470703125,1361.6812501764002,1347.6221797774851,1356.253856838997,3291361
2021-06-07,1359.2691650390625,1368.1580717812767,1350.2233873558898,1359.6712077223729,3812785
2021-06-08,1358.6661376953125,1373.9665362770224,1357.8621740651604,1358.2640949831275,11633943
2021-06-09,1387.4111328125,1390.627351814152,1355.4495378160768,1358.0627538156014,8161965
2021-06-10,1403.693603515625,1411.909961928575,1391.355120460492,1394.4468661848773,8105373
2021-06-11,1410.5281982421875,1415.3525886193656,1406.3068109893286,1407.3119785888048,6016800
2021-06-14,1414.5487060546875,1421.1721196293263,1408.7192690365025,1411.7344068845723,5353455
2021-06-15,1424.197265625,1431.031747524479,1417.7084356836556,1425.805314533827,6709081
2021-06-16,1442.8916015625,1458.9728202969106,1417.764605944335,1417.965688165324,12910016
2021-06-17,1442.6910400390625,1444.701132039554,1424.8005635458346,1427.212698305271,24874287
2021-06-18,1430.6297607421875,1446.1079767661706,1427.4134194842786,1442.690675076743,17606562
2021-06-21,1422.1871337890625,1433.6449234441695,1413.820724596628,1425.6043137449842,4941881
2021-06-22,1401.88427734375,1420.3536357875396,1398.2660154893535,1416.357446555528,6276840
2021-06-23,1416.357421875,1450.932112894389,1378.5663898906894,1388.8182940250924,13662135
2021-06-24,1418.1666259765625,1424.8001468678517,1408.3168857485202,1421.7848879546846,10170620
2021-06-25,1420.3778076171875,1424.599194478267,1410.3269851146813,1421.382975123376,6120218
2021-06-28,1428.418701171875,1432.0369635819632,1413.5434870479453,1417.3627099056114,5374721
2021-06-29,1432.8408203125,1439.2733810684465,1422.3879547569131,1425.604296031987,4807282
2021-06-30,1426.6092529296875,1438.4692061573437,1423.5941158634002,1435.6549077169373,7260330
2021-07-01,1445.3040771484375,1446.5100834809034,1430.83078321668,1441.8867750199452,5588254
2021-07-02,1445.1026611328125,1456.4329308949273,1441.6853597935876,1445.50470374885,6552344
2021-07-05,1439.675537109375,1451.3344097671068,1434.8511466110212,1448.9222754150355,2490716
2021-07-06,1441.484619140625,1447.314055270599,1434.047012301331,1436.2581861295423,3872829
2021-07-07,1444.298828125,1445.906998869992,1433.6450014249515,1442.4896969339886,5387795
2021-07-08,1433.2430419921875,1440.0775244669824,1424.398345969384,1437.2633472939874,8387291
2021-07-09,1442.48974609375,1447.7161793988805,1432.2379617305708,1439.0725658354995,6400994
2021-07-12,1446.1077880859375,1449.5249675353095,1425.8050628240796,1435.4538417504846,4882344
2021-07-13,1451.5352783203125,1451.5352783203125,1437.2630693747687,1440.4794104296482,4707221
2021-07-14,1445.1026611328125,1448.720922882962,1435.0518393202508,1445.9067463648876,5906293
2021-07-15,1414.146240234375,1446.8153391720627,1413.9451580281277,1445.1026692845708,6067368
2021-07-16,1431.8358154296875,1431.8358154296875,1414.3152318568784,1418.970815344794,7640363
2021-07-19,1421.1822509765625,1448.3194663912311,1408.7192912663486,1431.6349969621158,8788349
2021-07-20,1419.5738525390625,1432.4388529328546,1416.156550651806,1428.619508365085,10932918
2021-07-21,1420.98095703125,1439.2734729209308,1415.754645714122,1418.7697831606235,6331233
2021-07-22,1416.7596435546875,1423.39316494194,1409.754162664696,1418.9708173504384,4373612
2021-07-23,1423.1922607421875,1426.4086025159563,1413.3425185455717,1415.754774875898,3389315
2021-07-26,1406.90966796875,1422.7900477311107,1400.2762689076687,1418.3677004942597,4151193
2021-07-27,1406.306640625,1408.9198568374904,1390.290825993835,1399.87420209748,5421837
2021-07-28,1408.71923828125,1433.4441962963645,1390.4267203546565,1396.0551967777792,8705855
2021-07-29,1413.5433349609375,1432.0368095051915,1408.9199054277751,1416.9605147615732,7088236
2021-07-30,1425.0013427734375,1428.2175623667836,1405.502699391125,1412.7393457189105,7626541
2021-08-02,1434.85107421875,1434.85107421875,1413.543421639342,1428.6194737190276,6269612
2021-08-03,1440.6805419921875,1449.927280035033,1429.624672788156,1441.8866700310475,7482667
2021-08-04,1440.8817138671875,1448.5204041066474,1437.4645332802982,1447.3142758908025,4680458
2021-08-05,1449.323974609375,1451.9371908043329,1443.8965818017823,1445.7057127376463,6435317
2021-08-06,1443.6956787109375,1452.9424159693012,1438.8712887589998,1451.5353276071107,6324201
2021-08-09,1455.75634765625,1456.359350625919,1444.097478281473,1445.5045664068184,6834541
2021-08-10,1453.34423828125,1456.9626218455182,1447.3138425958475,1448.7209308626354,6796352
2021-08-11,1472.84326171875,1479.959210860835,1453.143655482032,1454.9527868371913,6483427
2021-08-12,1481.48681640625,1482.290779959172,1222.0054787507102,1475.456298096999,4031646
2021-08-13,1499.376953125,1502.5931722598789,1484.3007812996582,1486.71291520227,5874824
2021-08-16,1506.814453125,1507.0154135218745,1491.4246623439888,1497.567717190993,5344319
2021-08-17,1524.1019287109375,1528.1222331428723,1496.96484334683,1500.382022947751,8217838
2021-08-18,1533.549560546875,1536.5648191909615,1516.4631760931752,1530.1323810914832,6126916
2021-08-19,1521.522705078125,1521.723818358458,1494.5824178632818,1502.6243910033777,6312047
2021-08-20,1523.33251953125,1528.760751910607,1513.0790292861982,1523.935615857945,5650396
2021-08-23,1510.264404296875,1533.5858747144237,1506.444591239083,1530.771140983752,3913181
2021-08-24,1491.5672607421875,1508.6561694661482,1478.4991570704087,1508.6561694661482,6540031
2021-08-25,1490.5616455078125,1493.447639649373,1484.5303172986662,1485.7366316657046,4021824
2021-08-26,1486.3399658203125,1492.5724083279326,1479.0389793036854,1482.7210221400123,4749063
2021-08-27,1483.3240966796875,1488.7524507679282,1479.906266663579,1479.906266663579,4367571
2021-08-31,1469.652587890625,1482.5195737943825,1459.399221821866,1467.8431775145502,8856550
2021-09-01,1479.10205078125,1497.079705031902,1470.859206652936,1470.859206652936,6241301
2021-09-02,1483.9271240234375,1488.1491634721633,1477.0915861219592,1482.1177133491335,6299981
2021-09-03,1486.5404052734375,1494.7833689866432,1477.8954586691948,1488.5509287936086,4862702
2021-09-06,1495.989501953125,1496.3917284542038,1482.1173165596213,1482.1173165596213,2435794
2021-09-07,1478.49853515625,1503.830400295535,1474.0755052836926,1503.830400295535,3985133
2021-09-08,1460.6055908203125,1471.6632894981472,1450.5533368072224,1471.6632894981472,15217017
2021-09-09,1434.2685546875,1455.1773945937916,1434.004098615232,1454.3731850179684,5919194
2021-09-10,1427.0308837890625,1450.553343443092,1414.3648877539604,1425.824569449286,3935765
2021-09-13,1422.8087158203125,1440.0987325412304,1422.2056196114816,1435.273597431555,197676
2021-09-14,1421.6024169921875,1427.4326308048362,1416.3128092741554,1423.2107140330218,6489641
2021-09-15,1404.91552734375,1422.4067797319765,1402.905125372768,1419.39105496249,8061974
2021-09-16,1402.3023681640625,1412.354745888271,1397.0821920314302,1411.148309513193,11859039
2021-09-17,1395.466552734375,1413.1587989101088,1390.8425301454995,1410.7461700535423,18340682
2021-09-20,1411.3489990234375,1415.369924543042,1384.6098260461158,1398.0799082648405,5747044
2021-09-21,1426.4276123046875,1426.4276123046875,1407.9312803727316,1413.3595119789527,9539829
2021-09-22,1436.4801025390625,1441.7073430868816,1417.9837691297143,1424.4173240684977,7827518
2021-09-23,1421.4012451171875,1440.5006700603997,1421.4012451171875,1436.479744904618,4647786
2021-09-24,1395.265380859375,1421.8034421596212,1393.2548570721524,1419.1899439557517,7035319
2021-09-27,1394.46142578125,1406.7253185884742,1390.0383944553366,1405.5190040960335,7406434
2021-09-28,1390.239013671875,1402.7038946500156,1387.022297699807,1387.6255156910097,6643956
2021-09-29,1412.3546142578125,1414.566129842244,1396.6728918520078,1400.4928267025828,5979030
2021-09-30,1410.9471435546875,1426.4277521745942,1407.9314184289603,1425.6235425659966,7956035
2021-10-01,1392.8526611328125,1407.328066014156,1388.228639444428,1405.920760361735,6262303
2021-10-04,1392.048828125,1404.9158175615037,1388.2290148658583,1392.048828125,5604323
2021-10-05,1395.265380859375,1401.2967085950163,1386.339897736843,1389.636036068165,6505315
2021-10-06,1387.6256103515625,1389.4348990095857,1369.9334885787698,1384.20778087827,6218302
2021-10-07,1408.13232421875,1409.7406213859,1391.445403645127,1393.0538226252868,9716163
2021-10-08,1406.322998046875,1417.9836709127728,1405.5187885086027,1415.3700508198965,5620103
2021-10-11,1400.090576171875,1405.9209126853068,1395.4664321694852,1400.693672427396,5772577
2021-10-12,1412.3546142578125,1468.0756710081364,1385.3629173288614,1390.239336600465,15983365
2021-10-13,1408.33349609375,1411.9523174496744,1392.989561986563,1407.1271817041002,7292144
2021-10-14,1409.1375732421875,1417.782642835925,1402.7040189151023,1417.782642835925,4839337
2021-10-15,1406.9261474609375,1412.3545011429014,1396.8738932917158,1412.3545011429014,7937867
2021-10-18,1402.9052734375,1413.7618593908687,1395.2655258780337,1400.894871254337,7499653
2021-10-19,1414.5660400390625,1414.9680230170472,1392.8528685767037,1397.4770127667882,7119387
2021-10-20,1415.5711669921875,1418.9888748172757,1406.3230009092665,1416.5763680105654,5507358
2021-10-21,1418.1849365234375,1421.401653209,1409.0875739972944,1417.3807268987894,4923268
2021-10-22,1428.237060546875,1433.6654141094257,1416.5763874968404,1421.2004096954,4481241
2021-10-25,1432.057373046875,1443.7180491751346,1429.4437522227736,1435.4752036342463,5822094
2021-10-26,1441.70751953125,1442.3106158940298,1430.0468444305734,1434.8718589588918,5734584
2021-10-27,1449.346923828125,1493.9793330277184,1429.8453915768491,1449.5479152969783,11453975
2021-10-28,1506.8460693359375,1514.5813160897503,1466.8378105081654,1500.814742702947,11953727
2021-10-29,1516.49658203125,1519.9144114878818,1493.9793251744586,1497.3971546310904,8067886
2021-11-01,1552.484130859375,1556.9071618771338,1494.2610364338957,1527.9564687668162,11220866
2021-11-02,1572.789794921875,1572.789794921875,1509.8620458471482,1552.4839313358225,8357823
2021-11-03,1578.8214111328125,1578.8214111328125,1553.6644615767852,1557.1083596687372,12207117
2021-11-04,1578.619873046875,1583.646121095616,1561.5309707575586,1580.8313880806809,11817387
2021-11-05,1584.249267578125,1599.327768577226,1576.6095213495284,1588.2703148700232,6488980
2021-11-08,1566.356201171875,1582.2389120946168,1549.066184562246,1582.0379206306366,7972381
2021-11-09,1567.9649658203125,1574.1974079598658,1558.3146935355092,1564.7481271833544,6622820
2021-11-10,1598.524169921875,1598.524169921875,1563.1399147367329,1563.1399147367329,10202481
2021-11-11,1598.1217041015625,1602.1426299022537,1588.0693286933276,1593.899665013679,6935224
2021-11-12,1601.7406005859375,1612.798177511925,1595.9102639909663,1602.7458016302037,7706243
2021-11-15,1595.70947265625,1607.5712615361788,1586.2603129449735,1601.5398104275926,5029662
2021-11-16,1566.1552734375,1588.181991491104,1557.1082202264154,1583.8473968840858,26874595
2021-11-17,1567.1605224609375,1570.9803350531492,1548.4630770174672,1561.7321689770824,9409088
2021-11-18,1520.1441650390625,1549.09935232775,1514.7149912777934,1544.8766751613657,11795424
2021-11-19,1529.7960205078125,1540.85514713117,1523.8440676131784,1533.214245061887,23826310
2021-11-22,1534.420654296875,1541.257346678212,1525.0776457905677,1536.230338319834,4152901
2021-11-23,1541.659912109375,1550.3062914397344,1516.927392983844,1529.5953072629964,6007611
2021-11-24,1547.8929443359375,1556.5393216942746,1538.4423576364368,1540.453185567948,5215441
2021-11-25,1548.2952880859375,1553.121153465705,1541.8567398647374,1548.2952880859375,4574096
2021-11-26,1518.937744140625,1535.023878881712,1511.0956986302017,1520.1442407956356,9356135
2021-11-29,1533.21435546875,1544.4747484325458,1513.508850529272,1523.763768592821,10803389
2021-11-30,1533.21435546875,1544.876914026356,1513.508850529272,1525.3724309680613,19917911
2021-12-01,1549.5015869140625,1553.1210771446088,1529.3937951812295,1532.007932374566,8339314
2021-12-02,1542.2628173828125,1562.9737961321127,1540.6542769237044,1553.3220660517168,6541103
2021-12-03,1542.866455078125,1549.502006215909,1534.8233849410783,1547.0890120759118,6360157
2021-12-06,1563.1749267578125,1574.2341761961443,1547.0886682275009,1550.7081586330469,5301369
2021-12-07,1584.2882080078125,1603.5915493306293,1560.7621884332027,1568.403091835329,6869960
2021-12-08,1600.3741455078125,1603.9936357692009,1584.6901750342236,1590.5213932637446,9402176
2021-12-09,1605.8033447265625,1613.4443696999522,1599.1679165536186,1606.004488452942,5186323
2021-12-10,1620.68310546875,1621.8896023313682,1594.7442148268935,1605.602321096103,6747777
2021-12-13,1615.25390625,1619.4765839715374,1606.8086726383656,1616.460403003502,12237622
2021-12-14,1606.607666015625,1627.519790868247,1599.071416137191,1620.683097179828,4665410
2021-12-15,1617.2646484375,1617.2646484375,1597.9613091078277,1610.830242604757,9207868
2021-12-16,1627.31884765625,1632.9490451819563,1598.9910825709453,1631.1393605900269,37421852
2021-12-17,1622.090576171875,1633.350969559821,1617.3703385610015,1628.7262478039684,15328588
2021-12-20,1600.3741455078125,1605.6021762761554,1583.282534572408,1594.3419054017122,7547417
2021-12-21,1616.46044921875,1616.46044921875,1600.575334586851,1602.1838751394023,9124401
2021-12-22,1623.2972412109375,1623.2972412109375,1607.8141694022688,1621.6885787291403,4253103
2021-12-23,1622.8946533203125,1627.9216617295767,1606.004187714099,1621.6882785137464,3212401
2021-12-24,1622.693603515625,1627.5195903468211,1610.0258144937604,1618.672191485833,1108090
2021-12-29,1626.1124267578125,1636.1662026899485,1623.0962452455867,1629.731674008436,4400479
2021-12-30,1626.71533203125,1637.556380991455,1625.10666968217,1627.720685083705,3172524
2021-12-31,1615.25390625,1632.5465390577697,1609.6237098984302,1612.237725281965,2160368
2022-01-04,1606.0042724609375,1616.460333545789,1588.510618528323,1599.1677014810668,7701951
2022-01-05,1613.6455078125,1615.8573579732663,1593.7388563656018,1596.5538940860465,6172454
2022-01-06,1597.3582763671875,1608.3451596342863,1589.114184852145,1596.1519012093293,4383814
2022-01-07,1607.0098876953125,1607.0098876953125,1587.3042605056366,1589.5159885714277,5600567
2022-01-10,1620.0797119140625,1622.8947490707085,1596.6230182449876,1608.6182977554624,14440692
2022-01-11,1640.388916015625,1644.0082851745874,1621.286473309609,1621.286473309609,9524783
2022-01-12,1644.8125,1651.6490721680716,1637.774784097642,1643.4049811858197,10676691
2022-01-13,1639.9862060546875,1648.4314385665311,1634.5571541180932,1642.3991992474569,10219587
2022-01-14,1649.83935546875,1659.4910869079845,1629.5305394328684,1631.139201949892,5442936
2022-01-17,1716.9989013671875,1746.3561345804333,1701.1137880742654,1729.666811994745,14573030
2022-01-18,1710.363525390625,1716.4993224985658,1695.6849072988507,1710.9668347105328,13113726
2022-01-19,1675.3760986328125,1715.5915625736227,1675.3760986328125,1702.5214850144946,12300225
2022-01-20,1645.415283203125,1667.131734945101,1629.5301708506463,1665.7242164767977,11243686
2022-01-21,1656.0723876953125,1662.7079364193405,1629.530192799201,1635.964719667089,10906567
2022-01-24,1623.2972412109375,1654.8663286803203,1623.2972412109375,1651.045816201778,8671926
2022-01-25,1623.095947265625,1626.112128224118,1602.1838242635088,1626.112128224118,7267542
2022-01-26,1640.58984375,1646.8232284618043,1628.5252399689068,1639.58449055944,9261602
2022-01-27,1690.0545654296875,1692.4675588390287,1627.1174205585169,1629.5302921364228,9724128
2022-01-28,1669.947021484375,1706.0403179157297,1662.9093062595234,1699.1031136326171,20345156
2022-01-31,1651.8499755859375,1681.4082318778644,1650.0402913979192,1680.2018569734778,6679651
2022-02-01,1653.0565185546875,1669.745965353697,1644.707774717302,1651.2468341826805,7934015
2022-02-02,1658.8875732421875,1671.5553616631703,1646.6218285399646,1667.9359935428895,7103587
2022-02-03,1637.37255859375,1668.5396024262782,1637.37255859375,1662.5072399215433,6893910
2022-02-04,1643.80712890625,1656.475041758712,1640.3887819437443,1649.8393697343397,6271354
2022-02-07,1647.0244140625,1654.8664615436942,1636.1661851015035,1642.3996918032078,12682409
2022-02-08,1652.654296875,1667.5339358689082,1640.5895732516651,1648.8337848167523,7196542
2022-02-09,1629.5303955078125,1675.9792423541028,1619.677643039902,1644.8123225754298,8227665
2022-02-10,1649.83935546875,1663.9147869983456,1621.5296241937,1636.367233298765,7513917
2022-02-11,1628.1226806640625,1633.7528764665024,1609.221509193218,1626.3129966260333,11042366
2022-02-14,1579.6634521484375,1629.3296316085666,1575.6419174057717,1628.927465951154,11016852
2022-02-15,1606.406494140625,1609.6236969593283,1577.652446984328,1580.4674842217637,8820044
2022-02-16,1584.4888916015625,1606.4063657879674,1582.8803512364534,1605.4010128308455,7418817
2022-02-17,1588.1085205078125,1590.923679814054,1571.419195719476,1584.6902955259795,7500440
2022-02-18,1575.4404296875,1594.140578986604,1564.5823256421208,1570.0113776648104,10871345
2022-02-21,1569.8104248046875,1587.505223324205,1560.762003666953,1573.4297932597813,3948058
2022-02-22,1565.989990234375,1570.1070400104588,1538.241296476786,1550.305898263436,19359117
2022-02-23,1581.4730224609375,1591.7279406155888,1566.9954264494888,1568.4029451246067,7958479
2022-02-24,1513.783447265625,1556.6205743297598,1513.582267059385,1538.520448445504,11836810
2022-02-25,1572.7098388671875,1577.7376383540295,1510.7245201021726,1517.2023768802444,8170644
2022-02-28,1554.00634765625,1568.0843329372333,1532.2860727683403,1548.173948948628,9434954
2022-03-01,1553.6038818359375,1569.6929358876118,1537.514705930723,1567.8829233994754,6868910
2022-03-02,1558.833251953125,1567.6591060933351,1527.4594912002049,1554.810987431322,9640439
2022-03-03,1534.49853515625,1558.2298844317534,1533.090760805252,1552.7998454263725,5878075
2022-03-04,1496.8900146484375,1540.7328019493136,1482.8120297111675,1533.4926292610733,13125436
2022-03-07,1492.26416015625,1501.9176413942407,1453.4491768613686,1468.1305789148144,13525181
2022-03-08,1517.001220703125,1517.001220703125,1481.806261003869,1489.0464331482124,11003413
2022-03-09,1555.213134765625,1562.654488779458,1534.2973344706688,1562.654488779458,13497820
2022-03-10,1540.53173828125,1565.0675627411918,1531.28049381837,1557.8276332123123,9635617
2022-03-11,1555.213134765625,1565.671217693463,1539.4539339852654,1543.146340963178,7999538
2022-03-14,1569.2908935546875,1579.5477947412369,1543.146116525144,1556.6206827000744,6998141
2022-03-15,1578.7430419921875,1578.7430419921875,1546.880536136346,1551.7937924928576,7377096
2022-03-16,1590.60888671875,1599.8601302629704,1575.1231280246172,1596.642343507366,11868294
2022-03-17,1626.8092041015625,1626.8092041015625,1581.9608872761555,1590.8098912670728,6798420
2022-03-18,1618.966064453125,1630.4295594398254,1602.876886686649,1626.2061152432286,27827914
2022-03-21,1624.99951171875,1629.423892400389,1611.7228359207757,1616.150384794811,15169728
2022-03-22,1631.23388671875,1634.2506148886166,1618.9659156929465,1632.440480503862,12697453
2022-03-23,1621.580322265625,1636.4627832711972,1618.7647742282663,1628.8204944172624,9455739
2022-03-24,1634.6527099609375,1642.0939401872438,1616.2809733439435,1616.9547015755786,8368134
2022-03-25,1632.6419677734375,1640.5135862933746,1624.413440158237,1632.239607297999,10937862
2022-03-28,1649.133056640625,1661.4010284323238,1631.435046916293,1637.0662650613672,12099004
2022-03-29,1650.5408935546875,1673.0656451390196,1640.887411182323,1653.3564418076458,7682899
2022-03-30,1670.049072265625,1670.049072265625,1637.8949623170922,1643.099815570874,8657581
2022-03-31,1656.3731689453125,1676.0823722607963,1656.3731689453125,1663.4121614255887,7871617
2022-04-01,1665.8255615234375,1671.4365520823435,1655.5686605460585,1660.3955234908624,5346538
2022-04-04,1662.0042724609375,1677.910303360294,1657.5797701706863,1676.484495007272,4959718
2022-04-05,1713.288330078125,1717.137683722691,1667.49076999179,1675.6800596732303,7342658
2022-04-06,1734.4053955078125,1734.4053955078125,1702.4282197161729,1704.6405928834372,12205858
2022-04-07,1750.6954345703125,1755.5482519010095,1734.00296148814,1748.4831835059358,12399061
2022-04-08,1788.5050048828125,1789.7117206788903,1757.3323055322676,1759.7457371244234,10939703
2022-04-11,1793.7340087890625,1797.9574532050103,1777.242713436462,1780.8627390195256,8259490
2022-04-12,1793.7340087890625,1799.5664076212877,1772.0137334371211,1785.488422039543,9383790
2022-04-13,1791.119384765625,1811.6330646239453,1779.4548316811176,1789.9126690437115,7744695
2022-04-14,1782.873779296875,1796.3484676658386,1772.97902662746,1782.471662553333,12155727
2022-04-19,1769.3992919921875,1778.0472394366489,1753.8733201218754,1767.991517766094,14631398
2022-04-20,1750.494384765625,1766.9858007310886,1743.656572717996,1762.3601180590751,9085719
2022-04-21,1754.5167236328125,1759.94688368451,1745.2654797469672,1758.1367490982395,13886441
2022-04-22,1751.701171875,1760.7513573741742,1748.0428843999937,1757.533448652571,7666762
2022-04-25,1748.885498046875,1752.706703718923,1714.0928958233146,1729.5786550258488,7230286
2022-04-26,1764.37158203125,1772.3599370921656,1746.0813598636184,1762.9638076361623,11815315
2022-04-27,1807.007568359375,1822.091089951864,1756.1257848189523,1759.7458105045794,12383400
2022-04-28,1820.4820556640625,1821.889829735452,1791.1193711093547,1803.7895814589624,9401818
2022-04-29,1807.007568359375,1827.1190117184033,1795.745252687028,1809.8231168140708,12209297
2022-05-03,1804.7950439453125,1804.7950439453125,1775.2313022279477,1776.035779337211,15741379
2022-05-04,1781.06396484375,1802.3820021373656,1776.6393400857164,1794.9407705519277,5749999
2022-05-05,1790.51611328125,1803.3875050001343,1777.6449652694887,1778.248262253302,6328592
2022-05-06,1778.8515625,1797.3540510445782,1769.8014984583922,1793.3317868201343,12120666
2022-05-09,1746.47216796875,1776.6392088428224,1744.4610968990412,1774.024840822912,6075829
2022-05-10,1755.1201171875,1761.8584969280323,1732.7984955598097,1747.88006636084,8681902
2022-05-11,1749.6898193359375,1757.0747534576049,1726.7629529069986,1755.1199788815832,20030261
2022-05-12,1722.74072265625,1736.2154107796357,1712.4839432510198,1730.1819537866502,17060260
2022-05-13,1765.17578125,1770.806999796716,1732.3943711036522,1740.8411379969466,16689497
2022-05-16,1808.41552734375,1808.41552734375,1756.7292612918611,1762.5616608851997,15006679
2022-05-17,1796.1473388671875,1806.0020019979625,1783.0750105746004,1806.0020019979625,5513984
2022-05-18,1780.0579833984375,1815.9175310645132,1779.2535063161242,1793.1304313521714,16505384
2022-05-19,1741.4140625,1766.7568489439473,1721.7030469987676,1759.1138095780923,14193236
2022-05-20,1773.9974365234375,1782.0427526064636,1751.6716782997655,1757.9068043573852,17559925
2022-05-23,1792.099853515625,1795.5191562572452,1772.3887150901005,1794.3123220192288,15112332
2022-05-24,1792.099853515625,1802.3576398749665,1772.627084045928,1773.7966274350267,20020484
2022-05-25,1785.06005859375,1800.1450590988072,1783.249868282384,1798.7371468416904,14289938
2022-05-26,1763.73974609375,1795.317656049603,1763.73974609375,1795.11657797632,7666363
2022-05-27,1743.0230712890625,1761.9296514183122,1737.3913006805722,1759.3149051309956,7785771
2022-05-30,1737.793701171875,1748.0516089598125,1725.5246468039447,1744.2300283016289,10976489
2022-05-31,1742.4197998046875,1751.6719513017838,1735.983472815855,1738.3970192707225,19820955
2022-06-01,1717.47900390625,1761.5272887755648,1714.663179670006,1752.878494261316,7953528
2022-06-06,1704.6063232421875,1738.597898492059,1704.0029672061562,1731.7594165769106,5913016
2022-06-07,1729.345947265625,1735.7821519405954,1704.6065189654196,1710.0372113752107,9974063
2022-06-08,1760.9241943359375,1765.9523656009917,1735.581284982131,1744.833436960176,23512284
2022-06-09,1719.4906005859375,1759.5162319847211,1718.082566433132,1742.4198408420075,11144838
2022-06-10,1746.4425048828125,1766.153520695481,1716.674659333495,1758.711681173666,14567457
2022-06-13,1746.4425048828125,1762.1308619201295,1733.7710505278724,1745.2356706905528,15377856
2022-06-14,1721.9039306640625,2741.9795777790196,1709.1118310961022,1744.0286120134438,11375411
2022-06-15,1728.3404541015625,1739.804952230513,1715.8700780288823,1719.0883024943548,15336856
2022-06-16,1681.4761962890625,1723.9153700802,1680.872840186078,1715.668853390066,20428441
2022-06-17,1693.14208984375,1700.181773279248,1675.4423422037582,1689.3206309722625,17784393
2022-06-20,1708.8302001953125,1711.042790196096,1693.7453231261904,1694.1474792730612,12008682
2022-06-21,1701.1873779296875,1715.0655445912569,1693.5443384541504,1709.6349735322317,7686546
2022-06-22,1715.4676513671875,1719.691387513916,1689.44693114879,1696.158795080733,21922668
2022-06-23,1729.345947265625,1738.59809811821,1700.7850605226256,1703.6008848347374,7004043
2022-06-24,1766.1531982421875,1766.1531982421875,1738.7991479370369,1744.0285180843869,7327755
2022-06-27,1774.198974609375,1780.0318237880206,1758.91277364572,1767.9638473633556,11357146
2022-06-28,1776.0091552734375,1793.817607940482,1773.5956085822895,1782.8477609851493,12406843
2022-06-29,1803.1619873046875,1803.1619873046875,1761.326168685922,1767.7624953447726,6788196
2022-06-30,1775.60693359375,1787.473710363952,1759.516297937835,1777.8194020897142,6783424
2022-07-01,1795.719970703125,1795.9211706460123,1757.7057336440562,1765.952128395906,6277662
2022-07-04,1812.8167724609375,1822.873481524723,1799.9441166145955,1802.3577852853584,11097374
2022-07-05,1796.7257080078125,1816.839122714596,1789.8872250014315,1810.201717797149,12321279
2022-07-06,1800.3463134765625,1834.7400522976232,1785.4291213302774,1811.006377572604,11439124
2022-07-07,1801.552978515625,1820.6607596391127,1796.725763710961,1806.179115225121,17165499
2022-07-08,1764.7452392578125,1801.955038410983,1749.539594704985,1790.6913768381855,8119971
2022-07-11,1778.8250732421875,1782.0431760670058,1737.9950052059569,1753.6833631092768,6333243
2022-07-12,1752.4764404296875,1774.4000466316304,1749.0571378014822,1772.3886563016522,12842163
2022-07-13,1704.6063232421875,1748.6856799403724,1701.7904992533893,1746.2409363655745,16775675
2022-07-14,1689.5216064453125,1704.0032505071274,1674.8387624277104,1699.5781920004115,14983685
2022-07-15,1728.94384765625,1731.5585941582517,1688.3732332723544,1699.5782799666608,18227952
2022-07-18,1734.3355712890625,1798.9769460140396,1712.12289812102,1747.3137623535367,16538174
2022-07-19,1780.40771484375,1780.40771484375,1724.9010286694854,1727.0972886140105,9821852
2022-07-20,1773.22021484375,1805.3662695459952,1772.0222766986722,1795.1833078507195,7779593
2022-07-21,1743.8690185546875,1782.6038412612318,1732.687738392887,1732.687738392887,8797064
2022-07-22,1740.275390625,1761.6395122918982,1736.4818389912054,1743.270357535345,7745181
2022-07-25,1741.872802734375,1763.4365401025286,1734.485193320286,1735.0841623288843,19207087
2022-07-26,1752.0556640625,1757.446628940411,1737.2804450438573,1737.4801826263083,6695721
2022-07-27,1752.8541259765625,1768.2281899999089,1734.2852360041052,1748.8608372711738,12444105
2022-07-28,1740.0755615234375,1774.1942457301104,1725.8994352991083,1772.0218713161798,8462627
2022-07-29,1724.7015380859375,1755.6495286139707,1719.3105734273067,1748.0623036963295,9249374
2022-08-01,1690.9583740234375,1728.4283642624962,1687.763669518553,1720.109336670604,5596323
2022-08-02,1692.15625,1705.733408517753,1677.474868081242,1678.9784447639038,11847452
2022-08-03,1673.9866943359375,1685.567207348835,1652.422837573058,1677.1812765927707,11983354
2022-08-04,1655.6175537109375,1682.9716062460354,1652.4228495654172,1668.595742254951,9420793
2022-08-05,1664.2032470703125,1664.2032470703125,1642.4397725375848,1655.8173155134125,4746977
2022-08-08,1656.6160888671875,1666.998665410195,1649.8274483175817,1665.6009897834504,8699897
2022-08-09,1644.037109375,1655.2182696882107,1632.6562114949952,1655.2182696882107,7659249
2022-08-10,1553.9884033203125,1649.228371161198,1553.820716378443,1646.6327576620124,17062561
2022-08-11,1397.651123046875,1548.9967488551351,1368.6997783551897,1546.2015197283454,32189455
2022-08-12,1447.5673828125,1469.3308584175438,1413.2250701850858,1447.5673828125,16160972
2022-08-15,1403.6409912109375,1459.5470335351283,1390.9623482157588,1453.7567161196368,14797491
2022-08-16,1422.6094970703125,1453.3578774023265,1414.0239483382932,1414.0239483382932,9359790
2022-08-17,1413.0252685546875,1415.0219129579398,1390.0638579172871,1401.8439867771733,12397250
2022-08-18,1399.808349609375,1426.64036273021,1389.4286048629144,1400.4073872946512,9675891
2022-08-19,1422.97216796875,1435.5525699423745,1397.811607780501,1401.0065569893422,11098690
2022-08-22,1425.568115234375,1434.7196806863576,1415.383986722086,1419.3777339317303,4925808
2022-08-23,1400.4073486328125,1427.9641783101313,1393.8176905177231,1423.371393677159,7411666
2022-08-24,1396.813232421875,1404.187673763985,1382.2670353548156,1402.0050555847215,8912808
2022-08-25,1388.2264404296875,1404.4010665484866,1383.8332944840006,1400.8067187309182,7077557
2022-08-26,1392.6197509765625,1429.7496084232018,1387.3279869811508,1411.9893281382651,23110983
2022-08-30,1398.6103515625,1417.780289828096,1382.835000994305,1387.6275465004514,8291625
2022-08-31,1377.243896484375,1395.4593979756587,1371.8523128005245,1390.423214929783,12841068
2022-09-01,1355.07861328125,1378.242424221489,1348.3681710263886,1373.449877991229,9909624
2022-09-02,1349.88671875,1359.4716888267617,1330.8454833559736,1356.076978915542,10249690
2022-09-05,1355.677490234375,1364.943987713991,1345.4933620889165,1360.8693126681076,5393345
2022-09-06,1345.2939453125,1364.314095721861,1343.0973109364202,1349.2876930368182,5375516
2022-09-07,1342.2984619140625,1353.774513049879,1328.9193843821008,1347.889683633235,7618982
2022-09-08,1342.0986328125,1344.0955063157946,1319.1345875246122,1328.91931644255,5625040
2022-09-09,1346.491943359375,1365.3624246462916,1340.3016834948633,1340.3016834948633,5219765
2022-09-12,1375.44677734375,1379.8399244893733,1349.4874155226764,1352.787303411919,8083887
2022-09-13,1357.275146484375,1386.8288543538845,1351.7837435333695,1369.0566287788292,5042120
2022-09-14,1330.1173095703125,1355.8770249222468,1327.1219995005283,1354.0797901285848,6249565
2022-09-15,1335.50927734375,1341.4998992115115,1327.921180687155,1331.3158907881225,6301467
2022-09-16,1319.3343505859375,1340.3015224115852,1318.9349515085994,1331.3155916291648,14131454
2022-09-20,1310.5482177734375,1326.5232077737342,1303.7589201510125,1308.3517054001973,10549192
2022-09-21,1302.560791015625,1329.035335805318,1299.964879380475,1320.9320548543535,17315235
2022-09-22,1293.9742431640625,1305.7318372621696,1278.9178583470782,1297.3689530544375,28729322
2022-09-23,1311.147216796875,1326.12376947981,1281.1941114310052,1315.9397624072133,8863889
2022-09-26,1322.928955078125,1344.8945679171582,1306.554564767671,1330.5170515011616,9465629
2022-09-27,1314.5419921875,1342.0988261263112,1314.529072960093,1328.7198692307427,26177235
2022-09-28,1339.502685546875,1342.032781734504,1310.348381936008,1317.537077602405,8451750
2022-09-29,1313.743408203125,1331.8360561822972,1304.358076349762,1323.7277778599978,14798205
2022-09-30,1303.7587890625,1350.1990183085975,1302.1611927195022,1307.9521747641468,11903136
2022-10-03,1317.5372314453125,1321.530978810639,1284.1894165689368,1287.9835253177955,7155564
2022-10-04,1326.323486328125,1339.3031648928486,1309.1503000224866,1320.1331049618682,8558465
2022-10-05,1326.9227294921875,1326.9227294921875,1309.3502632442658,1322.3299438186814,7340457
2022-10-06,1320.532470703125,1333.907526007638,1311.746300101275,1323.3281424597765,10248574
2022-10-07,1340.5013427734375,1345.8929263498494,1316.1394583063377,1317.9366934583095,10228700
2022-10-10,1343.89599609375,1346.691668017215,1330.3172793501287,1331.914753929467,6133284
2022-10-11,1355.07861328125,1359.87115951151,1337.8147458310275,1346.0926805091474,8951697
2022-10-12,1356.6759033203125,1381.0376624928142,1350.6593224956814,1357.0751805163318,5872896
2022-10-13,1328.9193115234375,1381.0376610147111,1308.55117748933,1367.0595465433903,12184401
2022-10-14,1348.0894775390625,1358.2736072273997,1333.3126842846714,1342.6980156870384,6838801
2022-10-17,1351.883544921875,1369.056610625507,1346.6917218615686,1352.2829440525531,5930675
2022-10-18,1361.6683349609375,1370.628307002796,1353.6808395146309,1363.265809674297,4731037
2022-10-19,1380.0394287109375,1388.426323012093,1361.6682873306495,1370.4544588865472,7700431
2022-10-20,1362.8662109375,1372.650940178078,1358.4730647094957,1371.2531043037827,7468865
2022-10-21,1390.2237548828125,1392.220628957083,1356.187070413143,1361.668479996653,4930672
2022-10-24,1385.2315673828125,1395.2159377374824,1363.8649904479146,1387.2284414537464,5367027
2022-10-25,1381.4373779296875,1395.615256140324,1371.65276867622,1391.4217477063974,4571777
2022-10-26,1392.8194580078125,1395.615130044504,1374.4481949026333,1381.037853983974,24922776
2022-10-27,1384.8321533203125,1395.8149605924996,1382.0364808992206,1394.017725196152,6179317
2022-10-28,1414.3856201171875,1418.1797289064525,1387.6275856122347,1387.6275856122347,5077937
2022-10-31,1426.566650390625,1436.950296348001,1401.2063294850311,1412.9878114380545,11485136
2022-11-01,1443.7398681640625,1457.717985836467,1426.5668009183426,1432.357662254916,9395551
2022-11-02,1443.34033203125,1473.0937998622796,1429.7616148139457,1457.717847505838,15917637
2022-11-03,1445.7364501953125,1453.9235829984902,1427.7645882453708,1441.5430644921216,7788579
2022-11-04,1443.34033203125,1460.713158151398,1437.549471244202,1447.3340795586632,10047402
2022-11-07,1375.2469482421875,1423.970593631023,1365.0628191950486,1423.970593631023,19131740
2022-11-08,1384.8321533203125,1387.6278257414042,1362.4781087469028,1370.6543963207516,6522487
2022-11-09,1405.00048828125,1410.3920724212085,1372.6512272005314,1374.0489414875997,7420515
2022-11-10,1405.9990234375,1423.7712519116287,1396.0146528069836,1398.4109261342123,7911066
2022-11-11,1321.5311279296875,1381.4373451692882,1308.551447527774,1377.64335787182,21285283
2022-11-14,1362.8662109375,1381.4371107545965,1313.144010314138,1319.3343915061637,19714083
2022-11-15,1352.083251953125,1371.452952915702,1342.298643093747,1362.2673818428966,8214730
2022-11-16,1372.251708984375,1381.237641144937,1347.889824084284,1349.2876601296057,7209179
2022-11-17,1352.4183349609375,1372.3890719748565,1341.434429603282,1360.0071906478856,4794862
2022-11-18,1366.397705078125,1372.5885841352003,1356.6119962287428,1360.4064846132032,6638654
2022-11-21,1395.954345703125,1408.1364450276922,1366.5973415224464,1366.5973415224464,7336410
2022-11-22,1407.537353515625,1410.932402783889,1392.1598634593877,1394.955815066591,3699588
2022-11-23,1381.9747314453125,1408.5357821077605,1380.57675574904,1405.9396111813585,4358725
2022-11-24,1377.9805908203125,1389.963030740489,1375.9835175002831,1383.172932695716,2364200
2022-11-25,1390.36279296875,1397.213716555384,1379.5785457771503,1379.5785457771503,3935152
2022-11-28,1392.759033203125,1397.9513752688777,1382.374227179933,1392.5592527287888,20052583
2022-11-29,1415.725341796875,1426.3077339792198,1389.7633883344365,1391.5606812083645,11899895
2022-11-30,1404.74169921875,1428.5068032809097,1402.34518638355,1419.3203129529666,15839800
2022-12-01,1413.328857421875,1419.9191752069455,1396.9528313041608,1410.5329059292094,4651308
2022-12-02,1421.916259765625,1425.5109675046726,1399.149574265512,1416.3244786280302,6419901
2022-12-05,1420.1187744140625,1430.1041409108332,1401.745797573349,1405.9396027453204,9655175
2022-12-06,1385.7691650390625,1431.1026299116704,1385.7691650390625,1426.509385854425,10037637
2022-12-07,1490.21630859375,1606.6456722745886,1486.02238100034,1587.6734735342422,23028093
2022-12-08,1481.42919921875,1499.8023010534037,1453.270509699994,1497.805227416848,9954903
2022-12-09,1455.6671142578125,1486.7685151946812,1453.270601364446,1476.4366082529991,12814563
2022-12-12,1442.885498046875,1462.057353485703,1434.6975460533863,1449.8752547848185,6227965
2022-12-13,1450.2747802734375,1464.8533922460138,1430.5037041367534,1435.2967292279773,7419602
2022-12-14,1441.6873779296875,1451.4729647378065,1435.0969380056536,1445.2820857753577,7760299
2022-12-15,1447.2791748046875,1453.4700538337452,1434.098416706496,1439.8899785530534,32136992
2022-12-16,1425.9105224609375,1446.0809166690424,1417.3231305275374,1443.4847454182511,15230015
2022-12-19,1418.7210693359375,1427.7079001250795,1415.6964488498022,1423.1145335417189,4147990
2022-12-20,1424.911865234375,1428.5684939385003,1410.3332538506788,1418.920645058197,9788937
2022-12-21,1451.073486328125,1461.4582924053902,1425.9104101989365,1431.3025327671016,5122523
2022-12-22,1452.671142578125,1458.3637277635055,1446.0807032863784,1446.0807032863784,10415831
2022-12-23,1450.674560546875,1461.6584672303084,1447.0797299371025,1451.8727561556525,7469337
2022-12-28,1438.0926513671875,1450.075092973552,1435.8959191627002,1447.478921670513,3483984
2022-12-29,1442.486328125,1442.486328125,1417.3232479303576,1434.897472343418,2790171
2022-12-30,1435.4964599609375,1448.277779585412,1432.1014105083398,1435.2968013603072,2018211
2023-01-03,1448.8768310546875,1468.0486879880514,1418.1039321745966,1419.9192651686874,7500096
2023-01-04,1445.681640625,1466.8505722161638,1440.688956580697,1452.671398287024,4367467
2023-01-05,1429.505126953125,1436.095444848319,1418.121784102324,1431.9016394309283,5995130
2023-01-06,1430.1043701171875,1438.6918841940972,1416.9237329856294,1429.9047115119247,6697363
2023-01-09,1419.3201904296875,1432.700607537088,1410.1335790030755,1432.700607537088,11006742
2023-01-10,1411.930908203125,1419.719543299252,1400.947004391078,1400.947004391078,18992388
2023-01-11,1407.7371826171875,1424.298851023089,1406.3002014228489,1415.5256962633534,14124559
2023-01-12,1428.9058837890625,1433.299469235652,1408.935151660634,1414.1274932573551,7332719
2023-01-13,1432.5008544921875,1440.8885879061554,1425.1116578681754,1425.3114383611853,6061618
2023-01-16,1434.0987548828125,1439.604725793734,1428.9064113689776,1431.3029244875631,4943601
2023-01-17,1435.6961669921875,1440.252478414461,1427.308434036037,1436.8943623180555,8703132
2023-01-18,1407.9368896484375,1428.307064770627,1401.146790643808,1428.307064770627,13381057
2023-01-19,1416.5242919921875,1421.5788970178198,1402.776492797001,1407.737241213447,10404610
2023-01-20,1404.74169921875,1421.365290107544,1400.1483321630724,1419.3203129529666,7385025
2023-01-23,1408.735595703125,1416.9235477154907,1403.343473257372,1406.5387418739815,4424411
2023-01-24,1384.970703125,1412.3306390142477,1383.1732879186932,1407.9370522034967,9731934
2023-01-25,1401.546142578125,1404.1423137213644,1387.82832969342,1388.964604044201,8042090
2023-01-26,1403.143798828125,1414.1277031288885,1397.7837334903031,1402.5447011536946,11826494
2023-01-27,1407.9368896484375,1421.6927335964767,1403.143864246146,1405.9398160460992,6676542
2023-01-30,1410.932373046875,1425.7107651305805,1403.7429574822922,1403.7429574822922,45395643
2023-01-31,1421.3172607421875,1433.0999214761414,1404.9412333595158,1404.9412333595158,11524269
2023-02-01,1417.5228271484375,1442.933589868256,1402.9442141413938,1436.0955873843536,36978256
2023-02-02,1425.3114013671875,1435.09698851975,1405.3406660864134,1422.9148887551555,12392870
2023-02-03,1437.493408203125,1449.475848596969,1414.3274055317015,1419.7195280872688,9430857
2023-02-06,1458.862060546875,1466.1514269229813,1423.9132774400025,1430.1041559765472,11791733
2023-02-07,1483.426025390625,1494.4099285593506,1457.863511485382,1459.4611457497697,13843436
2023-02-08,1498.8035888671875,1510.9856878681271,1485.0237336305877,1493.6112467763544,9320727
2023-02-09,1500.4013671875,1515.3794191464297,1473.4408736614266,1496.0077809012075,12329512
2023-02-10,1470.8446044921875,1502.7977798783045,1463.8548473764745,1497.8050962242237,8734481
2023-02-13,1485.4232177734375,1488.8182670397268,1471.2440449392593,1476.8358262587228,5913023
2023-02-14,1467.8489990234375,1490.8153439061173,1466.850462289408,1482.8270500338808,6731259
2023-02-15,1454.6683349609375,1465.8518974106648,1443.884089683802,1462.456848201812,12727061
2023-02-16,1452.87109375,1474.239806380059,1449.0766050233874,1458.8623147551546,5432254
2023-02-17,1482.0281982421875,1482.0281982421875,1447.0794119297227,1447.0794119297227,9121044
2023-02-20,1472.8416748046875,1490.2162382620777,1471.2440404171357,1485.8226522775424,19907228
2023-02-21,1479.6319580078125,1489.2178874213537,1463.6553683546758,1470.4453458222356,19768260
2023-02-22,1479.6319580078125,1484.0254226490606,1471.6436631812442,1481.8286903284366,4551282
2023-02-23,1455.602294921875,1477.971619489343,1451.20830086171,1465.788388684487,5114332
2023-02-24,1443.0194091796875,1462.4926814834964,1440.2231982415317,1456.8005429558896,5004505
2023-02-27,1448.2122802734375,1463.7909961470589,1442.420303002605,1444.018085632386,5114348
2023-02-28,1423.446044921875,1441.4213700023738,1416.655317796941,1433.632013706301,9855012
2023-03-01,1420.051025390625,1427.8403835738009,1404.8719070731086,1412.860942377697,6061369
2023-03-02,1436.828125,1436.828125,1417.8541651386315,1420.8500535377948,9388251
2023-03-03,1440.223388671875,1442.220647633785,1425.8432216685355,1437.8267754399935,4790306
2023-03-06,1437.42724609375,1441.4217638698044,1429.0387343834343,1434.8308339199164,10663329
2023-03-07,1439.8238525390625,1450.608976429308,1426.841670926417,1430.6363893329303,6371092
2023-03-08,1420.45068359375,1434.8309733657131,1420.45068359375,1433.432867627616,10876545
2023-03-09,1410.264404296875,1427.0414271491231,1409.4655739105326,1416.4559797818015,9799994
2023-03-10,1396.6829833984375,1411.4627465276683,1387.0961660267997,1406.8690759019871,10805433
2023-03-13,1374.7130126953125,1398.0809617218315,1373.3149073529935,1398.0809617218315,8012155
2023-03-14,1378.5081787109375,1389.692780289126,1369.7201903973505,1379.5068082055263,5927207
2023-03-15,1379.5068359375,1391.2905910687257,1376.3111483487648,1381.7037721085542,13479460
2023-03-16,1385.09912109375,1392.8884799807895,1374.5136727392455,1389.2933162464542,10987287
2023-03-17,1398.880126953125,1410.2644047101248,1388.8938328483855,1408.0674687682838,25051764
2023-03-20,1412.0618896484375,1416.4558831340248,1390.092044123497,1390.2917212307077,7702351
2023-03-21,1426.0428466796875,1433.0332527908624,1417.4546578379886,1425.6433705213044,3530800
2023-03-22,1436.2286376953125,1437.6267431223853,1418.2533099549307,1422.447626236149,3940349
2023-03-23,1435.829345703125,1447.013945798338,1427.0413585547446,1432.833457616586,7382157
2023-03-24,1399.279541015625,1427.9002952762182,1377.1100159165337,1426.8418114454266,11703492
2023-03-27,1421.6490478515625,1424.4452594409895,1412.1141589383951,1414.259164567812,5054221
2023-03-28,1419.0523681640625,1434.6309623220682,1415.4573267280614,1431.8348731620683,8961543
2023-03-29,1418.6529541015625,1424.0455774430282,1411.063394759466,1418.0538008198455,4905504
2023-03-30,1418.0535888671875,1419.6503961233711,1410.6637077558737,1414.4585478112208,3354007
2023-03-31,1427.0413818359375,1436.4285223741708,1417.6542412977044,1423.046864322051,8841555
2023-04-03,1437.42724609375,1440.4231344257907,1425.443692765587,1432.2342998430745,9555457
2023-04-04,1447.013916015625,1461.419193029774,1441.8210922003698,1446.2149637811262,11657719
2023-04-05,1485.16162109375,1486.7595256843142,1443.2191855545434,1448.2123326425442,6997365
2023-04-06,1520.912353515625,1528.901387545911,1490.5539998199426,1492.9507344096253,7088057
2023-04-11,1504.33544921875,1525.506345098125,1499.1425028632166,1514.9208971584376,15767636
2023-04-12,1510.5269775390625,1522.3108545580055,1500.940158591338,1505.3341528307585,5951360
2023-04-13,1520.313720703125,1522.3109798943,1504.934800550471,1512.9238373151716,10434873
2023-04-14,1512.9234619140625,1531.497943402507,1511.3256793381847,1526.3051195551557,14181331
2023-04-17,1509.72802734375,1520.6958846986574,1501.9386689959988,1518.1164170683965,4719892
2023-04-18,1481.9659423828125,1515.7196628775275,1481.9659423828125,1515.7196628775275,6743744
2023-04-19,1483.763671875,1489.3559723627773,1474.176731721087,1477.5720962003472,3389343
2023-04-20,1468.7840576171875,1480.168334381547,1464.989217427072,1475.774462880984,4190281
2023-04-21,1469.1837158203125,1483.963481625978,1461.3944786278826,1461.3944786278826,6483697
2023-04-24,1471.9798583984375,1479.5694180909882,1466.587234807963,1475.175423983823,8257372
2023-04-25,1498.143798828125,1500.9400099498455,1459.683644652495,1464.3901977608095,6611974
2023-04-26,1440.223388671875,1519.115117667308,1435.030564132115,1491.952444546541,10203942
2023-04-27,1435.0303955078125,1474.9755700522192,1430.0372486897616,1445.416165269958,5941250
2023-04-28,1439.0250244140625,1445.6159543437543,1424.8445351137252,1424.8445351137252,6085837
2023-05-02,1453.20556640625,1464.9894429979772,1437.8267699803512,1444.417700149024,25862592
2023-05-03,1468.5843505859375,1473.7772965346371,1454.4117857618382,1455.4024914527015,6707774
2023-05-04,1464.1905517578125,1471.5804345778108,1451.008690870369,1452.4067965773447,7476904
2023-05-05,1460.395751953125,1468.1849886274192,1442.2206225737502,1461.594058548244,3966591
2023-05-09,1444.2176513671875,1463.5910842545557,1422.647282771176,1457.0001552256342,9063151
2023-05-10,1434.431396484375,1446.0154739670445,1432.6338146754213,1437.62696203028,5448802
2023-05-11,1442.81982421875,1459.0974105038283,1435.2301431598864,1448.8116006949026,4364564
2023-05-12,1468.1849365234375,1483.763653125179,1444.74018462982,1448.412146987622,5109285
2023-05-15,1467.5858154296875,1478.9702155409898,1457.8991585252952,1474.776020611935,3007412
2023-05-16,1463.9908447265625,1472.379356894139,1454.0045497420704,1468.1850398588433,7484486
2023-05-17,1440.4229736328125,1470.9810068278637,1437.626762740509,1464.3900776137143,3857190
2023-05-18,1421.98681640625,1440.5631046220358,1417.7920920253605,1428.7780833472057,22506707
2023-05-19,1421.98681640625,1428.3466266789706,1408.603857140304,1421.3874829840845,5561423
2023-05-22,1423.984130859375,1435.16981762398,1417.991772539442,1423.1851009841137,9990162
2023-05-23,1428.37841796875,1434.3707762406057,1410.800858087608,1418.1914576725317,4160515
2023-05-24,1407.0054931640625,1421.9863858855076,1401.0131360754845,1420.3883264633664,4977730
2023-05-25,1382.836669921875,1411.0008300124289,1380.8392169472904,1405.2081676201922,4048425
2023-05-26,1390.4267578125,1399.0159018438478,1378.641860183047,1382.237250613815,9735152
2023-05-30,1369.2537841796875,1406.406354503093,1364.0604560836705,1397.4178176266405,5358345
2023-05-31,1344.6851806640625,1361.6635285969046,1344.6851806640625,1353.6737178049789,26328684
2023-06-01,1345.883544921875,1355.8708079769715,1331.102468749231,1353.2741439656131,7718741
2023-06-02,1365.858154296875,1367.855607029662,1334.8737416301035,1344.2856891657418,5464078
2023-06-05,1380.23974609375,1384.2346512922848,1371.2581585424423,1373.648176899134,3587622
2023-06-06,1389.6278076171875,1397.2181031656426,1375.6875780247983,1378.6418182427617,7050020
2023-06-07,1374.447265625,1398.2139555783936,1370.2526633805903,1384.6343483704698,5944485
2023-06-08,1373.4486083984375,1382.0377536700046,1367.6560679554696,1373.2489118681071,3841216
2023-06-09,1376.244873046875,1384.2346836306017,1366.8568212280295,1384.2346836306017,4429486
2023-06-12,1372.0504150390625,1390.5867141400877,1368.1393867433771,1389.827672301904,4062798
2023-06-13,1364.8594970703125,1372.6496118887428,1359.466350035618,1370.8518555722294,10305249
2023-06-14,1361.6634521484375,1374.4470755488994,1357.46872856928,1364.0604196344086,4797193
2023-06-15,1373.0489501953125,1383.833170324929,1358.6632440685562,1359.8656900382184,22672543
2023-06-16,1362.86181640625,1389.068383453818,1354.4724915230436,1374.4470165236182,22338527
2023-06-19,1350.0782470703125,1378.6417945703952,1346.8822497946396,1368.6545316742242,3999625
2023-06-20,1359.8658447265625,1369.2538972893417,1344.2857372366548,1344.2857372366548,15287077
2023-06-21,1370.0526123046875,1375.046243167564,1343.686216965737,1347.0819103354563,11450042
2023-06-22,1357.2689208984375,1360.6646143991757,1335.2969442540184,1360.6646143991757,6145977
2023-06-23,1423.3846435546875,1442.1607463590892,1380.5034188582715,1388.2295273124198,17100543
2023-06-26,1417.9918212890625,1435.1698669641703,1412.7983707510011,1430.375931377475,7230691
2023-06-27,1400.4140625,1428.3784007651875,1397.018490385385,1420.5884082545035,4469685
2023-06-28,1400.6136474609375,1410.0016981252284,1393.8222605340495,1398.4163766717354,5968983
2023-06-29,1392.224365234375,1408.4036814015856,1385.632796496431,1400.014478597742,6384657
2023-06-30,1387.0308837890625,1405.207650401466,1380.439193867272,1399.0155972253224,9824750
2023-07-03,1384.8338623046875,1402.6112391991649,1380.6392606133231,1387.0311333121706,4988707
2023-07-04,1377.2437744140625,1395.0211539882478,1375.8455330012305,1386.631827426106,5524419
2023-07-05,1364.8594970703125,1377.443425541369,1362.86204423634,1374.2475497729515,5324069
2023-07-06,1335.097412109375,1362.86193104676,1334.2983822762094,1358.2678142931477,6359743
2023-07-07,1314.32373046875,1331.3020765310362,1308.73088791355,1317.319909185624,7033057
2023-07-10,1314.9232177734375,1327.5071466421543,1310.3291004930934,1312.9257648763444,5261776
2023-07-11,1316.3214111328125,1316.5211076492922,1300.9410000036785,1310.728567608085,9352134
2023-07-12,1330.1038818359375,1331.1026082461117,1310.3290501485503,1318.9180728930794,11626180
2023-07-13,1328.305908203125,1339.8911082826835,1325.4245732280096,1326.1087592261626,8344519
2023-07-14,1318.5184326171875,1333.2996308487095,1311.9268633195538,1314.3238308591024,4731726
2023-07-17,1316.92041015625,1326.7079761817618,1315.7219874210068,1317.1202285553409,3467058
2023-07-18,1330.9027099609375,1335.4968267891225,1312.7259391523123,1312.7259391523123,5044047
2023-07-19,1358.667236328125,1368.2549840964928,1335.247032247066,1336.2957435920491,3922590
2023-07-20,1385.4332275390625,1388.429406769826,1363.0618534812384,1363.0618534812384,6552857
2023-07-21,1386.4320068359375,1394.821333385062,1373.448563007365,1388.2297632089103,6357977
2023-07-24,1394.0223388671875,1395.2207617649,1377.0439902988244,1387.0312541625674,3034868
2023-07-25,1391.2257080078125,1391.824919392833,1377.8427514731563,1386.232076607928,6985150
2023-07-26,1383.6353759765625,1417.1906030738548,1372.44956878851,1376.2447773177255,8928673
2023-07-27,1403.8096923828125,1421.786766160405,1390.8262502101068,1397.4178195455904,15636173
2023-07-28,1381.238525390625,1408.4038330170442,1379.840284134522,1401.8122635695138,5424219
2023-07-31,1382.836669921875,1390.0275737792915,1375.246373001425,1380.240005437886,6335108
2023-08-01,1369.8531494140625,1385.4332573664924,1369.8531494140625,1380.6394436429705,3594762
2023-08-02,1365.658203125,1371.0513488807928,1345.2452738403078,1356.8693639737216,4297793
2023-08-03,1343.6861572265625,1365.857828506073,1336.0968383538964,1359.4659569028054,7455991
2023-08-04,1345.2843017578125,1347.6812692174071,1328.499677628843,1344.485271966338,3183572
2023-08-07,1350.477783203125,1354.0732957587302,1345.2844547125624,1349.8785717488051,3069173
2023-08-08,1363.261474609375,1370.452255599621,1350.2780319940475,1352.4751812091677,9768965
2023-08-09,1381.8377685546875,1383.275997910096,1368.2551144294505,1374.047776088591,14448313
2023-08-10,1385.83251953125,1385.83251953125,1373.2485931695342,1384.434278398876,4161646
2023-08-11,1369.2537841796875,1383.4356491521578,1360.0655508052469,1378.2423210561406,7487995
2023-08-14,1384.23486328125,1392.0249783773445,1380.6394724349182,1383.0364403040894,4552074
2023-08-15,1375.4459228515625,1394.022331066042,1366.6572038495567,1390.4268185633418,4202504
2023-08-16,1368.8541259765625,1383.2358078563727,1364.2600097702566,1380.6391440801842,5185700
2023-08-17,1356.208984375,1357.6072463190026,1338.4297935701006,1351.414560224139,3544992
2023-08-18,1347.41943359375,1359.4053736998471,1340.0280794761993,1356.408888673323,4700148
2023-08-21,1345.8214111328125,1351.4148257897946,1341.026986039802,1345.022299641546,3832936
2023-08-22,1355.4102783203125,1357.407935325943,1339.0294664886808,1347.819206084378,5174516
2023-08-23,1363.2010498046875,1381.3796779232878,1353.0808404662832,1357.008240565068,10683767
2023-08-24,1369.9930419921875,1386.6464819694772,1364.9988998721174,1369.793325078304,2659724
2023-08-25,1372.390380859375,1377.184806506663,1363.7504898112977,1366.5971266961774,3144046
2023-08-29,1396.1622314453125,1415.7392415286058,1385.1751202638711,1387.772049430392,12359488
2023-08-30,1395.9625244140625,1403.553595743312,1392.3667666188696,1399.158848397684,4270885
2023-08-31,1387.1727294921875,1403.553415334459,1387.1727294921875,1398.3595571787062,7504870
2023-09-01,1385.9742431640625,1391.767496570168,1382.378485362163,1390.7686681847908,3352641
2023-09-04,1371.9906005859375,1393.7651074409944,1370.5922165070028,1389.9695109306413,2743853
2023-09-05,1379.7816162109375,1388.7710720719692,1361.403148731813,1365.7980182048882,7693914
2023-09-06,1374.987060546875,1378.982373883886,1358.0069788645783,1364.3995045892532,3453524
2023-09-07,1386.5736083984375,1388.571265302586,1363.617623822911,1367.9954235753182,2641437
2023-09-08,1442.5078125,1446.902681498109,1388.77092198349,1393.7650635887762,24442075
2023-09-11,1467.0792236328125,1480.46342684203,1451.8969585797156,1458.6890405675874,7280368
2023-09-12,1464.8818359375,1482.2614760120512,1457.490480741736,1473.2720196211426,4090042
2023-09-13,1462.0850830078125,1468.277770411418,1452.696071519042,1463.882900998877,4317908
2023-09-14,1485.45751953125,1489.2531161501688,1460.4868100049223,1468.2777201480535,6458627
2023-09-15,1507.831298828125,1517.0205930851662,1494.047540333502,1500.2402275217291,19682560
2023-09-18,1503.6361083984375,1520.2166333650578,1497.4432999418968,1507.2318658001789,5833009
2023-09-19,1501.239013671875,1504.8347713550922,1487.4551336377046,1501.4387305714413,6099451
2023-09-20,1532.6024169921875,1532.6024169921875,1510.827907742365,1512.0265750535484,12724370
2023-09-21,1528.8067626953125,1548.9831700337322,1528.8067626953125,1534.2004605749812,9284366
2023-09-22,1526.0103759765625,1542.391067390181,1516.8210797475886,1528.0080331662543,9824011
2023-09-25,1534.0006103515625,1536.3977008210582,1515.8218614426391,1520.4164474122222,9048411
2023-09-26,1530.4049072265625,1552.7786889637678,1530.4049072265625,1538.1958179324656,5867332
2023-09-27,1516.8209228515625,1537.1970484642295,1512.8256088854437,1534.2005629896407,6077411
2023-09-28,1492.249755859375,1521.8150546154384,1488.054724995351,1521.6153376894583,9029045
2023-09-29,1490.2518310546875,1500.040397214566,1479.664275407182,1485.8569621272466,8075616
2023-10-02,1482.2611083984375,1500.639572402849,1469.4760581534708,1488.4537947165236,7731897
2023-10-03,1483.4599609375,1502.237984514856,1477.6668291004055,1486.856002043273,7493233
2023-10-04,1485.05810546875,1495.6456620632462,1472.2730532503397,1478.6655793595448,12872501
2023-10-05,1481.2625732421875,1489.8524734217194,1469.6761877492863,1483.459947034405,4687075
2023-10-06,1497.6431884765625,1501.6385017060973,1468.4773287445885,1492.8487638302074,7150331
2023-10-09,1506.432861328125,1519.217912916483,1496.8441336005003,1500.2401743593414,4565561
2023-10-10,1519.617431640625,1523.6127449237988,1510.428137932954,1515.8218352506958,5779676
2023-10-11,1517.4200439453125,1561.368493181433,1512.226185079234,1549.981947057546,6207415
2023-10-12,1518.0196533203125,1531.40385812151,1509.4296303941203,1528.4073725223204,8279234
2023-10-13,1508.23095703125,1529.2063544469163,1503.8360874729835,1519.8173426468247,5934828
2023-10-16,1491.4503173828125,1511.6267215037558,1486.256459172744,1511.6267215037558,7625405
2023-10-17,1502.4375,1507.4316415661845,1481.0626716385584,1493.647883999886,7456042
2023-10-18,1493.6480712890625,1511.2274274208578,1491.2508586512497,1495.8454450827994,6910323
2023-10-19,1449.499755859375,1486.485426135093,1446.9028263501,1484.8583063500664,7149343
2023-10-20,1460.2869873046875,1465.0814119573129,1446.7029466919612,1452.4960777259926,7455546
2023-10-23,1460.6866455078125,1472.6725860531271,1453.0955742145716,1464.2824032859485,3893155
2023-10-24,1468.277587890625,1468.876860479818,1434.1177091065313,1443.7064363154627,3291400
2023-10-25,1481.46240234375,1488.054768074214,1458.289629603171,1473.671613095406,6966170
2023-10-26,1472.6724853515625,1494.04743558121,1470.0755561297813,1479.8640004160775,12986589
2023-10-27,1431.5208740234375,1482.6609634002132,1431.5208740234375,1462.884111481562,4502875
2023-10-30,1450.6983642578125,1458.2894355643327,1428.9238567914829,1434.7171101694362,4033353
2023-10-31,1455.6925048828125,1464.2824045623172,1442.3081802100858,1453.2952923862017,17908155
2023-11-01,1421.332763671875,1511.427033441509,1399.558256539717,1499.2413761570515,13712476
2023-11-02,1394.3646240234375,1431.5209964657454,1374.3880534786892,1420.134448797087,14384751
2023-11-03,1393.96484375,1414.5397082938723,1382.1787421829592,1397.7604403132025,5123506
2023-11-06,1403.3538818359375,1407.449053831637,1381.9789299976042,1390.1693959162965,5130722
2023-11-07,1423.1309814453125,1424.928799697412,1396.362327259119,1408.9475427330729,6317797
2023-11-08,1424.5289306640625,1435.1166086167823,1420.492771660091,1422.5312739827627,10204097
2023-11-09,1413.74169921875,1435.4462201894898,1412.3433151153558,1433.91798352091,14620481
2023-11-10,1396.761474609375,1423.7298378502544,1386.9729088102924,1411.1446260566331,6624707
2023-11-13,1405.5511474609375,1414.9401579497053,1399.3584607169012,1406.749814587943,6185143
2023-11-14,1381.7794189453125,1416.3388618518634,1380.235209547263,1408.1485166402877,6485815
2023-11-15,1391.168212890625,1399.7581125512818,1376.5852210379442,1385.5746764350415,5925795
2023-11-16,1380.5196533203125,1395.903181804557,1369.931032031527,1382.3177740034982,5832671
2023-11-17,1409.0889892578125,1409.0889892578125,1374.725812970417,1387.512150825117,10472074
2023-11-20,1406.491943359375,1418.279353592333,1382.9172448330262,1408.689538245047,4270560
2023-11-21,1415.881591796875,1416.8724725069446,1391.507706646459,1399.8987322804762,4982291
2023-11-22,1409.6883544921875,1423.273884501632,1371.1297249925246,1414.8828577133156,10825051
2023-11-23,1419.477783203125,1423.669333198849,1402.6957310790915,1407.890233850601,4771854
2023-11-24,1421.0760498046875,1428.4681471217586,1409.0889045141553,1420.0771210304763,4716874
2023-11-27,1412.6851806640625,1427.0697809987537,1412.6851806640625,1422.474732514778,2685047
2023-11-28,1410.2874755859375,1422.6740929319242,1393.505425981106,1406.6912349995243,5168417
2023-11-29,1399.4991455078125,1408.2897670748275,1394.107954486577,1407.8901711964102,2873204
2023-11-30,1417.879638671875,1425.8710694977674,1394.9042750474343,1404.0943717213877,12531218
2023-12-01,1434.461669921875,1723.9612664473254,1417.4798813503764,1424.472382526876,5240718
2023-12-04,1453.8408203125,1456.4380104837544,1435.460508275141,1435.6602452346465,4952435
2023-12-05,1438.057861328125,1462.6314851679274,1429.6668351063622,1449.445673919121,4490492
2023-12-06,1438.4573974609375,1452.442399936252,1429.2673017529771,1441.8537795928514,8779045
2023-12-07,1431.065185546875,1447.2479031339822,1425.2714724355562,1439.8558066020594,10555610
2023-12-08,1432.863525390625,1441.2545518758743,1421.076116525685,1432.4639294742697,4526489
2023-12-11,1445.8494873046875,1449.516575206841,1429.4670315281955,1435.4606039874334,6758332
2023-12-12,1447.8475341796875,1464.8293250355316,1437.0590535660333,1450.6444618627966,9586970
2023-12-13,1454.24072265625,1466.827202246146,1446.2492915592288,1452.6423388851968,12762550
2023-12-14,1460.2340087890625,1486.2061547463377,1442.8526251835942,1467.2265096237136,19653352
2023-12-15,1417.6795654296875,1454.6399274122157,1413.2843766915046,1449.4455469364325,16498679
2023-12-18,1441.0546875,1452.643334849155,1413.484276529456,1416.2813259938162,5535474
2023-12-19,1431.26513671875,1444.8505430930022,1423.873039710254,1439.4563035495298,6353472
2023-12-20,1443.65185546875,1463.1040184615051,1422.674350632647,1444.2513103014223,9411480
2023-12-21,1448.4466552734375,1457.2411789190153,1430.4659381734914,1439.2565597537262,8395369
2023-12-22,1448.0472412109375,1468.379442991038,1446.2492424389118,1448.8464330693205,1853367
2023-12-27,1448.0472412109375,1463.031174008939,1444.0515257981372,1448.2471001453118,2222034
2023-12-28,1459.634765625,1463.4307439756394,1446.8485496946114,1450.444669114422,2535777
2023-12-29,1448.646240234375,1471.798410879649,1448.646240234375,1454.440075023329,1660073
2024-01-02,1478.214599609375,1479.1135378029555,1451.6430011439995,1458.6355013844611,10462801
2024-01-03,1518.771240234375,1519.370573074504,1496.7948085396747,1508.182620260291,9308004
2024-01-04,1538.150634765625,1538.150634765625,1510.7799609062763,1529.3600124369334,6947561
2024-01-05,1539.5489501953125,1552.9346199155686,1527.561805121569,1535.9528310610983,6314510
2024-01-08,1547.3406982421875,1547.3406982421875,1535.9528856296415,1537.3514103258403,7772803
2024-01-09,1574.51123046875,1576.3093507473147,1545.7450861370792,1548.33934959337,9926867
2024-01-10,1569.1171875,1571.5145187317562,1559.7272337105098,1566.3201384769063,4041183
2024-01-11,1554.732666015625,1580.105479594836,1537.3512821029665,1569.317000769175,11024129
2024-01-12,1571.3148193359375,1576.7090586153986,1556.5306260425311,1558.5284834097731,5260876
2024-01-15,1578.307373046875,1583.8014809910255,1567.7187530333294,1580.3052304811115,9835429
2024-01-16,1580.10546875,1592.4920870965104,1568.717657165414,1589.4953009921214,9469587
2024-01-17,1573.9122314453125,1582.10352096969,1561.8961858774426,1568.118517427125,7758321
2024-01-18,1553.93359375,1571.5147159802614,1548.539353922424,1568.7177885456454,7677731
2024-01-19,1561.9251708984375,1562.524503837957,1547.7404295917174,1558.92838426128,12590707
2024-01-22,1554.1336669921875,1561.126169452346,1531.7576347317672,1561.126169452346,6704340
2024-01-23,1552.534912109375,1556.9302227074836,1534.953791656477,1553.1343668714862,11751890
2024-01-24,1553.1343994140625,1557.5295881647262,1537.1534911656167,1548.7390887238596,8998900
2024-01-25,1519.5704345703125,1547.740299760312,1516.773507107321,1540.7477981935076,6789568
2024-01-26,1535.353515625,1547.3406608348243,1529.3599430200877,1529.3599430200877,7066032
2024-01-29,1531.9571533203125,1550.9368001489877,1530.758487559584,1539.548987663873,5988660
2024-01-30,1536.152587890625,1554.133304306327,1528.3608953346725,1530.5584896763323,7302953
2024-01-31,1566.3206787109375,1620.8621779567068,1513.1777044590751,1533.3560215696996,15583461
2024-02-01,1584.500732421875,1601.4825211498796,1558.9281808429066,1581.1044722279098,22807519
2024-02-02,1609.473876953125,1610.672664560043,1573.312706692578,1596.8873996874922,13838549
2024-02-05,1660.8189697265625,1668.310935596801,1619.2735557972069,1623.0595349042896,12160208
2024-02-06,1651.2291259765625,1669.0090079936865,1641.6394349323011,1655.4245777023214,5042092
2024-02-07,1670.808349609375,1670.8333472182294,1645.8351286659745,1656.024275974615,7619689
2024-02-08,1649.2314453125,1672.606403570981,1643.6374684322393,1667.2121636744776,7529989
2024-02-09,1658.2218017578125,1667.2121609239691,1652.4279659638023,1656.823277055167,15711890
2024-02-12,1624.6580810546875,1658.022332626978,1620.0630322375675,1658.022332626978,11953062
2024-02-13,1640.0416259765625,1657.622751399059,1630.6516693035423,1642.8385539190217,15292856
2024-02-14,1666.2132568359375,1680.7975930893967,1661.6182086930055,1668.211114458043,6152989
2024-02-15,1661.2186279296875,1669.0103215027736,1650.4301478961147,1664.415151378385,4310792
2024-02-16,1674.6041259765625,1677.600912128296,1653.826359882061,1660.219528060334,11116560
2024-02-19,1667.411865234375,1678.2003447981824,1657.222840488205,1674.604225590096,9619953
2024-02-20,1676.002685546875,1683.194923685321,1653.460819646917,1667.2120638758463,7854112
2024-02-21,1659.2205810546875,1664.2152245858574,1653.626604687685,1658.820985184286,5008158
2024-02-22,1667.173095703125,1667.173095703125,1643.396250112466,1651.1886944862256,11409135
2024-02-23,1670.7694091796875,1674.365874735161,1664.5753811023742,1666.573431072225,14948226
2024-02-26,1672.967041015625,1683.5566803619645,1665.7741106542985,1671.168869400933,7089800
2024-02-27,1669.3709716796875,1675.165366142881,1659.3807205026696,1664.3758460911786,6051074
2024-02-28,1668.1722412109375,1684.7560342804577,1664.775531316864,1680.5600554873158,18095433
2024-02-29,1662.97705078125,1697.5432926417018,1662.8111970154832,1673.1671793207358,13427236
2024-03-01,1660.179931640625,1665.9742039510008,1647.192605562167,1665.5745695275566,9285033
2024-03-04,1666.174072265625,1676.7637136919743,1657.182846572277,1675.564810428746,5099927
2024-03-05,1681.7586669921875,1683.7567169418155,1667.9720735592375,1676.9632983325637,5081612
2024-03-06,1671.5684814453125,1673.7664094848967,1655.9837167658095,1668.7712847830503,6060100
2024-03-07,1709.531494140625,1718.1232065153104,1690.1564827352977,1698.1427069486772,10180509
2024-03-08,1671.368896484375,1697.9429382306869,1667.173040085436,1695.3454975098532,6540303
2024-03-11,1673.3668212890625,1686.1543896591306,1659.5802279510604,1681.758655409964,16453603
2024-03-12,1683.55712890625,1687.153716996419,1674.7657807836335,1679.760906518522,4862779
2024-03-13,1693.5472412109375,1694.5462662758216,1679.1613778376486,1683.756868745855,9359088
2024-03-14,1686.1544189453125,1698.3424749852782,1677.7625846786564,1698.3424749852782,5252450
2024-03-15,1647.9915771484375,1690.5500167649377,1644.7947460035637,1686.1544044285588,19016987
2024-03-18,1659.1806640625,1661.9778607151804,1643.196265071344,1654.7849299496747,9509166
2024-03-19,1662.7774658203125,1664.9752723456918,1653.9859958161733,1660.3797810963372,11400832
2024-03-20,1645.1943359375,1666.1738598810855,1643.5957984569584,1662.3775162917311,5685655
2024-03-21,1672.1680908203125,1679.7606564166128,1637.002337711789,1640.1992908769062,5122293
2024-03-22,1685.1551513671875,1692.3480814452407,1676.763318308609,1676.763318308609,10423834
2024-03-25,1692.9476318359375,1692.9476318359375,1677.762501592117,1681.3589669707812,6432415
2024-03-26,1696.1446533203125,1699.341484463537,1684.755744201727,1693.54709082124,7986785
2024-03-27,1703.5374755859375,1704.5365006412778,1679.560874257768,1698.3425940786876,4757689
2024-03-28,1706.93408203125,1711.3298163994173,1697.5532226942398,1699.9409070663953,9621623
2024-04-02,1661.378662109375,1691.349413680801,1649.8898740069951,1651.3884115855665,7111465
2024-04-03,1652.3873291015625,1663.3766039625766,1638.400979278454,1659.8800165067994,7984399
2024-04-04,1635.9034423828125,1669.3707799827052,1633.405879875358,1652.3873549320133,11770745
2024-04-05,1627.9114990234375,1627.9114990234375,1591.9465932456874,1610.428558714809,7466898
2024-04-08,1618.420654296875,1628.400905242268,1614.424553915895,1627.41188015408,4647859
2024-04-09,1614.4244384765625,1616.4105372970905,1603.93467572656,1610.4283383813236,7799267
2024-04-10,1619.4195556640625,1626.4127307964798,1604.9336928897696,1623.915168249188,6449550
2024-04-11,1627.4117431640625,1640.3990683090185,1615.9229555358324,1616.921980546983,8322643
2024-04-12,1641.8975830078125,1650.1395392352629,1626.912208048812,1629.9092830406123,6715126
2024-04-15,1641.8975830078125,1646.3931954955126,1629.4097705419788,1636.902458021479,5188791
2024-04-16,1608.9298095703125,1625.7893325489006,1592.9454091026782,1624.9142100379468,8908709
2024-04-17,1588.449951171875,1601.437277816677,1574.963111963812,1596.442152184061,7387601
2024-04-18,1581.9564208984375,1598.68009316686,1578.4598326615292,1591.4471603986176,5914111
2024-04-19,1597.4410400390625,1598.4400650797377,1573.4644390628666,1577.9600517459032,5148976
2024-04-22,1637.9014892578125,1645.89368926639,1608.9297642267195,1616.422451734761,7020161
2024-04-23,1649.390380859375,1654.3855061799666,1634.904517429659,1648.8908683273155,4662620
2024-04-24,1634.40478515625,1659.8799208662035,1633.905272691349,1654.8847962171933,4326760
2024-04-25,1638.900634765625,1654.8850359580968,1633.4059968557128,1640.3991723774193,5919718
2024-04-26,1651.38818359375,1653.8857458798868,1632.3957346035938,1636.9023223341555,3990452
2024-04-29,1668.3717041015625,1675.364878909174,1644.3951047611808,1648.3912046512444,5911044
2024-04-30,1671.368896484375,1677.8625592621088,1641.3981452025273,1659.880108493,7034492
2024-05-01,1703.3377685546875,1716.3250946492394,1671.368965860406,1683.8567794128596,5852296
2024-05-02,1726.814697265625,1737.8639722047667,1694.3463850520682,1703.3376099727454,6275082
2024-05-03,1731.8096923828125,1741.3004290875351,1716.3248061803704,1731.3101799246692,4237169
2024-05-07,1759.2830810546875,1765.77674376159,1734.3074552589085,1734.3074552589085,14302772
2024-05-08,1771.7706298828125,1774.2681920901466,1761.780381053476,1768.2740427925448,6684170
2024-05-09,1778.7640380859375,1787.7552632152683,1760.781587827276,1778.2645255787525,6397742
2024-05-10,1797.74560546875,1797.74560546875,1767.7748535020578,1782.2607169526257,9331037
2024-05-13,1808.2352294921875,1808.7347419865223,1784.2586297641144,1795.2479046394812,4236368
2024-05-14,1808.2352294921875,1819.2245043675543,1790.2527796961326,1803.240104548839,4739266
2024-05-15,1810.73291015625,1818.225598060345,1797.2460719288797,1809.234372575431,4861329
2024-05-16,1781.9085693359375,1821.872877030604,1773.9157077970042,1790.9005385672374,5275161
2024-05-17,1773.416015625,1777.9119998899648,1762.9253856734156,1771.9173542033452,9685470
2024-05-20,1773.416015625,1776.9128922755283,1767.4213699383804,1773.9155694322185,2848470
2024-05-21,1754.4329833984375,1784.4062120441968,1738.4472614540323,1768.4204900997918,8286400
2024-05-22,1786.9039306640625,1790.9003610373677,1731.9530130311166,1741.9440889643795,10458116
2024-05-23,1776.413330078125,1806.886112174516,1770.9182382246777,1794.397267053044,6820675
2024-05-24,1772.9166259765625,1791.899672408546,1764.9237643209904,1778.411718364768,4163301
2024-05-28,1738.447265625,1785.9048777613148,1738.447265625,1774.914693898168,4684441
2024-05-29,1744.9415283203125,1748.937958960611,1716.9665138382234,1728.4562519290814,10002359
2024-05-30,1728.456298828125,1758.9290832872337,1728.456298828125,1746.9397910410269,8017940
2024-05-31,1764.923583984375,1764.923583984375,1717.9655265559768,1733.9512482337293,17477217
2024-06-03,1596.5738525390625,1636.0386004585198,1587.5818846586797,1615.0573420709602,24107699
2024-06-04,1613.5587158203125,1624.5488990240422,1586.582811592976,1593.576564540804,18355030
2024-06-05,1649.027099609375,1662.192342452337,1629.0449475389796,1629.5445013407395,8609959
2024-06-06,1638.5364990234375,1659.5177590719084,1626.0476537564905,1649.027129047673,6693411
2024-06-07,1627.54638671875,1648.5276476893416,1609.3706034854777,1631.542817379815,6977567
2024-06-10,1619.5535888671875,1637.5375275467736,1605.566081005287,1616.556265753923,4498322
2024-06-11,1613.5587158203125,1639.0359587016858,1607.5640704364598,1626.547114151993,20843358
2024-06-12,1603.56787109375,1619.5535944192952,1593.5767940152843,1612.5598404643692,10253396
2024-06-13,1608.563232421875,1617.0556470029842,1598.0726026452105,1608.563232421875,3808061
2024-06-14,1603.068115234375,1614.5578524267685,1598.0725773246386,1610.0618683080058,4229887
2024-06-17,1598.572265625,1611.560665283203,1587.3332800734042,1611.560665283203,3788234
2024-06-18,1610.5614013671875,1617.5551543507918,1603.0680945990398,1606.5649710908422,4665533
2024-06-19,1615.057373046875,1618.5542495118698,1592.5774529147657,1606.0654049940313,3034402
2024-06-20,1616.55615234375,1627.546336321365,1604.5668607318062,1618.054813795243,3916050
2024-06-21,1597.572998046875,1626.5471174611089,1573.594416462682,1606.5649661409475,16605898
2024-06-24,1607.064697265625,1626.5472969527125,1591.5785282835814,1600.0709435317988,18591253
2024-06-25,1593.5767822265625,1617.0558131872674,1585.0843667726906,1603.06830538089,9780496
2024-06-26,1598.0726318359375,1611.3108077483016,1589.580217099704,1599.071739451965,5248815
2024-06-27,1524.6383056640625,1536.2229298364327,1482.6757834898222,1502.1583830707195,10696974
2024-06-28,1528.13525390625,1540.1245465161717,1521.6400780514125,1535.628561787451,8074723
2024-07-01,1524.6383056640625,1537.626705384661,1509.152136766426,1518.1441058037633,5861498
2024-07-02,1502.158447265625,1534.1298940980162,1492.666923987259,1514.1477398277716,7042481
2024-07-03,1502.158447265625,1512.1495244007472,1495.1646932710394,1512.1495244007472,9870467
2024-07-04,1509.1519775390625,1522.8997073958978,1492.6667027099368,1512.648854017968,3952157
2024-07-05,1509.6517333984375,1526.1370104342243,1484.6740409199722,1510.1512872480068,8159309
2024-07-08,1508.1529541015625,1518.643584123468,1485.6730326260506,1496.663216458523,9936469
2024-07-09,1508.6527099609375,1524.6574600177491,1500.1602940439388,1513.6482487356427,4954956
2024-07-10,1503.656982421875,1518.6435968646178,1496.6632290152615,1509.6516281989725,7880630
2024-07-11,1503.656982421875,1515.1467201613114,1494.1654599414712,1505.1556438661494,5079140
2024-07-12,1515.6463623046875,1528.9405194442074,1494.1655470182336,1519.6427930556558,4415694
2024-07-15,1496.6632080078125,1525.1377750493496,1492.167223738096,1507.153837970484,4715333
2024-07-16,1499.6605224609375,1505.6551681203416,1478.1797088480728,1486.6721235322286,4144489
2024-07-17,1527.1361083984375,1531.6320930159009,1490.1691237659595,1494.1655545370384,4555730
2024-07-18,1528.6346435546875,1550.6150109783498,1517.6444598428563,1539.6248272665189,3550286
2024-07-19,1521.1414794921875,1536.6276489057368,1502.6579869663385,1517.1450486757876,8979300
2024-07-22,1523.1396484375,1531.632063663291,1520.6418792534437,1530.1334021528576,7106954
2024-07-23,1508.1529541015625,1537.896407496538,1502.6578621853262,1518.1440303129011,7683872
2024-07-24,1508.6527099609375,1508.6527099609375,1484.674123842353,1494.1656475142927,12150266
2024-07-25,1522.140625,1531.63214842468,1507.1540090662947,1515.646424762061,8388824
2024-07-26,1551.6141357421875,1667.7703975412012,1520.1422456740104,1523.6391223482524,5189598
2024-07-29,1555.6107177734375,1571.0968874108737,1544.6205328694505,1552.1138407585324,4072719
2024-07-30,1541.1234130859375,1559.7138630907868,1541.1234130859375,1549.1162735752,5901381
2024-07-31,1510.65087890625,1548.6169724237352,1495.664263044085,1534.6294642857142,17160571
2024-08-01,1524.6383056640625,1529.6338440181387,1503.1574907415347,1517.6445519683557,11375014
2024-08-02,1561.105712890625,1589.58028109375,1531.132483203125,1539.62489828125,10752269
2024-08-05,1545.6195068359375,1580.5882739589226,1542.122630123639,1565.1021056616007,8244181
2024-08-06,1520.1422119140625,1557.109193077927,1509.152028324805,1555.6105316793924,6581137
2024-08-07,1533.63037109375,1542.1227868294482,1517.145093489159,1521.641078290411,3417803
2024-08-08,1558.6080322265625,1568.59910935622,1537.6267702542818,1544.620524245042,5491239
2024-08-09,1564.10302734375,1570.5972270740178,1546.119089629162,1562.1048120421292,5529848
2024-08-12,1570.59716796875,1580.088690294261,1563.6034146762684,1569.0985065489326,4000418
2024-08-13,1591.078857421875,1591.078857421875,1564.602505948293,1570.0975977635646,3669172
2024-08-14,1596.074462890625,1602.0691087606367,1589.5802631981123,1592.577586133118,3789501
2024-08-15,1594.7254638671875,1605.2170787610503,1583.772181814037,1590.2290574841034,15070586
2024-08-16,1589.7296142578125,1597.7232263973867,1585.1113565606584,1592.7272188101529,3002630
2024-08-19,1597.7230224609375,1600.7206266306578,1582.2354009173823,1586.7318071719628,2775329
2024-08-20,1590.7288818359375,1599.7216958664171,1580.7368662465158,1596.2244904101194,2110863
2024-08-21,1594.7254638671875,1602.7190752148929,1586.7318525194823,1591.727859611798,9706966
2024-08-22,1595.7247314453125,1601.220339474711,1590.7287241458596,1594.2259292554766,5388069
2024-08-23,1601.2203369140625,1606.7159449346725,1594.2259267060135,1599.221933997477,8078528
2024-08-27,1616.7080078125,1629.198026414265,1606.2163921870172,1606.2163921870172,10440961
2024-08-28,1650.1810302734375,1661.3880150489488,1631.196204614827,1650.680630948664,7651709
2024-08-29,1650.1810302734375,1668.166654581595,1647.6830268973044,1661.1722451284224,3169521
2024-08-30,1655.6767578125,1666.6679734648462,1651.679952120738,1651.679952120738,10049305
2024-09-02,1649.1820068359375,1663.1708272513893,1638.6903915243486,1658.6744206892795,5002812
2024-09-03,1653.6783447265625,1665.668761727601,1647.6831362260432,1648.6823376427965,7947443
2024-09-04,1662.6712646484375,1662.6712646484375,1637.191626878885,1642.687235025259,3190669
2024-09-05,1637.6910400390625,1669.6654837738092,1633.1946338888638,1666.667879673677,6668397
2024-09-06,1650.1810302734375,1658.6742417522896,1629.697402589147,1633.69420799096,5868528
2024-09-09,1662.17138671875,1677.3393163413375,1650.0060619252345,1663.6701886905432,4544128
2024-09-10,1669.665771484375,1676.6601822566015,1655.177349170477,1662.1717599427036,5947509
2024-09-11,1653.1788330078125,1673.662463153875,1651.5101226417903,1654.677635213622,7358133
2024-09-12,1637.191650390625,1666.6680945081248,1637.191650390625,1663.1708892738452,9143024
2024-09-13,1632.195556640625,1639.2719324828288,1622.703142935032,1624.201945099073,4637291
2024-09-16,1630.6968994140625,1632.6953024770698,1618.5965835042937,1626.7000932880476,2580570
2024-09-17,1608.21484375,1647.9361534246048,1605.217239195014,1643.686497650668,5669818
2024-09-18,1602.7191162109375,1610.7127277631116,1594.2259039367525,1603.7183176549593,21935673
2024-09-19,1573.24267578125,1608.7143270929262,1555.7566504867616,1604.217920588629,7763911
2024-09-20,1534.7734375,1565.7486826578777,1532.9118881064155,1556.755869547526,15431743
2024-09-23,1526.2801513671875,1541.2681724935428,1521.284144325069,1523.7821478461285,8966079
2024-09-24,1529.2779541015625,1531.276357177814,1512.2915279534236,1526.779950256248,7337207
2024-09-25,1525.780517578125,1535.772531445696,1518.7861078708252,1531.2761252052892,5839947
2024-09-26,1520.784423828125,1537.2712457684431,1511.7916118606788,1525.7804304767062,7041950
2024-09-27,1535.772705078125,1540.26911182689,1522.7830855816933,1523.7822870814189,5889331
2024-09-30,1515.2890625,1534.7734915924823,1512.6161497199728,1524.7814766732608,6971001
2024-10-01,1520.2850341796875,1521.7838363822964,1486.561984620986,1508.7942172930188,7212654
2024-10-02,1494.3057861328125,1516.288218292573,1493.8061854019088,1512.7910131762474,8926413
2024-10-03,1459.33349609375,1488.3103337429925,1454.77707962678,1485.8123304973683,7683345
2024-10-04,1458.33447265625,1460.8324762065347,1437.8508435439148,1454.8372676858514,7532489
2024-10-07,1478.818359375,1487.3115729254644,1464.4498355718883,1468.8263434332769,9307506
2024-10-08,1451.8397216796875,1480.3169632955658,1445.3449121883468,1470.3249486935033,7705294
2024-10-09,1456.8358154296875,1458.8342184686855,1440.3489903579523,1445.8445987151974,8211569
2024-10-10,1503.798095703125,1558.2545715940355,1498.6122990230388,1558.2545715940355,18070475
2024-10-11,1478.818359375,1501.7999960409627,1476.3203553895692,1492.807181693412,8915943
2024-10-14,1493.306640625,1499.801450370107,1481.3162226340332,1481.8158233836568,8340917
2024-10-15,1492.806884765625,1499.8012945336031,1478.1335537268455,1492.806884765625,8575687
2024-10-16,1494.8052978515625,1503.2985097711737,1483.3144817250295,1490.3088915411802,6599984
2024-10-17,1495.3050537109375,1504.857478655145,1490.3090461809977,1503.2986657588408,5831603
2024-10-18,1474.8211669921875,1498.8019989758004,1464.329552999357,1488.3103849829697,7415710
2024-10-21,1462.8309326171875,1476.3201522827148,1459.8333282470703,1472.8229471842446,4097250
2024-10-22,1452.3392333984375,1462.8308480875903,1445.8444243051524,1457.3352403932722,4821605
2024-10-23,1446.84375,1462.3313730145028,1443.3465448031768,1452.8389589088397,5512204
2024-10-24,1454.3377685546875,1461.332178984013,1448.342559615266,1456.3361715344947,2118678
2024-10-25,1447.34326171875,1451.3400674121397,1433.3544417918858,1446.8436610070762,6754812
2024-10-28,1450.8404541015625,1460.1300267264062,1430.356825100817,1438.8500371255166,11473043
2024-10-29,1450.341064453125,1460.8326808339432,1448.342661332969,1451.8398667932418,9466880
2024-10-30,1405.87646484375,1450.8405308835288,1381.2151431738696,1398.8820545708954,15884461
2024-10-31,1391.3880615234375,1400.3808748474669,1371.4040319144833,1395.3848674452283,15719359
2024-11-01,1418.366455078125,1434.353678242091,1408.374440600646,1413.3704478393856,7253164
2024-11-04,1412.870849609375,1419.865259755956,1407.8748423618172,1409.3736445360844,4842548
2024-11-05,1390.388916015625,1413.37055099109,1386.3921099329357,1412.8709502307536,4813164
2024-11-06,1369.4056396484375,1414.369706619747,1366.9076359278092,1389.8892701575896,15645649
2024-11-07,1378.8980712890625,1383.8940787937331,1367.6580301862696,1373.902063784392,8670484
2024-11-08,1379.8970947265625,1397.8827194224916,1365.9082755186175,1394.8851153065034,10147307
2024-11-11,1395.8846435546875,1405.876659614492,1380.3970186619906,1383.894224282922,5622577
2024-11-12,1368.4063720703125,1380.077098557476,1351.7796454720904,1374.9011814302664,8566999
2024-11-13,1360.912353515625,1375.41772853652,1351.4199398897815,1371.9035692929172,12351365
2024-11-14,1352.5682373046875,1364.286117192483,1342.5751214029167,1352.5682373046875,8668690
2024-11-15,1300.1043701171875,1324.7293739531085,1281.6171058226694,1313.0954207025245,13983908
2024-11-18,1309.097900390625,1319.0910141340648,1298.1054752728412,1311.096523139313,12017663
2024-11-19,1302.6025390625,1321.589457545191,1293.608735570699,1317.592211548835,16253283
2024-11-20,1299.1051025390625,1309.09821871244,1298.6054467303936,1305.600628051758,15269416
2024-11-21,1308.598388671875,1324.7372935403391,1299.1049295711628,1299.1049295711628,5884491
2024-11-22,1341.0760498046875,1341.5757055609486,1318.5915407729397,1324.0877540918111,7504910
2024-11-25,1345.5728759765625,1351.5687447146684,1334.580449956702,1340.0766629666325,12017864
2024-11-26,1337.07861328125,1350.5733423247734,1336.0793019110847,1347.0717269829036,5805074
2024-11-27,1343.07470703125,1346.5722974141438,1333.08561719852,1342.0753954932804,4017467
2024-11-28,1339.5772705078125,1346.572452077044,1330.083809806713,1341.5758938133072,4238885
2024-11-29,1334.0809326171875,1339.077490417252,1323.2284237138006,1329.0843748171233,4678466
2024-12-02,1340.5765380859375,1344.5737845655078,1331.0830776969576,1334.0810125566354,5012839
2024-12-03,1367.05810546875,1371.0553513911732,1340.0766954923931,1340.0766954923931,7976947
2024-12-04,1354.067138671875,1367.0581887107935,1346.072646340233,1365.0595656278829,14432393
2024-12-05,1340.5765380859375,1355.0665565743802,1328.9614922851936,1344.5737845655078,6605516
2024-12-06,1343.07470703125,1354.2330352784622,1337.5784935724168,1342.575051262265,10897195
2024-12-09,1382.0478515625,1389.043032300705,1344.573669036402,1349.0705709395336,7304631
2024-12-10,1372.5543212890625,1397.5371083529335,1372.5543212890625,1384.046403338443,6016716
2024-12-11,1339.5772705078125,1367.0583409583644,1339.077614681439,1363.061094347375,15020689
2024-12-12,1333.0814208984375,1339.3450491903895,1328.83934884257,1335.0800437183752,6664430
2024-12-13,1328.584716796875,1335.080241926006,1321.58953588858,1332.5819630301864,5497727
2024-12-16,1318.591552734375,1329.0843237110412,1309.59774904009,1320.5901757775496,8010399
2024-12-17,1332.58203125,1344.0741147590927,1299.6047481369517,1302.1030271606676,7821868
2024-12-18,1333.0814208984375,1339.0772893582505,1324.5872739137023,1336.5790108333283,6644940
2024-12-19,1321.0897216796875,1332.581803222287,1314.5941973295226,1326.086278872122,7849986
2024-12-20,1319.09130859375,1322.5888991847182,1301.6033556389086,1307.5992252234255,13999848
2024-12-23,1333.0814208984375,1337.078666538313,1316.5927826339516,1318.5914054538894,3702581
2024-12-24,1338.57763671875,1346.0724723106805,1338.57763671875,1340.5762595432648,1960702
2024-12-27,1341.57568359375,1344.2987830235306,1334.0808473725558,1337.0787818610336,3344268
2024-12-30,1333.0814208984375,1345.0731578180637,1329.5838309635465,1340.5762564732038,4697717
2024-12-31,1345.5728759765625,1346.5721874329136,1328.0849254904208,1330.083548403123,1742481
2025-01-02,1360.5626220703125,1369.0567699128374,1341.0760476080495,1344.0739821407053,4493694
2025-01-03,1339.07763671875,1367.0583634561567,1336.5793575457672,1362.5614609447878,3512906
2025-01-06,1348.57080078125,1348.57080078125,1325.086981723555,1338.078030563982,15496097
2025-01-07,1356.5654296875,1365.5592336412292,1335.5798871287982,1346.0726584081492,5802616
2025-01-08,1359.0635986328125,1361.56187730677,1341.575647915111,1355.5660084892722,3762536
2025-01-09,1348.57080078125,1360.5625381724135,1347.5714893319864,1354.0670137522,4770209
2025-01-10,1348.57080078125,1356.0656366507271,1342.5749320856685,1344.0738992595636,4789106
2025-01-13,1330.083740234375,1341.5758236398565,1328.0851170334215,1337.0789214377114,5573791
2025-01-14,1292.609375,1330.5832105237728,1288.1124734248162,1328.584587601469,8300847
2025-01-15,1326.5860595703125,1327.085715336629,1303.102238553437,1306.100173151336,7776415
2025-01-16,1347.5716552734375,1348.0713110595975,1331.0830143301584,1331.5826701163185,5918138
2025-01-17,1358.0643310546875,1375.9270241507893,1354.566740798108,1365.059511567846,10274549
2025-01-20,1353.06787109375,1368.372269294991,1351.069247945901,1355.5661500285612,3752890
2025-01-21,1357.5648193359375,1361.5620657675486,1346.8441770814295,1353.0679171003749,4656261
2025-01-22,1354.56689453125,1361.5620758383093,1345.4581789167462,1358.0644851847796,3749460
2025-01-23,1362.561279296875,1366.5585254407604,1352.0685081691763,1352.0685081691763,11974199
2025-01-24,1355.566162109375,1369.261683437005,1352.0685715694688,1364.060310563433,5012275
2025-01-27,1401.0347900390625,1405.5667020645678,1364.0602627698431,1364.0602627698431,9362065
2025-01-28,1386.544921875,1415.0253040540542,1386.544921875,1401.0349408783784,8877682
2025-01-29,1399.53564453125,1402.033923082716,1378.0504489886423,1386.5445960636268,13830830
2025-01-30,1401.0347900390625,1401.0347900390625,1381.0485590827277,1391.5413303348034,6672399
2025-01-31,1404.03271484375,1410.0285840886345,1398.2416605496746,1403.033403302936,13746432
2025-02-03,1397.5372314453125,1405.5317240098907,1387.0444599543036,1399.535854586457,5853806
2025-02-04,1379.0499267578125,1399.3109926514544,1358.564040164671,1386.544763316279,15530678
2025-02-05,1483.9776611328125,1489.4738746925636,1429.5151813134603,1434.012083316893,14173830
2025-02-06,1478.4814453125,1503.953887085207,1474.9838548707332,1498.967332185705,10080597
2025-02-07,1442.0064697265625,1473.4847814357702,1437.0599266810502,1439.0085352780666,13504243
2025-02-10,1464.4910888671875,1477.4821391266712,1440.0079556858527,1443.5055461403292,5809349
2025-02-11,1442.5062255859375,1467.489014390682,1438.0093236010837,1461.992800853638,5472759
2025-02-12,1444.0050048828125,1446.5462226006398,1421.0208421753352,1434.01189066217,6392034
2025-02-13,1443.505615234375,1449.0018290687738,1432.5131875655777,1447.5028616593925,6461439
2025-02-14,1434.0120849609375,1440.507610084454,1430.0148387310812,1438.0093311907938,5980999
2025-02-17,1418.5228271484375,1432.5172152036655,1405.0321204443137,1432.5131896564178,4423734
2025-02-18,1442.0064697265625,1448.5019943649704,1414.5254039486829,1419.0223056214268,6033704
2025-02-19,1436.51025390625,1446.0037129755435,1434.0119752038042,1442.0064670516304,5496067
2025-02-20,1446.1646728515625,1447.1640955694972,1412.684011800749,1424.6770844159655,11416014
2025-02-21,1428.1751708984375,1436.6702646371616,1401.670458913642,1418.1809429705268,10600239
2025-02-24,1451.66162109375,1458.6575807134789,1439.9083991726172,1448.1636412838857,5069844
2025-02-25,1482.6435546875,1488.6400908035264,1451.161740078362,1451.6614514213643,12448479
2025-02-26,1466.153076171875,1500.1334473987624,1462.655096780872,1495.6360453246157,13553338
2025-02-27,1460.15673828125,1463.6547181470846,1444.1659731802918,1445.6651074085066,8180457
2025-02-28,1465.653564453125,1477.6466382843132,1459.157316127898,1461.6558731760622,18309624
2025-03-03,1478.64599609375,1500.1335857632434,1466.6529227898466,1467.6523455651718,6544613
2025-03-04,1508.12890625,1523.619958633615,1471.1502650762093,1473.149110545063,9446777
2025-03-05,1482.1439208984375,1494.1369937580337,1473.6528536178075,1486.641323220786,7701162
2025-03-06,1499.6339111328125,1506.629870731566,1473.1492069375313,1481.1445893361067,10557852
2025-03-07,1533.114501953125,1539.1110384666315,1495.6361487437102,1505.1306648900954,8914164
2025-03-10,1557.6004638671875,1559.5993095057722,1526.6183564691237,1528.117490698062,26729072
2025-03-11,1515.1248779296875,1557.600344494339,1504.630939131362,1546.6066943246644,13728194
2025-03-12,1489.1397705078125,1522.620429777619,1484.1426571839606,1515.6244711242266,9995623
2025-03-13,1498.1346435546875,1507.6291593077026,1483.6430142474542,1489.1398391570945,11176848
2025-03-14,1510.1278076171875,1513.1260759314507,1494.6367546601614,1498.6344457458456,7108865
2025-03-17,1535.11328125,1536.6124153137207,1508.1288681030271,1514.1254043579102,6922581
2025-03-18,1530.615966796875,1540.610194461236,1527.6176984975668,1537.1122147787096,8141666
2025-03-19,1504.1312255859375,1524.5724218407838,1491.1387299496469,1517.6234325928544,10068477
2025-03-20,1510.1278076171875,1521.6211694885294,1499.6338685172666,1502.1324254458193,13843851
2025-03-21,1508.12890625,1528.6170723057487,1503.6315039450794,1513.1260199221338,20824917
2025-03-24,1484.142822265625,1516.1243510955912,1480.0671732573596,1516.1243510955912,7647400
2025-03-25,1485.1422119140625,1511.626914885612,1484.6425005372407,1486.6413460445276,9504295
2025-03-26,1474.6483154296875,1483.1434090800788,1453.471581229393,1482.14398629768,6531939
2025-03-27,1476.647216796875,1481.7692587502313,1463.654720134703,1472.1498141061231,5389968
2025-03-28,1487.640625,1490.6388929711118,1474.4981926599924,1477.1466871011085,5749188
2025-03-31,1461.156005859375,1482.1438828245234,1452.16120144574,1478.1461919740188,9532133
2025-04-01,1468.152099609375,1496.635649533723,1464.1544083919227,1495.63622672936,8622454
2025-04-02,1432.6724853515625,1448.6632490527309,1413.1837420907634,1439.6684444708235,7781741
2025-04-03,1464.654052734375,1485.641930665062,1441.6673292864796,1441.6673292864796,12590773
2025-04-04,1416.6817626953125,1468.6517462298143,1412.1843602740576,1458.6575186270254,10584485
2025-04-07,1330.7313232421875,1380.7024581743012,1323.2356530023703,1376.7047673797322,20251028
2025-04-08,1339.726318359375,1360.7141980203571,1324.235264323888,1336.7280498363775,17967315
2025-04-09,1263.2705078125,1308.7442484022697,1241.7829161052464,1294.7523282208022,19854588
2025-04-10,1274.2640380859375,1335.728538746553,1274.2640380859375,1323.2357540594362,17010637
2025-04-11,1293.2530517578125,1299.2495883192862,1267.0472402653472,1278.7614217342511,18823224
2025-04-14,1321.7364501953125,1327.7329860752156,1293.2529047657729,1313.7410690221084,9809611
2025-04-15,1345.22314453125,1354.217950103896,1325.2346877031482,1326.2341105445537,7277404
2025-04-16,1344.7232666015625,1351.2195142663045,1326.2339463249896,1334.7290394250365,6578428
2025-04-17,1335.7286376953125,1337.2277719688202,1262.7707697179403,1331.2312348747896,26509202
2025-04-22,1361.2137451171875,1362.213167837538,1328.732506705801,1350.2200951933337,15059103
2025-04-23,1378.2039794921875,1388.1982070447052,1359.7146585200298,1369.2091746949216,11614773
2025-04-24,1393.1953125,1395.2031859872673,1372.2074347650646,1391.696178376076,9805681
2025-04-25,1388.1982421875,1397.1930472124732,1380.2028599430796,1393.1953560902627,7504582
2025-04-28,1408.1866455078125,1412.782989728897,1393.1953043562037,1395.1941498430847,5335649
2025-04-29,1431.17333984375,1434.671319375491,1403.189503589822,1425.6765148653,9851339
2025-04-30,1482.6435546875,1504.6308537795965,1426.6758842712547,1449.6626060493554,15145047
2025-05-01,1462.1553955078125,1478.6458698932388,1449.6626118824893,1467.652220302955,5518378
2025-05-02,1447.663818359375,1477.6465001341635,1446.1646842706357,1449.1629524481143,7904765
2025-05-06,1449.1630859375,1469.1515422952589,1438.6691463496768,1449.662797346444,5967410
2025-05-07,1378.2039794921875,1403.6892597511076,1372.7071543383029,1389.197629799957,8343337
2025-05-08,1363.2125244140625,1383.2009778512188,1355.6169365079106,1366.710503765565,8730270
2025-05-09,1376.7047119140625,1388.759759731388,1366.7104853302944,1378.7035572308162,6894239
2025-05-12,1398.692138671875,1404.688675172076,1327.733123419497,1339.226485044882,10821571
2025-05-13,1357.2161865234375,1411.1850186826905,1354.2179180701455,1407.6870388205168,8414733
2025-05-14,1359.21484375,1383.7006993910843,1353.7780429349225,1354.2177303538604,7977140
2025-05-15,1361.873779296875,1364.372630268062,1336.3854993907685,1337.3850397792432,6957104
2025-05-16,1393.8590087890625,1402.8548718791317,1379.865443982288,1387.8617667290164,9853322
2025-05-19,1395.858154296875,1403.354707220059,1386.3625205941753,1394.8586139071172,11004991
2025-05-20,1414.849365234375,1426.3440792578265,1400.3560301613277,1404.8539617357217,7106313
2025-05-21,1429.3426513671875,1434.3403529453944,1416.84839742167,1421.846098999877,6028115
2025-05-22,1427.8433837890625,1444.3357994926114,1415.848899641027,1426.344073270558,7562460
2025-05-23,1424.8447265625,1447.334383768853,1417.8479443205235,1440.3376015268766,6000623
2025-05-27,1447.3343505859375,1462.6283420548873,1435.3398670175457,1435.3398670175457,7238131
2025-05-28,1445.8349609375,1455.8303633636149,1436.6531491287844,1443.835880452277,6234036
2025-05-29,1455.3306884765625,1458.3293094006217,1433.340801700131,1450.3329869364643,6679720
2025-05-30,1506.307373046875,1516.302776982156,1458.3294341575252,1462.8273659284018,23132350
2025-06-02,1516.302734375,1526.2981380294166,1505.8075605378624,1512.3045729132334,9108119
2025-06-03,1484.3175048828125,1517.802108528317,1475.0717561150238,1511.804866084346,9061321
2025-06-04,1493.313232421875,1500.3100146353645,1475.8212768881515,1482.818059101641,5213601
2025-06-05,1511.3050537109375,1512.304594090376,1491.8140163118878,1499.310569157676,6136545
2025-06-06,1512.3045654296875,1520.8006584938992,1503.308702185228,1508.8061741679533,7337013
2025-06-09,1508.306396484375,1516.3776360495428,1502.808924528998,1511.804787728706,3847004
2025-06-10,1507.8065185546875,1511.304909549014,1490.814333725102,1499.8101962819412,17136734
2025-06-11,1522.2999267578125,1527.7973985878637,1507.3068217667635,1515.3031444286564,15815612
2025-06-12,1548.7877197265625,1556.2842720969718,1522.7996715091435,1524.7987521412526,7395989
2025-06-13,1510.8052978515625,1553.7855345750936,1508.3064468792645,1535.7938075745458,9549960
2025-06-16,1484.8170166015625,1506.3071316180103,1484.3172464849008,1497.8110396347636,9117271
2025-06-17,1479.31982421875,1484.817296538482,1464.1867675914557,1481.8186752731735,12363192
2025-06-18,1448.8336181640625,1469.823963787688,1442.8363765573122,1463.8267221809378,8649492
2025-06-19,1434.3404541015625,1443.272382132143,1423.3455098540942,1431.8416031362287,5124382
2025-06-20,1401.8553466796875,1444.8355819076564,1399.3564957943404,1439.8378801369624,24023738
2025-06-23,1402.355224609375,1414.84947999613,1397.357522454673,1400.356143747494,10650109
2025-06-24,1409.3519287109375,1422.8457237730636,1402.7149659794168,1409.3519287109375,13353271
2025-06-25,1393.8590087890625,1414.2666161701472,1393.8590087890625,1404.853952565814,6551029
2025-06-26,1394.3587646484375,1404.8539381457913,1388.8612928164905,1394.8585348149782,12916831
2025-06-27,1404.85400390625,1410.8512461854657,1392.8595193478188,1392.8595193478188,4971977
2025-06-30,1389.3612060546875,1405.3538530308565,1384.3635038746347,1393.859138016735,8874664
2025-07-01,1411.8507080078125,1414.8493289805724,1383.2238584794936,1384.3633490908462,11687307
2025-07-02,1408.8521728515625,1414.9283583544277,1401.8553901555988,1410.851253621838,12624524
2025-07-03,1393.3592529296875,1412.3505196482413,1379.8654581559783,1404.8539669961806,7926084
2025-07-04,1404.3541259765625,1415.3490693116105,1387.3619408223976,1389.36102142877,4005881
2025-07-07,1394.8585205078125,1404.853923736102,1386.3624277637664,1400.8557624447865,5518641
2025-07-08,1413.35009765625,1416.8484889870822,1387.3620477700672,1391.3602092910185,6247440
2025-07-09,1424.344970703125,1429.842442519874,1402.8548536012884,1406.3532447574014,7848611
2025-07-10,1453.83154296875,1461.8278663401836,1428.3432622223058,1428.3432622223058,7057049
2025-07-11,1407.8526611328125,1456.3303707990826,1404.3542697135972,1454.8310601908474,8542394
2025-07-14,1423.84521484375,1425.3485518229472,1404.8539483768975,1406.3532588874386,6480862
2025-07-15,1401.8553466796875,1494.8125996145973,1400.8558063255489,1418.8475327000474,13459931
2025-07-16,1420.8466796875,1430.8420836951504,1397.3574802695216,1402.3551822733468,7539555
2025-07-17,1412.3504638671875,1421.346326694367,1402.355060725877,1409.3518429247945,9609826
2025-07-18,1347.38037109375,1360.8741656113802,1314.3955400506536,1319.39324172385,17187294
2025-07-21,1343.38232421875,1357.8756603059314,1336.3855412801106,1351.064827025469,7097180
2025-07-22,1346.8804931640625,1358.874976220069,1336.8850906173905,1342.8823321453935,6468572
2025-07-23,1370.8695068359375,1376.494971318387,1363.8727248105265,1369.3701964019208,9105955
2025-07-24,1389.8609619140625,1403.354757660801,1373.368544890271,1376.367166167324,8056479
2025-07-25,1391.85986328125,1406.573067166604,1385.862621500505,1391.3600931328544,4945598
2025-07-28,1397.357421875,1418.3477694138949,1390.360639362035,1416.8484588754022,7412838
2025-07-29,1396.3577880859375,1405.3536507149806,1384.3633045805464,1393.3591672095895,7579505
2025-07-30,1461.8277587890625,1463.3270693108975,1384.8631520015358,1423.845225569244,11478290
2025-07-31,1417.3482666015625,1461.3280435624008,1403.854471397669,1458.8291925987169,14502769
2025-08-01,1395.858154296875,1412.850340922759,1387.3620609839331,1387.3620609839331,8562116
2025-08-04,1397.8572998046875,1404.8540828569812,1382.864193264058,1401.8554615488554,7424856
2025-08-05,1396.3577880859375,1412.85020290585,1386.8621553108362,1411.850662613734,6715381
2025-08-06,1372.368896484375,1396.8576349868274,1370.8695859638167,1394.3587841192302,7134923
2025-08-07,1382.3643798828125,1385.3630010973088,1359.8747207740898,1361.374031381338,9345794
2025-08-08,1394.8585205078125,1406.3532342203457,1388.8612785708387,1399.3564519605427,5056069
2025-08-11,1403.354736328125,1417.8480722802317,1399.3565746861643,1400.3561150966548,4395748
2025-08-12,1403.8544921875,1405.3538027879138,1394.858628585017,1400.8558709866722,7158994
2025-08-13,1434.3404541015625,1434.3404541015625,1410.8512550274254,1413.3501059927592,4772357
2025-08-14,1414.5074462890625,1416.5067501000717,1401.0121455647495,1415.0072722418147,4704302
2025-08-15,1424.5037841796875,1431.0015207391036,1414.0074405067844,1427.502739514803,8992195
2025-08-18,1438.4990234375,1447.4238937474358,1432.501112290436,1436.999545650734,5767809
2025-08-19,1450.9947509765625,1452.4942288452946,1429.5022348580671,1435.500146332996,8101395
2025-08-20,1481.98388671875,1493.4798831418634,1449.9950271066084,1457.492416078204,13331992
2025-08-21,1491.980224609375,1491.980224609375,1288.1562131943217,1474.986144999084,4636770
2025-08-22,1478.9849853515625,1498.478197392357,1478.485159401799,1480.9842891506185,4401733
2025-08-26,1468.98828125,1487.9816649476863,1459.4915894011567,1467.9886294764376,15274673
2025-08-27,1476.4857177734375,1483.9831063200188,1469.987981033067,1477.985195482754,11955010
2025-08-28,1458.991943359375,1480.98428508867,1458.991943359375,1477.9853293983117,3617505
2025-08-29,1451.9942626953125,1461.49095494702,1446.4961777074816,1454.99321814322,10636697
2025-09-01,1446.9962158203125,1469.4883849781413,1441.2732327401638,1464.9899511465755,2801867
2025-09-02,1441.9976806640625,1469.488104385561,1439.788489297523,1443.9969842074445,6177183
2025-09-03,1466.9891357421875,1466.9891357421875,1443.997142473315,1448.495575938964,6540257
2025-09-04,1468.4886474609375,1472.487255078258,1449.495261278665,1455.992998656811,4924082
2025-09-05,1475.4859619140625,1477.4852653854907,1461.9906634819215,1468.9882256319206,8162820
2025-09-08,1463.9901123046875,1488.481582261304,1444.4969015228908,1485.4826267564122,4123913
2025-09-09,1490.480712890625,1492.125159492675,1467.9885492152132,1470.9875043719348,5966699
2025-09-10,1487.48193359375,1500.587354534696,1479.9845448155556,1492.980018697759,7155115
2025-09-11,1516.9716796875,1518.4711574598437,1491.4805575576606,1491.980383481775,4628092
2025-09-12,1502.9764404296875,1530.466864182143,1466.0393562352376,1515.9719134763027,5918386
2025-09-15,1478.4849853515625,1505.4755834614289,1475.4860300060218,1503.4762798977351,13702131
2025-09-16,1462.4906005859375,1484.5919112778554,1460.4912969624434,1469.9879891740404,6629720
2025-09-17,1472.9869384765625,1478.4850234182802,1459.4916390741644,1463.4902463045046,7093080
2025-09-18,1472.4871826171875,1480.4843974582857,1462.9904899933836,1476.4857900377365,4173385
2025-09-19,1495.9788818359375,1505.475573701919,1475.9858463286075,1479.9844534300737,12382635
2025-09-22,1510.473876953125,1513.972658269694,1490.4808408584445,1501.4770107105187,3121100
2025-09-23,1493.479736328125,1511.4734680911145,1488.4814775050722,1506.4752092680617,4434259
2025-09-24,1484.4830322265625,1496.978680645978,1476.985643174913,1496.978680645978,3729139
2025-09-25,1469.9881591796875,1495.979109290991,1469.4883332160084,1478.485200562229,10050952
2025-09-26,1485.482666015625,1494.9793586987666,1454.493458312742,1459.99154355035,7059845
2025-09-29,1517.471435546875,1543.622360856892,1494.479444099195,1524.4689981613865,10796177
2025-09-30,1573.9517822265625,1591.94551489095,1519.9705842334,1527.4679728435617,15239081
2025-10-01,1670.9180908203125,1671.5578826566657,1589.946289829319,1599.4429825381394,19599004
2025-10-02,1646.426513671875,1683.9134561507428,1636.4299956775103,1674.9165899558143,18482205
2025-10-03,1627.93310546875,1650.925098975524,1594.9445930459876,1629.4325833061484,23609726
2025-10-06,1615.437255859375,1625.4337735317722,1591.9454393292417,1599.4428275835396,10331194
2025-10-07,1613.9378662109375,1613.9378662109375,1596.4439593303605,1599.4429147956023,6500501
2025-10-08,1619.935791015625,1630.9319611490232,1609.4394467973812,1611.438750457999,6702998
2025-10-09,1639.4288330078125,1646.926220963641,1624.4340570961558,1625.4337088235995,7883091
2025-10-10,1624.43408203125,1646.4264203725963,1621.934952674279,1626.433385516827,6735576
2025-10-13,1626.9334716796875,1632.9313830960182,1613.9379969443044,1622.9348640688004,5558662
2025-10-14,1636.9298095703125,1648.925631075561,1623.4345103769083,1627.4331175453244,4670763
2025-10-15,1627.43310546875,1633.930842069209,1607.440069775031,1629.932234930465,6560534
2025-10-16,1633.43115234375,1638.429411683847,1620.9355039935072,1634.930630145779,6296821
2025-10-17,1624.43408203125,1624.43408203125,1596.443833233173,1609.9391317608174,7131638
2025-10-20,1632.9312744140625,1636.929881758817,1613.9378895264792,1621.4352782978938,6263717
2025-10-21,1644.927001953125,1651.424738515079,1632.9311806079793,1639.4289171699331,5509794
2025-10-22,1651.924560546875,1657.4226453172275,1622.434833142256,1622.434833142256,6030355
2025-10-23,1645.9267578125,1656.9229280742295,1638.4293689976844,1638.4293689976844,8038787
2025-10-24,1619.4359130859375,1638.4292972517603,1591.445662736304,1599.9427030210145,10344071
2025-10-27,1639.4288330078125,1649.4253502822503,1630.4319674608184,1630.9317933245404,8281626
2025-10-28,1643.427490234375,1659.9217442422016,1623.9342809523978,1623.9342809523978,8085611
2025-10-29,1751.39013671875,1763.385959572988,1663.4207691210045,1679.415199593322,18434583
2025-10-30,1782.379150390625,1783.378802185572,1721.9002167963274,1748.3909893624248,9998506
2025-10-31,1779.880126953125,1793.3754269889953,1758.3876120811833,1793.3754269889953,7484230
2025-11-03,1756.38818359375,1787.585324262718,1754.388880026768,1781.8793040727714,6675438
2025-11-04,1788.876953125,1790.3764308727996,1746.391750270676,1764.385483244272,14469995
2025-11-05,1787.37744140625,1798.3736113477871,1778.3805750904469,1794.3750040963191,8393764
2025-11-06,1777.8807373046875,1787.3774294634698,1768.384045145905,1787.3774294634698,12858364
2025-11-07,1767.8843994140625,1792.8756971157031,1755.888576517275,1792.8756971157031,7168260
2025-11-10,1771.383056640625,1778.8804454243748,1752.889497640709,1756.3882790731252,10820320
2025-11-11,1823.86474609375,1825.364223824164,1782.8790214624296,1794.8748433057428,4414582
2025-11-12,1822.8651123046875,1829.362849200756,1804.371553446647,1829.362849200756,6038708
2025-11-13,1810.0283203125,1817.0264966406896,1793.4746506751424,1811.0280597879555,6544853
2025-11-14,1783.535400390625,1809.5286293200847,1776.537223371155,1805.0298012361395,7347901
2025-11-17,1799.0313720703125,1800.530981438529,1778.536710704688,1781.0360596517153,11567367
2025-11-18,1786.53466796875,1805.0298505974135,1770.53883434396,1798.5315431873423,10583101
2025-11-19,1772.0384521484375,1787.5344160459274,1772.0384521484375,1783.5354576207687,8033376
2025-11-20,1760.0413818359375,1782.5355204847922,1754.542814610662,1777.5368230072688,8550829
2025-11-21,1787.5343017578125,1787.5343017578125,1752.5434177748575,1756.042506173153,8672000
2025-11-24,1793.53271484375,1793.7116233092486,1774.037794030231,1793.0328450793006,22546181
2025-11-25,1794.5325927734375,1808.5289472574643,1777.5370194714048,1789.034024940427,9012873
2025-11-26,1813.527587890625,1819.5260253367903,1794.032666190588,1798.0316244880314,10807792
2025-11-27,1801.53076171875,1811.5281577327275,1795.032454309665,1804.529980522943,8413945
2025-11-28,1790.5335693359375,1809.528621160272,1785.0350017025776,1809.028751375421,4299804
2025-12-01,1799.5311279296875,1823.0250065443252,1782.535556165907,1790.0336025322808,12683882
2025-12-02,1818.5262451171875,1827.523901085332,1780.5361421405778,1786.034709676666,8474628
2025-12-03,1832.5225830078125,1848.0185459301372,1829.523364377685,1834.522062094564,9069137
2025-12-04,1825.5244140625,1853.0172516236823,1818.0263674549049,1827.024023384019,9014389
2025-12-05,1804.5299072265625,1833.0224847090872,1795.5322511794495,1826.0243077835548,4275805
2025-12-08,1820.02587890625,1821.5254882544289,1802.0305667281052,1812.02796238263,5964836
2025-12-09,1782.53564453125,1822.0253573517684,1779.0365560534826,1820.525748004154,8160060
2025-12-10,1803.0302734375,1807.5291014000552,1769.0391288315254,1779.5363940774882,6940562
2025-12-11,1820.5257568359375,1820.5257568359375,1792.0331790930356,1804.5299237171153,8075614
2025-12-12,1824.0247802734375,1837.5212639860663,1814.527254697884,1816.0268639992871,11917528
2025-12-15,1833.0224609375,1838.021158676626,1809.528581563608,1818.5262374940344,10789793
2025-12-16,1819.026123046875,1849.5181795200433,1815.391083687765,1844.019611959308,7637179
2025-12-17,1833.0224609375,1850.0180332505283,1823.025065459248,1825.524414328811,10914671
2025-12-18,1812.0279541015625,1823.524959051724,1797.031860688308,1817.0266519059803,7353127
2025-12-19,1821.5255126953125,2057.1640826188086,1798.0316325919423,1804.5299398545767,20122460
2025-12-22,1809.5286865234375,1820.025952384485,1803.030379085646,1808.0290771147163,6968260
2025-12-23,1814.02734375,1822.5251295983744,1804.0299486342656,1809.0286461921328,5327391
2025-12-24,1805.02978515625,1805.5296549389016,1792.5330405899508,1803.030306025642,1462315
2025-12-29,1822.525146484375,1823.524886005211,1809.3665876031343,1815.0271000781036,3648254
2025-12-30,1830.023193359375,1835.0218909648363,1812.0278819797145,1814.527230782445,3231953
2025-12-31,1824.0247802734375,1834.8819369709747,1823.5249105063033,1833.0224360818568,2468549
2026-01-02,1831.0230712890625,1848.5185142306725,1820.0259357257648,1827.5239827007408,5189320
2026-01-05,1820.02587890625,1848.0185867389196,1799.3692726968768,1845.5192378252884,5346047
2026-01-06,1899.00537109375,1905.003808696573,1816.5268540549323,1817.5265936554028,11459675
2026-01-07,1901.004638671875,1909.2324751416477,1869.012975018181,1901.504508416464,7533262
2026-01-08,1890.5074462890625,1908.0028880183372,1879.510311487804,1891.007316052756,6027997
2026-01-09,1885.5087890625,1895.506184550636,1870.0128260558888,1874.51165402555,6349278
2026-01-12,1876.5111083984375,1902.0044665572868,1865.513973506385,1879.0104572375403,5648904
2026-01-13,1857.51611328125,1874.0118161171708,1832.5226241359155,1868.0133787222903,5789939
2026-01-14,1880.01025390625,1880.01025390625,1851.5176762745944,1856.016504321698,6553009
2026-01-15,1847.5186767578125,1895.506174855418,1844.019588354862,1890.007607365067,4981120
2026-01-16,1816.0269775390625,1845.019425845494,1794.5325762084324,1837.5213788696929,14633608
2026-01-19,1815.5269775390625,1815.5269775390625,1792.5329684623011,1799.5311451378373,5057573
2026-01-20,1795.0323486328125,1805.029744058225,1773.5379484681755,1801.5306556593307,7499502
2026-01-21,1787.0343017578125,1798.5313056572334,1776.5370373279063,1786.0345622882976,6415514
2026-01-22,1804.030029296875,1807.5291177438348,1776.037321721196,1792.033154621584,4821354
2026-01-23,1800.5308837890625,1813.5274976087503,1795.5321861661057,1813.5274976087503,9063475
2026-01-26,1828.0238037109375,1832.5226317758536,1794.5325281165617,1802.0305748914216,3635869
2026-01-27,1862.014892578125,1865.014111197043,1832.0227063889472,1833.522315698406,4702983
2026-01-28,1817.026611328125,1851.0177556390777,1809.5285647889443,1842.0200997920608,12028812
2026-01-29,1851.517578125,1858.5157547161853,1810.5282580909152,1811.5279976039417,9994118
2026-01-30,1876.0113525390625,1876.1243602131608,1822.5252841346712,1835.52189888714,8925067
2026-02-02,1924.4986572265625,1926.9980061320516,1874.5116791167816,1882.0097258332487,12847687
2026-02-03,1944.993408203125,1944.993408203125,1918.500308579695,1921.9993972092047,6776760
2026-02-04,2079.458251953125,2110.9500475956843,1919.4999248798076,1934.9958878150353,16789757
2026-02-05,2179.43212890625,2195.4279610450117,2082.457396565009,2089.455573125717,16401248
2026-02-06,2197.427490234375,2198.4272297658736,2150.439732253931,2165.4358252264133,8479176
2026-02-09,2158.437744140625,2218.4221186883033,2155.4385254132408,2199.427066748205,19200085
2026-02-10,2167.435302734375,2186.4303538192244,2130.444940095458,2162.4366050804674,16787539
2026-02-11,2149.43994140625,2167.4352525436047,2125.24629413699,2160.437075990189,8125558
2026-02-12,2140.4423828125,2148.4402992359,2109.450456671824,2142.4418619183502,4836166
2026-02-13,2164.436279296875,2170.434717022409,2136.4435699110495,2169.434977401487,13837732
2026-02-16,2183.43115234375,2186.430370959607,2152.439226646563,2171.434277880323,8105838
2026-02-17,2238.4169921875,2259.411524048124,2188.430011566966,2193.4287096290195,9156007
2026-02-18,2267.4091796875,2281.405532648534,2242.4156922570824,2242.4156922570824,13281247
2026-02-19,2225.596923828125,2264.589861846677,2215.5987345925987,2251.5922158404933,12562950
2026-02-20,2212.599365234375,2243.593753088991,2199.201888768047,2236.5950203476264,33733364
2026-02-23,2205.6005859375,2213.5991374730847,2182.6047502726938,2205.6005859375,6742367
2026-02-24,2200.6015625,2217.598485063608,2174.606269167424,2193.6028296796912,6378598
2026-02-25,2213.59912109375,2216.5985778974,2175.606001580849,2181.6049151881493,11629183
2026-02-26,2166.607666015625,2221.597708300286,2153.6100196574325,2195.6024155839004,7371406
2026-02-27,2200.6015625,2200.7336186682405,2152.6102517321674,2165.6078983984553,14108340
2026-03-02,2179.605224609375,2195.602327175315,2169.607035505662,2193.6026893545727,6966860
2026-03-03,2121.615966796875,2172.6067369696557,2114.617233635905,2164.60818478569,6690212
2026-03-04,2114.616943359375,2149.610604360594,2108.6180300448805,2124.615132216866,6323058
2026-03-05,2075.624267578125,2134.613589248216,2070.6251725213374,2113.617390009709,8767150
2026-03-06,2037.6309814453125,2079.9812218985276,2027.632792134982,2079.6233765486995,5642056
2026-03-09,2045.6295166015625,2050.628611216913,1987.1401096019576,1993.638932601914,9596367
2026-03-10,2063.626220703125,2085.622236621472,2050.6285749331923,2066.625677419263,9407748
2026-03-11,2065.625732421875,2077.6235585540444,2045.1494620173503,2062.6262758888324,4933473
2026-03-12,2030.63232421875,2057.6274363575517,2014.6352207290895,2052.628341517033,7904642
2026-03-13,2030.63232421875,2062.6265311980706,2024.6334104101272,2028.6326862825424,8609433
2026-03-16,2025.6331787109375,2052.628290174509,2024.6333597678424,2036.6311870849852,6816119
2026-03-17,2012.635498046875,2036.6311522709807,2001.6374898608265,2031.6320576409587,11965133
2026-03-18,1972.142822265625,2013.635307499604,1945.1477113905064,2009.6360318144011,8291698
2026-03-19,1955.6458740234375,1976.1421625804317,1943.148137098441,1951.1466887304389,7175585
2026-03-20,1950.1468505859375,1968.1435915808345,1939.6487516722475,1959.6451305554665,14988736
2026-03-23,1936.6492919921875,1966.143950801568,1905.934883364295,1925.651283622588,12421856
2026-03-24,1976.6419677734375,1976.6419677734375,1932.649936118389,1943.1480345815255,7832837
2026-03-25,2053.628173828125,2053.628173828125,1988.6399404791337,1991.1394879156337,11610288
2026-03-26,2046.62939453125,2071.6248683286517,2034.6315671084972,2034.6315671084972,12704866
2026-03-27,2048.629150390625,2059.9171460628977,2022.315920534266,2040.6305983149173,6241725
2026-03-30,2062.626220703125,2070.624771243903,2043.6296631687771,2050.628394891958,9874125
2026-03-31,2063.626220703125,2086.6220555268515,2063.626220703125,2063.626220703125,15707549
2026-04-01,2106.618408203125,2125.6149671760054,2071.6247469372925,2071.6247469372925,6205102
2026-04-02,2143.61181640625,2160.6087384579787,2089.621593418406,2096.6203260279412,6449638
2026-04-07,2095.620361328125,2137.612754064662,2082.6227159572923,2128.614384192547,5859060
2026-04-08,2124.615234375,2141.61215625,2103.619036764706,2125.6150533088235,9483168
2026-04-09,2166.607666015625,2166.607666015625,2123.579568964273,2140.61237329924,6632896
2026-04-10,2175.60595703125,2195.602335312787,2155.609578749713,2155.609578749713,8127997
2026-04-13,2169.607177734375,2180.605186469434,2150.6106171920005,2150.6106171920005,6948126
2026-04-14,2189.603515625,2194.6026104095317,2163.6082227454335,2169.607136486872,4785994
2026-04-15,2130.614013671875,2201.601153498578,2130.614013671875,2197.601878015383,6009320
2026-04-16,2122.615478515625,2135.6131239328192,2114.6169274896592,2120.6158407591333,4359416
2026-04-17,2143.61181640625,2143.61181640625,2113.61724807967,2121.615799633425,5136004
2026-04-20,2143.61181640625,2155.609643736882,2132.6138080198375,2144.6116353504694,4716387
2026-04-21,2081.622802734375,2130.613925373176,2070.624795611379,2123.615193567633,5987464
2026-04-22,2074.624267578125,2094.620646060806,2071.624810805723,2081.623000047063,6988928
2026-04-23,2075.624267578125,2082.6230006576275,2049.6289732828304,2054.628068339618,9032638
2026-04-24,2019.63427734375,2070.625043751934,2019.63427734375,2069.625224802754,4690234
2026-04-27,2015.635009765625,2022.6337424384224,1998.63808756026,2017.6346476721385,10820068
2026-04-28,2027.6328125,2037.6310019107495,1964.1443097417407,1964.1443097417407,10394393
2026-04-29,1917.6527099609375,2050.628627804944,1850.1649321077764,2049.628808873786,14906163
2026-04-30,1928.1507568359375,1958.6452334154017,1900.1558275170855,1906.654650394676,10953651
2026-05-01,1900.6558837890625,1930.150543742654,1892.1574224465023,1927.6509962889595,4931210
2026-05-05,1856.6636962890625,1896.156542817559,1844.6658694955952,1890.6575388705533,7779936
2026-05-06,1874.6605224609375,1890.6576255859377,1864.4913434640648,1870.1613372070312,8582557
2026-05-07,1872.90673828125,1886.1583663780264,1855.1639802885916,1877.6599056760845,14919411
2026-05-08,1842.666259765625,1857.1636340285668,1831.1683422467404,1854.6640867418528,6109465
2026-05-11,1844.166015625,1869.661398329493,1840.6666493714424,1857.6635711744375,9314552
2026-05-12,1891.1575927734375,1891.1575927734375,1821.6701739535836,1822.170083441496,12115794
2026-05-13,1885.6585693359375,1897.1564874416445,1863.662552090237,1885.6585693359375,5076082
2026-05-14,1872.3297119140625,1890.828029495056,1868.3300756803344,1872.3297119140625,4264268
2026-05-15,1862.33056640625,1899.8271549916103,1855.3312032036492,1879.8289744127517,11582703
2026-05-18,1876.329345703125,1882.8287545744656,1845.8321194606815,1855.3312555034097,3355419
2026-05-19,1901.8270263671875,1908.8263897660152,1689.8463062884057,1878.8291180567535,4651353
2026-05-20,1898.3272705078125,1914.32581479442,1885.3284532749435,1899.827134034682,4658204
2026-05-21,1914.3258056640625,1919.1743634923237,1881.3288082303127,1893.827670894612,3472162
2026-05-22,1914.8258056640625,1927.8246231437663,1905.619611914164,1924.8248960330657,5934132
2026-05-26,1924.824951171875,1942.823314351664,1899.8272245332791,1931.32436009791,5173718
2026-05-27,1939.3236083984375,1942.823290084127,1893.3277919579489,1893.3277919579489,5899235
2026-05-28,1917.8255615234375,2190.800732689182,1904.826743848878,1921.3252432050497,6886563
2026-05-29,1881.328857421875,1920.3253099541384,1881.328857421875,1919.3254009148493,20434515
2026-06-01,1842.3323974609375,1882.828713388844,1831.8333525907392,1865.830259789476,4512921
2026-06-02,1820.33447265625,1842.332472325812,1804.835881979968,1839.8326996360888,6581791
2026-06-03,1851.33154296875,1856.8310425562888,1812.8350458559785,1817.334636427601,8184176
2026-06-04,1901.8270263671875,1903.8268444811383,1858.830936917246,1859.3308914457336,12975306
2026-06-05,1937.82373046875,1939.823548560049,1907.8264590992649,1915.325776941636,6351418
2026-06-08,1912.8260498046875,1942.323367352643,1904.3268227145988,1936.3239129361095,4170780
2026-06-09,1903.326904296875,1911.8661667667477,1838.8327696359092,1887.828313796953,9722637
2026-06-10,1921.3251953125,1929.324467528217,1890.328015476597,1915.3257411507125,6411680
2026-06-11,1962.321533203125,1972.8205783489252,1910.3262620048768,1913.8259437201432,7723449
2026-06-12,1983.819580078125,2010.8171247666885,1957.8219444521012,1963.3214442960675,5539233
2026-06-15,1957.8218994140625,1989.319034159488,1953.1383655082905,1983.8195344420328,7053702
2026-06-16,1949.8226318359375,1968.3209491123296,1939.8235414162664,1955.322131566757,6759886
2026-06-17,1972.320556640625,1974.3203746955205,1934.8239681113355,1948.3227399818795,4713670
2026-06-18,1922.8250732421875,1978.3200246540137,1905.826619656583,1975.8202520678951,7565888
2026-06-19,1925.3248291015625,1942.8232370523688,1916.8256023825995,1925.8247836144424,15121492
2026-06-22,1924.324951171875,1932.324223507222,1911.3261336269363,1924.824905692834,3567970
2026-06-23,1957.3218994140625,1971.3206256423111,1910.8261301559503,1914.8257662211645,8306059
2026-06-24,1949.8226318359375,1984.319493783804,1949.8226318359375,1966.8210855493792,5924446
2026-06-25,1983.319580078125,1990.818897875244,1926.324764820019,1948.8227182113767,8999812
2026-06-26,1982.819580078125,1996.3183518033163,1944.8230374442528,1972.320535402976,13838097
2026-06-29,1979.3199462890625,1998.318218064507,1968.8209013605276,1994.818536421662,9719034
2026-06-30,1980.81982421875,2008.817277564598,1945.82300753644,1999.318141607971,13958407
2026-07-01,1929.824462890625,1992.318778398741,1929.824462890625,1980.819824345248,8818923
2026-07-02,2003.8177490234375,2013.8168395874268,1942.8232965831032,1948.822750921497,17567408
2026-07-03,2014.8167724609375,2014.8167724609375,1987.819227619029,2004.8176817787491,2548758
2026-07-06,1982.819580078125,2048.813575179061,1967.320990319572,2024.8157587787207,15158597
2026-07-07,2002.81787109375,2030.815325108041,1981.8197805830316,1997.818325734055,4183854
2026-07-08,1979.3199462890625,1990.318945738004,1963.8213561564633,1990.318945738004,4243788
2026-07-09,1959.32177734375,1982.319685421783,1950.8225504453465,1959.8217318671857,5592972
2026-07-10,1961.321533203125,1980.8197589984147,1953.822215589552,1963.3213512334112,6366224
2026-07-13,1953.322265625,1983.319536149059,1933.8240397843615,1959.8216742385464,4209866
2026-07-14,1920.3253173828125,1961.321588152245,1904.8267272138808,1955.8220884148825,4280130
2026-07-15,1916.32568359375,1928.8245466487576,1902.826911494342,1920.3253197713525,8356406
2026-07-16,1955.8221435546875,1957.8219616973815,1895.8275992738688,1903.8268718446448,5093467
2026-07-17,1916.32568359375,1981.8197260019892,1867.8300949403208,1965.8211812915797,13825954
2026-07-20,1881.828857421875,1922.325174491793,1880.3289938266928,1908.8264021351536,9594992
2026-07-21,1892.8277587890625,1913.3258935250244,1850.331625799873,1857.830943386201,19807883
2026-07-22,1910.326171875,1936.3238062475464,1880.3289014451384,1886.8283100382753,4480767
2026-07-23,1905.32666015625,1905.32666015625,1865.8302533988783,1894.327660806096,8014104
2026-07-24,1919.325439453125,1933.8241208139325,1892.8278493799248,1892.8278493799248,5843511
2026-07-27,1960.8216552734375,1980.3198818302103,1931.8242927018264,1939.823565135374,13332269
2026-07-28,2028.8154296875,2095.8093349556434,1925.8247992006532,1969.3208421732536,18384145
2026-07-29,2006.8175048828125,2047.8137767812657,1981.319823580116,2026.815686296692,8561514
2026-07-30,1939.823486328125,1995.818391088112,1935.3238957670544,1988.319073486328,7053270
2026-07-31,1931.3243408203125,1948.8227492926685,1916.825659514646,1930.3244317647493,6864229
2026-08-03,1909.3262939453125,1963.3213815981255,1905.826612338186,1947.3228371084033,5577528
2026-08-04,1914.3258056640625,1927.8245773415056,1889.828034842036,1918.325441716638,6267337
2026-08-05,1915.3258056640625,1964.321349635631,1912.826033012452,1921.8252145582503,8739818
2026-08-06,1936.3238525390625,1953.8222607081475,1926.294735591371,1933.8240799434789,3139063
2026-08-07,1960.3216552734375,1970.320745583427,1930.8243388589683,1930.8243388589683,4447941
2026-08-10,1927.32470703125,1971.820660059987,1903.8268441958496,1969.820841946336,5929762
2026-08-11,1895.8275146484375,1948.3227385508865,1893.8276965950108,1925.8247854498368,4543479
2026-08-12,1868.8299560546875,1890.827954467316,1842.8323215670353,1888.8281364298043,6129295
2026-08-13,1856.5,1861.5,1841.5,1848.0,3943648
2026-08-14,1817.5,1856.0,1803.0,1855.5,14891905
2026-08-17,1851.5,1860.0,1829.0,1829.0,3969846
2026-08-18,1888.0,1893.0,1851.0,1861.5,3706955
2026-08-19,1916.0,1932.5,1873.0,1890.0,4490573
2026-08-20,1920.5,1937.0,1902.0,1927.0,8381343
2026-08-21,1918.5,1919.0,1875.5,1899.0,4820017
2026-08-24,1890.5,1923.0,1882.0,1917.0,5275639
2026-08-25,1905.5,1912.0,1868.5,1900.5,4599767
2026-08-26,1899.5,1919.5,1891.0,1914.0,3466438
2026-08-27,1852.0,1903.0,1851.8890380859375,1890.0,3594875
2026-08-28,1853.5,1889.6829833984375,1839.0,1862.5,7790314
