Date,Close,High,Low,Open,Volume
2009-01-02,20.48074722290039,20.6702016506238,19.905848364442846,20.376220384282327,32494900
2009-01-05,19.10883140563965,20.101837644405496,18.99777148096112,20.075705311041965,44069400
2009-01-06,19.52040100097656,19.873179940335735,19.27868320568937,19.461605757141307,44216300
2009-01-07,18.351009368896484,19.20682326502219,18.292212870698872,19.04349993581953,42156500
2009-01-08,17.782636642456055,18.259541523201836,17.54745198820385,18.22687612257123,52075800
2009-01-09,16.96602439880371,17.998227631936658,16.86149758375667,17.998227631936658,42597500
2009-01-12,16.273534774780273,17.083618256097814,16.005684641685683,16.93336110749509,59360000
2009-01-13,17.214279174804688,17.37106942156395,15.855429123499627,16.469523945125545,73422800
2009-01-14,16.926820755004883,17.168539702198572,16.175534088628073,16.717767203949503,73907300
2009-01-15,15.901155471801758,17.671579321452327,15.52224549223454,17.33840090936447,136759300
2009-01-16,14.908158302307127,16.332338411126745,13.412116751798356,16.221278460088744,156843400
2009-01-20,11.818077087402344,13.895550190085212,11.56329307347044,13.719160682259336,142090400
2009-01-21,14.78402614593506,14.921218380530489,12.334176384412649,12.602027771379149,136421400
2009-01-22,15.091073989868164,15.567977752748424,13.856348927404122,14.607637145105688,110240800
2009-01-23,15.861967086791992,16.057954644030175,14.248331297700837,14.320193983515471,74369200
2009-01-26,16.00568962097168,16.822306438368194,15.509186446467591,16.332336347930283,74278400
2009-01-27,16.371530532836914,16.443393198015688,15.718237201562644,16.41072902987523,50766500
2009-01-28,18.07009506225586,18.14195773387279,17.20774798708572,17.7630476176296,91373900
2009-01-29,16.613250732421875,17.756514139140002,16.495657725504408,17.469064705125998,58624200
2009-01-30,16.665512084960938,17.62585277887662,16.0710152869096,16.86149957480232,74937200
2009-02-02,16.462995529174805,16.776576087849396,15.90769584440207,16.332336340031205,51532900
2009-02-03,15.711705207824709,16.626316931854124,15.48305352287558,16.351933663856943,66166300
2009-02-04,15.705169677734377,16.658977185128013,15.509180963215757,15.842360656445267,55330300
2009-02-05,16.031810760498047,16.54137850119013,14.692559367676076,15.509175614741606,79815500
2009-02-06,18.050491333007812,18.16155123155865,16.52831816231568,16.66551038808222,76845200
2009-02-09,17.82184410095215,18.27261564221162,17.18161563271167,17.410268568079108,54360000
2009-02-10,16.08407974243164,18.037426335006913,15.875024863812298,17.547456416419397,91948700
2009-02-11,17.04441261291504,17.39065831377673,16.42378383210156,16.495646453011457,64712000
2009-02-12,17.109756469726562,17.129354476511296,15.790103350356503,16.560989850702548,80536400
2009-02-13,16.12981605529785,16.913767468362764,16.11021680269933,16.495660048061477,58580600
2009-02-17,14.143802642822266,15.156408216445843,14.143802642822266,14.895089845150506,91424800
2009-02-18,14.052342414855955,14.568443598128743,13.71916260213426,14.4900490810521,82868300
2009-02-19,13.457840919494627,14.568438673776413,13.418643674205567,14.418181528453378,66502700
2009-02-20,13.00053882598877,13.719161838151209,12.249251641206437,12.876412727128216,135941600
2009-02-23,12.745750427246094,14.085000983119416,12.72615118274872,13.653827572640305,101615400
2009-02-24,13.732223510742188,13.784486917461956,12.38643860710676,13.150791709169596,186379900
2009-02-25,14.196063041687012,15.169469904479602,13.144261681063892,13.60809932372574,135790100
2009-02-26,15.058405876159668,15.796627797521568,14.895082596608878,15.234795317128375,125043400
2009-02-27,14.92775821685791,15.417728390850671,14.078475834301967,14.13073926968552,109872500
2009-03-02,13.823688507080078,14.65337143990492,13.764892000277792,14.176467547893775,94984900
2009-03-03,13.725696563720703,14.307127379100624,13.457846328811405,14.163403257899535,85590100
2009-03-04,12.608559608459473,14.202595535635188,12.281912973566138,14.202595535635188,145009700
2009-03-05,10.8446683883667,12.412571966502822,10.478824510881806,12.08592533580538,153808900
2009-03-06,10.406962394714355,11.543692579142215,9.773267723751175,11.23011209641551,155154800
2009-03-09,10.38736343383789,11.295441986782487,9.81246586631204,10.041118152184374,132882900
2009-03-10,12.739214897155762,12.739214897155762,11.190909769082236,11.334635042321912,149090800
2009-03-11,13.327183723449709,13.660363472293218,12.49096905597562,13.294519555273304,155421000
2009-03-12,15.156400680541992,15.241328236745362,13.06586222596457,13.16385594344776,151894700
2009-03-13,15.51571273803711,15.89462272558686,14.966946377301904,15.41118593085496,120464600
2009-03-16,15.084542274475098,16.5087218563062,14.999613448370637,15.88155964543704,125001900
2009-03-17,16.42379379272461,16.476057208885347,14.5488426476572,15.22173397496946,99884700
2009-03-18,17.71077537536621,17.854499400959497,15.796626497224604,16.21473365971972,142105800
2009-03-19,16.299665451049805,17.906766086748107,16.064479505900643,17.802239276916893,124920200
2009-03-20,15.123741149902344,16.188610032600156,15.123741149902344,16.110214280537843,108922700
2009-03-23,18.85404396057129,19.056564523115384,16.41725914365604,16.52831904815919,146776000
2009-03-24,17.2469539642334,19.141505503619765,17.116295967827476,18.324888353361946,133143000
2009-03-25,18.658058166503903,18.75605192210004,16.939897163806545,17.76304695371883,149452500
2009-03-26,19.010835647583008,19.337482303912413,18.06355984580449,18.978170234315204,133663400
2009-03-27,17.900238037109375,19.07616684734933,17.821843530728305,18.468603815634086,108610200
2009-03-30,16.234344482421875,17.227350947853363,16.188614134655435,16.770044978071923,104860500
2009-03-31,17.364530563354492,17.704243274705647,16.234333798419232,16.809231178656976,84307400
2009-04-01,18.383676528930664,18.475138455492456,16.521791269776692,16.521791269776692,106016900
2009-04-02,18.42948532104492,19.417714270041515,17.93864320223525,19.35881311592227,131840800
2009-04-03,19.16247177124023,19.16247177124023,17.997539663633084,18.311678238175777,80949500
2009-04-06,18.45566749572754,18.91378614028985,18.115349932377512,18.501479235356143,72188000
2009-04-07,17.833932876586914,18.35749737915787,17.676863525815627,17.853567013536914,73652600
2009-04-08,17.951732635498047,18.21351484936123,17.349632919474697,17.96482205826022,66538300
2009-04-09,21.433443069458008,21.65595830347631,19.764580062596984,19.92164941926703,147913000
2009-04-13,22.055173873901367,22.34967965566184,20.8182508387835,20.949141326462293,110196200
2009-04-14,20.091796875,21.760658941097223,20.059073330634504,21.62322379958889,109541400
2009-04-15,21.30908966064453,21.577416538435205,19.810384722875114,20.039444587599693,108069400
2009-04-16,21.754127502441406,22.258056633124024,21.17820528609372,22.258056633124024,132956000
2009-04-17,21.7672176361084,22.23842701855632,21.28946478848332,21.826118808914387,104962100
2009-04-20,19.430805206298828,21.217469110070397,19.398081646863645,20.79861878378549,109372200
2009-04-21,21.289457321166992,21.538151352068272,18.894149209746747,19.025039688079406,115629300
2009-04-22,20.87714576721191,22.343127030515447,20.497561344109,20.70698706054154,124080300
2009-04-23,21.73449325561523,22.08790025893077,20.720086483774875,21.093126377312604,89366500
2009-04-24,21.845741271972656,22.57873126921419,21.10620531687414,22.02898814714518,117098100
2009-04-27,21.45307350158691,22.10098624001741,21.204381942357035,21.289459451095123,67832500
2009-04-28,21.459623336791992,22.068267914252896,21.125849215447506,21.17166095813357,65809900
2009-04-29,22.565654754638672,22.618012461230503,21.760673739935665,21.885019548261983,84731300
2009-04-30,21.597055435180664,23.04340309393989,21.433441378853537,22.912511349567716,94556900
2009-05-01,21.263288497924805,22.100991850190848,20.981872059919255,21.49889069333494,68254100
2009-05-04,23.42298889160156,23.547334675591006,21.531610800825863,21.636323696962332,100918400
2009-05-05,22.788166046142575,23.52770229537339,22.552561400614003,23.20047417581758,63488200
2009-05-06,24.358858108520508,24.44393560843054,23.272461025846976,23.44261852221906,102644800
2009-05-07,23.063045501708984,25.34055355976237,22.729271327088576,25.196572347451355,113228400
2009-05-08,25.484516143798828,25.484516143798828,23.691308073541883,24.083980681123993,110026400
2009-05-11,23.44916534423828,24.987136317229183,23.44916534423828,24.443936507634064,86808000
2009-05-12,23.141572952270508,23.730582067957265,22.290780343021353,23.71749514017632,94148900
2009-05-13,22.284225463867188,23.082662552780572,22.04207745199481,22.70962284651317,82160700
2009-05-14,23.25937843322754,23.311733641118145,22.133712753222767,22.33004915177987,68764300
2009-05-15,22.847064971923828,23.350996526316024,22.51329342111974,23.200471905635577,68301000
2009-05-18,24.385034561157227,24.44393571333728,23.03685651700585,23.370628048324793,71730900
2009-05-19,23.43607521057129,24.659907490120617,23.409896365867592,24.411213458539585,59860600
2009-05-20,22.611459732055664,24.05780724030194,22.421666847294265,23.95964031465275,77073900
2009-05-21,22.84051513671875,23.14156429409439,22.035532068983795,22.375849484667707,65068100
2009-05-22,22.519840240478516,23.102305923648625,22.519840240478516,23.076127073571808,39227200
2009-05-26,23.913827896118164,23.926917318472302,22.33004274299571,22.33004274299571,65462400
2009-05-27,22.683446884155273,24.031627263210368,22.683446884155273,23.887646131466617,76374100
2009-05-28,23.98581886291504,23.998905788931086,22.64418176003073,22.99758867971397,66107300
2009-05-29,24.149438858032227,24.26069523248097,23.35100136026052,23.789485889985833,61932300
2009-06-01,23.632423400878903,24.69264217739971,23.409908102443353,24.476672841697923,90184500
2009-06-02,22.578737258911133,23.246282833978235,22.546014950599943,22.951777066073323,159381700
2009-06-03,22.238420486450195,22.886333197004255,22.022451247300292,22.513293377657188,72136300
2009-06-04,23.13503074645996,23.193931917243074,22.402040340700104,22.513299217313904,70954200
2009-06-05,22.611459732055664,23.403351083098872,22.57873742350593,23.377174734190355,61583800
2009-06-08,23.16120719909668,23.383722432711405,22.61146382761045,22.61146382761045,61615100
2009-06-09,23.076126098632812,23.416443645595745,22.964869735335625,23.37717786869201,58992300
2009-06-10,22.80125617980957,23.34445357696267,22.4936609389617,23.279008949636637,60176100
2009-06-11,22.866687774658203,23.475331948803507,22.604906917999077,22.95176773893418,66560900
2009-06-12,22.991044998168945,23.19392480466631,22.77507327267581,22.814341540006943,41157300
2009-06-15,22.251508712768555,22.93214369609632,22.20569698278996,22.827430813780666,55388500
2009-06-16,21.924285888671875,22.506751591937423,21.845751832284503,22.428217535550058,56344000
2009-06-17,21.420347213745117,21.93736811647795,21.06039686880457,21.878466969374816,65456600
2009-06-18,22.362764358520508,22.45439031216385,21.49233901960049,21.49888248229903,63861500
2009-06-19,22.90597343444824,22.984507501474376,22.11408180917289,22.676914698724953,77009100
2009-06-22,21.511978149414062,22.905970784779697,21.50543468481588,22.70308843049839,70388300
2009-06-23,21.9700984954834,22.31041608197792,21.55124684950637,21.669049187006504,59046500
2009-06-24,21.898101806640625,22.20569699079526,21.64286431193871,22.10752757134743,50429500
2009-06-25,22.343130111694336,22.3693089539964,21.472704825840943,21.911189199917445,57205700
2009-06-26,22.5460147857666,22.735807667756873,21.911191523651866,22.172974981331695,46722500
2009-06-29,22.644187927246097,22.70963505791147,22.27769398173103,22.611465610189786,34914800
2009-06-30,22.32349967956543,22.768530061361705,22.166429105057063,22.644181795048222,39470600
2009-07-01,22.133424758911133,22.65775767808926,22.05477544608856,22.461133145924535,36463700
2009-07-02,21.150300979614254,22.13342620488176,21.150300979614254,21.86470540998398,38352200
2009-07-06,21.36659049987793,21.36659049987793,20.70462051362486,20.993003057104502,60664000
2009-07-07,21.504230499267575,21.89092659024005,21.0585467842411,21.386255251159557,56704900
2009-07-08,21.43868637084961,21.949913257096377,20.835704018118907,21.582878890075246,71784600
2009-07-09,22.03511619567871,22.120321095514825,21.54355350466727,21.5566621431203,41655600
2009-07-10,21.196178436279297,22.06788144003929,21.110973556140888,21.83193350308275,51037400
2009-07-13,22.749515533447266,22.749515533447266,21.255166094842465,21.543548574157747,70454200
2009-07-14,22.74297332763672,22.998585590505662,22.323506793675605,22.63155112318081,52924000
2009-07-15,23.76541328430176,24.099677269531895,22.946142242368595,23.01168542585333,84050100
2009-07-16,23.680213928222656,23.86372986504455,23.08378463333438,23.26730057015627,71465100
2009-07-17,24.178327560424805,24.381507687061376,23.71298218997195,23.870280836218345,61742300
2009-07-20,24.237314224243164,24.538805367867816,23.981702058986752,24.263531497658388,43554400
2009-07-21,24.211103439331055,24.45360953308757,23.98826155601431,24.381513261982523,43509400
2009-07-22,24.139013290405273,24.466721844441395,23.73265288324363,23.85718373391678,40137700
2009-07-23,25.004154205322266,25.213887400473336,23.96859436657406,24.217653473397295,56528800
2009-07-24,24.853403091430664,25.069691828881847,24.512588566104448,24.93860797287052,35328600
2009-07-27,24.991044998168945,25.869303670416407,24.62401066491646,24.88617840298493,30479300
2009-07-28,24.958282470703125,25.03693181666298,24.676452939111204,24.735440573635504,29035900
2009-07-29,24.755090713500977,25.0631373831581,24.538801987941778,24.76819934840303,29931400
2009-07-30,25.213886260986328,25.74477229337534,24.840298867743403,24.991044438682056,38531000
2009-07-31,25.331863403320312,25.331863403320312,24.859962449814187,25.154900545755517,39085700
2009-08-03,25.954513549804688,26.05282710500494,25.55471125919366,25.63991367346847,42957800
2009-08-04,26.354307174682617,26.544378634089792,25.672673147977488,25.73821632374712,43363800
2009-08-05,27.38331413269043,27.65859049914492,26.38708025923706,26.43951480531097,63334100
2009-08-06,26.708236694335938,27.828998910168902,26.36086656316612,27.711023676900503,54175600
2009-08-07,27.763456344604492,28.2681275860214,26.990064312325767,27.055604992939205,65696000
2009-08-10,27.979751586914062,28.327124306460092,27.534067814838693,27.54717645521944,43700600
2009-08-11,27.02939224243164,27.86176944938838,26.832765185451613,27.71102387252941,50698800
2009-08-12,27.665143966674805,27.822445106950592,26.891751902437186,26.99661849588211,43077100
2009-08-13,28.117387771606445,28.182928465625665,27.4029832058412,28.00596559151311,40385300
2009-08-14,27.822439193725582,28.084604371510377,27.39641734202792,27.940414398804435,38413900
2009-08-17,26.69513511657715,27.252241087714612,26.68202647605677,27.00973498841379,39162800
2009-08-18,27.33087921142578,27.44885442746346,26.91141288783249,26.937627657894694,29053600
2009-08-19,27.14081764221191,27.461973069612288,26.872096774475853,26.97041032373773,29394100
2009-08-20,27.802772521972656,27.9404119158105,27.186681783701736,27.219452115485584,29634300
2009-08-21,28.61551284790039,28.71382642110227,27.874890763708855,28.091179624665777,42863600
2009-08-24,28.18947410583496,28.995638931073056,28.150150699873677,28.74657985904652,40385200
2009-08-25,28.563060760498047,28.930092509460614,28.37954238580049,28.43852998834323,34835700
2009-08-26,28.37955665588379,28.694156527563116,28.13049748655608,28.438544288087257,31908400
2009-08-27,28.477869033813477,28.59584429334937,27.88143966625645,28.21570123479652,28975700
2009-08-28,28.130495071411133,28.746588621578745,27.86177421449249,28.713818273216436,27263600
2009-08-31,28.48440933227539,28.576167270725037,27.5668274475626,27.815883994721272,32251100
2009-09-01,27.31122589111328,28.720373477380218,27.23913211944491,28.23536628504939,51475400
2009-09-02,26.780345916748047,27.59961737773413,26.708249628146376,27.20636557632996,35898500
2009-09-03,27.599611282348633,27.691369265679395,26.944194258308887,27.02284360113275,35019600
2009-09-04,27.75035858154297,27.8486721412009,27.38987969649336,27.743805511000694,21880200
2009-09-08,27.881433486938477,28.20914191297146,27.429194258874155,28.04528769995497,28089300
2009-09-09,28.091167449951172,28.22880439260752,27.78312072096293,27.920757663619273,29031600
2009-09-10,28.196041107177734,28.281246021672164,27.658599339229905,28.005969567235372,25112100
2009-09-11,27.85521125793457,28.438531752477868,27.842102623198983,28.268124501348087,27289900
2009-09-14,28.67449188232422,28.740032577968336,27.534065276508752,27.57994676372036,28945000
2009-09-15,28.307462692260746,28.96943534101112,27.887996162471616,28.582739165070944,49985400
2009-09-16,29.26436996459961,29.28403167447259,28.320567887217496,28.41232586691466,38721900
2009-09-17,29.467546463012695,29.565860008906117,28.969430664355446,29.02841829184803,35705700
2009-09-18,29.460994720458984,29.71660695103514,29.29714047006735,29.651066250965464,39492000
2009-09-21,29.198829650878903,29.362683916596765,28.982543320244528,29.192276580345972,24070000
2009-09-22,30.45722389221191,30.47033253012999,29.152943171858972,29.36923194718172,41148100
2009-09-23,29.533079147338867,30.476878351034937,29.480644608136423,30.411337677248316,34427200
2009-09-24,29.080848693847656,30.018095110526943,29.008752430992757,29.631399019028375,42231400
2009-09-25,28.60894203186035,29.021852782678543,28.405761940033283,28.93665040564928,31056100
2009-09-28,29.36924171447754,29.382350356755147,28.63517274823884,28.818691239907448,25826100
2009-09-29,29.41510581970215,29.62483898952183,29.120167768325523,29.42165888741425,23930600
2009-09-30,28.720361709594727,29.421657430236586,28.46474957780032,29.36266982288276,40904000
2009-10-01,27.114599227905273,28.549963985942487,27.10804615833012,28.445097371218896,50562700
2009-10-02,27.46895408630371,27.82330812688904,26.596193486703847,26.78649500885998,43061100
2009-10-05,28.74199676513672,28.82730476386542,27.79049178879443,27.875799787523135,34430200
2009-10-06,29.47039222717285,29.52945122976208,28.91917570408759,29.109477212790942,41695700
2009-10-07,29.988807678222656,30.067552204039004,29.175105900642592,29.266974931302222,36148700
2009-10-08,29.726316452026367,30.4743955509788,29.562263930212485,30.21191301802229,36627700
2009-10-09,30.087228775024418,30.146287777659435,29.581949256443497,29.83130726468684,26034200
2009-10-12,30.238157272338867,30.461266263845623,29.7591217810378,30.42845626528536,24220600
2009-10-13,29.96255111694336,30.205348137242517,29.22103305126771,29.955990117796983,45701900
2009-10-14,30.946868896484375,31.150294933125757,30.59907833687314,30.9665543988796,70368700
2009-10-15,30.946868896484375,31.05186241466378,30.421901305587344,30.421901305587344,36096800
2009-10-16,30.22502899169922,30.763120911158396,30.18565549640631,30.645002928521787,37459000
2009-10-19,30.17254066467285,30.467835715871196,29.824750106174204,30.46127221293183,30415400
2009-10-20,30.20534324645996,30.572821720223292,30.034729760609817,30.060978759430544,30614800
2009-10-21,29.299793243408203,30.46128336459698,29.2997932434082,30.198800725516534,32991600
2009-10-22,29.995365142822266,30.10035866594733,29.417902017255955,29.476958527223445,32388900
2009-10-23,29.68036651611328,30.31689077087613,29.503189584274914,29.988785897821717,27638200
2009-10-26,28.7551212310791,29.66725270617785,28.577944235426173,29.60819370762687,42085500
2009-10-27,28.8076229095459,29.306341458466907,28.656692391455444,28.86668191563785,38075200
2009-10-28,28.007041931152344,28.74855990375443,27.88892393540184,28.69606190420203,45679500
2009-10-29,29.102914810180664,29.13572731538077,28.059540727181744,28.36139925362093,35898600
2009-10-30,27.40989112854004,28.853553583268777,27.383642128596765,28.840429083297135,58853300
2009-11-02,27.941425323486328,28.11859983535612,27.2458417645161,27.67894030037685,44598100
2009-11-03,28.02016258239746,28.190776051023764,27.547690664290705,27.619874152139463,29387800
2009-11-04,27.69862365722656,28.669814162377552,27.63956465675997,28.354833660969867,42548800
2009-11-05,28.787935256958008,28.827308762581115,27.823308149998223,27.95454816225637,32893300
2009-11-06,28.53200912475586,28.669812617337406,28.15796964303888,28.3088976353771,27140000
2009-11-09,29.102914810180664,29.12916381304367,28.413894756104252,28.827307789847175,38845500
2009-11-10,28.984798431396484,29.08323094604981,28.577948877098887,28.965112929762952,30980200
2009-11-11,29.083223342895508,29.522885289299712,28.72886938667281,29.09634784163437,32669300
2009-11-12,28.413898468017575,29.29978365605344,28.217035927312835,28.925744077741527,34649600
2009-11-13,28.15141487121582,28.40733641496894,27.797060809137843,28.32202839930359,36650700
2009-11-16,28.243268966674805,28.61730833352889,28.05952852974814,28.381072416938604,43516700
2009-11-17,28.322021484375,28.34170698193651,27.915172014235743,28.164529994155952,25859700
2009-11-18,28.46639633178711,28.54514084700875,28.17766227056943,28.30890479810083,20422300
2009-11-19,27.921730041503903,28.335142969005243,27.731428574516084,28.282644976770513,26878000
2009-11-20,27.86267471313477,28.04641520685856,27.659251224599597,27.86923821464761,25328200
2009-11-23,28.400754928588867,28.63699082038903,28.020154605431873,28.184207029932946,29810700
2009-11-24,27.875804901123047,28.400772483365472,27.718315878071763,28.38764798090405,31881800
2009-11-25,27.665830612182617,28.000496817759014,27.521463521848776,28.000496817759014,26123800
2009-11-27,27.12116241455078,27.495201940674303,26.740559386148504,26.891487396405132,26230100
2009-11-30,27.882368087768555,27.987361603026333,27.226157991596708,27.27209249806931,38240600
2009-12-01,27.70518684387207,28.026728340232243,27.311459344160102,27.96110834190149,39211100
2009-12-02,27.5148983001709,27.65926536836796,27.21304216052583,27.65926536836796,32519700
2009-12-03,27.167085647583008,28.27607926458568,27.108026667787502,27.757672942296427,53314400
2009-12-04,27.390207290649418,27.89548680235517,27.04897778042811,27.7248732988658,61485000
2009-12-07,27.06865501403809,27.53456338441077,26.94397604968593,27.3180154459842,32949600
2009-12-08,27.042404174804688,27.167085633888817,26.661803807724553,26.91116171940954,41878900
2009-12-09,27.02928924560547,27.239276247263213,26.642125241941027,27.06866274713224,42492800
2009-12-10,27.081789016723633,27.272090531670447,26.68150048640194,27.14084802125048,36380900
2009-12-11,26.878358840942383,27.068660326439744,26.74055535278593,26.89804684156637,46616100
2009-12-14,27.40989112854004,27.514884625070724,26.707746651133128,26.911170142587473,35340800
2009-12-15,26.812746047973633,27.363962651868945,26.65525451689942,27.23272012651426,40244400
2009-12-16,27.140846252441406,27.363957754642037,26.82586574990684,27.01616474920891,43562800
2009-12-17,26.425582885742188,26.9833605086702,26.373084872493735,26.943989501976912,44272800
2009-12-18,26.871797561645508,27.029286545535317,26.274646615975264,26.596188084974948,48126800
2009-12-21,27.49520492553711,27.718316465624863,27.232719877230483,27.26552988245808,35991900
2009-12-22,27.52144432067871,27.62643781223942,27.35739183366246,27.56081781872984,24754800
2009-12-23,27.27208709716797,27.52144508199613,27.199903600365264,27.45582508667132,24503600
2009-12-24,27.4886474609375,27.488647460937496,27.23928686059381,27.350843906764737,7956500
2009-12-28,27.377077102661133,27.646123054393048,27.272083621576535,27.462382585063462,13039900
2009-12-29,27.22614860534668,27.42957206295402,27.206460607043844,27.383637572317397,15593000
2009-12-30,27.252395629882812,27.311454619460672,27.055533165703963,27.08178216179235,15501800
2009-12-31,27.34427833557129,27.646136935590285,27.199913791120427,27.311468325616243,20143100
2010-01-04,28.15238571166992,28.244367610152143,27.37712725393019,27.45596888120067,35460500
2010-01-05,28.697689056396484,28.802808695545377,28.10638951977778,28.112960906990153,41208300
2010-01-06,28.855363845825195,28.967054858963422,28.454596992063397,28.546576352148055,27729000
2010-01-07,29.42696189880371,29.643770089371625,28.651703508287653,28.769963432688424,44864700
2010-01-08,29.35468482971191,29.36782509672383,28.96048684435307,29.1510144504017,33110100
2010-01-11,29.256141662597656,29.689760561373795,29.111603700505825,29.643770868037713,31878700
2010-01-12,28.57286071777344,29.006479549367896,28.21150960290311,28.901359908564693,47109600
2010-01-13,29.07217788696289,29.25613662865444,28.165519434161872,28.61227852648412,39622000
2010-01-14,29.361257553100582,29.426958896759626,28.97362839738724,29.03932974104628,37938300
2010-01-15,28.697689056396484,29.190437834828774,28.474309509923852,29.10502734481721,69738500
2010-01-19,28.43488311767578,28.743673093479828,28.18522559016341,28.51372471123175,41731500
2010-01-20,28.513731002807617,28.697689749196716,28.060400511705986,28.257499526587154,39934400
2010-01-21,26.63471412658691,28.34948024787492,26.49017368532897,28.27721002724595,137547700
2010-01-22,25.728057861328125,27.068335231000237,25.504678299716105,26.7069866035764,106634900
2010-01-25,25.760902404785156,26.207661443445637,25.517813738712405,26.122250963812128,56572200
2010-01-26,25.25501251220703,26.174811089635018,25.149892889608076,25.622932444428123,52975300
2010-01-27,25.839746475219727,25.944866111647972,25.011927145378685,25.19588588256566,66314300
2010-01-28,25.938295364379883,26.306215354078493,25.43897770559238,26.069695539718666,65047400
2010-01-29,25.583518981933594,26.18138747681988,25.49153959906651,26.049989790581304,53649000
2010-02-01,26.03685188293457,26.233950936424712,25.590092691690018,25.68864096530986,37408200
2010-02-02,26.64129066467285,26.726701177805747,26.082842900439797,26.14854175284937,45968500
2010-02-03,26.470462799072266,27.0026298319559,26.39162119651569,26.6609929125428,37373300
2010-02-04,25.195880889892575,26.227367901154196,25.195880889892575,26.14195993652696,57211800
2010-02-05,25.16303443908691,25.544094656849012,24.328646295667824,25.386413961783752,75224100
2010-02-08,24.76883316040039,25.156462206774997,24.51917313741777,25.156462206774997,58321000
2010-02-09,25.222171783447266,25.425842218835676,24.860823113000382,25.0907715833983,45173500
2010-02-10,25.537527084350582,25.95143677774564,25.307578647047777,25.38641775323017,39331800
2010-02-11,25.636077880859375,25.86602631846799,25.20245903690455,25.517817968303515,33830600
2010-02-12,25.590089797973633,25.741199138770376,25.202460617234102,25.40612853010138,38051100
2010-02-16,26.32593536376953,26.371925068173347,25.458697357510538,25.839757772571783,46425300
2010-02-17,26.306222915649418,26.57559222471011,26.12226161479656,26.45076089444378,34644100
2010-02-18,26.549306869506836,26.61500571102993,26.12882826875867,26.240516800597963,31809500
2010-02-19,26.29964256286621,26.73983275081407,26.21423458376792,26.352203632695705,40290200
2010-02-22,26.838375091552734,27.134024778661168,26.44417717957429,26.5427279106935,43898900
2010-02-23,26.201101303100582,27.101188560825147,26.12225967733243,26.87124008462741,52233100
2010-02-24,26.838375091552734,26.917216678947785,26.27992763187507,26.312777040165074,44645000
2010-02-25,26.70041275024414,26.73326216674915,26.08283519870054,26.385053840546355,46718100
2010-02-26,27.57421875,27.797598266554964,26.674129297447895,26.733259243190375,67699100
2010-03-01,27.482250213623047,27.71219870081248,27.206309522745187,27.6136479170167,34606800
2010-03-02,27.344276428222656,27.856736954226346,27.173457923721653,27.58079628541661,33891600
2010-03-03,27.285140991210938,27.63335182501541,27.160312205507353,27.36398259862884,27562500
2010-03-04,27.541379928588867,27.64650210990099,27.37056139645815,27.53481104538223,25450700
2010-03-05,28.126096725463867,28.165515017502333,27.71875599523677,27.804166471735936,34790800
2010-03-08,27.98155975341797,28.270638124410443,27.90272065337453,28.152378221220385,28524900
2010-03-09,27.869863510131836,28.13266380271296,27.626774868556364,27.850154365375516,37107100
2010-03-10,28.20494270324707,28.572862725029797,28.126103593668667,28.165521895332816,40903700
2010-03-11,28.36919212341309,28.38233239263133,28.119532020766652,28.191802248341943,30119600
2010-03-12,28.349468231201172,28.605697082094615,28.152366801668876,28.474296964489344,31367300
2010-03-15,28.296924591064453,28.388903978102917,27.988134500649316,28.198373815665907,29142000
2010-03-16,28.408611297607425,28.500590670596328,28.047260180508214,28.480879014777315,28553800
2010-03-17,28.76996421813965,28.98020353253628,28.428324705682535,28.4546052465447,32918800
2010-03-18,28.671403884887695,28.769954627141914,28.34947613852295,28.74367409504086,26012000
2010-03-19,28.546581268310547,28.83565966496748,28.33634197869641,28.546581268310547,37014400
2010-03-22,28.73711395263672,28.769963374626137,28.27721452603412,28.29692367797772,23257200
2010-03-23,29.288982391357425,29.394102008248257,28.763381800653892,28.809371476403047,33735700
2010-03-24,29.52550506591797,29.5452167207474,29.0393276884556,29.197005889592113,35849200
2010-03-25,29.52550506591797,30.25477363836134,29.492655649535347,29.551785601523992,45019400
2010-03-26,29.57805824279785,30.14964595529913,29.42694896276874,29.59119850709375,39727000
2010-03-29,29.47293472290039,29.81457403050242,29.210134484360736,29.72916357703971,30628400
2010-03-30,29.288982391357425,29.597769856208984,29.144441978289017,29.49922162513909,30296300
2010-03-31,29.400665283203125,29.564914809924932,29.072166229759517,29.111587018422348,39043000
2010-04-01,29.716392517089844,29.801898553868483,29.591424085685357,29.617731512418064,23894600
2010-04-05,29.821630477905273,29.861095382546424,29.45987763371581,29.782165573264127,21342400
2010-04-06,30.15048599243164,30.216258300093433,29.696651047838785,29.74926839215768,28192100
2010-04-07,29.808462142944336,30.28860697669647,29.61114272632808,30.143907409339224,28890100
2010-04-08,30.097875595092773,30.236001499062723,29.473030948836392,29.70323660703048,28869900
2010-04-09,30.242563247680664,30.40042027275337,29.893965558170997,30.176790950847547,22881200
2010-04-12,30.347824096679688,30.56487736180558,30.189969457546535,30.275473008304388,24645900
2010-04-13,30.17022705078125,30.505672453108502,30.15707208313572,30.28204302124151,27988900
2010-04-14,31.39360618591309,31.5251533312896,30.768759127164493,31.176555528736987,72533100
2010-04-15,31.44622230529785,31.70273782827515,31.235747901365052,31.34098510333145,45412100
2010-04-16,29.959745407104492,31.40675888365961,29.690074907627857,31.354139025687125,121203900
2010-04-19,29.85451316833496,30.058411388329855,29.3283270463116,29.74927594393029,72136600
2010-04-20,30.176801681518555,30.354389956979947,29.966327245946495,30.104450623843185,39310700
2010-04-21,29.828195571899418,30.512238609321045,29.59798998673478,30.28203302415641,46320600
2010-04-22,29.426984786987305,29.67692159914459,28.959992303108027,29.53879822783876,63176900
2010-04-23,29.558530807495117,29.644036830955645,29.10469577661051,29.420407429711087,32483800
2010-04-26,28.867919921875,29.473035983873032,28.76268267314325,29.453302274761256,42889300
2010-04-27,27.89446449279785,29.18362094326822,27.822113440435725,28.59823880550632,66296100
2010-04-28,28.585073471069336,28.749506708950385,28.13781486330871,28.17727974365891,48578900
2010-04-29,28.94025421142578,29.15730732235666,28.677159987700925,28.867903174448823,36520300
2010-04-30,28.00628089904785,28.97314699822792,27.7760727732979,28.953415805097624,54121100
2010-05-03,28.63113021850586,28.762677382487023,28.21018130100891,28.26280117022276,31230900
2010-05-04,27.933931350708008,28.519313529611555,27.789229235813853,28.26279796888332,48982200
2010-05-05,28.03916931152344,28.525890514256847,27.374857320127596,27.697147718467217,43062100
2010-05-06,26.84209632873535,28.13782919714873,25.8423414320419,28.039170709593208,78226200
2010-05-07,26.80920028686523,27.519553245433197,26.164622144305056,26.986788526507222,72976300
2010-05-10,27.591901779174805,28.47984038757866,27.243301558668644,27.835262303639517,66578300
2010-05-11,27.32880401611328,27.986536976833467,27.065712337256485,27.26960794928638,50771200
2010-05-12,27.420902252197266,27.486677092135192,26.842098715065053,27.453790926693024,47700000
2010-05-13,26.84209632873535,27.361703718255825,26.82236262398155,27.256466492764584,35320800
2010-05-14,26.236974716186523,26.375098074272135,25.78971597748306,26.375098074272135,60719400
2010-05-17,26.204086303710938,26.335633423008147,25.50031210088135,26.26328238194205,56506200
2010-05-18,25.664751052856445,26.717123222039692,25.355615630448103,26.717123222039692,61735000
2010-05-19,25.901531219482425,26.08569569197267,25.335880329344924,25.349035292958902,64600500
2010-05-20,24.88204002380371,25.81601965804261,24.540018570559937,25.355606066789367,76564100
2010-05-21,26.342206954956055,26.41455798862027,24.34927670681654,24.34927670681654,89588800
2010-05-24,25.401649475097656,26.473755040126925,25.32272221229532,26.41455896576206,49141600
2010-05-25,25.612133026123047,25.658174155009892,24.56633701030848,24.776811459235017,66813700
2010-05-26,25.50688743591309,25.980456045203475,25.302991791731685,25.776557891969553,50719600
2010-05-27,26.585573196411133,26.631616826067184,25.91468757932148,26.033079749173275,44843000
2010-05-28,26.03308486938477,26.539537295629007,25.888382742427336,26.52638483777232,41252400
2010-06-01,25.349042892456055,26.283023007575913,25.32273295734052,25.86207408194141,37848600
2010-06-02,26.01334571838379,26.059386838403267,25.43453984078524,25.763406417526006,39618500
2010-06-03,25.717365264892575,26.269861213478514,25.401653652708163,26.217243865974208,30950400
2010-06-04,24.74391746520996,25.45427038728948,24.664990199107528,25.31614704434709,52868900
2010-06-07,24.15195083618164,25.079354045921207,24.11248596228041,24.85572477858428,44528300
2010-06-08,24.849157333374023,24.862312297317043,24.040145868774463,24.24404404631204,51017900
2010-06-09,24.41506004333496,25.099103295715363,24.342708976960605,25.092527066523825,42586000
2010-06-10,25.18460464477539,25.237221995680464,24.605798730501437,24.78338699428048,44302600
2010-06-11,25.053054809570312,25.105672154816588,24.678147129374377,24.855735374054465,31147600
2010-06-14,24.55318832397461,25.171456799028984,24.48741348042389,24.97413728648429,48662200
2010-06-15,25.158294677734375,25.178025870663085,24.507137711503805,24.69788093999138,45355600
2010-06-16,25.33588409423828,25.572668456370447,24.987286288351005,25.00701748217764,37217100
2010-06-17,25.283266067504883,25.585825279446578,24.94124446504499,25.38850329064229,34755100
2010-06-18,25.769990921020508,25.82918701844305,25.243804782294266,25.38850440228559,37270800
2010-06-21,25.566091537475582,26.164628713635437,25.42796815275869,26.01335036241408,33665100
2010-06-22,25.21091079711914,26.033077167872268,25.138559755044444,25.605549651459583,42245700
2010-06-23,25.579256057739254,25.723958234280776,25.007028600863453,25.184616951422345,45046000
2010-06-24,25.013591766357425,25.454274296976084,24.612374129377923,25.355613317404657,73843400
2010-06-25,25.940994262695312,26.04623146523768,25.178023916999948,25.506890488576445,70734200
2010-06-28,25.349042892456055,26.072548544758664,25.303001760530623,26.013352445275466,39962900
2010-06-29,24.37558937072754,24.9346614970943,24.257197213064735,24.9346614970943,56694200
2010-06-30,24.079614639282227,24.65842060074348,24.013839808972296,24.34928517091987,35332500
2010-07-01,23.76347541809082,24.16523936274141,23.15753186450519,24.066445938641113,56642900
2010-07-02,23.59880828857422,24.165230238679836,23.276077195069355,23.914951648802035,36796000
2010-07-06,23.928125381469727,24.290372836487688,23.618567231962142,24.165231024992707,35953600
2010-07-07,25.126829147338867,25.186106168750687,23.98080757087156,24.132292733927663,44602900
2010-07-08,25.133432388305664,25.56813001953087,24.468214237675127,25.541784099460195,41498200
2010-07-09,25.587879180908203,25.614225091689157,24.817280134197848,24.863384221822347,30422300
2010-07-12,25.811811447143555,25.91060734503704,25.42321810123806,25.59446398925556,24998900
2010-07-13,26.66145133972168,26.79976360344125,26.174064549714338,26.22016863762086,48564800
2010-07-14,26.575843811035156,26.595604511953784,26.239942045248245,26.44411920483531,37320600
2010-07-15,26.648273468017575,26.8985545508256,25.89084751179892,26.819519345064503,81876200
2010-07-16,25.68667984008789,26.575833137250857,25.59447164778771,26.52972904110077,58507400
2010-07-19,25.713024139404297,25.92378642640887,25.107080679902666,25.706436404662792,35404900
2010-07-20,26.101621627807617,26.108206851086425,25.21246573606676,25.238811654152055,43538200
2010-07-21,25.304668426513672,26.50996753535595,25.251979114301793,26.50996753535595,41115600
2010-07-22,25.917192459106445,26.081850613262095,25.50884094029595,25.66032614062107,35494400
2010-07-23,26.23334503173828,26.318965484796685,25.666920434658103,25.79864498166631,28241000
2010-07-26,26.562660217285156,26.582418395941687,26.015993824598468,26.21358314861749,27209400
2010-07-27,26.799768447875977,27.162018507600955,26.747079128951768,26.832702098749017,44872200
2010-07-28,26.556079864501953,26.93808817461171,26.444113471012365,26.635115113581975,23945400
2010-07-29,26.483625411987305,26.891979574353417,26.28603606607604,26.81294182600103,28994300
2010-07-30,26.529726028442383,26.799765352007036,26.160893301125498,26.160893301125498,26406500
2010-08-02,27.42547035217285,27.4649892260538,26.826114583644983,26.990772789421705,35566700
2010-08-03,27.056625366210938,27.43204570492317,26.918310626303516,27.33324982105839,29967900
2010-08-04,27.19495391845703,27.2674039417843,26.911741561351455,27.148849814973353,23078100
2010-08-05,27.1817684173584,27.28714953562661,26.964418447657945,26.984179134666014,19830500
2010-08-06,26.63510513305664,26.971009212628253,26.325549476618956,26.832696950444333,34906600
2010-08-09,26.22675895690918,26.71414835413661,26.12137780514174,26.70756061887842,37790900
2010-08-10,25.798643112182617,26.167478349538364,25.792057890303273,26.1279594808088,34166500
2010-08-11,24.876554489135746,25.541772333325408,24.86338153516869,25.45615190126567,46201600
2010-08-12,24.902904510498047,25.02145860330005,24.514311097976925,24.60651927849304,35387300
2010-08-13,24.698734283447266,25.05439666012535,24.698734283447266,24.89632365521781,24564100
2010-08-16,24.823869705200195,24.90949267399867,24.55383035359094,24.58017626898813,28334100
2010-08-17,24.685558319091797,25.074151791686926,24.632868998859085,25.008289513274818,33883800
2010-08-18,24.955595016479492,25.15318434310749,24.62627863460463,24.62627863460463,27041700
2010-08-19,24.415515899658203,25.008286381063986,24.369411808047147,24.8041093235832,35384700
2010-08-20,24.461624145507812,24.60652417945592,24.244276607070635,24.441865963600335,30862000
2010-08-23,24.29037857055664,24.639453153479693,24.26403265534006,24.50772608988154,29282800
2010-08-24,23.849092483520508,24.17182365287439,23.658088373341368,24.099373644704052,48709200
2010-08-25,23.862266540527344,24.0005788284177,23.493431260334937,23.67785015667354,36058000
2010-08-26,23.46708106994629,24.11912595997419,23.460493336722696,23.94788258342179,31873200
2010-08-27,24.10595703125,24.165234077740145,23.41439316385466,23.625155437489724,38448800
2010-08-30,23.611988067626953,24.105962734418185,23.59881762083272,23.974238166595253,27306500
2010-08-31,23.9478816986084,24.1322980223102,23.532942457795368,23.67125470057172,34784400
2010-09-01,24.8568058013916,24.896322165890687,24.14548109058771,24.19817292656653,36770500
2010-09-02,25.133432388305664,25.159778308376335,24.6921495333054,24.92267005271073,31282900
2010-09-03,25.798643112182617,25.798643112182617,25.33760220609356,25.33760220609356,34135600
2010-09-07,25.21245384216309,25.581288983905143,25.172937496161907,25.50883899959118,31885500
2010-09-08,25.765708923339844,25.969885952177687,25.251976253180093,25.251976253180093,30781000
2010-09-09,26.41116523742676,26.556065207838863,25.765705615793355,26.29919890573295,33438800
2010-09-10,26.18722915649414,26.50996021239882,26.127952126327312,26.29261026429252,21928600
2010-09-13,27.082977294921875,27.31350025911116,26.76683388437623,26.76683388437623,41643200
2010-09-14,26.819530487060547,27.15543213545626,26.64828453887063,26.984188699751275,42754100
2010-09-15,26.990772247314453,27.096153396395593,26.569247650989908,26.681214022676524,25399500
2010-09-16,26.99735641479492,27.069803903820628,26.707556408754307,26.81952527812939,25207500
2010-09-17,26.38481712341309,27.056622530834648,26.338713052436617,27.023688898008512,45938300
2010-09-20,27.129087448120117,27.208125202783396,26.365073407103782,26.503388221522,33337500
2010-09-21,26.733901977539062,27.333257647133458,26.65486675530805,27.208118335893975,33548900
2010-09-22,26.3057804107666,26.898550649203543,26.180641143755924,26.628511432245276,34546000
2010-09-23,25.752531051635746,26.147712079176554,25.68008358344613,26.101608002836016,33471100
2010-09-24,26.180648803710938,26.213579934929445,25.88426359777585,26.022575856384137,28855100
2010-09-27,25.739362716674805,26.127953531182115,25.693256124080385,26.042333103824873,25684900
2010-09-28,25.65374755859375,25.950132815268955,25.429812310493,25.923786900790116,31442600
2010-09-29,25.29808235168457,25.60764053012703,25.067561907621723,25.548363485584524,40207000
2010-09-30,25.067554473876953,25.653737011363297,25.001689714759372,25.350766656873404,54885200
2010-10-01,25.561532974243164,25.7459493044799,25.219043709172045,25.251974837788023,38973800
2010-10-04,25.68684196472168,26.075936711366893,25.52856506959231,25.706625633215637,38886100
2010-10-05,26.14188575744629,26.260592808068484,25.765980935718034,25.9572314634678,42379500
2010-10-06,26.313352584838867,26.425463401559856,25.996798773062498,26.089128435670816,31559900
2010-10-07,26.062753677368164,26.590339274941087,25.851719438338993,26.45184852727693,26923900
2010-10-08,25.924257278442383,26.234212334352787,25.805550230399756,26.161668858801622,28178500
2010-10-11,26.201234817504883,26.319941847896853,25.983606938936703,26.062744120622803,24601000
2010-10-12,26.643091201782227,26.70244472116359,26.029772340083383,26.029772340083383,38798100
2010-10-13,26.273771286010746,26.854116333865942,26.10230701872794,26.814546495696845,69607700
2010-10-14,25.535154342651367,25.97041254095905,25.126273523237167,25.884679141310883,76504900
2010-10-15,24.499778747558594,25.680250648712057,24.097493972978484,25.634087069569393,142280400
2010-10-18,25.192222595214844,25.231789920373895,24.407437103225018,24.499766731954814,55058700
2010-10-19,24.85589599609375,25.489001145660044,24.73059521931069,24.994389241273833,70595100
2010-10-20,25.12627601623535,25.25817298669029,24.70420772335992,25.060328788870617,43497200
2010-10-21,24.862483978271484,25.324122105623157,23.87985421411256,25.185628906409875,38250300
2010-10-22,24.862483978271484,24.921837487727064,24.611879992156226,24.730587011067374,24876900
2010-10-25,24.447011947631836,25.106494336325923,24.400848381681303,25.040547103746785,37893500
2010-10-26,24.532743453979492,24.57231078415847,24.25575956409928,24.387656534721977,39188100
2010-10-27,24.7569637298584,24.816317231695383,24.400842718836493,24.44041255863618,30777500
2010-10-28,24.737180709838867,25.033948256906665,24.618476206737153,24.862483960670495,30614600
2010-10-29,24.816329956054688,24.88887344168761,24.61188945251884,24.697622891514698,19803300
2010-11-01,24.67783546447754,25.060336545617137,24.466801252719915,24.80313875727042,36941900
2010-11-02,24.374475479125977,24.776760254222538,24.288744555308902,24.750380347328186,39913100
2010-11-03,24.87567710876465,24.94822057579324,24.374469072417504,24.38765902239777,35299600
2010-11-04,26.247394561767575,26.28036817302568,24.9679998285862,25.152654064211788,77569400
2010-11-05,26.99920082092285,27.26299471169339,26.23420155655827,26.306745002306418,75684800
2010-11-08,26.715625762939453,27.170670141213975,26.5177815842539,26.94644606784362,32967000
2010-11-09,26.313352584838867,26.82774812645484,26.201239252391805,26.662877502529096,32800100
2010-11-10,26.788179397583008,26.801369349938877,26.1089132034759,26.29356750500571,35587900
2010-11-11,26.392486572265625,26.669467979248967,26.28037325344444,26.55735717615355,25499700
2010-11-12,26.12210273742676,26.550764861358704,25.97042206135304,26.28697336564508,33504800
2010-11-15,26.432056427001953,26.801364969704277,26.188046121887037,26.260589590125218,28772500
2010-11-16,26.12210273742676,26.35951684457732,25.74619790634708,26.207836168503604,46023000
2010-11-17,25.838525772094727,26.16826703767457,25.706628762717543,26.102319790849084,32027500
2010-11-18,26.155073165893555,26.379297293517485,25.957228939337337,26.095719646354105,30987600
2010-11-19,25.990196228027344,26.141876848636915,25.8912728809786,25.99019622802734,26542000
2010-11-22,25.396656036376953,25.785750598562537,25.198811898052437,25.759373224984053,33249500
2010-11-23,24.816329956054688,25.2054247752188,24.796543768147107,25.066931522771227,35340400
2010-11-24,25.165857315063477,25.218617133546616,24.789952413414248,24.948229353137055,24248300
2010-11-26,24.73059463500977,25.047145944450747,24.73059463500977,24.869085361191537,12819100
2010-11-29,25.000986099243164,25.119693172460583,24.47340050479159,24.71081465122644,30911400
2010-11-30,24.66464614868164,24.9218439174364,24.55912905084056,24.723999673450127,33716700
2010-12-01,25.159242630004883,25.185620001539142,24.829501586443744,25.02734570943553,33157200
2010-12-02,25.924257278442383,25.97042085093385,25.277964747835856,25.34391198975909,41526000
2010-12-03,26.12210273742676,26.161670078134424,25.52197375134112,25.765981576700913,30070200
2010-12-06,26.313352584838867,26.41227344975867,25.91766157798144,26.03636862846606,25364500
2010-12-07,25.884679794311523,26.68265275871878,25.878086078353117,26.610109304549887,40908200
2010-12-08,26.550756454467773,26.59692253021917,25.759379702178094,25.95722389025051,38115900
2010-12-09,26.913476943969727,27.104724923003523,26.755200065200555,26.821147297181085,43001900
2010-12-10,27.322357177734375,27.368520746410017,26.887098876131347,26.96623606304304,28449000
2010-12-13,27.375123977661133,27.691677866774015,27.144306054064952,27.41469384273191,35730400
2010-12-14,26.90028381347656,27.368515646056704,26.68924967722283,27.328945802112127,34010800
2010-12-15,26.51778793334961,27.038779657350812,26.41886707818504,26.8607190991836,30264000
2010-12-16,26.385883331298828,26.82773774054076,26.260582611284747,26.656270949231917,37123200
2010-12-17,26.16166114807129,26.42545506946722,26.0693340303003,26.418861353508696,52004800
2010-12-20,26.346324920654297,26.557359107721695,26.17485807133331,26.267187729435506,22978200
2010-12-21,27.038780212402344,27.197057105930913,26.366107817426204,26.48481485864116,30757800
2010-12-22,27.80378532409668,28.05438940756543,27.14430274760888,27.15089646645415,47280400
2010-12-23,27.751012802124023,27.876313517256023,27.579546017496025,27.797176355895022,18927900
2010-12-27,28.140119552612305,28.146715787001455,27.566370431345646,27.57956038439763,17203200
2010-12-28,28.100540161132812,28.43687501471347,28.008213045080293,28.1598936665559,20386600
2010-12-29,27.93567276000977,28.206060422991992,27.8961029133323,28.080759682101625,13637400
2010-12-30,27.849929809570312,28.008206626334054,27.731222825928672,27.902689587066444,12901900
2010-12-31,27.97523498535156,27.99502116294199,27.724633549306755,27.770797104142645,12199700
2011-01-03,28.74024200439453,29.043603281449897,28.33136113630197,28.35774103406127,43278500
2011-01-04,29.156192779541016,29.24862595906348,28.61479628352493,28.90530092182629,40036800
2011-01-05,29.512723922729492,29.67778389710872,28.98453250843902,28.997735090007865,50032500
2011-01-06,29.36747169494629,29.578748270415183,29.215616813741487,29.31465381038679,31606200
2011-01-07,28.8128604888916,29.440088715970997,28.15922458760746,29.407077234254107,69579400
2011-01-10,28.654409408569336,28.89869743857407,28.39031247115905,28.568577526118737,30098100
2011-01-11,28.786460876464844,29.06376296576058,28.66761748371175,28.852486382780754,28067100
2011-01-12,29.51931953430176,29.644766702609044,29.21560984434226,29.3410544940347,44296900
2011-01-13,29.347667694091797,29.69099278685417,29.16279878653319,29.67118387474196,42133000
2011-01-14,29.651378631591797,30.331425033256817,29.34766883265555,29.387281621185476,86983800
2011-01-18,29.545724868774418,29.98808423329376,29.3806649533064,29.723989879713603,46237700
2011-01-19,28.85907554626465,29.690978945934297,28.78644877914585,29.41367697317292,44989200
2011-01-20,29.545724868774418,29.704183495814057,28.79305205721858,28.938305588787053,46977700
2011-01-21,29.90226173400879,30.067321687252008,29.611754604387123,29.743803070704697,44767400
2011-01-24,29.7239990234375,30.027708756858647,29.618360745786003,29.849443691081397,27826800
2011-01-25,29.624963760375977,29.994699012981883,29.222217016323107,29.591952268929013,36022400
2011-01-26,29.69757843017578,30.027698247121197,29.6249516674695,29.84283195558835,25639400
2011-01-27,29.776811599731445,29.961680441657982,29.50611340404715,29.69758353525707,26740900
2011-01-28,29.407081604003903,30.291803046000833,29.314648434015645,29.743802797334723,38593900
2011-01-31,29.67117500305176,29.77681326780695,29.314647433637298,29.321248723290473,23574500
2011-02-01,30.3248233795166,30.37103997799386,29.81643827765108,29.84284848209972,28255500
2011-02-02,30.007917404174805,30.35784390200718,29.935290579654925,30.2323991715015,24104900
2011-02-03,30.014514923095703,30.205985160273514,29.60516675837665,30.027720027585502,23322400
2011-02-04,29.440092086791992,29.823029852059708,29.248621944850683,29.71079029764819,38172900
2011-02-07,30.040895462036133,30.205955327212152,29.47969292788312,29.54571586650806,36790900
2011-02-08,30.199377059936523,30.252194947373596,29.915473673942454,30.03431706894535,28649500
2011-02-09,29.783430099487305,30.040923325008823,29.479720270339673,29.948490117756585,33491000
2011-02-10,30.060718536376953,30.067322345075567,29.677780746154443,29.77681520909808,22688600
2011-02-11,30.74737548828125,30.95865207916319,29.97489592510957,29.97489592510957,40812800
2011-02-14,30.72757148742676,30.96525830032934,30.681354886986348,30.76718427716664,28699200
2011-02-15,30.91242790222168,31.25575290787133,30.727561560185343,30.740766658704366,35972900
2011-02-16,31.65189552307129,31.92919755241117,31.097293983006516,31.13030798833423,44327800
2011-02-17,31.572675704956055,31.68491781145961,31.36139911242476,31.539664209613473,22932600
2011-02-18,31.691511154174805,31.777343035429567,31.394402733381412,31.572667785857448,23844300
2011-02-22,30.377635955810547,31.209539620106906,30.271997675111116,31.16332302971436,44561900
2011-02-23,30.344629287719727,30.701159486221027,29.902269704058092,30.397449695771332,36264800
2011-02-24,30.311626434326172,30.41066346835214,29.849457806565656,30.126759990668525,31926900
2011-02-25,30.820009231567383,30.938852655537698,30.450273854924596,30.536105776373425,26782100
2011-02-28,30.82659339904785,31.15011198870799,30.64832836212673,30.90582398342266,25985300
2011-03-01,30.106931686401367,30.826593116889235,30.10033039707129,30.681342084094513,33682600
2011-03-02,29.84946060180664,30.35124459389019,29.757027371321943,29.968304046320288,28600000
2011-03-03,30.423845291137695,30.5889052091184,30.17955479912384,30.186158606267178,23043600
2011-03-04,30.054119110107425,30.397444143889892,29.776817055715146,30.357828845086647,27716900
2011-03-07,29.83623504638672,30.139947262335788,29.552331736691556,30.120138356081885,28110800
2011-03-08,30.6351261138916,30.826593731659617,29.908860860975068,29.96168125112819,32941500
2011-03-09,30.74077033996582,31.09729796821429,30.38424019310204,30.58891546673465,25174700
2011-03-10,30.060718536376953,30.53609201807461,29.88245348074033,30.423852456348808,33783700
2011-03-11,30.199377059936523,30.26540004888676,29.87585836940296,29.895664762364913,20337600
2011-03-14,29.90886688232422,30.067325566070185,29.466507359501264,29.988094964889537,24508900
2011-03-15,29.45330047607422,29.704192327392192,28.951516773438264,29.413685177882375,35606000
2011-03-16,28.925113677978516,29.565544729258256,28.826076676108823,29.473111537441525,41962900
2011-03-17,29.4202938079834,29.453305302578592,28.654415547743127,29.354268300177413,46741800
2011-03-18,30.199377059936523,30.489881737379385,29.54573838742061,29.86925707795417,77421000
2011-03-21,30.126745223999023,30.58230981626673,29.92206996268823,30.55589961765595,28985300
2011-03-22,30.02109718322754,30.17955328612097,29.94186661316648,30.1465418079027,19756600
2011-03-23,30.106931686401367,30.16635336483118,29.558934001872863,29.902258975176824,26688900
2011-03-24,30.192777633666992,30.265404443226547,29.770224398356095,30.17297123782928,21748100
2011-03-25,30.278610229492188,30.621935370578857,30.153163003381746,30.172971918282133,20710400
2011-03-28,30.344629287719727,30.701159486221027,30.33802799602112,30.437062483194357,19039400
2011-03-29,30.384231567382812,30.397436663734407,30.05411171443682,30.258786929964593,17913300
2011-03-30,30.668142318725582,30.93223675429491,30.5162874515848,30.720960198393364,26829100
2011-03-31,30.43705177307129,30.595510422852342,30.34461861012184,30.40404028896289,23340500
2011-04-01,30.602108001708984,30.952036742950487,30.489868465626547,30.734156440746467,25387300
2011-04-04,30.761428833007812,30.880916674167764,30.568920363108653,30.615387575529393,15708000
2011-04-05,30.92075538635254,31.046880350484564,30.56892885310197,30.648586591907783,21058400
2011-04-06,31.62438583374023,31.684129737749466,30.953928717434387,31.07341652545285,31203300
2011-04-07,31.465089797973633,31.73061645401061,31.173007184376743,31.624405285141016,29972000
2011-04-08,31.09334373474121,31.637676191839713,30.95394207598335,31.544741752667804,23808000
2011-04-11,31.106611251831055,31.37877739994547,31.03359063341232,31.19954566353752,25641600
2011-04-12,30.9605770111084,31.27257334857241,30.701687510775866,30.900833085472172,27231300
2011-04-13,30.701690673828125,31.44516874435232,30.456077857474117,31.358873923533167,55383900
2011-04-14,29.85200309753418,30.369782180113425,29.812172963384324,30.32331495640881,45214600
2011-04-15,29.798892974853516,30.11752641618917,29.75906537735749,30.03123160009879,32475000
2011-04-18,29.181537628173828,29.440427120917484,28.896094717642796,29.38732281761603,50958800
2011-04-19,29.639589309692383,29.679416923030143,29.048786878345823,29.380697161624465,26705000
2011-04-20,29.5798397064209,29.852005985423222,29.168269210544977,29.805538757223367,35542800
2011-04-21,29.65949249267578,29.765703643990364,29.287752196937937,29.65949249267578,24368100
2011-04-25,29.613027572631836,29.885193827284887,29.46034918902391,29.639580995591594,17358900
2011-04-26,29.951580047607425,30.157365312828976,29.613032709106655,29.772348209951407,25900000
2011-04-27,30.20380592346191,30.290103220850824,29.905086457324927,30.071041434926364,20857200
2011-04-28,30.436159133911133,30.489265972341215,30.14407911936597,30.276843683167748,19859000
2011-04-29,30.290122985839844,30.54901251466583,30.137444610693073,30.409610850263167,23363000
2011-05-02,29.99140739440918,30.529102857275717,29.944940166636343,30.495909809774552,25904000
2011-05-03,30.482620239257812,30.582194275211677,29.77897249706332,29.83871641218105,30025500
2011-05-04,30.20380592346191,30.562269282826303,30.05776473284561,30.52243917658404,22727400
2011-05-05,29.984773635864254,30.34323734787695,29.865288264134513,30.03124340499878,26154500
2011-05-06,29.898468017578125,30.343226419417796,29.7125966048072,30.183910959641093,26332300
2011-05-09,29.845367431640625,29.94494151407669,29.42052274015841,29.70596574204942,22469500
2011-05-10,29.978130340576172,30.20382938673504,29.85864246129948,29.91174931087755,20534200
2011-05-11,29.360776901245117,29.898472353586,29.281119159804447,29.88519564130023,31519600
2011-05-12,29.267850875854492,29.42716893688899,28.90938713773288,29.274487967771705,29567900
2011-05-13,28.64385032653809,29.274477659883537,28.530999545484185,29.2479267692889,32872500
2011-05-16,28.464618682861328,28.86290989906316,28.35840752305592,28.524362618518985,34951100
2011-05-17,29.081974029541016,29.221375712476924,28.311942429923736,28.331856232550585,36277100
2011-05-18,29.261205673217773,29.36741684037591,28.816444669804714,29.022229914043468,24372100
2011-05-19,29.208093643188477,29.44042973880443,29.04213856567036,29.42051593982978,19518000
2011-05-20,28.630577087402344,29.267844119889137,28.60402366131354,29.09525191486008,29946700
2011-05-23,28.24555015563965,28.477888754480254,28.079595098870588,28.145978640942136,32299500
2011-05-24,28.106163024902344,28.491177638580027,27.674678641648953,28.39160607248083,39341400
2011-05-25,28.0596866607666,28.378320126737833,27.946835883831177,27.95347550544286,26505300
2011-05-26,28.17918586730957,28.27212034908365,27.946847130599657,27.960123846892337,21648100
2011-05-27,28.404869079589844,28.64384477453773,28.238914017239736,28.345125155852873,24747300
2011-05-31,28.703594207763672,28.796528655354237,28.391597820332116,28.703594207763672,28746300
2011-06-01,27.72113037109375,28.53763144352931,27.70121657546906,28.457971196484365,38628700
2011-06-02,27.621566772460938,28.013220902992582,27.103787679724594,27.83398909421297,45964000
2011-06-03,27.595008850097656,28.04640684329349,27.22990820237929,27.27637541941944,31833100
2011-06-06,26.904632568359375,27.375946846671035,26.798421434994744,27.28300988923796,40895900
2011-06-07,27.03076171875,27.422415772299512,26.98429450326729,27.16352374454442,36312000
2011-06-08,26.811702728271484,27.26310075533309,26.685577777167705,26.937830211648865,38890700
2011-06-09,27.203372955322266,27.375967761570813,26.911292748492155,26.94448327822454,30082300
2011-06-10,27.249832153320312,27.54855189721486,26.619202145603897,26.944475318350037,48545700
2011-06-13,27.661394119262695,27.760968189532743,27.030766781798405,27.4091441971865,31767100
2011-06-14,27.621566772460938,28.1725363781697,27.535269412913607,27.966753678376445,32103500
2011-06-15,27.004209518432617,27.482160936120305,26.718766592010628,27.229908517643644,37336400
2011-06-16,26.791786193847656,27.024122272762884,26.353664921983697,26.97101796855655,50316600
2011-06-17,27.083879470825195,27.25647424169535,26.91128723222962,27.1170699937542,31999600
2011-06-20,26.871440887451172,27.09050276482803,26.63246521477571,26.88471759507459,21565400
2011-06-21,27.15689468383789,27.369317026629744,26.71877328529544,27.00421628322338,34241100
2011-06-22,27.010835647583008,27.56844456454677,26.87143405141017,26.997558943337157,27306300
2011-06-23,26.599292755126953,26.718780672517713,26.300572961650065,26.632483280563328,48307500
2011-06-24,26.214269638061523,26.672304818655206,26.181076591067555,26.586007454564008,36136800
2011-06-27,26.47315216064453,26.625830513588937,26.108051531231975,26.1545187459423,30632700
2011-06-28,26.24744987487793,26.599273751236986,26.048304332264753,26.599273751236986,41558700
2011-06-29,26.85152816772461,26.92454879644183,26.499701732293744,26.57936198122516,44775900
2011-06-30,27.176795959472656,27.263093287787083,26.79841867752782,27.030757248793904,28000100
2011-07-01,27.771230697631836,27.864736113125844,27.230231803633163,27.2569483645833,32136800
2011-07-05,27.40388298034668,27.724474052182188,27.36381068876184,27.724474052182188,23805800
2011-07-06,27.08998107910156,27.15009208374092,26.836178776420702,27.11001723137062,23865700
2011-07-07,27.59758949279785,27.911502872417344,27.45065088142996,27.510761899913845,28550800
2011-07-08,27.210205078125,27.3638215350294,27.089983060055054,27.183488507924483,20680000
2011-07-11,26.33524703979492,26.862887646212716,26.241741625560163,26.84284895185423,38328000
2011-07-12,26.308536529541016,26.796102407201825,26.208353226034625,26.208353226034625,33808300
2011-07-13,26.462156295776367,26.963080519826775,26.32189812452202,26.495550734479924,34020600
2011-07-14,26.949722290039062,27.5441545106436,26.90964998264557,27.504079655417748,65327400
2011-07-15,26.702598571777344,27.216881046994153,26.382007395245864,27.123375605651493,46544900
2011-07-18,26.6024169921875,26.71595859324928,26.00130690470645,26.575700422114487,47603200
2011-07-19,26.97643661499023,27.04322803480773,26.52226515155986,26.662523311428377,34837400
2011-07-20,27.35714340209961,27.62430403074025,27.130057632104837,27.17681035994206,31250900
2011-07-21,28.24544906616211,28.419101683546124,27.537475215341964,27.76456097520258,45552200
2011-07-22,28.17865562438965,28.2654832007931,27.89145887368248,28.23208876304786,19986100
2011-07-25,27.84471321105957,27.99165183179238,27.577555093529732,27.731171584371797,22522300
2011-07-26,27.6777286529541,27.911494789509515,27.57754534971495,27.717803502948986,24350600
2011-07-27,27.16344833374023,27.65101679605366,27.110017744068216,27.51743650012528,32361100
2011-07-28,27.17012405395508,27.544148308344433,27.130049207753142,27.176801921072837,23370200
2011-07-29,27.01650619506836,27.21687531975791,26.649162375165563,26.87624806256883,37793400
2011-08-01,27.009828567504883,27.63097470161813,26.68923742535481,27.490716554645953,34039300
2011-08-02,26.60908317565918,26.969749069764752,26.60908317565918,26.782735709211178,42119000
2011-08-03,26.649166107177734,26.729313258711223,26.281819687999224,26.555658124584653,41110100
2011-08-04,25.326717376708984,26.442109525986492,25.259928526116656,26.255098706062903,59931100
2011-08-05,25.112991333007812,25.881075894825543,24.525242282609145,25.58052095551289,85507800
2011-08-08,22.748638153076172,25.19314810058259,22.501513718012603,24.197977587832774,107650300
2011-08-09,24.3115177154541,24.43841757219898,22.501510003084626,23.63026062316902,78985700
2011-08-10,22.95568466186523,23.944174735973565,22.70188491228929,23.72376942209634,83975700
2011-08-11,24.505212783813477,24.91263157134211,23.129342508617334,23.129342508617334,69583500
2011-08-12,23.9842529296875,25.279976069312852,23.76384758509706,24.799090523009852,44072800
2011-08-15,24.63212013244629,24.805772781707656,24.304848444281145,24.39835391294749,34827900
2011-08-16,24.06439208984375,24.42505804045132,23.890739529087313,24.22468891716877,42266600
2011-08-17,24.42506217956543,24.88591149599479,24.25808745722887,24.351592894084213,30131400
2011-08-18,23.50335693359375,23.69037032278955,23.042507696875624,23.55679005845873,57130300
2011-08-19,22.942323684692383,23.710408354753756,22.882212688358607,23.216162101805843,52960800
2011-08-22,22.31450080871582,23.49668209655124,22.274425959899855,23.45660724773527,50971400
2011-08-23,23.229522705078125,23.242880988690537,21.5798141703426,22.234354780358263,55807900
2011-08-24,23.930816650390625,24.051036097536223,23.16273196557141,23.256237395480134,41959800
2011-08-25,23.85734748840332,25.76085817191129,23.656975797228256,25.239897889652664,55387600
2011-08-26,24.184614181518555,24.364947157628677,23.256235286154013,23.56346811308312,35114200
2011-08-29,25.13971519470215,25.13971519470215,24.35827467338011,24.59203827860494,27943900
2011-08-30,24.752328872680664,25.19314195076212,24.54527934061529,24.979414552166965,28818700
2011-08-31,25.086284637451172,25.400195400891956,24.859198900157725,24.992776647409695,30051100
2011-09-01,24.244731903076172,25.259938634910185,24.238054034477052,25.126358332436592,36862300
2011-09-02,23.129350662231445,23.54344746452624,23.04920092152924,23.41654753016439,41677300
2011-09-06,22.334543228149418,22.37461808821374,21.893729958772543,22.114137867377313,57071200
2011-09-07,23.256235122680664,23.36309882468012,22.62173077738252,22.77534718976727,36145900
2011-09-08,22.38129615783691,23.316355851706984,22.33454342792668,23.002442481310243,44815300
2011-09-09,21.426198959350582,22.17424504972184,21.326013100427833,22.094097891282978,67187400
2011-09-12,21.65328788757324,21.65328788757324,20.845130577284326,20.938637318793493,53377600
2011-09-13,21.700035095214844,22.31450082381707,21.48630511588368,21.91376252671405,50137600
2011-09-14,21.90709114074707,22.167571396009105,21.279266870427477,21.860338405076092,44442500
2011-09-15,22.5816593170166,22.5883371839623,22.127487929757287,22.28778221477133,35847800
2011-09-16,22.32785987854004,22.888895042575943,22.0540214382268,22.74195647290424,52683800
2011-09-19,21.700035095214844,21.96719311067287,21.459591097820248,21.83361282902788,33154800
2011-09-20,21.53974342346191,21.907087375380797,21.53306555429942,21.88705122006074,34085100
2011-09-21,20.26405906677246,21.67332659426267,20.21062718901492,21.526387974992097,57389200
2011-09-22,19.549406051635746,19.78984885016668,19.055160893540116,19.60283792618888,86285600
2011-09-23,19.763126373291016,19.903384515342612,19.2755605358032,19.34234939930439,51731300
2011-09-26,21.138999938964844,21.245863661095783,20.010250440801233,20.077040585612085,58696100
2011-09-27,21.08556747436523,22.12749064619292,20.871840036220895,21.78686079001585,58242900
2011-09-28,20.350875854492188,21.372761470930772,20.3174814242602,21.11896048898645,38725900
2011-09-29,20.965349197387695,21.446237292580346,20.33084591188753,21.092250364054227,51014100
2011-09-30,20.117111206054688,20.67146712574186,20.110432065586675,20.53120772374517,42420600
2011-10-03,19.13530158996582,20.50449498195013,19.12862244866842,20.057002706351895,51002700
2011-10-04,20.388526916503903,20.503069253090494,18.764721682330983,19.03423268455536,69800000
2011-10-05,20.779321670532227,21.001668445240774,19.8090806149267,20.36831652011064,51117200
2011-10-06,21.816940307617188,21.870841230718646,20.49633427825103,20.69172930116637,53214000
2011-10-07,20.684988021850582,21.971904079948857,20.65129834603692,21.951691559590387,49320600
2011-10-10,21.763038635253903,21.776514509721856,21.27791872057876,21.29139459504671,37324800
2011-10-11,21.763038635253903,22.01907510962449,21.163376357861416,21.547429784287175,38161700
2011-10-12,22.369441986083984,22.82087225194515,22.025813584366553,22.072977863777112,55462500
2011-10-13,21.291391372680664,21.89105484444663,20.83322199115338,21.86410309958977,78830000
2011-10-14,21.48679542541504,21.776520378911812,21.156644122748855,21.47332083244555,51899600
2011-10-17,20.914072036743164,21.621538500490097,20.86690649204764,21.318337853095876,40865400
2011-10-18,22.1470947265625,22.517672323110617,20.98145843256032,21.12969049928379,64392400
2011-10-19,21.729352951049805,22.91520177963431,21.58112088362903,22.079718020242183,50119300
2011-10-20,22.32227325439453,22.36269830282036,21.33855638025029,21.77651196830637,41657100
2011-10-21,22.517663955688477,22.935408248448823,22.241415024158364,22.5580915689342,48445300
2011-10-24,23.292516708374023,23.373369388460436,22.61873837704643,22.64569012716202,45697200
2011-10-25,22.564830780029297,23.076901029626494,22.47723890316387,23.029736765989632,38679100
2011-10-26,23.02974319458008,23.184711899825277,22.571573731133263,22.982578917777637,36350900
2011-10-27,24.943281173706055,25.29364631330818,24.053893730970305,24.63334367068686,76438300
2011-10-28,24.720935821533203,24.916332231706917,24.384046522721167,24.667034870259194,39891200
2011-10-31,23.4205322265625,24.256018436972713,23.400319700348284,24.208854162299417,46429800
2011-11-01,22.039283752441406,22.66589766834811,21.453097452814415,21.877578427842135,74052400
2011-11-02,22.665903091430664,22.73328246801816,22.27511298826483,22.713067369911705,34325900
2011-11-03,23.16449928283691,23.258827836075863,22.12688005668786,22.98931548088432,40084700
2011-11-04,22.888248443603516,22.948888590155484,22.537883437998843,22.90172431731063,30858700
2011-11-07,23.070171356201172,23.13754816169891,22.713067090334107,22.928675952239317,25925900
2011-11-08,23.595714569091797,23.703518986033128,22.921936320643464,23.265562096437694,30193100
2011-11-09,21.924745559692383,22.901724566894483,21.816941139120708,22.800656798119732,52990400
2011-11-10,22.05950164794922,22.389651560263513,21.749561690952383,22.18077937167479,30427400
2011-11-11,22.423341751098633,22.8073951893162,22.248160518157068,22.423341751098633,29983400
2011-11-14,21.931482315063477,22.221207178641883,21.709136821073155,22.200994652895528,27596300
2011-11-15,22.032550811767575,22.30879981054932,21.614808987569383,21.621545639620543,31260500
2011-11-16,21.20380210876465,21.89105755116103,21.156637834563448,21.789989780581212,40761800
2011-11-17,20.54349899291992,21.224015189726767,20.44243251094723,21.156637106701623,55130100
2011-11-18,20.63109016418457,20.78605885012657,20.43569385876466,20.664778561952833,39029900
2011-11-21,20.152708053588867,20.34136643277838,19.943837148681595,20.226824074900833,39658100
2011-11-22,19.81581687927246,20.280724199926155,19.79560307050319,20.145968045057568,36466200
2011-11-23,19.121824264526367,19.640633773771047,19.08813586943459,19.613683314723605,44468500
2011-11-25,19.189205169677734,19.65411254425767,19.05445028430839,19.05445028430839,21423200
2011-11-28,19.647371292114254,20.260509322684577,19.41828661199679,20.017948770764935,45280100
2011-11-29,19.24310874938965,19.62716219195716,19.189206534382457,19.526095699459947,45104700
2011-11-30,20.86691093444824,20.887124743621115,20.07859036852573,20.31441300168938,61412600
2011-12-01,20.523286819458008,20.86691391367768,20.233563224061953,20.7927991730555,33189700
2011-12-02,21.78325462341309,22.41660532776077,20.759109969154917,20.80627424659249,90515100
2011-12-05,22.578310012817383,22.975839318098753,22.382916256526077,22.665901912695727,52207600
2011-12-06,22.3896541595459,22.62547812312231,22.019076582794867,22.409866687470007,38782900
2011-12-07,22.908458709716797,23.036475641918727,22.046023439598844,22.113400231229367,44722800
2011-12-08,21.709136962890625,22.706328506967253,21.61480841511123,22.60526073705496,47788900
2011-12-09,22.3559627532959,22.443554646301983,21.80346478866072,21.80346478866072,39104600
2011-12-12,21.58785629272461,21.9651704772988,21.399197915307457,21.931482077998975,35977900
2011-12-13,21.08252716064453,21.985390336918297,20.799540175765735,21.81020651018391,49475100
2011-12-14,21.230749130249023,21.5204739331308,20.772579794075963,20.8062681866823,41291500
2011-12-15,21.399200439453125,21.749564202940675,21.27118219377929,21.62828389494759,33457300
2011-12-16,21.48679542541504,21.96517753178936,21.43289319814567,21.66871592437308,52596800
2011-12-19,20.684988021850582,21.493520964432633,20.496329692683247,21.473308444074164,47388000
2011-12-20,21.702394485473633,21.8573631579036,21.04883011579298,21.15663452140773,49091600
2011-12-21,21.776514053344727,21.83715420204953,21.493527121099003,21.560905206896575,30893000
2011-12-22,22.537879943847656,22.605256731677393,21.924741921662108,22.025807103406716,35543200
2011-12-23,22.61873435974121,22.706326246929535,22.32227287190522,22.652422756272134,21958800
2011-12-27,22.25489044189453,22.699583897500418,22.25489044189453,22.382909929435023,16891600
2011-12-28,21.99886131286621,22.295322823263092,21.94495781810673,22.22794602507383,19242700
2011-12-29,22.517663955688477,22.585043311098016,22.039282098448947,22.039282098448947,19792000
2011-12-30,22.40312957763672,22.51767066054928,22.275112619629667,22.308801022235695,18196900
2012-01-03,23.56875991821289,23.71025271609027,22.915194275265375,22.94888523974452,44102800
2012-01-04,23.71805953979492,23.853785717186955,23.297310719764987,23.371957658007165,36571200
2012-01-05,24.213457107543945,24.376326444163396,23.344813742209737,23.555186851073312,38381400
2012-01-06,23.996307373046875,24.27454499158705,23.84700825474052,24.22025346174378,33160600
2012-01-09,23.95558738708496,24.213466961905542,23.74521419260401,24.05059497023926,23001800
2012-01-10,24.464542388916016,24.66813030034557,24.267739619404455,24.47811526151275,35972800
2012-01-11,24.878517150878903,24.93280866572561,24.19988874786665,24.294896310086457,29852900
2012-01-12,25.00746154785156,25.14318777840383,24.54599391723136,24.98710351933561,39420700
2012-01-13,24.376333236694336,24.376333236694336,23.84021871644068,23.928438553041644,61571500
2012-01-17,23.690919876098633,24.213464110678192,23.412682305869225,23.650201235786216,55115100
2012-01-18,24.797082901000977,24.8920904648822,23.43303833738642,23.43982607124191,55502100
2012-01-19,25.061742782592773,25.21104183375865,24.912443731426897,25.000666133366867,37000400
2012-01-20,25.353551864624023,25.380697615959317,24.851365819966457,24.95994623654629,34716500
2012-01-23,25.557146072387695,25.74716120068229,25.292481404045375,25.31962716201945,27499200
2012-01-24,25.557146072387695,25.71323029759568,24.9735252197549,25.231404742984687,25403800
2012-01-25,25.516427993774418,25.66572707713681,25.19068665724357,25.35355861989001,29860700
2012-01-26,25.441783905029297,25.8557451203661,25.278911924047133,25.70644860895829,33284600
2012-01-27,25.25176429748535,25.557147621296757,25.211048246818574,25.265337177294985,27674600
2012-01-30,25.116031646728516,25.2246120685962,24.6749248154742,24.87851278288092,24423600
2012-01-31,25.312833786010746,25.475705708789697,25.06174205262285,25.468917976428155,29649500
2012-02-01,25.516427993774418,25.808238426476176,25.44856618611625,25.713230860249933,41957800
2012-02-02,25.48248863220215,25.89645225230199,25.394266240518288,25.577496166895,26784200
2012-02-03,25.97789001464844,26.12718906628804,25.82180581918952,25.971104870829123,41074400
2012-02-06,25.882890701293945,26.0050440389872,25.658944641364503,25.828601767187106,23106200
2012-02-07,25.69965171813965,25.869308784702845,25.584286155482143,25.692866574532136,21091900
2012-02-08,25.991472244262695,26.02540315309248,25.767526174976197,25.82181511135137,23258700
2012-02-09,25.69286346435547,26.249338368219348,25.67929059002207,26.19504687088576,28608400
2012-02-10,25.523216247558594,25.63179669528003,25.18390202483383,25.258551568035212,22618800
2012-02-13,25.991472244262695,26.018618006831485,25.63858509715565,25.842175727659164,24828000
2012-02-14,25.73358726501465,25.964321020795897,25.407845948987333,25.94396299753227,27031900
2012-02-15,25.380704879760746,26.059333324794324,25.31962821615724,25.842172429484545,26534900
2012-02-16,25.787878036499023,25.86931271597151,25.14318056783419,25.21104495802942,22139600
2012-02-17,26.106840133666992,26.22220574008353,25.94396814893275,26.195059977834095,28009300
2012-02-21,26.100048065185547,26.446150004494655,26.06611716238868,26.228989120080367,22804200
2012-02-22,25.835390090942383,26.052551031605333,25.720024473798837,25.991474355246215,23416900
2012-02-23,26.12041664123535,26.140774671367662,25.618230324948964,25.828606128446175,31361400
2012-02-24,25.97789001464844,26.249342365127447,25.916813365228737,26.23576948872735,17586400
2012-02-27,26.507226943969727,26.622592532445463,25.64536854229782,25.835383670969367,34030400
2012-02-28,26.60901641845703,26.83975015611916,26.36470980343105,26.554727497763288,37900900
2012-02-29,26.629375457763672,27.10441319366313,26.48007640433155,26.690452107916673,41187700
2012-03-01,27.39623260498047,27.45052412914168,26.785468490740964,26.812611664059215,44376700
2012-03-02,27.572662353515625,27.742319390364397,27.30121005905321,27.436936206284415,34897900
2012-03-05,27.416589736938477,27.62696289442396,27.145137328152146,27.620177749147217,30806900
2012-03-06,26.683671951293945,27.05691710208466,26.54794573588944,26.771894379621212,33927500
2012-03-07,27.11121368408203,27.185863245926026,26.724395580674717,26.778684523712258,22875100
2012-03-08,27.4437255859375,27.65410127606533,27.294429130817065,27.46408619386041,22052300
2012-03-09,27.84412002563477,28.12235754212222,27.48444783301388,27.654104918402854,33494200
2012-03-12,27.5115966796875,27.810192251573575,27.28086291407854,27.72875756628864,30763800
2012-03-13,29.4456844329834,29.67641818133781,27.701609736713372,27.837335927879813,77277600
2012-03-14,29.57461929321289,29.85964190515672,29.228517448696827,29.60176245475904,68028700
2012-03-15,30.334686279296875,30.48398274863787,29.133513847886334,29.61533933152084,57117700
2012-03-16,30.24646759033203,30.483986494901348,30.00894868576272,30.450055592643142,48844500
2012-03-19,30.53827476501465,30.775793644348997,30.00215776450382,30.158241969318055,41509300
2012-03-20,30.7961483001709,30.94544474313131,30.11073237159576,30.219312779549306,34796200
2012-03-21,30.619712829589844,30.992957933622563,30.443270583801223,30.89795037137008,27267900
2012-03-22,30.30076789855957,30.60614869627004,30.13789589618635,30.348271693259537,27457200
2012-03-23,30.64685821533203,30.707934874433867,30.158244942517342,30.165032676174153,30639300
2012-03-26,31.33228302001953,31.33228302001953,30.809741246100877,30.86403019106421,33529400
2012-03-27,31.14225196838379,31.549430497660545,31.10153592758916,31.162609988781103,33026400
2012-03-28,31.40013313293457,31.427278887431463,30.7825814563191,31.05403123500319,29755800
2012-03-29,30.99295997619629,31.230481486243132,30.72151015026543,31.162617088188856,32262300
2012-03-30,31.203340530395508,31.305135848766028,30.877599135877308,31.27120493889668,25945800
2012-04-02,31.30512809753418,31.4544245817456,30.850445733825534,31.04724858660632,27669300
2012-04-03,31.02506446838379,31.414417095927497,30.71768479219227,31.24364945106222,31036400
2012-04-04,30.33516311645508,30.64254538606103,30.02778084684913,30.519592478218648,41342900
2012-04-05,30.287349700927734,30.55374681091379,29.925323126403867,30.14390550412101,28832300
2012-04-09,29.97998046875,30.24637769470307,29.419862556307987,29.501830332206943,29376400
2012-04-10,29.344707489013672,30.061930979047823,29.139786864104934,29.973133691868544,38841000
2012-04-11,30.061935424804688,30.19855006351636,29.761385304205017,29.77504702864693,32142200
2012-04-12,30.62888526916504,30.73134689964475,30.055105871035156,30.137073611994424,33631100
2012-04-13,29.515485763549805,30.704029986125235,29.413026716969135,30.704029986125235,58183900
2012-04-16,29.597455978393555,29.918497449576872,29.262750174218723,29.6316089937482,40387600
2012-04-17,29.98681640625,30.055122460467487,29.481342745630204,29.843369523258975,26887000
2012-04-18,29.57013511657715,29.99363827666579,29.556473388095803,29.79554712224868,20242900
2012-04-19,29.52231216430664,29.84335357440898,29.214929873180957,29.67258592441777,25961800
2012-04-20,29.1807861328125,29.76822745228033,29.173953965446568,29.720410097843953,26178100
2012-04-23,29.269580841064453,29.34471904110887,28.55235706868181,28.63432482977202,25536300
2012-04-24,29.563308715820312,29.583802615393815,29.242267153868315,29.35838796004677,21420400
2012-04-25,29.48133087158203,29.979972162519456,29.358377938944543,29.8160366561414,31694000
2012-04-26,29.91849136352539,29.979967820941365,29.413020585400744,29.522311775728305,28100300
2012-04-27,29.604291915893555,30.048289028264268,29.52915370250387,30.01413339984451,26242900
2012-04-30,29.358375549316406,29.62477267977825,29.05782540828135,29.597451834744284,23518000
2012-05-01,29.91167259216309,30.219054990104432,29.344722546437,29.37204600530033,26359700
2012-05-02,29.508655548095703,29.734067530139,29.262749672624473,29.686252788320484,22462200
2012-05-03,29.378881454467773,29.63844915426792,29.146637219006372,29.63161959103772,19536400
2012-05-04,28.51819610595703,29.15345194024692,28.490872657970765,28.91437828463564,31279900
2012-05-07,28.5386905670166,28.96219624084091,28.25863170823999,28.299616884783287,25910100
2012-05-08,28.265466690063477,28.57967859107863,27.971746076507753,28.347434445609174,28049700
2012-05-09,27.75999641418457,28.019564043286262,27.404799291652857,27.814643327977883,38769900
2012-05-10,27.828292846679688,28.279119264839995,27.69167822784475,28.162995926832807,35827100
2012-05-11,25.24628639221191,25.94985081636856,25.014042305679027,25.369239297182695,217294200
2012-05-14,24.44709014892578,24.911578227625917,24.42659626512266,24.65884030447273,96488500
2012-05-15,24.75447654724121,25.458038342078034,24.67250620954019,24.720320937012175,89903700
2012-05-16,24.221681594848633,25.259949165704192,24.221681594848633,25.130166696487528,68729600
2012-05-17,23.176591873168945,23.975783438453547,23.142438855164244,23.934800859131208,95429200
2012-05-18,22.876039505004883,23.217574864194095,22.52084241876314,23.217574864194095,82650100
2012-05-21,22.20662498474121,23.02631026003541,22.035857327626072,22.89652777868266,99554800
2012-05-22,23.23122787475586,23.620580479066938,22.534498218301895,22.75991014110587,84721000
2012-05-23,23.401994705200195,23.511285883408387,22.684771185352236,22.96482999236743,52512900
2012-05-24,23.20391082763672,23.552275712825143,22.964834536574937,23.524952261439612,37843800
2012-05-25,22.88286590576172,23.31320112851299,22.73942170008051,23.224401217788017,28796400
2012-05-29,22.971662521362305,23.224397886410504,22.78723316663829,23.210736163204217,35855200
2012-05-30,22.514015197753903,22.84188890191049,22.50718563558148,22.74625939724506,34203600
2012-05-31,22.64379119873047,22.86237358001937,22.47985310991004,22.51400611841627,42124900
2012-06-01,21.81045150756836,22.30226333216737,21.701160280513953,22.13832518873157,50472200
2012-06-04,21.175188064575195,21.974379395627633,21.05906601339725,21.967549836311644,60492400
2012-06-05,21.851423263549805,21.947054011284006,21.079554238040775,21.100045517456092,46502800
2012-06-06,22.589147567749023,22.753085680280737,22.0426915354898,22.343241701805397,47980500
2012-06-07,22.411548614501953,23.108280979304407,22.404716448912332,23.067295802889777,53888800
2012-06-08,23.005815505981445,23.005815505981445,22.233945082612536,22.38422143204027,34238200
2012-06-11,22.41837501525879,23.524948565441935,22.39105156816604,23.477133835883283,46404900
2012-06-12,23.067296981811523,23.07412654204249,22.206626473071175,22.459364498650075,43334400
2012-06-13,23.429330825805664,23.955295719748705,22.971674583762873,23.012657169194384,72456600
2012-06-14,23.668399810791016,23.83233531276179,23.27221757056397,23.50446170311242,44428000
2012-06-15,23.927963256835938,23.955286707316436,23.50446019721882,23.832333785861845,40917100
2012-06-18,23.647903442382812,24.11239165883904,23.565935699980994,23.709379900611065,31084400
2012-06-19,24.167037963867188,24.337805609671804,23.723041042492195,23.900640853325186,32489000
2012-06-20,24.897920608520508,25.23262369919596,24.4744176219546,24.6110296393772,61149700
2012-06-21,24.255844116210938,25.294112094323673,24.201199804577865,24.925255825102237,95637000
2012-06-22,24.583711624145508,24.925246918361044,24.563217734611474,24.60420290797204,44193500
2012-06-25,24.126056671142575,24.2285183173878,23.661568391391285,24.08507149150291,33115800
2012-06-26,24.39244842529297,24.672507243236943,24.30365113095738,24.63152467837662,35053600
2012-06-27,25.12334251403809,25.150665970672737,24.249012747395263,24.34464223990829,34156800
2012-06-28,24.508575439453125,24.542728450515952,23.80501090416188,24.12605494070942,69904800
2012-06-29,24.40611267089844,25.136998017785636,24.078239089597343,25.068691998821592,56063200
2012-07-02,24.78179931640625,24.836446212460547,24.310481563621327,24.774969757253174,34274900
2012-07-03,24.712919235229492,24.891997198720837,24.478738743012705,24.76801913652176,26705900
2012-07-05,23.679779052734375,24.561398812473996,23.56957658276692,24.52696103325307,58519800
2012-07-06,23.349170684814453,23.500697432656217,23.23207908734661,23.36294369399041,32057200
2012-07-09,23.390491485595703,23.500693934638193,23.101211042146783,23.28717816754979,30545000
2012-07-10,23.590234756469727,23.72798847761468,23.287178671897777,23.569572617899777,33175500
2012-07-11,23.824417114257812,23.969057350164675,23.500696238951488,23.562685286830703,35144300
2012-07-12,23.445594787597656,23.810639919298808,23.376716612556304,23.645337554067,39301500
2012-07-13,24.843793869018555,24.933334200771608,24.010387490014526,24.148141240226707,83001000
2012-07-16,24.16880226135254,24.69226333494108,23.92084604796645,24.63027428159456,52368300
2012-07-17,24.09992218017578,24.43741603038515,23.604009846474593,24.40986476130539,43998300
2012-07-18,24.079261779785156,24.26522893863559,23.865745974294516,23.934621532046183,28944900
2012-07-19,23.734878540039062,24.223901827363832,23.63156520426523,24.12058849159,34384700
2012-07-20,23.349170684814453,23.507586564678224,23.349170684814453,23.452484018238287,36301200
2012-07-23,23.72109603881836,23.762422937629363,22.798149651505856,22.89457908206487,41248300
2012-07-24,23.92084693908691,24.03104941276008,23.569577375326897,23.81753359795007,29920400
2012-07-25,24.22390365600586,24.416759960056932,23.96217441700716,24.09303903650651,32127700
2012-07-26,24.664710998535156,24.754248685304113,24.34099014310264,24.64404623222147,28900500
2012-07-27,25.408586502075195,25.622104985115268,24.45808834289113,24.8024714673485,63636200
2012-07-30,24.892005920410156,25.153737768695574,24.754252177763405,25.13996213168749,30698200
2012-07-31,24.795574188232425,25.022868212792677,24.7335851476645,24.871338863085843,19681600
2012-08-01,24.795574188232425,25.071081619075105,24.671596107096576,24.926438772794228,22180200
2012-08-02,24.22390365600586,24.685378331754396,23.941509646345157,24.533848941593043,36675000
2012-08-03,24.857568740844727,24.995322486812288,24.45119663532921,24.671601577903644,24516300
2012-08-06,25.0022029876709,25.346585956171698,24.87133840551667,24.960878713008267,18979200
2012-08-07,25.49123764038086,26.083577033073816,25.188181437637013,25.188181437637013,37225800
2012-08-08,25.59454917907715,25.814954129564217,25.312155172050957,25.38103073379032,18672400
2012-08-09,25.42925071716309,25.6634313659396,25.20195920279953,25.291499558123327,23406700
2012-08-10,25.463687896728516,25.48435004247036,25.071091363025765,25.31904499423176,15492700
2012-08-13,25.47745132446289,25.546326862211888,25.24327081770961,25.394797526244076,14453500
2012-08-14,25.553224563598633,25.92515893628181,25.47057335659165,25.773629533906924,18065100
2012-08-15,25.532556533813477,25.76673708922005,25.44990534585642,25.532556533813477,17521300
2012-08-16,25.553224563598633,25.725416110866643,25.346595232363924,25.608327119892955,15894100
2012-08-17,25.47057342529297,25.622102828076574,25.34659530073084,25.622102828076574,17079800
2012-08-20,25.739181518554688,25.82872182322323,25.346585157036372,25.42923633118932,17922100
2012-08-21,26.200658798217773,26.765446697840627,25.87005143947028,25.91826484840635,36880600
2012-08-22,26.056018829345703,26.29708587641244,25.870051695565472,26.090456603578986,16899400
2012-08-23,25.642745971679688,26.097331215747072,25.62208384204153,26.0422313275678,16429500
2012-08-24,25.60143280029297,25.787399948961276,25.25704977552217,25.443016924190477,20019300
2012-08-27,25.642745971679688,25.78738613401191,25.415454663362276,25.69784848729152,17618200
2012-08-28,25.573877334594727,25.821833466689107,25.41546150074182,25.55321257196469,18050500
2012-08-29,25.690975189208984,25.82184243070767,25.525672795383738,25.70475082660012,13681900
2012-08-30,25.41545867919922,25.573874495465308,25.284591497659378,25.52566110040315,13700700
2012-08-31,25.580774307250977,25.75985497703065,25.387920626658417,25.580774307250977,16771600
2012-09-04,25.49123764038086,25.649656189302227,25.33282171889421,25.470575493754037,13631400
2012-09-05,25.56011199951172,25.68409011550657,25.443020388879106,25.53944985599068,13537500
2012-09-06,26.64835548400879,26.772333573691196,25.828724893271787,25.883827434212307,41346800
2012-09-07,27.06850242614746,27.226918285890427,26.86187315811027,26.889424427830885,28082400
2012-09-10,26.696561813354492,27.399103259420805,26.675899679698535,27.020282586940866,20853500
2012-09-11,27.27513313293457,27.29579790003193,26.675907435787757,26.724120846625212,22378900
2012-09-12,27.49553680419922,27.72283083995586,27.405999118083315,27.46798816170479,29882200
2012-09-13,28.514911651611328,28.6388897339827,27.26824432440299,27.440435813537277,47018600
2012-09-14,28.632007598876953,28.99016629907927,28.397827011338293,28.90062596717013,43471600
2012-09-17,28.370277404785156,28.542468946122018,28.204974996465033,28.239412779245527,19740100
2012-09-18,28.41848945617676,28.46670550266635,28.00523082786427,28.273849199010815,25186600
2012-09-19,28.473588943481445,28.76286942667987,28.266959651563425,28.46670243897224,22887200
2012-09-20,28.41160011291504,28.432262254036452,27.929463343087857,28.21185732396129,20997400
2012-09-21,28.156763076782227,28.721551152294474,28.080998374163713,28.604459531674618,28287400
2012-09-24,28.397817611694336,28.563122583008212,27.957007858101836,27.970783491330774,20499500
2012-09-25,27.929462432861328,28.618228473757707,27.91568679675133,28.618228473757707,21988200
2012-09-26,27.71595573425293,27.9845741579362,27.344021319567737,27.653966665138732,23782700
2012-09-27,28.01900863647461,28.23252709985709,27.69528768850896,27.82615494531268,20843400
2012-09-28,27.881248474121097,27.984564429205612,27.66084355554574,27.83992156660051,21380700
2012-10-01,28.21874237060547,28.58378749054938,28.101650790523266,28.15675332878163,21956400
2012-10-02,28.18430519104004,28.40471274182537,27.93635162284518,28.33583456113185,26946100
2012-10-03,28.3508358001709,28.447974802832626,28.045538766846267,28.33002105584033,22419100
2012-10-04,29.016937255859375,29.13489366257209,28.38553102276782,28.558994302703297,24326500
2012-10-05,28.940608978271484,29.44712136786402,28.767145722376537,29.169581746535645,22774400
2012-10-08,28.905914306640625,29.030808051615125,28.52429570670255,28.67694420541338,18631300
2012-10-09,28.711631774902344,29.107127689043583,28.656122276224973,28.98223396385808,19947500
2012-10-10,28.982234954833984,29.1418207987302,28.676940642185397,28.829586475090355,25797600
2012-10-11,29.211196899414062,29.58587798352454,29.037733728641204,29.3985374414693,27755000
2012-10-12,28.878149032592773,29.440170680233493,28.55204005892888,28.864271660780137,44564000
2012-10-15,29.405492782592773,29.426307526950215,28.95448724469328,29.079381004516545,26268000
2012-10-16,29.717727661132812,29.912005669838404,29.329168996882274,29.68997290364934,28588100
2012-10-17,30.05770492553711,30.21035339787638,29.67608639152748,29.787102740454618,26177500
2012-10-18,29.84261131286621,30.078521398798852,29.662210728018284,29.898120813950925,23630400
2012-10-19,29.36385726928711,29.710783751813505,29.183456662982547,29.696906374891768,29747500
2012-10-22,29.204269409179688,29.502626375510346,28.794896081900795,29.31528577012792,27993000
2012-10-23,28.67694854736328,28.96142819913599,28.4826678886321,28.774087553309172,22896400
2012-10-24,28.940608978271484,29.058565368636447,28.68388410066195,28.919794234552644,18918900
2012-10-25,28.9128475189209,29.33609818867225,28.725509575205383,29.308346085760927,17311700
2012-10-26,28.55898666381836,28.905913130894305,28.357768677672976,28.73938726208874,21892700
2012-10-31,28.919790267944336,28.996114513563835,28.5520490628746,28.760204412030323,19423500
2012-11-01,29.72467613220215,29.7663082839811,28.850422119566947,28.9336837762845,23325400
2012-11-02,29.43323516845703,29.8842405573506,29.370790956015412,29.86342581987006,17029200
2012-11-05,29.32916831970215,29.39161519917845,29.044688679163293,29.370800454966115,13252500
2012-11-06,29.752422332763672,29.870376091911744,29.426310521500874,29.53732691410359,17190900
2012-11-07,28.087169647216797,29.14876391006525,27.9692159054955,29.14876391006525,47631200
2012-11-08,28.031661987304688,28.794899221178596,28.031661987304688,28.642250715668165,27830900
2012-11-09,28.184309005737305,28.60755977254965,27.65698187375356,27.96921626294621,27553200
2012-11-12,28.156539916992188,28.385509899762994,27.962259388186887,28.343877790696652,12816000
2012-11-13,27.781879425048828,28.114928603409783,27.754124665142182,27.879018437882493,19793500
2012-11-14,27.261476516723633,28.0108361470361,27.150460177164813,27.89981980747728,30986600
2012-11-15,27.33086395263672,27.559836668768497,27.039447019565696,27.101893883343575,24858700
2012-11-16,27.428003311157227,27.525142290196317,26.942308415961783,27.358619082368925,32458000
2012-11-19,28.16349220275879,28.239816453073864,27.816565717209578,27.816565717209578,26781200
2012-11-20,28.23981285095215,28.572861916976727,27.927578524417015,27.98308802550712,19375900
2012-11-21,28.26063346862793,28.434096725356685,27.996968577285237,28.406341969038664,13030200
2012-11-23,28.510421752929688,28.6006233899833,28.427160128562907,28.517359118777204,8316700
2012-11-26,28.364707946777344,28.36470794677734,27.816563507904092,28.302261078464703,20376600
2012-11-27,28.27450942993164,28.586743805764964,28.198185177301372,28.357771047874156,19875000
2012-11-28,28.330020904541016,28.36471302718645,27.670859986920515,28.094110764977025,26106900
2012-11-29,28.600624084472656,28.69082307687719,28.3855286822262,28.55205458184271,18915000
2012-11-30,28.503488540649418,28.683889194205555,28.34389998766859,28.441041651564653,20066600
2012-12-03,28.31613540649414,28.704691303647937,28.274503283154004,28.63530707825291,18955500
2012-12-04,28.14961814880371,28.39246565862091,27.89289326030562,28.295326654694033,24031100
2012-12-05,28.586742401123047,28.787960394199576,28.101044801118633,28.23287591028654,25515600
2012-12-06,28.774080276489254,28.829587131489763,28.524292811890156,28.62143179327009,20541700
2012-12-07,29.530378341674805,29.53731570558764,28.95447920388226,29.03080344111632,34552900
2012-12-10,29.3569278717041,29.606712783569865,29.14876980822304,29.516513779357112,22394500
2012-12-11,29.58589744567871,29.89813188783107,29.43324890799541,29.558142684856353,21955000
2012-12-12,29.676097869873047,30.09934869100296,29.62752836385875,29.83568376775424,23110600
2012-12-13,29.683021545410156,29.780160512634485,29.488743610961503,29.592822588323763,18457000
2012-12-14,29.703845977783203,29.912001335065177,29.6344590941299,29.676091224321883,16208600
2012-12-17,30.168724060058594,30.189538800267293,29.703843883139072,29.835674982525475,23879800
2012-12-18,30.439329147338867,30.487898643642616,30.050773176908873,30.41157704005032,33858600
2012-12-19,30.20340919494629,30.8001229801694,30.12708496937056,30.522583469793695,34348500
2012-12-20,30.89728546142578,30.904225476400143,30.12017053522856,30.314448605067817,25014900
2012-12-21,30.529531478881836,30.66830260588094,30.071588612572175,30.404637729266557,38973500
2012-12-24,30.47402000427246,30.543406886717246,30.32831152139681,30.335251533060745,8621200
2012-12-26,30.501781463623047,30.654429991725205,30.33525820282025,30.494844097272725,11498900
2012-12-27,30.272796630859375,30.54339878350554,29.766284434166103,30.501766665083736,19567000
2012-12-28,30.002201080322266,30.31443277325989,29.898122084783857,29.90505944929497,15401200
2012-12-31,30.508703231811523,30.529517965254243,29.87035738890958,29.905049493593417,24209600
2013-01-02,31.200342178344727,31.43787288003922,30.89295060292542,31.42390017228995,31413000
2013-01-03,31.137462615966797,31.263214305705407,30.87897421595796,31.25622928517379,24227700
2013-01-04,31.68938636779785,31.73828952796241,31.046654932028495,31.053642620636204,24487700
2013-01-07,31.724315643310547,31.780206490017218,31.451854428171153,31.50075758652837,24456900
2013-01-08,31.787193298339844,31.78719329833984,31.40993805695197,31.71733240105575,19624200
2013-01-09,31.76622200012207,32.276213794626536,31.535676340471703,31.829097846842963,25920600
2013-01-10,32.24129104614258,32.24827606854489,31.80814503658612,32.0596484834197,23413600
2013-01-11,32.23430252075195,32.24129020799452,31.76622874633014,32.11553848784678,19723900
2013-01-14,32.05265426635742,32.26223952358958,31.77320548003378,32.059639286756,19079500
2013-01-15,32.381019592285156,32.464855868792704,31.682399944857018,31.780208934115823,29898000
2013-01-16,32.70936965942383,32.71635734787917,31.83609515406753,32.07362592612534,43453600
2013-01-17,32.44388961791992,32.744296225356194,32.33909828871177,32.415946862477604,41086800
2013-01-18,32.457862854003906,32.55566916219154,32.262250237628635,32.40197467719184,28679100
2013-01-22,32.51375198364258,32.52073700599299,32.22731809688171,32.3111516901961,24257300
2013-01-23,32.29718780517578,32.4438972998175,32.08061474283138,32.29718780517578,19105100
2013-01-24,32.394989013671875,32.69539564474615,32.192391361918915,32.304170387549654,20008200
2013-01-25,32.946895599365234,32.946895599365234,32.56265540636704,32.65347668781015,26009100
2013-01-28,32.58361053466797,32.83511396162859,32.471831529910105,32.72333495687073,19706800
2013-01-29,32.9189453125,32.94689072804634,32.31114718198543,32.33210491113444,19907400
2013-01-30,32.925941467285156,33.079635962276456,32.80717475317776,32.863065598645285,18631300
2013-01-31,32.87004470825195,32.98881140099233,32.75128068053329,32.84209929054578,19536000
2013-02-01,33.428951263427734,33.53374528344756,32.98183508605205,33.11457453341352,24520000
2013-02-04,33.3101806640625,33.40100195260535,33.10059533013617,33.21237435256502,20822600
2013-02-05,34.08563995361328,34.092624974755445,33.4848268645731,33.49181188571527,28067500
2013-02-06,33.95989227294922,34.11358940648524,33.757291990564774,33.82715287034202,28282600
2013-02-07,33.694427490234375,34.057710050576574,33.463884377242245,33.98784914725111,21429600
2013-02-08,33.973880767822266,34.01579624915588,33.71538952949106,33.76429536608524,15218300
2013-02-11,33.99481964111328,34.16248946845869,33.79920706339488,33.89002566589471,13935900
2013-02-12,34.330169677734375,34.44893640578668,33.952914421599985,34.09263888665226,16388000
2013-02-13,34.0087890625,34.546726264265565,33.88303737039785,34.47686273253035,21635600
2013-02-14,34.38605880737305,34.43496196793842,33.79223052690125,33.81319092787382,18017800
2013-02-15,34.14851379394531,34.55371162187584,33.931940840986115,34.47686306872834,20016200
2013-02-19,34.5467414855957,34.70742368185158,34.316195726822656,34.316195726822656,20445900
2013-02-20,33.95989227294922,34.6096085819602,33.78523740848436,34.476869179353,24786700
2013-02-21,33.70838165283203,33.84810604760966,33.41496282231806,33.8201606356499,24437700
2013-02-22,34.16948318481445,34.16948318481445,33.82017339855995,33.97387055731903,23584100
2013-02-25,33.32414627075195,34.37207538200188,33.28921583338126,34.30221184223896,32775500
2013-02-26,33.25428771972656,33.71537649124722,32.73032308549754,33.687433736171684,39401400
2013-02-27,34.427974700927734,34.51181097580004,33.36607253774686,33.42894841138988,31921200
2013-02-28,34.17646026611328,34.616591240723935,34.057696245595395,34.34413009716262,24711500
2013-03-01,34.16948318481445,34.52577799418429,33.79222797605427,33.95291015792868,25923400
2013-03-04,34.302215576171875,34.330160995119016,33.764280919059544,34.04372711346543,17695200
2013-03-05,34.574684143066406,35.007827535912185,34.44893240562373,34.574684143066406,25561100
2013-03-06,34.951934814453125,35.06371383451148,34.66550090898971,34.84714348222332,19607900
2013-03-07,35.3711051940918,35.531787355486365,34.93795919552713,34.965904614471015,24245400
2013-03-08,35.0706901550293,35.52479111088344,34.65850465247238,35.34315126154602,32711900
2013-03-11,35.26631164550781,35.468911937845625,34.86809874816624,35.09165677246249,19473000
2013-03-12,35.12659454345703,35.39905577585502,34.96591234653059,35.175497704911926,18003400
2013-03-13,35.042747497558594,35.23137504728786,35.00781706205793,35.13356876187744,16680200
2013-03-14,35.62959289550781,35.62959289550781,35.063710166583085,35.10562829410328,26378700
2013-03-15,34.944942474365234,35.13357003090776,34.33714434663144,34.91001203760288,60880800
2013-03-18,34.588653564453125,34.69344756543592,34.197428312831285,34.365095516377174,28011400
2013-03-19,34.3720703125,34.9239802026295,34.00878795437759,34.686449532511816,24411500
2013-03-20,34.31619644165039,34.679478979239846,34.260308255494884,34.63057581697035,19385300
2013-03-21,33.778255462646484,34.39304143626153,33.778255462646484,34.0856497819651,23535900
2013-03-22,34.07865524291992,34.23235237168134,33.771263650418746,33.9738639265094,22791500
2013-03-25,33.89702224731445,34.455917376758684,33.645518772809,34.26030474770875,23581400
2013-03-26,33.98085021972656,34.21139592149504,33.757292204993234,34.05071376496932,16417500
2013-03-27,33.37303924560547,33.75029425029174,33.226329854345494,33.67344571248297,26530100
2013-03-28,33.15647506713867,33.48482702787156,33.03072336579507,33.421951177199766,27506700
2013-04-01,33.41497039794922,33.52674940610892,33.17743967248213,33.21935513490342,17442200
2013-04-02,33.729347229003906,33.7992107751624,33.44990103943528,33.540719651908645,17273700
2013-04-03,32.93497085571289,33.792616660546514,32.710015018655724,33.76449651049309,33467400
2013-04-04,33.384883880615234,33.42003272593824,32.97012106975976,33.01229861147337,21514000
2013-04-05,33.680152893066406,33.771542078295546,32.86468697068687,32.892807132555255,22961500
2013-04-08,34.15114212036133,34.15817081708376,33.45518315069528,33.65905021755236,18672300
2013-04-09,34.221439361572266,34.41827504741764,34.06678121887371,34.263619586404175,20066700
2013-04-10,34.62214660644531,34.84007377384188,34.36204189042617,34.404219439048745,20388900
2013-04-11,34.66432571411133,34.86819011645075,34.32689192763172,34.5940253325414,22584700
2013-04-12,34.453433990478516,34.85413953959524,34.05976250342274,34.3761075781539,37805900
2013-04-15,33.694210052490234,34.68542287807314,33.6731212737606,34.017583840879325,31527300
2013-04-16,34.08786392211914,34.108952688279274,33.455174120471156,34.045683708114474,23865500
2013-04-17,32.89280319213867,33.86995590567338,32.60457827173141,33.820746969141844,43466300
2013-04-18,32.78734588623047,33.272409115321146,32.372583036123714,32.89982381091949,26106800
2013-04-19,33.20209503173828,33.2934841458527,32.829512562810166,33.1458574334492,19746100
2013-04-22,33.28645706176758,33.384877564410466,32.94902338347401,33.321608582125144,15230100
2013-04-23,33.86292266845703,33.912134283976144,33.31459301620786,33.5184601316236,20568500
2013-04-24,34.249549865722656,34.39014521219614,33.85587592321763,33.96835380940702,16459300
2013-04-25,34.446407318115234,34.88929044879166,34.369078219555824,34.460467398006585,19058800
2013-04-26,34.3620491027832,34.50967591731893,34.172242049086115,34.34798902306275,13929000
2013-04-29,34.39015579223633,34.51669378833901,34.20035147976747,34.502636394714415,13496300
2013-04-30,34.453433990478516,34.62215225756376,34.24956954826144,34.4182851336608,13802600
2013-05-01,33.75043487548828,34.383124814021194,33.63795696215854,34.27767559703738,17686400
2013-05-02,33.799652099609375,33.91915872916634,33.53954470289345,33.91915872916634,15529300
2013-05-03,33.44113540649414,34.23551251329989,33.02637242311976,34.18630357304242,43257900
2013-05-06,33.86993408203125,34.01756079650455,33.44111132711759,33.53952913676646,20829500
2013-05-07,34.54481506347656,34.720561988041815,33.926185138135,34.1441122900026,24291600
2013-05-08,34.98067855834961,35.14236814371187,34.52373800840051,34.60106711052519,23559300
2013-05-09,34.47450637817383,35.01580705510684,34.39014595045755,34.93847800387578,18103100
2013-05-10,34.418277740478516,34.60808474454592,34.19332188714352,34.481546741834315,16199600
2013-05-13,34.917396545410156,34.93848799921535,34.17223132586067,34.33391816937962,23979500
2013-05-14,35.311073303222656,35.44464000631592,34.91037051225751,34.98769959151137,24188400
2013-05-15,35.9156379699707,36.15465387041326,35.25483056601066,35.289979411022955,27467000
2013-05-16,35.831295013427734,36.31635571109998,35.739905833279835,35.76099461266547,21389500
2013-05-17,36.76625061035156,36.78734206170607,36.02811417338025,36.035142869375186,26080300
2013-05-20,36.759220123291016,36.99823600074569,36.492084099857024,36.75218874595383,22020000
2013-05-21,37.27240753173828,37.72934791983124,36.87170476419721,36.9279423847491,37112600
2013-05-22,37.701229095458984,38.636201292224584,37.46221318291171,37.56063102660439,46968300
2013-05-23,37.50440216064453,37.813718542765336,37.01934149098136,37.13181944402004,25294200
2013-05-24,37.72232818603515,37.72232818603515,37.06152056784712,37.18805859626187,18342300
2013-05-28,38.38314056396485,38.418292106416935,37.98243765152383,38.35502308436382,27162300
2013-05-29,38.432334899902344,38.636201969229525,37.898065446915254,38.02460344293314,20482600
2013-05-30,39.10017013549805,39.29700848993526,38.33391353297457,38.38312245116265,24890800
2013-05-31,38.3760986328125,39.24780456035753,38.3760986328125,39.16344410558251,24990100
2013-06-03,38.30579376220703,38.56589841150851,37.2864612522183,38.38312014207577,28279600
2013-06-04,37.98945999145508,38.93849241470237,37.86995067526996,38.34095387883341,22022600
2013-06-05,37.27943420410156,38.15114006963942,37.0474496741852,37.806674941357464,24326000
2013-06-06,37.609840393066406,37.62390046828659,36.745165879663546,37.14586863754084,23940900
2013-06-07,38.15113067626953,38.2987574027489,37.546561017333765,37.799636937975194,21691000
2013-06-10,38.21440505981445,38.551838774486846,37.975389176710905,38.41124072295215,16007000
2013-06-11,37.602813720703125,37.99648512132165,37.3356776405082,37.58172226589478,17600800
2013-06-12,37.384883880615234,38.031631239002365,37.2372571159858,37.89103585269915,18479100
2013-06-13,38.08083724975586,38.13004884922251,37.2372542696772,37.2583430396737,17090200
2013-06-14,37.349727630615234,38.05271514952628,37.19506951831575,37.9894461655569,17185300
2013-06-17,37.85587310791016,38.144097855128194,37.63794871469914,37.75042659942608,16856600
2013-06-18,38.03868103027344,38.151159002772985,37.76451613991119,37.982440703180465,13259100
2013-06-19,37.64499282836914,38.31986041315153,37.62390405437137,37.95430914932512,20840000
2013-06-20,36.89278793334961,37.38487977644355,36.74516118492687,37.31458209100933,31857100
2013-06-21,36.52724075317383,37.24428853888511,36.33743374974861,37.230228462888576,44412200
2013-06-24,35.796138763427734,36.168724134241074,35.22672034143057,35.76802128850761,30736500
2013-06-25,36.61159896850586,36.9490327267156,36.21089353134135,36.21089353134135,20951400
2013-06-26,36.90684509277344,37.11774081410951,36.47099357778761,37.01229429428377,19332000
2013-06-27,37.363792419433594,37.60280831330303,37.17398544356508,37.279431975702096,17093600
2013-06-28,37.1107177734375,37.349733675820325,36.96309101417649,37.3427022977498,18256000
2013-07-01,36.89983749389648,37.7012433021654,36.85765725284008,37.41301835916191,23511100
2013-07-02,37.3884162902832,37.90533915337466,36.90689858469986,37.2255504047536,23935300
2013-07-03,37.36719512939453,37.39552035211385,36.97065011504982,37.04146317184812,10442300
2013-07-05,38.2310791015625,38.238159053582045,37.60793797545301,37.78496648958996,17070200
2013-07-08,38.733848571777344,38.88255191043775,38.27357324593355,38.62055040404922,21786900
2013-07-09,38.86837387084961,39.06664491034874,38.37269357086145,38.99583459659628,20508700
2013-07-10,38.82589340209961,39.052489674670085,38.54972666249123,38.7834055880274,16915000
2013-07-11,39.04540252685547,39.56232538297702,38.62761519091609,39.54108282900665,21322600
2013-07-12,38.92503356933594,39.54817204249495,38.7692476004257,39.30741313656139,32569200
2013-07-15,38.86837387084961,39.300323807964425,38.66302017923103,39.29324385708531,28292000
2013-07-16,38.95335388183594,39.236600590911664,38.79048796955168,38.875463603018886,19222700
2013-07-17,39.1374626159668,39.35697893689296,38.83297336810562,38.981676665552065,19166600
2013-07-18,39.91638946533203,40.02968760875426,39.29325102713019,39.307410931472255,24563100
2013-07-19,39.76768112182617,40.05092779512774,39.59065262632281,40.01551993503469,17762600
2013-07-22,40.05093765258789,40.12882794073798,39.61898758504833,39.77477086258963,15999700
2013-07-23,40.12882614135742,40.284612113154395,39.98720547744127,40.16423400857747,10577100
2013-07-24,40.10049819946289,40.31293186781329,39.92346969229745,40.30584921483191,16665000
2013-07-25,40.0084342956543,40.0084342956543,39.57648439583908,39.97302914183536,13870200
2013-07-26,39.689796447753906,39.810177254503806,39.37114454899364,39.696879101749154,16762300
2013-07-29,39.43486404418945,39.65438033635507,39.21535045326413,39.640217733514675,10049100
2013-07-30,39.179954528808594,39.64730972770384,39.00292600345068,39.56233409063858,14207400
2013-07-31,39.46318435668945,39.8455664822462,39.3073984460019,39.356968900416994,19404900
2013-08-01,40.03676986694336,40.20671572977867,39.796010976892674,39.90930911919648,15979400
2013-08-02,40.00135803222656,40.02260058622779,39.66146096076497,39.8455720995767,11007300
2013-08-05,39.72519302368164,40.06509010968599,39.66146265771088,39.88806161546059,9370200
2013-08-06,39.293251037597656,39.725198352406906,39.1657902885586,39.64730807354153,10588600
2013-08-07,39.158695220947266,39.27907597964997,38.7904756961507,38.98874941026575,12828400
2013-08-08,38.82589340209961,39.46319440573884,38.33021304288644,39.2436780848934,18587100
2013-08-09,38.60637283325195,39.052485377580446,38.47183215535494,38.72675090801659,12652500
2013-08-12,38.3018798828125,38.46474575108734,38.01155330001993,38.266474729055375,15133000
2013-08-13,38.44351577758789,38.73384245537374,37.95491531165589,38.3939480058616,15078100
2013-08-14,38.34437561035156,38.84005326784287,38.23815742589449,38.4718363512038,15785800
2013-08-15,37.73540115356445,38.01156522121679,37.45215443219537,37.89826707291735,16933200
2013-08-16,37.73540115356445,38.0823755509386,37.57961518668736,37.57961518668736,17139000
2013-08-19,36.70155715942383,37.49464423958737,36.68031189838763,37.45215641875607,22793300
2013-08-20,36.90690994262695,37.07685853270328,35.87306389828281,36.666151015742855,18701500
2013-08-21,36.559940338134766,36.97772786344676,36.31209872409861,36.76529142248962,17136200
2013-08-22,36.97063064575195,37.289282480432576,36.77235959361311,36.82192735664782,14658500
2013-08-23,37.048526763916016,37.11933708819805,36.75112016044263,37.013121601775005,11126800
2013-08-26,36.68031311035156,37.20431877962053,36.67323315726629,36.93523464128019,16548400
2013-08-27,35.83057403564453,36.5032830019863,35.79516886925624,36.1279833760365,23596800
2013-08-28,35.816402435302734,36.149214132172204,35.49775063937225,35.639373959923596,18748100
2013-08-29,35.90139389038086,36.24128841451715,35.724365323565614,35.8235008887835,13576000
2013-08-30,35.78099060058594,35.99342690841129,35.61104479581349,35.986344257489186,15863100
2013-09-03,36.20587539672851,36.62366283194078,35.993441702826225,36.29084833404123,15277200
2013-09-04,36.7298698425293,36.892735726935335,36.06424370175153,36.22710958615757,19923800
2013-09-05,36.89982986450195,37.1901565664167,36.75820649012474,36.843179434254594,13913200
2013-09-06,37.21847152709961,37.324687002687114,36.31208380155832,37.11225335027166,22339900
2013-09-09,37.430912017822266,37.66458826779778,37.190153114102706,37.37426159283369,19936400
2013-09-10,38.00448226928711,38.18859344710461,37.74248080988318,38.11778311793844,20233200
2013-09-11,37.71415328979492,38.06821031644101,37.57253264012908,37.792046267855575,16028600
2013-09-12,36.99187850952149,38.03280430785841,36.87858037156506,37.83453324174484,21976700
2013-09-13,37.239723205566406,37.38842652856496,36.98480167971683,37.02728950110546,11942900
2013-09-16,37.629173278808594,37.87701477156727,37.51587515965156,37.848689566467954,17055300
2013-09-17,37.59376525878906,37.75663112384105,37.44506199520769,37.664575564902094,13207000
2013-09-18,37.820369720458984,38.146101521536146,37.21847388363203,37.31052676138822,20844500
2013-09-19,37.35301208496094,38.06112605813555,37.19722614646558,37.97615313770192,22452200
2013-09-20,37.3884162902832,37.86285404486107,37.3884162902832,37.494634464047905,30792200
2013-09-23,36.43955612182617,37.091022591153234,36.38998834387362,36.87858887117924,28189500
2013-09-24,35.632293701171875,36.30500249303774,35.6181310980416,36.12089135358459,34906900
2013-09-25,36.609500885009766,36.7511242505762,35.44819414959887,35.56149230180381,39175500
2013-09-26,36.744041442871094,37.21847931034734,36.49620258009761,36.772366656114066,22298700
2013-09-27,36.99187850952149,37.105176647477904,36.38997995686993,36.4678729331976,23026000
2013-09-30,36.602413177490234,36.88565986951628,36.42538467028412,36.63073838694097,21350600
2013-10-01,36.79360580444336,36.88566138832842,36.43246882341851,36.5670095219884,19188000
2013-10-02,37.15742111206055,37.41422077111694,36.58675671479218,36.60815577933271,23841200
2013-10-03,37.05039596557617,37.235863473353135,36.73653143390684,37.09319678763409,18614500
2013-10-04,37.57113265991211,37.57826749188974,37.10033443160948,37.14313526005194,17407200
2013-10-07,36.97194290161133,37.35000741856736,36.97194290161133,37.300074471842656,16159300
2013-10-08,36.28714370727539,37.064674531108714,36.26574465010525,36.97194346927706,19536000
2013-10-09,36.201534271240234,36.62239950757418,35.844868908962006,36.50113186940638,24721200
2013-10-10,37.46412658691406,37.49266046638564,36.650930069957816,36.97906152045937,24328700
2013-10-11,37.457000732421875,38.05619873921017,37.20733603006891,37.77800015054795,32498800
2013-10-14,37.59967803955078,37.692411835620426,36.9220130149962,37.05041281843357,18881600
2013-10-15,37.31435012817383,37.83508149497362,37.22161632497486,37.742347691774654,17566500
2013-10-16,38.51987075805664,38.55553676082653,37.50694212945571,37.52834118688932,24864000
2013-10-17,38.6696662902832,38.72673406674038,38.24166885141979,38.37006862730709,17791000
2013-10-18,38.73386001586914,38.93359448055118,38.37719463317948,38.70532613218015,24796600
2013-10-21,38.71246337890625,39.126193833645225,38.441396909231074,38.71246337890625,19471700
2013-10-22,38.2487907409668,39.004922250101096,38.2487907409668,38.9835232002192,24820900
2013-10-23,37.62820053100586,38.06333276399817,37.6068014772984,38.02766676743871,21034400
2013-10-24,37.43558883666992,37.72805426816186,37.1716572816992,37.692388283080454,17759000
2013-10-25,37.64247131347656,37.74233720248605,37.14313914728775,37.20733903609976,20889600
2013-10-28,37.578269958496094,37.870735502530664,37.44987018588177,37.728068786165714,14836800
2013-10-29,37.61394119262695,37.799408766058214,37.27154265837885,37.68527592130885,23363100
2013-10-30,37.52120590209961,37.97773998394133,37.44987389741829,37.806539363107994,16157200
2013-10-31,36.76507568359375,37.59967154053681,36.76507568359375,37.55687342754986,23738000
2013-11-01,37.457000732421875,37.59966744282693,36.593871080126,36.70087179321508,25794400
2013-11-04,37.121734619140625,37.63533093278412,37.09320073473238,37.62106671172099,18891300
2013-11-05,37.05753707885742,37.18593684565811,36.85067048555173,36.986202363334165,14532200
2013-11-06,37.16453170776367,37.335732288387995,36.97193479613007,37.27866452113292,14013000
2013-11-07,36.84354019165039,37.3357375079002,36.793607248892066,37.18593867962521,17348900
2013-11-08,38.4913215637207,38.49845639412291,36.950527454844384,36.971929224910504,31183100
2013-11-11,38.59119415283203,38.62686286878482,38.30586347319655,38.45566228409075,12062800
2013-11-12,38.49847030639648,38.57693714233349,38.23453590894627,38.4699364167573,15964800
2013-11-13,38.61973190307617,38.66253273381941,37.91353588323086,38.1774675366277,22121900
2013-11-14,38.80520248413086,38.876534486475144,38.30587030429646,38.70533387125081,17634000
2013-11-15,39.14044952392578,39.20464938720416,38.65538449496474,38.71245224949678,20530100
2013-11-18,39.76105499267578,39.946519780067035,39.447187738588056,39.582722315086194,22318800
2013-11-19,40.05352020263672,40.40305072449603,39.78958588237808,39.92512045795433,22979900
2013-11-20,40.01786422729492,40.26039685320574,39.782466434548816,40.25326474118258,17682800
2013-11-21,40.81679153442383,40.94519130331154,40.14625880331221,40.14625880331221,22843600
2013-11-22,40.98799133300781,41.03079216502323,40.70266061632901,40.83819250266584,16730600
2013-11-25,41.12351989746094,41.47305045022934,40.9523193156982,41.01651919371661,18649600
2013-11-26,40.78110885620117,41.34464067996323,40.78110885620117,41.109242998339504,16263300
2013-11-27,41.00226211547851,41.251929577229326,40.89526410713525,41.07359684218228,11238900
2013-11-29,40.81679153442383,41.2661880043896,40.80252459108728,41.07359107219924,7128800
2013-12-02,40.64558792114258,41.19485295372922,40.588522873169694,40.731186853672405,12465300
2013-12-03,40.55997467041016,40.81677409848708,40.04637581425632,40.58137371570322,20426800
2013-12-04,40.79538345336914,40.99511790806791,40.096319664775415,40.2603854060753,20287200
2013-12-05,39.81812286376953,40.474388578923026,39.76818992818774,40.4529868057159,21324900
2013-12-06,39.98933029174805,40.488659733074265,39.675462961609995,40.35312784487734,18661200
2013-12-09,40.31032180786133,40.324588750220286,40.010724181746255,40.14625605244483,12714000
2013-12-10,40.445858001708984,40.70978964295116,40.196190582249734,40.29605918271811,14543700
2013-12-11,39.9964599609375,40.49579209291391,39.91799313319448,40.3317263263336,17836100
2013-12-12,40.16764831542969,40.37451212779965,39.88231497809541,39.982180829820294,15325300
2013-12-13,40.06779098510742,40.345992291581474,39.97505993742387,40.21045769380513,11461300
2013-12-16,40.24612045288086,40.61705277719683,40.18192329632976,40.189055406677355,26379200
2013-12-17,39.74679183959961,40.4173217916239,39.70399101328875,40.4173217916239,18338500
2013-12-18,40.8310546875,40.852453739947784,39.51852595493032,39.83239051577532,27685900
2013-12-19,40.82392883300781,41.04506240111185,40.53146326029811,40.73119505010721,16790000
2013-12-20,41.15919494628906,41.373193679714454,40.8025294835329,40.80966159548575,22001700
2013-12-23,41.54438400268555,41.651381982308855,41.23051673171912,41.35178437399456,13990600
2013-12-24,41.55152130126953,41.580055187855024,41.401722478407514,41.42312153277603,4532600
2013-12-26,41.51586151123047,41.701326359485215,41.31612699640812,41.62285952021304,6677000
2013-12-27,41.47305679321289,41.62285562445278,41.41599173799161,41.49445584877821,8943700
2013-12-30,41.33753204345703,41.565797746037525,41.16633140595075,41.47306395400738,8815800
2013-12-31,41.7155876159668,41.7655205575774,41.40885513399238,41.515855849524385,11017400
2014-01-02,41.7945671081543,42.002786708155405,41.62224951700345,41.86636838691609,15627600
2014-01-03,42.11766815185547,42.325887762419505,41.79456922838348,41.85201025430688,14214100
2014-01-06,42.36178207397461,42.699241214414066,42.23972401658756,42.476661373431234,17550700
2014-01-07,41.873538970947266,42.6705152065191,41.72276042338994,42.569996174814214,17851200
2014-01-08,42.2684326171875,42.29715312055544,41.8591750304773,42.031495311746944,14687400
2014-01-09,42.1894645690918,42.36178489923869,41.88072865659894,42.34742464348155,13242500
2014-01-10,41.99560546875,42.18946206260744,41.77302562614601,42.124842285008775,12694900
2014-01-13,41.42839050292969,42.12484510936793,41.3063296975312,42.00996580137223,20711600
2014-01-14,41.457122802734375,42.06024002593908,41.3278832021234,41.859199125577824,30272400
2014-01-15,42.7136116027832,42.82849092949432,41.44993627002174,41.44993627002174,35186600
2014-01-16,42.35459899902344,42.95053444829528,42.17509994073436,42.210999204604526,21689400
2014-01-17,41.7227668762207,42.52692199316833,41.66532585554085,42.51256173799837,20997900
2014-01-21,41.765838623046875,41.95969793028554,41.34222348444981,41.708400349941826,19548300
2014-01-22,41.34939956665039,41.8807179379274,41.22733879342353,41.8807179379274,15433500
2014-01-23,40.54526138305664,40.99759718539897,40.358580767761154,40.99041842585953,26234600
2014-01-24,39.554420471191406,40.46627619756374,39.554420471191406,40.2077970639226,26833100
2014-01-27,39.554420471191406,40.06419724090654,39.26722082515929,39.54724171256307,23935000
2014-01-28,40.0211067199707,40.4519033156209,39.66210864394955,39.76980642339312,18041000
2014-01-29,39.87031936645508,40.11443813048028,39.38208183840469,39.46106184131542,25459000
2014-01-30,40.207801818847656,40.48782000042723,39.9421438951618,40.25806135200609,17031100
2014-01-31,39.74828338623047,40.28678071663148,39.6190438078191,39.84880244967508,18174000
2014-02-03,38.99439239501953,40.15036450359956,38.91541233876326,39.848807276736785,28549900
2014-02-04,39.45389938354492,39.74109627583782,39.20259902148263,39.2887605542153,20709300
2014-02-05,39.64057159423828,39.812891896280746,39.1882359368861,39.56159156992458,19491600
2014-02-06,40.55242919921875,40.60268871924944,39.633394845585194,39.74109264324876,20881600
2014-02-07,40.652950286865234,40.8755301288822,40.394471177152255,40.67449203863369,23388500
2014-02-10,40.73910903930664,40.868345846415856,40.48780870468593,40.76064805066844,14715200
2014-02-11,41.23453521728515,41.33505427931164,40.62423934701635,40.645778363468025,18774100
2014-02-12,41.29915237426758,41.43557070133483,41.040673237560064,41.169912805913825,13437900
2014-02-13,41.66532897949219,41.71558850688607,40.897073073398445,40.97605311328565,16605500
2014-02-14,41.75149154663086,41.80892983409518,41.46429189249258,41.56481094975931,13067300
2014-02-18,41.99560546875,42.110484769043346,41.57198753536729,41.65814632585266,14983800
2014-02-19,41.112457275390625,42.03149418598347,41.08373951172982,41.902254663227254,18669900
2014-02-20,41.34222412109375,41.622242211771194,41.11964430440587,41.30632211854475,12457000
2014-02-21,41.36376953125,41.52890836056025,41.19144920474353,41.34940927579624,16790100
2014-02-24,41.66532897949219,41.80892880301992,41.34223280022831,41.3709505737828,16151400
2014-02-25,40.947322845458984,41.62941979050811,40.86834282438807,41.57198151814447,17991800
2014-02-26,40.74629592895508,41.19863443039968,40.36575871127727,41.191452932553545,23661700
2014-02-27,40.70322036743164,40.84682021440259,40.30832284246597,40.767840161621606,16277500
2014-02-28,40.79655838012695,41.24889691396976,40.48781968516399,40.61705926626193,18599000
2014-03-03,40.35856628417969,40.50934483085018,39.98520792651595,40.42318605260107,19151000
2014-03-04,41.112457275390625,41.184258531887345,40.66730044086249,40.8898802275955,17157000
2014-03-05,41.75865936279297,41.85199963676934,41.18426294397331,41.27042172206171,17761500
2014-03-06,42.28999328613281,42.42641162976167,41.93099505021976,42.00997236141173,19420600
2014-03-07,42.64899826049805,42.9361952512415,42.41205807266858,42.61309624008295,18602200
2014-03-10,42.505393981933594,42.70643212847234,42.26845381870778,42.46231320527272,16945200
2014-03-11,41.78020095825195,42.68487777045199,41.73712293601084,42.663336020393096,19420000
2014-03-12,41.58634948730469,41.61507000017625,41.22735129322669,41.42839214438879,17932100
2014-03-13,41.22734832763672,41.88790638147279,41.06220949891237,41.643787517502304,17192500
2014-03-14,40.782188415527344,41.30632537458747,40.65294886519049,41.00476824976047,18635800
2014-03-17,41.34222412109375,41.42838290154722,40.96168425779265,41.07656354471001,13581400
2014-03-18,41.686866760253906,41.75866529570541,41.37094663081473,41.514546440656304,12554800
2014-03-19,41.85917282104492,42.31151113893146,41.56479452440653,41.636595779036504,21450700
2014-03-20,43.15875625610352,43.43159560578437,41.7371239692481,41.902262782783296,33736500
2014-03-21,43.20183944702149,43.94137755654259,43.0797813811322,43.76905722588502,35144100
2014-03-24,43.84803771972656,43.9341965164828,43.331079461311575,43.345439717260746,25810500
2014-03-25,43.74751663208008,44.142414066027634,43.48185875672461,43.87675619067217,24053500
2014-03-26,43.00798034667969,44.084974818744065,43.00079884972699,43.970095517948074,22745200
2014-03-27,43.022342681884766,43.47468117772361,42.3761475696253,43.03670293846016,24632600
2014-03-28,43.1085090637207,43.50340657761685,42.85002989420637,43.23056714991403,14708700
2014-03-31,43.58955383300781,43.81213366751865,43.51057380337692,43.675715359298856,15216700
2014-04-01,43.56083679199219,44.0059964964517,43.345438436994286,43.76187763040376,14584400
2014-04-02,43.6981086730957,43.9076406112228,43.495803494877165,43.61863085130947,14012200
2014-04-03,43.82816696166992,43.92931956040844,43.553607939235675,43.820942957275,11925200
2014-04-04,43.21403121948242,44.11718349809908,43.20680445778036,44.08828196369486,16966900
2014-04-07,42.6287841796875,43.35130594544491,42.513180807414386,43.127323205827466,18685700
2014-04-08,42.52040100097656,42.643231123370235,42.08688908286119,42.48427546716721,16956500
2014-04-09,42.8238639831543,42.9539181172228,42.26752191101722,42.70103385377773,15308400
2014-04-10,41.47275161743164,42.91056842804835,41.45830085096792,42.88166689512091,29977200
2014-04-11,39.9554557800293,40.49734714076081,39.41356441929779,39.86875393404882,47241300
2014-04-14,39.70980072021485,40.417871811487856,39.36299055854248,40.35284473391165,31081500
2014-04-15,39.59419631958008,40.20111477602322,39.26906094002088,39.803728314874014,26691400
2014-04-16,39.926551818847656,39.991578888430546,39.5147146302233,39.73869737127588,27049400
2014-04-17,39.89763641357422,40.15051782532895,39.74590481032071,39.98433821814717,17955400
2014-04-21,39.760372161865234,40.03493120648314,39.731473385749,39.926551838391326,12384800
2014-04-22,40.32394027709961,40.51902148236297,39.69534436362816,39.76759819309706,16257600
2014-04-23,40.49734878540039,40.5479250939598,40.14331462548456,40.31671832448763,11379000
2014-04-24,40.598487854003906,40.64906414568501,40.17942675776034,40.51178603343648,15360600
2014-04-25,40.24446487426758,40.71410239128192,40.20111257396699,40.68520361395013,15937700
2014-04-28,40.09273147583008,40.24446037561851,39.507487890101146,40.193884075689034,21394100
2014-04-29,40.533470153808594,40.68520182006958,40.15053449807779,40.2661378709136,13453400
2014-04-30,40.4467658996582,40.714098166600714,40.25891146358549,40.63462309193257,14388100
2014-05-01,40.2588996887207,40.59848292647768,40.09994407347222,40.40340178672749,12744600
2014-05-02,40.15775680541992,40.72854684512797,40.05660145373095,40.33838722770511,15153800
2014-05-05,39.17513275146485,39.55084441699568,38.79942108593401,38.92947523001014,25232300
2014-05-06,38.53931427001953,39.05953086619682,38.52486350276994,39.04508009894723,25327400
2014-05-07,39.05229568481445,39.102871981182794,38.46705489649467,38.69103485006834,18502600
2014-05-08,39.27627944946289,39.39910681359875,39.059523494033925,39.16067608948734,16090800
2014-05-09,39.023406982421875,39.24016575947309,38.78497618634882,39.1751386775982,12366500
2014-05-12,39.48581314086914,39.521938675665766,39.03784768954576,39.21125411525185,12825500
2014-05-13,39.464134216308594,39.61586586699923,39.37743238462932,39.5508388041894,12310700
2014-05-14,39.27627944946289,39.52193693393612,39.23292715589649,39.47858464036972,10325800
2014-05-15,38.662132263183594,39.160673965451466,38.54652890947826,39.160673965451466,19763000
2014-05-16,38.51764297485352,38.662145147991936,38.271985421835005,38.597118067598736,19992400
2014-05-19,38.893341064453125,38.95114136222079,38.33699907290761,38.35144983639986,12068900
2014-05-20,38.813865661621094,39.04507237949958,38.58988294783816,38.813865661621094,16888200
2014-05-21,39.10288619995117,39.44969639667196,39.00173357043291,39.052309885192045,13210200
2014-05-22,39.4135627746582,39.4496883126258,39.03062711103829,39.13900372494109,11800900
2014-05-23,39.399112701416016,39.442465001460995,39.131780408310114,39.41356346809767,10876500
2014-05-27,39.83984375,40.04937569214462,39.51470845291376,39.55806074459239,14503700
2014-05-28,40.0638427734375,40.17221941247216,39.73870734392849,39.80373442983029,11374900
2014-05-29,40.2588996887207,40.40340178672749,40.02046626584798,40.280574452181554,11741000
2014-05-30,40.15053939819336,40.37452216623671,39.962684927984405,40.157766160241096,11991900
2014-06-02,39.99158477783203,40.208343545830736,39.753153991716566,40.208343545830736,9440000
2014-06-03,40.17220306396485,40.215555355657536,39.80371823128181,39.80371823128181,9131500
2014-06-04,40.23001480102539,40.26614034046435,39.91933020068679,40.11441142109954,9727800
2014-06-05,40.91640853881836,40.93808330989774,40.0927341633799,40.39619198329856,16803400
2014-06-06,41.16206359863281,41.27766696450663,40.93085686688517,41.010331941509584,15399800
2014-06-09,41.48720169067383,41.66783214614949,41.11149276874222,41.118716774232354,11999700
2014-06-10,41.834022521972656,41.862921305614165,41.46553477946745,41.52333785915553,11609200
2014-06-11,41.37881851196289,41.754530130540736,41.169286555336505,41.53054740902272,14232200
2014-06-12,41.212646484375,41.48720279957108,41.089816338143414,41.234321257626775,11670200
2014-06-13,41.212646484375,41.667833259874755,41.097043100028735,41.20541972248968,12040800
2014-06-16,41.08980941772461,41.1476124782635,40.69964978389364,41.07535865258989,11199100
2014-06-17,41.48720169067383,41.61003183362233,40.952537085938985,41.032014927340605,11200500
2014-06-18,41.747310638427734,41.76898816764016,41.147618950123864,41.39327648364886,13729400
2014-06-19,41.40048599243164,41.6822689677053,41.33545893996841,41.6822689677053,11624400
2014-06-20,41.58111953735352,41.74007517901632,41.436614659132914,41.68227212524755,17124800
2014-06-23,42.043548583984375,42.06522611531292,41.35715498043264,41.573911000301734,16007700
2014-06-24,41.48720169067383,41.99296751724609,41.40049984378207,41.81956382346259,12322900
2014-06-25,41.56667709350586,41.718408761917395,41.08981282927412,41.34269710582544,14836600
2014-06-26,41.465518951416016,41.53777277344569,40.89472616028831,41.42939341850192,11854400
2014-06-27,41.56667709350586,41.68950722924835,41.35714787215996,41.422174942564375,10178600
2014-06-30,41.63169860839844,41.74730196744614,41.458294947927634,41.50164448494459,11549000
2014-07-01,41.88636016845703,42.1919421460769,41.529851099281714,41.58078096630676,14472200
2014-07-02,41.44981384277344,41.82087466486793,41.34067683749718,41.66808507785663,19189900
2014-07-03,41.508018493652344,41.944563742268706,41.47164041680165,41.63898179069032,12599800
2014-07-07,41.231544494628906,41.46437031724386,41.03510230366915,41.39161138034242,13916100
2014-07-08,40.56944274902344,41.086021350827146,40.474860319166474,40.99871064954067,18343400
2014-07-09,40.75861358642578,40.83136972945736,40.460308959246014,40.656753875994,10914300
2014-07-10,40.423946380615234,40.60583958337552,39.98740102870854,40.06015997509466,12436600
2014-07-11,40.59854888916016,40.678582316010626,40.15472917696692,40.22748809931693,10230000
2014-07-14,40.955055236816406,41.355219542512984,40.88957360312288,41.12967107635333,14004400
2014-07-15,42.39565658569336,42.70123575159936,42.02459299798549,42.16283357105948,36178000
2014-07-16,42.71577453613281,42.91221941534141,42.42474724415108,42.57025950240774,20507500
2014-07-17,42.09735107421875,42.824923674117535,42.02459214894735,42.60665244924174,17013500
2014-07-18,42.366554260253906,42.54844741924975,42.12645673362346,42.43931318913385,12803300
2014-07-21,42.37383270263672,42.49751872191969,42.12645788860135,42.286521985586994,9141400
2014-07-22,42.68668746948242,42.78127269427405,42.46841622228363,42.504794300905175,10375200
2014-07-23,42.92678451538086,43.06502231380382,42.577549991362886,42.75216586563723,11122100
2014-07-24,43.05045700073242,43.18142025302056,42.91949652391269,42.97770087189163,9844100
2014-07-25,42.93406295776367,43.12323341029016,42.81037693343211,42.86858130503827,10500600
2014-07-28,43.065032958984375,43.115962832859445,42.68669477057674,42.88313975929628,12382800
2014-07-29,42.664852142333984,43.02136389845402,42.51933708319378,43.02136389845402,13498800
2014-07-30,42.86131286621094,43.1305140208664,42.64304158472083,42.94134631703363,11815700
2014-07-31,41.9591064453125,42.69395625439239,41.95183194122361,42.67212996665679,15955900
2014-08-01,41.093299865722656,41.82814974152872,40.7222390631795,41.75539081668846,23915400
2014-08-04,41.216983795166016,41.45708128018422,40.99143531793291,41.40615142652978,13543900
2014-08-05,40.7877197265625,41.18060680937137,40.45303423128729,41.05692080332226,16863300
2014-08-06,40.911399841308594,41.24608251291987,40.620372517264805,40.66402508936358,12190600
2014-08-07,40.678585052490234,41.2460908076514,40.511243683031665,41.20243822677395,11743800
2014-08-08,40.99143600463867,41.00598778813641,40.48213468409345,40.66402781461182,12213200
2014-08-11,40.97688674926758,41.16605717094041,40.86774975403563,41.13695360214935,9066800
2014-08-12,40.99871063232422,41.14422569227164,40.838646564304085,40.911402706543335,11289600
2014-08-13,41.26791763305664,41.35522556554074,41.11512528187305,41.24608856833377,7012600
2014-08-14,41.457088470458984,41.47164025623679,41.25336902050836,41.304298882996015,8275900
2014-08-15,41.28974914550781,41.835428649633464,41.02782253945238,41.64626097607648,12727400
2014-08-18,41.638973236083984,41.78448828906046,41.29701327790958,41.36977219213221,8881400
2014-08-19,41.87908172607422,41.99549323625601,41.71901485877324,41.90818252201767,9040500
2014-08-20,41.93728256225586,42.090072136103885,41.75538941944561,41.77721570843273,8121400
2014-08-21,42.56299591064453,42.75944084021149,41.908179478754654,41.95183483270369,12745500
2014-08-22,42.555721282958984,42.98498921474086,42.43930978156742,42.51934043370546,10228600
2014-08-25,43.174171447753906,43.53068335239518,42.82493682560922,42.91224478727788,13996800
2014-08-26,43.465187072753906,43.61797664816835,43.21053500492738,43.34149829113093,10281100
2014-08-27,43.35605239868164,43.6179789851222,43.31239704245179,43.545220058072445,11410900
2014-08-28,43.04319763183594,43.19598722140279,42.788548315891184,43.10867928100307,9096100
2014-08-29,43.25419235229492,43.3997074298352,43.09412548945369,43.174158920874305,8897900
2014-09-02,43.41425704956055,43.443360620571305,43.03592172829783,43.261467464957995,8671100
2014-09-03,43.43609619140625,43.923568629303446,43.26147750030476,43.668919262561616,11791800
2014-09-04,43.4433479309082,43.756204289216306,43.23962854427725,43.38514358135728,9811900
2014-09-05,43.58887481689453,43.58887481689453,43.08685071674348,43.377878094545984,9600900
2014-09-08,43.57432174682617,43.814422032516006,43.46518752416919,43.53794367260718,8090000
2014-09-09,42.97043991088867,43.42153415788979,42.76671769009036,43.38515608200522,14868700
2014-09-10,43.08684921264648,43.334224001651215,42.86857521757768,43.0359193539222,9153800
2014-09-11,43.47972869873047,43.537935827367654,42.90494856851586,43.057738117985494,11467000
2014-09-12,43.676177978515625,43.95265631635546,43.47245855877519,43.50883663009042,14359100
2014-09-15,43.610694885253906,43.647075730824525,43.254185912600086,43.4942833956469,10685600
2014-09-16,43.64707565307617,43.799865212512785,43.377871828771084,43.44335346502518,10947900
2014-09-17,43.87990188598633,44.08362131367621,43.52339011206,43.6179753215456,15091800
2014-09-18,44.61475372314453,44.672960866126736,44.047247956414715,44.047247956414715,16973700
2014-09-19,44.46196746826172,45.00036970385146,44.36738224156153,44.92033903945697,18739300
2014-09-22,44.31645202636719,44.70934194144044,44.23641858713343,44.33827831871475,13225200
2014-09-23,44.33827590942383,44.67296143489399,44.214589892215905,44.25096796930827,14328800
2014-09-24,44.84029769897461,44.84757220337618,44.39647799281414,44.5128894915227,13728200
2014-09-25,43.76347732543945,44.74569887344985,43.76347732543945,44.7384243712618,16340100
2014-09-26,44.06178665161133,44.29460960343088,43.88716805001241,43.89444532845781,11948900
2014-09-29,43.89445877075195,44.01814478751637,43.45791352080075,43.676184758041664,10686500
2014-09-30,43.828983306884766,44.19276967877784,43.74894986099312,43.94539483487176,14384800
2014-10-01,43.48701858520508,43.945390141972695,43.45791501244885,43.82897862641721,18995800
2014-10-02,43.09879684448242,43.57490635569605,42.93032805591238,43.32586493038202,24559100
2014-10-03,44.168216705322266,44.23413952942358,43.252623478453366,43.39911895358615,18321100
2014-10-06,44.080326080322266,44.53445959558218,43.94848041554211,44.519809766810035,11578000
2014-10-07,43.413761138916016,43.88986785658326,43.35516184150991,43.88986785658326,14542000
2014-10-08,44.2414665222168,44.26343986586649,43.3478466248783,43.479692275114104,15834100
2014-10-09,43.27459335327149,44.19018644763656,43.13542141466023,44.19018644763656,19189500
2014-10-10,42.86441802978515,43.816634542086504,42.85709171834941,43.23797888210377,16689400
2014-10-13,42.600711822509766,43.32586272207672,42.56408866062961,42.84975323513024,17169300
2014-10-14,42.4762077331543,42.86441841768841,41.06253138352697,41.52398841806668,29096800
2014-10-15,40.67430877685547,42.02938830121054,39.74406581086631,41.76569702969632,37866900
2014-10-16,40.34470748901367,41.0039330371496,39.758725498445,40.10298949877871,31965100
2014-10-17,41.16506576538086,41.589899504936405,40.70360606699727,40.82080187040931,20183500
2014-10-20,41.48003387451172,41.56793003671553,41.06984712727955,41.09182046928835,10807600
2014-10-21,42.4322395324707,42.49083602779814,41.80963744950613,41.91950692605804,14020400
2014-10-22,42.08067321777344,42.67397595263373,42.07334690583951,42.512833414288245,13750700
2014-10-23,42.527469635009766,42.923003733620874,42.43957068494648,42.571416315872995,12641900
2014-10-24,43.02555847167969,43.05485533159267,42.48352604784191,42.48352604784191,13758000
2014-10-27,42.95230484008789,43.062177134308385,42.66664022811681,42.8131356890213,11087100
2014-10-28,43.677459716796875,43.72140640305622,43.07683078845662,43.12077747471596,13625000
2014-10-29,43.42842102050781,43.78733202064848,43.040207570709896,43.67013619286413,16712100
2014-10-30,43.50166702270508,43.71408533207029,43.15740305884896,43.17205288647784,14709800
2014-10-31,44.3000602722168,44.34400975094243,43.853250351429814,44.03636898820031,18347600
2014-11-03,44.59305191040039,44.7908203765247,44.21216480462417,44.527129088358954,11841200
2014-11-04,44.131595611572266,44.219491783120134,43.52364033912463,44.124272094846994,15295800
2014-11-05,44.79082107543945,44.84941758807469,44.23413883747673,44.53445329942521,14063800
2014-11-06,44.849422454833984,44.90802176799676,44.40993878278936,44.73955293390735,10421600
2014-11-07,45.02521896362305,45.08381548439122,44.578408966818095,44.73222797727481,12384600
2014-11-10,45.36215591430664,45.36215591430664,44.82744974784261,44.86407292200635,10801000
2014-11-11,44.95196533203125,45.33285245858925,44.89336881711324,45.20100680731267,12539800
2014-11-12,44.3586540222168,44.56374597558242,44.11693611074877,44.25610525136568,17219600
2014-11-13,44.11695098876953,44.409941987387384,43.94115862493422,44.314719493711195,12240400
2014-11-14,44.153560638427734,44.40260207270726,44.08031430829721,44.13158729822226,6803400
2014-11-17,44.22681427001953,44.33668377641246,43.867900509797806,43.94847315765383,9017600
2014-11-18,44.33668899536133,44.549107311227935,44.09497381750923,44.20484333683509,8897800
2014-11-19,44.387962341308594,44.5271343120389,44.05835098660191,44.27809282112937,9210100
2014-11-20,44.03636932373047,44.13159179794389,43.7653545216124,44.09496862914447,10917300
2014-11-21,44.278079986572266,44.73221335218197,44.16820770407188,44.73221335218197,12340500
2014-11-24,44.65164566040039,44.90801341655784,44.46120351637555,44.46120351637555,8335000
2014-11-25,44.168216705322266,44.79814529247509,43.91185171946649,44.79814529247509,14802600
2014-11-26,44.19751739501953,44.36598621741148,44.09497139827389,44.36598621741148,7626600
2014-11-28,44.065677642822266,44.35866863917738,43.97045514988147,44.24147279946918,6759600
2014-12-01,43.94847106933594,44.10229004747816,43.61885697748221,43.93382124367926,12771600
2014-12-02,44.73955154418945,44.82012140603201,43.94847760607894,43.95580112291228,12546600
2014-12-03,45.07648086547851,45.135077371815285,44.541774822126456,44.651644319321065,12115500
2014-12-04,44.959285736083984,45.0984548856282,44.563748834219176,44.75419097539382,11515200
2014-12-05,45.92616271972656,46.18985405001406,45.32553370925798,45.42075340528581,20071100
2014-12-08,45.9041862487793,46.26310006667853,45.60387174570815,45.85291324538928,15528200
2014-12-09,45.743038177490234,46.036026333614465,45.0911362469655,45.30355175205072,19676400
2014-12-10,44.44655990600586,45.58922131244485,44.219491769228874,45.5306220019854,29620600
2014-12-11,44.78349304199219,45.45737107346715,44.76151969987048,44.8054663841139,16886200
2014-12-12,43.9777717590332,44.84209193400491,43.9191724550229,44.33668271650618,17405400
2014-12-15,43.33319854736328,44.54178279193357,43.06218371945543,44.49050979190152,19209900
2014-12-16,42.79849624633789,43.84593527378397,42.56410456969519,42.79116993472264,20709700
2014-12-17,43.78001022338867,43.82395970834734,42.732571248977344,42.90104008339866,17856400
2014-12-18,45.03253555297851,45.03253555297851,44.27076134100181,44.417256811638666,18173400
2014-12-19,45.36215591430664,45.66979393028495,44.95196909883314,44.97394523866665,22756400
2014-12-22,45.36946868896485,45.65513608580796,45.1277535613818,45.530613970132485,17073400
2014-12-23,45.76502990722656,46.12394382582327,45.36216928434816,45.45006548708147,13552600
2014-12-24,45.76502990722656,46.05069466173725,45.61121085390079,45.95547493968029,7412500
2014-12-26,45.8162841796875,46.06532564734709,45.71373818609274,45.904180346458894,6086500
2014-12-29,46.116600036621094,46.39494116633183,45.59654374244831,45.72106308295355,10601200
2014-12-30,46.25577926635742,46.35099896729235,45.830942591407315,45.94081491607904,7518100
2014-12-31,45.8382568359375,46.50480853785261,45.8382568359375,46.36563659068413,18529400
2015-01-02,46.0667839050293,46.41325963485564,45.75716412425702,45.83825508617698,12600000
2015-01-05,44.63665390014648,45.9119865473342,44.4007543822935,45.74980738640032,20100600
2015-01-06,43.47925567626953,44.78407600600029,43.01482743399242,44.70298504806299,29074100
2015-01-07,43.54560089111328,44.150093520639714,43.2507252030864,44.150093520639714,23843200
2015-01-08,44.51870346069336,44.89467024487346,44.20908640279824,44.20908640279824,16971100
2015-01-09,43.744651794433594,44.81357289846705,43.70779302784147,44.76197006280935,15396200
2015-01-12,43.36869430541992,43.78889049358263,42.95586874681093,43.70042606607381,15455200
2015-01-13,43.37604904174805,44.010029812546904,43.029570524650296,43.685665988151385,21644700
2015-01-14,41.87956619262695,43.37605389185952,40.74429830458822,43.37605389185952,49602300
2015-01-15,40.53788757324219,41.73212893649046,40.176664944653595,41.08340401787389,42458100
2015-01-16,41.2308464050293,41.28244924160981,40.27987502437058,40.29461909369983,29368900
2015-01-20,41.06865310668945,41.56994007679624,40.854868378702726,41.311925965186674,23477700
2015-01-21,41.20135116577149,41.59205909315939,40.685320076754905,40.876990132859184,21842400
2015-01-22,42.454566955566406,42.55777260664854,41.252952277660675,41.56257204305016,31423500
2015-01-23,41.783729553222656,42.66098044453174,41.76898548629185,42.550404160765495,15458300
2015-01-26,41.85007858276367,42.01226051513092,41.429882496306135,41.58469098876031,12577700
2015-01-27,41.42987823486328,41.732124560913114,41.10551440349258,41.319299144688166,15220500
2015-01-28,40.360965728759766,41.78373606983183,40.360965728759766,41.73950386214093,24354400
2015-01-29,41.03917694091797,41.20135889386601,40.30936377693923,40.7443039862732,20393300
2015-01-30,40.08820724487305,40.91385543195553,40.08083380422901,40.53789151127536,26943700
2015-02-02,40.89174270629883,41.024436522854145,40.00711819997796,40.19878548381132,20308900
2015-02-03,41.81321716308594,41.85744655118087,41.18660698102358,41.21609511451566,18812500
2015-02-04,41.56256866455078,42.07122625159819,41.48884833966814,41.5183364696212,14934100
2015-02-05,41.85007858276367,42.0491192782662,41.621549751895586,41.91642548126451,11293900
2015-02-06,42.67573547363281,43.29497238307493,42.41772126642524,42.57252979074978,25214000
2015-02-09,42.62413787841797,42.83054926958937,42.189197581203736,42.32926205204943,14372400
2015-02-10,43.0959358215332,43.28023250514785,42.79368937289096,43.06644767724025,16367300
2015-02-11,43.02957534790039,43.24336010846216,42.63886740160313,42.8010493319801,13061900
2015-02-12,43.914207458496094,44.01741313706887,43.1622767561381,43.44240846379551,23211300
2015-02-13,43.98793029785156,44.39338524416862,43.744660142205504,43.83312176133642,16479100
2015-02-17,44.30491638183594,44.33440452264511,43.72991169677654,43.75939983758571,15308800
2015-02-18,43.76676940917969,44.30491531129635,43.58247275179136,44.30491531129635,14278100
2015-02-19,43.66354751586914,43.847844104816154,43.34655715790886,43.60457406972034,11256500
2015-02-20,44.08375549316406,44.15010239570003,43.01483442437065,43.464518673542905,15379000
2015-02-23,43.752010345458984,43.88470411827635,43.3465584005805,43.86258942685441,16814000
2015-02-24,44.835693359375,45.15268385467321,44.29017679454367,44.415497179494864,22937700
2015-02-25,45.07158279418945,45.16741782793793,44.78408050508739,44.791451132848024,18307900
2015-02-26,45.39595031738281,45.48441191835718,44.90203385331009,44.990495454284456,15444800
2015-02-27,45.1747932434082,45.64659221010537,45.06421694241936,45.06421694241936,15225900
2015-03-02,45.536014556884766,45.58024676325299,44.99049526025106,45.17479190190326,13047300
2015-03-03,45.68344497680664,45.69818904318972,45.33696644716204,45.44754553896359,13706900
2015-03-04,45.8014030456543,45.830888371652726,45.22639560045862,45.440180383773125,16625500
2015-03-05,45.70554733276367,45.875099832186194,45.41067170898567,45.85298514465267,10931300
2015-03-06,44.88728332519531,46.34691218587861,44.82093643097593,45.82351047156078,22719200
2015-03-09,45.336971282958984,45.43280631859954,44.820940153081985,44.850428288993456,13001500
2015-03-10,44.20170211791992,44.975747384918805,44.20170211791992,44.79145075886463,16357700
2015-03-11,44.40812301635742,44.71036941664384,44.20170885147475,44.327032038597494,13015600
2015-03-12,45.24113845825195,45.30011473295706,44.71036604662381,44.71036604662381,18159600
2015-03-13,44.9683723449707,45.60235312633449,44.54817630376783,45.26324804258184,16506200
2015-03-16,45.59498977661133,45.64659261329065,45.15267894446183,45.33697559321474,15182900
2015-03-17,45.418060302734375,45.454919064971186,44.90939982257919,45.21901961208365,11718300
2015-03-18,45.52127456665039,45.74242999401912,45.03473150158167,45.25588692895039,15697900
2015-03-19,45.11581039428711,45.447544852538215,44.79144656304466,45.38856858789665,11523800
2015-03-20,45.52127456665039,45.77928876322327,45.07896371191294,45.20428408963581,18368300
2015-03-23,45.07158279418945,45.764539913710706,45.056838726524816,45.521267015459195,15112900
2015-03-24,44.5703125,45.145320106542584,44.56294186946811,44.94627933644835,12128700
2015-03-25,43.94369125366211,44.70299250992163,43.92894718501759,44.62190153844856,14950900
2015-03-26,43.892086029052734,44.07638265885681,43.39816959886325,43.8331097576866,14039600
2015-03-27,43.89946365356445,44.069016242550155,43.494011565803525,43.855234255134,11755800
2015-03-30,44.93888854980469,45.30748180131977,44.68087439860146,44.87991509187681,20656500
2015-03-31,44.65875625610352,44.92414101450843,44.54080372506606,44.76196190861817,17346700
2015-04-01,44.48807907104492,44.9481718342581,44.32481916149013,44.82943812662776,18100600
2015-04-02,44.91106796264648,45.04464373723175,44.52518270615958,44.57712852618331,12697800
2015-04-06,44.873966217041016,45.08174950642979,44.26545558597247,44.46581642597735,12025200
2015-04-07,45.15595626831055,45.638313560224134,45.15595626831055,45.37858445278449,11505500
2015-04-08,45.30438232421875,45.68284804174045,45.22275235256366,45.31180477482492,11734000
2015-04-09,45.616058349609375,45.69768831805973,45.14112343953677,45.46764048250285,11728500
2015-04-10,45.7867431640625,45.846108619221326,45.41569986910387,45.52701115909005,9869700
2015-04-13,46.06129455566406,46.20971237584136,45.63830560820115,45.74219723307492,15468700
2015-04-14,46.781131744384766,47.20412080578345,46.55850636956997,46.721763467988694,33775400
2015-04-15,47.649375915527344,47.84974245128082,46.75887150394811,46.8108201659658,28732200
2015-04-16,47.352542877197266,47.69389917349198,47.24122876447263,47.55290658160033,16640500
2015-04-17,46.63271713256836,47.048286603782856,46.372987982331445,46.93697249320393,20221200
2015-04-20,46.9295539855957,47.137337310708865,46.855343633172794,46.91471191511113,12755300
2015-04-21,46.239410400390625,47.19669982497671,46.105834605176696,46.99633896299113,14985100
2015-04-22,46.70690155029297,46.862741794189056,46.03160326285668,46.49169871689803,14484700
2015-04-23,46.603023529052734,46.90727882790596,46.45460568869717,46.59560391091064,12851300
2015-04-24,46.454612731933594,46.63271473353026,46.26167149180288,46.47687725140523,9597500
2015-04-27,46.26165771484375,46.86274860653484,46.239396032837035,46.52880922226201,11146400
2015-04-28,46.573333740234375,46.58817580555141,45.83866990746563,46.37297293554072,12307800
2015-04-29,47.19669342041016,47.41189915358878,46.35071538607758,46.424925723812414,17601200
2015-04-30,46.94438934326172,47.40448499773048,46.6920798275591,47.18185962054235,16840900
2015-05-01,47.20411682128906,47.39705804161968,46.99633353311225,47.27090471117946,11640100
2015-05-04,48.02783203125,48.13914612200188,47.22637737184025,47.256061506818746,14972500
2015-05-05,47.79037094116211,48.47308915105872,47.70874097457985,47.87200090774438,17692400
2015-05-06,47.43416595458984,48.287566530140445,47.06312271840875,47.88683915566441,18087900
2015-05-07,47.86457061767578,47.93877812195841,46.93696265996889,47.24863757495768,15039900
2015-05-08,48.59925079345703,48.71798736936746,47.938794159552074,48.21336824509127,16802600
2015-05-11,48.569557189941406,48.71055543095595,48.29498881954945,48.42856461059732,13798800
2015-05-12,48.50276565551758,48.63634142874791,48.05751496530638,48.46565907230427,12762200
2015-05-13,48.62150192260742,48.70313188539318,48.28014283353531,48.547294409621365,11874100
2015-05-14,49.01481246948242,49.11128167013994,48.76250013147537,48.85155254400792,11855500
2015-05-15,48.88864517211914,49.096434099428535,48.56213103825739,49.074166753821935,11152100
2015-05-18,49.28938293457031,49.378435350898854,48.82929293771593,48.82929293771593,10510900
2015-05-19,49.727195739746094,49.86077147655167,49.400676013850656,49.549090982893226,14282700
2015-05-20,49.33390045166016,49.742044525752014,49.27453218797323,49.68267626206508,12446000
2015-05-21,49.46005630493164,49.4823179895398,48.985121494392395,49.081590681584274,12934500
2015-05-22,49.32649230957031,49.59364391197492,49.21517819828991,49.44522320971076,9296900
2015-05-26,48.777339935302734,49.19290649369978,48.46565935483522,49.126115775860406,15571300
2015-05-27,49.32649230957031,49.46006811077262,48.844134935135834,48.94060414535438,10963700
2015-05-28,49.12611389160156,49.27453455795756,48.78475485148704,49.24485042468636,11797400
2015-05-29,48.81444549560547,49.14096534347021,48.50277054719109,49.111281206239745,14310700
2015-06-01,49.03707504272461,49.467486551898936,48.95544507851326,48.970284316701495,11899300
2015-06-02,48.99254608154297,49.26712011265391,48.666031885856654,48.85155350268746,12784200
2015-06-03,49.497161865234375,49.81625925175902,49.178064478709736,49.296801023309634,12927300
2015-06-04,49.22259140014648,49.75689450456286,48.985123982813626,49.207746501873906,13863300
2015-06-05,50.03146743774414,50.34314239004603,49.727214935260015,49.99436651199601,20801100
2015-06-08,49.63815689086914,50.12793661320837,49.57878862240322,50.06114589576679,14558700
2015-06-09,49.85335540771485,49.92014045382787,49.32647484003732,49.682673075977874,13263500
2015-06-10,50.65481948852539,50.832918640099024,50.06857055035597,50.157617295307816,17478900
2015-06-11,50.84775924682617,50.96649579218722,50.573190893601435,50.72902836313523,13739900
2015-06-12,50.64739990234375,50.862605650926305,50.36540909127193,50.6919232773366,11804700
2015-06-15,50.45444869995117,50.61770860071089,49.942412974995975,50.15019624444672,14082300
2015-06-16,50.736454010009766,50.84776245121269,50.17988915731332,50.29119759851624,11692800
2015-06-17,50.56576919555664,50.96649654960022,50.491561684438246,50.766135703413525,14521900
2015-06-18,51.04070281982422,51.07038695588394,50.38766881152051,50.72160543426978,16759600
2015-06-19,50.5212287902832,50.959056921457034,50.40249228318424,50.80321950214084,21606400
2015-06-22,51.17428970336914,51.419179632737446,51.018452201499656,51.10750462899848,14306700
2015-06-23,51.760528564453125,51.81247438815853,51.34496197480989,51.463692859706455,15736900
2015-06-24,51.218807220458984,51.77537208982577,51.137182915022166,51.582433678181474,16995000
2015-06-25,50.9442138671875,51.55272426625,50.93679142063356,51.441410214612304,13314300
2015-06-26,51.16685104370117,51.41916334418476,51.03327527560268,51.15943425667922,14489200
2015-06-29,49.868194580078125,50.654809868337814,49.83851611184391,50.224398477246325,19934400
2015-06-30,50.28376770019531,50.54349676473614,49.83851706645832,50.380236877976486,20677400
2015-07-01,50.8439826965332,51.08300222083879,50.6273703622133,50.88133181229266,13964400
2015-07-02,50.43315124511719,50.88878297750758,50.18666652488953,50.75433417616823,12822900
2015-07-06,50.29124450683594,50.38834421690672,49.70116388715764,49.95511960519239,13527100
2015-07-07,49.89537048339844,50.20908250861554,48.77496550875932,50.1119770969952,22421500
2015-07-08,48.87206268310547,49.41732891652338,48.70773571690626,49.2978163234061,17707200
2015-07-09,49.37998580932617,49.820675728001376,49.29035135359191,49.6638197044725,14984700
2015-07-10,50.08209991455078,50.34352657753456,49.917772955339885,50.20907776533235,12356100
2015-07-13,50.858917236328125,50.896266350848485,50.55267615222539,50.70953217559627,16175600
2015-07-14,51.56851577758789,51.613330160640174,50.612437614636725,50.776764617395585,20185100
2015-07-15,51.680545806884766,51.85980899743892,51.42658439648182,51.710423955089475,16891600
2015-07-16,51.9569091796875,52.24821400400163,51.84487324623909,52.009194514854805,18035700
2015-07-17,51.69547653198242,51.9046178484916,51.478864254548355,51.80004719023701,14040700
2015-07-20,51.732818603515625,52.11375207878521,51.67306232158886,51.91208175062324,11512900
2015-07-21,51.613319396972656,51.94197333395145,51.441527165314966,51.65813946935334,11659900
2015-07-22,52.34531784057617,52.50217384137154,51.68800999113964,51.74776628630186,15493000
2015-07-23,52.01667022705078,52.74119972244666,51.88222139596006,52.427487682793185,14331800
2015-07-24,51.471405029296875,51.95690927156286,51.299607099915306,51.86728052464563,12413900
2015-07-27,50.79916763305664,50.9560236595209,50.4705136545554,50.90373831736615,16801600
2015-07-28,50.829044342041016,51.2398561048261,50.61989728068665,51.202512689304584,14932400
2015-07-29,51.49382400512695,51.61333092793478,50.9112142220846,51.03072114489243,13059200
2015-07-30,51.56851577758789,51.87475689290411,51.19504738901788,51.48635227620846,10197200
2015-07-31,51.18756484985352,51.56850411567687,51.09046514230697,51.54609692921798,11911800
2015-08-03,51.18756484985352,51.41911337482748,50.79168935928226,51.2323792227713,9980600
2015-08-04,51.1352653503418,51.50126259135897,51.0232237504097,51.14273630998326,10964000
2015-08-05,51.336952209472656,51.85233456010448,51.20996866344573,51.57597168041495,11302900
2015-08-06,50.97842025756836,51.49380830792376,50.79168611743074,51.35188853784358,10803400
2015-08-07,50.829044342041016,51.34442678616592,50.455575994777455,51.03818570472066,11453300
2015-08-10,51.45647430419922,51.54610876929778,50.956028029418505,50.956028029418505,12661400
2015-08-11,50.9634895324707,51.090467393782845,50.679649961685534,50.9634895324707,14800300
2015-08-12,50.224029541015625,50.455583827363704,49.3501148404367,50.351013129790616,21069000
2015-08-13,50.4555778503418,50.642312030840955,50.02235318390177,50.231494554272835,11930600
2015-08-14,50.709529876708984,50.72447180130966,50.343532505435874,50.358468731362024,11248800
2015-08-17,50.8439826965332,50.9709605722354,50.34353645793634,50.50786344939799,10326500
2015-08-18,50.94855499267578,51.06059664482069,50.67218634387504,50.77676273157206,10617500
2015-08-19,50.492919921875,51.02324429652135,50.31365670900119,50.73941040124824,15198200
2015-08-20,49.25300979614258,50.07463905934696,49.25300979614258,49.90284110404264,20972300
2015-08-21,47.505165100097656,48.87953136342835,47.48275791460253,48.61809900285499,28235500
2015-08-24,45.002925872802734,46.9972450375756,37.39911177954241,44.28586748879475,36339100
2015-08-25,44.74897384643555,47.29602766678012,44.61452502371519,47.13170069471365,31772500
2015-08-26,46.98979568481445,47.042081034771016,45.227024316742046,46.16069535073481,33576800
2015-08-27,48.1624870300293,48.34922122870568,47.16158876181264,47.78901578333879,29045700
2015-08-28,47.90103912353515,48.147529553867216,47.50516366197535,48.02055170745627,16687300
2015-08-31,47.87863540649414,48.06536955839051,47.40806739523796,47.512638064406,14223400
2015-09-01,45.89924621582031,46.94495555429546,45.555656126721466,46.94495555429546,23637300
2015-09-02,46.735836029052734,46.98979465872674,45.96649202563051,46.77318229972936,17757900
2015-09-03,46.817996978759766,47.54999467155202,46.64620186355382,46.96738490265031,17065400
2015-09-04,45.93660354614258,46.25031556853195,45.37640106387255,46.160683969183154,20189000
2015-09-08,47.17652893066406,47.20640708698433,46.55657285837658,46.88522402988603,13385100
2015-09-09,46.44452667236328,48.0579070657576,46.3100778313575,47.75913407967395,13889500
2015-09-10,46.80304336547851,47.05700190241741,45.89925083817767,46.20549470483898,15751100
2015-09-11,46.72835922241211,46.80305174987133,46.30260554735252,46.59391039351568,12766700
2015-09-14,46.593902587890625,46.82545109382651,46.39969749009113,46.78810483635332,10202800
2015-09-15,47.490230560302734,47.72177908352969,46.69100577414224,46.87773992478954,14023500
2015-09-16,47.90851593017578,48.02055756660399,47.213864622730135,47.721781769020225,12235900
2015-09-17,46.79557418823242,48.28197626964314,46.6013690971113,47.908508009080506,21249200
2015-09-18,45.5183219909668,46.18309805498601,45.398812231578354,46.18309805498601,31008000
2015-09-21,45.89924621582031,46.24283630491916,45.62288052235702,45.95153154027725,13136400
2015-09-22,45.49591064453125,45.63035946772582,45.12991043709334,45.26435926028791,14811900
2015-09-23,45.29423522949219,45.675174493319254,45.0552157440598,45.41374497220838,11712200
2015-09-24,44.98052215576172,45.10003189564137,44.412848754330625,44.82366330708339,17293400
2015-09-25,45.9141960144043,46.20550084710675,45.46603232234602,45.76480811705154,18384300
2015-09-28,44.8012580871582,45.57060189330883,44.58464578370355,45.50337748359315,17452200
2015-09-29,44.696685791015625,44.9132980865935,43.86758571778353,44.80125645802923,19334900
2015-09-30,45.54072570800781,45.563132894364735,44.898359771963825,45.339052482784446,18743800
2015-10-01,45.876853942871094,46.212976051158485,45.21955165259528,45.65277348712536,16863200
2015-10-02,45.74894714355469,45.786562871261374,44.03364183514831,44.83110846405198,20435100
2015-10-05,46.65926361083984,46.82477626604346,46.05740332359429,46.07245018951246,13471100
2015-10-06,46.68183517456055,46.915057304935935,46.35833471335123,46.726975774925705,12134800
2015-10-07,46.74201202392578,47.41910365621849,46.46364935641734,47.057987545016566,12773100
2015-10-08,46.74201202392578,46.83229033425233,46.2153832855454,46.531358806636185,13964600
2015-10-09,46.5915641784668,47.05800564275136,46.328251142958614,46.93763355939093,12112000
2015-10-12,46.43357467651367,46.65174709665369,46.19283051850646,46.523853018292186,10857400
2015-10-13,46.305667877197266,46.76458722761083,46.125111232051815,46.18529582380159,15621900
2015-10-14,45.13204574584961,45.86932500795368,44.79349841378743,45.711334339727046,28989400
2015-10-15,46.56147003173828,46.61413263837798,45.21480538790164,45.493168160022165,18147900
2015-10-16,46.967716217041016,47.13322886882504,46.71192524150942,46.967716217041016,17456600
2015-10-19,46.80972671508789,47.22350545946607,46.57650461157842,46.6442140693782,14510400
2015-10-20,47.035423278808594,47.26112051161643,46.70440086201682,46.91505122998467,11545100
2015-10-21,46.689353942871094,47.36644564050709,46.68182907551184,47.30626105111314,12113400
2015-10-22,47.53948211669922,47.83289168722279,46.960190713198,46.960190713198,15295700
2015-10-23,48.05105972290039,48.291806677725816,47.77269991280607,47.87050309415116,16985200
2015-10-26,48.07363510131836,48.14134455971049,47.70499407898433,48.028494505758246,13880200
2015-10-27,47.87803268432617,48.043545345175275,47.629766562948845,47.79527635390162,8831900
2015-10-28,49.27735900878906,49.45791566366408,47.915647749582,47.92317261764129,17962000
2015-10-29,49.05918884277344,49.525633134364426,48.81091982919469,49.09680744717985,12753700
2015-10-30,48.33695602416992,49.15698878761156,48.24667481818836,49.12690079207749,15731400
2015-11-02,49.30744934082031,49.465437120414634,48.442273247029526,48.487410972687286,15253300
2015-11-03,49.488014221191406,49.72875836442818,49.02909480130363,49.11937600743985,11519500
2015-11-04,49.540679931640625,49.7663800912464,49.37516724656886,49.66105488070864,11388400
2015-11-05,49.98454666137695,50.15757844573355,49.46543982872217,49.49553356073907,12715900
2015-11-06,51.50423431396485,51.93305987975095,51.23339651033241,51.436527732952506,23262700
2015-11-09,50.699256896972656,51.69985201667588,50.4660376359113,51.68480227995352,17143800
2015-11-10,50.917423248291016,51.04531728907992,50.35317875561926,50.54878512022051,13239700
2015-11-11,50.66916275024414,51.28606993559714,50.59393128662407,51.23340733708382,8513900
2015-11-12,49.653541564941406,50.33063646151321,49.615922949656095,50.30054271724392,13576900
2015-11-13,49.3224983215332,49.78141771141435,49.074235065529386,49.53314871561778,11837000
2015-11-16,50.037208557128906,50.08987115247329,49.02908863794606,49.24726388717065,11041100
2015-11-17,49.75132369995117,50.210243087267486,49.570767040286746,50.15758048904067,12354800
2015-11-18,50.74440002441406,50.81963723644202,49.93189208857021,50.01464842996623,12911400
2015-11-19,50.90237808227539,51.02274725324953,50.43593391274542,50.842190626892496,12839500
2015-11-20,50.81211853027344,51.240944287795294,50.69174356826318,51.1506630662876,11209600
2015-11-23,50.31556701660156,50.84219872540009,50.24033555528537,50.63906746607452,11339000
2015-11-24,50.24033737182617,50.51117523419123,49.6836176502059,49.78141797947387,10910000
2015-11-25,50.300533294677734,50.49613972588861,50.06731399502222,50.35319590233523,7772000
2015-11-27,50.53375244140625,50.654127395569816,50.13502045037847,50.40585835745276,4052500
2015-11-30,50.16511535644531,50.79706666113065,50.16511535644531,50.61650996547682,15147500
2015-12-01,50.864768981933594,51.03028164523469,50.398324725338945,50.66163771704853,12708800
2015-12-02,50.15005874633789,51.06789173333274,50.01463982370055,51.03027887358441,13440900
2015-12-03,49.50306701660156,50.42842504253669,49.33755433169129,50.27796209614197,14626900
2015-12-04,51.075416564941406,51.158172892038394,49.676089611946374,49.7287522073906,17786000
2015-12-07,50.40583419799805,50.970078610662206,49.95443981582492,50.90237203624218,11686000
2015-12-08,49.62343215942383,50.37575830933588,49.42782575330465,49.84160743167349,13084500
2015-12-09,49.24726486206055,50.08987214404329,48.93128928373921,49.36011492283031,16770200
2015-12-10,49.3601188659668,50.02968867628552,48.961386927214406,49.30745626537295,12839000
2015-12-11,48.20152282714844,49.02156108781698,47.780219266878525,48.750723289778875,17889300
2015-12-14,48.35198974609375,48.72063362066215,47.84793270102091,48.32190175695403,17638200
2015-12-15,49.728759765625,50.142541464000274,48.953864712116115,48.953864712116115,18126600
2015-12-16,50.804588317871094,50.962576134050856,49.58582352454336,50.3381497386147,21720000
2015-12-17,49.86417388916016,51.158175722870176,49.71371096236293,51.08294425947156,18122100
2015-12-18,48.449806213378906,49.63095806379821,48.449806213378906,49.63095806379821,23819600
2015-12-21,49.30744934082031,49.32249333610884,48.77329854129888,48.9162365858125,18869300
2015-12-22,49.41278839111328,49.65353256182127,48.88616231137512,49.593345084195825,12149500
2015-12-23,50.20273208618164,50.2930075607323,49.69115001781787,49.7438126245703,12524500
2015-12-24,50.10491561889648,50.3230908701699,49.894265235540765,50.11996535473187,4468200
2015-12-28,49.93940353393555,49.99206613037606,49.43534643374886,49.87169694128026,6610600
2015-12-29,50.45851135253906,50.63154888123688,50.21024236171757,50.28547382384125,9820800
2015-12-30,50.09740447998047,50.44347962152539,49.99207925943864,50.43595475154553,7190700
2015-12-31,49.67608642578125,50.24033094354758,49.653517563437326,49.79646134467159,14654300
2016-01-04,48.18406677246094,48.51730983384224,47.72206880587985,48.43400123535833,25393200
2016-01-05,48.26736831665039,48.5703157039107,47.74478212345148,48.24464805712155,16566700
2016-01-06,47.570594787597656,47.81295389413815,47.21462858586386,47.50243110831136,22961500
2016-01-07,45.64686965942383,46.95712456261841,45.502969833922215,46.548142461741875,27630900
2016-01-08,44.62440490722656,46.40423275733012,44.57138904126775,46.298201025412496,22373300
2016-01-11,44.556251525878906,44.851626510738114,43.95792620882393,44.556251525878906,20925500
2016-01-12,44.65472030639648,45.10914593065735,44.00337893402707,45.02583442175206,22971600
2016-01-13,43.427757263183594,45.20000976321804,43.10208672208531,45.03338681963808,28808100
2016-01-14,44.0791130065918,44.972813455351535,43.38990363229223,44.048817390564594,31296300
2016-01-15,43.2005615234375,43.60196833453257,42.57951582398327,42.753711287083945,38131700
2016-01-19,43.177833557128906,43.90491383453814,42.7991470562663,43.72314304289865,22818900
2016-01-20,42.041770935058594,42.54921231091987,41.39800508701882,42.13265776870893,34646100
2016-01-21,41.844871520996094,42.80673588274681,41.70097164545214,42.21598567991945,31301100
2016-01-22,43.13239669799805,43.291444348504584,42.64010304930757,42.74613481631193,22732200
2016-01-25,42.15538024902344,43.05665306149661,42.10993682980891,42.77642586587867,21114400
2016-01-26,43.2308464050293,43.28386227675792,42.26898247786264,42.299275198030195,17535700
2016-01-27,43.2005615234375,44.13213007261885,42.83702278881666,43.2308571402765,20560000
2016-01-28,43.38232421875,43.904913434230814,42.89003350560635,43.564095008732174,15497900
2016-01-29,45.06368637084961,45.09398197945249,43.556513068061506,43.79887504773625,26992200
2016-02-01,44.578975677490234,45.1773010467274,44.2608775120273,44.80618700187876,16807900
2016-02-02,43.192989349365234,43.91249441185576,42.980925794203536,43.836758253340655,22448200
2016-02-03,43.48078918457031,43.776164228787096,41.670667953273366,43.450493567432936,31543200
2016-02-04,44.23058319091797,44.32146713956305,43.21570328207726,43.21570328207726,21651300
2016-02-05,43.73828125,44.7910290290783,43.48834682749464,44.366902090254285,22001300
2016-02-08,42.82187271118164,43.10967238845392,42.06449966523566,42.93547693458421,28267600
2016-02-09,42.56436920166016,42.93548040625759,41.753980208103506,41.87515978968723,26300000
2016-02-10,42.04935073852539,43.48078529500355,42.011482665065685,42.8445918377745,22389600
2016-02-11,40.193790435791016,40.8299839593128,39.76208799723864,40.82241149949132,44334700
2016-02-12,43.5413818359375,43.60197018303509,41.78427354372073,42.14781518290293,37011400
2016-02-16,44.19271087646485,44.38205411567703,43.65497677049788,44.10182693060459,23730700
2016-02-17,44.51079559326172,44.874334156183714,44.222993147518096,44.57138390917488,21580100
2016-02-18,43.783729553222656,44.578970541537,43.35959967785242,44.56382273643644,17037800
2016-02-19,43.79129409790039,44.05637341638792,43.23083985619879,43.548935038383824,15658200
2016-02-22,44.35933303833008,44.594119690742694,44.24572594122592,44.31388962165872,14882800
2016-02-23,42.50376510620117,43.99579060045189,42.38258556128197,43.85189079371916,31772500
2016-02-24,42.518924713134766,42.57194059818165,41.14808127242401,41.80699505025595,25560100
2016-02-25,43.177833557128906,43.19298136386126,42.44318371007658,42.5113473957978,14473300
2016-02-26,43.5792350769043,44.01093737616174,43.27628477711219,43.65497120727824,20947500
2016-02-29,42.64011001586914,43.63226993478613,42.63253755519547,43.48079471896797,19554100
2016-03-01,44.836483001708984,44.836483001708984,42.920327311878125,42.98849099869659,23958100
2016-03-02,45.2606086730957,45.36664331872565,44.65471085809651,44.8364816471706,20943100
2016-03-03,45.41208267211914,45.41208267211914,44.76074145444605,45.124283023171785,15790600
2016-03-04,45.480247497558594,45.85893399277415,45.08641319583657,45.51811556925041,18459000
2016-03-07,45.39693832397461,45.48024981943908,44.9273678548962,45.09399084582514,12832400
2016-03-08,44.51839447021485,45.06370408280347,44.442658308088376,44.84406516782756,14132900
2016-03-09,44.77588653564453,45.093984666633894,44.44264348859949,44.798609688024904,13238800
2016-03-10,44.38963317871094,45.19244673111338,43.783735340346226,45.1318583918513,21139200
2016-03-11,44.94252395629883,45.071276008214994,44.41993750987245,44.98039203691244,21055000
2016-03-14,44.77588653564453,44.91978924050932,44.38205226778307,44.798609688024904,13436100
2016-03-15,44.836483001708984,44.8440554606227,44.253305434295136,44.33661692808979,10910500
2016-03-16,44.62440490722656,45.25302573094962,44.28358945153363,44.669848316254686,17423900
2016-03-17,44.49565505981445,44.78345755256708,43.92005296345736,44.51080286355387,19405700
2016-03-18,45.805908203125,46.17702215936028,45.18486271648477,45.480237656576094,29570200
2016-03-21,45.790767669677734,46.06342239278679,45.41208119628149,45.6089997803707,12684400
2016-03-22,45.624149322509766,45.88165624978615,45.15457599743902,45.43480607860503,12042700
2016-03-23,45.39693832397461,45.82864071942794,45.33634998400424,45.699888691272896,11658700
2016-03-24,45.048545837402344,45.07126610294743,44.58654784366072,44.91221846583437,12921200
2016-03-28,44.98795700073242,45.25303639298163,44.82133401751938,45.08641340976859,11159700
2016-03-29,44.70772933959961,44.93494356145974,44.3290428220312,44.93494356145974,15933400
2016-03-30,45.22274017333984,45.616574471648846,44.97280859102083,45.03339692737294,13307100
2016-03-31,44.85163497924805,45.38936917573494,44.7683234777066,45.02583044194877,14904700
2016-04-01,45.34391021728515,45.48781290306927,44.35175366573221,44.70014447178671,15417500
2016-04-04,45.16844177246094,45.450743714949624,44.98532518970057,45.35155544468195,12305000
2016-04-05,44.52752685546875,44.88612849628589,44.41307865632412,44.70301195976221,12886600
2016-04-06,44.87087631225586,44.92428470496131,44.214712732686976,44.39019786736764,12167900
2016-04-07,43.7340202331543,44.580928631800234,43.543275203208395,44.451220497957166,19226800
2016-04-08,44.054473876953125,44.69537730097607,44.01632254211771,44.031582493944235,13547700
2016-04-11,44.40546417236328,44.92429112756682,44.18419913635658,44.18419913635658,17627800
2016-04-12,45.22947311401367,45.3134014161539,44.40545586958205,44.5122726502918,17779200
2016-04-13,47.144554138183594,47.42685603844021,46.06875201557112,46.14504888249272,37516800
2016-04-14,47.754940032958984,47.99909351114465,47.007219642197995,47.06825655647489,24249900
2016-04-15,47.205589294433594,47.99146096509288,46.88513897263103,47.97620101016817,19290700
2016-04-18,47.51078796386719,47.74731292623533,46.9461812097306,47.03010951607217,13813100
2016-04-19,48.311920166015625,48.43399691731069,47.7244248908646,47.7244248908646,19255600
2016-04-20,49.01384735107422,49.06725573324777,48.18220171136083,48.43398366867348,14594400
2016-04-21,48.52555084228515,49.33431400072675,48.3271772247826,49.02912068552681,15395800
2016-04-22,48.807861328125,49.120680292138886,48.556076377354486,48.556076377354486,12444700
2016-04-25,48.52555084228515,48.792595720719895,48.18221200085917,48.52555084228515,10687200
2016-04-26,48.777320861816406,48.884137616340766,48.31953393941535,48.68576405944385,12048000
2016-04-27,48.91466522216797,49.31904383097551,48.52554365737616,48.72392015604536,15284100
2016-04-28,48.52555084228515,49.1511945189598,48.33480574791998,48.556070755912984,12852500
2016-04-29,48.22035598754883,48.53317779701701,47.83886583402477,48.13642768808731,16376400
2016-05-02,48.6705207824707,48.83074596915256,48.17458235450579,48.59422099557034,10247300
2016-05-03,47.73204803466797,47.99908997220125,47.15218138382594,47.99146144993123,19120300
2016-05-04,46.97669219970703,47.50314750693117,46.74779871441561,47.1140288729896,17030200
2016-05-05,46.72491455078125,47.30477829439807,46.58757786482537,46.99958501215416,14033900
2016-05-06,46.99957275390625,47.0606125586504,46.22896413750887,46.31289241376304,11057900
2016-05-09,46.70201873779297,47.22084552212599,46.57994201856982,46.824095457016114,11197100
2016-05-10,47.33530807495117,47.503161795700734,46.80884969883179,46.961446371772766,11897200
2016-05-11,47.15982437133789,47.762576736671306,47.15982437133789,47.281901131340305,11254000
2016-05-12,47.12928771972656,47.732042781582095,46.82409447281431,47.510777823097634,11071700
2016-05-13,46.69439697265625,47.60997395457872,46.557060279840925,47.075887139245694,15122300
2016-05-16,47.04536819458008,47.2971531067642,46.541801280750896,46.70202645548312,10951300
2016-05-17,47.04536819458008,47.426858369012464,46.65624949729623,46.86988306360587,12180900
2016-05-18,48.86125564575195,48.960440982130685,47.06825032157159,47.0758817539322,24007100
2016-05-19,48.36532211303711,48.99859717692559,47.9914633854129,48.47213889235831,16076200
2016-05-20,48.45688247680664,48.9757122767007,48.350065689681664,48.72392735515825,11862000
2016-05-23,48.41873550415039,48.73155735184951,48.189841966169936,48.41110698078472,9347500
2016-05-24,49.24275207519531,49.41823429442217,48.68577677362384,48.78496212270519,13839400
2016-05-25,49.9904670715332,50.50929391228701,49.53268005229814,49.54794291821671,18935200
2016-05-26,49.61660385131836,50.03624530985044,49.52504994842209,50.02861387758334,9428400
2016-05-27,49.92180252075195,49.94469099895671,49.63187209502858,49.753945919146574,10116000
2016-05-31,49.79972839355469,50.21936994406601,49.563206331127496,50.15070450184335,15139400
2016-06-01,50.120174407958984,50.29565660538507,49.029112419298315,49.410602543710056,14031000
2016-06-02,50.21173477172851,50.21173477172851,49.715802203056754,49.990469772576176,10637600
2016-06-03,49.31904220581055,49.486898789839614,48.48739362849897,49.021480378150756,20261700
2016-06-06,49.807350158691406,50.17358324268651,49.28852335199347,49.31904326074952,13193500
2016-06-07,49.63948440551758,50.15831111641808,49.62422736449535,49.93704618459972,9924100
2016-06-08,49.784454345703125,49.95994233991951,49.53266950137913,49.54030093271285,9428000
2016-06-09,49.40296936035156,49.51741755783421,49.03673629262251,49.43348926775207,10817800
2016-06-10,48.70865631103515,48.88414140858697,48.51028273874917,48.777324645776176,16678400
2016-06-13,48.27375793457031,49.09014361079166,48.26612650261639,48.43398307914071,14314900
2016-06-14,47.365814208984375,48.4263562659879,47.06062095190858,47.82360118405945,19509300
2016-06-15,47.28189468383789,48.05250358054438,47.23611481362734,47.61760500043116,16982100
2016-06-16,47.47263717651367,47.5336740895781,46.46550337136922,46.88514197175624,16791200
2016-06-17,47.51841354370117,47.84649531514868,47.25137159509922,47.53367349941256,15751500
2016-06-20,47.58708572387695,48.716296342665245,47.5641972437349,48.41110593546093,12213200
2016-06-21,48.02960586547851,48.06775429471581,47.411590833895424,47.861749284188114,11611600
2016-06-22,47.84648895263672,48.60946917351323,47.82360047738276,48.02960548628405,12643500
2016-06-23,48.8688850402832,48.945181897475834,48.472132069158214,48.60184021903193,16583600
2016-06-24,45.4736328125,47.07589347411059,45.27525917981608,46.14505641099985,44108700
2016-06-27,43.955291748046875,44.82508874915277,43.52802176919722,44.794568841262375,37300700
2016-06-28,45.41258239746094,45.435470872362906,44.45122570403908,45.160797531385235,29088700
2016-06-29,46.69439697265625,46.70202549535088,45.77881999073377,46.053493376364415,21483000
2016-06-30,47.411598205566406,47.449746640735114,46.55706103352341,47.02247950998313,21343600
2016-07-01,47.10401916503906,47.680708935553824,47.02712836891544,47.41158821592528,14217800
2016-07-05,45.78916931152344,46.59653444097275,45.44315484656059,46.48119824144913,23357700
2016-07-06,46.28127670288086,46.358170434486134,45.181721273090965,45.37395120231023,20429800
2016-07-07,46.5811653137207,47.011758546861934,46.25821745566837,46.5350290673714,13771400
2016-07-08,47.54232025146485,47.8037502094404,47.157860289928934,47.157860289928934,16998800
2016-07-11,47.88063049316406,48.40349612843003,47.78067010998783,47.9959666892635,13151400
2016-07-12,48.59573745727539,48.872549085976544,48.3573712362946,48.465019551190245,16588100
2016-07-13,48.564971923828125,48.772580611009765,48.16513329664825,48.50345986829067,18526900
2016-07-14,49.30314636230469,49.9644179491356,49.249322203673955,49.779872948350246,28985900
2016-07-15,49.349273681640625,49.82600607613982,48.91098962423055,49.78755773905069,17607100
2016-07-18,49.18010711669922,49.51843368814568,49.13397380837186,49.31082206788818,10824400
2016-07-19,49.10322570800781,49.28776484301378,48.79565657206897,48.9109957313452,9737400
2016-07-20,49.15703201293945,49.38771024770937,48.98786875629367,49.29543778052316,10411100
2016-07-21,48.97249984741211,49.34927183110444,48.92636653774918,49.21086603572327,9808700
2016-07-22,49.24162292480469,49.28006539358645,48.903296347728286,49.13397462598807,8195700
2016-07-25,49.11090850830078,49.34158386966337,48.96481479718363,49.195490158546214,8168300
2016-07-26,49.31083297729492,49.41079632264277,48.9878880147715,49.195496747763734,8067800
2016-07-27,49.4646110534668,49.74142264468696,49.25699942685547,49.27238110769681,11806800
2016-07-28,49.28775787353515,49.35696370587225,48.99557046222601,49.21086706702143,10013400
2016-07-29,49.18780899047851,49.433863134071856,49.018645666809306,49.05709107677137,13210400
2016-08-01,49.05708312988281,49.44923094108563,48.91098942241436,49.32620682241473,11422600
2016-08-02,48.94173812866211,49.21854967894653,48.73412946594878,48.89560189254945,13550000
2016-08-03,49.71835708618164,49.726042060379385,48.9417464455556,48.972501008327875,13122300
2016-08-04,49.641456604003906,49.84137737926291,49.41846917513658,49.58763245678711,9873000
2016-08-05,50.97939682006836,51.03322098380092,50.03362266717454,50.087446830907105,20752700
2016-08-08,50.825592041015625,51.12547026086576,50.62567127231824,50.80252538816436,11359200
2016-08-09,50.64876174926758,50.9640158939958,50.51035591669584,50.887125068432375,10097000
2016-08-10,50.1950798034668,50.80252710342421,50.102813188946534,50.6871879688818,11556100
2016-08-11,50.333492279052734,50.51034642436725,49.99516567048211,50.187395631462174,9604500
2016-08-12,50.2258415222168,50.248908177787285,49.872139115220016,49.95672076324018,7685400
2016-08-15,50.53340148925781,50.61798312199838,50.33348073310816,50.41037152658372,8371600
2016-08-16,50.52571868896485,50.71794863643453,50.164325449099046,50.25659793578578,10128900
2016-08-17,50.66412734985352,50.733333185378896,50.39500658146099,50.59492738072091,11868100
2016-08-18,50.71025466918945,50.74101216285521,50.38730978528711,50.45651561263309,9313600
2016-08-19,50.64105987548828,50.67950821309165,50.148951659407146,50.53341156987008,9084900
2016-08-22,50.59492111206055,50.6564302326488,50.29504288352166,50.556472778599854,9055600
2016-08-23,50.57185363769531,51.01013769747138,50.56416866335008,50.802531928690144,8949600
2016-08-24,50.71025466918945,50.92555712484976,50.57184888088958,50.74101216285521,10167200
2016-08-25,50.80252456665039,50.85634871123025,50.58722798833096,50.679500464635765,9978700
2016-08-26,50.91788482666016,51.4253689909661,50.63338230644393,51.00246649844352,14038600
2016-08-29,51.47918319702149,51.594522351353675,51.1024141015032,51.12548075909102,14583100
2016-08-30,51.90209197998047,51.97898279482033,51.47918369877152,51.47918369877152,13791200
2016-08-31,51.90209197998047,52.10969776668741,51.40998372533359,51.871334480765896,14952300
2016-09-01,51.67910385131836,52.07125462831097,51.24851060059271,52.00973963066643,12226500
2016-09-02,51.89439010620117,51.96359593131958,51.502245273967134,51.82519014747466,13720700
2016-09-06,51.85595703125,51.94053868482805,51.29464295444957,51.90209034542241,16649400
2016-09-07,51.640655517578125,51.97128539301438,51.48686804091806,51.640655517578125,10070400
2016-09-08,51.7098503112793,52.04048602004427,51.51762038447157,51.68678365868506,12253000
2016-09-09,51.24849319458008,51.84824955193073,51.24080235588835,51.54068053456368,19686900
2016-09-12,51.563751220703125,51.748296165404334,50.56415916900012,50.85634653185641,16453000
2016-09-13,51.15623092651367,51.40997585640024,50.61029859840127,50.833286033781086,18876100
2016-09-14,51.056278228759766,51.70985891537818,50.91018158283122,50.956314895695904,12648600
2016-09-15,51.240821838378906,51.463809314093254,50.81791354540457,50.97170104575583,12531300
2016-09-16,50.610313415527344,50.94864008776096,50.3181259317581,50.81791923123818,25161500
2016-09-19,50.89480972290039,51.24082132906321,50.63337390809848,50.86405222313586,13466900
2016-09-20,51.102420806884766,51.40229912766101,50.93325747385327,51.32540830348138,10092200
2016-09-21,51.39459609985352,51.61758354358063,50.98706954857008,51.39459609985352,14116800
2016-09-22,51.817501068115234,51.84056772180772,51.394592862446,51.50993199730053,12781700
2016-09-23,51.7098503112793,52.20964929425776,51.65602616642881,51.81749860098029,13967400
2016-09-26,50.57954025268555,51.36384168342815,50.39500115514287,51.21005421348247,16408100
2016-09-27,51.02552795410156,51.063976297859725,50.064378024083666,50.29505635384541,13711400
2016-09-28,51.29463577270508,51.340769080418376,50.74101261457696,51.19467831719555,11278000
2016-09-29,50.479591369628906,51.67910450694984,50.248913058731894,51.286953724982176,18727200
2016-09-30,51.20236587524414,51.56375911428476,50.81022100710394,50.81022100710394,21680100
2016-10-03,51.1408576965332,51.4561117649704,50.94862774594704,51.017827712289645,14901700
2016-10-04,51.58232116699219,52.03153800501557,51.1950664947039,51.28026299533032,17226900
2016-10-05,52.4265251159668,52.72083645932301,51.73721246015786,51.80691544580707,16280000
2016-10-06,52.56594467163086,52.64339441445059,51.93084732605053,52.45751384987592,17485000
2016-10-07,52.7518196105957,52.80603501569148,52.201918813471096,52.50397691458129,18497000
2016-10-10,53.16231918334961,53.48761167916015,52.844773435259455,52.92996402403513,13027500
2016-10-11,52.90673828125,53.301739752612654,52.61242681949166,53.05389696664823,15657100
2016-10-12,52.76732635498047,53.12359999055798,52.70537009025604,52.86801636460415,11899800
2016-10-13,52.46526718139648,52.56595718917241,51.75271992331741,52.24840548624529,17890000
2016-10-14,52.29487609863281,53.46438703685577,52.124488981157185,53.28625317025544,24163800
2016-10-17,52.02378463745117,52.50398249724096,51.69074542529818,52.217411948957874,14963400
2016-10-18,52.434288024902344,52.82928950363015,52.31036958412862,52.550465625591485,11870300
2016-10-19,52.93770980834961,53.05388738589255,52.51947407461725,52.51947407461725,12705800
2016-10-20,52.868011474609375,53.19330399321787,52.62016871152134,52.728599551057506,14122000
2016-10-21,53.04615783691406,53.07713892823933,52.43429457857779,52.51949110246253,12175700
2016-10-24,53.34046936035156,53.47988130140248,53.05389872901405,53.41791912559355,10197100
2016-10-25,53.28624725341797,53.38693134470622,52.96094882572213,53.34820351242127,9945100
2016-10-26,53.541847229003906,53.63479050948752,52.95322417972583,52.95322417972583,9801300
2016-10-27,53.61930084228515,54.03753081567818,53.51861081506459,53.820669078647974,14210700
2016-10-28,53.52634811401367,53.867134160052274,53.03066254288741,53.85164066212064,12766500
2016-10-31,53.64251708984375,53.8903598355686,53.6192827557191,53.7741822559082,14336300
2016-11-01,53.41792297363281,54.04527379903491,52.92223734953063,53.812924486571305,15564500
2016-11-02,53.19329833984375,53.324963501138946,52.674378533066005,53.17006400656071,12449800
2016-11-03,52.960941314697266,53.5882978363225,52.83702290522743,53.332708361180245,10369700
2016-11-04,52.48074722290039,53.100351063173534,52.38780398779299,53.04613565328667,13571300
2016-11-07,54.12272262573242,54.19243155458262,53.441156381740946,53.50311856093253,16515100
2016-11-08,54.23888397216797,54.6416321071198,53.62702093144118,53.983294491414334,17531700
2016-11-09,56.73280715942383,57.42986672271223,55.238003949442025,55.346434780504985,50948400
2016-11-10,59.36615753173828,59.8308620747832,57.48409910972335,57.48409910972335,56192300
2016-11-11,59.397117614746094,59.42035194732493,58.6845645977868,59.0950594731477,27574300
2016-11-14,61.581241607666016,62.3015355574776,59.83084877851488,59.83084877851488,46130700
2016-11-15,61.46506118774414,61.503789018039384,60.24133502247674,60.69829860200403,28126300
2016-11-16,59.94703674316406,60.68281840775649,59.54428849234658,60.58213429957141,26054900
2016-11-17,60.42719650268555,60.767982392617775,60.10190410358773,60.3574935210369,19306700
2016-11-18,60.1871223449707,60.737023287776296,60.06320391865274,60.38074968718553,19770000
2016-11-21,60.450443267822266,60.54338058672472,59.86181464228387,60.411715445588875,11983500
2016-11-22,60.82223129272461,60.84546563273806,60.22586156590432,60.68281934360525,14410100
2016-11-23,61.07780075073242,61.37211214244501,60.32652582266331,61.08554749786707,13373700
2016-11-25,61.0545654296875,61.53475738159862,60.775741627722574,61.26368032664288,6185700
2016-11-28,60.65958404541016,61.08556663572342,60.42722883086864,60.55115318770106,13007200
2016-11-29,61.124263763427734,61.31015022325034,60.713774838799445,60.713774838799445,14144100
2016-11-30,62.092411041259766,62.371234870417744,61.728390713801446,61.89878371040212,25351900
2016-12-01,63.34714889526367,63.726656992673135,62.46420831245143,62.46420831245143,23823600
2016-12-02,63.19997787475586,63.3781176706032,62.657823555288154,63.35488332963156,16931500
2016-12-05,64.48564910888672,64.50888344357084,63.73437410590141,63.74212085380855,18529800
2016-12-06,64.8187026977539,64.91164005704726,63.8428190619034,64.74899376924527,16130000
2016-12-07,65.11300659179688,65.12849418019373,64.16810415556512,64.71026429406163,18996900
2016-12-08,65.9262466430664,66.2205581074011,65.01232525387759,65.23693370391125,20844900
2016-12-09,66.21280670166016,66.2205534501615,65.16722019741252,65.84878633958749,14567200
2016-12-12,65.62417602539062,66.44515399795846,65.28339004023248,66.11211476038218,14511300
2016-12-13,65.64739990234375,66.35220018506628,64.91935938057743,65.81779286778149,16669000
2016-12-14,65.62417602539062,66.70074348682706,64.87290105394857,64.96583838878293,22622600
2016-12-15,66.6078109741211,66.98731894025696,65.75585178300389,66.14310649796971,19438900
2016-12-16,65.78681182861328,66.83239804280234,65.74808400588786,66.83239804280234,23008500
2016-12-19,66.1663589477539,66.17410569870445,65.20596864627275,65.67842000058259,21685100
2016-12-20,67.01830291748047,67.0260496666446,66.25928695246738,66.44516756913859,14587300
2016-12-21,67.188720703125,67.23518939715642,66.63107273858631,66.94087781989008,11400500
2016-12-22,67.29713439941406,67.51399612820191,66.77046766848405,66.94860746515346,13924200
2016-12-23,67.42105865478516,67.49850842793565,66.91762626574865,67.38233081369046,10759400
2016-12-27,67.48300170898438,67.50624195451213,67.18869026504814,67.42104544802363,6946400
2016-12-28,66.99505615234375,67.68436897413622,66.87887857258427,67.50623513967058,9455600
2016-12-29,66.52262115478516,67.12673762544628,65.86428925493747,67.05703460608012,14689000
2016-12-30,66.83243560791016,66.93311973093812,66.34449667610467,66.68527688968207,13617800
2017-01-03,67.56047821044922,67.97096737246076,66.59234116455802,67.64566883417123,20550700
2017-01-04,67.68507385253906,67.89534588056631,67.28788675322748,67.7240100360894,15266600
2017-01-05,67.06201934814453,67.84081413240659,66.40004496986832,67.6071733204349,14300800
2017-01-06,67.06982421875,67.45922169947298,66.92964088802037,67.28009624397744,12893300
2017-01-09,67.11653137207031,67.5760174196593,66.60252398825989,66.76607611345946,12806600
2017-01-10,67.31124114990234,67.6772756911009,66.75829750276125,67.03087452012188,13989000
2017-01-11,67.81746673583984,67.81746673583984,66.90627805606256,67.31124882205224,14713100
2017-01-12,67.16327667236328,67.96543454225784,66.99194082797142,67.56825338487754,21337400
2017-01-13,67.52154541015625,68.66637537175296,67.05426945118964,67.84085431285408,28296000
2017-01-17,65.06830596923828,66.36889182029667,64.8580280521614,66.14304062204832,30024600
2017-01-18,65.37203979492188,65.59789100815779,64.66333364907128,65.13060935774804,21270100
2017-01-19,64.87362670898438,65.9405720699627,64.73344336951654,65.46550663852913,16555600
2017-01-20,65.16177368164062,65.28638372881133,64.86583373221134,64.97486455261866,18436800
2017-01-23,65.19290924072266,65.41876043618883,64.80351185717392,64.8736064759136,12179200
2017-01-24,65.97948455810547,66.19754611226881,65.07607990030681,65.35644645329731,15175300
2017-01-25,66.9997329711914,67.10876379596962,66.32996879513422,66.8517600196777,17551000
2017-01-26,67.56047821044922,67.7162348613296,66.93743972345698,66.93743972345698,15962800
2017-01-27,67.70063018798828,67.7395723035231,67.18662278324513,67.49035821260502,12535400
2017-01-30,66.9997329711914,67.36576757226153,66.4467892336064,67.12434302335754,13661900
2017-01-31,65.909423828125,67.09319564740322,65.48887378246575,66.66485598745358,15655100
2017-02-01,66.15862274169922,67.05423804289053,65.94835073826361,66.61811481103392,15430900
2017-02-02,65.87826538085938,66.12748548183316,65.54338923907788,65.68356663327428,11081400
2017-02-03,67.89533996582031,67.99658116431239,66.87512054297366,67.12433467457488,17885200
2017-02-06,67.57601928710938,68.1055999660948,67.45141521414767,67.59159850981241,11828400
2017-02-07,67.5370864868164,68.06666719225065,67.3501773971728,67.86417887912593,9392800
2017-02-08,66.9452133178711,67.21779036254907,66.4857271485188,67.11654915787837,13970900
2017-02-09,67.9109115600586,68.01215869776544,66.94520756684518,66.94520756684518,13749100
2017-02-10,67.75515747070312,68.12898164352498,67.66948955488424,68.12898164352498,10992500
2017-02-13,68.6507568359375,69.11024287593186,68.09002367804236,68.09781328904987,18739100
2017-02-14,69.74886322021484,69.85789402130563,68.61961309103182,68.76758601039775,17932100
2017-02-15,70.55101776123047,70.76908529530081,69.58531387727854,70.15383669307246,17381800
2017-02-16,70.50431823730469,70.90150539514569,69.91243230781897,70.40307701507403,17672700
2017-02-17,70.27066040039062,70.45756949663718,69.8501104775361,69.9513516668086,15776600
2017-02-21,70.87812805175781,70.98715886632495,70.44978846471994,70.48873058780839,14068300
2017-02-22,70.91706085205078,71.1039759038834,70.41863259729745,70.49651089802762,11839000
2017-02-23,70.97158813476562,71.13513437619066,70.49652269654952,71.01053026251493,11067000
2017-02-24,70.34852600097656,70.51207217339706,69.88125037381342,70.23170560875279,15062300
2017-02-27,70.42642211914062,70.66006296276359,70.10711336230482,70.34075420592777,12361000
2017-02-28,70.57440185546875,70.73015847174896,69.77223805059691,69.97472640514843,15183500
2017-03-01,72.89519500732422,73.19114084587048,72.12418978817064,72.26437309544703,24451400
2017-03-02,71.75817108154297,73.14442523582802,71.67250315589754,73.10548905072923,16862500
2017-03-03,72.27216339111328,72.51358788969911,71.75815594565988,71.75815594565988,12817500
2017-03-06,71.58684539794922,71.89836463165729,70.94823364262851,71.84384921138852,15059200
2017-03-07,71.18963623046875,71.71921099569016,71.03387370387465,71.36875570888591,11156800
2017-03-08,71.0339126586914,72.31113636852506,70.94824470751777,72.17874260461531,17378400
2017-03-09,71.31424713134766,71.75815997656944,70.98715470681232,71.33761002713827,13726200
2017-03-10,71.0884017944336,71.64913510681654,70.50430558432367,71.61019298278231,13729900
2017-03-13,71.15069580078125,71.47778820178685,70.81581378782799,71.11175368277597,10004300
2017-03-14,71.26750183105469,71.37653260938713,70.69118949788974,70.88588816515936,10237700
2017-03-15,71.43882751464844,72.07743881538795,70.97154602584264,71.49334289611166,16601400
2017-03-16,71.36878204345703,72.27997087875654,71.31426662446651,71.67251165522353,14492000
2017-03-17,70.62113189697266,71.68029358819862,70.59776899729971,71.51674734875357,21734700
2017-03-20,70.11490631103516,71.00273205227262,69.92799719228351,70.30181542978679,14623600
2017-03-21,68.05887603759766,70.58995909821148,67.80187233158101,70.37189750828199,33089200
2017-03-22,68.16790771484375,68.58845761875058,66.98414223630554,67.66947951948737,21741000
2017-03-23,68.05887603759766,68.92333872748438,67.82523522454022,67.91869273810973,16090100
2017-03-24,67.98101806640625,68.60405051789344,67.57604132829182,68.37041557673616,16093200
2017-03-27,67.94207763671875,68.06668769517118,66.37670388411874,66.61033883111513,16689300
2017-03-28,69.00120544433594,69.3282977743669,67.73956190229315,67.7707084598594,16264400
2017-03-29,68.74420166015625,69.17254109758287,68.59623471591661,69.00120532261222,10207600
2017-03-30,69.33610534667969,69.67098737372186,68.62740511468498,68.68970418768824,11631000
2017-03-31,68.40936279296875,69.11027961292446,68.33927408184088,69.08691670921517,16987600
2017-04-03,68.16012573242188,68.6663435961046,67.44363586411613,68.52616027911144,19831800
2017-04-04,68.38726806640625,68.66924560543504,67.92514186269806,68.0582962628303,14280800
2017-04-05,67.51001739501953,69.35069999592834,67.46301714939784,69.25670548055852,17635500
2017-04-06,67.73716735839844,68.07397357376868,66.77374298275261,67.34553250219462,14379600
2017-04-07,67.50216674804688,67.99562438903597,67.13402912145902,67.30634937014884,13097100
2017-04-10,67.2671890258789,67.90164144594092,66.89122297594172,67.42384652657992,15081600
2017-04-11,67.14969635009766,67.19669060745869,66.42125548164177,67.00087323395842,14690500
2017-04-12,66.89122009277344,67.32201475541957,66.6014082108726,67.30635199396089,14730600
2017-04-13,66.10795593261719,68.13662134346335,66.10795593261719,66.96955130392587,30529800
2017-04-17,67.25151824951172,67.42383849181145,66.08444839376158,66.13927701850496,19071700
2017-04-18,66.70323944091797,67.07137111903698,66.37426167989773,66.8598909645485,14127000
2017-04-19,66.15495300292969,67.29852595893941,66.07662723419236,66.96955414471876,17588500
2017-04-20,67.00872802734375,67.18887671938754,66.22545829459104,66.56226451870965,15635800
2017-04-21,66.20194244384766,67.11053802742211,66.19411405065567,66.96954926362167,19820600
2017-04-24,68.53608703613281,68.96688768785181,67.690154470506,67.79198333866097,25468300
2017-04-25,69.13139343261719,69.81283432628398,69.13139343261719,69.35854238913087,18253800
2017-04-26,69.2645263671875,69.75015563825113,69.03737748116768,69.20186336913946,12832200
2017-04-27,68.62224578857422,69.21753232012215,68.15228525350898,69.21753232012215,13329000
2017-04-28,68.14445495605469,68.81023291849675,68.10528908584577,68.61441551919775,10755600
2017-05-01,68.19145965576172,68.7240833024037,67.79982479722715,68.42644296123196,15712300
2017-05-02,67.7528076171875,68.05044785771798,67.37683565073749,67.91729348504948,14414200
2017-05-03,68.14445495605469,68.22278072059973,67.37684812141855,67.40817962241113,11540500
2017-05-04,68.22277069091797,68.71623428916413,67.80763882157379,68.68490279277772,11540100
2017-05-05,68.14445495605469,68.41076375068239,67.69015715547152,68.34027235535369,9436000
2017-05-08,68.22277069091797,68.3950909331073,67.87030181434662,68.1757764342743,8162200
2017-05-09,67.94864654541016,68.80240765087554,67.75282912020725,68.3481157660687,10273900
2017-05-10,68.48126220703125,68.52042807786079,67.72932409891266,67.7763183632098,8334900
2017-05-11,68.26978302001953,68.52042905965043,67.63533056355308,68.21494840972333,10907400
2017-05-12,68.0818099975586,68.18363889674002,67.6275120765744,67.89382691765542,8738800
2017-05-15,68.41077423095703,68.52826588371028,68.0348081131951,68.22279117207606,8835600
2017-05-16,68.62224578857422,68.99821182627744,68.41075966347778,68.42642840097433,9795000
2017-05-17,66.0061264038086,68.62224996896819,65.77114910989762,68.62224996896819,24679700
2017-05-18,65.76331329345703,66.42126284884878,65.29335274010444,65.84947342542348,23350100
2017-05-19,66.40560913085938,66.84423828308452,65.91215133460608,65.95914560780906,13412900
2017-05-22,66.34294891357422,66.80508119776219,65.959148389193,66.71892104267417,11636000
2017-05-23,67.17322540283203,67.41603714908953,66.19413807001972,66.38212116467473,11753000
2017-05-24,67.13404846191406,67.33770026684168,66.76591072927047,67.2672028830355,9833800
2017-05-25,66.85209655761719,67.42388631482387,66.64061627671266,67.35338890393828,12238500
2017-05-26,66.85990905761719,67.01656062363946,66.59359422433029,66.66409161215225,8113500
2017-05-30,65.71634674072266,66.6954341296611,65.6223522000695,66.67976538494798,12603200
2017-05-31,64.34561920166016,65.65367841347373,63.94614990597693,65.58318699558093,28327900
2017-06-01,65.05835723876953,65.07402597392868,63.95395044491069,64.58839677381106,17123500
2017-06-02,64.7293930053711,65.0035361436817,64.21243822682428,64.45524986706049,14998500
2017-06-05,64.8469009399414,65.41085609538598,64.68241501558236,64.72940928657816,9080200
2017-06-06,64.98004913330078,65.18370091456245,64.32993389272868,64.45525990454298,12196800
2017-06-07,65.72418975830078,65.88084137078648,65.08973698321897,65.25422296909174,13711100
2017-06-08,66.53874969482422,67.14970499856483,65.70848583652925,65.72415457491562,17951000
2017-06-09,68.1131362915039,68.18363367599116,66.88340303118841,66.97739755188012,19120200
2017-06-12,68.12877655029297,68.72405700484987,68.05827919527853,68.11310781545802,16053400
2017-06-13,68.3559341430664,68.81023193717068,68.12879122188697,68.57525464688663,12557200
2017-06-14,68.21495819091797,68.38727848834901,67.2202082592121,67.96431211534748,16175700
2017-06-15,67.80766296386719,68.20713221518145,67.5491825085536,67.55701687940753,12509700
2017-06-16,67.50216674804688,68.11311601094921,67.37684075777351,68.02695588660431,16936600
2017-06-19,68.98257446289062,69.10790050551628,68.02698430343118,68.12097883540042,15972300
2017-06-20,68.55175018310547,68.86505920649063,68.43426452822453,68.73190481371051,11197800
2017-06-21,68.23846435546875,68.57527059482265,67.95648676085273,68.52044195008476,10005900
2017-06-22,68.16014099121094,68.42645585264198,67.87033496585563,68.08964957181365,12180600
2017-06-23,68.03480529785156,68.92773226042814,67.83898787665716,68.66142343602301,18812000
2017-06-26,68.33245849609375,68.66926476301519,67.84683502463112,68.15230978115586,10082400
2017-06-27,68.96688842773438,69.66399787099645,68.53608777139371,68.70057366494034,15415200
2017-06-28,70.35328674316406,70.54910417520091,69.39769671868443,69.39769671868443,17466200
2017-06-29,71.39502716064453,72.56993159233082,70.73707757144626,72.3271139461887,27697800
2017-06-30,71.59086608886719,72.0608268076552,71.40288299652693,72.02949529628603,16892700
2017-07-03,73.04788208007812,73.6228168416452,71.99253011805148,72.11066204757302,13208100
2017-07-05,73.78031921386719,73.86695328857918,72.93761085791398,73.33927738532921,17535400
2017-07-06,73.54402160644531,74.43398847259779,73.15023265929607,73.67003695372946,16596100
2017-07-07,73.91421508789062,74.16623987910913,73.42592043482385,74.00084917319182,12817800
2017-07-10,73.39440155029297,73.78031311838096,73.31563893706607,73.63854882681382,13987200
2017-07-11,73.11085510253906,73.50464403747627,72.67768487061123,73.50464403747627,13262300
2017-07-12,72.85884857177734,73.11087331256029,72.51231229992189,72.93760517663256,13540100
2017-07-13,73.3235092163086,73.54403009075347,72.72494826514168,73.00060536694095,12820100
2017-07-14,72.65409851074219,72.93762718075205,71.3388441857632,71.51998383070274,22235200
2017-07-17,71.97676849365234,72.44931419402194,71.86650803052426,72.31542734718705,14374200
2017-07-18,71.72474670410156,72.12641327006466,71.13406305187428,71.2364460551122,14719400
2017-07-19,71.8271255493164,72.1579129420607,71.66961232133873,71.93738601064967,11651200
2017-07-20,71.8271255493164,72.23666955604953,71.59085570734989,71.78775024669423,11561700
2017-07-21,71.58296966552734,71.95313231653715,71.29156361906894,71.71685649413912,10971300
2017-07-24,71.89012908935547,72.09490108088792,71.59872903356282,71.63810433390942,10725100
2017-07-25,73.08722686767578,73.65427787220963,72.66980555992274,72.7485681518994,16447700
2017-07-26,72.40206146240234,73.3944116397903,72.20516691975563,73.3235264798903,11815500
2017-07-27,72.10276794433594,72.50442839604,71.79561300656542,72.32328882183855,12332400
2017-07-28,71.89012908935547,72.26029176332963,71.59872903356282,72.0240159262734,9351900
2017-07-31,72.2996597290039,72.74070146745106,72.06338393555406,72.0712613976672,11520300
2017-08-01,73.26838684082031,73.35502090916084,72.67770328872244,72.8430939622606,12523700
2017-08-02,73.33139038085938,73.41014698160252,72.85884476765698,73.14237333732711,10165600
2017-08-03,72.85098266601562,73.3471547631874,72.64621065391127,73.00849590071451,11078800
2017-08-04,73.76456451416016,74.34737060030226,73.61492275888625,73.63854913945713,14324000
2017-08-07,74.048095703125,74.18198855650752,73.80394839716806,73.94571270582729,7978300
2017-08-08,73.78031921386719,74.9931902510909,73.71731152157768,73.99296266441392,13745400
2017-08-09,73.66215515136719,73.7802930302985,73.11085306134392,73.22899094027522,11214400
2017-08-10,72.6068344116211,73.29990104758532,72.51232286677589,73.16601419894644,13252300
2017-08-11,72.0003890991211,72.98486173286125,71.85862479951274,72.5595688340362,10679500
2017-08-14,72.84309387207031,73.1660037643477,72.7170845056589,72.74858834944772,10994800
2017-08-15,73.03211212158203,73.68579730870087,72.96910443815698,73.48890280455514,8812700
2017-08-16,72.52806854248047,73.42591315648919,72.3626778529575,73.27627138603033,11085400
2017-08-17,71.3939437866211,72.42566899880603,71.27580589002713,72.26815580917611,13837500
2017-08-18,71.46483612060547,72.09490101299934,71.03167176473579,71.12617729247398,13040700
2017-08-21,71.3781967163086,71.62234999846561,71.00804007907485,71.55146484921238,11502100
2017-08-22,72.11064910888672,72.22878702595612,71.66960729448797,71.72473752128782,9211800
2017-08-23,72.19729614257812,72.72497212364645,71.54360475834683,71.56723715299876,8811300
2017-08-24,72.07915496826172,72.55170670016217,71.99252689340783,72.4020649178107,8623200
2017-08-25,72.37054443359375,72.83521859415552,72.29966529534764,72.36266697087413,11794600
2017-08-28,72.14215087890625,72.60682507034812,71.77198822015016,72.58319868936266,7292900
2017-08-29,71.74838256835938,71.91377329178545,71.12619498475901,71.23645546704306,10886100
2017-08-30,71.91375732421875,72.36267661919698,71.81925179395657,71.86650455908766,9165300
2017-08-31,71.58296966552734,72.33904388495975,71.51209052405419,72.30754004139042,13217400
2017-09-01,72.22091674804688,72.7407212313721,71.63023311267436,71.86650897032123,9815800
2017-09-05,70.49610137939453,71.75622485103573,70.1101838718742,71.68533971361136,16897300
2017-09-06,70.96864318847656,71.29154699446198,70.59848062378563,70.88200914104922,11845700
2017-09-07,69.72428131103516,70.98440494421128,69.36987360470992,70.96865602762185,14592300
2017-09-08,69.63764190673828,70.42521986815919,69.4958776333328,69.55100785028255,14242200
2017-09-11,70.71663665771484,71.07892185414933,70.05506794471943,70.40160422337149,13219000
2017-09-12,71.58296966552734,71.86649824890746,70.96078227470673,71.0159124987671,14003800
2017-09-13,71.78773498535156,72.06338608008411,71.13404381159778,71.3624421497314,12485400
2017-09-14,71.64598083496094,72.08702264888038,71.46483522781885,71.82712043335897,10562800
2017-09-15,72.15789794921875,72.22877708445822,71.48058039390654,71.73260511155225,18171800
2017-09-18,73.18175506591797,73.35502320802905,72.33904674553185,72.40205443516206,11318700
2017-09-19,73.98509979248047,74.31588120225805,72.86673415520467,73.01637593956617,12626100
2017-09-20,74.50487518310547,75.0483059082875,73.80393126652669,74.11108619587051,15311600
2017-09-21,74.84355163574219,75.1113313348766,74.18198886507689,74.39463232457803,10851500
2017-09-22,74.68602752685547,74.80416543547663,74.37099510678024,74.58363853530344,8358300
2017-09-25,74.12686157226562,74.72541667171238,73.59917961713568,74.43401658635521,10463400
2017-09-26,73.79605865478516,74.05596084554136,73.51253008464083,73.85906633898244,9358100
2017-09-27,74.96166229248047,75.38695506551684,74.48911676979861,74.79627165997894,15090200
2017-09-28,75.11920166015625,75.51299073450782,74.74904497761109,75.28459235033458,10270400
2017-09-29,75.22160339355469,75.2294748500777,74.83568570909189,75.0562126753901,11438400
2017-10-02,76.26905822753906,76.30056207172412,75.18220264250228,75.42634992400657,13797200
2017-10-03,76.67073059082031,76.73373828400685,76.21393382833452,76.26119260259658,9633500
2017-10-04,75.8910140991211,76.74159975363014,75.8280064190664,76.63133931790597,12166600
2017-10-05,76.91292572021484,77.15850618057087,75.69297110394571,76.04945048554981,14236200
2017-10-06,76.77826690673828,77.34863883142569,76.42178747574272,77.27734536277384,10231900
2017-10-09,76.37425231933594,76.89708917876585,76.16035984294415,76.80994869488292,7765100
2017-10-10,76.94463348388672,76.98424500040456,76.23959200572513,76.4138730082134,10631500
2017-10-11,76.71490478515625,76.8495803234231,76.16037978241945,76.70698731645233,14283600
2017-10-12,76.04151153564453,77.23770746664117,75.74840820615312,77.07927356117911,18251600
2017-10-13,75.93856811523438,76.61192161631833,75.22560309602291,75.63754112662025,13190600
2017-10-16,77.507080078125,77.59422057724886,76.31880713792904,76.31880713792904,12434000
2017-10-17,77.33280181884766,77.77642176352427,77.0951448234175,77.68928126812445,10335700
2017-10-18,77.62590026855469,78.06952622855407,77.34071430993654,77.75265226965968,10158600
2017-10-19,77.7209701538086,77.79226362692688,76.91294119525685,76.99216422387964,9133900
2017-10-20,78.83003234863281,79.13105933221505,78.21213135693462,78.6478278297087,15326600
2017-10-23,78.6953353881836,79.21025475568473,78.61611841869127,78.83001088457463,9238600
2017-10-24,79.9469985961914,80.16089110097786,79.02807070398323,79.12312866711636,13000800
2017-10-25,80.02619171142578,80.3668300800802,79.36868550167888,80.20839615953396,14632700
2017-10-26,80.59657287597656,81.13525672994294,80.26385797778575,80.28762246424691,13054400
2017-10-27,80.62036895751953,80.98477803896009,80.0500029273237,80.3510299469162,10400400
2017-10-30,80.33515167236328,80.74708351026212,79.90737281539127,80.11333571240722,8839500
2017-10-31,79.70140838623047,80.56488361472358,79.66972039015724,80.3034682238872,8690200
2017-11-01,79.9469985961914,80.56489953203057,79.79648813994113,80.08959158475956,8418200
2017-11-02,80.47775268554688,80.62034566286206,79.3449384218186,79.90738682015409,8731800
2017-11-03,80.33515167236328,80.43020961133466,79.79646785734671,80.08957122766438,7103500
2017-11-06,79.83609771728516,80.55698620876404,79.74103974926157,80.27971768504523,8121500
2017-11-07,78.22796630859375,79.81233018319818,77.83187533994264,79.66181368107283,18822600
2017-11-08,77.34862518310547,77.92692051689109,76.9604578199126,77.84769750721057,18524700
2017-11-09,77.34071350097656,77.80810394532735,76.69112461177819,76.93670510038338,13697800
2017-11-10,77.24565887451172,77.90316525913563,77.23773536321698,77.48330981853911,9314000
2017-11-13,77.52291107177734,77.67342754711649,76.54060733661845,76.59605982060644,9303100
2017-11-14,77.05552673339844,77.45954117360247,76.72281180328591,77.11097922175053,11043800
2017-11-15,77.78433990478516,78.22003630783506,76.00984816085396,76.3584101183883,15384100
2017-11-16,78.00614166259766,78.47352601664836,77.87938967541058,78.0536706358591,9808000
2017-11-17,77.74472045898438,77.95861292704792,77.29317708002151,77.49122252770465,9017900
2017-11-20,78.43392181396484,78.54482678260206,77.44369456265586,77.99029589554853,9483200
2017-11-21,78.37055206298828,78.86170699455924,78.35471108500703,78.8220954838041,13389400
2017-11-22,78.14081573486328,78.83793357399554,78.1012042255591,78.44976616705911,7342200
2017-11-24,77.88734436035156,78.34681143200747,77.83981536806641,78.29135892638485,3680000
2017-11-27,77.578369140625,78.52898494710158,77.578369140625,77.87939606910675,13076200
2017-11-28,80.29554748535156,80.56488639546947,77.61005167509374,77.800173614228,16773000
2017-11-29,82.17301940917969,82.56118679245297,80.77085426189069,81.1273396922933,21105500
2017-11-30,82.7988510131836,84.49412586993667,82.4186070789325,82.97313200132717,23945900
2017-12-01,83.01270294189453,83.4325581841977,80.96094964409765,83.09984339337619,19683500
2017-12-04,84.72383880615234,85.87250601147568,84.58124584424556,85.34174567032662,23576600
2017-12-05,83.74945831298828,85.088247448262,82.48196868035471,83.63855334787455,17193900
2017-12-06,83.1236343383789,83.78114666568395,82.80676041790574,83.61478921730568,15476200
2017-12-07,82.8780746459961,83.3296180986403,82.17303322070724,82.34730816625736,13371800
2017-12-08,83.91581726074219,83.92374077092546,82.65624507176678,82.98104250673973,13506900
2017-12-11,83.67025756835938,84.01881350750371,83.4246770603874,83.74947455253452,10591200
2017-12-12,84.64463806152344,85.05657604993213,83.60688166665084,84.69217308718197,15508800
2017-12-13,83.58311462402344,84.85060446529987,83.55935013385393,84.52580698266775,15020300
2017-12-14,82.90974426269531,84.32774426644404,82.89389724324315,84.06632888415392,13034200
2017-12-15,84.08219146728516,84.38321843169692,83.3375385022151,83.80492899429161,29350600
2017-12-18,84.73177337646484,85.26253378689535,84.35152945765749,84.9139778686333,12713100
2017-12-19,84.37528991699219,85.1516247397327,84.31983742965359,85.04071976505548,12149900
2017-12-20,84.08219146728516,85.34176390726816,84.04257995234238,85.2387763859644,13091500
2017-12-21,85.42098236083984,85.61110433932053,84.41490788514756,84.43867237697405,12323700
2017-12-22,85.11994171142578,85.92004711306451,84.61294578504652,85.71407812926412,14573400
2017-12-26,84.77930450439453,85.54772191645911,84.2881555931627,84.92189748852887,7403700
2017-12-27,84.93775177001953,84.99320426615147,84.50204926907665,84.50204926907665,9496500
2017-12-28,85.38926696777344,85.42887242682423,84.89019466789259,85.08031658539004,7440600
2017-12-29,84.7159423828125,85.77746332878517,84.7159423828125,85.62694681942205,8925700
2018-01-02,85.51604461669922,85.5714971150315,84.61295761879103,85.26254661805602,13578800
2018-01-03,85.60316467285156,85.9438030937749,85.14370381521928,85.44473072799458,11901000
2018-01-04,86.82949829101562,87.61784217489802,86.16059584760555,86.28800815124671,12953700
2018-01-05,86.27208709716797,87.23562603140734,85.82615614108296,87.00469576476227,14155000
2018-01-08,86.39947509765625,86.54281087539455,85.76242584651894,86.12076832854065,12466500
2018-01-09,86.83747100830078,87.29932546279117,86.39153398018946,86.57468766455986,13292300
2018-01-10,87.79302978515625,88.15136625209735,87.10820385137079,87.17191000227011,15834500
2018-01-11,88.26284790039062,88.33451883811516,87.63376941284078,88.12747688789776,13676800
2018-01-12,89.72008514404297,89.86342092968938,88.2628390025299,88.90785307561484,18884200
2018-01-16,89.40155792236328,90.32527875329848,88.44599009584942,88.79636780073547,22703300
2018-01-17,89.97491455078125,90.22177436870226,88.63711574768962,89.09897623246776,14940300
2018-01-18,90.18990325927734,90.55620444367996,89.40155346261018,89.79174900553295,14572900
2018-01-19,89.9908447265625,91.04993064308648,89.82362063447975,90.7314120345592,18785500
2018-01-22,91.04196166992188,91.0897382407458,89.58471550626868,89.71212779560227,12475700
2018-01-23,90.94637298583984,91.28878580828996,90.26154734093956,90.51636576169196,12320800
2018-01-24,92.10900115966795,92.37178441825256,91.30473396269323,91.46399322982543,15904500
2018-01-25,92.13290405273438,92.50717007273332,91.63919660112094,92.40365214021658,13510000
2018-01-26,92.62660217285156,92.62660217285156,91.54362215376312,92.13288872800632,13883900
2018-01-29,92.53105926513672,93.44681539371472,92.38772347044318,92.38772347044318,11679900
2018-01-30,91.66309356689452,92.84959181098276,91.5595756245758,91.9975417577887,14279100
2018-01-31,92.10900115966795,92.89735093542174,91.70288820587535,92.0930776630954,13141400
2018-02-01,93.06458282470705,93.16013596289145,91.95771442148872,92.18863855566912,13800600
2018-02-02,91.00212860107422,93.10438242090072,90.8508280516162,92.7619695447361,16477300
2018-02-05,86.63837432861328,91.24899557506212,82.80016728715461,89.98286787249431,30097600
2018-02-06,89.27415466308594,89.56879102241427,84.89445750873917,85.08556986528475,33114800
2018-02-07,89.87936401367188,91.13752712641092,88.50971209502498,88.82823678604686,21878300
2018-02-08,85.90577697753906,90.07047398728322,85.87392390175415,90.07047398728322,27425800
2018-02-09,87.62578582763672,88.43005909316247,84.59185246435514,86.8772539126711,28188000
2018-02-12,88.97950744628906,89.76785721212902,87.64967374886837,88.52561185778343,18043300
2018-02-13,89.5289535522461,90.02266694680571,88.23097304886235,88.64505074323263,16358200
2018-02-14,91.59939575195312,91.7905081533818,89.60862385062283,89.6882535116053,15186900
2018-02-15,91.98160552978516,92.36383024496098,90.9543667353026,92.16475310049582,12130200
2018-02-16,91.3206558227539,92.42752411293644,91.17732005476292,91.21713790850822,13214300
2018-02-20,91.34455871582033,91.886048806472,90.7552920533134,91.29678214396507,13461500
2018-02-21,91.72676849365234,93.52642114172755,91.31268471463692,91.57546795031774,14212500
2018-02-22,91.55956268310548,92.71420768742644,91.38437382444108,91.97364046920576,17070400
2018-02-23,93.41496276855467,93.47866891658062,91.8223455200223,91.8223455200223,12162500
2018-02-26,94.57755279541016,94.68107678307862,93.42290796252622,94.07588065446394,16511200
2018-02-27,93.45476531982422,95.02349402469044,93.44680053378762,94.68904591537374,17563300
2018-02-28,91.97364807128906,94.35460920770676,91.84623577251014,93.82108387611385,17735600
2018-03-01,90.32528686523438,92.8814368023062,89.70416711468361,91.95772196376608,18690000
2018-03-02,90.23767852783205,90.4287908657823,88.4858022666926,89.4971113835041,18353700
2018-03-05,91.62326049804688,92.31605112880897,89.09896383391998,89.22637611903343,13933000
2018-03-06,91.70289611816406,92.22845660532792,91.03399377272116,92.08512082240102,10674400
2018-03-07,91.36048126220705,91.65511153312016,90.07045924317701,90.58009622160448,13006500
2018-03-08,91.36843872070312,91.75863427333094,90.15008764599844,91.66307506292888,11173700
2018-03-09,93.99626159667967,94.02811466759508,92.10900815356938,92.80976356300378,15366600
2018-03-12,93.69366455078124,94.56163793226423,93.3671751373304,93.96440653479732,12339300
2018-03-13,92.57087707519533,94.33868318365546,92.23642891287923,94.12367645405756,13312300
2018-03-14,91.53564453125,92.84158976959498,91.25693781733808,92.81770149059548,12905100
2018-03-15,91.7665786743164,92.371774761785,91.4400953882202,92.2682568565059,8748000
2018-03-16,91.92587280273438,92.84958768059178,91.84623707718993,91.84623707718993,19888900
2018-03-19,91.20122528076172,91.93382775311098,90.22176908031388,91.6551209511686,13214900
2018-03-20,91.288818359375,91.93382638791375,91.13751777970194,91.47197201241885,9921200
2018-03-21,91.36843872070312,92.87346135126208,90.9463961732932,91.42418007459968,13633000
2018-03-22,87.55413055419922,90.46065823941838,87.2276471783796,90.14213357556444,22550400
2018-03-23,85.21299743652344,88.32656135822475,85.01392025743873,87.80895947753379,23081500
2018-03-26,87.84077453613281,88.51764151234313,86.51890579832303,86.94891304807341,20217500
2018-03-27,86.1366958618164,88.93970540773233,85.4439112997477,88.44599191120054,18039900
2018-03-28,86.00128936767578,86.93296854440834,84.92627446564977,86.22425470138788,19189300
2018-03-29,87.57005310058594,88.21506108849206,85.8261354143483,86.39947854819916,13274600
2018-04-02,85.88188171386719,88.17525438128001,84.47241815814682,87.56209335409157,18822500
2018-04-03,87.0604248046875,87.1957958149914,85.41206616791136,86.28800445417862,14050700
2018-04-04,88.38228607177734,88.55747492841819,85.2209400915372,85.28464623492519,15302600
2018-04-05,89.54280090332031,90.3031340534891,89.15063266739172,89.34271419635405,16627000
2018-04-06,87.30982208251953,89.2786804171031,86.29338441936221,88.47833368492347,18906000
2018-04-09,88.3582534790039,90.42314888311482,87.95007506047986,88.04611883723821,15974300
2018-04-10,90.0470199584961,90.33514529428754,89.17463877341602,89.74288426729319,13951400
2018-04-11,88.53437042236328,89.48677901820008,88.45433085272565,89.36673187606736,14503300
2018-04-12,90.73532104492188,91.55167211338087,89.23867029555845,89.28668915071438,16435500
2018-04-13,88.27825164794922,92.15993228208052,87.27781818007202,92.05588329347806,39152800
2018-04-16,88.20620727539062,89.21464580654963,87.8700631337245,88.79046304118609,16580500
2018-04-17,88.20620727539062,89.57479937174038,88.03013002799581,89.13461235941396,15501400
2018-04-18,87.49391174316406,88.89451864014511,87.1497623756594,88.4623306363373,16081400
2018-04-19,89.41474151611328,89.53479475203287,87.63797072175493,87.6619801477066,17911000
2018-04-20,89.21463012695312,90.23106754987296,88.74242249137086,89.8789192231345,15584400
2018-04-23,88.7824478149414,89.59879865317569,88.54234139455255,89.29466914602173,11285800
2018-04-24,88.36627197265625,90.3591333180336,87.7099818917933,89.43873349705562,16453100
2018-04-25,88.03014373779297,88.46233174702712,86.91766216271601,88.25423986713774,13548200
2018-04-26,88.1181640625,88.69441462172259,87.50989890485835,88.01412119725826,10299500
2018-04-27,87.55792999267578,88.16619519295195,87.34183296474049,87.67798321862196,9384000
2018-04-30,87.06172180175781,88.27825232751164,87.03771237532975,87.83805915579255,13744900
2018-05-01,87.06172180175781,87.21378964401738,86.06929350370912,86.79760589872636,10503400
2018-05-02,86.37342071533203,87.62996488198137,86.22135898340049,86.52548855342475,12162100
2018-05-03,85.82917022705078,86.25335296068144,84.18045813598512,86.10929032415027,15379100
2018-05-04,86.78160095214844,87.02970649812563,84.82075379824332,85.18090740409158,11967900
2018-05-07,87.53392791748047,87.78203346074734,86.72557597481708,87.04571590216348,9356700
2018-05-08,88.83049011230469,89.11061027261766,87.46189780949427,87.66198451059805,12543200
2018-05-09,90.76730346679688,90.9513797504006,88.86247480552353,89.19061981583546,11368100
2018-05-10,91.47161865234376,91.59167187014542,90.23908408815652,90.59123856539868,9159700
2018-05-11,91.12747192382812,91.8237757218065,90.9754041032424,91.631688125437,10253000
2018-05-14,91.15949249267578,91.79976620402012,91.0314340867104,91.3275645708847,8710700
2018-05-15,90.46319580078124,91.1675048769492,90.0950370137668,91.1675048769492,11536200
2018-05-16,90.71128845214844,90.9914146709756,90.14304305040731,90.35113489388564,7571100
2018-05-17,90.40715026855467,90.76730989852705,89.79888514911866,90.599231740844,8617200
2018-05-18,88.9425277709961,90.2791114186844,88.71042649213,90.23909164068098,11806300
2018-05-21,89.75885772705078,90.07099236149404,89.57477535245552,89.67882430137593,9441900
2018-05-22,90.44717407226562,91.47161677835274,89.87092352355157,89.91894236722435,11507600
2018-05-23,90.031005859375,90.25510197652513,88.93453469958179,90.0470162141207,11453900
2018-05-24,89.02255249023438,89.75886987595842,88.13416730083436,89.75086470045974,14084800
2018-05-25,88.56637573242188,88.90251990743312,88.19821084798724,88.4063027161109,8283500
2018-05-29,84.78073120117188,87.39786237860851,84.00439387916376,87.38185813037047,30643800
2018-05-30,86.7175521850586,86.9176388334349,85.35696541856369,86.14930683640908,17490800
2018-05-31,85.64508819580078,86.58949739298212,85.17288054413024,86.39740981967898,19808200
2018-06-01,86.75756072998047,87.18974856728344,86.27735405725242,86.70953578839627,13594200
2018-06-04,86.79759979248047,87.44588479123796,86.65353713788558,87.22978775626515,9415400
2018-06-05,86.30939483642578,86.68555880442301,85.6931304953096,86.62953477341246,10415200
2018-06-06,88.32625579833984,88.63038532373342,86.82160631132274,86.96566895096397,15453600
2018-06-07,88.67843627929688,89.23867664988062,88.06216576549268,88.98256589387633,13444400
2018-06-08,88.92652130126953,88.95053072500728,88.08615483348427,88.53435313251138,10383200
2018-06-11,88.70243072509766,89.5668066704138,88.65440576847273,88.93453201260816,12642900
2018-06-12,88.19021606445312,89.2626778481525,87.65397906644192,88.95054308387215,15294100
2018-06-13,88.01412200927734,89.19863163090959,87.70198730451207,88.40629015774853,14979700
2018-06-14,86.46145629882812,88.32626564593822,86.26136961624964,88.26223644203446,20487300
2018-06-15,86.35740661621094,86.74156959703531,85.0528376406703,86.27737317071924,26028600
2018-06-18,86.5815200805664,86.75759735967827,85.38900501680197,85.84520246442742,9786800
2018-06-19,86.0772933959961,86.34140317664956,85.31696033754493,85.5570667994055,12707200
2018-06-20,86.06929016113281,86.94967036421929,85.98925670742696,86.58151159224353,8876900
2018-06-21,86.04528045654297,86.60552073682778,85.26093795798313,85.71713535940394,11048700
2018-06-22,84.63664245605469,86.73355248628017,84.44456100559532,86.56548045385831,19478900
2018-06-25,83.86832427978516,84.59663653952613,83.20403510990697,84.56462804767484,16907600
2018-06-26,83.92435455322266,84.20447467399562,82.52374784319713,83.80430132827405,17086800
2018-06-27,82.62779998779297,84.77272960582235,82.61980091641652,83.78030130678229,16276800
2018-06-28,83.98039245605469,84.4045752956347,82.8439014318664,82.97995892641816,14491300
2018-06-29,83.39613342285156,85.557073428548,83.35611974688177,85.38099615702886,18972400
2018-07-02,84.10042572021484,84.1084247901151,82.73983277946263,83.01195381007716,11130000
2018-07-03,82.92391967773438,84.66067050103736,82.85188530161368,84.36454613854272,8311700
2018-07-05,83.46308135986328,83.99417759903947,83.31018713465093,83.79300357190496,10723400
2018-07-06,83.73667907714844,84.09074734635487,82.23994375285045,82.98026887385885,12173700
2018-07-09,86.32779693603516,86.47264248012961,84.25972819717464,84.25972819717464,13900800
2018-07-10,85.79668426513672,87.22904207160431,85.72425843729155,86.92325368190255,14575900
2018-07-11,85.61162567138672,86.15077063585075,85.4667801141365,85.54724850386559,10186500
2018-07-12,85.98176574707031,86.5530991661957,85.27363548238178,86.44044221816215,12456800
2018-07-13,85.58746337890625,86.74622753377781,84.60573331873373,86.34387955104108,21289100
2018-07-16,88.98328399658203,89.13617205984093,86.08637966211296,86.14270813580691,24662600
2018-07-17,88.9189224243164,89.26494200602099,88.3154003264138,89.07181665370855,14821900
2018-07-18,89.74774932861328,90.2225231898018,88.677502110407,88.8545362234148,14244900
2018-07-19,88.42803955078125,89.39367225793707,88.29929138818721,89.36953236115963,16775300
2018-07-20,89.54656982421875,89.91672924719379,88.33952582520931,88.51655992735894,13578100
2018-07-23,91.21229553222656,91.92847452159504,89.26493257550202,89.36954085125639,18140000
2018-07-24,91.85607147216795,92.36302786256374,91.26864055115996,91.373254985218,14000400
2018-07-25,92.68488311767578,92.9584768036832,91.23642789956848,91.6387758891157,13329100
2018-07-26,92.41934204101562,93.01481541141142,92.20207680429816,92.87801855350251,11897800
2018-07-27,93.36888122558594,93.58615259601623,92.38715106727084,92.68489081442424,12802700
2018-07-30,93.93216705322266,94.64029732510896,93.39301606576106,93.57005016856846,13411600
2018-07-31,92.4998016357422,94.21380802438118,92.3951933671594,94.21380802438118,15843800
2018-08-01,93.07115173339844,93.8999877150504,92.76536329324762,93.14357143384856,13531600
2018-08-02,93.4654312133789,93.54589957654396,92.00088490214134,92.19401020160603,11058100
2018-08-03,94.22185516357422,94.254043741481,93.29645964096387,93.34473943815232,11016100
2018-08-06,94.24598693847656,94.57590906824016,93.48957082050056,93.98043581544124,9857400
2018-08-07,94.59203338623048,95.18750680875864,94.41499925374646,94.7449214775486,10562100
2018-08-08,94.78511810302734,95.17136864526452,94.37472152997638,94.41495877532437,8997100
2018-08-09,94.0528793334961,94.72882725984172,93.90803378780376,94.55984181309134,9694200
2018-08-10,93.12747955322266,93.30450753284902,92.28254621789895,92.9423967544782,12630600
2018-08-13,91.6468276977539,93.24817103182332,91.59049922286734,92.99066855529286,10336300
2018-08-14,92.25840759277344,92.57223857552312,91.45371150585756,91.9526191505653,10597600
2018-08-15,91.49391174316406,92.00087403597792,90.90648723603104,91.5904774511624,10152100
2018-08-16,92.3549575805664,92.78949415899024,91.97675561613282,92.0169867326845,10118600
2018-08-17,92.3549575805664,92.59636883724964,91.97675561613282,92.25034931032008,8505100
2018-08-20,92.23424530029295,92.58026477923568,91.8238486765836,92.21009926649864,8618700
2018-08-21,92.79753875732422,93.65856319726124,92.44347056691694,92.83777601144978,10976700
2018-08-22,92.5158920288086,92.86996020250034,92.3629978375612,92.78948569804842,8314700
2018-08-23,92.3227767944336,92.66074764836075,92.08136553343226,92.50785344043702,9265400
2018-08-24,92.28255462646484,92.71709128371008,92.09747181085608,92.5239659269381,8845700
2018-08-27,93.9160614013672,94.37473783661528,92.676828930496,92.7170661827964,13768000
2018-08-28,93.45738983154295,94.17356875650708,93.32059298954826,94.14942885960718,8302600
2018-08-29,93.151611328125,93.64247638269296,92.8297316980134,93.62637902454856,7221700
2018-08-30,92.69293975830078,93.37693017141352,92.5239543248972,93.01481326611128,8991800
2018-08-31,92.20207214355467,92.41128869001244,91.59050144470534,92.40324615007876,13065700
2018-09-04,92.66075134277344,92.7331710403552,91.43760990930326,92.0089433678194,10174200
2018-09-05,92.21012115478516,93.1033342975851,91.9365274335965,92.54004949552385,11462400
2018-09-06,91.81584167480467,92.29865820102508,91.3330251485843,92.1377214054,9877600
2018-09-07,91.99285125732422,92.3549620204138,91.4376090238662,92.13769679042878,10955600
2018-09-10,91.5019760131836,92.51589463225132,91.46174489916824,92.41932890779724,8276900
2018-09-11,92.08135986328124,92.20206548634916,91.07548990328706,91.36518094291284,9333800
2018-09-12,90.99502563476562,92.44347475882132,90.8099428524756,91.93651848630331,10800800
2018-09-13,91.34909057617188,91.8399556453608,90.66510017890086,91.22839108321024,12470800
2018-09-14,91.33300018310548,92.12964754057629,91.11573495446562,91.58245398994076,10337900
2018-09-17,91.6065902709961,92.0813641064496,91.17205983087702,91.56635915434826,9561300
2018-09-18,91.97675323486328,92.26644427964578,91.38127378761976,92.00089313203796,7944200
2018-09-19,94.6483383178711,95.00240035538964,92.08940499269774,92.08940499269774,16052800
2018-09-20,95.4610824584961,95.95194750032957,95.01850335049984,95.35647419064458,15590000
2018-09-21,94.83340454101562,95.94388874139575,94.74488750651165,95.86341424505244,24788200
2018-09-24,93.92412567138672,95.32429510520647,93.69076307585946,94.76101031555018,12492500
2018-09-25,93.65855407714844,94.9299750558566,93.6022256104635,94.18160763313269,9308300
2018-09-26,92.55614471435548,94.04483744289723,92.26645976031212,93.94827169865336,14023600
2018-09-27,92.15377044677734,93.15159776881214,91.86408557512158,92.8779979742728,13283000
2018-09-28,90.80191040039062,91.9284862355458,90.54440787858468,91.45371845507476,15815100
2018-10-01,91.33300018310548,92.22621327516262,90.96284074287314,91.22839190847792,10146300
2018-10-02,91.71118927001952,91.8318948783667,90.77773911409987,91.22032429825872,13753100
2018-10-03,92.5722427368164,93.07115654329516,92.12161487247702,92.4917743523764,17142000
2018-10-04,93.40687561035156,94.65478641234378,92.54792650836252,92.82344233385152,16357400
2018-10-05,92.88014221191406,94.0794286397008,92.3939386620349,93.86064198812312,13777600
2018-10-08,93.4473876953125,93.82013928133364,91.85103434534328,92.5803336146612,14370900
2018-10-09,92.79911041259766,93.21238098488226,92.11033024701354,92.92066130825025,14069500
2018-10-10,90.3275909423828,93.14753915370486,90.3275909423828,92.9449564185447,23086400
2018-10-11,87.62107849121094,90.32758692746448,87.01333031274392,89.92242147515314,33705600
2018-10-12,86.6648941040039,89.80898220018865,85.5709485393594,89.43623069872714,32075700
2018-10-15,86.17061614990234,88.20454917665649,86.15441224626024,86.86750147090439,18903200
2018-10-16,88.01817321777344,88.14782298913744,86.48664781312327,86.83509046077224,19302800
2018-10-17,88.9986572265625,89.78467930351283,87.70212883370708,87.82367354058802,18794500
2018-10-18,87.58868408203125,89.00676348194537,87.36179236721868,88.34229223899331,17582500
2018-10-19,87.44282531738281,88.50435699929243,86.92420776508146,87.23213751635431,15234500
2018-10-22,86.18681335449219,87.79126541572593,85.9842305863935,87.63730671595904,16199100
2018-10-23,85.28736877441406,86.02477322017549,84.0313527945876,84.43651844197198,21407500
2018-10-24,83.69910430908203,85.1090787635922,83.391180701094,84.89029207571524,23168900
2018-10-25,84.9713134765625,85.81405850130803,84.04753658416236,84.42028812124178,17464700
2018-10-26,83.804443359375,84.72822034613773,83.24531908780968,84.27443689505031,19174900
2018-10-29,84.96321868896484,86.40560712723286,84.03133664263359,84.64719003933695,18445200
2018-10-30,86.46234130859375,86.68923925019926,84.97133478634959,85.66011510765449,18019700
2018-10-31,88.3423080444336,89.52539708162813,87.34560409285167,87.58060089161843,20860000
2018-11-01,88.30988311767578,89.31469191784626,87.77506164159983,88.82849451017252,13065000
2018-11-02,87.82369232177734,89.7927973646994,87.1024980558254,89.0553991951431,19009200
2018-11-05,88.3990249633789,88.56109490787259,87.8561045595816,88.01006946126654,10276400
2018-11-06,88.81229400634766,88.86901694032244,87.32128763767575,88.05868577934784,10825000
2018-11-07,90.33572387695312,90.53830667466735,88.6097144837327,89.43625576051508,12679600
2018-11-08,91.06500244140624,91.51068699804637,89.94674780247567,89.95485284414241,11662500
2018-11-09,90.1817626953125,91.04881685803046,89.8090110740104,90.94347602451138,10432200
2018-11-12,88.28556060791016,90.70845476650406,88.00194599235057,90.28707918138558,13279700
2018-11-13,88.8041763305664,90.04398802364656,88.40711584922806,88.40711584922806,13746100
2018-11-14,86.97283935546875,89.71175627644462,85.87889359550613,89.32280080648871,18361400
2018-11-15,89.19315338134766,89.20125842426052,86.55147198435935,87.710245827446,19100000
2018-11-16,89.1283187866211,89.7522772155317,87.96144616957619,88.6907392368533,13798600
2018-11-19,89.80900573730469,90.1088243157878,88.75557273536535,89.10401538840655,13987000
2018-11-20,87.88040924072266,89.53348550031491,87.49955879990219,88.95815113554058,18936200
2018-11-21,87.22404479980469,88.82039816012256,87.22404479980469,88.3504046077002,10619600
2018-11-23,86.42179870605469,87.02144188946413,85.94370022160113,86.49472552542822,6488400
2018-11-26,88.5367660522461,89.1202053565511,87.07006275049748,87.28885558077928,13948300
2018-11-27,88.90953826904297,89.16073895708944,88.0262740659392,88.13162107628357,9238200
2018-11-28,89.89812469482422,90.2708762194807,88.22073974270255,88.97434783321143,13977300
2018-11-29,89.18502807617188,89.78467746876088,88.84469053918995,89.35519684466284,11144300
2018-11-30,90.10071563720705,90.20605645298768,88.79608209116984,89.01486876466367,18652700
2018-12-03,90.9515609741211,91.47827742582668,90.54639542393768,91.0650068335856,16034500
2018-12-04,86.89180755615234,90.43295054651512,86.4866420015691,90.43295054651512,23555900
2018-12-06,85.23873901367188,85.37649383085237,83.36686977924685,85.09287915361715,27213900
2018-12-07,83.69910430908203,86.6892281981951,83.391180701094,85.21442576863397,19248600
2018-12-10,82.1351547241211,83.86115761399846,80.44966467685008,83.35875632580041,23636400
2018-12-11,81.33294677734375,83.99893723303407,81.20329081462171,83.56945649326974,16860700
2018-12-12,81.85965728759766,83.38308394093445,81.081740056725,82.37827495718268,22621500
2018-12-13,81.94068908691406,82.62946933612804,81.57603635568118,82.28913173284623,17250900
2018-12-14,81.26811218261719,82.60515982328438,80.91966953907769,81.02501036346457,19879500
2018-12-17,80.23089599609375,81.4869056803976,79.76900744699218,80.84674327333812,25113500
2018-12-18,79.85005187988281,81.75432931374517,79.50971419703168,80.56314124142865,20837200
2018-12-19,78.83712005615234,81.50311034006121,78.2779895720298,79.74469318971798,28767900
2018-12-20,78.15644073486328,79.63934829503945,77.54059348227892,78.28609669267242,31825200
2018-12-21,76.30889129638672,79.76090410574012,75.91993576375737,78.34282443742477,41313900
2018-12-24,74.66390991210938,76.34940014826773,74.66390991210938,75.27165826032972,17009300
2018-12-26,77.75936889648438,77.75936889648438,73.8292644353059,75.10958901232001,22542900
2018-12-27,78.63452911376953,78.7236660275743,75.80647536236373,76.83559311856128,20304700
2018-12-28,78.4643783569336,79.67177021816498,78.14834965622428,79.37194542262722,17963300
2018-12-31,79.1045150756836,80.06880476937613,78.41572877432971,79.08019995232861,13237200
2019-01-02,80.47398376464844,80.85484039070879,77.74317177175233,77.75127063189353,15670900
2019-01-03,79.33031463623047,80.78441681238343,78.9872131360795,80.58018883859692,16286400
2019-01-04,82.25486755371094,82.45092467973022,80.28610673114444,80.96414515628472,16935200
2019-01-07,82.31204223632812,82.8920489194349,81.45428227491298,82.04245982187845,15430700
2019-01-08,82.1568374633789,83.17797743693812,81.32358998727385,83.02276216654312,13578800
2019-01-09,82.01793670654297,82.90836747639145,81.63398720668474,82.35286726580667,14230300
2019-01-10,82.00978088378906,82.28753415628833,81.09483735958474,81.70752125276927,14376100
2019-01-11,81.61764526367188,81.83003780347404,80.83340460156417,81.60130354058481,15439900
2019-01-14,82.4590835571289,82.80218503592079,80.59652554935268,80.76807628874862,21258500
2019-01-15,83.0635986328125,83.7089597536816,80.54750859430735,80.78441378292078,26504900
2019-01-16,83.73345184326172,84.50951548928009,83.16161612856838,83.5292239119367,18533000
2019-01-17,84.07655334472656,84.55036364162008,83.25964161872058,83.4148568410751,14247600
2019-01-18,85.44081115722656,85.69405807999246,84.0030507254304,84.77094366007017,16428700
2019-01-22,84.09290313720703,84.62389082401954,83.43120033753102,84.20727029121673,17083700
2019-01-23,83.88052368164062,84.71377117209289,83.30051691457744,84.50137854136703,12146700
2019-01-24,83.92950439453125,84.21542223648777,83.27597878899373,83.43118777031783,11296800
2019-01-25,84.46051788330078,85.21207530915942,83.92952392039565,84.55854955158176,14369400
2019-01-28,84.86078643798828,85.15487515304727,83.80696958111719,84.05204558784693,12283100
2019-01-29,85.09770202636719,85.8656011246576,84.73826506693675,84.86079685279796,9743300
2019-01-30,85.29378509521484,85.9718173199409,84.77912654527891,85.07321536451546,12526300
2019-01-31,84.55036163330078,84.79543763829804,83.92134236153564,84.47684257132663,17520600
2019-02-01,84.86078643798828,85.65319179620047,84.56669772292929,84.95881808718853,13000800
2019-02-04,85.16304779052734,85.16304779052734,84.1500789911762,84.78726914290581,9871500
2019-02-05,84.78727722167969,85.40813194029643,84.37882131805807,85.38361935074346,12763000
2019-02-06,84.7464370727539,85.46532351926145,84.52587360646649,84.72193071344898,8745000
2019-02-07,83.63542938232422,84.55037285890889,82.86753651429494,84.3461449051434,13177500
2019-02-08,82.80216979980469,83.60273976967588,81.7401821046219,83.39034721667261,12892600
2019-02-11,82.4100570678711,83.33317135628268,82.32019627461789,83.1289434138967,10978500
2019-02-12,83.81514739990234,84.07655892025807,83.23514078388001,83.28415349627726,12852300
2019-02-13,84.2154312133789,84.83628590247945,84.0602222155104,84.0602222155104,10754100
2019-02-14,83.66810607910156,84.22360635916814,82.7940106917585,83.70895416261598,11518500
2019-02-15,86.22504425048828,86.34757603625552,84.68108142439608,84.87713851416616,14716900
2019-02-19,85.92276000976562,86.07797520397413,84.80358890436779,85.7021966260584,12764900
2019-02-20,86.33940124511719,86.42926203246665,85.67769851713099,85.94728087917937,10030300
2019-02-21,86.15968322753906,86.58447459501267,85.7430564901312,86.14334150232352,8400100
2019-02-22,85.77572631835938,86.66615705709195,85.59600475172378,86.3475620007985,10647300
2019-02-25,86.6743392944336,87.63012458875447,86.33940870291653,86.3884214156892,11230700
2019-02-26,86.01264953613281,86.15969391860844,84.90981978383705,85.3672884259644,15465400
2019-02-27,85.90644836425781,86.08616372593603,85.37545444475376,85.92278385803131,9968800
2019-02-28,85.2529296875,85.94730358290931,85.10588529049798,85.78392368959304,15156900
2019-03-01,85.31007385253906,86.51910569504642,85.12218145275934,85.85740309803134,13813300
2019-03-04,85.1140365600586,86.52729038626244,84.36247301921502,85.7103786426628,12466300
2019-03-05,85.04867553710938,85.40811867086511,84.35430185534248,85.06501102839759,10856600
2019-03-06,84.73009490966797,85.42446870968463,84.59122139617315,84.84446206578636,9070800
2019-03-07,84.11740112304688,84.5258569845883,83.45570462176316,84.34613540830338,12705700
2019-03-08,84.15007019042969,84.3297917493096,83.31681682335751,83.31681682335751,10582400
2019-03-11,85.24474334716797,85.40812944336547,84.68107845477793,84.94248997615162,9763200
2019-03-12,84.99150848388672,85.60419236318302,84.75460330265369,85.44080625584503,10219100
2019-03-13,85.27741241455078,85.75939356158187,84.91796926981857,85.11403256651343,13022200
2019-03-14,86.0534896850586,86.48645819283264,85.3346095141596,85.36728673545628,10926500
2019-03-15,87.04195404052734,87.24618198878524,85.9636307230274,86.11067509507478,24811700
2019-03-18,87.56478118896484,88.05492704122234,87.00111003097027,87.04195811555115,12935500
2019-03-19,87.24618530273438,88.55324297472349,87.04195734671912,88.38985687038573,12889300
2019-03-20,85.38360595703125,87.12363182233709,85.29375140626863,86.94391025572884,14920700
2019-03-21,84.03571319580078,84.5421944873306,83.55373202679758,84.5421944873306,19751000
2019-03-22,81.4951171875,83.58640925415828,81.2990538818443,83.17795338285521,31115200
2019-03-25,80.81709289550781,82.15682788603586,80.13088367234735,81.35625149777249,21032300
2019-03-26,81.62582397460938,82.01794437331111,80.72722225857318,81.54413404270468,15987100
2019-03-27,81.34808349609375,82.05879281656789,80.93962757120781,81.59315331149963,12753200
2019-03-28,82.27117919921875,82.34470449549987,81.4787738275834,81.69117262151104,12454100
2019-03-29,82.69599151611328,83.31684005118638,82.17316218427561,82.94923220193144,14523400
2019-04-01,85.48164367675781,85.51432089414884,83.42302884145862,83.4475351963664,17499300
2019-04-02,85.8901138305664,86.13518988548915,85.22841720783514,85.44898067123123,10295400
2019-04-03,86.06163787841797,86.88672035932609,85.60416936585476,86.43741647552933,11499200
2019-04-04,86.8930435180664,87.03298593541317,85.97933251417196,86.06165379975205,11952100
2019-04-05,86.687255859375,87.34578848537211,86.42384406502268,87.0906100759087,9933700
2019-04-08,86.96711730957031,86.96711730957031,86.35797883254425,86.52260881653032,8056300
2019-04-09,86.3250732421875,86.59671215590669,85.81471011538959,86.49793665282077,9092200
2019-04-10,86.71197509765625,87.0247810126074,85.99582740865628,86.5391116458206,10882300
2019-04-11,87.44457244873047,87.85615378020665,86.89304869157553,87.01652434706493,11183800
2019-04-12,91.54393005371094,92.07075371923308,89.62595931004542,90.0869347275524,25834100
2019-04-15,90.49852752685548,91.37107815542146,89.82353422772749,91.30522361886403,15163800
2019-04-16,91.45336151123048,91.69207941339576,90.43264166905256,90.46556892592696,11583200
2019-04-17,94.08747863769533,94.38381764759606,91.3792731906884,91.9472510594718,17791900
2019-04-18,93.39603424072266,94.62254484028308,93.28902535627532,94.27681803185386,12501900
2019-04-22,93.51129150390624,93.78293673132768,92.73752275338806,92.87745892015656,7975900
2019-04-23,93.62651824951172,94.14511473945164,92.893903991889,93.01737964569531,9193100
2019-04-24,93.47014617919922,93.96404264398252,92.86100113507337,93.23142819383654,9245700
2019-04-25,93.5195083618164,93.96401694260808,92.6057973257834,93.0256120321254,9311800
2019-04-26,94.2274398803711,94.3179882842164,93.51128603547632,93.79939173851446,7889300
2019-04-29,95.58566284179688,96.4417528737934,94.21097624682383,94.33445191801984,14242200
2019-04-30,95.5280532836914,96.07957089764992,94.8777538647504,95.84085291245124,11389100
2019-05-01,94.79540252685548,96.310018608408,94.75424188715228,95.2563715464181,10412900
2019-05-02,95.001220703125,95.30578691637908,94.31799407948776,94.80365711155976,8613300
2019-05-03,95.58566284179688,96.04663198201288,95.21523582820886,95.48688104879336,8185400
2019-05-06,94.73780059814452,95.05060647145882,93.61007161767353,93.98872573989765,9387000
2019-05-07,93.19026184082033,93.86525510014404,92.43295355577106,93.86525510014404,15017700
2019-05-08,92.69635009765624,93.56890053066846,92.57287443934268,92.73751074383838,9575800
2019-05-09,92.62227630615234,92.80337312858023,91.02534473068626,91.48631389305991,12205900
2019-05-10,92.61402893066406,92.88566782462212,90.99239755048929,91.98842357562204,13189000
2019-05-13,90.09513092041016,90.9182934003782,89.70824983021949,90.61372730213807,13783700
2019-05-14,90.81131744384766,91.96374658942555,90.13632421690302,90.17748486790828,10503600
2019-05-15,90.465576171875,91.2887388189708,89.4036956034935,89.89759193570447,10142000
2019-05-16,91.62621307373048,92.33413330458062,91.03353508695068,91.05823523659257,9672700
2019-05-17,91.18170928955078,91.98841131990872,90.40794079374842,90.54787691445154,9570100
2019-05-20,91.65914916992188,92.03780319129132,90.8524533835967,91.02531676638066,8518200
2019-05-21,91.97197723388672,92.12837388653044,91.5521624710358,91.73325928168651,7967900
2019-05-22,91.2228775024414,92.02134621546335,91.16525637264766,91.7003133094365,7918900
2019-05-23,89.42838287353516,90.37502110382998,88.48997802756834,90.25154545983813,14558000
2019-05-24,90.3092041015625,90.5149948336179,89.88116214219056,90.15280113552528,8537300
2019-05-28,89.3296127319336,90.40796013093616,89.26376448943313,89.88936361470171,11665500
2019-05-29,89.0826644897461,89.23083402045349,88.12779278513555,88.44882572162948,9966400
2019-05-30,88.12779235839844,89.87289945825395,87.69975053855681,89.43662425334824,10367800
2019-05-31,87.22232818603516,87.7409184811343,86.30038360340299,86.8930618150784,10952800
2019-06-03,87.63390350341797,87.96316985154445,86.67903800210776,87.09061936720754,11680700
2019-06-04,90.33384704589844,90.4655560546567,88.18539251232095,88.77807049127077,12858600
2019-06-05,90.65489196777344,90.8606826111691,89.42838149160026,90.43264083620822,8340500
2019-06-06,90.85246276855467,91.26404408824152,89.6671065581822,90.67136598305528,8726700
2019-06-07,89.85643768310547,90.5643517826732,89.69180138534225,90.30093998648466,10618900
2019-06-10,90.82777404785156,91.54392789514354,90.72899853804115,91.1652737869926,11380600
2019-06-11,91.10765075683594,91.84026508049251,90.85247232147312,91.2228930360471,9847700
2019-06-12,89.94697570800781,91.2887347827993,89.63417617682502,91.12409849251968,9670500
2019-06-13,90.16924285888672,90.67960599347208,89.76589489458789,90.10338833566932,8406900
2019-06-14,90.39972686767578,90.79484772437716,89.42016125144985,90.19393619403054,9077400
2019-06-17,89.90583801269531,90.85247644653946,89.77412895605491,90.30095262214958,8128600
2019-06-18,91.13233184814452,91.70854944359166,89.70826404901406,89.73295792249007,11057300
2019-06-19,90.47382354736328,91.85673097930884,90.30095383813652,91.2228984063338,13126500
2019-06-20,90.7042999267578,91.44514133260476,89.74942818020298,91.27227791922496,13638000
2019-06-21,90.08694458007812,91.92259422407535,89.79883255753882,90.7043167194038,27089500
2019-06-24,89.44486999511719,90.35857489601086,89.34608820139974,89.95522689540671,13039600
2019-06-25,88.70401000976562,89.70826945991269,88.62992210463652,89.4613181497926,18660100
2019-06-26,89.29668426513672,89.97990447046504,89.0332724765176,89.14851474152394,10324600
2019-06-27,89.59302520751953,90.17747625082472,89.26376515187488,89.59302520751953,10906600
2019-06-28,92.02960205078124,92.54819234543714,91.28875428682022,91.40399657452151,21634700
2019-07-01,93.57711791992188,94.26857143990848,93.0832216513269,93.20669728853358,12724500
2019-07-02,93.6759262084961,94.00518629396268,93.19849029224255,93.43720825036932,10174900
2019-07-03,93.52668762207033,94.39712998769352,93.06245506690816,93.95775980547884,6849400
2019-07-05,94.0821304321289,94.7287420126384,93.60960609831848,94.09871378402154,7929400
2019-07-08,93.56815338134766,94.07383805648884,93.26142464119305,93.64275948520697,6917200
2019-07-09,93.966064453125,94.08212260793924,92.9712784619472,93.07904494150468,8947300
2019-07-10,93.69252014160156,94.36400686646913,93.46040377239171,93.98267192781056,9242300
2019-07-11,94.58781433105467,94.8033536309349,93.77540718678364,93.98265481078889,11595200
2019-07-12,95.58261108398438,95.62405681585987,94.4468917757051,94.61268735259884,10783400
2019-07-15,94.42200469970705,95.80641710395822,94.11527598496916,95.78154840473252,12946600
2019-07-16,95.4333953857422,95.74840952112892,93.60961236195068,94.0738513755737,16945000
2019-07-17,94.49659729003906,95.28414182621772,94.28106437776144,94.86135502572998,13120900
2019-07-18,95.06031799316406,95.391915384417,94.1318528872889,94.44686693039738,9397200
2019-07-19,94.12358856201172,95.43339515945978,94.00753039005517,95.242724548562,10402800
2019-07-22,94.7287368774414,94.87795541290804,93.48525119011786,93.60131567298772,9061100
2019-07-23,96.46131896972656,96.53592506640788,95.18467305405836,95.23441045184592,12752200
2019-07-24,96.85093688964844,96.89238260924262,95.76495531129976,95.81469902938436,10011000
2019-07-25,95.92250061035156,97.19085520375016,95.59919478555176,96.90070976158324,10138400
2019-07-26,96.3452606201172,96.58566858340308,95.7732552479992,95.97221116342064,12800400
2019-07-29,96.0385284423828,97.14108709894336,95.988791046497,96.54421304953632,8500400
2019-07-30,95.82300567626952,96.2292155615576,95.13494839089284,95.4914145470402,7121100
2019-07-31,96.16287994384766,96.31209845881726,95.2178314572716,96.24577771334312,13648000
2019-08-01,93.62616729736328,96.82607038838891,93.34430730413968,95.6074536251364,15664500
2019-08-02,93.6178741455078,94.03236929246842,92.34952000775944,93.17851030168065,11025500
2019-08-05,90.8324737548828,92.00135320171636,89.75478375388853,91.84384300895864,15855300
2019-08-06,91.54541015625,91.60343923128202,89.81281693081702,91.23039608103257,10203500
2019-08-07,89.55583953857422,89.76308715625107,87.82325249064944,89.53097083640425,17320900
2019-08-08,91.07289123535156,91.25527014608728,90.12784262944398,90.40141099554754,10903300
2019-08-09,90.97340393066406,91.56198635056091,89.7713703910387,90.6500981834629,9980800
2019-08-12,89.26569366455078,89.95375726950958,88.87606713343688,89.89572818985614,9393700
2019-08-13,90.6417999267578,91.46250490977664,88.72683428243582,89.4895038704686,12124700
2019-08-14,86.87818908691406,88.62735918864674,86.58803741174869,88.12167458152814,19491800
2019-08-15,87.20980072021484,88.18800979292806,86.49686836257493,86.89478659753274,13365600
2019-08-16,89.29884338378906,89.5143826502167,87.76521246911508,88.17970765279425,11830600
2019-08-19,90.10296630859376,90.98169408634546,89.87913536445664,90.88221296398513,8265400
2019-08-20,88.95894622802734,89.89570930597483,88.90091716056375,89.40660174475823,8374000
2019-08-21,89.2076644897461,89.8874364184021,89.07502297942526,89.7050575040586,8189300
2019-08-22,90.12783813476562,90.5837790641719,89.47293495373617,89.83769275701711,9343400
2019-08-23,87.88954162597656,90.1775564375284,87.13516380359248,89.53094506842959,14762300
2019-08-26,88.59419250488281,88.69366728956082,87.88126036611911,88.38694493721182,8209500
2019-08-27,87.65745544433594,89.16621793138741,86.9113627145422,88.99213068188482,14331800
2019-08-28,88.53617858886719,88.87606136916615,87.07715369188688,87.11031406735177,10585500
2019-08-29,90.54234313964844,91.09776525498974,89.54755074793276,89.647031884513,10002200
2019-08-30,91.07289123535156,91.65318201978774,90.74958546620924,91.05630788454184,10170300
2019-09-03,89.99518585205078,90.3516519376349,88.96723964059426,90.34336658833102,9868800
2019-09-04,91.0811996459961,91.37134509152544,89.9952176574486,90.73301878666452,6929200
2019-09-05,93.15365600585938,94.27279181072645,92.18373240525924,92.22518445624117,13224700
2019-09-06,93.35260772705078,93.65933644627992,92.8137627120568,93.39405977616369,7836600
2019-09-09,95.6654815673828,96.21261187472574,94.1732965024584,94.26448594113124,13985100
2019-09-10,96.8841323852539,97.21572356100084,95.9390836200434,96.41160800264863,14333100
2019-09-11,97.14939880371094,97.15768415493734,95.64892169660806,96.9006991236156,9919200
2019-09-12,97.74624633789062,98.21047886787836,96.0965511372528,96.61881905818284,12283500
2019-09-13,99.66952514648438,99.8104520058495,98.44261649072357,98.64986410438824,16257200
2019-09-16,98.78250885009766,99.3710913332298,98.13589096153012,98.56696955390848,11993900
2019-09-17,98.2934112548828,98.32657163651916,97.19085228308488,98.16906140492055,10735400
2019-09-18,99.27989196777344,99.54516864249936,97.61361949465709,98.08614376915936,10665600
2019-09-19,98.9648895263672,99.7607196949554,98.72448150803908,99.23016624922992,9382600
2019-09-20,98.56696319580078,99.76070511183272,98.54209449490148,99.2633121197615,21862800
2019-09-23,98.55036926269533,98.74933149791453,97.5555833853767,97.63848115437088,9135100
2019-09-24,97.26541900634766,98.865370301291,97.02501109600256,98.4425835400156,11696500
2019-09-25,97.82086944580078,98.11930650262798,97.09136015394265,97.21570365704147,9389400
2019-09-26,97.0167465209961,97.86232027972352,96.95042577037142,97.72138710347237,9899200
2019-09-27,97.58876037597656,98.35143010010626,97.22400254065565,97.78771632038097,10207800
2019-09-30,97.56388092041016,98.4591857339007,97.1742544255687,98.11930296319936,9755000
2019-10-01,95.78984832763672,98.64986282936634,95.67379017146014,98.15246982793882,11250300
2019-10-02,93.8831558227539,95.25099114603752,93.61787916745664,95.1763787267413,12548700
2019-10-03,93.7494659423828,94.3511214237082,92.35395699944638,93.81631159280558,12735200
2019-10-04,95.78002166748048,96.04742331614048,93.8162838370855,93.87477774849994,9453100
2019-10-07,95.5711441040039,96.5154050793475,95.32045219001736,95.42073023068404,6771600
2019-10-08,93.44029235839844,94.4764733924767,93.30659466465974,94.4764733924767,10806300
2019-10-09,94.11713409423828,94.56002395887514,93.64918269052806,94.15056010526897,7273700
2019-10-10,95.43744659423828,96.43184984578475,94.42633352244826,94.54332139023484,10994100
2019-10-11,97.05020904541016,98.59612552199611,96.82459142194833,96.95828910149898,15076500
2019-10-14,97.30926513671876,97.66023513809864,96.64912200102856,96.80788761735457,8779000
2019-10-15,100.24231719970705,101.60439374988036,98.4958510655957,99.31476606496273,23379000
2019-10-16,100.00833892822266,100.7938342700826,99.75764702645802,100.24231463634436,11087700
2019-10-17,100.5682144165039,101.58768550838307,100.17546672943308,100.90246817414038,10818500
2019-10-18,100.74368286132812,101.1280724003217,100.15874364445948,100.2757314878332,10417400
2019-10-21,103.24224090576172,103.4260744208616,101.93865185311677,101.98879406210791,12714600
2019-10-22,104.2784194946289,104.53746312969731,102.88291690356456,103.15867035767988,12549100
2019-10-23,104.55416870117188,104.57923661487538,103.76031530685655,103.78538322056008,8828300
2019-10-24,104.47898864746094,105.005440488154,103.67678330132443,104.69625458767334,8020500
2019-10-25,105.3145980834961,105.83269171754662,104.24499117803954,104.45389897599152,9055700
2019-10-28,105.7156982421875,106.30063749522093,105.62377830594514,105.76583407091616,9522200
2019-10-29,105.64884948730467,106.47612256370805,105.23939199751958,105.33966365807764,9797300
2019-10-30,105.06390380859376,105.50678728334114,104.38703826430783,105.33130551270686,8513700
2019-10-31,104.38705444335938,105.06392009255336,103.5012873565787,104.86336400186453,11589100
2019-11-01,106.79368591308594,106.95245152963196,105.30625679889349,105.45667069244728,11682600
2019-11-04,107.64602661132812,108.1473977242441,107.428754320082,107.86328615185292,9159900
2019-11-05,107.87998962402344,108.88274448231078,107.66271735840265,108.12231705407764,13747600
2019-11-06,108.047119140625,108.49835438845848,107.44546364303336,107.53738358712988,11231100
2019-11-07,108.63204193115234,109.71000042922992,108.56518991372388,108.991357180272,13528900
2019-11-08,108.94959259033205,108.96629603268724,108.00532531776854,108.53177701850312,9293400
2019-11-11,108.5652084350586,108.71562868761416,108.08890526186092,108.29781307044534,8679000
2019-11-12,107.93011474609376,109.15012899823894,107.80476243204473,108.32286237882066,9099000
2019-11-13,107.36186981201172,107.64599404917868,106.47610297148248,107.06940660562576,8023300
2019-11-14,107.46217346191406,107.66271678206613,106.61817782054176,106.7268139527706,8483400
2019-11-15,108.23928833007812,108.23928833007812,107.29502116820204,107.98859646622311,10163600
2019-11-18,109.15013885498048,109.17520676991032,107.7880687244869,108.26437185887356,8749300
2019-11-19,109.11670684814452,109.6765781359715,108.78244676910872,109.4593186476369,8824500
2019-11-20,108.32288360595705,109.15015038748793,107.74629600021063,108.8827550164108,11782800
2019-11-21,108.57353973388672,109.2336954252383,108.12230456254125,108.6320400296321,7705500
2019-11-22,109.2922134399414,109.65154153366728,108.71563854656678,108.75740991149512,8167900
2019-11-25,109.87716674804688,110.36183444325268,109.35906665966992,109.67661064118592,10068500
2019-11-26,110.02755737304688,110.15290970211088,108.93288255310964,110.15290970211088,10490700
2019-11-27,110.35343933105467,110.66261875307626,110.0108275251441,110.54563091090174,6607900
2019-11-29,110.1027603149414,110.64592823547342,109.84371668777813,110.19468025529484,5712000
2019-12-02,109.86042785644533,110.92168298276002,109.76015619909002,110.5623549593712,8615600
2019-12-03,108.4481964111328,108.59861663017628,107.45379342369851,108.43984469090958,10361300
2019-12-04,110.58743286132812,110.69606900042068,108.62370714002458,108.94960280658172,10318200
2019-12-05,111.18907928466795,111.39798707311826,110.4537197890927,110.87153536599328,9587400
2019-12-06,112.84361267089844,113.46198424522166,112.51771706770388,112.55114945048788,10170600
2019-12-09,112.31720733642578,113.19462276128236,112.31720733642578,112.50104724451847,8498200
2019-12-10,112.39241790771484,112.61804194509251,111.03869918489409,111.34787870782904,7532900
2019-12-11,112.12499237060548,112.82693229466338,111.98293659152915,112.21691231597492,9011900
2019-12-12,115.33383178710938,115.70986330954597,112.15007867937364,112.38405441558844,13717400
2019-12-13,114.32268524169922,116.0106635820872,113.82966596800516,115.2753041564294,10592100
2019-12-16,114.76559448242188,116.019041375635,114.74889103769829,115.6346581354535,11372000
2019-12-17,115.46752166748048,115.87698557613663,114.6736745186926,115.0914901497095,11546800
2019-12-18,115.35050964355467,116.16943728936316,115.08311432607812,115.44242957315691,10381500
2019-12-19,114.77395629882812,115.50095139983318,114.5650484881282,115.11655541782814,9350400
2019-12-20,114.6820068359375,116.05244121138615,114.39788259596388,115.33379801750957,29992600
2019-12-23,114.64860534667967,115.24190914655048,114.38120997612909,114.98286549826922,9738400
2019-12-24,114.9661636352539,115.00794775325174,114.53163175937716,114.75725579598736,3324300
2019-12-26,116.18614196777344,116.23629054413288,115.13325137716048,115.22517130774152,6770900
2019-12-27,116.26972198486328,116.79617370899032,115.87697430983516,116.4034260339622,7868200
2019-12-30,115.84354400634766,117.05520655678004,115.70983996955984,116.90478632771408,6963000
2019-12-31,116.48696899414062,116.55382101151204,115.55941797303,115.74325783312172,7201600
2020-01-02,117.89918518066406,117.90754965186449,116.36997878502586,116.81286223422664,10803700
2020-01-03,116.34337615966795,117.09186203875412,115.28372588680053,115.636942644423,10386800
2020-01-06,116.25086212158205,116.28450914453764,114.79594277694515,114.84640047879924,10259000
2020-01-07,114.27450561523438,115.9396735925239,114.22404792388872,115.45189452188824,10531300
2020-01-08,115.16595458984376,115.70419133098385,114.0390234181717,114.12311528963276,9695300
2020-01-09,115.58648681640624,116.2508679785906,115.25008073279776,116.09949486540174,9469000
2020-01-10,114.43429565429688,115.42666446051376,114.2156285506666,115.39303027749644,10190900
2020-01-13,115.3846206665039,115.3846206665039,114.1735846668225,114.53521953211116,12355200
2020-01-14,116.73023986816406,118.3785847360349,115.79673385482609,116.0069828413204,24906000
2020-01-15,114.98092651367188,116.56200244510828,114.50155283262244,115.93125570640656,16293400
2020-01-16,115.42666625976562,115.97330836220924,115.08185492372498,115.594862842627,10783800
2020-01-17,116.22559356689452,116.30128009382044,115.48552613821624,115.67053337095462,14697700
2020-01-21,115.08184051513672,116.1162743937445,114.9556963019285,115.3761941227227,8474200
2020-01-22,114.94731903076172,115.55283713475389,114.69503051458138,115.41828753698424,7549100
2020-01-23,114.82958221435548,114.99779167166106,113.29897624699778,114.13156686337284,9345700
2020-01-24,111.9786148071289,114.73708072309644,111.28059940396578,114.68662301516471,15166400
2020-01-27,111.03667449951172,111.80198375768954,109.08557091553622,109.55652651054488,12860500
2020-01-28,113.05506134033205,113.50920626703515,111.41512206629903,111.71788107324188,13062800
2020-01-29,112.88687133789062,113.98857386755542,112.43273921723755,113.37465047937934,9326000
2020-01-30,114.282958984375,114.48480266716616,111.59177404340322,111.59177404340322,9048900
2020-01-31,111.314208984375,113.39146971877474,110.56572320620596,113.10553421533444,12785200
2020-02-03,112.1635971069336,112.89527212277314,111.56649732113264,111.56649732113264,10021100
2020-02-04,113.77832794189452,114.88004333357934,113.6017259918128,113.99699508543418,9157100
2020-02-05,115.7126235961914,115.83036250969718,114.3838485251525,114.8548170117547,10150700
2020-02-06,115.72943115234376,116.30130212979364,115.30893325742682,116.25926260636383,8992300
2020-02-07,115.35939025878906,115.7798881511806,114.62772803245248,114.98935006027212,6379800
2020-02-10,115.8387680053711,115.93127805818648,115.00617753003264,115.17437412626668,5960700
2020-02-11,116.05742645263672,116.7470492042392,115.87240634038132,116.2760807523121,6578600
2020-02-12,116.05742645263672,117.14230544488132,115.88922985038042,116.5620290919838,7958000
2020-02-13,115.95650482177734,116.34335570290456,114.71182180034648,115.84717126153042,7447500
2020-02-14,115.60330200195312,116.21722541552096,115.16598054105184,115.922871717638,6627600
2020-02-18,114.07266998291016,115.81353745135866,113.57648553992748,115.50236027870343,8996400
2020-02-19,115.62853240966795,116.38542359644823,114.66137941258296,115.1407532414352,7071200
2020-02-20,115.62853240966795,116.36019474572753,114.82117068886704,115.35940755854124,7422800
2020-02-21,114.21563720703124,115.1491430555738,113.46715146054775,114.83797871691876,9772800
2020-02-24,111.14603424072266,112.02066443282048,110.00227916946824,110.54051609520089,13618400
2020-02-25,106.18414306640624,111.20488314940629,105.6206709426732,110.17046179589516,20797200
2020-02-26,106.50370025634766,108.44639836720594,106.25139896722575,106.7475897914886,24825600
2020-02-27,102.07167053222656,105.64590296153398,102.01280107827776,103.36680493538914,23005500
2020-02-28,97.64801788330078,99.6495854756038,94.7465850874314,98.83381856450109,45931400
2020-03-02,102.1977996826172,102.2482637901826,96.26037180091474,98.0853310200374,27355400
2020-03-03,98.36285400390624,103.40041633264856,97.75733608744744,101.73524847867462,32547700
2020-03-04,100.7933578491211,101.0792997930594,96.46222765863122,99.51504689772683,25795900
2020-03-05,95.84830474853516,97.91715391414192,94.6793209486552,97.27799522691956,25025600
2020-03-06,90.89481353759766,92.77864204150733,88.32136242477246,89.3642016751171,38159400
2020-03-09,78.5826416015625,83.45200755757173,78.21260143403872,81.21495587759706,40352000
2020-03-10,84.68827056884766,85.17604965015222,79.54138061779042,83.25858034161809,31102700
2020-03-11,80.70196533203125,84.14164187980985,79.51616445629044,82.1652963930927,38127000
2020-03-12,74.0496826171875,81.5429518446184,72.59475706275796,75.34481050041656,49725200
2020-03-13,87.38789367675781,87.45516847748023,77.37162866825476,80.72720076719722,38543300
2020-03-16,74.31037139892578,79.03676895977605,71.10618023038325,71.65282223492314,38589700
2020-03-17,78.8517837524414,81.94664917118386,73.5871471964539,76.4381230145333,35239800
2020-03-18,70.55113983154297,76.35401235546638,67.58242557125796,73.73010304982311,41525600
2020-03-19,71.7369384765625,74.10013442929673,64.68098480129234,68.59160982045073,32175100
2020-03-20,70.22313690185547,75.23547021495554,69.36532416047241,72.57792729262435,30150800
2020-03-23,66.46387481689453,70.43337469180257,65.6733369760972,69.53350974343638,32536600
2020-03-24,74.36924743652344,75.77370866705863,69.71854240291584,71.40053374476526,34363200
2020-03-25,77.1445541381836,80.02075847963637,71.09779176713643,75.05046979781439,38111700
2020-03-26,82.51852416992188,82.89696977744819,78.66676121420448,79.12089979300997,29826300
2020-03-27,76.63993835449219,79.76003173426614,76.15216570881124,78.37239391660881,30041500
2020-03-30,78.63311004638672,79.12929450589814,75.10093012953521,76.23627321593112,21656900
2020-03-31,75.71484375,79.19656552232561,75.134554649183,77.41365869987739,23379300
2020-04-01,70.9464111328125,72.79659945490423,70.01290521662108,71.56874627151038,28029600
2020-04-02,73.59553527832031,73.93193484054835,69.76900228851628,70.23155248861583,24018000
2020-04-03,71.42021942138672,74.33481032580613,70.33255332679745,73.0771998480112,21199400
2020-04-06,76.01728057861328,77.31737389049589,74.5217453944193,75.61790415303626,26820800
2020-04-07,77.01997375488281,80.29995111261724,76.79904085722691,80.2574617728116,22563800
2020-04-08,80.1300048828125,80.60585435950712,76.94349895931195,78.2605841845811,22903300
2020-04-09,87.31877136230469,88.70383709346046,82.33082452433764,82.35631553733995,42055900
2020-04-13,83.43548583984375,87.61618069013726,82.67922217117957,87.61618069013726,26911900
2020-04-14,81.14968872070312,86.6729659634735,79.56918117567332,85.84022284975198,46151300
2020-04-15,77.14744567871094,78.20111532153739,76.58661743598729,77.45335081420312,30118600
2020-04-16,74.20733642578125,76.9604751691044,73.9694117357728,76.67156846922602,32449600
2020-04-17,80.8777847290039,81.31964411567006,77.29190167384698,78.17562693014342,30191900
2020-04-20,77.92919921875,80.47840432168444,76.86703042586065,78.57499966005659,23679400
2020-04-21,75.66889953613281,77.64877703330393,75.05708933772539,75.30351325002633,23035000
2020-04-22,75.91532897949219,78.06516417883138,75.77937473775455,77.06247652453014,16662400
2020-04-23,75.95780944824219,77.56380804401839,75.84734623455678,76.25521539505937,16638800
2020-04-24,77.07946014404297,77.41085627141602,75.19304742948034,77.01997895407764,15809200
2020-04-27,80.40194702148438,81.26017490642857,77.78476104750195,78.1246564243639,22870200
2020-04-28,80.97124481201172,83.579930870088,80.75031190801242,83.11257405065933,20238900
2020-04-29,83.15507507324219,84.5061507325396,82.65372800715686,84.19175290345144,20462600
2020-04-30,81.37062072753906,82.28832954761835,80.34244221472716,81.23466002354914,19127600
2020-05-01,79.23777770996094,79.6541459867194,78.03964841507135,79.45021143036298,18547700
2020-05-04,78.29458618164062,78.74494471622604,77.15594433819552,78.19261564282428,15725900
2020-05-05,78.17562103271484,80.05353462956681,78.09064882818505,79.57768509782909,18064100
2020-05-06,76.70558166503906,78.82142665013978,76.41667485400855,78.3115869064033,20978000
2020-05-07,77.50430297851562,78.94885589127242,76.96897243915976,77.6147661581715,16771900
2020-05-08,78.77041625976562,79.94305447592807,78.269075821175,78.8553949292562,20487800
2020-05-11,76.45065307617188,77.4193503826359,75.90682323685743,77.4193503826359,31907600
2020-05-12,73.95243835449219,77.14744387089453,73.84197513486116,76.60361397231078,27962900
2020-05-13,71.40322875976562,73.80798028980062,70.8678980605236,73.40010465016621,35451600
2020-05-14,74.36881256103516,74.87015963754665,70.01817302963273,70.29008800034538,35152500
2020-05-15,72.99224090576172,74.16487292184414,72.48240118063737,73.79948659696164,26099000
2020-05-18,76.85852813720703,77.45334652683343,74.67470944708269,75.36299920532232,30504400
2020-05-19,75.34597778320312,77.49580563651186,75.27799744814348,76.51861587261631,19597300
2020-05-20,77.60630798339844,78.5070251118843,76.79056306803993,77.07946988926585,20552400
2020-05-21,76.62060546875,77.9716875264744,76.19573795724584,76.70557767445808,14621400
2020-05-22,76.0257797241211,76.7820432384705,75.38847857272805,76.48463733107958,13557900
2020-05-26,81.4216079711914,82.84916303981132,78.69395938137478,78.93188414565084,41233900
2020-05-27,86.13762664794922,87.16580506916546,83.95380827762195,86.73243846750816,39402000
2020-05-28,84.85453796386719,87.48021601272724,84.46366064023253,87.47172333042644,24713900
2020-05-29,82.68769836425781,84.27670490961923,82.23733991912954,83.83484562844505,26526400
2020-06-01,83.78385925292969,84.55712111830216,82.74718164496176,83.06158588961256,15176800
2020-06-02,84.06430053710938,85.33040412381905,83.21456536802224,85.21144171878404,21195000
2020-06-03,88.60187530517578,89.15420441228453,85.8742264342761,86.3160923131488,25941100
2020-06-04,90.44579315185548,90.59024654223458,87.34425918491169,88.21948517516128,26784700
2020-06-05,94.51602935791016,98.37382065312272,93.07147593060436,97.66004634640228,42231000
2020-06-08,96.40241241455078,97.03122084698803,95.11931750835952,96.36842872687076,24881800
2020-06-09,93.92967987060548,94.8558876345844,92.62958674276484,94.02315121157088,17031100
2020-06-10,90.1229019165039,93.90422697128514,89.94445832487521,93.86173762343648,24913300
2020-06-11,82.60272216796875,86.3160657144027,82.03340138694143,84.9989741327785,36259200
2020-06-12,84.86302947998047,85.93369082009835,82.70470198778511,85.57680370672573,24856800
2020-06-15,86.03567504882812,86.1886276193446,81.46410274800189,81.93145314243932,22153600
2020-06-16,86.72394561767578,89.79998842426295,84.38717454033288,89.5365726682743,22193600
2020-06-17,84.53163146972656,87.13181821271667,84.30219941419045,87.12331904841014,15639800
2020-06-18,84.0727767944336,85.41535306868971,83.38448708661393,83.84334473083935,16591900
2020-06-19,83.11256408691406,85.4833251101459,82.19485537063275,85.42384392961876,40371200
2020-06-22,82.21186828613281,83.23154778021703,82.03342469881628,82.63673582249525,16216900
2020-06-23,83.21454620361328,84.94800632728891,83.14656584983071,84.09827135389673,15381400
2020-06-24,80.43592071533203,82.28833684934212,80.13850826970445,82.21186380878446,22919800
2020-06-25,83.24004364013672,83.45247739988073,80.09602658911093,80.17249963079612,25743600
2020-06-26,78.67695617675781,81.03922479149597,78.1756156663719,80.81829188851349,41896300
2020-06-29,79.02534484863281,80.29144802076307,78.328562497458,79.36524010156357,18499700
2020-06-30,79.92603302001953,80.43587895757582,78.65993030313166,78.88086311054202,19137000
2020-07-01,79.24626922607422,81.32811689191331,79.05082736966256,80.63133461555849,18755700
2020-07-02,79.50370788574219,81.4771393229448,78.87735378093448,81.28837489283458,27845600
2020-07-06,81.51143646240234,81.68303686807937,80.20725635930368,81.02236810547336,18625300
2020-07-07,79.21195220947266,80.73921800999982,78.93738764472772,80.49897483411495,25757200
2020-07-08,80.05282592773438,80.08714077734153,78.76580304494853,79.18622868707358,18762200
2020-07-09,78.31962585449219,80.75639240924258,77.89061825752749,80.24157805597581,25600800
2020-07-10,82.60112762451172,83.09019606930114,78.82586565230977,78.93740528142418,28954200
2020-07-13,83.78518676757812,85.17516722159941,82.56680673751565,84.71184476768336,32079200
2020-07-14,84.26566314697266,85.75860760508982,82.91857968644726,84.40294870668428,42731700
2020-07-15,85.56986236572266,86.90836403910548,84.64320433977912,86.56515663548157,22508400
2020-07-16,85.81011199951172,86.8483097271397,84.55741044684974,84.75475030004415,16886900
2020-07-17,84.2227783203125,85.8701659947784,84.20561434983492,85.80152320514148,16137700
2020-07-20,83.48489379882812,84.42012736158048,83.45057240026784,83.59643343454597,14458100
2020-07-21,85.29530334472656,85.84443260807564,83.77661261160709,83.83667342021911,17798100
2020-07-22,84.67752838134766,85.91306590841896,83.68222753434391,85.50122224810751,14271200
2020-07-23,84.92633819580078,85.243799595956,84.05974110456133,84.51448806402155,12870200
2020-07-24,84.32574462890625,85.62993158155595,84.03402256215986,85.4583245898192,12744200
2020-07-27,83.14168548583984,83.76803300110639,82.51533142443593,83.66507535264469,11959100
2020-07-28,83.50204467773438,83.99111311313058,82.79847242775848,82.79847242775848,11754300
2020-07-29,85.52694702148438,85.55268642758166,83.22746624884608,83.28752704511837,12743500
2020-07-30,83.2446517944336,83.86242393402149,82.41238234952337,83.69082347130843,14834800
2020-07-31,82.91859436035156,83.16741957176106,81.7259536703751,82.78131532248177,14535000
2020-08-03,82.45526123046875,83.7165446496857,82.24075742573488,83.24463366081656,12962800
2020-08-04,81.98336029052734,82.3265611558557,81.53718869178144,82.29224630623239,13366200
2020-08-05,83.40765380859375,84.48875475465462,82.12921303946217,82.25791662406355,15260900
2020-08-06,83.43340301513672,84.17129667096803,82.83279494464007,83.72513161090438,10482100
2020-08-07,85.26954650878906,85.36392870258658,82.84994395517444,83.16741192941481,14743700
2020-08-10,86.35066986083984,87.55189273741982,85.82727993994526,85.89592274343852,14989900
2020-08-11,89.07913970947266,91.08689872445277,88.81315708654124,89.1134611037439,31518600
2020-08-12,88.32406616210938,91.31853667808451,87.26870483220017,91.08687550846956,19240800
2020-08-13,87.83502960205078,88.68446292565267,87.20867554573032,87.51756158088324,13598600
2020-08-14,87.8693618774414,88.64157051477919,87.01992190254886,87.08856470688853,12134400
2020-08-17,85.55268859863281,87.51754404959635,85.39824561199397,87.08853648072578,14988000
2020-08-18,84.36004638671875,85.72429383232064,84.18844598107106,85.72429383232064,13246500
2020-08-19,84.55738830566406,86.30773329901618,84.37719937921688,84.87484969405989,13533000
2020-08-20,83.5449447631836,84.11123140734226,83.05587634708156,83.45056256480103,13672600
2020-08-21,83.50204467773438,84.5745637506328,83.17600123618254,83.45914129636367,12228300
2020-08-24,85.85299682617188,85.98170041241433,83.58783727439535,84.47159186251788,17898300
2020-08-25,86.23052215576172,87.50038745188773,85.62991417213621,86.89119093774978,13648900
2020-08-26,85.02073669433594,86.03319505495072,84.98642184141936,85.75005496849502,12052400
2020-08-27,87.81784057617188,88.07524771407519,84.94349141821688,84.94349141821688,22163900
2020-08-28,88.17822265625,88.59007284858231,87.35452881772211,88.49569064921734,13756700
2020-08-31,85.96453094482422,87.67197908108109,85.81866340958055,87.6205002722512,14219400
2020-09-01,85.92163848876953,86.54799244235784,84.9778231122198,85.41541268127091,11595600
2020-09-02,87.21723937988281,87.46606455342199,85.42398435200948,85.7586097294259,14475700
2020-09-03,86.94269561767578,90.08302834524024,86.3506629407332,88.65014430437378,23281200
2020-09-04,88.82172393798828,90.27177161160525,86.97699663375218,89.27647745851311,26325500
2020-09-08,85.73287200927734,88.86462860841927,85.35534979556427,88.35840281329071,22108600
2020-09-09,86.54800415039062,87.25157642221126,85.42399967572152,86.487943342289,13434000
2020-09-10,85.65565490722656,87.87791102723325,85.4926299322279,87.00273844521845,15922800
2020-09-11,86.71961212158203,86.96843736137001,85.44974650923957,85.77579653537305,13784300
2020-09-14,87.92082977294922,88.77026309605998,86.97701424214425,87.09713586173012,19017400
2020-09-15,85.1837387084961,88.24685237622846,85.06361711730155,88.14389475299643,23683000
2020-09-16,85.54411315917969,86.77107516186784,84.7375833193692,85.31245193456539,19270600
2020-09-17,84.56597137451172,85.2352221463876,83.83665980377867,84.68609297222605,18290100
2020-09-18,84.38578796386719,85.36392470272158,83.60499758810688,83.99110178381507,20121600
2020-09-21,81.77742767333984,82.4123636427579,80.49898684174781,81.68304547643004,28378800
2020-09-22,80.88508605957031,82.07773315156494,80.37027827402802,81.47711861331882,19257000
2020-09-23,79.57231140136719,81.8117311351236,79.50367517458879,81.32266283385123,19952700
2020-09-24,79.50370788574219,80.91085257875199,78.40544270565896,79.21197925389792,18366500
2020-09-25,80.19867706298828,80.41318085034146,78.82585413315516,78.98029712189489,13293100
2020-09-28,82.50675201416016,83.16742089583418,80.95373991450965,81.56292997443005,20894100
2020-09-29,81.811767578125,82.39521831551744,80.93659474510534,82.39521831551744,12848200
2020-09-30,82.60112762451172,83.39908209191942,81.73453691018432,81.81175514277037,16400600
2020-10-01,83.20172882080078,83.88813700221205,82.39519249785315,83.33043240048289,15778700
2020-10-02,83.99110412597656,84.59171212407911,81.58865904129398,81.72594461008097,15149600
2020-10-05,85.7663803100586,85.94823472420593,84.45875292427735,85.14287568619253,13871900
2020-10-06,84.88304901123047,87.34242673213562,84.44140556905764,86.65830421909564,19220400
2020-10-07,86.36387634277344,86.90077777495594,85.44593636586924,85.69707045154912,16358500
2020-10-08,88.13915252685547,88.2603887982829,86.51111787705764,87.03936446265485,15659000
2020-10-09,87.6368637084961,88.4249058954074,86.69295201494796,88.32964790343176,13689100
2020-10-12,88.710693359375,89.19563840543573,87.33378637948009,87.55028064745446,16058000
2020-10-13,87.27316284179688,89.38614888052042,86.82285769933596,89.1956328794053,21697300
2020-10-14,86.78821563720703,88.26903550824073,86.6842960191611,87.48965489009663,15204100
2020-10-15,88.08718872070312,88.13914523076217,85.76636990610885,85.81832641616788,17171200
2020-10-16,87.90532684326172,88.6154277167516,87.22120422258924,87.8187304649103,13275000
2020-10-19,86.42449951171875,88.21707147709047,86.2166602933571,87.98325400815352,11725700
2020-10-20,86.91813659667969,88.130499428196,86.70164229006865,86.86617347041333,11257100
2020-10-21,86.05213928222656,87.45501783317377,86.0174994084293,86.90945468634767,10730500
2020-10-22,89.09169006347656,89.40344223743027,86.0001531775012,86.0088147953551,14837200
2020-10-23,89.8970718383789,90.45129659958526,89.13501444344024,89.62862107785466,15087600
2020-10-26,87.6715087890625,88.93583440410852,86.81419341721296,88.89253951865194,12410700
2020-10-27,86.01748657226562,87.3943866641138,85.87027208575596,87.03933957271522,10391700
2020-10-28,83.6014175415039,85.12553885981308,83.19440730818725,84.43275464052346,16389500
2020-10-29,84.14698791503906,84.84843381448493,82.47565195315828,83.23771598150633,14208800
2020-10-30,84.90038299560547,85.22945186597667,83.33296679292587,84.78780836789743,15194500
2020-11-02,86.81420135498047,87.35976453115316,84.74451668414535,86.06946054547956,15011600
2020-11-03,89.55068969726562,90.70243414977716,88.92718516565847,89.21295257024462,17482600
2020-11-04,86.81420135498047,88.39027935969341,85.67111188570384,87.46368415813494,18886500
2020-11-05,90.36469268798828,91.01417539529083,87.46367125007941,87.5156277524621,17837400
2020-11-06,89.1609878540039,91.01417803742142,88.6673812463998,90.95355991392196,12552800
2020-11-09,101.23272705078124,102.96468129764874,95.56057424953777,97.99397445906575,47792400
2020-11-10,100.90363311767578,101.70899195990305,99.3189002919666,101.62239558472504,20539300
2020-11-11,99.39683532714844,101.28466538161064,98.68673447768356,101.22404725812753,14443400
2020-11-12,98.17581176757812,98.68673501013804,97.04137744073088,97.44838767497625,22063000
2020-11-13,98.7906494140625,99.46611035999612,98.34899933138296,99.32755088037916,11847900
2020-11-16,101.57910919189452,102.71353699738056,100.21952550662029,102.0034360905535,19858600
2020-11-17,100.54856872558594,100.83434266077629,99.2236252530038,99.92506436039932,14553200
2020-11-18,99.8038558959961,102.713539338304,99.76055440036056,101.61374477521514,12571200
2020-11-19,100.07229614257812,100.2974520038126,98.340342209439,98.87725030718887,10202500
2020-11-20,99.21498107910156,100.15023779132032,98.79930922693325,99.0937448319858,12718900
2020-11-23,102.0727081298828,102.33249725751205,100.08095845032558,100.4966303041643,13209200
2020-11-24,106.7922821044922,106.94815822691189,103.66610464315512,103.9778568879945,20121600
2020-11-25,105.6751708984375,105.97826152317668,104.32424890995422,105.10362952134076,11715600
2020-11-27,104.9737319946289,105.95228361680714,104.8524957443371,105.6491929910776,5983600
2020-11-30,102.08135223388672,104.54073000861489,101.98609424853828,103.91722559792665,14411800
2020-12-01,103.69205474853516,105.28545541261671,103.59679677697645,104.2116394799328,12668900
2020-12-02,105.68383026123048,105.91764113621304,103.28507035335178,103.65744071490175,10811300
2020-12-03,104.99103546142578,105.55392175683971,104.22897818274306,105.5192818886888,12904400
2020-12-04,105.94361877441406,106.76630085566175,105.380739032415,106.06486162789808,13583700
2020-12-07,105.54527282714844,105.79640694627558,104.0990928440977,104.9131133263112,9724300
2020-12-08,105.64920806884766,105.9349821025542,104.57539829577952,104.81787083096768,9592100
2020-12-09,104.82652282714844,106.77497115771342,104.29827630675594,106.66238991465508,13073900
2020-12-10,104.15105438232422,104.5927045170896,103.53621148449184,103.90858187127826,13668400
2020-12-11,103.53620147705078,103.93455007910624,102.5056934047107,102.99929999930984,9981600
2020-12-14,102.44508361816406,105.14692767922207,102.28054587095028,105.07764793230255,12112400
2020-12-15,104.1943588256836,104.69662710242685,102.72220047730444,103.3024035175696,12590200
2020-12-16,104.4974365234375,104.85249024271964,103.79599731114229,104.1770292817124,11169400
2020-12-17,103.6314468383789,105.17288455619908,103.55351209409493,105.00835344930655,11618000
2020-12-18,103.12054443359376,103.81332208080546,102.41909855943352,103.17250094024254,28954800
2020-12-21,106.99146270751952,108.24712673489216,104.8611534393222,106.66238721384208,28323600
2020-12-22,105.36341094970705,106.96546694065472,105.3114544483737,106.85289231880591,11788200
2020-12-23,108.30774688720705,109.56341093806364,105.95228830830212,106.3246586955096,14973200
2020-12-24,107.83145904541016,108.7234209540961,107.00878349305464,108.32506569819958,4164900
2020-12-28,108.54155731201172,109.6759917092152,108.0652739116448,108.9572291916894,8072600
2020-12-29,108.25578308105467,109.35557092807544,108.15186346597494,109.28629118468896,8389200
2020-12-30,108.5588836669922,108.98321057215368,108.16053501626584,108.6714583051712,7398000
2020-12-31,110.03968811035156,110.26484396183136,108.09124001998477,108.32505088380172,8580200
2021-01-04,109.0005340576172,110.72382654344568,108.05661563411311,110.41207427576366,16819900
2021-01-05,109.59362030029295,110.16056036839248,107.95385477074608,109.01795623452595,13731200
2021-01-06,114.7397003173828,115.80380196088672,111.53867138773018,113.28310522053609,24909100
2021-01-07,118.50763702392578,120.53117861332696,117.67903690938968,118.3506449914314,21940400
2021-01-08,118.63848114013672,118.92631318527744,116.981267544683,118.5948678044024,12035100
2021-01-11,120.4090805053711,120.53990721133162,116.97255706697048,117.38249849087649,15937900
2021-01-12,122.30176544189452,123.55775488199887,121.08938933408388,121.62144004665808,18033500
2021-01-13,122.41516876220705,122.79893151868006,120.45268840782914,120.88006450062824,14816800
2021-01-14,123.13038635253906,124.50848537087764,122.10989808702536,122.53728752154213,18565600
2021-01-15,120.92367553710938,123.54903330337814,119.50196331523352,119.86829137734628,27881000
2021-01-19,120.4003677368164,122.72045926590968,120.20849297588036,121.98780298585628,19843800
2021-01-20,118.59485626220705,120.51372306747076,118.13258422804095,120.20845636488346,16028800
2021-01-21,117.60055541992188,118.76060104713716,117.1557312973192,118.3506596108685,13411700
2021-01-22,116.69343566894533,117.22548642426482,115.30661942946256,115.73400882600497,12933200
2021-01-25,115.23684692382812,116.15267378892636,113.44008918770672,115.25429492086566,14212800
2021-01-26,114.76585388183594,116.15267015214808,114.5565178507066,115.7863420793631,11307800
2021-01-27,111.52120208740234,113.25691148595386,111.07637140518692,113.03012749190924,17603900
2021-01-28,113.48370361328124,115.28046136661985,112.50682871257423,113.3005329149375,13761800
2021-01-29,112.22772979736328,114.88798411651211,111.80907096794904,114.42571194240544,14808100
2021-02-01,113.05632019042967,113.44882694929608,112.06199723974244,112.86443213775996,11080700
2021-02-02,116.53646087646484,117.21678642703728,114.45187088249575,115.07986574593548,12253600
2021-02-03,117.87092590332033,118.41169398714808,116.449213711284,116.5713230627587,10600800
2021-02-04,120.58350372314452,120.94111441476456,118.158751512268,118.158751512268,12419500
2021-02-05,120.3479995727539,121.6650503065946,119.82467952520592,121.57782364420989,10051300
2021-02-08,122.23200225830078,122.37155961575382,120.5224579018064,120.53990589871856,10136400
2021-02-09,121.74358367919922,122.09246381796548,120.8364740241282,121.61274364546873,8614800
2021-02-10,121.81336975097656,122.86874088550375,121.27258820151448,122.10991921779204,10323200
2021-02-11,121.47319793701172,122.58963033671552,120.55737094894675,121.81336072584452,9201000
2021-02-12,123.2001724243164,123.51416985630344,121.23769180162816,121.28130514391704,8324600
2021-02-16,126.1656723022461,126.75006703524645,124.20319200734058,125.20624547675617,12130600
2021-02-17,126.55818939208984,126.80240811744623,124.83119700845504,125.55513584037668,10810100
2021-02-18,126.98553466796876,127.1599746710137,125.07538535866657,125.59871867672057,10587800
2021-02-19,129.10507202148438,129.82028031501665,127.2210872875697,127.2210872875697,11969800
2021-02-22,130.31744384765625,130.99776942580252,128.03223504849342,128.1020137371397,11488400
2021-02-23,131.36407470703125,132.84683498327854,130.4744132177142,132.14906152712638,16234400
2021-02-24,133.67543029785156,134.11153702853494,130.9279632181149,130.9279632181149,15061400
2021-02-25,131.86122131347656,135.10585637111618,131.34661857863202,134.55637095463845,18127700
2021-02-26,128.36367797851562,131.59086573889348,127.78801379015032,131.09371089179527,19829200
2021-03-01,131.26815795898438,132.03571025108874,129.50628261071046,130.41339228482008,14845500
2021-03-02,130.84072875976562,132.38455022098256,130.69245407723028,130.90179008670864,14221700
2021-03-03,133.3701629638672,135.17563790002848,131.54724003206013,131.90483743481056,14324100
2021-03-04,131.3204803466797,134.65234275952952,129.62838379639877,133.10852092740717,20093900
2021-03-05,131.62576293945312,133.87607571631926,129.0614527214214,133.6405743082141,18465100
2021-03-08,133.3701629638672,135.5943099419996,131.48617870176056,132.98638691318757,17133300
2021-03-09,132.42819213867188,134.53894744807985,130.67504759847006,132.14036005435398,16238800
2021-03-10,135.30648803710938,136.20486690078857,132.14906603482623,132.49795942926417,14342200
2021-03-11,134.5999755859375,136.1961143641845,133.7626448827489,134.41680491967375,11771500
2021-03-12,136.1961669921875,137.48705287962366,135.25418788687213,136.81544458903156,12849500
2021-03-15,135.51580810546875,136.86774170092568,134.2859971773602,136.3705869233758,12101100
2021-03-16,133.8934783935547,134.844201143807,132.7421635905019,134.39936377830782,12805600
2021-03-17,135.2716064453125,136.8328762701881,133.49229652546683,135.4896598492061,13952400
2021-03-18,137.50448608398438,141.02823692605006,137.03349653642215,137.46088604561612,21898500
2021-03-19,135.31515502929688,136.01292824960373,131.86991555837096,135.63786965376045,54418800
2021-03-22,131.6781005859375,134.29474163093764,131.36410312818052,133.27425322045855,19944800
2021-03-23,130.3610382080078,132.68111605024924,129.9249314491691,131.1198597095322,17076300
2021-03-24,131.372802734375,133.60566732850776,130.70992521703022,130.83203458361805,13079800
2021-03-25,133.05612182617188,133.42244976072456,130.24759435235114,130.8319755795364,15608300
2021-03-26,135.2716064453125,135.58560387927628,133.05618971767956,134.582563544935,16754400
2021-03-29,133.16957092285156,134.08539789808074,131.73914109897154,132.68113341844236,17570300
2021-03-30,134.7395782470703,135.9519548440715,134.21625797514886,134.72214355425433,13184300
2021-03-31,132.77703857421875,134.74824932275993,132.68109457044977,133.69286528130098,16736700
2021-04-01,134.0679473876953,134.1377127581581,132.18396297106602,132.48922972083804,16561500
2021-04-05,134.77859497070312,135.93670418932095,133.883706997016,135.4629273681381,13508000
2021-04-06,133.83103942871094,135.35763411870155,133.23444751439894,134.05037705379144,13071600
2021-04-07,135.92791748046875,136.19112532911663,133.9275592504365,134.32237771706198,16903500
2021-04-08,136.0946044921875,136.43677064972445,133.62925174335638,135.1119762217852,12335500
2021-04-09,137.11233520507812,137.77911676630956,135.96300819090658,136.69997939868443,12122400
2021-04-12,136.82284545898438,137.96340410039238,136.48946128058628,136.4982299685697,12273400
2021-04-13,135.1909637451172,136.16482354028545,133.73455839607112,135.77001840977053,16113600
2021-04-14,132.6641845703125,134.96283876227747,132.41851409625977,132.8922908973456,19939600
2021-04-15,133.50643920898438,133.5327586560024,131.0059980311169,132.6992782633799,17694100
2021-04-16,134.49786376953125,135.55945061002498,133.96267931188518,134.99794670260198,13773400
2021-04-19,133.92755126953125,135.00670204594894,133.5502969725526,134.6031149170981,11900200
2021-04-20,130.9621124267578,133.1379379107246,130.4181460152865,133.1291692251854,13716700
2021-04-21,132.07635498046875,132.13777594909584,128.78629019193536,129.66364080221095,12236700
2021-04-22,129.29518127441406,131.8658260432796,129.19867215229328,131.8044050622434,15256100
2021-04-23,131.7693328857422,132.59404486790888,128.69860475735013,129.1284981274452,14041900
2021-04-26,132.09388732910156,133.7608612886573,131.9359706671711,132.2869055074428,10799100
2021-04-27,132.6992950439453,132.98005369738482,131.69911576885852,132.04128201066953,12821200
2021-04-28,133.55906677246094,134.13812133234876,132.83086422968807,133.7345342001312,8943700
2021-04-29,136.15603637695312,136.23499471487992,134.4101039324976,134.7083999117592,12976900
2021-04-30,134.94528198242188,135.54188730026488,134.2433988856152,135.19972113132627,11705100
2021-05-03,134.55044555664062,136.41042395035632,134.34865873156664,135.85770235234472,11801100
2021-05-04,136.41046142578125,136.55084072844346,133.4801137660702,134.12057592691917,12977700
2021-05-05,138.20025634765625,138.86703791709974,135.66471390440475,136.86667982146287,10506700
2021-05-06,140.98146057128906,141.09552042555404,137.88441423263083,138.682806437872,13542400
2021-05-07,141.46401977539062,141.6921261187515,137.76159906216986,137.9370665099327,14257800
2021-05-10,141.44647216796875,143.64861746920158,141.35873174847708,141.69212927777525,14014300
2021-05-11,139.09515380859375,142.4729588660598,138.65647852254918,141.3236317585922,15451700
2021-05-12,138.1388397216797,141.06041862373695,137.7703541016869,140.03392009933415,14381700
2021-05-13,141.69210815429688,142.5255884659785,138.34062276152034,138.77929801896397,15395000
2021-05-14,143.89427185058594,144.28030826933596,142.12203321877266,142.47296811546823,10584000
2021-05-17,144.4733428955078,144.63127298808246,143.03448823586294,143.33278427068095,9886800
2021-05-18,142.43788146972656,145.20153062519208,142.34137236403018,144.48209667594475,11098100
2021-05-19,141.34994506835938,141.41135264433993,139.1828881783929,141.253435974127,13278900
2021-05-20,141.10426330566406,142.0079331266163,139.9549364491503,141.10426330566406,10426000
2021-05-21,142.70982360839844,143.20113770534178,141.20077980361245,141.55171461934194,10249000
2021-05-24,143.48187255859375,144.08724645138676,142.236036648881,143.3239559190673,9440300
2021-05-25,141.9992218017578,145.3770140988147,141.74478259173748,143.7539232715982,12609100
2021-05-26,141.98167419433594,143.6574173482334,141.52544805359048,143.50826932645913,13058300
2021-05-27,144.1925811767578,144.54351607330236,142.63089812871073,143.8416328929051,15707500
2021-05-28,144.0960693359375,144.71021208688285,143.2362560973061,144.48209235988318,10291300
2021-06-01,145.68406677246094,146.43858880823447,145.1839705149716,145.52613670635102,9445400
2021-06-02,145.69285583496094,146.90360409100737,145.22786103260006,146.7456740028099,10498600
2021-06-03,145.78933715820312,146.73687734484395,144.4645426664783,145.12255556937,13354400
2021-06-04,146.0261993408203,146.22798617970827,144.78913209247685,145.82441250193233,8510800
2021-06-07,145.3419189453125,146.6053060845933,144.88569283672572,146.51756566041192,7267200
2021-06-08,144.76284790039062,145.42962953189502,143.14852602160676,144.31540391722018,10370700
2021-06-09,142.95550537109375,144.0785130403404,142.37645077645823,144.00832338759906,12377400
2021-06-10,140.7270050048828,144.97339130231123,140.6480466783574,144.20131863235963,12119400
2021-06-11,140.6305389404297,141.42893129678694,139.55140131922167,140.7533675039224,13683800
2021-06-14,138.24415588378906,140.6656389903827,137.44576353580487,140.50770890337157,19917900
2021-06-15,136.14724731445312,137.67384203920778,135.22603997798194,137.48082385375696,24485500
2021-06-16,137.1035919189453,138.28800728215856,134.33116060962735,135.75246440040678,25321200
2021-06-17,133.146728515625,138.14763788130867,132.6992845079548,137.83179111492137,29722400
2021-06-18,129.77769470214844,131.33937764569436,129.4618479614702,130.98844277263288,43595700
2021-06-21,131.97984313964844,132.65540684399085,130.74278897917915,130.79542787273434,18664800
2021-06-22,131.78683471679688,132.4536163290822,130.42693865886216,132.12900090284302,14251200
2021-06-23,132.58523559570312,133.392396645984,131.6815654314045,131.77807454542227,12733300
2021-06-24,133.80470275878906,134.33988703057864,132.67292664949218,133.28706924319224,13733200
2021-06-25,135.15586853027344,135.55067364011308,133.06776972683014,133.87493070772467,15484900
2021-06-28,135.4014892578125,135.5330864632982,133.46253897739354,134.8487542201632,14125800
2021-06-29,135.23480224609375,137.1386511783224,134.7698075633852,135.9893241932388,14528700
2021-06-30,136.4630889892578,136.9368657495864,134.8575493773277,134.89263750642692,12531000
2021-07-01,137.81422424316406,137.86686313352374,136.35781913578148,137.09479037543045,10479400
2021-07-02,137.68186950683594,137.9377749029148,136.8788764514139,137.61127537910568,11424000
2021-07-06,135.3699951171875,137.46129437918387,134.43464630742466,137.46129437918387,15083400
2021-07-07,135.52880859375,136.13767122178757,133.72870529144512,134.13460473383392,12271800
2021-07-08,133.19039916992188,134.59342185109995,132.39622548031969,133.7816097312148,17834600
2021-07-09,137.4524383544922,137.7877436054317,134.6375599960046,135.05229204995146,13694500
2021-07-12,139.420166015625,140.4437603393593,135.83759934700365,136.19938908522076,19940400
2021-07-13,137.34654235839844,138.88193424752143,135.44937410042743,137.69951297544227,22671700
2021-07-14,136.8788604736328,138.78486130650447,134.96404042499427,137.61125931583214,14622800
2021-07-15,137.17892456054688,138.1230925425676,135.62588045635567,135.80235906879872,11539300
2021-07-16,134.04632568359375,137.9024363714532,133.2609847240321,137.62007339610787,14002700
2021-07-19,129.68727111816406,132.20213477173385,128.5754438890818,131.081474861304,22172900
2021-07-20,132.10504150390625,133.3492240447344,129.1225041630273,129.29016349962586,15385200
2021-07-21,134.88462829589844,135.5817233523606,133.56101883864355,134.16988134329307,12356700
2021-07-22,133.18161010742188,135.39645909830062,132.3345073850934,134.9023135995332,9913300
2021-07-23,132.92567443847656,134.86696545874045,132.58153654608637,133.66689244293994,9666100
2021-07-26,133.81689453125,134.09045176274827,132.51093712835038,132.5285890223551,8208000
2021-07-27,133.6404571533203,134.55816742197234,132.18449186398647,132.71392766717415,11218700
2021-07-28,133.86105346679688,134.80523481497434,133.13748719177391,134.38167003186203,9217300
2021-07-29,135.00819396972656,135.7758833130858,134.04637411997345,135.13173034066318,9063500
2021-07-30,133.93165588378906,135.59940361017456,133.41985850420323,134.637583768199,9805200
2021-08-02,133.3933868408203,136.28767903704824,133.3051542709142,134.1522569571761,10203200
2021-08-03,134.9110870361328,135.29052871393145,131.93738237015577,134.08162303133852,10394800
2021-08-04,133.45509338378906,135.33460907974293,133.1638977769348,133.46391259692496,10155000
2021-08-05,135.14051818847656,135.6170251260888,134.13457555451362,134.37282902331975,9151500
2021-08-06,138.97901916503906,139.2613956986616,136.8700682381922,136.94066237159782,13328800
2021-08-09,138.82901000976562,139.9055469684494,137.56716177006567,138.99666939152928,9516900
2021-08-10,140.5320281982422,141.1673618372012,137.92893220041265,138.3083739263378,8667000
2021-08-11,142.2086181640625,142.50863310755705,140.37321124267044,141.1850235121308,9156500
2021-08-12,142.76455688476562,143.276354324898,141.67038132571912,142.84398371119326,8844200
2021-08-13,141.16734313964844,143.09099569850187,140.8055668228559,142.76449624165934,8980900
2021-08-16,140.2407989501953,140.32904494845403,138.34363116767292,140.24963162869054,8755800
2021-08-17,138.54664611816406,140.1791036043597,137.01126735448594,139.04080509113436,9347200
2021-08-18,137.2847900390625,139.42903113923518,137.07300765476205,137.92894294435325,8065500
2021-08-19,136.13766479492188,137.2671439635282,135.0170048435322,135.14937388850475,9517700
2021-08-20,136.52587890625,136.68470554833792,135.14932748369148,136.19939294343652,6974100
2021-08-23,138.27308654785156,138.61722452110422,136.98478068468157,137.06419403286594,7934600
2021-08-24,139.12904357910156,139.90556567659948,138.42311562359944,138.5378327873996,7670900
2021-08-25,141.99679565429688,142.75566547980142,139.2436927824428,139.8701936071394,11335000
2021-08-26,142.72923278808594,144.56463968480463,142.1997835712516,143.1792551972781,11027500
2021-08-27,143.87635803222656,143.97342326928566,142.29684312594244,142.72922708456065,8780200
2021-08-30,141.57327270507812,144.2646146848037,141.07912731820102,144.01754199136514,7937600
2021-08-31,141.1409149169922,142.39393051292402,140.61147910341143,141.5732989428694,12340800
2021-09-01,140.93795776367188,141.8556545374964,140.2761529332506,141.37916098395274,8729900
2021-09-02,141.59091186523438,142.60567366025933,140.68202104643586,141.20265096348373,8813300
2021-09-03,140.73500061035156,141.97036417603067,140.43497220344116,141.52916097908056,7959700
2021-09-07,140.48793029785156,142.40275058960086,140.2673286956069,141.17620621969866,9285600
2021-09-08,139.8614044189453,140.81440487866988,139.45549157955347,140.20554235180816,7852700
2021-09-09,140.47027587890625,141.9174218250843,139.4908042439383,139.65846361294814,7904300
2021-09-10,138.85543823242188,141.82032356161577,138.73190190472425,141.67913534011845,8311600
2021-09-13,141.06146240234375,141.22912174265684,139.48196115332448,139.88786048460284,10052800
2021-09-14,138.5995635986328,142.36742879420936,137.88480318758363,141.582087728084,11685600
2021-09-15,139.5614013671875,140.02907568843747,138.07013237644753,138.29073397946934,11691500
2021-09-16,139.4996337890625,141.9350842317079,138.73194447881332,140.66441677718925,10880900
2021-09-17,139.13783264160156,140.311434752066,138.5378027613687,138.87312149705937,25581600
2021-09-20,134.972900390625,136.38474267247824,132.79335531940697,135.79353194974257,15819900
2021-09-21,134.9905242919922,136.37590877203897,134.63756712564353,135.4758504940612,8999900
2021-09-22,137.57598876953125,138.75841014598367,136.86124172054812,136.9494742842582,11236200
2021-09-23,142.22628784179688,142.6939757222191,139.12904555530196,139.42024134599984,12336100
2021-09-24,143.86752319335938,144.3528493713746,141.90859351342442,142.45568113348585,10102400
2021-09-27,147.34420776367188,147.71481681295234,145.25290903399917,145.5970469700776,13220900
2021-09-28,146.55006408691406,149.3914139186296,146.1794549955321,147.97955822002362,13387900
2021-09-29,146.43531799316406,147.27360125780172,145.63232505501117,146.6647522408941,7777100
2021-09-30,144.4410858154297,147.35302922602833,143.6469120864748,147.2912543236252,13161200
2021-10-01,147.4766082763672,148.50902230499477,144.36171428976408,144.7146715174392,11285000
2021-10-04,147.31777954101562,150.39738342982713,146.24124240919986,147.33543144310696,14120000
2021-10-05,149.72349548339844,151.0373228806252,147.9569202907132,148.43629871583514,12292900
2021-10-06,150.04302978515625,150.11404929063713,147.36210102199215,149.12867566366666,8692600
2021-10-07,150.99293518066406,152.25350132856548,150.50468439031033,151.97830912279974,10195400
2021-10-08,151.1083526611328,152.10259902426898,150.29164835632943,150.93081060280005,8190100
2021-10-11,147.93028259277344,152.05819254045156,147.77049882242736,151.62321657967215,12154700
2021-10-12,146.79400634765625,147.97468061295385,146.27025256288522,147.1402180836766,13032600
2021-10-13,142.92349243164062,146.83835656223067,142.5684084276848,145.64881024883354,22753500
2021-10-14,145.11619567871094,145.59556052113143,142.089054582482,143.5893098167956,15176800
2021-10-15,147.9036407470703,148.4007638334521,145.71096220524572,146.78511380271135,14267400
2021-10-18,147.8503875732422,149.6790962604667,147.28224493696283,147.7882404112545,12672900
2021-10-19,149.64358520507812,149.71459117839504,147.8770102294829,148.60493659348077,8053900
2021-10-20,151.65872192382812,151.68535255263262,148.65822486527424,149.40390956297952,8185600
2021-10-21,150.46914672851562,152.0936825045063,149.7412068914281,151.58767356229862,8415200
2021-10-22,152.49317932128906,152.76837150680382,150.64671236084186,150.9396628134963,8817900
2021-10-25,151.7474822998047,153.54068785849694,151.33912346235658,153.31875694687224,10159200
2021-10-26,152.15582275390625,153.12345179247123,151.39237990036722,151.8007387248317,8015100
2021-10-27,148.98670959472656,151.5344729528723,148.55171999028536,151.1971470686697,9847000
2021-10-28,151.23260498046875,151.3657581127488,149.10207359045828,149.40389638735192,7212900
2021-10-29,150.81536865234375,152.9015246245037,150.37150683235976,151.9605261878439,8140100
2021-11-01,150.73548889160156,152.98142879759922,150.03417957412736,152.72398133578608,7435500
2021-11-02,151.3302459716797,152.413269867337,149.95427165713926,150.73547277416088,7173800
2021-11-03,151.3834991455078,151.91613870516915,150.1584362856387,151.0284151361247,8402700
2021-11-04,149.39498901367188,151.09054423086027,147.7970974735724,150.9130022314699,9574200
2021-11-05,149.1819305419922,150.99288044494617,148.61378806796887,149.93648735756258,7975600
2021-11-08,150.0785369873047,151.72970328582724,149.79447250297517,150.06966462846458,6413700
2021-11-09,148.94227600097656,149.5548074994686,147.89476857414357,148.5605613254457,7990300
2021-11-10,148.8002471923828,149.98092137799472,148.3297546994323,148.6493357838505,6999200
2021-11-11,148.79139709472656,149.74125458363417,148.16110719246393,148.7115051980653,5815300
2021-11-12,148.1255340576172,148.9067350210782,147.1135298756721,148.8268296166626,8113400
2021-11-15,147.85922241210938,148.95111851267316,147.36209942471726,148.4362508082924,6492500
2021-11-16,146.79400634765625,148.31201998749316,146.5809477618014,148.3031340804221,9706100
2021-11-17,146.00389099121094,146.9715063941235,145.04514794724378,146.6608112839994,9909600
2021-11-18,144.74334716796875,146.34125248380784,144.30835769306057,145.93289363536465,8122500
2021-11-19,142.85244750976562,143.9088405201546,141.54749303170678,143.18978673542503,12193600
2021-11-22,145.89736938476562,147.34434954562852,144.69006482715585,145.72869974467815,14549900
2021-11-23,149.38613891601562,149.63470046131974,146.80285977133175,146.91826818364734,12354400
2021-11-24,148.21434020996094,150.41589097481364,147.75272013898643,149.54592562787454,9629800
2021-11-26,143.7490692138672,144.38823125913544,140.9882619528493,143.9354971210648,13619300
2021-11-29,143.127685546875,146.2791073290915,141.8760054491083,144.97415243207675,12104400
2021-11-30,140.99716186523438,142.59506729066257,140.51778346481132,141.29011232202862,18922600
2021-12-01,140.1627197265625,144.93867842839416,140.08282783009696,142.92354147324193,12253400
2021-12-02,143.10995483398438,144.92090536361414,140.97053729865502,141.88489169754703,12969900
2021-12-03,140.5177764892578,143.6603259275297,139.54128856067402,143.367375485278,12681800
2021-12-06,142.17782592773438,144.35274620536836,141.55642206920868,142.93238291823403,11186500
2021-12-07,144.31724548339844,145.0451718589263,143.06555184084783,143.7047139755295,9851600
2021-12-08,142.66607666015625,144.9386470831941,142.1866982938537,144.39713510383055,11705700
2021-12-09,142.44412231445312,142.86133990789585,140.83733136117988,141.72505488326885,11189600
2021-12-10,141.87600708007812,143.5449184114819,141.26347556477396,143.20759261923024,10405400
2021-12-13,140.1893310546875,141.84937010986525,139.6211884042916,141.59193618595006,12069000
2021-12-14,141.26344299316406,142.8258314557786,139.63890738450274,139.77206048948094,12563600
2021-12-15,140.20706176757812,141.90261702457528,139.68330811612452,141.90261702457528,14014200
2021-12-16,142.39976501464844,143.65145870937027,140.88175149511085,142.38200674750365,19542800
2021-12-17,139.1595458984375,141.48539092871525,137.75694099263876,141.43212968030053,28082000
2021-12-20,136.65618896484375,137.3308541025031,134.7919637708849,137.1621844316911,15148000
2021-12-21,138.56478881835938,139.53240439857666,137.67706512004878,137.96114320539073,11291300
2021-12-22,139.10630798339844,139.42588907307973,137.8102389026166,138.26297313566954,7273000
2021-12-23,139.60340881347656,141.2545752554857,139.5590334698338,139.91411749249906,8055200
2021-12-27,140.4023895263672,140.43789251579588,138.7867258227818,139.9052664008299,6188100
2021-12-28,140.8284912109375,142.16894915945403,140.33136809216552,140.43789060459122,6342300
2021-12-29,140.7574920654297,141.70736309070526,140.39352203449656,141.01493956851547,6398900
2021-12-30,140.6864471435547,142.2488495131852,140.58879699545278,141.24571740501003,6948200
2021-12-31,140.571044921875,141.40549377176825,140.2248332413656,140.65980915922302,5805900
2022-01-03,143.544921875,144.37938433363047,141.60080477363516,141.91151349183633,13120900
2022-01-04,148.98670959472656,149.6525025457898,145.79089801138616,145.8619175516373,20195800
2022-01-05,146.26284790039062,150.3529939267181,146.21819294369067,149.87075582398552,17539400
2022-01-06,147.81680297851562,149.46892794920416,146.34327064452464,149.0581349058741,14047500
2022-01-07,149.28135681152344,149.6117789932496,147.40595747210386,147.95071528960912,13913300
2022-01-10,149.4242401123047,151.20139027717534,147.82568252856515,150.98706827839385,12922500
2022-01-11,149.57608032226562,150.49591538758978,148.52228035920214,150.2637150155545,11854100
2022-01-12,150.4244842529297,151.45148043118525,149.299238964396,150.44234896632423,12568000
2022-01-13,150.23695373535156,151.64796644427642,149.93332171143717,150.3351892285927,13623400
2022-01-14,141.0028839111328,143.807044853125,140.1187643965111,143.5659188715398,40158400
2022-01-18,135.0908966064453,139.11852392455685,134.4389640627138,139.11852392455685,32324800
2022-01-19,133.0011749267578,135.9482259220611,132.6618271194621,135.35882662442782,22380000
2022-01-20,131.86700439453125,134.50148394816767,131.5990882170737,133.05475566739287,14860800
2022-01-21,129.56295776367188,131.73305036392497,128.8395935635875,131.72412482042682,20705400
2022-01-24,129.44683837890625,129.92015102305317,124.64226671968898,127.06241044703916,28471400
2022-01-25,130.8578338623047,131.1436146963741,125.7317525721211,128.2858608628007,18915900
2022-01-26,132.0991973876953,134.46577450245326,130.34883704894756,132.813636019071,20709100
2022-01-27,129.7683563232422,134.29610064961153,128.7145698489299,133.4387715228418,17536800
2022-01-28,130.92929077148438,131.06324203268753,126.9641699184944,128.7681241211247,14117000
2022-01-31,132.70648193359375,132.87614902364783,129.19680827581053,130.0630629473018,13985700
2022-02-01,134.98374938964844,135.26953033704814,132.43857925744965,132.78686627035202,14584900
2022-02-02,133.90313720703125,134.79618199179012,132.23314782010235,134.4032401062111,12441100
2022-02-03,132.7957763671875,135.43025614568413,132.42962468096954,133.95673748407293,12474900
2022-02-04,136.24290466308594,137.0823689070362,132.85827106175142,133.15297746399662,16654400
2022-02-07,136.69837951660156,137.18954327472105,134.7158188915654,136.87698575835253,12572300
2022-02-08,139.27035522460938,141.52975782547924,138.2433589975901,138.42196525966506,20411400
2022-02-09,139.85084533691406,140.59206065763956,139.15427136248954,139.84190616622618,9131100
2022-02-10,139.27035522460938,142.02093526627365,138.6184362359828,139.90442312577747,16455600
2022-02-11,137.4574737548828,141.27077941494915,136.60908379819318,138.96672186428253,16830000
2022-02-14,136.18040466308594,137.24311651458467,134.2424991078371,136.394726691121,17026500
2022-02-15,138.17185974121094,139.2613752286794,137.39491531024436,137.98431438195402,9500000
2022-02-16,138.4219512939453,139.40430607642196,137.29671969229446,137.29671969229446,9076500
2022-02-17,135.23374938964844,137.28775487958325,134.55504033829814,136.63583607849807,11367500
2022-02-18,135.8678741455078,137.65396425580855,134.96590354544892,135.85894860059932,11733300
2022-02-22,135.626708984375,136.8501896226984,134.32287121151697,134.49255190326284,11333500
2022-02-23,132.7868194580078,136.90375609595887,132.14382617982338,136.74300096302238,11799000
2022-02-24,129.0896453857422,129.4825873292277,124.8298173191874,127.65184252532512,25655100
2022-02-25,132.1438446044922,134.07282470800104,129.41112960457934,129.71476157639572,18367700
2022-02-28,126.63375091552734,129.54507195558378,125.8121513636117,128.19657926061055,31315300
2022-03-01,121.85594177246094,125.45491068104482,119.29290794535208,125.0619688482936,36840400
2022-03-02,124.38329315185548,125.06200237332357,121.99886489314264,122.6061288870693,19405600
2022-03-03,123.49915313720705,125.9014457077426,122.40071190437568,124.88337523241027,16640800
2022-03-04,120.02523040771484,120.93614003106848,118.239140588393,120.50748228993072,21016000
2022-03-07,115.39031982421876,118.49811178399231,115.15811946469606,118.0337246917286,27560100
2022-03-08,114.57765197753906,117.69436964681232,113.65781009895336,115.7743287538605,19207800
2022-03-09,119.16790008544922,120.7753834480156,118.27485528699926,118.6856482632882,17536200
2022-03-10,117.75689697265624,119.17683504395328,116.38161387016636,117.75689697265624,15604200
2022-03-11,115.10454559326172,119.73945036069834,114.6848134403135,118.31951237610286,20061800
2022-03-14,116.24762725830078,118.70350018952276,115.40816305788908,115.6135731506916,15786900
2022-03-15,118.31057739257812,119.26614191873468,117.104975026446,117.70331343810264,15096600
2022-03-16,123.59740447998048,123.67778887458547,120.05201525815532,120.44495718099488,20354900
2022-03-17,125.1602020263672,125.19593144330103,121.3826269790183,122.2220911288247,17050500
2022-03-18,125.1156005859375,125.78538428580488,123.65100744063224,125.19597135949336,23656500
2022-03-21,124.71370697021484,125.70498729177903,123.8921073492365,125.33884926222224,12676100
2022-03-22,127.36605072021484,128.53593728032945,126.56231581492808,127.05349320228456,13548600
2022-03-23,124.82979583740234,126.44620467756982,124.3118282398336,125.90144682726316,12093200
2022-03-24,125.6424789428711,125.6603436549176,124.23146648041369,125.29419200526836,10017600
2022-03-25,126.74092864990234,127.86616030118844,125.74072273764804,125.99969975893404,8383500
2022-03-28,125.80321502685548,125.8925249564406,123.15087091420524,125.02627042123662,10818100
2022-03-29,126.08008575439452,128.24126663217112,125.24063490625224,128.01800538359615,11316500
2022-03-30,125.50848388671876,126.91949601015166,124.94587504686656,126.72302510519395,8771000
2022-03-31,121.7398910522461,125.33886101976842,121.68629691009976,124.87447384198948,17353900
2022-04-01,120.837890625,122.71329016994912,119.48939787240516,122.70435100074064,15721300
2022-04-04,121.3737335205078,122.29356866138258,118.67673415386987,119.77517554628452,17416400
2022-04-05,119.96124267578124,121.81454906414928,119.6643517891317,120.61800754372815,12110300
2022-04-06,118.29686737060548,119.2595010626264,117.82004637523085,118.37783386541516,12914700
2022-04-07,117.93700408935548,118.68372719621222,115.813795534856,117.81105162119827,12994200
2022-04-08,120.09619140625,120.4650433332358,118.29686282037471,118.4587958037654,13126900
2022-04-11,119.65538024902344,121.36473733289309,119.2685310977084,119.65538024902344,10466400
2022-04-12,118.34185028076172,121.07683777078546,117.5861354721194,118.8816544171002,12989900
2022-04-13,114.52729034423828,116.281633323876,113.36672234851824,114.20341058432128,30838000
2022-04-14,113.46568298339844,115.42695176030934,112.47604659659864,113.80755300363244,18835200
2022-04-18,115.57091522216795,116.27265247955658,112.94388949485464,113.0608434164541,11834400
2022-04-19,117.96399688720705,118.14394075729756,115.36396720676184,115.56189448162948,15015400
2022-04-20,118.37783813476562,120.11418376020698,118.1619137463642,119.22352482960204,13430200
2022-04-21,117.4601821899414,119.48442709549728,116.92039178513346,118.95362839270985,12174200
2022-04-22,114.08645629882812,117.4242177291475,113.9785009486456,117.2082933009912,14318800
2022-04-25,114.05045318603516,114.36534121775318,110.75768504496216,113.36671318273147,17149000
2022-04-26,110.6767120361328,113.7265806825748,110.5417678665557,112.1341708426179,17209500
2022-04-27,109.23725128173828,111.16253257473028,109.0573211448566,110.05594919150788,17215200
2022-04-28,110.96460723876952,111.2435078788576,108.98534824301431,110.4877861902218,13015600
2022-04-29,107.38395690917967,111.20753109257689,106.97011205652652,110.70372116132876,14874800
2022-05-02,108.36458587646484,108.5985005674857,106.35833789270694,107.85177738792764,18545000
2022-05-03,110.68572235107422,111.71133933209506,108.66147722581276,109.3362256008999,15720900
2022-05-04,114.34733581542967,114.61723786198236,110.42479875852436,110.4787832861714,17128500
2022-05-05,111.48640441894533,113.44767297323388,109.9030001075869,112.68295964978664,15055400
2022-05-06,111.30647277832033,111.81928117542355,109.02132454059344,111.37844757255442,14417900
2022-05-09,109.63311767578124,110.95562560295744,108.40957339376078,109.8580338031542,14312300
2022-05-10,106.96110534667967,111.36046393484136,105.76454998716216,110.75769040385856,16382400
2022-05-11,106.2863540649414,110.5597600613588,106.10642392643965,107.32996808715706,14630300
2022-05-12,106.19638061523438,106.44828553481577,103.7942784499336,105.26072886829334,16318800
2022-05-13,107.14102935791016,108.18464334933826,106.12441106396624,107.42892855325138,10443200
2022-05-16,106.3943099975586,107.47390449274836,105.4676567974734,106.64621492217655,10269000
2022-05-17,109.9209976196289,110.63173332545873,108.68845490994003,108.89538074384784,11160200
2022-05-18,108.04068756103516,109.73206091727764,107.53687772584507,109.1292874553332,12664900
2022-05-19,106.43929290771484,107.64484677226233,105.827520841503,106.33133757266812,12765800
2022-05-20,105.5666275024414,107.6628474023523,103.47940616928206,107.47391868394206,13150100
2022-05-23,112.0981903076172,113.87053039147747,108.364581427024,108.37357999351175,24376700
2022-05-24,113.6815948486328,114.6982131560294,110.7576855302295,111.88226603730767,19324900
2022-05-25,114.47329711914062,115.03109152196792,112.61099207292516,113.6096201128851,12780400
2022-05-26,116.45257568359376,117.12732406211168,115.3459921866058,115.4899280742352,15990900
2022-05-27,118.09895324707033,118.09895324707033,116.18266362351557,117.10032518338836,11177800
2022-05-31,118.96261596679688,119.79030554101354,116.69547163525124,117.11830126017364,17015000
2022-06-01,116.8753890991211,119.53838766189638,115.75980045765246,119.53838766189638,10768000
2022-06-02,118.75569915771484,118.76469085958637,115.75981509981052,116.86639845272646,8374800
2022-06-03,117.10032653808594,118.54878683229512,116.94738523096942,118.04497694349016,8596000
2022-06-06,116.71346282958984,119.10657351153424,116.47056331714576,117.93700700527803,11323500
2022-06-07,117.01935577392578,117.24427187522622,115.7148314041518,115.90376696947148,6722200
2022-06-08,115.15704345703124,116.46155409438506,114.16741398760132,116.0567078590393,8422100
2022-06-09,112.7369384765625,115.24700972232138,112.70095107858413,114.59025172103082,13560100
2022-06-10,107.5548858642578,111.01859256347376,107.34796002425864,110.28985970425488,12945200
2022-06-13,104.35208129882812,106.1154228590956,103.51539305638484,105.13479186882194,16805600
2022-06-14,102.61571502685548,105.5486227715406,101.86000025675558,103.9562198694619,13357900
2022-06-15,103.83026123046876,105.21573822655722,101.81500823564306,104.01918991175354,14083500
2022-06-16,102.0489273071289,102.79565036358842,100.64545312015964,102.43578325147227,16724900
2022-06-17,101.68907928466795,103.1285411394623,100.90637554756806,102.14791011034777,30919900
2022-06-21,104.2081298828125,105.28772442537144,103.49739417780154,104.24411728275042,11680500
2022-06-22,103.62334442138672,104.54099907647512,102.91260873163154,103.353442359593,9842700
2022-06-23,102.48975372314452,103.62333264439226,100.2945775346937,103.47039136324204,11851500
2022-06-24,105.5486297607422,105.99846197193934,101.5091384260824,101.86900556781907,14841100
2022-06-27,104.70293426513672,106.61022515236664,104.03718457004187,106.21437064311846,11280500
2022-06-28,104.19912719726562,107.32096366353588,104.0011999373796,105.86350491119777,11590900
2022-06-29,103.73129272460938,105.09877939025644,103.21848436700502,104.3610549659152,9338400
2022-06-30,101.31121063232422,102.63371842464493,99.79977413594268,101.8150205098198,15172600
2022-07-01,102.60672760009766,102.93959903531712,100.006698032334,101.34719606689474,10573600
2022-07-05,102.2164535522461,102.29813625751622,99.20314697860752,100.53734630362622,12514200
2022-07-06,101.55388641357422,102.55226983215822,100.55550299499022,101.40867040658895,10656200
2022-07-07,104.12246704101562,104.28583938797875,102.92440547148976,103.01516634766683,10347400
2022-07-08,103.7957000732422,104.96653382112312,103.11498326107488,104.52180077606448,8807800
2022-07-11,102.43428802490234,103.67773348989748,101.85341011013652,103.06054983988244,7939500
2022-07-12,102.53411102294922,104.53995584050604,101.88969990347611,102.18013881541624,11250900
2022-07-13,101.5720443725586,102.08938895660344,100.18337603417554,101.42682143863202,12979900
2022-07-14,98.02323150634766,98.23198773138412,96.26244161341393,98.01415334231731,26204800
2022-07-15,102.51595306396484,103.36004222032456,97.72370763093286,99.07607006855427,18863900
2022-07-18,101.46314239501952,105.13901017275516,101.00933104532784,104.16785416139942,13977900
2022-07-19,103.97723388671876,104.32213487677056,102.2618278744,102.6793334034956,11862300
2022-07-20,103.95906829833984,104.14059000460476,102.9969907908393,103.559712235026,11667500
2022-07-21,104.66702270507812,104.8576225923545,102.89716166279044,103.86831742630903,11595900
2022-07-22,104.15876007080078,105.51111565732424,103.16944794470042,104.59441499315255,7645500
2022-07-25,104.5762710571289,105.70172107742036,104.16783675588512,105.1389926049694,9394000
2022-07-26,102.94254302978516,104.903010967723,102.58857080620362,103.99538846118368,10675100
2022-07-27,104.59440612792967,105.04821733960456,102.83362333536574,103.4780344249909,9337400
2022-07-28,104.2041473388672,105.26607103183925,103.04239153164012,104.60350349433055,10384800
2022-07-29,104.70331573486328,105.7380046686392,104.18597126797532,104.91206499934648,12944500
2022-08-01,103.6595687866211,104.47643045221751,102.62487965173575,103.92278015245827,14740400
2022-08-02,102.04399871826172,103.83201616462608,101.89877579335833,103.39635431452608,14942900
2022-08-03,103.11500549316406,103.55973863410932,101.3905211456112,102.96978255144504,14394500
2022-08-04,101.98046112060548,102.85177785946334,100.76424341194704,102.42519419130576,18033900
2022-08-05,105.06636810302734,105.45664600138852,101.6990899216364,102.1347447839968,14174600
2022-08-08,103.78665161132812,105.91956351491643,103.63235741832136,105.51113608057814,10332500
2022-08-09,104.72147369384766,105.27512393124417,103.80478002339936,104.14967405464242,10233800
2022-08-10,107.45343017578124,108.3429032970684,106.64564668253766,107.063152213065,12847300
2022-08-11,109.041748046875,110.0038255173402,108.28841983811768,108.8239206228206,11684900
2022-08-12,110.8479232788086,110.95684046169175,108.4064236861774,109.52279538113947,9906700
2022-08-15,111.1474380493164,111.38342181173202,109.45925983474582,109.94937676071238,8456200
2022-08-16,112.20936584472656,112.76301611709646,110.61195524948526,110.99315503303534,9555000
2022-08-17,111.2654266357422,111.78277805110474,110.44857201584408,111.00222223353197,8149300
2022-08-18,110.40319061279295,111.15651888328534,109.4138854988238,110.947762679861,9531800
2022-08-19,107.67124938964844,109.8132389383295,107.19928875967574,109.47742306158676,13464500
2022-08-22,105.89231872558594,106.33705875021748,104.8304020292738,105.96493018976378,8967600
2022-08-23,104.84855651855467,106.45505234951126,104.72148991238544,105.9104801909844,7607000
2022-08-24,105.1026840209961,105.6563342775832,103.87738815584142,104.63979462581788,9771300
2022-08-25,107.5986557006836,107.7710992758528,104.9937764983214,105.4294383676452,10758900
2022-08-26,104.07707977294922,108.90563163020596,104.01354646921996,108.4245927698828,11276200
2022-08-29,103.82294464111328,104.24952835453824,102.97885537880298,103.4689723947842,8117300
2022-08-30,103.8410873413086,104.90300394092198,102.8880810034342,104.3765812604845,10745400
2022-08-31,103.2239227294922,104.4038279705531,102.8699435401018,103.90463968862343,10738300
2022-09-01,103.93185424804688,104.0407645161226,101.57203713673448,102.82455369187618,9979800
2022-09-02,103.20575714111328,106.6002634672433,102.73379647194965,105.16622513135546,10666600
2022-09-06,103.23298645019533,104.14968716060882,101.71725846017836,103.76848735316932,9751900
2022-09-07,105.19344329833984,105.38404318181134,102.34350936043518,102.6793252350522,10647900
2022-09-08,107.64402770996094,107.8164782017892,104.04076525711028,104.63072127029264,11435000
2022-09-09,108.16136932373048,108.96008153820604,107.70755808354568,108.13414175725696,9299700
2022-09-12,109.44113159179688,110.32152659616844,108.72410892766553,109.47743732569587,8614600
2022-09-13,105.63819122314452,107.93447523588812,105.0845408969956,107.16299743006752,12904600
2022-09-14,105.3931121826172,106.95421684360984,104.26765545718708,105.91952789494056,9345700
2022-09-15,106.98145294189452,108.3519577566174,105.06636915684524,105.3931137691974,10821400
2022-09-16,106.26443481445312,106.55487371246716,104.71240130400848,106.5457955493578,14844100
2022-09-19,107.24468231201172,107.76202688119582,104.83948120367457,105.28421430798112,8201300
2022-09-20,105.1299285888672,106.81810719760723,104.04985546698217,106.56397397471925,9619000
2022-09-21,102.09844207763672,105.8287707043935,102.03490878647142,105.77431557614022,12606300
2022-09-22,100.93669128417967,103.10590837390453,100.80962469584004,102.90623032805377,11684500
2022-09-23,99.05792236328124,100.1470666293607,97.26083363178914,99.88386218933628,18138600
2022-09-26,96.9250259399414,99.48452159710196,96.26245834278406,98.02324854172402,15753600
2022-09-27,96.07183074951172,98.17751446451491,94.98268662694812,97.7963147140786,12793600
2022-09-28,98.01414489746094,98.6857904856329,95.88123355837668,96.16259429758328,12762600
2022-09-29,96.35320281982422,97.36973553422632,94.75578536555122,97.07021846318578,12713900
2022-09-30,94.8465576171875,97.678342500149,94.7557967460166,96.26244659636296,15973400
2022-10-03,97.77816772460938,98.34996736436852,94.8102384918076,95.86308383758464,12248100
2022-10-04,102.3525848388672,102.5522628939969,99.71140700180528,100.3921238672329,16013600
2022-10-05,101.08885192871094,101.60166568533852,99.66029532864069,100.5027770678327,10943500
2022-10-06,99.02843475341795,100.9057104571456,98.8452889715457,100.23721507884068,11521400
2022-10-07,97.0504379272461,98.6346692694972,96.4002543045864,98.46067587865328,11681100
2022-10-10,96.14385986328124,98.26838343772174,95.7134595164074,97.73725778403534,8931700
2022-10-11,93.36915588378906,95.73177451175344,93.26842359438685,95.57609987779172,12739700
2022-10-12,94.88013458251952,95.9057692770712,92.74645167540932,93.22264195688732,13181000
2022-10-13,100.1548080444336,100.64015068566272,93.18600369948167,93.387468264497,22398700
2022-10-14,101.82145690917967,105.53021152133871,101.39105662147124,102.52657587932734,33387100
2022-10-17,106.09796905517578,107.15107474880033,104.68772420259666,105.68588755994008,22276300
2022-10-18,108.82689666748048,110.0173653829019,107.10530231257025,109.57781264769982,21539700
2022-10-19,106.69322204589844,108.81774558935244,105.92399427010456,108.04851781355856,17072000
2022-10-20,106.34524536132812,108.70786427328294,105.90569257888777,107.28846663788596,12207400
2022-10-21,111.93126678466795,112.07778202749256,106.5283818408246,106.64742591227989,20593300
2022-10-24,112.068603515625,112.727939462223,111.10707774897226,111.78472547783656,12624200
2022-10-25,112.36165618896484,112.88362938644316,110.70416369964258,111.58327608557636,11289100
2022-10-26,113.6528549194336,114.65101135359498,112.52648804820234,112.6363797143062,11667000
2022-10-27,114.10157775878906,115.56676517888997,113.74443854346964,114.6510221680063,10727600
2022-10-28,115.45686340332033,115.64000918376868,113.59790648417108,114.733425693391,11859500
2022-10-31,115.27371215820312,116.69311642839044,115.0081458824523,115.10887815899792,13295200
2022-11-01,117.35246276855467,117.47151383290596,115.68581773328512,116.18031980392584,13386900
2022-11-02,116.27188873291016,119.37625691475094,115.96969186898043,116.89459424650867,16546100
2022-11-03,116.48250579833984,117.37993001810509,115.3012034867295,115.66749509431108,12474400
2022-11-04,119.66928100585938,119.80665083109656,117.6363445290073,118.57955864183003,14953200
2022-11-07,120.30113220214844,121.14361393665178,119.48612163494532,119.96231182336088,12011200
2022-11-08,120.37440490722656,120.933008651379,119.17478390907824,120.18210671759188,9884100
2022-11-09,118.80848693847656,120.35608067680693,118.3322967257678,120.25536237365236,9494000
2022-11-10,123.69854736328124,123.85422197290448,121.36340027267867,121.4549801480463,16351600
2022-11-11,123.90003204345705,124.6967239907288,122.50809875582765,123.79929975343524,10704700
2022-11-14,122.62714385986328,124.2937887909948,122.62714385986328,123.44215454020792,11085600
2022-11-15,121.73887634277344,124.27548835872932,120.51178407947867,123.33226021587494,14038300
2022-11-16,121.9036865234375,122.30661562240206,120.90553014753812,121.79380185031164,7893400
2022-11-17,121.37256622314452,121.69308184959206,120.21873511956515,120.87807117107586,8820200
2022-11-18,122.5630340576172,123.32310238898968,121.13447727985825,123.23153647713228,9468500
2022-11-21,121.83960723876952,123.2223741190831,121.56488154799004,122.47147213562356,7800500
2022-11-22,123.66193389892578,123.8725648586524,122.42568917954846,122.70956728607663,9185700
2022-11-23,124.98057556152344,124.99889433031096,123.49707667164108,123.5703377736648,7316200
2022-11-25,125.2187042236328,125.58499583839831,124.59599171077612,124.98060209821874,3220500
2022-11-28,123.0300750732422,125.19122906709268,122.88355284274716,124.60515411824149,9906900
2022-11-29,125.05386352539062,125.12712464315098,123.0850216381753,123.31395739125288,7925300
2022-11-30,126.537353515625,126.537353515625,121.96780515989336,124.62345411287608,14761200
2022-12-01,124.76081085205078,126.97690687116938,124.01904740649437,126.53734024273736,8858500
2022-12-02,123.77182006835938,123.94581346398752,122.10516119774076,123.15827397065328,8931900
2022-12-05,120.30113220214844,123.23152046335792,119.59602027727313,122.92932364992843,10154500
2022-12-06,120.50260925292967,123.72602829098362,118.92753028962652,122.15094932768046,13966700
2022-12-07,120.4201889038086,121.8670643331924,119.34877140934849,120.24619552064264,11739400
2022-12-08,121.68392944335938,121.77549535581866,120.35609096797695,121.1802680188828,8907300
2022-12-09,121.02459716796876,122.48977757119074,120.8780749357078,121.0612207394694,7957800
2022-12-12,122.90188598632812,123.30480120761078,120.5117959677682,121.24437925964982,8841600
2022-12-13,122.7828369140625,125.5392186234746,121.86709381115912,125.3560727975201,10025400
2022-12-14,122.16926574707033,124.27547724797802,121.57402446793988,122.50808615450605,9966100
2022-12-15,119.13815307617188,120.95132004781694,118.17662026723998,120.09967191197649,12087800
2022-12-16,118.39639282226562,118.9549965474988,117.6088533731357,118.26818937580856,21133700
2022-12-19,119.1015167236328,120.264514093577,118.21324501228304,118.72605878932468,9017200
2022-12-20,119.6784439086914,120.9238548331783,119.22972484959676,119.93485080728036,8549900
2022-12-21,121.02459716796876,121.77549915533008,120.66745796003842,121.0429019671545,8051700
2022-12-22,119.65099334716795,120.23706835533226,117.59057143161893,120.05392253524288,8648200
2022-12-23,120.2187271118164,120.36524932975423,118.7169093107731,119.57770987474812,5091900
2022-12-27,120.63996887207033,121.0795215304467,119.5502326377995,120.4842942633355,5411000
2022-12-28,121.29931640625,122.16926940767723,119.97147796008755,120.74071265196456,8827700
2022-12-29,121.99525451660156,122.0410444503195,121.16192523156307,121.72968128491304,6585200
2022-12-30,122.80113220214844,123.01174916305784,121.2809955885126,121.61981600038357,9292500
2023-01-03,123.73516845703124,125.21868136420498,122.60880867277815,123.84506709990178,11054800
2023-01-04,124.88904571533205,126.07950054076596,124.14729605627132,124.53190647307576,11687600
2023-01-05,124.86134338378906,125.19344650754586,123.3391982014281,125.14731833662437,8381300
2023-01-06,127.25064849853516,127.65655392856924,124.06800139681228,125.58091267835742,10029100
2023-01-09,126.7248077392578,128.1178026001078,126.27278822661012,127.85950171392554,8482300
2023-01-10,127.8595199584961,127.97021633227186,126.66947763502836,127.11227720647598,9048700
2023-01-11,128.80967712402344,128.92037347696242,127.39824231868354,128.13623677339942,8703700
2023-01-12,128.6805419921875,129.94437242636852,128.43146109210693,129.15101562447867,11001700
2023-01-13,131.92774963378906,132.37056322485412,124.35397340286052,125.09198197829284,20200000
2023-01-17,129.8890380859375,130.57168451812987,128.44069478543568,130.23036130203369,14292900
2023-01-18,125.98680877685548,129.8244278394277,125.8392042538952,128.15469214292324,13392600
2023-01-19,124.3078384399414,125.36871603171208,123.23772676781353,124.83367427199016,13303400
2023-01-20,124.61226654052734,124.99049784740328,123.20083173812868,124.68606880111352,13092500
2023-01-23,126.63259887695312,127.26913125596644,124.37245848837478,124.64919945634033,10487100
2023-01-24,127.72113800048828,129.41854812235326,124.53849050290523,125.848449232367,6945000
2023-01-25,128.3392333984375,128.3392333984375,126.61414895175888,127.35215773541736,8967000
2023-01-26,129.132568359375,129.20637063279165,127.63811103263492,128.61596652180285,7487600
2023-01-27,129.4462432861328,130.31338840568634,128.9204073189552,129.71376423474106,7489900
2023-01-30,128.3484649658203,129.2340642277722,128.14551220238417,128.44070726425264,6729300
2023-01-31,129.11412048339844,129.21559684362194,127.53662689744112,129.0403182144774,9188700
2023-02-01,128.77279663085938,129.9628389860808,127.41670971054376,127.4997460694358,8841800
2023-02-02,128.17315673828125,129.5753716687089,127.30599769020552,129.15101214948385,11822100
2023-02-03,130.1565399169922,131.30045393398444,127.4259264364008,127.47204053619367,11501200
2023-02-06,130.92221069335938,131.21741973271486,129.17867277414865,129.36317138557496,8406200
2023-02-07,132.51815795898438,133.1546901998994,130.23956397477656,130.42407668185118,10447900
2023-02-08,131.58642578125,132.8779302241988,131.25432262787135,131.5956457857201,6958000
2023-02-09,129.5384521484375,132.232171333837,129.03107040131695,132.02921863498875,6443100
2023-02-10,130.1104278564453,130.33183468351544,127.85028770927389,128.94807368610296,6582900
2023-02-13,131.52186584472656,131.6694563072167,129.83367588221756,130.3502776917921,7134600
2023-02-14,132.10301208496094,132.66574197126275,130.6270091910982,131.45725993912467,9249400
2023-02-15,132.6565704345703,132.73959272443733,130.35030187373405,130.63627692306238,6728300
2023-02-16,130.82998657226562,132.27831565300778,130.70082204237585,131.8355161088989,8165300
2023-02-17,131.21742248535156,131.76169832719637,129.21558365288175,130.05505446393278,7948800
2023-02-21,128.80967712402344,130.3871564587718,127.99786633222568,129.7875324452297,9996300
2023-02-22,127.8226318359375,128.62520882440992,126.78942798168823,128.15473508571,11107500
2023-02-23,128.84657287597656,129.30782645428664,127.25063943639948,127.97941389653889,8068000
2023-02-24,130.0089569091797,130.40564239801506,128.1639421690133,128.33000081532785,9126900
2023-02-27,131.1436309814453,132.2045086636795,130.73772554869174,131.09750280475183,10014700
2023-02-28,132.24142456054688,132.6196418483036,130.90377774001217,131.8631931964461,11019800
2023-03-01,131.50340270996094,132.34288763092906,130.81152231767038,131.0882772898551,7139200
2023-03-02,130.1381072998047,131.39270367337005,128.726658226856,131.217439116247,11106800
2023-03-03,132.5273895263672,132.6011917925285,130.14731922895072,130.54399057368198,9513100
2023-03-06,131.7524871826172,132.87793303450798,131.60488264991764,132.3244371513992,9261300
2023-03-07,127.87793731689452,131.28199097093213,127.13070877358716,131.00523600917407,11747600
2023-03-08,127.12149810791016,127.85027262027845,126.28201315690056,127.30599673718818,10002500
2023-03-09,120.2396011352539,126.70638648016,119.20639743763412,126.16209646141526,25888100
2023-03-10,123.29307556152344,124.77831264323945,117.91486420009788,118.96652883128668,37599700
2023-03-13,121.0790786743164,123.5052772885632,119.38166868303324,121.04218457726408,42901100
2023-03-14,124.18793487548828,125.02741994179004,121.11598371273358,124.79679310443318,29648100
2023-03-15,118.32076263427734,120.83921730242474,116.90933485138834,120.82998322201568,34280600
2023-03-16,120.61781311035156,121.72481890489128,116.25435107656224,118.09013838380623,24558500
2023-03-17,116.06063079833984,118.52372338026191,115.72852763693784,118.43148110430432,38396000
2023-03-20,117.28756713867188,119.43701064586844,116.24513651602736,117.14918964833144,22875500
2023-03-21,120.43331146240234,121.52186314469816,120.1012083247568,120.4702055548776,17807800
2023-03-22,117.32445526123048,120.5347831207978,117.2322059572907,120.4425267786873,17250200
2023-03-23,117.01080322265624,119.49234970190211,116.254347643155,117.98866558506346,16677600
2023-03-24,115.23038482666016,115.9407123176095,113.56986894913054,115.89458413950018,22311100
2023-03-27,118.53295135498048,119.35398217332512,116.50343135783469,116.96468494288992,18853900
2023-03-28,118.89273071289062,119.31707613597284,117.84106604505388,118.73590618033046,10820500
2023-03-29,119.13258361816406,120.12889311989856,117.86874617402836,120.0181967562647,14595300
2023-03-30,118.77279663085938,120.03662693329808,117.75804016436588,119.87980240554847,12134700
2023-03-31,120.2119140625,120.23958815310226,118.86506139871328,119.61228999766035,13105200
2023-04-03,120.07354736328124,121.25435552036944,119.3816669239088,119.84292055015707,11775400
2023-04-04,118.46836853027344,120.47020739068545,117.53664136039777,120.3871851240944,11579900
2023-04-05,118.64501953125,119.14707668722164,117.57580902387382,117.89192670388562,9614700
2023-04-06,118.5148696899414,119.08201601577716,117.94772336410566,118.0778873969131,8760200
2023-04-10,118.90534973144533,119.22146032380778,117.35267385939126,117.65019263184118,9477300
2023-04-11,119.4911117553711,119.88160386923768,118.57995639627434,119.28656624046724,10516300
2023-04-12,119.47249603271484,121.26690103116188,119.06340506045576,120.10471721761408,11821000
2023-04-13,119.92808532714844,119.97456133339055,117.9198281563234,119.43532049173513,12450200
2023-04-14,128.98382568359375,129.34642652580754,125.42289218861391,125.65532898969498,43931300
2023-04-17,130.00656127929688,130.22039917713522,127.98901142423924,130.11812641089648,16050500
2023-04-18,131.46624755859375,131.8195560320996,129.26275124856613,130.41564287639508,13760100
2023-04-19,131.2989044189453,131.55923250733605,130.53650488378904,131.30819678395326,9158100
2023-04-20,130.91769409179688,131.49413278576523,130.01583822017926,130.08092733043537,10586200
2023-04-21,130.66664123535156,131.19660385164096,129.0302915712904,129.922854961478,11842500
2023-04-24,130.8433074951172,131.18732357463173,130.20177971600685,130.59228598862495,7567500
2023-04-25,127.99826049804688,130.1273889514079,127.96107686236238,129.7926794829972,10629300
2023-04-26,125.72969818115234,128.128447436302,124.58611320390236,127.95179321485382,14416100
2023-04-27,127.42184448242188,128.22142756587223,126.12949656476763,126.44560717787672,9041100
2023-04-28,128.52822875976562,128.60261022124138,126.13877219035167,126.96624644240126,9887300
2023-05-01,131.28028869628906,133.29783821644935,130.93628680641368,132.26581836000824,20415800
2023-05-02,129.16043090820312,132.40525252719615,128.7048498437153,131.4661991276203,14113400
2023-05-03,126.42700958251952,128.92803160871594,126.22246408088758,128.71419374312444,12930900
2023-05-04,124.69767761230467,126.1852786601543,122.5499640622479,125.47867596517398,17089200
2023-05-05,127.13359832763672,128.19350924379185,126.36190668538514,126.85467141563548,11261400
2023-05-08,127.44046020507812,128.27722704115507,126.89189855490372,127.83095234103516,7484900
2023-05-09,126.82678985595705,127.32884698655891,125.71109630932034,126.38050108785184,7343600
2023-05-10,126.8918685913086,128.36087057692168,125.3949753302002,128.25859783783426,8133400
2023-05-11,126.49207305908205,127.19867562083736,125.42285557415391,125.51583594216936,7057300
2023-05-12,124.67909240722656,127.36606097216954,123.77723658077858,127.20800566679816,9988600
2023-05-15,125.72969818115234,126.13878918096604,124.54892956156252,124.83714889684532,7639500
2023-05-16,124.88362884521484,126.3898145056844,124.5489193443534,125.94353990014044,6477200
2023-05-17,128.7235107421875,128.85367479660815,125.94357539702828,126.3526522917661,12711500
2023-05-18,129.69972229003906,129.9135601537646,128.0819572058346,128.5561373131233,10999600
2023-05-19,129.40219116210938,130.6201717479733,128.42596808225812,129.9693374456531,13492200
2023-05-22,128.3329620361328,131.68934887505054,127.98896022676163,131.0943114331809,11402500
2023-05-23,126.9941635131836,129.2627488951612,126.87330602719749,127.877420494051,9514900
2023-05-24,125.83196258544922,126.77101618732584,125.59023345923494,125.8877451386668,8578000
2023-05-25,126.13877868652344,126.69663258291456,125.1253578219997,125.34850221791892,8472500
2023-05-26,127.3195571899414,127.9331936183434,126.10159088275203,126.5478654730383,8579900
2023-05-30,127.80303192138672,128.04476103992013,126.46419393944916,127.18939548186306,7399900
2023-05-31,126.17595672607422,127.2265610650918,124.9579763828472,127.12428833968532,14219900
2023-06-01,127.91461181640624,128.5189417760317,125.93424589021166,126.92908212873871,12248100
2023-06-02,130.60159301757812,131.54063260172768,129.55097412008783,129.7555196432597,12922500
2023-06-05,129.3185272216797,130.26687328356348,128.42597790551957,130.26687328356348,8511900
2023-06-06,129.55096435546875,130.25758126837246,128.50035972398217,128.9373278322047,9329500
2023-06-07,130.8061065673828,131.3453615251316,129.07677659488266,129.74619556403198,9281400
2023-06-08,130.8433074951172,130.99207043832266,129.6811236016028,130.7875249381189,7368100
2023-06-09,131.1036376953125,131.83814587263618,130.3598513407576,130.49001537148624,7249100
2023-06-12,131.09434509277344,131.3918709835064,129.94145354640617,131.15943420142702,7596600
2023-06-13,132.04269409179688,132.83297065646826,130.29476491165087,130.61087553751943,7701600
2023-06-14,131.5499267578125,133.5209861370307,130.81541857922923,132.95383981928003,9068700
2023-06-15,133.0375213623047,133.32574071990598,130.19249724469475,130.71315339866047,9343100
2023-06-16,133.19557189941406,133.85569861958822,132.48896917108857,133.0003329420945,13813500
2023-06-20,132.51686096191406,132.95384326002164,131.13153259272033,132.5912424367851,8428600
2023-06-21,132.32159423828125,133.90216123389115,131.7358491133408,132.8608349910178,9926500
2023-06-22,129.77410888671875,132.58194925175235,129.18836364249506,132.312314633662,10075200
2023-06-23,129.0953826904297,129.4021867304495,127.95178361219068,128.80714918996347,9919500
2023-06-26,129.41148376464844,130.1738689072679,128.0168633016688,129.11395792287587,8429700
2023-06-27,129.42079162597656,130.0158291939676,128.80715514394416,129.2348450460071,8154000
2023-06-28,128.8536376953125,129.43009050189633,128.26790671248017,129.3836003129569,7558600
2023-06-29,133.35365295410156,133.47452464698455,130.0251699915638,130.2297155394496,15423200
2023-06-30,135.222412109375,135.74306818320116,133.5674635089359,134.4414279986358,14212800
2023-07-03,136.31019592285156,137.11907119999535,135.7430497366165,135.91970392054725,8021600
2023-07-05,135.4021759033203,136.14171413854416,135.14006000089324,135.68301845141943,8934900
2023-07-06,134.0635223388672,134.23201930820707,132.4065640524601,133.88565490395533,9709500
2023-07-07,135.121337890625,136.52553639400776,133.86692398915542,134.71880784275996,8981500
2023-07-10,135.8795928955078,136.66595485612726,135.2711126354132,135.2711126354132,9100100
2023-07-11,138.00462341308594,138.37908490759793,136.40384516231424,136.99359880427176,11260900
2023-07-12,138.68795776367188,140.29810603554432,137.61141161777363,138.03266818424507,11323200
2023-07-13,139.3619842529297,139.830050313331,138.31352084858835,139.20284350650235,11234900
2023-07-14,140.20452880859375,143.1252568102743,138.93138839786866,141.870843043834,27028400
2023-07-17,143.58395385742188,143.93031818225228,140.7474745833013,140.7474745833013,17262400
2023-07-18,143.84609985351562,144.53882864830726,143.05975211033515,143.5839839391221,13491700
2023-07-19,144.39840698242188,145.2971002736689,142.49805956001194,142.99420853526703,12510000
2023-07-20,146.1770477294922,146.58894821231368,144.5481867273733,144.6605180284174,9935900
2023-07-21,145.05368041992188,146.16768001485138,144.81029119211755,145.84939849751257,10636400
2023-07-24,147.9088897705078,148.64842793429298,144.84773343199822,145.07241030562304,14381400
2023-07-25,146.8042449951172,147.64675818414187,145.9991708055912,147.25358441031418,9944700
2023-07-26,147.68423461914062,148.14294461366953,146.29876273861433,146.70130707753685,8728600
2023-07-27,146.0553741455078,148.6390943050811,145.6153907955602,147.69360576809055,10778400
2023-07-28,146.88851928710938,147.53445284492707,146.4485359733566,147.234883659289,9103800
2023-07-31,147.8714599609375,149.20076607298495,147.11318082189925,147.14126364731788,8892700
2023-08-01,147.1412811279297,147.90891653855547,146.17706591601933,147.37531422371853,6853900
2023-08-02,145.47494506835938,145.74643141841656,144.1081999906907,145.6247296556844,8299400
2023-08-03,146.3642578125,146.89784567536452,144.4919936347091,145.1004737787943,6084000
2023-08-04,146.0553741455078,147.7216885960237,145.75580493522597,146.41109472740982,6209400
2023-08-07,146.7480926513672,147.6280592895261,146.59832234097993,146.59832234097993,7251800
2023-08-08,145.92428588867188,146.01789053426512,142.8444030785175,144.46392200237997,8623400
2023-08-09,143.96775817871094,145.58727709541188,143.66820331619675,145.4000535208101,6277800
2023-08-10,143.75245666503906,145.51238975141104,143.31247339344608,144.520091916497,5995100
2023-08-11,144.5856170654297,144.65115317660656,142.88186387000218,143.25631104053193,5180700
2023-08-14,144.88519287109375,145.02560699541831,143.15334248845306,143.7992760288352,5044300
2023-08-15,141.19683837890625,143.48100350640703,140.6351532778257,143.08782964934886,10300300
2023-08-16,140.5977020263672,141.3185278436564,140.12026544675294,140.9815196692057,6978200
2023-08-17,139.1373291015625,141.59934699720856,138.9220084176471,141.2436264856294,9953900
2023-08-18,139.4556121826172,139.9517610959369,138.02333108805377,138.2199108469386,8517500
2023-08-21,139.93307495117188,140.51348678480727,138.56632957017854,140.0922157539315,8327000
2023-08-22,137.03103637695312,140.08282221486544,136.534887452353,139.72708740694694,9673300
2023-08-23,137.9578094482422,138.16375969245578,136.16980765056223,137.00296480788273,7858000
2023-08-24,137.82675170898438,139.86752750903037,137.60208910349877,138.0795114244007,6534000
2023-08-25,137.65826416015625,139.12798451368934,136.53490820324166,137.87357059987212,6695500
2023-08-28,138.1356658935547,139.11860756571917,137.73313590181482,138.14503635752138,5094100
2023-08-29,139.25904846191406,139.34331123259852,137.7799575793808,138.27612088497915,6337000
2023-08-30,138.69735717773438,139.62411896057506,137.78930775518225,139.127970012283,6277300
2023-08-31,136.9842529296875,138.8752443375692,136.6378885199195,138.79098156731098,10933900
2023-09-01,137.4429473876953,138.62246891114418,136.3944695270514,136.75956054270785,7903500
2023-09-05,135.9263916015625,138.74415864513009,135.74852419936798,137.76121698537963,7854700
2023-09-06,135.7017364501953,136.24468058187983,134.9060183286584,135.45833292470454,8629200
2023-09-07,134.54095458984375,135.99196271974506,134.23202917243916,134.92477231609618,8373700
2023-09-08,134.64390563964844,134.91537771193595,133.53926213708527,134.21327851187928,7107900
2023-09-11,135.23367309570312,135.78598770305322,134.5128472530841,135.5051451671015,6854200
2023-09-12,136.9936065673828,137.91102656774115,134.84986974127222,135.27112644775508,8363200
2023-09-13,137.0591278076172,138.26673213964824,136.506813201659,137.92972395420438,8325900
2023-09-14,139.7177276611328,140.32620786354758,138.09822299168405,138.39777786104037,10034900
2023-09-15,139.3058319091797,140.16707182842225,138.83776580409716,139.4088070236676,19863400
2023-09-18,139.5960235595703,139.61475020241627,138.31352706736544,138.69734468236973,6512400
2023-09-19,139.4181671142578,140.15771958020997,137.80803280911252,139.95176934545702,7943400
2023-09-20,138.8284149169922,140.65386993955852,138.67863032943688,140.09218487834835,7332000
2023-09-21,137.74252319335938,139.34331591065376,137.26510080327012,138.15442374210164,8052400
2023-09-22,136.4225311279297,138.08884517442365,135.91702606345376,137.88289496335204,7071700
2023-09-25,137.09654235839844,137.16207846143809,134.52217909897934,136.0668056251761,7044700
2023-09-26,135.67364501953125,136.52552882591283,135.0183552777935,135.36473393604743,7468400
2023-09-27,136.46937561035156,136.75957435926273,135.2804835021302,135.9170609408596,6717800
2023-09-28,138.16378784179688,139.36203626085407,136.68469682484394,136.9374565913749,8868100
2023-09-29,135.75790405273438,139.25902955568586,135.60811946323787,139.109259250434,11917800
2023-10-02,134.5877227783203,136.31955867978297,133.520532702074,135.58002056869492,9170600
2023-10-03,133.59544372558594,134.41923041723004,133.25843553401722,134.054139400051,9431100
2023-10-04,134.194580078125,134.30691139083365,132.8652595512566,134.0447954716826,8128700
2023-10-05,134.76039123535156,134.94901072046437,132.8083061933225,133.9493763741643,8576200
2023-10-06,136.8350830078125,137.57065291285397,134.04367882202118,134.7698235091785,10270600
2023-10-09,136.5238800048828,137.11798531189535,135.32621539355333,135.47710521963256,6964900
2023-10-10,137.35372924804688,138.40994351775856,137.00480915687686,137.13683414188532,11288800
2023-10-11,137.8252410888672,138.8437256523832,136.75961605388252,138.16473594337253,8698200
2023-10-12,137.504638671875,138.5891431366781,136.86337847882652,137.96673338014548,10484400
2023-10-13,139.5699005126953,144.3888348154425,139.41901068024754,140.04142044685983,29427000
2023-10-16,139.42840576171875,141.00328011213313,138.36276644613298,140.93726043540326,12663500
2023-10-17,139.12664794921875,140.80525749010098,138.42879338011554,139.1643775960049,11482700
2023-10-18,137.5989227294922,139.07948753982038,137.08967324569366,138.2401828028462,9620300
2023-10-19,137.01426696777344,138.64573642948045,136.62763152732992,137.19344685926188,11143600
2023-10-20,134.80755615234375,136.87281591727077,134.02483127766632,136.33529063565342,13332900
2023-10-23,132.96861267089844,135.49595244442185,132.71398789413,134.7981121972243,10133400
2023-10-24,133.12893676757812,133.6570367926189,132.36507677495513,133.1478015940857,8881400
2023-10-25,132.40280151367188,133.13837151399747,131.5634965446005,132.56313096599058,8242600
2023-10-26,132.74227905273438,133.6004487370822,131.48803437322115,131.7992392386323,9109400
2023-10-27,127.96104431152344,131.17681276799507,127.48952451636838,131.03534819566326,17434700
2023-10-30,129.59251403808594,130.17719404826093,128.29111464548342,128.66833915982525,9855500
2023-10-31,131.13909912109375,131.3088537506683,129.63966944313077,129.86600415268222,9672500
2023-11-01,131.0259552001953,132.52538506399418,130.58272533258497,131.3182952427371,9432000
2023-11-02,133.3646697998047,133.42124987825363,131.29941059855653,132.1104252988265,10186200
2023-11-03,134.85470581054688,135.58085056324327,133.77021568051663,134.0908457932642,9538700
2023-11-06,135.8731689453125,135.9769038934277,134.6566396092663,135.01499931905428,7625100
2023-11-07,135.80714416503906,136.0429040937685,134.68493899158793,135.33562430758016,6297900
2023-11-08,136.47669982910156,136.58985998285516,135.43935045421637,135.90144506478217,7618200
2023-11-09,136.07118225097656,137.35371672684704,135.51479232127906,137.15568646220893,7992500
2023-11-10,138.0893096923828,138.136464559863,135.87317481726728,136.68418961313236,7983300
2023-11-13,137.47633361816406,137.91956345188186,136.89165357778936,137.40088871139884,6676300
2023-11-14,139.98483276367188,140.74869271323962,138.174198041455,138.32507347607216,9927700
2023-11-15,141.21078491210938,141.60685990157586,140.00369511859856,140.00369511859856,8365300
2023-11-16,142.82334899902344,142.89879389613486,141.5408145274149,141.5408145274149,8126200
2023-11-17,144.11534118652344,144.15305644499725,142.90823707069305,143.53064675784515,7812400
2023-11-20,144.55856323242188,144.99236786773022,143.26660332342516,143.41749314350156,7019000
2023-11-21,144.25680541992188,144.87921516759508,143.87959523992686,144.47370055393674,7083500
2023-11-22,144.59629821777344,145.11497299989654,144.19078361006055,144.6717431305955,5174500
2023-11-24,144.79434204101562,145.6430865972685,144.5491568436877,144.84149691463753,3496900
2023-11-27,144.46426391601562,144.78489398263042,144.01160885787445,144.69058425026378,6259100
2023-11-28,144.79434204101562,145.10554693934364,144.0210567942755,144.4925767512003,6582700
2023-11-29,145.52992248535156,146.76530243681577,145.22814281403222,145.3884578683031,9126100
2023-11-30,147.1896514892578,147.2368063564752,145.5864867313831,146.08629666666795,9869800
2023-12-01,147.9063720703125,148.86827678185622,146.94448174841548,146.94448174841548,8916000
2023-12-04,148.99085998535156,149.04744006979425,147.0010454744615,147.1330704680428,9607500
2023-12-05,148.97201538085938,149.47182538080324,148.02897547309405,148.3024507149013,9135600
2023-12-06,147.40655517578125,150.15080456532945,147.11421512755064,149.79244482122945,9366000
2023-12-07,147.85919189453125,148.34957657978003,147.25564704716516,147.76489655598155,8130900
2023-12-08,149.49066162109375,149.73584676995327,148.0383723826528,148.3024223551613,7369400
2023-12-11,150.03762817382812,150.2262332436277,149.1417289104025,149.49066339865834,8093900
2023-12-12,151.37673950195312,151.4993248802861,149.83015494063707,150.16021020801867,10223000
2023-12-13,151.885986328125,152.80073607591623,150.66947133004385,151.376751172791,12379100
2023-12-14,154.6491241455078,155.45069945659677,152.49899424453778,152.6121544320686,13643000
2023-12-15,155.81845092773438,155.8656057922749,153.14022154170772,153.79092125929148,20309300
2023-12-18,156.76153564453125,157.61028028088467,156.1957202766108,156.46919554599174,8469600
2023-12-19,158.8550567626953,158.87392158842906,156.12024700678276,156.54461205309389,10345700
2023-12-20,157.06329345703125,159.760388064777,156.9689837140342,158.42127317416848,10734700
2023-12-21,157.95916748046875,158.5155575124074,156.24282812678547,157.3367577550905,7601700
2023-12-22,157.86485290527344,158.64757764689784,157.70453786994963,157.95916263882626,6576300
2023-12-26,158.7984619140625,159.15682162146308,157.65737749239696,157.92144185918576,4683600
2023-12-27,159.75091552734375,159.81693521176237,158.0345907978248,158.2797759335722,6428600
2023-12-28,160.5996856689453,160.93918058278578,159.3737310139855,159.7038007098136,6320100
2023-12-29,160.4110565185547,160.96744648038407,159.96782671448216,160.31674679399487,6435100
2024-01-02,162.27830505371094,162.36317518980186,159.28887034656313,159.458610618745,9977400
2024-01-03,161.5709991455078,162.24054929758722,160.6656746705868,162.07080905271448,9852300
2024-01-04,162.6432342529297,164.4840152154625,161.81772058185263,161.9126118704199,11972500
2024-01-05,163.45924377441406,164.5124733318374,162.70015693042274,162.70015693042274,10066000
2024-01-08,163.22201538085938,163.54462255510825,160.8214137681895,163.22201538085938,11229900
2024-01-09,161.9315643310547,163.0037604143166,161.4002079573363,162.84245683503605,9923600
2024-01-10,162.27316284179688,162.33009181707794,160.309026324343,161.3053268268902,9670200
2024-01-11,161.58998107910156,161.64691005258496,160.0148785803073,161.61844556584327,11919500
2024-01-12,160.40391540527344,167.29259640908697,160.26157849064393,164.9109759460637,19436500
2024-01-16,159.39813232421875,159.49300912270533,155.8968555922771,156.43769533094127,17206400
2024-01-17,158.54415893554688,160.42290202843512,157.97485469273727,158.78137265631167,11107500
2024-01-18,158.85728454589844,158.9616591633274,156.788787827513,158.57262518214884,9382300
2024-01-19,161.5994873046875,161.84619886256158,158.53468981159222,158.98065280488078,13115700
2024-01-22,161.40972900390625,163.18408326891642,161.0301927849708,161.7418340542588,12837500
2024-01-23,160.3469696044922,161.06809400313085,159.82509659569962,160.99218388563608,8360800
2024-01-24,161.77976989746094,162.26368071250425,160.2236483497231,160.69807582742826,9967100
2024-01-25,164.09495544433594,164.1424010811721,162.16878131146788,163.49717227262667,8873500
2024-01-26,163.46871948242188,164.20882513921873,162.9942920368661,163.78184333389387,7443000
2024-01-29,163.8957061767578,164.00008079702863,162.5388505916141,163.43077653240536,6971200
2024-01-30,167.25465393066406,167.71958355620103,163.99059082342822,163.99059082342822,10822100
2024-01-31,165.4423370361328,169.18082757038678,165.42335588463555,167.18822653609234,11521800
2024-02-01,164.8445587158203,165.8977882402984,162.66218953700178,164.75916524911648,9354800
2024-02-02,165.79342651367188,166.82768944489155,164.39860853554015,164.43657084261173,8607600
2024-02-05,165.57518005371094,166.13500096991308,164.07598757427212,164.9679134968324,7820200
2024-02-06,166.14450073242188,166.8751085895703,164.87302414792433,165.6795566137463,6764800
2024-02-07,166.45761108398438,166.87510956386498,165.062807676568,166.7043226284831,7225500
2024-02-08,165.85984802246094,166.34375883435635,164.69276048884402,166.04961611663302,6060300
2024-02-09,166.05906677246094,166.14447470465046,164.7876048655243,166.04958343705084,6296700
2024-02-12,166.79920959472656,167.76704572264995,164.81610617285773,165.8408712827099,8539300
2024-02-13,165.3474578857422,167.2167032899838,163.79133635147977,166.3532562916045,8397600
2024-02-14,167.0269317626953,167.09335855725456,165.4992747499821,166.11603914000582,7056700
2024-02-15,170.67050170898438,170.99312333219834,167.14076082984667,167.14076082984667,8723400
2024-02-16,169.8734893798828,170.77489862748652,169.04799026069725,170.42382695213206,8152600
2024-02-20,170.5376739501953,171.23034839812226,169.28519310769673,170.02529871425853,9668000
2024-02-21,171.64784240722656,171.73325035019496,169.38957763277347,170.7464331647667,7024000
2024-02-22,173.70687866210938,174.0389691999663,171.970472406029,172.52081000181218,9296500
2024-02-23,174.57980346679688,175.72790969059875,173.8207167154575,174.40900207051712,7105800
2024-02-26,173.9820556640625,175.02580196912146,173.14705862001532,174.3521085397873,7145400
2024-02-27,174.0674285888672,174.15282205509578,172.91932226723353,173.93458948194154,5717100
2024-02-28,174.9498748779297,175.7279283839972,173.60250262820136,174.04845112073724,6131600
2024-02-29,176.54393005371094,176.89500171310078,174.4469689552258,176.16439390725577,9643000
2024-03-01,175.81333923339844,176.90453118689683,175.63306894251502,176.20237326408164,6311800
2024-03-04,177.13223266601562,177.99569413338153,174.84550327171607,175.26300176048102,7063600
2024-03-05,178.9066162109375,179.61825747313026,176.82862140879405,176.82862140879405,6617800
2024-03-06,179.83645629882812,180.3488460192698,178.0336378978686,179.570778102442,7572900
2024-03-07,178.26136779785156,180.75686085108097,177.08479697238374,180.19703992745505,7618300
2024-03-08,178.5934600830078,180.7189001480093,178.3088007338345,178.80220930717653,6172200
2024-03-11,178.65985107421875,178.80218797100855,176.6957293082124,177.70151300734722,5762600
2024-03-12,180.130615234375,180.43425575956988,178.29933218131626,179.2861349314453,5708400
2024-03-13,181.59182739257812,181.9239178693418,180.13058296401942,180.62399148987848,7795500
2024-03-14,178.3562774658203,181.82909027874695,177.53077823984108,181.25977148114708,10310900
2024-03-15,180.5670928955078,181.1743594608808,176.9424601771041,176.9424601771041,17214200
2024-03-18,182.8063812255859,182.84432904958828,180.17804920335632,180.88020701359716,9013800
2024-03-19,183.8785858154297,184.0114249231001,182.54071140188407,182.85383525818784,8478700
2024-03-20,186.2886962890625,186.5069288762153,183.70780963606143,184.2581472510197,9367000
2024-03-21,188.8790283203125,189.2300999523568,186.2886588505027,186.4689435734579,11203800
2024-03-22,186.5638427734375,190.2264232070592,186.48793264526577,188.83160536845347,8108800
2024-03-25,184.8559112548828,186.8674789302264,184.41943164766377,186.5448717517989,8620000
2024-03-26,185.7193298339844,186.60177225016423,184.13474419289415,184.63763603498495,5961500
2024-03-27,189.31553649902344,189.3914466295502,186.33613264813872,186.4499906047404,8725800
2024-03-28,190.05564880371097,190.4541661440958,188.38565483061905,189.28707861308453,8628300
2024-04-01,188.7652130126953,190.6629229824968,188.414141301363,189.76151364251672,7309000
2024-04-02,188.68930053710935,189.56224537498983,187.94919481633295,188.24333754146488,7014700
2024-04-03,188.1579132080078,189.35346506585583,187.5885945261513,188.86005650680525,9353400
2024-04-04,186.7263336181641,190.5725228336972,186.63090338860297,190.06669747224808,9243800
2024-04-05,188.4442443847656,189.08368373972883,186.21097596961084,187.21308807266684,6532300
2024-04-08,189.42726135253903,189.90445619693176,188.60648563767035,188.60648563767035,8001000
2024-04-09,188.1579132080078,189.80901778367087,186.02008971749524,189.03596449913155,7351500
2024-04-10,186.55453491210935,188.08156408606877,185.3233641819326,186.63088782709028,7681400
2024-04-11,186.51638793945312,187.60440627028007,184.42628655151975,187.0603971048666,10137700
2024-04-12,174.452880859375,180.31283283345405,174.21428344257563,179.730669116781,31532300
2024-04-15,174.54832458496094,178.90989232756837,173.88979338856458,176.0848925222756,14766600
2024-04-16,172.5536651611328,174.80602549423577,171.45610823988386,174.55787484556882,16451800
2024-04-17,171.86648559570312,174.09975382543902,171.02661806472688,173.0976418055842,9017100
2024-04-18,172.9831085205078,174.99687108359075,171.76149104329275,172.83995591100177,9557700
2024-04-19,177.32562255859375,177.40197548789726,173.13585204182792,174.08068859594022,13402300
2024-04-22,180.77093505859375,181.45809672584136,177.49737120450726,177.50692442058224,11529700
2024-04-23,183.37644958496097,183.46234116906865,181.8303428196935,182.4125211611438,9144400
2024-04-24,184.2735595703125,184.41671219594377,181.49628213042132,181.83986299476692,6964900
2024-04-25,184.55032348632812,185.0943325814848,182.46020780549335,183.4814117295957,9802300
2024-04-26,184.66485595703125,185.98190375230607,184.25446084078007,184.74120887546937,6413700
2024-04-29,184.4644470214844,185.39974488523453,183.65320992069704,184.6553220561309,5387800
2024-04-30,182.99465942382812,186.09642549292656,182.89921464272427,184.01584868006023,8153700
2024-05-01,183.10922241210935,185.59064164679583,182.08801836494132,183.50052571408025,7445300
2024-05-02,182.9183349609375,184.67440852887157,180.87594156798932,184.26402794452196,6501700
2024-05-03,181.82077026367188,183.74864146909349,179.86428309609008,183.2428161104816,8922800
2024-05-06,183.24281311035156,183.43368812810877,181.16225065998637,182.98512382682264,7911100
2024-05-07,183.0042266845703,184.13039955093177,182.90878188854623,182.95650428655827,7688800
2024-05-08,186.7263336181641,187.6807232907595,182.2884274657276,182.2884274657276,9227600
2024-05-09,188.4919586181641,188.57785019283477,186.2014292499616,186.268228953762,7977300
2024-05-10,189.7040557861328,190.24805037411755,189.22686090836316,189.48453565711975,7529800
2024-05-13,189.66586303710935,190.73478941529615,189.00733180699527,189.73267730698475,7049200
2024-05-14,192.3190460205078,192.38586028369684,189.1218495488787,189.92353333016817,8596200
2024-05-15,192.8916931152344,193.44524086083933,190.65842482501571,192.79624832491857,8370000
2024-05-16,193.2352600097656,195.15357782872616,192.7771570875777,192.99666261404684,8497900
2024-05-17,195.449462890625,195.69761353618276,193.5597753367388,194.51416504960696,9260500
2024-05-20,186.65951538085935,196.4897309451442,186.4877176841775,195.06768523154884,17373300
2024-05-21,190.41981506347656,190.78247320493176,187.63299920837585,188.01474921922215,14420800
2024-05-22,189.2650146484375,191.77506416081215,188.6732977083887,189.92354585608183,9425300
2024-05-23,187.9384307861328,189.25549332200828,187.12720822353947,188.78783709451417,8069400
2024-05-24,191.55555725097656,191.6032650842563,188.54922104999036,188.73055741751145,7356200
2024-05-28,190.4007568359375,191.26925501132143,189.59907293381323,190.7443377315382,6910200
2024-05-29,189.0741424560547,189.91401004508248,187.90978586684105,188.9691590074262,6120000
2024-05-30,190.23849487304688,190.7347815795727,189.35090490632123,189.5036107487647,6829100
2024-05-31,193.38800048828125,194.0274398758393,189.3032135067126,190.20988086032972,14417900
2024-06-03,192.61492919921875,193.18755426057615,190.10487971991847,193.0825708149027,6444300
2024-06-04,190.0762634277344,192.76763491215212,189.23639579945825,191.0306531642912,6848300
2024-06-05,188.2628936767578,190.70614336889636,187.9384046967656,190.6488677581653,8351600
2024-06-06,187.9288787841797,188.9882519306607,186.42094131495605,188.26290644052497,7640300
2024-06-07,190.83021545410156,191.755974617706,188.024307437637,188.42514935958465,6964500
2024-06-10,190.50572204589844,191.6796172589224,189.38908788285167,190.15260252915212,6070800
2024-06-11,185.4951934814453,188.91191055404263,184.7698625098068,188.8832800264011,9235300
2024-06-12,182.7942352294922,187.74751948346045,182.58426835670835,187.06035782031864,12751300
2024-06-13,184.8271026611328,185.7051393894414,182.17390060566132,183.54822402834617,8587800
2024-06-14,184.94161987304688,185.97236241283088,182.6892597815552,182.71789030520225,6874000
2024-06-17,186.08688354492188,186.65952314056108,183.85361533502265,184.6552991186537,8725400
2024-06-18,188.0147705078125,188.930991025547,185.27567673463204,185.72424105772285,9023000
2024-06-20,189.6085968017578,190.35301959036525,187.16536154039684,187.43258948693125,8731100
2024-06-21,187.34669494628903,188.17700929825324,185.36156268713376,187.7379982056773,20972100
2024-06-24,189.8090057373047,190.1430333550828,188.11019343734003,188.78780188897784,9785900
2024-06-25,189.03594970703125,190.94472885295815,188.7209994004138,189.0550270132535,6862500
2024-06-26,188.42510986328125,188.91185782298487,187.32756777582844,188.4442017306571,7758600
2024-06-27,190.08578491210935,190.74431610090176,187.91931632822877,188.43469489460125,7913500
2024-06-28,193.03485107421875,193.35935463256504,190.20986578187188,190.88747429822308,15307600
2024-07-01,196.079345703125,197.64454410688455,193.416605054855,193.5883881973363,10205800
2024-07-02,199.30520629882812,199.33383682530447,195.43038637882975,195.92665854630712,7802900
2024-07-03,199.17160034179688,200.78452135813035,198.1790268412077,199.99237611377828,5560900
2024-07-05,196.532470703125,199.0084419463454,196.2733681607195,198.64377422771068,8093100
2024-07-08,196.89712524414065,198.55736401431693,195.74551462114852,196.7723624234459,8707000
2024-07-09,199.25796508789065,201.30206944737745,197.16585925201633,197.3386089216144,9058900
2024-07-10,199.42111206054688,199.5842555802844,197.2906255075793,197.82804290048543,8328500
2024-07-11,199.0852203369141,199.7090198924807,197.0986942703721,197.89522885627903,10658100
2024-07-12,196.6764373779297,199.085224201204,193.9509550160253,195.77433759701847,15443400
2024-07-15,201.5803680419922,203.07746338803915,198.3846385255346,198.83568835973136,10719700
2024-07-16,205.0064239501953,205.121595275812,199.68981390311083,201.5323940342005,11557000
2024-07-17,208.12535095214844,208.78753107622657,204.670519141144,205.17914727979343,11572500
2024-07-18,201.51319885253903,207.90465837072435,200.80304644620205,206.93538878296755,12415100
2024-07-19,201.3212432861328,203.78762269683403,200.49591964655664,202.6839842457076,8095900
2024-07-22,201.8011016845703,203.6148926358178,201.2540928039211,201.97385135034511,7663200
2024-07-23,201.84909057617188,202.95271450120745,200.90861016610097,202.5112707886033,5557300
2024-07-24,200.1792449951172,203.4805398970385,199.6802229423339,201.10054238495405,7119000
2024-07-25,200.25601196289065,201.71472666285024,199.66101627259545,200.2368143021804,6403800
2024-07-26,203.6820526123047,204.5649545657556,200.2080084887971,200.80301877315136,8027800
2024-07-29,202.34814453125,204.9968509633499,202.0602381564828,204.0755534928002,6533600
2024-07-30,206.51312255859375,207.08892060425245,204.37304460068856,204.6321471316487,8850700
2024-07-31,204.2194976806641,207.66473846208044,204.09473484474648,206.11965617262393,9071600
2024-08-01,199.57467651367188,205.20798262459832,198.0583832642799,204.60338069812147,10918600
2024-08-02,191.11029052734375,196.4173090899953,188.951014866982,195.65916985684163,18041700
2024-08-05,187.04122924804688,188.2600243620043,183.20251739365065,186.22551176510183,13927000
2024-08-06,192.26190185546875,194.4307836748442,186.17754637997143,187.5210898263343,10605800
2024-08-07,192.31947326660156,197.4537566355557,192.12754058739833,195.30407255531497,9204400
2024-08-08,195.83189392089844,196.64762609323657,193.65342072084405,194.30600938741944,7761200
2024-08-09,197.50173950195312,198.14472201831657,194.71866445703176,195.26568795748204,5540200
2024-08-12,197.8760223388672,198.7877135708688,195.44803800867777,198.0871526844076,6936000
2024-08-13,199.5554656982422,199.69941155528463,197.11787513313567,199.35392685485715,6387800
2024-08-14,201.76271057128903,202.26173259433187,198.76850521541047,199.36351554061437,6999800
2024-08-15,203.0198974609375,205.26554061728052,202.58804526064463,204.41142772567017,7001000
2024-08-16,205.34230041503903,205.45745708775615,203.0582621159896,203.15423577226989,7931200
2024-08-19,206.76263427734375,206.83941027906192,205.19836900335173,205.37110402457384,6090800
2024-08-20,205.87014770507812,207.29046717628404,205.06400698142428,206.33078908750497,5640000
2024-08-21,205.94691467285156,206.33078003410972,204.2578719388559,205.78375651861572,5202300
2024-08-22,207.89508056640625,208.05822409330665,205.6974094210733,205.9277374467995,5247100
2024-08-23,209.50732421875,210.35184563489813,207.77030919614816,208.82596096633335,7214000
2024-08-26,210.33262634277344,210.82205685305937,209.25779166440867,210.1790743477144,5105200
2024-08-27,211.30189514160156,211.53222313341251,210.3518232928703,210.65891263842735,5185200
2024-08-28,212.3671417236328,213.25005838467985,210.35182667608916,210.40940501408693,6506400
2024-08-29,213.2500762939453,213.98901788500729,210.11192481779804,213.19248330758631,6416100
2024-08-30,215.7356109619141,216.3881849537637,212.98132522560212,213.52834869835,8574100
2024-09-03,211.4170837402344,215.0638633692745,210.39982731942075,213.33643989830543,8956100
2024-09-04,210.48617553710935,213.11569850429112,208.4516628819831,212.12721670145393,7389500
2024-09-05,208.854736328125,211.8969139547451,207.31924560820755,211.27311444323652,8067900
2024-09-06,203.8931884765625,209.9199649722642,202.5784196966667,208.8259326693763,7777000
2024-09-09,208.0677947998047,209.35375986693387,205.543836853024,206.51312105129105,8935100
2024-09-10,197.2713928222656,209.8239818958982,192.52099000049404,209.7856012218728,28406900
2024-09-11,198.8740692138672,199.3251190484655,193.6918138354718,196.97391086092543,13658700
2024-09-12,198.26947021484375,200.36156111576472,196.6284144781251,199.27712034695296,9054400
2024-09-13,196.08143615722656,199.4690986741892,194.833851700199,198.5190120847975,10226700
2024-09-16,199.4786834716797,199.81457665233657,197.30021016072055,197.5305381683303,8634900
2024-09-17,200.8126220703125,201.4651960832742,199.2867375604247,199.35390740598297,7573300
2024-09-18,199.16197204589844,202.8183428439659,198.3654375571648,200.58229137057424,8259900
2024-09-19,201.99305725097656,203.36540464959072,198.97966838098475,201.32128546025103,11635200
2024-09-20,202.5784454345703,202.8951409629487,201.05256077890448,201.46521533060852,20885000
2024-09-23,202.9143218994141,203.25980657066543,201.52279170592425,202.4920612297152,7223500
2024-09-24,203.05828857421875,204.36345139466172,201.88748010395992,202.636027861204,7323200
2024-09-25,201.7147521972656,203.68209532865097,200.19845896675733,203.14466326540543,8976500
2024-09-26,201.3212432861328,203.16382323049552,200.58228714937275,202.61681440246963,7807500
2024-09-27,202.01223754882812,203.87401538274105,200.8894159429532,202.1561834046356,7032500
2024-09-30,202.35772705078125,202.4537007192819,196.9835237723132,197.99118871746668,8663800
2024-10-01,198.6917266845703,200.6590695133516,197.87600917065313,200.47672835038065,8540100
2024-10-02,198.931640625,200.5247095749859,197.39616465396708,198.73011645099777,5810900
2024-10-03,196.9547119140625,198.16391556637384,196.10059907948147,197.85681157736644,7251300
2024-10-04,203.94537353515625,204.37987213930617,199.78381659479555,202.09150201972523,10211700
2024-10-07,203.66534423828125,205.98269458084312,202.46806055788844,203.76190602752737,6718900
2024-10-08,203.49156188964844,204.0515878849043,201.20319174460775,203.32741862551052,6021800
2024-10-09,206.0695648193359,206.86133013608315,202.16871360816032,202.47768477409824,7024000
2024-10-10,205.5095977783203,207.4117504068459,204.18678651006363,207.4117504068459,7927100
2024-10-11,214.63409423828125,216.89351339672228,207.74966888805528,208.24209865254016,18320700
2024-10-14,213.85198974609375,215.9955317699529,211.3415453439257,215.5127523003136,9048900
2024-10-15,214.7306671142578,217.68527532023913,214.1803061412129,215.95693117924253,9235800
2024-10-16,215.9376220703125,215.97623794909032,213.42716268516796,214.6727420913612,6382500
2024-10-17,216.6907196044922,218.07147644840276,215.61894867061383,216.5458916674515,6470200
2024-10-18,217.60801696777344,218.13907733966104,215.4162087479307,217.2507648690765,7000500
2024-10-21,215.3196563720703,217.92666271781536,215.22309457904748,217.46319852448005,5870000
2024-10-22,216.4010772705078,217.52112924082377,213.48509971320877,215.3389712158381,9586800
2024-10-23,215.7155303955078,217.05765675812555,214.86583379761672,215.95692013506684,6180500
2024-10-24,217.23146057128903,217.3087070595921,214.02581233964895,214.18995560232,6002200
2024-10-25,214.6533966064453,217.84939420670585,213.2726544520225,217.2507524036145,6369700
2024-10-28,217.73355102539065,217.868728693903,215.27137266803004,215.6576051018232,6843000
2024-10-29,215.2230987548828,218.9405068594728,215.13620197943288,217.4535524575936,6580000
2024-10-30,216.6811065673828,218.5156628404685,213.9485727305047,214.8755011534228,7110900
2024-10-31,214.27685546875,217.9170170912807,214.18030840692387,216.96110835965536,7829900
2024-11-01,215.26171875,218.36115478761525,215.0299792936343,215.86036059570225,6923500
2024-11-04,212.21055603027344,216.05347672838175,211.62156445041865,214.9817056480971,8229600
2024-11-05,213.8616485595703,214.3154624265246,212.4229604778152,212.45192606649232,5600700
2024-11-06,238.55099487304688,239.45862265494785,226.68428170878911,226.90635614480945,23987800
2024-11-07,228.23883056640625,236.14676076756385,227.11877864228583,236.0791645687285,16451100
2024-11-08,228.81817626953125,231.0968961842555,227.659508372763,231.0968961842555,9502100
2024-11-11,231.0485992431641,233.76183232238975,230.7685936247478,231.734152593889,9017100
2024-11-12,231.30929565429688,233.1438664671285,230.53684556117096,232.265204302032,6861000
2024-11-13,232.8542022705078,235.68328295062503,232.03347126141185,232.29417630585863,11472600
2024-11-14,233.53976440429688,235.87641555426896,232.74801363884512,234.07082483230465,10172200
2024-11-15,236.86126708984375,237.93303812916133,233.1438739185833,233.1438739185833,11518800
2024-11-18,236.5909118652344,239.3910269686542,234.3218424056193,239.22688371269956,9051400
2024-11-19,234.71771240234375,236.70676140391376,233.2307581603698,233.90664645217612,6792700
2024-11-20,232.48728942871097,236.1853820806055,230.42099380614764,235.9826082126915,9015300
2024-11-21,236.33021545410156,237.03508413180523,233.771489998293,234.8529113632746,8783500
2024-11-22,239.98968505859375,240.5690116009233,234.65979541625032,235.219821387118,7997300
2024-11-25,241.66976928710935,245.5513208118169,240.48213577529464,240.9938808955588,10295400
2024-11-26,241.3607940673828,242.3553186985206,239.78692811975665,241.86288889278865,6212100
2024-11-27,241.18695068359375,242.5387419809446,240.20209121543851,240.76211714435047,5472300
2024-11-29,241.11941528320312,243.09881434916647,240.8587102055902,241.25459296543536,5494800
2024-12-02,237.76889038085935,241.63112616369568,236.5909072884335,240.95523784835137,8899700
2024-12-03,236.38815307617188,240.4627983571973,236.20469451535047,239.68069795223073,6657700
2024-12-04,235.01705932617188,236.89991119978995,233.88735704195787,236.2722889974968,7346300
2024-12-05,237.0254364013672,238.66688387387455,236.19505501175584,236.93853962104168,6572500
2024-12-06,238.84066772460935,239.2075848483383,236.4074549916763,237.23783629630563,5519700
2024-12-09,235.41294860839844,239.33311597717812,235.3646677094542,238.6186117125457,7076500
2024-12-10,234.4956512451172,239.42000786865495,233.87769409575165,235.49017580217017,9108300
2024-12-11,235.142578125,235.85709707692163,233.8390676036829,235.59639202600604,7884400
2024-12-12,233.21145629882812,235.692949917877,232.73832710066324,234.63082916006215,6113800
2024-12-13,231.67620849609375,234.36046110198657,230.90375841719617,233.7328537003409,10392700
2024-12-16,231.32862854003903,232.3810843211176,229.33957934401576,232.3231531380507,9032000
2024-12-17,230.1506195068359,230.78789191547116,228.48020673867956,230.43062510460985,8083600
2024-12-18,222.4358367919922,230.8362124328699,221.62477071445952,230.7686162264445,11322400
2024-12-19,224.93663024902344,228.2195249429689,224.2703921842892,224.2703921842892,11790800
2024-12-20,229.41680908203125,230.97135955828864,223.613790447508,223.93242666437249,32348400
2024-12-23,230.1795959472656,230.40167037895355,226.79048935961865,227.93950685968343,8611500
2024-12-24,233.9645843505859,234.13839262104892,230.836182814854,231.1837698892596,3729100
2024-12-26,234.76600646972656,234.8818688310357,232.4969370056862,233.11489415476905,4451800
2024-12-27,232.8638458251953,235.0073878325532,231.77275951756664,234.3604651162079,5730200
2024-12-30,231.07757568359375,232.5452146840771,228.94368391501692,230.5465153128384,5723800
2024-12-31,231.45416259765625,233.1245756017034,230.7975747930278,231.78244913333967,4871000
2025-01-02,231.73416137695312,234.9011937371106,231.20310097714537,232.6224738942401,9220900
2025-01-03,234.90118408203125,236.4460843210158,231.9851918792467,235.4901756406523,9491100
2025-01-06,233.7559509277344,238.45338882592617,233.4938994273639,236.52199744283416,9917800
2025-01-07,236.00759887695312,238.03603585964575,233.8044559653357,235.00793797890452,8753400
2025-01-08,235.96878051757812,237.05578696137664,233.41624059042408,235.5999684129956,8675300
2025-01-10,232.80479431152344,236.62874677173156,231.7080877315011,235.9299526770056,10256800
2025-01-13,237.01698303222656,237.3372500960213,231.96043318189513,232.61069705427852,10005300
2025-01-14,240.18096923828125,240.4236056871978,235.0564886219116,235.51264633062303,12407400
2025-01-15,244.917236328125,246.19834907161936,236.50259128635952,243.0246601878403,18448500
2025-01-16,246.7806854248047,249.46910144518225,244.89782419787431,246.51863391142945,15292300
2025-01-17,251.52664184570312,252.94363035716344,244.71340648745428,246.6544980007392,17678100
2025-01-21,255.28265380859375,256.46672083789156,251.856628410342,252.4098466101375,13712100
2025-01-22,255.0982208251953,255.62232378121152,252.58451108944297,255.15645119600785,9021900
2025-01-23,258.1166687011719,258.999839319307,256.03968646138014,256.89377150881944,10749700
2025-01-24,257.0393371582031,259.2327800677332,255.26325143834285,255.92321545084891,7666300
2025-01-27,258.0196228027344,258.13608356694,254.53536671960657,256.38911286643724,7522300
2025-01-28,259.2716064453125,259.4559828890109,257.02961850864546,258.0195941318063,7375400
2025-01-29,258.72808837890625,262.7073321141327,257.7866577607091,259.3395369767374,7684900
2025-01-30,260.3294677734375,261.75617104949805,258.766873890751,260.71768010583645,8753500
2025-01-31,259.4269104003906,262.84325096621404,259.0969283445937,261.30008652055614,7193800
2025-02-03,258.95135498046875,260.2713128356146,253.9918795379233,254.1180256280179,8381400
2025-02-04,260.04803466796875,261.8920656979003,258.97071346699056,261.8920656979003,5626000
2025-02-05,262.4646911621094,262.66852710369653,260.4265390771867,260.98947222246505,5704400
2025-02-06,268.74407958984375,268.8217398268807,263.2022723240967,264.4251692984596,7264400
2025-02-07,267.6764831542969,270.3454837389774,266.61859193134063,269.10318646976515,6857900
2025-02-10,263.0567321777344,268.0453220031556,261.64942897239877,268.01620681498275,8627400
2025-02-11,266.890380859375,268.08416285966723,261.71738476219014,262.299718167667,7196400
2025-02-12,267.33685302734375,268.3073988294126,265.2016404153094,266.0071803987953,6683900
2025-02-13,268.1811828613281,268.812031614192,265.74510378599365,267.3853283146615,8398700
2025-02-14,268.4432373046875,271.0054922240324,268.30737630553097,269.20026178200214,5688600
2025-02-18,271.7043151855469,271.7237154392855,267.8900475882826,268.6082716385242,7919800
2025-02-19,271.02490234375,271.9954480996811,269.0546956439582,270.18053227508295,7007200
2025-02-20,258.94158935546875,270.52990776080935,257.9128132494212,270.47167738640707,13846700
2025-02-21,256.45703125,261.2709600914064,255.09827295553427,260.41687498668233,12835600
2025-02-24,253.64244079589844,259.1357336859581,250.9928400471611,257.67020002120825,10372800
2025-02-25,249.81846618652344,255.2535282245515,245.88776780849437,254.5062186715709,9608400
2025-02-26,251.1675567626953,253.22510912697217,249.36232616658907,249.58556236411243,5943600
2025-02-27,251.4198760986328,255.8747073577396,250.2649242342284,252.5165975848914,8204400
2025-02-28,256.8548583984375,257.01014923131925,250.29399101669628,253.05033665827716,10467100
2025-03-03,252.94363403320312,258.47575677394605,250.22611772259287,256.2240834773225,9058300
2025-03-04,242.8790740966797,249.6534940988536,238.70572440707392,247.76091803763097,13465600
2025-03-05,244.1213531494141,245.5965867262712,240.53033710346665,243.8496015443814,7861400
2025-03-06,239.2783203125,242.01526618004075,236.6675649290042,240.8020841059929,9983200
2025-03-07,235.1438140869141,239.4530394207747,232.36805275623323,238.00692097749285,20498700
2025-03-10,225.380126953125,230.5143072655119,221.9638018922669,229.25260968443945,18887200
2025-03-11,222.39083862304688,226.4477273046224,220.01300464646135,224.92396346414336,18143000
2025-03-12,221.18734741210935,227.41826350891145,220.56619878932352,227.1076817928428,16054000
2025-03-13,218.55718994140625,222.7402395654928,217.62545954737027,222.5461333861297,16467900
2025-03-14,225.5936584472656,226.2730375162608,220.87680546916633,221.40089366257604,11962100
2025-03-17,227.0397491455078,228.72850399973169,223.67196918142557,224.3707484628314,9586000
2025-03-18,228.04913330078125,229.2137852248078,226.6418449421928,227.4182844946614,10344900
2025-03-19,232.0671844482422,235.19234280757905,227.97148038251137,228.79645015668711,10120600
2025-03-20,231.9701385498047,234.6391394103261,229.24290731273203,229.5923043813926,8328500
2025-03-21,234.51296997070312,235.16323383404452,229.53406562636872,230.8054781658387,19326900
2025-03-24,240.75357055664065,241.3650191033552,237.21108457850144,238.2495608050386,9422700
2025-03-25,243.7331695556641,244.40284852183763,240.32654434675553,241.96676910521467,9287700
2025-03-26,243.6361083984375,247.16889448049588,242.4229261613384,245.1598723967236,12779300
2025-03-27,240.81179809570312,243.2575774444153,239.8994827539973,242.1802711082619,8022500
2025-03-28,235.6970367431641,242.16086005777964,234.00828183952703,239.6665652294854,11978400
2025-03-31,238.0748748779297,238.61837812715723,230.36873927152533,232.35836101622476,13603000
2025-04-01,236.48318481445312,238.45339153399044,233.78506877067235,235.47380892493115,8054700
2025-04-02,238.57955932617188,239.9674326166383,234.34797933558323,234.4838551459041,7758800
2025-04-03,221.95411682128903,228.2141341410838,220.60505877931985,227.3697640513871,17188500
2025-04-04,205.3434295654297,212.58923458837728,204.02511643608108,210.2553432331429,27170700
2025-04-07,209.40577697753903,216.83712407913987,197.41406528016333,200.9393169780438,22914400
2025-04-08,211.7787170410156,222.4911845873146,208.24370556467724,218.27260941397304,19485700
2025-04-09,228.8386077880859,231.9048922466148,206.04654347465697,207.5113293287422,24022400
2025-04-10,221.7783203125,224.9422627815506,214.9328938541855,224.60047349209523,18896400
2025-04-11,230.65492248535156,232.97905393688657,219.71785872027857,220.9971025358475,20284500
2025-04-14,229.2096710205078,234.1508791397056,228.14526363842643,231.5338024681032,13017800
2025-04-15,227.6569976806641,233.04739831448416,227.35427768752865,230.55727455130136,10912900
2025-04-16,224.2196350097656,228.09643576900157,222.5790672431111,226.55352634462056,9322300
2025-04-17,226.5144805908203,228.83859723978307,225.13757837531108,225.38170933973876,9557900
2025-04-21,223.6141815185547,226.3679707777925,221.02638461013967,225.2156798914525,8716200
2025-04-22,230.0592498779297,230.44986835764868,225.9383180454656,226.53399818903708,10701400
2025-04-23,235.22506713867188,240.99631170351697,234.3657213920515,234.58055782870665,14126800
2025-04-24,238.8968048095703,239.7073214295824,232.0025485026731,234.11184368965115,9055200
2025-04-25,237.83238220214844,239.85377878556815,236.07463632488924,238.9065494767277,8588600
2025-04-28,237.51014709472656,241.04515888837096,235.18601541572855,238.81868556081264,7394300
2025-04-29,238.8772430419922,239.49245779349744,236.01603550992368,236.5042974014497,7216800
2025-04-30,238.8772430419922,239.46316327205153,232.8325584408092,235.5473082662185,12991700
2025-05-01,241.0939788818359,242.61735374261244,236.4847850001896,237.13905420831423,8689600
2025-05-02,246.58204650878903,247.66598864209377,243.60366051149063,245.36139162446273,7165000
2025-05-05,246.630859375,249.16982732673011,244.7071062124704,245.28325170363556,5450700
2025-05-06,243.3985595703125,246.71873456309945,243.1544286178849,244.13095242759528,6369900
2025-05-07,243.5352783203125,246.5234388677099,242.98842735746476,243.98448584012095,8724100
2025-05-08,247.5194854736328,249.87291137635128,245.64456159073177,245.66409623863075,8320100
2025-05-09,247.13864135742188,249.5115870032891,246.41600839213655,248.5253033443988,5087600
2025-05-12,253.94497680664065,257.4116538297239,252.62669364973712,256.7280753178094,9603900
2025-05-13,256.8355407714844,257.4800500721763,254.2770531179493,254.90201286940857,8589000
2025-05-14,259.4037780761719,260.3803018066779,256.1324176187488,256.8257411230891,8643100
2025-05-15,261.2103271484375,263.1926691597646,258.54443639594166,260.70254552918584,9214600
2025-05-16,261.2786865234375,262.1575519192299,258.49558793581224,261.22009748379395,8932900
2025-05-19,258.66162109375,262.02086524830315,255.78086405036865,259.31587533133506,12145000
2025-05-20,259.4428405761719,260.3998446453458,256.14218530617444,256.3570217379832,8436300
2025-05-21,254.91177368164065,259.413533964149,254.6090536965372,258.1440649815309,7464000
2025-05-22,254.55047607421875,256.1421848603704,252.792715325804,253.3493410528591,6514100
2025-05-23,254.58950805664065,255.8394573114257,249.9900893661378,250.78107124918157,6671800
2025-05-27,259.06201171875,259.0717566921421,255.83946524243137,255.8883093139594,7506600
2025-05-28,257.30426025390625,260.45844302460614,256.7281147573034,259.9897008471859,5535400
2025-05-29,258.1636047363281,259.17919788181575,256.3668044334763,258.5835028383828,5081200
2025-05-30,257.80230712890625,259.10107079095377,256.56213251620557,257.265230909512,10977700
2025-06-02,258.4468078613281,258.8081169206428,255.75159247660167,256.84529442949264,6011200
2025-06-03,260.01898193359375,260.32170192801004,256.70858174263634,257.53863293425644,6998400
2025-06-04,258.0171203613281,260.8490334291481,257.9780510648975,259.67722274650265,5915700
2025-06-05,255.80043029785156,258.5249103385397,254.1989169051607,258.5249103385397,8173800
2025-06-06,259.4916687011719,260.3900538690605,258.0561775861971,258.1245116003273,7738100
2025-06-09,260.47796630859375,261.61073756854347,257.1675659016327,259.75534818459647,8285000
2025-06-10,262.2943420410156,262.5872873090316,259.60890114666654,259.63819567346815,7538100
2025-06-11,261.8548583984375,263.2903496169879,259.5502764699578,262.37241483499554,7434100
2025-06-12,261.9427490234375,261.9915930968164,258.91554891738133,260.5951413369258,6618000
2025-06-13,258.7300109863281,260.75139274608847,256.5425772552077,258.85693405632503,7098300
2025-06-16,264.0129699707031,265.3508326588525,260.5853915714537,260.731864186611,8566000
2025-06-17,263.19268798828125,264.2375756229939,261.51306583381086,261.87440467845437,6739300
2025-06-18,267.5284423828125,271.200181276507,263.3879911545291,263.6614166167527,9586400
2025-06-20,268.5440368652344,270.79002961674195,267.3819711943445,269.1006625666469,13969700
2025-06-23,271.7372741699219,272.0106996489925,265.7218838292262,268.60264103465835,8094600
2025-06-24,274.6571044921875,276.0730461780452,272.94818777394573,273.6317365805569,9267900
2025-06-25,277.3913269042969,277.60616331581525,274.31528313116405,274.89142855270444,6826900
2025-06-26,281.97125244140625,282.61576173740934,277.79173169250225,278.0163428990485,8942100
2025-06-27,280.3697204589844,281.92241945147737,278.34833893885445,279.10025150036057,17868600
2025-06-30,283.1040344238281,285.77970025058426,282.13728534359143,283.5825215764878,12689200
2025-07-01,283.59228515625,284.2953834962509,279.86195702454677,284.0610273166312,9338300
2025-07-02,285.1449890136719,285.945745792629,282.8989958836799,285.1840583153917,8158700
2025-07-03,290.4435729980469,290.83605832396694,285.74348111805267,286.66583810355576,6541600
2025-07-07,286.4892578125,290.4828645965253,284.6347217587213,289.7076857742013,8825700
2025-07-08,277.47174072265625,284.26185381377417,275.04810559551106,283.83990288185674,15440900
2025-07-09,277.84466552734375,281.8088370500666,277.17743733437857,281.7891933154563,11273800
2025-07-10,282.7801818847656,282.89792448782646,277.68760468940775,277.68760468940775,8410900
2025-07-11,281.4751281738281,281.9853860406829,278.3253938002881,280.16028588065166,7384700
2025-07-14,283.2806701660156,283.8693832899546,279.9052418467557,281.6812629749765,9079900
2025-07-15,281.1709899902344,286.46964738040805,280.121098345475,282.5937831680985,12526100
2025-07-16,280.4547119140625,285.2725470105113,277.6974624718264,282.9862680414337,9979800
2025-07-17,284.4580993652344,284.85058472552134,278.11937245969557,278.11937245969557,8509500
2025-07-18,285.8023681640625,287.009289803847,282.819455566978,284.08521856694546,12217000
2025-07-21,285.50799560546875,288.65773001934355,285.125302200427,285.5374312562634,7898100
2025-07-22,285.9593811035156,288.11809552877634,283.75161723688194,286.0280742772089,6717500
2025-07-23,291.1893310546875,291.41499440772435,287.0583381931105,287.34290279554006,7083500
2025-07-24,290.9832458496094,293.96618832212596,290.6398398939318,291.8369396401929,7001200
2025-07-25,293.014404296875,293.2891470363467,290.4043332995373,291.1304626389869,5918500
2025-07-28,292.6807861328125,293.8091927274499,291.2482011503524,292.0724293571669,5840400
2025-07-29,291.464111328125,295.6343323000827,290.6398830117393,294.36853919701497,7635700
2025-07-30,294.0054931640625,294.9670779062804,291.7977290922438,291.836986615819,8061700
2025-07-31,290.6790771484375,295.33011989507037,289.9529777509294,293.5246633224064,14749700
2025-08-01,283.93804931640625,286.32242707449086,278.9043429750852,284.9487133421405,12007100
2025-08-04,288.73626708984375,288.79513839592664,284.81135364584816,284.81135364584816,6649500
2025-08-05,285.9005126953125,290.2375553774225,281.84803463230764,289.15819815384634,7182300
2025-08-06,285.8808898925781,287.784475314663,284.71322574362773,286.8130388717205,6330200
2025-08-07,281.5536804199219,287.95127882891904,281.03363056399576,287.44105083933385,8057100
2025-08-08,283.3395080566406,285.7631432800269,279.365515270513,283.55537949152693,6634100
2025-08-11,284.1244812011719,285.8514526951056,283.3591242790355,283.9674810703858,5510100
2025-08-12,287.3527526855469,289.2170807199043,284.88985973561466,286.02808831162713,8570900
2025-08-13,285.0762939453125,289.0208214451698,281.7695589346143,288.43210834423235,8420400
2025-08-14,288.63812255859375,288.6773800754172,284.20298138831316,285.1253084483277,6322400
2025-08-15,285.03704833984375,289.9530125511936,284.37964203474183,289.30539816837313,7340500
2025-08-18,286.0574951171875,286.4205448097455,282.9960675051489,284.5562169634104,5386900
2025-08-19,285.2038269042969,286.98966963229896,284.0950341122438,285.3706189495528,6031500
2025-08-20,286.754150390625,287.8236856501562,281.8774445149503,285.35100110061984,7374200
2025-08-21,285.9986267089844,287.2742115786807,284.0361700203976,286.45980522859077,6624000
2025-08-22,290.6790771484375,291.5818204071259,284.6837862966605,287.6961645212777,8552800
2025-08-25,289.3642272949219,291.76824867106194,288.61851412970407,290.6790696581532,5856300
2025-08-26,292.9653625488281,293.13215460321874,287.99052751038425,288.63814183000835,6714700
2025-08-27,293.66204833984375,295.4184556440125,291.4641062014755,291.6701557907686,6056500
2025-08-28,295.4184265136719,295.5852185641284,293.0929201153854,294.38811877937053,6410500
2025-08-29,295.7618713378906,297.2631495608047,294.10359298088383,296.37022814205386,6796400
2025-09-02,294.07415771484375,294.8198709218748,288.9717581566039,294.62364321253557,7221900
2025-09-03,293.8877258300781,294.9278255320024,290.8164761661132,294.9278255320024,6316900
2025-09-04,298.1168212890625,298.7153562428407,292.68080753910596,294.36852159403367,6605800
2025-09-05,288.8540344238281,299.42185399614533,288.7853412459479,297.9500113286781,9837700
2025-09-08,287.41162109375,290.8949700189617,285.9692141135519,289.3544641521949,8188500
2025-09-09,292.2588806152344,293.3872872696363,286.8228669749493,287.1074315912692,7848200
2025-09-10,294.89837646484375,295.8796048140829,289.8548483762926,291.13046319713106,7787300
2025-09-11,299.8241271972656,299.9909491896388,295.1436788264331,295.5852136096933,7942500
2025-09-12,301.1488037109375,301.7767742987404,297.9990690164523,299.27465392414524,6846700
2025-09-15,303.1014404296875,304.13174819496044,301.40393449781925,301.40393449781925,7122000
2025-09-16,303.3860168457031,305.06390905534744,301.3646887009418,304.18080946841434,10525600
2025-09-17,305.8979187011719,307.03614710830897,302.9738476236277,304.56346260331446,8657800
2025-09-18,307.3501892089844,307.556238792954,303.7981171700278,305.9372178866198,8050700
2025-09-19,308.87109375,309.8719360001034,303.3173370674782,307.71325135277357,23568600
2025-09-22,306.5749816894531,307.8113389670314,303.74903930910966,303.9845245259009,7520200
2025-09-23,306.8693542480469,310.37234675445063,304.74989735202223,305.9666409066948,8584400
2025-09-24,307.53662109375,310.63727651453155,305.81947137817144,308.15476983779797,7310500
2025-09-25,307.5660400390625,309.72472445454315,305.94698929656073,308.2234462682717,7083200
2025-09-26,310.12701416015625,311.8441636854759,307.8113297451866,308.988785738579,7258100
2025-09-29,309.76397705078125,312.0404339863167,307.7720847183659,311.10825508542985,6462400
2025-09-30,309.50885009765625,311.45169300349573,304.28870810842403,310.31346452838187,11823300
2025-10-01,304.8774719238281,308.68464295873514,301.6394301376976,308.07628613361976,9235200
2025-10-02,301.7767639160156,304.7302708010082,300.3932583082978,304.1807853263183,7600000
2025-10-03,304.210205078125,305.80961197949307,302.4243624063698,302.7187488597389,6029900
2025-10-06,304.8511047363281,307.38512889871987,300.8578215934895,305.8371035459471,7214500
2025-10-07,303.38201904296875,305.66954382645594,300.4338918141804,305.0187809092415,8454200
2025-10-08,299.773193359375,304.4566873375159,299.2999031353941,303.8946608384686,6489900
2025-10-09,301.2522277832031,303.7270945284432,299.1422058887319,300.77893750215213,7060300
2025-10-10,296.67718505859375,306.1230400580682,296.59828830624,301.38038837024254,8597400
2025-10-13,303.6580810546875,305.1272097801061,301.17337467050265,301.3212684867699,10788700
2025-10-14,297.85052490234375,302.70165257420854,290.0907186231138,301.5578902761218,16178800
2025-10-15,301.4100036621094,307.7499693151439,301.1635039391426,302.1002149225357,11354800
2025-10-16,294.3600769042969,304.35808863852304,292.9106575300408,301.0747260223031,10549400
2025-10-17,293.3938293457031,295.3559575215809,290.08088749555986,294.97143359875633,10153500
2025-10-20,298.1265869140625,299.43798218705626,293.9854099500461,294.32064593592156,6894900
2025-10-21,292.93035888671875,299.7929016175946,292.841622611914,297.43638030144115,7372700
2025-10-22,289.99212646484375,293.88683421544886,286.47213320670807,293.60088610479784,8054100
2025-10-23,290.4161376953125,292.22050252499105,288.41456104050746,290.25837425327126,5438800
2025-10-24,296.2334899902344,298.36325106738366,291.31336547241364,291.93451945757295,7228300
2025-10-27,299.89154052734375,300.2662249001909,296.7955198233114,297.92941246883,5642200
2025-10-28,301.0846252441406,303.65809815329317,298.9154456060477,300.59162576862406,6336000
2025-10-29,301.2325439453125,303.9341713954877,298.7675466103937,299.26054607737746,7520300
2025-10-30,305.10748291015625,308.2330823767899,300.82825156305904,301.50859316866377,7514600
2025-10-31,306.7639465332031,308.4894444595929,302.9481359332913,304.22008283002725,7721300
2025-11-03,305.0187683105469,307.9471862719047,301.9227172950412,306.6456604912348,7770000
2025-11-04,304.920166015625,307.84858401169095,300.82827651560933,302.415720333495,7085200
2025-11-05,307.3161315917969,308.7162632770978,301.35085025066564,305.27510663609064,6865200
2025-11-06,309.03179931640625,310.4319009529449,305.9160390722913,306.63579903674446,7206100
2025-11-07,309.8106994628906,310.0276204199649,303.3327096940284,307.5232049313688,7302300
2025-11-10,312.4532165527344,315.0858168552232,309.810716541713,310.58966412464275,5794100
2025-11-11,311.2009582519531,314.58292715130625,310.86572224729366,313.05464094031504,5030200
2025-11-12,315.92388916015625,317.7381233989844,311.782682032414,311.83200002815875,10578300
2025-11-13,305.1469421386719,316.14082355780937,304.7722577523736,314.7604311532612,8973300
2025-11-14,299.3591003417969,303.3327046462357,297.0124483237873,303.20451997960254,10327000
2025-11-17,296.1644592285156,301.31137424610444,293.5022804823602,299.74363974118836,8344000
2025-11-18,295.2179260253906,298.70837045931603,292.8613742767781,295.3066623130797,8077300
2025-11-19,299.02386474609375,300.1873662746028,295.0798692888629,295.5432899586994,5546600
2025-11-20,294.2023620605469,305.58079800315744,293.98544109490615,302.05090502503106,7501600
2025-11-21,293.84735107421875,297.456110287291,288.71030575970536,297.0715864028587,11766800
2025-11-24,293.8276672363281,295.6221924256846,290.386540762355,294.0642973394352,10940200
2025-11-25,298.75762939453125,300.2366275598507,291.4217960873232,295.84892096661844,8877200
2025-11-26,303.33270263671875,304.21022597199055,298.95486530692773,300.7296512123902,7910900
2025-11-28,308.696533203125,309.3275869646093,303.9243019705234,304.77227670123045,4322400
2025-12-01,304.5948181152344,309.6431280779537,304.22013368841834,308.56839280068186,7727300
2025-12-02,303.5693359375,306.1329390093465,302.7903884074122,304.4172805196406,7249000
2025-12-03,307.75982666015625,307.98658713845214,302.50443592551073,302.89885953876745,8535300
2025-12-04,311.67425537109375,314.0307770729326,308.61765279183703,308.8740221323167,9627800
2025-12-05,310.6291198730469,314.02095869272745,310.27414460153136,311.2207252653726,6518900
2025-12-08,310.79669189453125,312.0390600856641,308.96274846028484,310.64879808375287,7417200
2025-12-09,296.30255126953125,314.336450228146,295.8193913272319,310.5403783790639,18049200
2025-12-10,305.76806640625,306.8329619363725,294.2811866679717,296.292632599085,18874100
2025-12-11,312.9363098144531,313.5476242674454,304.9102649889192,304.9102649889192,9721900
2025-12-12,314.0603332519531,315.7858311866128,312.16723236849225,315.2040954937631,8982900
2025-12-15,315.53936767578125,318.35934027084556,313.9322146909975,315.11539535630396,10864100
2025-12-16,311.1319274902344,315.0463441586525,309.9980348220149,314.6223718715413,8331300
2025-12-17,310.5699462890625,314.8984658400699,310.2544194174254,313.9716244610726,8718700
2025-12-18,308.6176452636719,313.2518519730792,307.84856735129125,311.57564186364317,11444900
2025-12-19,312.7686767578125,314.099781180705,308.8049723403709,309.39657764946713,24494400
2025-12-22,318.56634521484375,318.7043994886834,313.0644852104395,313.0644852104395,8354600
2025-12-23,321.3666076660156,323.1907116116738,318.56637445826755,319.07908304324746,6668300
2025-12-24,324.5612487792969,325.36974495293686,320.9426198260136,321.6722493328215,4289300
2025-12-26,323.31890869140625,326.22758744424,321.96809498869885,324.50208933838474,4158300
2025-12-29,319.2171325683594,323.1808371734579,319.0002116144308,322.4216288798564,8635300
2025-12-30,318.8917541503906,320.3904615362508,317.97475237184364,320.2622768741799,7904300
2025-12-31,317.70855712890625,320.3313177342217,317.5310845539587,319.79886991908165,5048500
2026-01-02,320.92291259765625,321.1694123071354,316.2492576445291,317.9846252281575,8054000
2026-01-05,329.3630676269531,332.5281155423397,320.63697169770103,320.942628937084,10752600
2026-01-06,331.41326904296875,332.6612412306879,327.49110960074296,329.44229029813283,7660800
2026-01-07,323.8660888671875,328.9767963949314,321.4989374679619,327.9764659913386,9815200
2026-01-08,326.63934326171875,328.2339475379842,322.53888044956136,323.27183137637843,11737100
2026-01-09,326.0450744628906,328.7291759216584,325.0348299492433,326.1936353875406,6738100
2026-01-12,321.38995361328125,322.9053354478686,318.1611187929736,318.80490292970194,12805100
2026-01-13,307.9297790527344,323.7372950994605,307.60294504088824,321.20175473899405,19371200
2026-01-14,304.9287414550781,308.78159262538577,303.19546018048277,305.2556057077196,25951500
2026-01-15,306.30548095703125,309.95031666446005,304.8098971346673,305.5230197927318,14751400
2026-01-16,309.48480224609375,314.17950872864606,307.0383983149945,307.38506061636195,14652500
2026-01-20,299.8477478027344,308.1774060521912,298.9761500928895,303.2845981841295,12900600
2026-01-21,299.15447998046875,302.4823658305288,298.2729680555718,300.53118494697816,10270100
2026-01-22,300.729248046875,305.2555953909441,300.0062112868251,301.9474777854751,10535800
2026-01-23,294.8757019042969,299.4812715954647,293.6772702297321,299.11481126550876,11107900
2026-01-26,298.16400146484375,298.8969221500132,294.60830241167326,294.96484861763906,11752700
2026-01-27,297.44097900390625,299.08512378237486,295.3016109870806,298.45122352878457,11527400
2026-01-28,297.89654541015625,299.03558292254246,295.2025300603667,297.4013222225187,9556700
2026-01-29,303.49261474609375,303.898671192008,299.3327275624257,299.51100066931883,11580000
2026-01-30,302.9676818847656,304.98817089860455,299.66947824936375,302.333781642444,11953200
2026-02-02,305.1961975097656,306.34508884518107,298.49085539325506,301.5513314360023,9839400
2026-02-03,311.8420715332031,313.22869052113475,306.14700443281885,306.77099053389486,12688000
2026-02-04,314.2389221191406,316.25944126204155,311.4062598905275,311.4062598905275,9848800
2026-02-05,307.1968688964844,312.9909865673853,302.6210112179966,311.99062599899656,9388000
2026-02-06,319.3199462890625,321.15227836348157,311.7034102684662,311.7034102684662,17797400
2026-02-09,319.0228271484375,323.2817350541263,317.05181803840316,318.27007812796035,11477500
2026-02-10,315.2392883300781,323.01429884581904,312.1094739861534,319.4684837021083,9902200
2026-02-11,307.8505859375,322.1724337503843,305.78055639607567,320.15191444315514,8703500
2026-02-12,299.74871826171875,310.62380057979817,297.15372325834437,309.29660600764385,13443400
2026-02-13,299.6595458984375,301.38294318623025,293.6871553220786,295.6680481198895,9114500
2026-02-17,304.19580078125,305.29518175186814,299.61002921690664,299.8675549474044,8896800
2026-02-18,305.8300476074219,309.2966101142475,304.2849535938903,305.51309749540866,7209600
2026-02-19,305.1070251464844,306.226234501648,302.2050242231491,304.2354576365961,6737700
2026-02-20,307.82086181640625,308.0288471084009,302.75966472033866,305.4536802835111,7792700
2026-02-23,294.82623291015625,308.028871901531,292.2807780649544,305.84987743753925,12955400
2026-02-24,294.459716796875,296.886322684036,288.5962907533433,293.98432184665864,13554100
2026-02-25,300.4023742675781,300.75895068108485,294.1724883145502,295.78692074637365,8095500
2026-02-26,303.20538330078125,306.05787397622345,300.73918125790124,301.67017313360896,7007800
2026-02-27,297.4310607910156,300.0557680991628,291.636973162459,297.13393894248406,18620800
2026-03-02,294.7172546386719,297.11414843979566,290.4088063693875,291.9935267958635,8508900
2026-03-03,297.3914489746094,299.5011046657454,286.73423592223537,289.4975898716125,10278200
2026-03-04,296.52978515625,298.12438947518206,292.99388398032096,297.12402886142485,8055700
2026-03-05,290.74554443359375,298.3620800816865,289.63624924146006,295.1332451958745,12732500
2026-03-06,286.7144470214844,287.21955415339994,280.99955170429564,283.6044306839189,13496500
2026-03-09,287.1502685546875,288.31898819476027,277.77073879547015,282.7724816341387,12241100
2026-03-10,285.97161865234375,289.9532025593205,284.43640849634494,286.52626625452876,8344900
2026-03-11,284.7731628417969,287.7049062038017,282.1385715612803,286.05084727233185,10205000
2026-03-12,280.18743896484375,281.16797137675815,276.43363807803536,280.1279843639117,13760500
2026-03-13,280.7321472167969,284.4463214441296,280.2468381234208,281.9504072447318,9091200
2026-03-16,283.4261474609375,286.506421278288,281.89093739443587,283.6044205599556,8149000
2026-03-17,284.1492004394531,288.97266988082987,283.2181783456238,286.23902796907333,8961200
2026-03-18,284.99102783203125,286.6450865635814,282.3960631878955,284.08971801136914,10057000
2026-03-19,285.2188720703125,286.7441681021885,281.900870340191,284.13928904174674,9846700
2026-03-20,283.82232666015625,287.9326733008621,282.5446423017302,285.3277943529036,22436500
2026-03-23,287.14031982421875,292.9245231806114,285.2188513876401,291.4982779446762,11470800
2026-03-24,289.6065368652344,292.6571288676103,282.64369950840546,283.4360748065673,11092300
2026-03-25,292.59771728515625,294.7965097163498,289.6461758443202,291.3398308899875,12188200
2026-03-26,288.87359619140625,292.1717693530369,287.95248830787267,289.78478993876473,8669200
2026-03-27,280.13787841796875,287.3384134369941,279.05829538327214,286.3777093696089,9873300
2026-03-30,281.0589904785156,284.50575515603197,279.6327451103039,282.01972478590784,11734400
2026-03-31,291.3497314453125,292.25104134220237,282.22772810140145,285.71408872506316,12956900
2026-04-01,292.5580749511719,295.8661624411999,290.1116710297465,292.567989087923,11267200
2026-04-02,291.7855224609375,292.7957669317203,285.9616926535428,289.1212191631598,6669300
2026-04-06,294.125,295.4987855589938,291.88509063240025,292.7412191857173,7142600
2026-04-07,296.0662536621094,296.8427544058445,291.38734983011653,291.8253790066561,7849100
2026-04-08,306.5888366699219,309.8640903908154,303.96066179364243,306.5888366699219,10590200
2026-04-09,308.938232421875,309.8640846884941,304.73715687535,305.5734164156603,6586600
2026-04-10,308.4803161621094,308.9581744354404,305.344449093958,308.6097380099313,6069700
2026-04-13,312.2732238769531,312.33295236293975,304.0900871089203,306.0910825316173,8318200
2026-04-14,309.7247009277344,312.91036189245165,307.4847916064935,308.4305432499699,11455500
2026-04-15,304.5579833984375,312.8307129741003,302.8954898881459,312.54203541599225,9885800
2026-04-16,308.5599670410156,308.5599670410156,303.8312695552229,303.98059076810495,8208600
2026-04-17,308.8984375,313.4877482505245,308.69932229637936,311.068653468178,11082400
2026-04-20,315.5683898925781,315.70777661938337,308.9780833700189,309.45594165814435,10772000
2026-04-21,311.5962829589844,318.8038038717339,311.3474041387296,316.0661368489313,7084300
2026-04-22,311.6161804199219,313.73663281642627,310.5410372905177,313.43799038623484,5545900
2026-04-23,310.29217529296875,313.57736372602733,307.5047445243564,312.11395497732667,6969700
2026-04-24,306.8974609375,309.7545850384977,306.5092257615542,309.7545850384977,5215300
2026-04-27,310.232421875,311.1781431330245,305.50372444273444,305.50372444273444,7925300
2026-04-28,310.0532531738281,314.03531438457196,309.7745101043047,313.78643555890045,7398600
2026-04-29,307.86309814453125,310.65052875636707,305.91189671624613,309.1771855961317,8031800
2026-04-30,311.82525634765625,312.6913497643884,305.1951210592971,305.6928786901284,8865400
2026-05-01,311.06866455078125,314.6624601726697,310.43152018106696,312.54203812020876,6135400
2026-05-04,306.270263671875,309.2568094519629,305.13539207341324,309.22694520939064,7338200
2026-05-05,308.0124206542969,309.5753869306937,305.42407485773,306.32999740556414,6316800
2026-05-06,313.4877624511719,314.84167905955115,309.95369528217543,310.0532528884956,8629500
2026-05-07,304.8964538574219,314.8814709002291,304.76706239082745,313.23887676443206,8359600
2026-05-08,300.74517822265625,307.60426284206056,299.1523476664256,306.86759124184925,9464300
2026-05-11,298.6545715332031,301.83026757429667,297.5395993270601,300.74515961007836,9512000
2026-05-12,303.5126953125,304.6873960201211,294.2245209852311,298.67447538308426,9498200
2026-05-13,298.9034729003906,301.6411400127173,298.72428743531935,300.91440289675086,7709500
2026-05-14,298.56500244140625,302.38777761395096,297.4699295162906,300.8945046380796,7364300
2026-05-15,296.4743957519531,299.44104214981957,295.1205095874812,298.86362628854243,8699300
2026-05-18,299.3813171386719,299.908939014877,295.8870488301784,296.6635495230975,7546300
2026-05-19,294.3738708496094,300.436555061437,293.935841710235,299.7396822358739,8066900
2026-05-20,300.625732421875,301.57145376364997,292.35300240137923,295.3694126574367,9327000
2026-05-21,301.6411437988281,302.6167597554335,298.8636475324957,299.8790926087445,7874400
2026-05-22,305.0059814453125,306.07119010408854,302.4773640852478,303.31359328873907,5973900
2026-05-26,305.3643493652344,308.54004556072954,304.0701916446211,307.1065011172144,7725400
2026-05-27,297.93780517578125,304.52811132231307,294.42363753054383,303.63215366632585,11779200
2026-05-28,295.3992614746094,299.7197941661088,294.4236455581874,296.23549066837876,9757700
2026-05-29,297.9676818847656,298.53513289689414,293.87612858626386,295.070728717322,13969000
2026-06-01,295.2499084472656,298.20659004481905,293.94578586060317,296.3549462063085,7930000
2026-06-02,299.6102600097656,300.7152977310929,293.9457758280521,295.17027051801705,8296200
2026-06-03,299.50079345703125,300.60580089187994,295.23002417973413,298.5749714904202,7003900
2026-06-04,309.4957580566406,311.5066879726736,303.0746723882986,304.36883009196185,10345200
2026-06-05,310.9691162109375,313.58732636819616,308.211549706599,312.8805189963161,9118800
2026-06-08,309.7147521972656,314.88147906470095,309.3862455138746,311.84516953437026,6827000
2026-06-09,311.2976379394531,315.0009559692908,307.62418415256917,312.1040028799189,11594600
2026-06-10,307.75360107421875,313.3384270822022,307.64407859799763,311.1582462393224,7446200
2026-06-11,312.0840759277344,313.30857066124145,307.4947650619962,308.1717081621576,9116600
2026-06-12,319.28167724609375,319.85906276888113,314.1348496322589,314.5529794375797,7426200
2026-06-15,317.96759033203125,324.4583697274161,317.41010417767774,322.4673390673774,7988900
2026-06-16,329.6549377441406,330.26218746993305,322.56684357389287,322.8455866314347,11094900
2026-06-17,331.9645080566406,336.25517637046335,330.01330666560995,330.69024974688585,12246400
2026-06-18,323.761474609375,336.57375116590936,322.70623086248213,335.4388795655989,20111000
2026-06-22,329.993408203125,331.2776010100568,325.28461010223134,328.22139226156105,10182500
2026-06-23,332.6414794921875,333.86594380335947,325.7425357353925,327.9924099173137,7582200
2026-06-24,331.95458984375,333.02973300317086,328.291070440402,331.57628916780243,7907400
2026-06-25,333.6170654296875,341.90972446819404,333.2586945227413,333.4577793441399,10043100
2026-06-26,327.57427978515625,334.8913229247855,326.03124330500606,334.49312290223526,17640900
2026-06-29,327.91278076171875,330.8993264933345,325.73259994718205,326.80774304304947,7981800
2026-06-30,325.86199951171875,328.95806779511634,325.2149206632551,327.41503128103255,8080100
2026-07-01,332.5718078613281,334.13477419390347,323.5524415571975,326.89735842569155,15210200
2026-07-02,332.9700012207031,338.4751995750331,330.2820977776739,336.5040683580973,8413900
2026-07-06,337.7200012207031,339.7200012207031,334.1099853515625,335.0,8673500
2026-07-07,339.2200012207031,341.3999938964844,337.0899963378906,340.9800109863281,7115800
2026-07-08,330.6199951171875,336.5299987792969,330.1300048828125,336.5299987792969,18505200
2026-07-09,335.4700012207031,337.0,330.80999755859375,331.4599914550781,15570600
2026-07-10,336.4700012207031,338.5899963378906,335.7699890136719,337.4700012207031,6299000
2026-07-13,334.5299987792969,338.3500061035156,332.5,338.3399963378906,7120300
2026-07-14,342.8900146484375,344.7300109863281,325.75,327.0,14537900
2026-07-15,346.9100036621094,351.239990234375,344.04998779296875,345.8500061035156,10750000
2026-07-16,343.1499938964844,349.3399963378906,341.1099853515625,349.2799987792969,12432400
2026-07-17,341.1000061035156,346.1300048828125,335.04998779296875,339.0299987792969,9250900
2026-07-20,338.8699951171875,344.260009765625,337.3699951171875,341.79998779296875,7723300
2026-07-21,345.2300109863281,345.739990234375,337.29998779296875,340.1199951171875,6015300
2026-07-22,348.2099914550781,349.07000732421875,344.25,345.07000732421875,8040200
2026-07-23,349.8999938964844,349.9200134277344,345.4200134277344,346.5799865722656,10913000
2026-07-24,353.2099914550781,353.3699951171875,347.5,350.6400146484375,7520800
2026-07-27,356.20001220703125,359.04998779296875,352.5799865722656,357.8900146484375,7884900
2026-07-28,357.30999755859375,359.29998779296875,354.1499938964844,357.29998779296875,6533800
2026-07-29,344.7099914550781,357.3699951171875,343.7799987792969,356.5,8265300
2026-07-30,350.8500061035156,352.2799987792969,345.3699951171875,347.5400085449219,7606500
2026-07-31,351.7900085449219,354.4700012207031,349.70001220703125,353.29998779296875,6603400
2026-08-03,352.6400146484375,355.6199951171875,350.8399963378906,353.75,6436600
2026-08-04,357.5199890136719,363.0,353.8699951171875,355.0,8477200
2026-08-05,359.239990234375,362.1700134277344,358.20001220703125,358.9700012207031,5269500
2026-08-06,356.29998779296875,362.80999755859375,354.95001220703125,362.80999755859375,5820100
2026-08-07,357.5199890136719,358.8500061035156,353.3299865722656,355.760009765625,4566200
2026-08-10,359.7900085449219,359.989990234375,356.5,357.9599914550781,5327500
2026-08-11,362.0400085449219,363.1199951171875,358.6000061035156,360.04998779296875,4576500
2026-08-12,365.1799926757813,366.0899963378906,361.2999877929687,362.9700012207031,4366800
2026-08-13,363.1099853515625,366.5,361.5199890136719,366.5,5102700
2026-08-14,362.8399963378906,365.8999938964844,361.4500122070313,363.0,5058600
2026-08-17,360.9599914550781,365.75,360.9599914550781,361.94000244140625,5282600
2026-08-18,363.25,363.5700073242187,359.2699890136719,362.3399963378906,5525100
2026-08-19,357.260009765625,363.0499877929687,355.6499938964844,363.010009765625,6696200
2026-08-20,351.54998779296875,357.95001220703125,351.54998779296875,357.6000061035156,6799700
2026-08-21,351.5799865722656,356.8599853515625,350.3699951171875,354.07000732421875,8112100
2026-08-24,356.3900146484375,358.2799987792969,352.82000732421875,353.29998779296875,4394400
2026-08-25,356.69000244140625,357.3699951171875,353.07000732421875,357.0,4298000
2026-08-26,356.5,358.3500061035156,354.6000061035156,356.5,5796500
2026-08-27,354.2200012207031,357.57000732421875,352.2300109863281,354.67999267578125,5209900
2026-08-28,357.6199951171875,358.7300109863281,354.2200012207031,355.6700134277344,3914500
2026-08-31,356.0199890136719,357.7699890136719,354.7699890136719,355.8999938964844,7962900
