Date,Close,High,Low,Open,Volume
2009-01-02,49.603092193603516,49.806026220022495,47.5505499900444,48.90151332227932,1696800
2009-01-05,48.61741256713867,49.487133738012815,48.031799073466836,49.45234630673965,2472800
2009-01-06,48.76234817504883,49.411741336484496,48.28690095331367,49.405941958860076,2860100
2009-01-07,47.4461784362793,48.31589939511972,47.08669218078528,48.31589939511972,2860500
2009-01-08,46.85478210449219,47.225862822905064,46.263373591906394,47.144689192229194,2966100
2009-01-09,46.82577896118164,47.47516779733544,46.205378170282046,47.11568595550163,2868800
2009-01-12,46.187992095947266,47.011327034289764,45.86329320054921,46.81998732472794,2183700
2009-01-13,46.53009033203125,46.762016900655496,45.045767370646246,46.002457277820305,3246700
2009-01-14,45.6893424987793,46.872159102023744,45.15591028566627,46.066218039495766,3673800
2009-01-15,46.083614349365234,46.11260239247183,44.83701348141865,45.5501821573776,3103700
2009-01-16,47.63751983642578,47.875241273508884,46.367725774909395,46.80838564865161,3449400
2009-01-20,45.59077453613281,47.75348276460838,45.24868638965579,47.33601596484463,2957300
2009-01-21,46.40251159667969,46.48948457744045,45.22548993812211,46.158990789453206,2758100
2009-01-22,49.33058166503906,49.62628365289456,44.47173697382847,45.19650455439041,6176400
2009-01-23,46.953338623046875,48.75655605323819,46.49528504238971,48.443460392989685,5824300
2009-01-26,47.846248626708984,48.23472736292811,46.54166714598324,46.80258609630621,3279300
2009-01-27,47.823062896728516,48.472451775891116,46.64603670598637,48.19414352014427,2894200
2009-01-28,47.875244140625,48.70437837805373,47.1678703183058,48.54203115790769,2569800
2009-01-29,48.1883430480957,48.542029950457575,47.434583060589766,47.81726243309797,2489900
2009-01-30,47.56792449951172,48.69855963570303,47.2200371055781,48.072364096073805,2438500
2009-02-02,45.90966033935547,46.96492135836368,45.13270748820185,46.96492135836368,3852800
2009-02-03,46.32714080810547,46.721414516313466,44.552906909354526,46.32134142932347,4093400
2009-02-04,46.999725341796875,47.77087908774256,46.30395025325694,46.36773015246328,2541900
2009-02-05,47.324432373046875,47.811474134237905,45.863298242212004,46.61705840439533,2782000
2009-02-06,46.01985549926758,47.1794839207558,44.96459381265854,47.04032532516263,6036600
2009-02-09,47.254852294921875,47.32443158405953,45.86329747758452,46.01984977223653,3751500
2009-02-10,45.21968078613281,47.39978209415587,44.894986446675894,46.85475566124295,3957200
2009-02-11,44.92978286743164,45.87488246062521,44.70945515344325,45.735723924141446,2779800
2009-02-12,44.866004943847656,44.88919803427813,43.48604924045717,44.66887031063317,3804100
2009-02-13,45.49800109863281,46.06042133462973,44.21661280744995,44.634079556793196,3045800
2009-02-17,43.85711669921875,44.53549780243607,43.21352300940898,44.53549780243607,2847800
2009-02-18,44.66305923461914,45.46900011557159,43.474443520862735,44.06005231224671,3980800
2009-02-19,44.738441467285156,45.13851003966491,44.39634897502138,45.09212386721747,3304900
2009-02-20,45.08054733276367,45.50960853821456,43.66579948000646,43.75277248177329,4162200
2009-02-23,42.83086013793945,45.167509760984416,42.73228839974266,44.98196946501044,3235700
2009-02-24,43.16135025024414,43.6367974946375,42.16986896341028,43.091770986322224,3256600
2009-02-25,40.85369110107422,42.89463871802177,40.39563754172309,42.86564625056267,5704700
2009-02-26,40.29254150390625,41.79481654975382,40.17563471002803,41.44409170841084,3600300
2009-02-27,36.89048385620117,39.58522559995829,36.89048385620117,39.421554385451714,7543900
2009-03-02,35.0491828918457,36.17150613575686,34.891356081146306,35.440827695400564,6767600
2009-03-03,34.69261169433594,35.949379512317776,34.15483342887167,35.12517431513196,6494900
2009-03-04,36.21242141723633,36.960635374275945,34.9030447625635,35.47589635215365,6697500
2009-03-05,35.01996612548828,35.94938945423086,34.657550140715394,35.44083773996923,5184600
2009-03-06,34.40032958984375,35.72724150047881,33.55858908598469,35.08424556098476,3970600
2009-03-09,34.04377746582031,34.72184710056561,33.64044146154282,34.00870409114494,3073200
2009-03-10,34.49386215209961,34.78028904300097,33.880092791429085,34.54647108186299,4987600
2009-03-11,34.00871276855469,35.072580876761414,33.880112591786414,34.69262702532131,4016300
2009-03-12,35.66880416870117,35.879239946723345,33.75150437757287,34.008702423014434,5404500
2009-03-13,35.77402114868164,36.241654960262636,35.34145847931053,35.89677460612405,4028800
2009-03-16,37.76731872558594,38.45707955519228,35.62204503218877,35.97861657306968,4718800
2009-03-17,38.38106918334961,38.42782920188365,36.94309269540788,37.79067990975956,3099900
2009-03-18,39.07083511352539,39.67876010626585,37.504264831091874,38.23494326567791,3206900
2009-03-19,39.87751770019531,40.22824255131996,38.57983173729653,39.52679284907067,4269800
2009-03-20,39.62028884887695,40.78937381678577,39.427388758842746,39.90671341729715,4196500
2009-03-23,40.415283203125,40.81861910602431,39.36895120177237,40.274994199393205,3413000
2009-03-24,39.80153274536133,40.95308322724297,39.80153274536133,40.06457978451065,3892500
2009-03-25,40.02949523925781,40.82446939065921,39.20528770256194,40.31591997923299,3556700
2009-03-26,42.47871017456055,42.57223913232674,40.26913983395523,40.26913983395523,4025900
2009-03-27,41.66619110107422,42.54300490188708,41.35053759761691,42.06952687655393,3603700
2009-03-30,40.33929443359375,41.08166172715213,39.947647421062264,40.74847255449884,3003700
2009-03-31,40.35099792480469,41.28626572504567,39.3338944707744,40.491286979913674,3500100
2009-04-01,39.509246826171875,40.35683658591288,38.81364390714526,39.47417568428872,4311100
2009-04-02,40.43281555175781,41.20441170040663,40.09377973166949,40.28083766802718,3669700
2009-04-03,39.3455696105957,40.625719612543264,38.416148813356635,40.321759356130606,5308900
2009-04-06,42.83528137207031,42.94634589410352,38.1180227290751,39.088365593835235,12102000
2009-04-07,43.13341522216797,44.30834753906444,41.99940072428243,42.081236362304296,8492500
2009-04-08,42.49626541137695,43.361390832369146,42.09877607627917,43.21525511299067,3424500
2009-04-09,42.85867691040039,43.60104428668283,42.35012308085704,43.267855076901334,2680000
2009-04-13,43.13341522216797,43.39061549006971,42.23321874421967,42.46119008723883,2931200
2009-04-14,42.619022369384766,43.186025201502645,42.08708622230408,42.85283594729773,2519100
2009-04-15,43.449066162109375,43.49583065511296,42.244904995658324,42.35596955161497,2677800
2009-04-16,45.34882736206055,45.72293436319462,43.42568119013628,43.741334808538255,4494800
2009-04-17,44.9747314453125,45.61188105562526,44.73506671942421,45.38390968498965,3099400
2009-04-20,44.267433166503906,44.81105820980622,43.84656158979139,44.4837111725253,2462100
2009-04-21,44.448638916015625,45.302070943134225,43.963467279456005,44.42525666681549,3159400
2009-04-22,43.75303268432617,44.86366502309357,43.56013246796858,43.67704371714355,3231100
2009-04-23,45.22023010253906,45.27283681241098,43.44321950497605,44.26742697062952,2807500
2009-04-24,45.05656051635742,45.33129634848399,44.58892448809419,45.24946071249408,1947500
2009-04-27,45.62940216064453,46.237327109481676,44.23819212715816,44.688288048086804,2110400
2009-04-28,45.08578872680664,45.617724864645226,44.851975152956065,45.08578872680664,1804600
2009-04-29,46.22564697265625,46.79849643506158,45.53003959431344,45.611875231799914,1534200
2009-04-30,45.904144287109375,47.13168324619794,45.38390156416371,46.50622264334711,2385700
2009-05-01,47.692832946777344,48.07278656340101,45.95674501245912,45.98596946930308,3275200
2009-05-04,46.96217346191406,47.69285207161306,46.70497762390167,47.50579852591845,3771700
2009-05-05,46.576358795166016,47.21935482188003,46.28408746850451,46.75172337504553,2828800
2009-05-06,47.04399871826172,47.28365890753863,46.26070917688526,47.01476979921743,2083700
2009-05-07,46.576358795166016,47.12583031639574,46.07949843178276,47.11413696589363,3397700
2009-05-08,48.20139694213867,48.201396942138665,46.92709350761986,46.92709350761986,2217700
2009-05-11,46.968017578125,47.65193164917625,46.6465216832151,47.65193164917625,2578100
2009-05-12,47.70452880859375,47.84481780406696,46.389307769302135,47.06153274799253,2144100
2009-05-13,47.0732421875,47.28952468053257,46.436092524333674,47.03232436013802,2353600
2009-05-14,47.27197265625,47.68115078748435,46.868636741385316,47.08491915915613,1842600
2009-05-15,46.72250747680664,47.289514722068446,46.20811140405036,47.19014351364526,2238700
2009-05-18,47.08490753173828,47.1375142243172,46.21393585936811,46.47113602674787,1858500
2009-05-19,47.079078674316406,47.342121156172304,46.35424683522047,46.67574270641015,2344500
2009-05-20,48.21308898925781,48.698256092513574,47.19013915539231,47.312892600291285,3289000
2009-05-21,47.6285400390625,47.79221127766334,46.968003949371834,47.72206454981722,2148300
2009-05-22,47.60515594482422,48.2130808500581,47.42979136188318,47.815591660470815,1130400
2009-05-26,48.66902160644531,49.019746299594544,47.38302511862289,47.41225403459634,1986700
2009-05-27,47.80390930175781,48.79178805737826,47.757144807593,48.76255913359835,1675100
2009-05-28,48.85169982910156,49.00474895117656,47.46249577582947,47.79802360702596,1878000
2009-05-29,49.22843933105469,49.434468923285884,48.121787008061176,48.85759414885722,1648600
2009-06-01,49.54039764404297,50.205565310809675,49.26373359516411,49.299050881060865,3337400
2009-06-02,49.664031982421875,49.92892071185122,48.95765455226093,49.36382146232823,2202300
2009-06-03,48.998870849609375,49.76999983406234,48.639796583729215,49.23433004722089,2408700
2009-06-04,49.74055480957031,49.89360392800554,49.18134326787842,49.24609464525449,1704500
2009-06-05,50.72357940673828,51.24747351921432,49.828840262478444,50.23500258557255,1975600
2009-06-08,50.53520965576172,50.841307796679295,49.563943790593974,49.92890557676239,1550300
2009-06-09,49.45212173461914,50.62352530691262,48.9753157098185,50.3880661514692,2360000
2009-06-10,48.816383361816406,49.73466912792724,48.03937129256651,49.65225909717421,2645900
2009-06-11,48.39844512939453,49.67580508744985,48.33369374986086,48.963544403589374,2271000
2009-06-12,48.72220230102539,48.786953686891664,48.03937562872235,48.08646836226332,2313600
2009-06-15,48.310150146484375,48.58092661682377,47.80980222322659,48.33369651229781,2095800
2009-06-16,48.1570930480957,48.76928498494651,47.951067995071234,48.5514889964675,1559600
2009-06-17,48.298377990722656,48.59270081945098,47.80391330313388,48.1865338786827,2055100
2009-06-18,49.14602279663086,49.65814611571896,47.974619240750485,48.48085484600729,2068900
2009-06-19,48.59270095825195,49.563962703021794,48.527949576465964,49.563962703021794,2701400
2009-06-22,47.96283721923828,48.733961385559084,47.86276407127361,48.46906821648847,1770000
2009-06-23,47.88633728027344,48.215981998327614,47.14464227841561,48.16300153840357,2130700
2009-06-24,46.8090934753418,48.58091788811453,46.58540977681933,48.027589618442484,2911400
2009-06-25,47.756813049316406,47.87454485686681,46.59718505925737,46.59718505925737,2444000
2009-06-26,47.66263198852539,48.00404749315011,47.45071922641413,47.66851970164216,1947200
2009-06-29,48.292476654052734,48.43375031450827,47.468372067879464,47.8980852526513,1069200
2009-06-30,47.474281311035156,48.29249855589364,47.26825619380653,48.29249855589364,1746800
2009-07-01,47.46837615966797,47.8686553079701,47.32710248703459,47.65674255351549,1919000
2009-07-02,46.8090934753418,47.03866937802153,45.92612512552944,46.979801228559964,2128000
2009-07-06,47.3859748840332,47.509589931766016,46.13804448771498,46.42648409010144,1797800
2009-07-07,45.91437530517578,47.37421895759046,45.678916072075175,47.2035111258678,2592300
2009-07-08,46.14980697631836,46.33228563975957,45.77895744608796,45.97909924654714,2177100
2009-07-09,46.079193115234375,46.473584728610966,45.749552899995564,46.267559594086705,1457400
2009-07-10,45.86138153076172,46.13804119441026,45.3257118711454,45.92024519343142,1672100
2009-07-13,47.091644287109375,47.33299111976521,45.720099069405116,45.94378725401475,2176300
2009-07-14,47.792144775390625,48.00994080538304,46.86208351187923,47.0622208898193,1431100
2009-07-15,47.82746505737305,48.44554486374944,47.49782488917789,48.13944657241639,2796000
2009-07-16,48.557373046875,48.81049082805343,47.733268329712025,47.968727461902795,1369700
2009-07-17,47.733299255371094,48.551521280324394,47.45075170649156,48.32783293886475,2513600
2009-07-20,48.33370590209961,48.3572522724874,47.25059531931579,47.82158245093971,2415800
2009-07-21,44.22496795654297,47.25060773577923,43.77171255775206,47.18586081396235,13750100
2009-07-22,44.88423156738281,45.731882754762154,44.266151828083714,44.64288469113898,5789000
2009-07-23,44.35444641113281,45.06082384722768,43.93062084767782,44.990184756315294,3915800
2009-07-24,43.60685729980469,44.578123219148914,43.51855958149912,44.26613734900144,4357800
2009-07-27,43.88353729248047,43.942400962348295,43.03588607515132,43.642190407709194,2769600
2009-07-28,44.18962097167969,44.39564601463894,43.383174956657335,43.389062669601635,2798000
2009-07-29,43.97770690917969,44.342668753727985,43.43615410063109,43.8011159451794,3575900
2009-07-30,43.9423942565918,44.84890900545158,43.87175516892408,43.92473560742723,3836400
2009-07-31,44.00714874267578,44.68409211824493,43.92473871340751,44.06601240772315,3200100
2009-08-03,44.58991241455078,44.672322454451965,43.17716181608572,44.38388731479783,3236900
2009-08-04,44.42508316040039,44.613449568561634,44.14841901600525,44.44862952279672,4111000
2009-08-05,43.74814224243164,44.501607916499964,43.51268309653287,44.33678786167373,3541200
2009-08-06,44.56047821044922,44.56047821044922,43.536235938051995,43.954173850978385,3751100
2009-08-07,45.18442153930664,45.41988059426605,44.21904345588025,44.695844786192275,2317900
2009-08-10,44.807701110839844,45.1667752574483,44.44862696423138,45.137341183394824,1794700
2009-08-11,44.27204132080078,44.7959356198786,44.177860346758216,44.7959356198786,2463100
2009-08-12,44.531028747558594,44.93719105013104,44.1484083106645,44.32500374031049,2688900
2009-08-13,44.38386917114258,44.60166511998715,44.00124871886379,44.43684510756147,1906200
2009-08-14,43.907073974609375,44.58990503914425,43.624526596257404,44.460402286145595,2002700
2009-08-17,43.53623580932617,43.907080986767376,43.324322996213965,43.459713484428555,2363800
2009-08-18,43.618629455566406,44.030683988871154,43.33019442595913,43.68338081807131,2262700
2009-08-19,43.4067268371582,43.63629827007854,43.09474537657465,43.4302732009205,2215300
2009-08-20,43.92472457885742,43.9894759368761,43.26544006585286,43.39494278189021,3000400
2009-08-21,44.10132598876953,44.37210241795628,43.68927587718306,44.26026281110246,3465600
2009-08-24,43.97770690917969,44.30734696812075,43.400836806032835,44.30734696812075,4085200
2009-08-25,43.81289291381836,44.7135199781843,43.67750244753014,44.295582134178325,5364200
2009-08-26,43.901187896728516,44.201393905326135,43.553884673455926,43.72459242848696,4200800
2009-08-27,44.46629333496094,44.70763571827988,43.948286775122526,44.1307654911205,3974700
2009-08-28,44.454437255859375,45.00011226189798,44.19346697487343,44.92300360090718,3394200
2009-08-31,44.47221374511719,44.52559246205185,43.76639832017648,44.42476297996147,2359500
2009-09-01,44.83995056152344,45.6703209381572,44.46628592835777,45.0771998870123,5558400
2009-09-02,44.22310256958008,45.03568001011837,44.14006598735331,44.68573624917328,4288300
2009-09-03,44.412906646728516,44.68574181160069,43.5647432868445,44.466289899179,3931900
2009-09-04,44.6501579284668,44.82809607747341,44.18752417123572,44.43070600653442,2305900
2009-09-08,43.99179458618164,44.89334126779147,43.68337357941317,44.596780692948414,5616900
2009-09-09,43.37495040893555,43.9502786794783,43.04280399507809,43.807930862847314,7230100
2009-09-10,43.629966735839844,43.837562646124695,42.823322046338646,43.452033202220726,4890400
2009-09-11,44.8636474609375,44.94668399336234,43.446089410775514,43.7782355404749,6050700
2009-09-14,44.83401870727539,45.34410318036384,44.16379353921945,44.430700731038044,2820200
2009-09-15,44.89927291870117,45.30852799373706,44.49595032269417,44.87555205289691,3151400
2009-09-16,45.17210006713867,45.51017887510554,44.786570490471874,45.10685639146486,3678700
2009-09-17,47.188720703125,47.56831790492291,44.79844301753156,45.160247307550755,7449600
2009-09-18,47.497135162353516,47.64541542607828,46.87435624464769,47.384440713873246,5548400
2009-09-21,46.99891662597656,47.53272654291719,46.72014897351006,47.15312938534942,2533700
2009-09-22,47.188720703125,47.366658871223336,46.94554336688989,47.34293348046652,2568700
2009-09-23,46.755733489990234,47.38444035537718,46.654903997457325,47.38444035537718,4498500
2009-09-24,45.64066696166992,46.69642632373158,45.628806530705134,46.69642632373158,3330400
2009-09-25,46.19819259643555,46.45323479788249,45.80673510418788,46.06177730563482,3792900
2009-09-28,46.50068664550781,46.76758928166067,46.18633324399097,46.42357802050282,2460200
2009-09-29,46.8862419128418,47.04638267734219,46.41174304924062,46.660852916310795,2605000
2009-09-30,46.310916900634766,46.98114240875164,46.0499420540392,46.98114240875164,4209800
2009-10-01,45.43900680541992,46.334620913209186,45.42714184960152,46.233786889371814,3259000
2009-10-02,44.70352554321289,45.474580027117796,44.537447883838425,45.474580027117796,3634900
2009-10-05,44.4781608581543,45.035696276036,44.35360593982761,44.78065395989394,4254000
2009-10-06,45.183963775634766,45.27886079476672,44.478148246755545,44.69760467405241,2772000
2009-10-07,43.90875244140625,45.08313416052447,43.647777720456716,45.08313416052447,5652100
2009-10-08,43.29783630371094,44.169724964262436,43.23259262672039,44.134139149596486,6681700
2009-10-09,44.97043228149414,45.112780048887856,43.33341711842755,43.41645369317005,5309400
2009-10-12,44.14009094238281,44.67983355715985,43.938431850151986,44.662040640216766,4642300
2009-10-13,43.95027160644531,44.40104489924738,43.72488722262167,44.35952660419685,2520900
2009-10-14,44.57305145263672,44.83995413687181,43.730820578892114,44.3595274951867,3016700
2009-10-15,44.40697479248047,44.703535318481705,44.15193255911323,44.40697479248047,1941600
2009-10-16,44.745052337646484,45.059405762236395,43.9917860889552,44.15785925476463,3132200
2009-10-19,45.66438293457031,45.895699754511874,44.50779883486249,44.86367051745306,3658200
2009-10-20,42.69879150390625,43.582545299991665,42.6572732032627,43.13177194646501,12745700
2009-10-21,41.31681442260742,42.33697882519452,41.16260168290929,42.31325344022908,11012200
2009-10-22,42.45561599731445,42.70472581184622,41.494758037491906,41.60745251198962,7127100
2009-10-23,42.81742477416992,43.113985401168954,42.39630922685003,42.503071233575916,5315600
2009-10-26,42.3903694152832,43.01907638772791,42.14125961772835,43.01907638772791,4729100
2009-10-27,41.52440643310547,42.40222306264943,41.482888140156156,42.30139356908032,5433600
2009-10-28,40.522029876708984,41.64302829703096,40.45085372179087,41.53626632723103,5465600
2009-10-29,41.215980529785156,41.30494959238584,39.970427228839085,40.652517341904996,4762900
2009-10-30,40.8007926940918,41.32273752662883,40.59320125644378,41.156664376510406,3955400
2009-11-02,40.84825134277344,41.15667232035833,40.527965409230575,40.949080842642076,2754600
2009-11-03,41.16259002685547,41.16852250270554,40.27290870577856,40.62878032917868,3479100
2009-11-04,41.7557258605957,42.55050595330061,41.02618492499144,41.2930921319878,4248600
2009-11-05,43.21480941772461,43.21480941772461,41.92180506788154,42.00484167084028,3835000
2009-11-06,43.75452423095703,43.84942574145432,42.81739670313833,42.81739670313833,3442100
2009-11-09,44.83401870727539,44.869609047943946,43.75453856019035,43.9502695958264,3188000
2009-11-10,44.24683380126953,44.804369091462846,44.128211389598796,44.72133249826234,2789000
2009-11-11,44.53154754638672,44.97045603401341,44.32395599988465,44.50782215176415,2430000
2009-11-12,43.95027160644531,44.555257648787126,43.701161836142106,44.48408148934845,3618400
2009-11-13,45.11872100830078,45.189897167956175,43.98586208266987,43.98586208266987,3105100
2009-11-16,45.65848159790039,46.02621392336727,45.26701935125379,45.29074474727691,2859000
2009-11-17,45.26106643676758,45.68811432206957,44.98823129341454,45.587284828360644,2096500
2009-11-18,44.697593688964844,45.551689277019456,44.537448503627814,45.3203724761136,2767300
2009-11-19,44.6501579284668,44.750987434498164,43.77826914361357,44.596779198857874,2505500
2009-11-20,45.13652038574219,45.28480067907587,44.28242897324587,44.436637220200986,2844200
2009-11-23,45.83640670776367,45.860132099349535,45.42122366790035,45.44494905948621,2249100
2009-11-24,46.002464294433594,46.049915061484,45.26699550576921,45.84825608925111,2692500
2009-11-25,46.61932373046875,46.66084203196234,45.78895317544147,45.91351260507772,3050700
2009-11-27,46.099143981933594,46.36820787593572,45.513191127982935,45.80018714085527,1284900
2009-11-30,46.17686080932617,46.290461270382885,45.519152321386684,46.027382436924995,2930000
2009-12-01,47.193321228027344,47.324862951567916,46.338304586732434,46.47582672362998,2864300
2009-12-02,46.750858306884766,47.28300096015873,46.30242317917852,47.229186372740614,3013400
2009-12-03,46.32034683227539,47.03784101020753,46.23065891960469,46.79867476365791,1730100
2009-12-04,46.76280212402344,47.62379879981755,46.49971879270484,46.918260870867776,2955700
2009-12-07,47.037864685058594,47.25909437276559,46.625307377873966,46.89436668959085,2140200
2009-12-08,46.433963775634766,46.91827224229076,46.04531909518783,46.7628134577684,1400500
2009-12-09,45.082672119140625,45.96758141320041,44.502695380372046,45.96758141320041,5475400
2009-12-10,45.429473876953125,45.549054763162836,44.97505829826311,45.15442962757767,3215100
2009-12-11,45.907814025878906,46.308415117655876,45.46535915677777,45.734418502187474,2844500
2009-12-14,46.529640197753906,46.85849453091139,45.92574613219158,46.06924869305256,3194000
2009-12-15,46.4040641784668,46.53560587006018,46.12902453318869,46.33829333267011,2545500
2009-12-16,46.31438064575195,46.91827457737191,46.290463557579876,46.756835372639955,2362400
2009-12-17,45.48926544189453,46.21872072623112,45.453387525772094,46.117071952555804,4610100
2009-12-18,45.64472579956055,45.80018462566543,45.30391520191619,45.67462330671426,3271000
2009-12-21,45.60285949707031,46.28448506679972,45.54904947304102,45.674610757493895,2558500
2009-12-22,45.232147216796875,45.96757810512337,45.08864928570924,45.48326973662948,1947900
2009-12-23,44.981040954589844,45.48926658890727,44.9272263599085,45.39957863891746,2211000
2009-12-24,44.90928649902344,45.26205329913518,44.813618142690444,45.2082432699866,828800
2009-12-28,45.262054443359375,45.303908209883545,44.70599465284197,44.915268047181264,1672000
2009-12-29,45.8360481262207,46.17087820475037,45.41750596634092,45.41750596634092,2303900
2009-12-30,45.51316833496094,46.08716463496731,45.33379249545772,45.614812515211455,1673800
2009-12-31,45.05276870727539,45.6745991206987,44.957104946134656,45.620789110378915,1414000
2010-01-04,45.949649810791016,46.00944024616786,45.1544237912973,45.363697157692975,2408300
2010-01-05,46.4279899597168,46.51169749518668,45.77028594028832,45.81213970802326,2356500
2010-01-06,45.74636459350586,46.15294596869492,45.35173948153495,45.50121786121154,5208100
2010-01-07,44.49075698852539,45.561018410175876,44.012424242736806,45.54308173050965,7038300
2010-01-08,45.208255767822266,45.40556838601748,44.436946538102454,44.454883219443914,3629400
2010-01-11,45.42350769042969,45.5550494434893,44.95713570174184,45.2979463520691,1973500
2010-01-12,45.41751480102539,45.72245200284188,45.02887006329357,45.291953497152385,2119000
2010-01-13,45.96758270263672,46.051290217619716,45.26802508668563,45.537088866317355,2245100
2010-01-14,45.943668365478516,46.05727338334205,45.53111117745409,45.913775429321284,1954500
2010-01-15,45.89583969116211,46.15294266828909,45.63873671403513,46.01542056166488,2041900
2010-01-19,46.822601318359375,47.05578720145494,45.77027691936521,45.91975528348891,3765500
2010-01-20,46.70302963256836,46.81663467138435,45.93172057466099,46.52365373567137,3128200
2010-01-21,46.02741622924805,46.98407760263184,45.72247884839028,46.66718395035983,2304400
2010-01-22,45.19029998779297,46.224687709558914,45.14246581661876,45.8898576347747,2072100
2010-01-25,45.89583969116211,46.326338123720575,45.33379956401992,45.590902541146896,2559200
2010-01-26,45.907814025878906,46.24862465886701,45.3517540918752,45.6925647248633,2835100
2010-01-27,46.11707305908203,46.24263436422699,45.44143235185863,45.85399418427678,3054500
2010-01-28,45.53112030029297,46.91827963167901,44.99299716274696,46.89436254093046,3542400
2010-01-29,44.55649948120117,45.71047239411171,44.46681613079926,45.537081542190215,3249800
2010-02-01,44.77774429321289,45.046803559407785,44.413016671746234,45.046803559407785,2781100
2010-02-02,45.77029037475586,45.89585169012573,44.77775155556689,44.843522420053816,2995600
2010-02-03,45.853981018066406,46.00943522072294,45.345750968580816,45.549043900718516,2647600
2010-02-04,45.44143295288086,46.11109781756309,45.41153544861912,45.59091135075218,4992800
2010-02-05,45.27402877807617,45.812152052324265,44.269533520053,45.351755921465426,5029700
2010-02-08,44.562496185302734,45.357722302216125,44.5266228320255,45.25009768066605,4308100
2010-02-09,45.11259078979492,45.43546476346799,44.66415547553565,44.94517566901332,3697800
2010-02-10,44.90928649902344,45.19628244458582,44.66413975720886,45.05278447180463,2798600
2010-02-11,45.65070343017578,45.69255720060783,44.55054457212256,44.78373051620382,3432500
2010-02-12,45.19029998779297,45.41750545829402,44.855465351291116,45.279987918315214,2478500
2010-02-16,45.45936584472656,45.63874173192053,45.13051613382869,45.39359499020333,2531400
2010-02-17,45.66267395019531,45.901835796736584,45.15444362199558,45.53113219756573,2060100
2010-02-18,46.23664474487305,46.30241558441933,45.531106743872456,45.543063004827566,2687400
2010-02-19,46.16489791870117,46.31437628441192,45.824087427349376,46.152941656600106,2801000
2010-02-22,46.00345230102539,46.47580437123627,45.770266471160305,46.15293063102693,3029100
2010-02-23,45.979549407958984,46.66715085047109,45.883881057615234,45.94367149572107,2900000
2010-02-24,46.37417221069336,46.45190388956845,45.99748832670796,46.140986297504554,2379300
2010-02-25,46.41032791137695,46.44047024275818,45.58448138079044,45.81354746243596,2047900
2010-02-26,46.8745231628418,46.98302918447872,46.23554121361242,46.350076625083865,2636000
2010-03-01,47.53759002685547,47.875162105861705,46.83230353361402,46.86847065662907,2436600
2010-03-02,47.74858474731445,48.27905594940879,47.60391161930251,47.75461413571206,2727900
2010-03-03,47.53156661987305,48.25494136470342,47.4532029771234,48.0620423525637,1958900
2010-03-04,47.78474807739258,48.1223248146611,47.38689585724724,47.73652677127603,1850000
2010-03-05,48.99036407470703,49.0265358001573,47.875166553746176,47.875166553746176,3194500
2010-03-08,48.88187026977539,49.412346117118716,48.86981609100678,48.94215496084711,2440100
2010-03-09,49.56305694580078,49.701700720698206,48.731175900108255,48.83365713264456,2553800
2010-03-10,49.78004455566406,50.00911067078569,49.56906200238431,49.725789271063704,2308000
2010-03-11,50.05131149291992,50.177901035792345,48.417697012411345,49.55097810984669,3114300
2010-03-12,50.08747482299805,50.244206692372686,49.78004507035809,50.08747482299805,2008600
2010-03-15,50.708377838134766,50.792770868515284,50.069396123585584,50.11762202639594,2630900
2010-03-16,51.009796142578125,51.23283295289359,50.720445249288005,50.81689708007685,4087500
2010-03-17,51.154457092285156,51.359410285227256,50.93744512383156,51.10020180063409,2587500
2010-03-18,51.80548858642578,51.920019349580734,50.8409889869476,51.08211388681714,2923100
2010-03-19,52.38418960571289,52.552975668848774,51.901939768974394,52.38418960571289,4031700
2010-03-22,51.666839599609375,52.05263759473272,51.3111839412292,51.4739406020477,3012700
2010-03-23,51.10624313354492,51.690969707487675,50.88923111436871,51.540267171897334,3327800
2010-03-24,50.5637092590332,51.06404274310713,50.310530122179905,51.045959176057046,2092500
2010-03-25,50.35272216796875,50.985674552900235,50.32860921435391,50.59384710504149,1531900
2010-03-26,50.780731201171875,50.98568906570033,50.35273650060232,50.59989089619884,1674200
2010-03-29,51.13035202026367,51.37750636651073,50.95553654100806,50.96156592969302,1343400
2010-03-30,50.6902961730957,51.256939106065424,50.40094991729366,51.05801068077914,1546900
2010-03-31,50.16584396362305,50.56369613267044,49.96691557956192,50.56369613267044,2260600
2010-04-01,50.5637092590332,50.78675065049504,50.153798209285746,50.40095255650638,1856400
2010-04-05,50.53958511352539,50.931412509469965,50.376828447033816,50.63603691520561,1151700
2010-04-06,49.743873596191406,50.406968201066405,49.59920050016177,50.406968201066405,2228900
2010-04-07,49.54495620727539,49.91869547017026,49.41233726918673,49.56303977172831,1615300
2010-04-08,49.54495620727539,49.78607653208161,49.424391445796886,49.569069159571086,1323100
2010-04-09,49.906654357910156,49.92473792709693,49.35809489750306,49.69567171893689,1077100
2010-04-12,49.98500442504883,50.15379049030714,49.74990889142828,49.864444263885844,1137800
2010-04-13,49.79209518432617,49.98499416202573,49.514803191325214,49.936768267832235,1273300
2010-04-14,49.79814529418945,49.846371208451984,49.12299629174295,49.810199473216926,1855800
2010-04-15,50.16584396362305,50.38285591003975,49.79812953214334,49.84032604399798,1451200
2010-04-16,50.02719497680664,50.3587422790887,49.44849799388461,50.22009397111398,2595500
2010-04-19,50.756587982177734,50.80481387438481,49.95485436983751,50.003075662970375,2264400
2010-04-20,51.22076416015625,51.49202680847415,50.79276963106073,50.94949691276324,2275800
2010-04-21,51.99234390258789,52.35402885339985,50.810837277096184,51.14237989905979,2372300
2010-04-22,52.245540618896484,52.3118500855821,51.48600334443891,51.77534956354411,2704400
2010-04-23,52.396263122558594,52.396263122558594,51.80551168352479,52.28173230834093,1332900
2010-04-26,51.89590835571289,52.48063476523631,51.79343176410521,52.46255120190261,1550200
2010-04-27,50.93746566772461,52.00443777705222,50.750595963606884,51.8356516444198,2892600
2010-04-28,51.2147331237793,51.377494386789884,50.569726657165965,51.166507223696534,1758900
2010-04-29,52.06473159790039,52.233517760089185,51.50411778830017,51.50411778830017,1534300
2010-04-30,51.17253875732422,52.36610453952249,51.17253875732422,51.98633130928546,1555400
2010-05-03,52.29376983642578,52.432418166213566,51.25693585424917,51.413667748992864,1485200
2010-05-04,51.479976654052734,52.02853138101307,51.238851726114746,52.010447816255926,2416100
2010-05-05,51.142398834228516,51.80549352180993,50.90127851046296,50.90127851046296,2062500
2010-05-06,49.94281005859375,51.678905888155604,47.46526046771948,50.93744752776764,3665700
2010-05-07,48.99036407470703,50.18995922233513,48.556344760979485,49.629345768144255,4108400
2010-05-10,50.40696716308594,51.17253373784779,49.816211417928,50.62397910219908,2659400
2010-05-11,50.093505859375,50.60589339638687,49.816213834628286,50.03925517150224,2421000
2010-05-12,50.280357360839844,50.64806703262417,50.00909024677465,50.32857863969941,2433900
2010-05-13,49.64140701293945,50.58781861348674,49.46659154544018,50.30449715233536,2181700
2010-05-14,48.70102310180664,49.52687450240994,48.28508270747041,49.29780374653755,2417100
2010-05-17,49.01447296142578,49.24956846152244,48.33329940974503,48.809519796859334,2599600
2010-05-18,48.827598571777344,49.85840287862595,48.604557268313606,49.19531295363889,3007200
2010-05-19,48.526206970214844,48.83364137043809,47.60993775660649,48.68896365322979,2572500
2010-05-20,46.74793243408203,47.9836905736511,46.74793243408203,47.81490445500376,3519400
2010-05-21,48.924076080322266,48.94215964974578,45.84974050417696,45.97633008921827,5904300
2010-05-24,48.104217529296875,48.893896791346144,48.02584932223519,48.682914309013114,2511900
2010-05-25,48.4659309387207,48.6829429335971,47.13372122516477,47.35675800945514,4258200
2010-05-26,48.06203842163086,49.050646352874345,48.049979647378585,48.79143789534863,3549200
2010-05-27,48.94914245605469,48.97344745322275,48.37799124757,48.97344745322275,2488700
2010-05-28,48.56027603149414,49.06459433662547,48.43875567070075,48.864081569182225,1907900
2010-06-01,48.10456466674805,49.1557338000315,47.983044313680224,48.51774035716466,1806500
2010-06-02,48.48735809326172,48.51165845305983,47.67315696890831,48.18355260304255,2551100
2010-06-03,48.432674407958984,48.803317505301195,48.207856659105836,48.49343458352074,1797900
2010-06-04,47.02302169799805,47.85545055685472,46.88934651701474,47.85545055685472,2274200
2010-06-07,46.37288284301758,47.387592352270985,46.31212265507942,47.387592352270985,2469900
2010-06-08,46.786067962646484,46.956198377161314,46.02047646162365,46.36074192635942,2301600
2010-06-09,46.99264907836914,47.72178531679034,46.786063490691824,46.810368495543095,2256100
2010-06-10,47.67925262451172,47.89799303204216,47.10201919075419,47.375447018020076,2099500
2010-06-11,47.84937286376953,47.91621045386419,47.04124900950119,47.27821696139872,1455800
2010-06-14,48.40837860107422,49.0159897434571,48.153183033842645,48.153183033842645,2311200
2010-06-15,49.1192741394043,49.149656545618576,48.5785006858613,48.72433067284465,2167000
2010-06-16,49.3380241394043,49.58106952956843,48.86408817822212,48.888393180809054,1208800
2010-06-17,49.18613815307617,49.4899438356417,48.602831798835176,49.19221556472539,1826400
2010-06-18,49.02815246582031,49.27119325338844,48.614976636966276,49.27119325338844,2606000
2010-06-21,48.65144348144531,49.641848371564244,48.37194280022844,49.489945525095926,2147700
2010-06-22,48.52381134033203,49.30155262267314,48.46912394369983,48.58457150882049,1894200
2010-06-23,48.42053985595703,48.95523606347174,48.14711202411774,48.65143045189857,2231200
2010-06-24,47.46659469604492,48.621052415432665,47.39367967384633,48.26864139740485,1728200
2010-06-25,47.42405700683594,47.697480198276274,47.13847899514609,47.466589606297894,3091600
2010-06-28,47.138465881347656,47.78253210422421,47.138465881347656,47.60632434527217,1602600
2010-06-29,45.661983489990234,46.99264889143813,45.33995028947679,46.834673314091766,3106900
2010-06-30,45.26702117919922,45.886782382479744,45.181956006900016,45.57082669046902,2659600
2010-07-01,45.24272537231445,45.546530945297256,44.82954960762963,45.267030374437695,2332400
2010-07-02,45.23057556152344,45.58298650594924,44.89638757420867,45.41285612539089,1499900
2010-07-06,45.163734436035156,45.765268130506946,44.75055870022412,45.589060354206154,1810400
2010-07-07,45.819950103759766,45.862482690530285,44.841695972333454,45.13334667141582,2167600
2010-07-08,46.26959228515625,46.30604747253132,45.70451370231564,45.923254097976866,2065400
2010-07-09,45.7166633605957,46.18452655982192,45.333869990442274,46.13591655341043,1996800
2010-07-12,45.412864685058594,45.69236531090132,45.109059052311366,45.53438971958113,1551300
2010-07-13,45.892860412597656,46.16628815786822,45.63158748393695,45.63158748393695,1958800
2010-07-14,45.87464141845703,46.31819959373649,45.5951408482186,45.70451103967756,2442300
2010-07-15,46.1480598449707,46.26958484284973,45.576908579905606,45.923246711377665,2153300
2010-07-16,44.92068862915039,46.23312618934598,44.85992844653385,45.94147545850464,1960300
2010-07-19,44.993595123291016,45.41284354907605,44.79915979425485,45.169798228854866,1370100
2010-07-20,44.9024772644043,44.95108728234571,43.96067786854177,44.44676877654303,2911300
2010-07-21,44.756629943847656,45.321703741988685,44.440669617555606,45.13334580927501,3112900
2010-07-22,45.11513900756836,45.45539985201086,44.829560954965686,45.21235904066983,3105000
2010-07-23,44.93285369873047,45.46755460860687,44.90247591520969,45.19412674268199,2886600
2010-07-26,45.497920989990234,45.7348889663153,44.87208225068531,44.87208225068531,3181300
2010-07-27,45.491844177246094,46.38502858948273,45.4371567683391,45.75311713252348,3358000
2010-07-28,45.7166633605957,45.977936350425765,45.115129597295926,45.6133705737503,1762700
2010-07-29,45.54045867919922,46.00224450028482,45.04221766866407,46.00224450028482,1919000
2010-07-30,45.661983489990234,45.83819129768178,45.12120988239112,45.12120988239112,2686900
2010-08-02,46.117671966552734,46.17843213432559,45.558671005916615,46.0812121573261,1776000
2010-08-03,45.832115173339844,46.063005771427385,45.73489515159407,46.063005771427385,1829100
2010-08-04,45.58298873901367,45.92932692660429,45.51615577398183,45.92932692660429,2626700
2010-08-05,45.589046478271484,45.983994502479874,45.11511070350279,45.267013433144214,2706200
2010-08-06,45.61335754394531,45.61335754394531,45.08473430556269,45.20625928687688,1323600
2010-08-09,45.93539810180664,46.02046328470757,45.655897552888625,45.68020255310386,979400
2010-08-10,45.6012077331543,45.722728079749075,44.73232381145981,45.716650671708116,2133800
2010-08-11,44.42853927612305,45.084755947404375,44.203721429551486,45.02399574543284,2661100
2010-08-12,44.03965759277344,44.313080752272825,43.74800220502966,43.97281999632601,2164700
2010-08-13,44.18547439575195,44.67156043340576,43.88166888382924,43.89381906459629,2095300
2010-08-16,43.7115592956543,44.00321012959851,43.45028624590497,44.00321012959851,3378200
2010-08-17,44.00319290161133,44.58042620379454,43.72369236363293,43.99104271983167,3620000
2010-08-18,44.756629943847656,44.90853269879848,43.92420117786366,44.05179893573784,2956300
2010-08-19,44.404232025146484,44.79310286096829,44.14903640833331,44.55613484025519,3112800
2010-08-20,44.47713088989258,44.56827348249292,44.03965478967964,44.03965478967964,2467900
2010-08-23,44.03965759277344,44.793094110529296,43.997124998280086,44.76878910857522,2499400
2010-08-24,43.292293548583984,43.80268467896569,43.21937854322727,43.71154671690117,2416100
2010-08-25,43.547481536865234,43.796604285043166,42.53277222632062,43.012785497730746,2501000
2010-08-26,43.46849060058594,43.94242642910751,43.34089284949966,43.59001094380031,1332900
2010-08-27,43.912052154541016,43.930284381531905,43.249758280720776,43.70546660569225,1738900
2010-08-30,43.04166793823242,43.60558498470281,42.99263045337275,43.305238573763226,1867000
2010-08-31,42.61257553100586,43.02938458976032,42.51450528707695,42.86388900717483,2714200
2010-09-01,42.86389923095703,43.299096271970846,42.77195514027057,42.9619694982774,3227300
2010-09-02,43.102962493896484,43.102962493896484,42.692284079898215,42.77196648551115,2828500
2010-09-03,43.34813690185547,43.4768567676057,43.13972996935197,43.38491267022095,2039200
2010-09-07,42.65550231933594,43.33588220295343,42.59420780332402,43.311368137726106,2059700
2010-09-08,42.20805358886719,42.667769532972066,42.0609457961659,42.201922733533515,3570900
2010-09-09,42.52064895629883,42.86390192822584,42.38579823833579,42.722920356772384,1887900
2010-09-10,43.13972091674805,43.25005287516306,42.410308497226104,42.53289748370052,2240300
2010-09-13,42.56968307495117,43.63009629106909,42.336762076273374,43.562670929996614,2685600
2010-09-14,41.97513198852539,42.649381095929016,41.932225354685315,42.56969400703148,2993500
2010-09-15,41.97513198852539,42.15288470266831,41.79737459791012,41.932225354685315,2186700
2010-09-16,41.993507385253906,42.19577878377103,41.840268784772796,41.913820320062314,1673700
2010-09-17,42.75357437133789,42.986495386892145,42.15287693184225,42.177395671869775,3766700
2010-09-20,43.34200668334961,43.470726550985844,42.61258942360653,42.90680960425443,2863400
2010-09-21,43.91818618774414,44.16949507424155,43.21941850620527,43.26232512958147,3115300
2010-09-22,44.010128021240234,44.31660522284644,43.64848249158,43.73429573391206,2687000
2010-09-23,43.93043518066406,44.230786165812276,43.64234590079189,43.758808718562435,2329400
2010-09-24,44.825347900390625,44.86212833972364,43.709771221009746,43.954953885191664,2708000
2010-09-27,44.36563491821289,45.02149589672279,44.35337788865308,44.8927760422269,2355800
2010-09-28,44.42080307006836,44.50048545307458,44.022381802096,44.445321805563495,1722900
2010-09-29,44.06529235839844,44.37790041831225,43.7220393837298,44.230792668664414,3270300
2010-09-30,43.691368103027344,44.43304201309166,43.5810361764452,44.334971787501274,3425200
2010-10-01,42.667755126953125,43.85688813068569,42.29385257787167,43.84462642415829,7529800
2010-10-04,42.50840377807617,43.23782130351519,42.4471092487516,42.6800303307741,3407800
2010-10-05,43.27458572387695,43.44008605372054,42.508392617305226,42.88229522742996,2748800
2010-10-06,43.45847702026367,43.82624880219046,43.13973804651437,43.13973804651437,3682500
2010-10-07,43.29296112060547,43.61783083230631,43.06004016693284,43.513625045756484,1797300
2010-10-08,42.968082427978516,43.44005971427206,42.88840007673944,43.43392886372482,2951700
2010-10-11,43.201053619384766,43.28073605479614,42.63100550451062,43.0171653204678,2211300
2010-10-12,43.243927001953125,43.378773017430504,42.6432297404971,43.32360937607204,2087500
2010-10-13,43.593318939208984,43.67913218173634,43.354267095529764,43.495243989765726,2303600
2010-10-14,43.02941131591797,43.78334753623543,42.94972890095453,43.61172099540804,2459800
2010-10-15,42.919071197509766,43.452343285666615,42.69228102986308,43.335880436461046,2776800
2010-10-18,42.931331634521484,43.02327574030409,42.60033565958696,42.8455183828501,2649200
2010-10-19,42.58197021484375,42.722947198398074,41.60124348140999,41.98127246009898,6314400
2010-10-20,42.80260467529297,42.888417912766485,42.49612749103878,42.56355284569236,2924900
2010-10-21,44.03464126586914,44.06529085605005,42.80260630530769,42.80260630530769,3994100
2010-10-22,43.99787139892578,44.03464717089777,43.611711763805324,43.99174054477328,2166400
2010-10-25,43.77108383178711,44.55566485685317,43.69139675249423,44.30435126288606,2488700
2010-10-26,44.010128021240234,44.21239942018239,43.55653839580394,43.55653839580394,2236800
2010-10-27,43.45233917236328,43.856891340904646,43.1887685803815,43.703652733391316,2856600
2010-10-28,43.53202819824219,43.93044957378337,43.1029619024113,43.734304313336125,1847500
2010-10-29,43.6975212097168,43.83849810764377,43.36652526138622,43.40330103015481,1560700
2010-11-01,43.807861328125,44.255315519477264,43.4891223513667,43.95496910699008,1575200
2010-11-02,43.91205596923828,44.40854757212703,43.45847099034645,44.132719943071336,2471000
2010-11-03,43.47686767578125,44.09595309859555,43.14587164803317,43.99174726796344,3339700
2010-11-04,44.108192443847656,44.20626738005987,43.27457419192524,43.820103164312215,2782600
2010-11-05,44.91118621826172,45.174756911102556,44.04692257292881,44.0653104646314,3674100
2010-11-08,44.92344284057617,45.10732641324122,44.7395545914387,44.966349475178596,2121700
2010-11-09,44.4698486328125,44.9908589965932,44.273703389631365,44.95407854842259,2094900
2010-11-10,44.083675384521484,44.414671292106625,43.936567651084935,44.414671292106625,2471500
2010-11-11,42.97422790527344,43.67299545849168,42.85163891141669,43.66073842969414,4855500
2010-11-12,42.59419631958008,43.090692521302365,42.581939290271016,42.845509846886124,2846000
2010-11-15,42.52064895629883,42.97423390869824,42.52064895629883,42.741312917243626,2479500
2010-11-16,42.097713470458984,42.59420509803519,41.748329607262484,42.39193367568991,2720400
2010-11-17,42.01803207397461,42.33676635047386,41.50314787166459,42.18352772828791,3621600
2010-11-18,42.38579177856445,42.4838620371097,41.73605702526217,42.23868405251142,7819600
2010-11-19,42.55742263793945,42.747436998587816,42.35514657091139,42.38579616038986,7133700
2010-11-22,42.07320785522461,42.54518556636582,41.76673052255166,42.496148070784635,7876000
2010-11-23,41.877052307128906,42.23869790299805,41.76672030729261,41.82801482354126,2363000
2010-11-24,42.391929626464844,42.42870539492912,41.987377467473586,42.07932156510533,2770500
2010-11-26,42.171268463134766,42.3612828481129,41.93834277680402,42.04254391201968,1441500
2010-11-29,42.264217376708984,42.38816220550407,41.96056082018164,42.140277275925676,2555700
2010-11-30,42.165061950683594,42.43153739545996,41.94196600956796,41.95435812718048,2383200
2010-12-01,43.00786590576172,43.094624909284846,42.54308350345452,42.54308350345452,2426500
2010-12-02,43.255760192871094,43.44167035736038,43.020267365301024,43.169001170507,3108600
2010-12-03,42.87154006958008,43.354913136555155,42.45633548415403,43.05125654566277,2765500
2010-12-06,42.6236572265625,42.92731383251968,42.45633759046723,42.91492171162884,1917200
2010-12-07,43.03884506225586,43.2371520153256,42.72279645855799,42.97067660388713,2523900
2010-12-08,42.59267807006836,43.27435824753746,42.59267807006836,42.98929216343267,2555700
2010-12-09,42.33236312866211,42.797145349145474,42.152646769380766,42.72897691190051,3693500
2010-12-10,42.66083526611328,42.71041320215586,42.33238971385255,42.38196764989513,3243600
2010-12-13,42.52449417114258,42.77857276638487,42.37576039401364,42.67322322026029,2834900
2010-12-14,43.392093658447266,43.578008556245024,42.598865586799704,42.65464194734393,2808700
2010-12-15,43.206172943115234,43.429268874815506,43.088426554714786,43.187582403475396,1869900
2010-12-16,43.6089973449707,43.63998001025427,42.9459077893436,43.31773286883323,1782200
2010-12-17,43.4230842590332,43.55322280590192,43.1132292251517,43.55322280590192,2826900
2010-12-20,43.16279602050781,43.47884939730436,43.03265750724132,43.24955502935214,2407900
2010-12-21,43.255760192871094,43.49744671631565,43.069845300369686,43.40448927006494,2749300
2010-12-22,42.976898193359375,43.243373748446075,42.9521092198614,43.18760210408556,3104900
2010-12-23,42.914913177490234,43.119418591614775,42.75998569309496,43.026461155375294,2121000
2010-12-27,42.95210266113281,43.01407744942092,42.642247631742414,42.75999405587478,1310400
2010-12-28,43.11941909790039,43.15660018162811,42.72899880671277,42.98928057684174,1445100
2010-12-29,42.840553283691406,43.29914211661013,42.82196273900786,43.21238308941197,1764600
2010-12-30,42.56788635253906,43.08844054349834,42.5430973823011,42.95210357119587,2316000
2010-12-31,43.32393264770508,43.354915313957385,42.54309664675377,42.654644646889665,2489600
2011-01-03,43.299129486083984,43.6151781095365,43.14420202156416,43.50363014596179,2004700
2011-01-04,43.571815490722656,43.763928836210056,43.19379195258618,43.26815886645351,2702200
2011-01-05,44.56953811645508,44.59432708162025,43.38589457989114,43.460256747374984,4465400
2011-01-06,45.35038375854492,45.83375686355717,44.736872104338055,44.90419174529895,6454300
2011-01-07,45.629234313964844,45.79036019796236,45.08389135091061,45.356565196443185,4151400
2011-01-10,45.60445022583008,45.97008153304682,45.33797950214504,45.70360608135036,4649300
2011-01-11,45.641639709472656,45.85853725086764,45.474315371816665,45.85853725086764,4606400
2011-01-12,46.007259368896484,46.07542783275431,45.72839181894072,45.945289327574216,2910300
2011-01-13,45.75939178466797,46.40389085983394,45.70362014478492,45.9886862251061,2894900
2011-01-14,46.16839599609375,46.236564475805466,45.561078102665405,45.647841854308474,2509000
2011-01-18,47.43260192871094,47.64949947378628,46.478248002367565,46.49683854508661,3789000
2011-01-19,48.12667465209961,48.752578267072224,47.240489277462856,47.240489277462856,5078800
2011-01-20,49.1554069519043,49.16160537700123,47.953167795803616,48.077112657677056,4772000
2011-01-21,49.09342575073242,49.6759546493892,49.03764939353602,49.421871286183766,4231500
2011-01-24,48.35597610473633,49.06864363229965,48.12668640429441,48.88272871971352,6903800
2011-01-25,49.00046920776367,49.03765029456981,48.114283724125116,48.25062067976367,3051300
2011-01-26,48.57907485961914,48.9570984027421,48.03992536499797,48.9199173093244,2835900
2011-01-27,49.019081115722656,50.19653156722331,48.69063543108605,49.552032322949124,3045800
2011-01-28,48.461326599121094,49.88666168121812,48.20724792365914,49.167795715496084,4376600
2011-01-31,49.328914642333984,49.34750518569676,48.70300622371906,48.88272268957927,2266000
2011-02-01,49.94242477416992,50.19650813417132,49.34750376364487,49.378491153697894,2682200
2011-02-02,50.23991394042969,50.60554547678716,49.644992618506,49.76893278756804,1930700
2011-02-03,50.022987365722656,50.46917928125622,49.81228352649329,50.20270381659099,3770000
2011-02-04,50.01679229736328,50.153129250478074,49.706937305015835,50.13453870741914,3479200
2011-02-07,50.51877975463867,50.65511677220647,49.92385845544534,50.01061751607681,3884400
2011-02-08,50.44440460205078,50.7232722642289,50.277080222333524,50.50017624328121,1856700
2011-02-09,50.98353576660156,51.08269162855367,50.239885714007634,50.38861477892407,1755300
2011-02-10,50.7480583190918,50.90298583984321,50.41341430690722,50.72326934841004,1905600
2011-02-11,50.62411117553711,50.76664182718188,50.28326878593083,50.549744273801544,2612400
2011-02-14,50.14694595336914,50.81003564788997,49.638783801755174,50.67369865364979,1786400
2011-02-15,50.49397659301758,50.648904104409006,49.71314061176134,50.029194058843316,1902900
2011-02-16,50.37002944946289,50.48157744169694,49.91144536050613,50.4381979296066,3279600
2011-02-17,50.754241943359375,50.87198360974724,50.17791154510688,50.258472130320825,1953400
2011-02-18,50.69845962524414,50.87197762097728,50.45677317004287,50.785218623110715,1522800
2011-02-22,49.68833923339844,50.456778174146265,49.5643991464431,50.3948081306686,1808400
2011-02-23,49.66355514526367,50.06016913606494,49.34130805074202,49.762711006969845,1991100
2011-02-24,49.713134765625,50.022989751969696,49.50243091634443,49.66355683308699,1500500
2011-02-25,50.11349105834961,50.21983485630829,49.43788674314297,49.85075763775787,1982300
2011-02-28,49.51919174194336,50.40748328247128,49.425357052984936,50.36369439730809,2426600
2011-03-01,49.49419403076172,50.07596367124655,49.29401548632785,49.71313856801236,1960500
2011-03-02,49.70690155029297,49.96963510019994,49.33782415008579,49.61306677600195,1629600
2011-03-03,50.532615661621094,50.60142747951461,49.94458913512477,49.94458913512477,1692200
2011-03-04,49.95085144042969,50.54513495241547,49.3565727010771,50.48257527658198,2088900
2011-03-07,49.60678482055664,50.357453018613604,49.38783555454402,50.00714182920462,1863600
2011-03-08,50.213592529296875,50.36998219738351,49.61931369962124,49.61931369962124,1878700
2011-03-09,50.344940185546875,50.538861754807385,50.01964715744936,50.16977983130809,2155800
2011-03-10,49.44415283203125,50.16354618405556,49.30652917497558,49.88204194754166,1931200
2011-03-11,50.33869171142578,50.53261331322303,49.31277618476863,49.46916580496189,2444500
2011-03-14,50.33869171142578,50.49508133161903,49.78819719386076,49.8820319205032,5269100
2011-03-15,49.84449768066406,50.16978597597037,49.05629269426308,49.68185114669479,2415700
2011-03-16,49.050045013427734,50.10723564893451,48.91867352653561,49.59427786212648,2594100
2011-03-17,50.3011589050293,50.657727042317944,49.700618573417756,49.913310935161924,2919800
2011-03-18,50.3762321472168,50.976767816825465,50.10724176443688,50.93297890672795,3355800
2011-03-21,50.81411361694336,51.1018699234324,50.757810876199805,50.87041158505483,2278100
2011-03-22,50.85791015625,51.08936375676455,50.676497610696586,50.90795121121113,1253500
2011-03-23,50.782833099365234,50.88291996553146,50.420008067669606,50.65772332349944,1757900
2011-03-24,50.54512023925781,51.13939880562211,50.426262616932235,51.07058700034222,1982700
2011-03-25,50.27614974975586,50.782850722271725,50.25737898149325,50.73280488550546,1923400
2011-03-28,50.20733642578125,50.67024847053268,50.113501677790595,50.52636788726253,1329800
2011-03-29,50.263633728027344,50.40125738685917,49.77569877226609,50.19482189861142,1586700
2011-03-30,49.89454650878906,50.463802253034835,49.86952359646811,50.35745845514521,2277300
2011-03-31,50.29490661621094,50.4700622404662,49.90705861062228,49.9445905950676,2897200
2011-04-01,50.6577262878418,50.882922943051675,50.26987832375088,50.35745612650813,1544600
2011-04-04,50.66399383544922,50.82038349828348,50.35747143263153,50.513861095465785,1803900
2011-04-05,50.739070892333984,51.06435934428543,50.30118167381578,50.388759517519425,2005200
2011-04-06,50.97675704956055,51.139403583840064,50.57640002105115,50.73904655533067,1779800
2011-04-07,51.164424896240234,51.170681816918034,50.613935192396085,50.85164567919949,1674700
2011-04-08,50.357460021972656,51.24575196015822,50.16979056004267,51.170687993492365,1939100
2011-04-11,50.36372756958008,50.80787363238263,50.06971424441821,50.25737897331065,1823300
2011-04-12,50.27614974975586,50.369979727900514,50.05720040706185,50.369979727900514,1861900
2011-04-13,48.98748016357422,50.58891302368112,48.68721478348879,50.319922702178836,4249600
2011-04-14,48.62466049194336,49.13136130996681,47.42358463892772,48.71223829326514,3854000
2011-04-15,48.912445068359375,49.02504584549576,48.46829888427556,48.79984429122298,2517600
2011-04-18,48.10544967651367,48.49954981395568,47.88024823436606,48.45576090979546,2916700
2011-04-19,48.17427062988281,48.48079301713765,48.05541296492065,48.31189428981089,1992600
2011-04-20,48.71849822998047,49.250226816395916,48.537085677488484,48.58713150699655,1976000
2011-04-21,48.655941009521484,48.831096631815385,48.54959720636201,48.70598683664338,1905100
2011-04-25,48.44325256347656,48.70598599236313,48.21805111796444,48.46827547660376,2458600
2011-04-26,49.44415283203125,49.80072104684213,48.693479640627594,48.774805313960535,3000000
2011-04-27,49.51919174194336,49.92580077304563,49.23768767506809,49.46288901951609,1727900
2011-04-28,49.456661224365234,49.61930779616194,49.10009301445579,49.53798689658026,2402300
2011-04-29,49.57551574707031,49.70062554968163,49.34405736234304,49.45665809374644,2078500
2011-05-02,49.256465911865234,49.98211592952443,49.13135614388414,49.638056908628826,3125000
2011-05-03,49.97585678100586,50.15101235742223,49.1063310462021,49.118840113389766,2288100
2011-05-04,49.36281967163086,50.263620595906445,49.28149401849587,49.99463027100382,4356900
2011-05-05,49.92582321166992,50.294905214751516,49.112600011340426,49.30026470097061,2296200
2011-05-06,50.01339340209961,50.54512187329434,49.781939842886416,50.338686450781,2047200
2011-05-09,50.00088882446289,50.36371388341229,49.81321937393531,50.05718679604174,1705300
2011-05-10,49.700645446777344,50.332461179960816,49.68187944613619,50.19483747841244,2189700
2011-05-11,49.65684127807617,50.169799152891464,49.56926345354431,49.73191003023213,2275400
2011-05-12,50.08846664428711,50.26987917381835,49.575508888335186,49.625554711509125,1550900
2011-05-13,49.78820037841797,50.28864910409911,49.681856575316374,50.069704576350894,1669000
2011-05-16,50.257354736328125,50.369955428414535,49.58800750354537,49.66307622248011,2439800
2011-05-17,49.76944351196289,50.28240140215544,49.31904053079214,49.94459916627738,2005500
2011-05-18,50.050941467285156,50.15102835460674,49.50044688280084,49.78820324622081,1312100
2011-05-19,50.28238296508789,50.56388711141715,50.0947183068336,50.35745169196874,1045100
2011-05-20,49.88827896118164,50.276126860594594,49.750655359046995,50.276126860594594,1694000
2011-05-23,49.5629997253418,49.91956786267667,49.287752471036846,49.431628246599985,1832600
2011-05-24,49.16890335083008,49.62556321342113,49.11260536958864,49.519219400431844,2384800
2011-05-25,49.081321716308594,49.168899528742976,48.793565365076645,49.118853700885374,2328500
2011-05-26,48.63093185424805,49.21895855770849,48.50582202368094,49.012523041902064,2994500
2011-05-27,48.801475524902344,48.97833746118297,48.435115903106,48.687777877418185,1796100
2011-05-31,49.205718994140625,49.33836540925213,48.807774929681145,48.807774929681145,2369600
2011-06-01,47.853981018066406,49.33836300331051,47.84134527298149,49.11728565557198,2613800
2011-06-02,47.83503723144531,48.25192529955643,47.803452684548525,47.86661695921685,2307000
2011-06-03,48.18243408203125,48.296131682682386,47.437084215345884,47.51288422215476,2560600
2011-06-06,48.87726593017578,49.01623024331803,48.06875154730366,48.131915829879446,3200700
2011-06-07,48.82041549682617,49.09202622672366,48.80146669552817,48.92147737679069,2277500
2011-06-08,48.71302795410156,49.11096717510499,48.64985886770843,48.77619222137001,2398800
2011-06-09,49.19939422607422,49.281507285123325,48.5108955747315,48.71933715833683,1896100
2011-06-10,48.82672882080078,49.275201413193194,48.7698776030785,49.04780618055408,2404900
2011-06-13,49.81211471557617,49.9510790315591,48.95938483555705,49.092031277415494,3048000
2011-06-14,50.304813385009766,50.53220870973372,49.97003827336809,50.14690023279184,2552100
2011-06-15,50.29850387573242,50.53221711477424,49.894246524344446,49.951097774545005,2217700
2011-06-16,50.475341796875,50.753265554944775,50.09003347635496,50.26057749109948,2493100
2011-06-17,50.538509368896484,51.258592712178825,50.39954507122352,50.82906889170117,3135700
2011-06-20,50.74694061279297,51.05645369214335,50.35531929307308,50.35531929307308,4146300
2011-06-21,50.942771911621094,51.13226475832711,50.65221235803788,50.98066951713713,1863900
2011-06-22,50.538509368896484,51.125946287797895,50.500606948269564,50.93644864203925,1709600
2011-06-23,50.33638381958008,50.55746120682925,49.628931361257095,50.45639450458643,1812000
2011-06-24,50.026885986328125,50.412194473215955,49.97635743885059,50.39324566552099,1905000
2011-06-27,50.32373809814453,50.4627023766231,49.9194810075476,50.17214289395184,1192800
2011-06-28,50.17845916748047,50.43111622670938,50.05212581874152,50.39953650386801,1651600
2011-06-29,50.76591110229492,50.92382422089456,50.24795626605317,50.311120549667834,1630500
2011-06-30,51.144893646240234,51.33438646752978,50.5890364712238,50.7848519847524,1487100
2011-07-01,51.77655029296875,51.80181696838321,50.96803595620838,51.08173358601066,1200900
2011-07-05,51.144893646240234,51.56178170837738,50.93644720560907,51.56178170837738,1310400
2011-07-06,51.55549621582031,51.75130701490367,51.11965430134162,51.14492098817943,2339400
2011-07-07,51.3912467956543,51.94078619495471,51.315446762228916,51.94078619495471,1950500
2011-07-08,50.854347229003906,51.182804428640665,50.7280138298156,50.90487576955281,2071200
2011-07-11,50.51955795288086,50.601671024925324,50.2226805721527,50.36164486263184,1733800
2011-07-12,50.34901428222656,50.53219406400365,50.05845474465361,50.45008098353484,1975900
2011-07-13,50.32373809814453,51.08803681065199,50.17846076637123,50.57639998454877,1824700
2011-07-14,50.026885986328125,50.35534805013107,49.86265977355374,50.29849680791911,1574500
2011-07-15,49.50260925292969,50.19110817995157,49.02255199297445,50.19110817995157,2322800
2011-07-18,48.915164947509766,49.35731971386489,48.61196966549089,49.34468878587997,1574100
2011-07-19,49.52155685424805,49.69210090845519,48.93411983778284,48.959386516022064,1790900
2011-07-20,49.47101593017578,49.77421120354053,49.26256948093285,49.521549278924134,1431600
2011-07-21,50.63328170776367,50.77855912707562,49.6415823627199,49.76791579160807,1794700
2011-07-22,50.279544830322266,50.53220682828907,49.887923311644165,50.45640678316099,1272300
2011-07-25,50.09003829956055,50.367962084391806,49.60366324263628,49.843694243917255,1514700
2011-07-26,51.05015563964844,51.78918791938485,50.494303166014646,51.378612824267,3087900
2011-07-27,48.92778778076172,50.89854474002381,48.776192574395324,50.709047117722264,2930800
2011-07-28,47.5571174621582,49.17414632543947,47.02021379918992,48.921484360770236,4943700
2011-07-29,47.83503723144531,48.59933603892008,47.11494907902565,47.13390269863887,3452100
2011-08-01,47.0328369140625,48.075064333197666,46.38223571605019,48.075064333197666,3494100
2011-08-02,46.5401611328125,47.443424492573605,46.50226352107305,46.717023079765454,4183000
2011-08-03,46.464332580566406,46.74857895158395,45.700034024978024,46.45170165744556,3432800
2011-08-04,45.04945373535156,46.08536339528015,45.036822806432085,46.03483004135049,3333000
2011-08-05,45.99694061279297,46.729659917658054,45.466354759581755,45.50425237220349,6414600
2011-08-08,43.5208625793457,46.02852402694611,43.438744661867844,45.25790712858636,4897200
2011-08-09,44.77150344848633,44.840985571744355,42.358592385601206,43.86824066525552,8253700
2011-08-10,42.23860168457031,44.08934358292197,42.118586175193585,43.887214988728736,4806500
2011-08-11,43.48296356201172,44.026185194675314,41.91646778061712,42.31440719188729,3298900
2011-08-12,43.659812927246094,44.43674263256679,42.99657602054544,44.000905780481425,3262300
2011-08-15,44.37990188598633,44.51886619416655,43.84931132921874,44.10829114339563,3031300
2011-08-16,44.65151596069336,45.43476369719223,43.81773486851688,44.209356327203295,3184000
2011-08-17,44.96732711791992,45.264204459012504,44.6072855129857,44.84731164323371,2366900
2011-08-18,43.824039459228516,44.19039898844157,43.154489492761634,44.05143469673144,4174800
2011-08-19,43.83037567138672,44.36096638727389,43.05975869065008,43.160825424772256,3031700
2011-08-22,44.16514205932617,44.702045725557134,43.83668487664849,44.46833738259695,1990200
2011-08-23,45.40317916870117,45.46634827289403,44.28515638372781,44.36095641728362,2530900
2011-08-24,46.27486038208008,46.293809184743424,45.17578163634797,45.33369475071026,1710300
2011-08-25,45.504241943359375,46.58436702767202,45.30843123085479,46.445402721071744,2004400
2011-08-26,46.26852798461914,46.28115890938796,44.54411519665482,45.29578292719366,1842500
2011-08-29,46.7864875793457,47.032831600878275,46.1990507235854,46.6222566252824,1869100
2011-08-30,47.28423309326172,47.584147367640625,46.26325195483933,46.716312182876074,2193800
2011-08-31,47.341651916503906,47.69899399253329,47.00983010154463,47.59051584351304,1814500
2011-09-01,46.61421585083008,47.85853583517584,46.550400574978894,47.475668522178836,2352800
2011-09-02,45.54218292236328,46.36535029526598,45.38903210757544,46.033528398314175,2202800
2011-09-06,45.44645309448242,45.51664598261809,44.093650458546676,44.457375029603945,2347900
2011-09-07,46.54402542114258,46.69717138081378,45.58047215184911,46.00800725965995,1668400
2011-09-08,45.905906677246094,46.582305723000175,45.829331271370975,46.29515647070655,1735700
2011-09-09,45.66980743408203,45.93143644589768,45.00616845481796,45.408183290688626,2546700
2011-09-12,46.09733581542969,46.12924345021427,44.9870192565121,44.9870192565121,2527900
2011-09-13,46.39725112915039,47.36080427455539,46.04629148051079,46.33982322731581,3090600
2011-09-14,46.952430725097656,47.539494454639325,46.33345934721029,46.626991211981114,2807500
2011-09-15,48.1392822265625,48.177567477259466,47.06725139127213,47.06725139127213,2038400
2011-09-16,48.51580047607422,48.63066117621563,47.54586946143118,48.03721503688882,4099500
2011-09-19,48.936927795410156,49.16026655550022,47.75641387929726,47.89679963375954,3547000
2011-09-20,48.1392822265625,49.12835519411681,48.06270685674909,49.096452441342485,3063100
2011-09-21,46.35893630981445,48.32432661567857,46.35893630981445,48.15841577988003,4054200
2011-09-22,46.671634674072266,47.35441612437226,45.15930348336843,45.223118746800324,5399200
2011-09-23,46.00161361694336,47.67985573895364,45.778274798925196,46.88859612579453,4777100
2011-09-26,47.080020904541016,47.09278590293113,46.0654226114459,46.569532942606145,4816700
2011-09-27,47.392704010009766,48.005297467588406,47.03536188344002,47.9670073337264,2929300
2011-09-28,46.7864875793457,47.80746833559253,46.7354373244283,47.41184103103328,1831200
2011-09-29,46.25684356689453,47.469260120204545,45.30605587023988,47.379924624863534,3619300
2011-09-30,46.35257339477539,46.837541113605376,45.644266880569965,45.74636739755338,3346500
2011-10-03,45.408180236816406,46.76736087495102,45.37627259952354,46.31430066223948,2724100
2011-10-04,46.39085006713867,46.42914018812996,44.904049294045485,44.9550946746677,2300000
2011-10-05,46.25684356689453,47.073628020537676,45.92502670825927,46.646093168774364,2974300
2011-10-06,46.665245056152344,47.04811710465957,46.014371336846665,46.11646697960701,2150800
2011-10-07,47.22041702270508,47.730909964913735,46.63335354706018,46.96517055160075,2385800
2011-10-10,48.33711242675781,48.375397690587214,47.545852807616335,48.0116730789445,1543000
2011-10-11,48.70084762573242,48.879518720340045,48.152069338910586,48.152069338910586,1597200
2011-10-12,48.579586029052734,49.08369635117898,48.471107886782875,48.898642825201975,1437000
2011-10-13,48.75825881958008,48.873114585196575,48.03718739040957,48.43281954507321,1138000
2011-10-14,48.49024200439453,49.19854835699459,48.32433600478009,49.14112048060947,1745000
2011-10-17,47.67985916137695,48.783793199001025,47.57775862671361,48.33711553090252,2477000
2011-10-18,48.4838752746582,48.76464195858237,47.37355406406973,47.730901003895944,1959500
2011-10-19,48.1584358215332,48.93055271978635,47.99252491668904,48.43282487367445,1226700
2011-10-20,48.305206298828125,48.52854999391085,47.7372854817085,48.33711393196031,1368600
2011-10-21,49.39000701904297,49.39000701904297,48.26692541506019,48.75827574673716,2122300
2011-10-24,50.23869705200195,50.32165008583391,48.86036903237828,49.38362210610472,2207100
2011-10-25,50.34077835083008,50.985274409484056,49.80476529735794,50.194014958368946,3274900
2011-10-26,48.71998977661133,50.372707122117056,48.266929543104766,50.372707122117056,4405800
2011-10-27,48.27330017089844,49.96430237224446,47.99891109771082,49.785626454942445,3157700
2011-10-28,48.132904052734375,48.9369284685378,47.89680029258022,48.317957561760075,2244700
2011-10-31,48.43281936645508,49.13474329701413,47.91594408098684,48.037187213250505,3272200
2011-11-01,47.21403503417969,47.89681655244663,46.88860052670308,47.57775967721121,2709200
2011-11-02,47.552242279052734,48.04359267316705,47.431003957266185,47.6862504726638,1968600
2011-11-03,48.554054260253906,48.63062963348759,47.603266500929195,47.96061337426669,1411900
2011-11-04,48.828468322753906,48.828468322753906,47.69262647980587,48.19673699171176,2933000
2011-11-07,49.93876266479492,50.04085829074631,48.47109970293994,48.77101381963009,2541900
2011-11-08,50.021732330322266,50.32802904706084,49.47933666142674,50.04087496228946,2209200
2011-11-09,49.10285568237305,49.47296286021928,48.853991686198995,49.147523454290905,2773000
2011-11-10,48.579586029052734,49.38999301758721,48.34986474635165,49.32618263204143,2608300
2011-11-11,49.40276336669922,49.65162732970157,48.99437097262246,49.096471505352326,1728900
2011-11-14,49.358097076416016,49.74096434875705,49.28152654300071,49.34533694365397,1497800
2011-11-15,49.677146911621094,49.862200455198824,49.141133779951126,49.21132667125374,1405800
2011-11-16,48.45198440551758,49.338962259860274,48.34988385355932,49.19857643512881,2368200
2011-11-17,47.96063995361328,48.48389312297633,47.46928955612973,48.33712479337904,2895000
2011-11-18,47.92234420776367,48.31797650650069,47.820248533896525,48.24140109978397,6630400
2011-11-21,47.53308868408203,47.78833514063506,46.18029074066704,47.322514860715415,8533400
2011-11-22,47.52033615112305,47.8202504204012,46.946032749145935,47.54586128770225,2297300
2011-11-23,47.18850326538086,47.58413548767978,46.93326169581601,47.06726498036382,2479700
2011-11-25,48.107383728027344,48.64340168152796,47.22040621693954,47.23316634678509,2001900
2011-11-28,49.772884368896484,49.772884368896484,48.49665656456581,49.013527267424465,5886500
2011-11-29,49.45612716674805,49.96031900757597,49.352700670349094,49.96031900757597,2644800
2011-11-30,50.5162239074707,50.9751678873175,50.24473675291008,50.43865403546191,2998500
2011-12-01,51.052757263183594,51.38241824895724,50.4903865724807,50.50977781497931,1896800
2011-12-02,50.302921295166016,51.58279733498332,49.92154710516686,51.42119709888581,2421700
2011-12-05,50.49037551879883,50.84589799226885,50.16070967354913,50.78125395589425,2524900
2011-12-06,50.36110305786133,50.73601188073145,50.17364618060219,50.28999855505103,1498300
2011-12-07,50.141300201416016,50.451574695581066,50.012022038973946,50.380470226744194,2092300
2011-12-08,49.46261978149414,50.19305632516656,49.39798064504392,50.07670390689618,1797200
2011-12-09,50.04435729980469,50.22534876565391,49.78579594931397,49.80519211921002,1239700
2011-12-12,49.70176315307617,50.0766768461996,49.38502810347406,50.057285608908266,1450200
2011-12-13,49.59836196899414,50.27061481917309,49.423830898320304,50.018518767443645,1642200
2011-12-14,49.313934326171875,49.68884810074845,49.139403289336954,49.591886961578865,1439800
2011-12-15,49.721153259277344,50.10899279122304,49.61773168552719,49.81811437517557,1972300
2011-12-16,49.8375129699707,50.34170492910307,49.33332101083834,50.17364423049091,4215600
2011-12-19,49.656517028808594,50.21888758819915,49.51430804149276,49.95386085153829,1393200
2011-12-20,50.76185989379883,50.98163875562169,50.30938125423307,50.38048574497159,1749900
2011-12-21,51.47290802001953,51.51169543215789,50.43220205258031,50.710154669939506,1820700
2011-12-22,52.23564910888672,52.37785807950131,51.47289593784685,51.59571367276798,2793300
2011-12-23,52.62348175048828,52.65579882551584,52.14514169628061,52.35845510437491,1927500
2011-12-27,52.56534194946289,52.785120907549334,52.31971128491872,52.57180734190206,1483200
2011-12-28,52.3196907043457,52.86266509606302,52.26151205857741,52.79802599204632,840400
2011-12-29,52.69460678100586,52.83681578853382,52.28091054000539,52.332623803042495,1123700
2011-12-30,52.29383087158203,52.914375109077845,52.26797424523047,52.77863151946756,1474700
2012-01-03,53.017791748046875,53.64480131668158,52.85619154712645,53.08243577373244,2273600
2012-01-04,52.3003044128418,52.649356593874664,51.95124730016094,52.3261561115755,2242700
2012-01-05,51.757301330566406,52.15160613289096,51.09797481860731,52.13868028944482,2616100
2012-01-06,51.699153900146484,51.97710652606952,51.485840387581504,51.97710652606952,4274300
2012-01-09,51.737918853759766,51.9383015167774,51.55692742501525,51.9383015167774,1861500
2012-01-10,52.112831115722656,52.487739808968705,51.944765537038705,52.1192915725458,1846700
2012-01-11,52.21625518798828,52.44249447885588,52.02879836651322,52.02879836651322,1245900
2012-01-12,52.80450439453125,52.85621273149856,52.20335120890375,52.43605598602721,1822300
2012-01-13,52.69460678100586,52.701072171797556,52.22920220861648,52.46190696063527,1475600
2012-01-17,52.77216339111328,53.06950718125338,52.58470655852881,53.03719009872658,1953700
2012-01-18,53.185855865478516,53.185855865478516,52.578237548711954,52.73983774515867,1155900
2012-01-19,54.11021423339844,54.11021423339844,52.907908265161446,53.16646958992209,1959400
2012-01-20,53.50908660888672,53.935713736680604,53.35395171316595,53.74825681067869,2461700
2012-01-23,53.35393142700195,53.56077951986527,52.94023524127533,53.54138828172926,1716700
2012-01-24,53.160011291503906,53.528459625649084,53.08244633588244,53.36039893403742,1139000
2012-01-25,52.83036422729492,53.179416482463715,52.52008952846274,53.03074699075275,2421500
2012-01-26,53.30868148803711,53.61895114944431,52.54592825057734,53.30868148803711,2733700
2012-01-27,53.017791748046875,53.360388316581435,52.78509199583648,53.00486590189781,1952500
2012-01-30,53.011329650878906,53.088894588667294,52.545920297562155,52.56531153200925,3109900
2012-01-31,53.21173095703125,53.26344422143764,52.81096055535427,53.134161060421675,2878600
2012-02-01,53.987403869628906,54.11668701549389,53.17294224309443,53.35393371565765,2114100
2012-02-02,53.76115036010742,54.1037419759756,53.586624323745944,54.013246263544254,1298800
2012-02-03,54.67902374267578,54.76952436272324,53.812849316069254,53.916275778040564,3366800
2012-02-06,55.105682373046875,55.20264350431438,54.517455126565835,54.543311757013704,2028300
2012-02-07,55.99770736694336,56.00417275670944,54.94407569085301,54.94407569085301,2871300
2012-02-08,56.65057373046875,56.69582159560301,55.680972393322456,55.95892497390362,3394000
2012-02-09,56.8897590637207,56.92854154946052,56.49545401987004,56.663519677490505,2865000
2012-02-10,56.5665397644043,56.70228335110675,56.236873950042856,56.320904285149965,1928200
2012-02-13,57.03196716308594,57.044893014240245,56.223965845603786,56.650587976777054,2583400
2012-02-14,57.17413330078125,57.23877730858873,56.66348114694895,56.70872899342696,1676700
2012-02-15,56.191650390625,56.831586128035674,56.088223842702455,56.67645123780111,3474000
2012-02-16,55.84906005859375,56.37264340926843,55.62928110426837,56.13993860193538,2298500
2012-02-17,56.876808166503906,57.08365623671338,55.991242177629104,56.055881274885756,2734000
2012-02-21,56.333839416503906,56.81864009146238,56.101134697992045,56.79278346366689,1738700
2012-02-22,56.63764190673828,56.94144615107262,56.404937215844,56.45664553365069,1241400
2012-02-23,57.07072448730469,57.13536357787595,56.60531514455719,56.76044994825752,7431200
2012-02-24,57.872276306152344,58.27304667083446,57.14184500751906,57.19355826715182,7279200
2012-02-27,57.79471206665039,58.17608626497421,57.58139856674998,57.865811634969255,2905000
2012-02-28,57.98427963256836,58.088875995648266,57.52668301266651,58.082337476098495,1866000
2012-02-29,57.79471206665039,58.38304919994416,57.78163502650681,58.101952686011344,2832200
2012-03-01,57.76856994628906,58.16079641163532,57.61821389106744,57.925459534941545,1608300
2012-03-02,57.85354232788086,58.213086111330966,57.72280185431502,57.78817209109794,1334200
2012-03-05,57.97121047973633,58.23269641308255,57.89276320350366,58.193470281251535,1458500
2012-03-06,57.38285827636719,58.07579163845361,57.31748805139406,57.513603713741915,1442200
2012-03-07,57.50053024291992,57.572438991079245,57.140991489552086,57.40247240566369,1280500
2012-03-08,57.775089263916016,58.1803926712576,57.69664698260588,57.89929619256223,1159400
2012-03-09,58.121559143066406,58.2588381184959,57.670496089920405,58.0627224464945,1177800
2012-03-12,58.18037796020508,58.369955071151,57.9319691531523,57.990800849259166,1113600
2012-03-13,58.60529708862305,58.64451822287996,58.04964274112855,58.42879200961083,1626500
2012-03-14,59.10866165161133,59.494354480427866,58.69028620208649,58.74258438013429,2039300
2012-03-15,59.03022766113281,59.27863656059886,58.78835229426862,59.09559789915762,1382000
2012-03-16,58.38960266113281,59.16098364181615,58.343842983780014,59.03024313150268,2116300
2012-03-19,58.546478271484375,58.6314640715542,58.10849218049071,58.12810275360541,900000
2012-03-20,58.402645111083984,58.54646259198174,57.9450485695259,58.369962493788826,1355500
2012-03-21,58.47456741333008,58.65107253988743,58.350365458917594,58.38304808379271,1289800
2012-03-22,58.44187927246094,58.61184586302934,58.07579700143448,58.25884063066218,1412400
2012-03-23,58.68376541137695,58.75567418105916,58.31114950821924,58.57263549002454,1032600
2012-03-26,59.25247573852539,59.33745653239224,58.89293201941856,58.98445631945088,1340000
2012-03-27,59.389774322509766,59.54666391201501,59.19366358248574,59.25249530826391,1119700
2012-03-28,58.6314697265625,59.54012960966769,58.38959433081656,59.34401388474611,1353700
2012-03-29,58.592247009277344,58.63147314900941,58.069280024676516,58.487655607329316,1331500
2012-03-30,58.74260330200195,58.938719039138604,58.57263666231221,58.83412264935096,1275100
2012-04-02,59.5924072265625,59.886575724950845,58.448410863497074,58.448410863497074,1678000
2012-04-03,59.5335807800293,59.76237909453241,59.25902280262555,59.50089316905919,1257700
2012-04-04,59.05635070800781,59.455115501425354,59.004057528692414,59.39628380441015,1632700
2012-04-05,58.93217849731445,59.3374770252692,58.72299071234195,58.86026972865857,1808400
2012-04-09,58.010414123535156,58.41571744732121,57.990803557250445,58.41571744732121,1331600
2012-04-10,57.310970306396484,57.94507219208099,57.310970306396484,57.85355284645954,1441100
2012-04-11,57.84700012207031,58.14770718205473,57.67703851475024,57.76855783790076,1386800
2012-04-12,58.94523239135742,59.1021269223216,57.98427458577362,58.04964980072303,1467900
2012-04-13,58.376529693603516,59.219814450590974,58.36999117196069,58.788366783348366,1481300
2012-04-16,58.55300521850586,58.70336122838296,58.23268761694164,58.53993316815631,2807200
2012-04-17,59.2263298034668,59.343998209853254,58.200001753984964,58.53339640331806,1373200
2012-04-18,59.07598876953125,59.33746972801762,58.78835373028074,59.023690582862145,946800
2012-04-19,59.05635070800781,59.468192536824965,58.853701546162974,59.29168747092399,1500100
2012-04-20,59.383235931396484,59.6447219060968,59.04330765548718,59.12828847760698,1118800
2012-04-23,59.18061447143555,59.31789355047131,58.79492634282543,58.82760898787252,1414300
2012-04-24,59.572792053222656,59.67738840105409,59.18056572371153,59.24593594739199,1291400
2012-04-25,59.47473907470703,60.0696145924887,59.23940228005563,59.97155676347922,1843400
2012-04-26,59.945404052734375,60.29840922337145,59.55971626602213,59.755831912185414,1976200
2012-04-27,59.6839485168457,60.200376961995644,59.61857328208023,60.19384342846324,1526500
2012-04-30,59.18711853027344,59.55319586119897,59.13482034373276,59.55319586119897,1146200
2012-05-01,59.19364547729492,59.50088604143515,58.93869810204177,59.23286661581738,1629300
2012-05-02,58.88639831542969,59.02367728393288,58.64452299715543,58.64452299715543,2000800
2012-05-03,58.48765563964844,58.88642064637074,58.33076604292453,58.72299252844948,1459400
2012-05-04,57.41556167602539,58.53994780959372,57.41556167602538,58.363442667443195,2082600
2012-05-07,57.07561492919922,57.598586723966136,56.85989367722938,57.38286048456764,2172100
2012-05-08,56.957950592041016,57.01678729218236,56.38268556666141,56.86643126953582,1669100
2012-05-09,56.18657684326172,56.81414511451166,56.16696626992822,56.56573121914158,1756900
2012-05-10,56.29771041870117,56.81414378324414,56.21926313977569,56.60495103944287,1317200
2012-05-11,55.70283508300781,56.434994793789265,55.67668598754098,56.336936932646125,1919300
2012-05-14,55.69627380371094,55.82701922762001,55.02295107972004,55.34327362772631,1186500
2012-05-15,55.297515869140625,55.807415604688,55.186385985561614,55.585150850101414,1403600
2012-05-16,55.127567291259766,55.77474116376241,55.101418197051714,55.519793729521076,1319000
2012-05-17,54.14698028564453,55.107937974377116,54.1142926821446,55.05563980374844,1398700
2012-05-18,54.11431121826172,54.768023612756174,53.99664278775553,54.362725120124665,1563200
2012-05-21,54.66994094848633,54.68955650086121,53.944320120868475,54.42153214677376,1250100
2012-05-22,54.70918655395508,55.062191811035525,54.3169551655795,54.650349850727025,1532600
2012-05-23,54.48694610595703,54.57193193886638,53.728642057069955,54.500023151373014,1572500
2012-05-24,54.499996185302734,54.637275169657165,53.93780320893942,54.637275169657165,5978900
2012-05-25,54.06853103637695,54.66341148363371,54.00969933715967,54.42153619396428,6308500
2012-05-29,54.6895866394043,54.70919721515874,54.14700410219018,54.4477112344289,7994200
2012-05-30,54.782203674316406,55.07993101203178,53.93532481923315,54.51755434758827,1959200
2012-05-31,54.782203674316406,55.22548839412056,54.66311172967705,54.742502994259254,1613900
2012-06-01,53.736846923828125,54.266140581858025,53.59790714930403,54.01472647287631,1797300
2012-06-04,53.6243782043457,54.2264506236594,53.2207890346638,53.74347017323162,1506700
2012-06-05,53.47218704223633,53.538348105492105,53.022284745225235,53.46556942158108,1416600
2012-06-06,54.50429153442383,54.54399219439873,53.7765100398884,54.11393788697577,3648700
2012-06-07,55.01377868652344,55.344589135573166,54.70943367912971,54.94099998391115,1777100
2012-06-08,55.10640335083008,55.18579967312168,54.682966394141594,54.87483705385461,1117400
2012-06-11,54.557247161865234,55.43720398248382,54.51093391066246,55.43720398248382,886400
2012-06-12,55.159324645996094,55.43720415407286,54.74911795709768,54.96745401962905,1475000
2012-06-13,54.69618225097656,55.205633018526896,54.51754688236155,54.89467048078468,1132900
2012-06-14,55.13286590576172,55.3115013118591,54.54402376094598,54.815285680985184,1358200
2012-06-15,55.21224594116211,55.503360667322035,55.026992950975036,55.165932693615346,1708000
2012-06-18,56.078975677490234,56.13190150071084,55.13947038466349,55.23210193277234,1500800
2012-06-19,56.436248779296875,56.64134958482857,55.867254562887545,56.25099073972662,1498700
2012-06-20,55.933433532714844,56.416413980589105,55.655553956039206,56.34364032287916,1156900
2012-06-21,55.820953369140625,56.588430936316435,55.75478724540891,56.35686464655505,1618200
2012-06-22,56.46932601928711,56.568570134339026,55.72169644172472,56.059124413795075,1567400
2012-06-25,55.74153137207031,56.40315192248064,55.68860051657407,56.01941079177924,1532200
2012-06-26,55.165924072265625,56.026032875447974,55.01375416029258,55.94663658587642,1480900
2012-06-27,56.17823028564453,56.35686569886268,55.19902918066984,55.19902918066984,1245800
2012-06-28,55.92680358886719,56.07236096775347,55.218869557910615,55.63568883109463,1049700
2012-06-29,57.613948822021484,57.62056139658785,56.899397043040196,56.899397043040196,2172800
2012-07-02,57.66688919067383,57.991082069591165,57.23683452807951,57.77274592658314,1088000
2012-07-03,57.89842987060547,57.89842987060547,57.62054533550318,57.70655925855895,1076400
2012-07-05,57.56101989746094,57.91829579910825,57.46177575015329,57.66688166732696,1738700
2012-07-06,57.468387603759766,57.56101411921074,56.972171964801056,57.18389043551278,893000
2012-07-09,57.81904220581055,57.924903958381776,57.44191854586641,57.48823180067477,1384000
2012-07-10,57.57424545288086,58.37481114158769,57.36914460001048,58.004300024696114,963200
2012-07-11,57.45515823364258,57.759508298685645,57.24343974128676,57.62718108610887,1402100
2012-07-12,56.91264343261719,57.30300249707126,56.667846862074676,57.17068029936008,1610200
2012-07-13,57.726402282714844,57.77933314670128,56.965537518146114,56.985385330199776,1378300
2012-07-16,57.65362548828125,57.70655635399516,57.005240050463996,57.567616617320034,1118300
2012-07-17,57.84550476074219,58.09691883891824,57.375754614595216,57.653634129594955,1300400
2012-07-18,58.619625091552734,58.66593836398826,57.7396678675097,57.825681836152896,1154000
2012-07-19,58.560054779052734,58.75192540485069,58.07045178311349,58.75192540485069,1234700
2012-07-20,58.03074645996094,58.54680975802189,57.81241043454593,58.26893029718367,1348300
2012-07-23,57.5014533996582,57.752867430709934,57.27649975270456,57.49483577975119,1541200
2012-07-24,58.08369827270508,58.99012070504809,57.51470390609074,57.885209987507785,2029800
2012-07-25,58.010894775390625,58.368170507373286,57.269877881526824,58.302009456509374,2346300
2012-07-26,58.58652877807617,58.798247249941575,58.196169848462965,58.65268985407789,1356800
2012-07-27,59.678199768066406,59.88330566788719,58.652690460028815,58.712233914715554,1495600
2012-07-30,58.93718719482422,59.44663303405826,58.73869891847683,59.274610197741616,1482300
2012-07-31,59.062870025634766,59.28782365936522,58.8643868699764,59.003326593266664,2256200
2012-08-01,58.857784271240234,59.54587049154107,58.75192757076025,59.453243985708845,3683000
2012-08-02,58.52034378051758,58.771762855110374,57.871958377942796,58.712214372477646,1395600
2012-08-03,59.14228820800781,59.254762542622935,58.53359822892605,59.168753648111355,1046300
2012-08-06,58.87761306762695,59.439989542160504,58.84453506780989,59.28781963792045,837900
2012-08-07,59.75758743286133,59.87667937275092,58.96364453210799,59.17536297549327,1330200
2012-08-08,60.13471221923828,60.207490908773465,59.35399949785124,59.71127532436049,1084200
2012-08-09,59.90314483642578,59.96268828251476,59.54586901659431,59.86344920569979,1066900
2012-08-10,60.227294921875,60.30669117483282,59.67814886304856,59.777392917305264,1010900
2012-08-13,60.286895751953125,60.32659138903923,59.90315443423189,60.01562877115363,1079700
2012-08-14,60.439064025878906,60.65740011924427,60.141336660574524,60.333207314038034,1086300
2012-08-15,60.54491424560547,60.664006178581566,60.0222332646418,60.200868640223156,763400
2012-08-16,60.90217971801758,61.02788420256955,60.42581206688564,60.551516551437615,4808000
2012-08-17,61.133758544921875,61.19991961062345,60.723551861146895,61.09405786728833,1574200
2012-08-20,61.74246597290039,61.86155794411526,60.94852286331274,60.94852286331274,1570200
2012-08-21,62.06004333496094,62.18574787529404,61.60352329208554,62.00049482826256,1868700
2012-08-22,61.550559997558594,61.86152246894853,61.312376191717966,61.84167465975586,1614100
2012-08-23,61.00144577026367,61.53074451639319,60.67063531587446,61.53074451639319,1423600
2012-08-24,61.16683578491211,61.3190107771018,60.67062022673998,60.71032090387441,1483800
2012-08-27,61.054359436035156,61.53072716365432,61.00804618739249,61.29254329984474,945600
2012-08-28,61.18669509887695,61.332247437831285,60.45890816527421,60.776488377006885,1817900
2012-08-29,60.816162109375,61.36530839869198,60.75000106135517,61.232986302652314,969800
2012-08-30,60.822853088378906,61.08372271888076,60.548602649332594,60.889741821251626,908300
2012-08-31,60.96333694458008,61.37805536239409,60.715842954440085,61.11718566348538,1087400
2012-09-04,60.55531692504883,61.13056944043364,60.207492315025206,60.99679192195191,959200
2012-09-05,61.22418975830078,61.257636675924985,60.42820006904956,60.49509390429797,1401900
2012-09-06,62.093772888183594,62.10714859634475,61.27102649595432,61.538586588736116,1220600
2012-09-07,61.658992767333984,62.19411299101455,61.5586570874833,62.080396498765275,1161600
2012-09-10,61.558624267578125,61.859631146648745,61.35126771551402,61.3980903273763,719400
2012-09-11,61.69911575317383,61.87303056530391,61.42487037951092,61.5385817514374,969100
2012-09-12,61.819515228271484,62.167344839579215,61.71249426552706,61.866337856337864,1086400
2012-09-13,62.294464111328125,62.50851125073284,61.50516432790704,61.826237588657285,1325200
2012-09-14,61.88639831542969,62.34124884793752,61.55194954456461,62.30111662848435,1782200
2012-09-17,61.67906188964844,62.17404480354953,61.5385939723232,61.73257493528232,4665600
2012-09-18,61.384735107421875,61.59878215133363,60.90981838822028,61.49176118101979,1339200
2012-09-19,61.69911575317383,61.772694900487174,61.24426516218402,61.35129123219758,1353300
2012-09-20,60.99009704589844,61.46501383597908,60.94996481395171,61.35799284969286,1574100
2012-09-21,61.063655853271484,61.364657699113394,60.90312187570801,61.10378807184157,2995900
2012-09-24,60.896446228027344,61.19744814680844,60.46166170945568,61.103802878597236,1503800
2012-09-25,61.20412826538086,61.464997912019804,60.90312639719239,61.003456951066205,1899400
2012-09-26,61.4783821105957,61.98674062252638,61.19744123441067,61.19744123441067,1185600
2012-09-27,61.84627151489258,61.87302803130016,61.157307803069436,61.65898100332323,1424400
2012-09-28,62.46166229248047,62.6757093417384,61.592098387556995,61.72587587961162,1780600
2012-10-01,62.50181579589844,62.86302124185367,62.247631350623166,62.454993151234916,1707700
2012-10-02,62.314517974853516,62.67571827554338,61.72588467802721,62.57538769384338,1382100
2012-10-03,62.2676887512207,62.64227495936871,62.0937790115541,62.3947809560642,1326800
2012-10-04,63.22420120239258,63.27102383196148,62.541927871062256,62.59544090579354,1359300
2012-10-05,63.12388610839844,63.47840111961197,62.963346964868244,63.411512361450285,1172800
2012-10-08,62.88307189941406,63.271028672687905,62.876381493739814,63.010158987519176,628600
2012-10-09,62.68907928466797,63.424865569975424,62.68238888023988,62.923192406818075,806100
2012-10-10,62.013519287109375,62.75599631157812,61.85967563888864,62.75599631157812,1000700
2012-10-11,62.020206451416016,62.50181369651286,62.00682563722702,62.334589242147864,533400
2012-10-12,62.18073272705078,62.80280782367016,61.87304038187024,62.24762147977964,969200
2012-10-15,61.873046875,62.167363541835066,61.81953382588722,62.04027132601352,1258100
2012-10-16,62.45500564575195,62.48176217709614,62.013530533502724,62.11386625022178,1162800
2012-10-17,62.59543228149414,62.8629923150027,62.368004466862764,62.62887409613073,1004600
2012-10-18,63.090423583984375,63.14393661860127,62.33457110733524,62.59544077198777,1165700
2012-10-19,62.13391876220703,63.077067148164296,62.00014123807719,63.01686369000607,1518900
2012-10-22,62.05363082885742,62.28105867654224,61.538581899706976,61.97336637943778,762800
2012-10-23,61.50513458251953,61.83289809316101,61.130553545539414,61.7258720235759,1222400
2012-10-24,62.822879791259766,63.51853411166815,61.59879559948486,61.59879559948486,2011200
2012-10-25,62.575347900390625,63.36464696196403,62.08036019678443,63.22417403034492,1111700
2012-10-26,62.100460052490234,62.662336774506386,61.7125032647736,62.11384086433687,1469000
2012-10-31,62.65566635131836,63.237609373418756,62.22757209481442,63.17740590747715,1171500
2012-11-01,63.00346374511719,63.45162389218482,62.64894884957762,62.72252288724955,1189100
2012-11-02,62.68907928466797,63.411489864402554,62.54192100694981,63.210818557826286,2363400
2012-11-05,62.94326400756836,63.14393533164985,62.10714199603508,62.535236057677416,1712100
2012-11-06,63.45832824707031,64.1606677879285,62.79611583289526,62.976721074319215,1879700
2012-11-07,60.97002029418945,62.45497385659796,59.78606862544367,61.86634067320925,3714000
2012-11-08,60.14729309082031,60.85632827785327,59.71250847023943,59.71250847023943,1773500
2012-11-09,60.187408447265625,60.70914776007364,59.63891261799519,59.86633535300024,1782200
2012-11-12,60.07371520996094,60.2944527286833,59.59210793394331,60.080405617484985,1550800
2012-11-13,60.32120132446289,60.91651993368839,59.531901748830144,59.57872438877086,2297200
2012-11-14,58.93659210205078,60.59545597217118,58.78274334554419,60.51519149337277,1932600
2012-11-15,58.582069396972656,59.224210659952924,58.24762050354845,58.87638095295208,1551800
2012-11-16,59.170677185058594,59.36465808867192,58.33455524014772,58.74927356200553,1651800
2012-11-19,60.52186584472656,60.535241553215826,59.29778183493957,59.418183624480655,2026200
2012-11-20,60.32120132446289,60.5887614541034,59.74594883188555,60.52855800087391,1516000
2012-11-21,60.54191589355469,60.7292063824111,60.40813332774077,60.53522548944322,860300
2012-11-23,61.42486572265625,61.4716883489164,60.64894208373543,60.69576470999558,652300
2012-11-26,62.40147018432617,62.448292821550076,61.371367062115574,61.7459481599068,2015200
2012-11-27,62.274356842041016,62.876365618620575,62.02686803070713,62.2877376500111,1824100
2012-11-28,62.67570877075195,62.67570877075195,61.438249119025414,61.90648054351934,1621900
2012-11-29,63.007564544677734,63.264902262174864,62.36421250088819,62.64187084084635,2116000
2012-11-30,63.18364334106445,63.72540779752482,63.007567438533265,63.21072717219414,1651400
2012-12-03,61.998477935791016,63.271628829838356,61.991704399999385,63.14973101905874,1782300
2012-12-04,61.95111083984375,62.50642227533292,61.79535042296518,61.869843861468354,2098500
2012-12-05,61.98496627807617,62.35743345900831,61.42288132019564,62.05268617460104,1860800
2012-12-06,61.95111083984375,62.26262650690382,61.490608295777335,62.01883073847471,1678000
2012-12-07,62.235538482666016,62.303258382350876,61.7276314849838,62.018831703656154,1064200
2012-12-10,62.5809211730957,62.77730734624814,61.991747153545795,62.133960503085945,1183200
2012-12-11,62.30325698852539,62.98046630361805,62.24231063018163,62.790848522063634,1380400
2012-12-12,62.17457580566406,62.811154115269424,62.09331400729485,62.51318041005904,1505100
2012-12-13,60.94206619262695,62.07300970102182,60.820168306493855,61.97142726812804,2434700
2012-12-14,60.24453353881836,60.98946267156161,60.16326656978043,60.948831770390896,1697000
2012-12-17,61.233253479003906,61.477049199780915,60.1294043636552,60.40028907192921,1670700
2012-12-18,62.933040618896484,62.98721858582662,61.21970245661973,61.3145113153998,5676100
2012-12-19,62.91950607299805,63.434181318972776,62.431914646962284,62.960136969602395,1932400
2012-12-20,62.64185333251953,62.96014249504267,62.235528830728946,62.64185333251953,2310500
2012-12-21,63.06850814819336,63.2987620257146,61.7411783739516,61.75472545499862,3926200
2012-12-24,62.82469940185547,63.08204222170904,62.65539709056087,63.08204222170904,656800
2012-12-26,62.32356262207031,63.102354245065676,62.303247172489804,62.82469598960887,979700
2012-12-27,62.86532974243164,62.97368052510647,62.11362713543345,62.364191226635484,1733800
2012-12-28,61.856292724609375,62.73666684915988,61.686990405787874,62.49287109672118,1612200
2012-12-31,62.49965286254883,62.57414630597109,60.75922500265111,61.4906123562347,1999200
2013-01-02,63.163333892822266,63.77282353503472,62.69606280604185,63.515485760188994,2245600
2013-01-03,63.35293197631836,63.86760732344063,63.02786923951232,63.33261135732674,1828100
2013-01-04,63.589942932128906,63.657662816679796,63.027858073634164,63.610258380824575,1739300
2013-01-07,63.80665969848633,63.9014685851087,63.25812183064305,63.27166374300475,1335700
2013-01-08,62.95338439941406,63.522242974826504,62.61477970374163,63.522242974826504,1340600
2013-01-09,63.65089797973633,63.68476050998902,62.71635104510465,63.09558658379054,1289800
2013-01-10,63.73215103149414,63.89467977447359,63.35968394685833,63.84727534249227,1634300
2013-01-11,63.46126174926758,64.17910171487108,63.40708378330254,63.96916855512558,1174300
2013-01-14,63.59671401977539,63.61702946768816,63.04139755444868,63.04139755444868,850100
2013-01-15,63.671226501464844,63.88793330615558,63.21749743644015,63.312306340573734,1239200
2013-01-16,63.35293197631836,63.529002674003756,63.00755378721761,63.50191368204518,1150600
2013-01-17,64.16556549072266,64.33486777433934,63.461267370873784,63.630569654490465,1343700
2013-01-18,63.637351989746094,64.27393031748811,63.5764004725364,64.16557436098037,2414700
2013-01-22,64.55835723876953,64.74797499680022,63.51545440290428,63.6576677214273,1613600
2013-01-23,65.05950927734375,65.05950927734375,63.67122788889689,64.1452775865924,2417000
2013-01-24,63.14977264404297,65.36424497172584,62.912750402042874,65.36424497172584,4129600
2013-01-25,62.5673713684082,63.15654536230945,62.49287792664951,63.14299828197298,3366100
2013-01-28,60.48833084106445,62.635082953288695,60.285165996572104,62.635082953288695,4172000
2013-01-29,60.84726333618164,61.30099239253011,60.474801267549864,60.576378543823644,3028500
2013-01-30,59.736629486083984,60.93529279534817,59.61473161000113,60.86756773453801,6843500
2013-01-31,58.829166412353516,59.85174860776948,58.72758399668605,59.63504186547049,5312000
2013-02-01,59.06620407104492,59.452213218301495,58.49057712046199,59.26936378888133,3427400
2013-02-04,58.71403503417969,58.991693283644246,58.49055992692083,58.60568424985662,2837700
2013-02-05,58.92399597167969,59.276142614008904,58.63956407463513,59.249053615876186,2888300
2013-02-06,59.323524475097656,59.323524475097656,58.653088818423804,58.71403516598682,2524000
2013-02-07,59.21516799926758,59.62826598203385,58.8156119257595,59.18807901405553,1963100
2013-02-08,59.601173400878906,59.75016022720843,59.20839088904566,59.20839088904566,1936900
2013-02-11,59.276119232177734,59.60118191484935,59.05941249929535,59.587634837777664,1781700
2013-02-12,59.093265533447266,59.58762526654011,58.92396326411775,59.445411980306744,1746900
2013-02-13,58.95783996582031,59.24904017129637,58.57183087174246,59.1271422907088,1899900
2013-02-14,58.97138214111328,59.1609999025483,58.1587279492106,58.56505762851019,2400200
2013-02-15,59.50636291503906,59.50636291503906,58.9510516836151,58.97136712906918,2562400
2013-02-19,59.75017166137695,59.75017166137695,59.194860308505135,59.56054874004582,2442200
2013-02-20,59.41156768798828,59.91947460763927,59.404794149051284,59.54700746655,2883900
2013-02-21,59.29645538330078,59.458989364730215,58.98493966894116,59.357406918011286,1955700
2013-02-22,59.67567443847656,60.04813638519248,59.35738529914203,59.5266875931118,6849200
2013-02-25,59.51314926147461,60.32580349196355,59.398024924665116,59.885616429619134,10852400
2013-02-26,59.1203498840332,59.824642722565684,58.94427409105266,59.64857209627998,12053400
2013-02-27,60.616371154785156,60.787933392694775,58.95564994837943,58.95564994837943,2665700
2013-02-28,60.389930725097656,60.932068231477885,60.348757447743665,60.79481524752125,2281700
2013-03-01,60.506595611572266,60.64384860409633,59.765445158941326,60.218372180771226,1866200
2013-03-04,59.77231216430664,60.31444973216226,59.36742759597138,60.28013517336552,1765900
2013-03-05,60.259552001953125,60.45170097667852,59.63506783409558,59.77231560585175,1492500
2013-03-06,60.63699722290039,60.67817051136463,60.19093406709069,60.458570913443026,1684400
2013-03-07,60.932071685791016,61.268332353132315,60.678157577826035,60.76050937286864,1416200
2013-03-08,61.75556945800781,61.89968117436657,61.06246147490133,61.185986551161186,1771100
2013-03-11,62.132999420166016,62.16045001477762,61.55654740465345,61.61831255144595,2104000
2013-03-12,62.0163459777832,62.064383215368906,61.72811731660278,61.920271502611804,2116100
2013-03-13,63.340789794921875,63.47117355496369,61.968291686565294,62.20161385186682,2079100
2013-03-14,63.50552749633789,63.50552749633789,63.14181610970859,63.33396512636799,1879400
2013-03-15,63.642757415771484,63.68393593324822,63.14865709138308,63.19669433205048,2516400
2013-03-18,63.38197326660156,63.917246777327755,62.929046304808246,63.004534131773795,1491200
2013-03-19,63.731971740722656,64.21234413659411,63.45060702623621,63.63589726154837,1465500
2013-03-20,63.29964828491211,64.16432406449552,63.2927895600406,63.97903901527585,1849800
2013-03-21,62.915306091308594,63.44371549713915,62.89471945981268,63.13490555337202,1571500
2013-03-22,63.31336212158203,63.71138273796902,62.9976880706774,63.25159696180358,1560400
2013-03-25,63.3476676940918,63.82118136024232,63.073172177849656,63.55354456693977,1324400
2013-03-26,64.30155181884766,64.3358663751809,63.56726534004557,63.649617133845645,1974100
2013-03-27,64.82997131347656,64.96721907731467,63.84863461860107,63.985882382439165,1904300
2013-03-28,66.23677825927734,66.28481549949228,64.77506917645123,64.77506917645123,3824000
2013-04-01,65.19368743896484,66.1887468898191,65.04271174613632,65.97601126937906,2139300
2013-04-02,65.20054626464844,65.63288143088896,64.98094670209771,65.53680694950218,1676500
2013-04-03,65.25543212890625,66.19559539201467,65.2211228112448,65.38582114875072,2627100
2013-04-04,65.46817016601562,65.96912911514129,65.37209570356232,65.52993007659323,1465100
2013-04-05,64.87110137939453,65.33775079550283,64.50739033542217,65.07697812366644,2581700
2013-04-08,65.25543212890625,65.26229608670484,64.53487363002674,64.90544881616438,1197700
2013-04-09,65.47502136230469,65.54364521701561,64.7201432534911,65.41325622809971,1432700
2013-04-10,65.8661880493164,66.13382476779175,65.6671751907154,65.78383627606826,1372100
2013-04-11,66.77204895019531,66.95733392965856,66.06520787945482,66.11324511380943,1868000
2013-04-12,66.68968963623047,66.73772686516439,66.05147774572825,66.4975407204948,1235000
2013-04-15,65.49562072753906,66.66910614891485,65.35836775577066,66.26421642677998,1636300
2013-04-16,66.05834197998047,66.11323793066,65.61914296055241,65.92795297132781,1516900
2013-04-17,65.5779800415039,65.92796864306638,64.98780523716974,65.80444356226,1883900
2013-04-18,65.20740509033203,65.84561713807109,64.8780083638215,65.7769932563536,1287800
2013-04-19,66.07209777832031,66.2230734986147,65.44074952587827,65.5368240323078,1487500
2013-04-22,65.77699279785156,66.33971700107891,65.6534677173545,66.29167976064487,1378500
2013-04-23,66.60736083984375,68.27494698489866,65.78386370663986,67.42399924916569,2489300
2013-04-24,67.03968811035156,67.44457263783595,66.94361363821405,66.99850959681687,1913400
2013-04-25,67.43769836425781,67.69847637931295,65.87991517373817,65.90736576667372,2109700
2013-04-26,67.91807556152344,68.2131628895844,67.34848754108819,67.43769804095211,1634800
2013-04-29,67.9798355102539,68.08277392441552,67.64357491061352,67.93179828173385,1232000
2013-04-30,68.00043487548828,68.07592271096028,67.48574794399715,67.66417421290062,1813500
2013-05-01,68.17886352539062,68.78962495323631,67.7808376945774,67.87005344997792,1957100
2013-05-02,69.08470153808594,69.39351680084806,68.0484690783034,68.30237791615349,1805400
2013-05-03,70.00428009033203,70.10035455636661,69.20136457323487,69.31116695479766,2356600
2013-05-06,70.12779998779297,70.60817228259295,69.70232364406633,69.80526206028499,2300200
2013-05-07,70.60131072998047,70.60817468747292,70.01799999909456,70.16897564993538,1497800
2013-05-08,69.86017608642578,70.41603630623506,69.78468824970277,70.38172174930048,1972700
2013-05-09,69.55134582519531,70.18955770301132,69.35233295623493,69.99740879109513,2024000
2013-05-10,69.95624542236328,69.96310414471314,69.46900911656104,69.46900911656104,1307500
2013-05-13,69.92194366455078,70.1689938416731,69.65430684527941,69.9150797052788,1327000
2013-05-14,70.59443664550781,70.60815932184089,69.86015042357523,69.99739812956354,1115100
2013-05-15,71.40422821044922,71.43167356985485,69.53076567324186,69.8601675784318,2214200
2013-05-16,71.36991882324219,71.81598186302065,71.21894315725568,71.31501762912599,1574300
2013-05-17,73.02376556396484,73.02376556396484,71.7336139701585,71.7336139701585,2610700
2013-05-20,73.12670135498047,73.42865262999325,72.62574245125295,72.69436631311993,1501100
2013-05-21,73.42179107666016,73.49727889788454,72.8110297854194,73.2776793913223,1452000
2013-05-22,73.07867431640625,74.06687481918942,72.92083993567414,73.30513780423836,2119500
2013-05-23,72.94828796386719,73.28454858702574,72.37183594564408,72.52281159888503,4760300
2013-05-24,73.4698257446289,73.49727633645065,72.41986547685553,72.79730456982344,4807100
2013-05-28,73.94334411621094,74.66390780047266,73.80609638381128,73.95020807353055,5380200
2013-05-29,73.64140319824219,73.9159039373842,73.1404441922992,73.53160604398506,1546300
2013-05-30,74.2448959350586,75.29929713394505,74.2379576226973,74.66110470624781,2068600
2013-05-31,73.41246032714844,74.77207813439176,73.41246032714844,73.99515140494685,1975800
2013-06-03,73.1419448852539,73.53040571243666,72.59393462268861,73.53040571243666,2035200
2013-06-04,72.88529205322266,73.40555444209377,72.60088469934544,73.00321692452826,1554900
2013-06-05,71.858642578125,72.78818084960376,71.75459432851204,72.73962323565671,1333500
2013-06-06,72.39971160888672,72.49682682560831,71.47711175764925,72.00431242869672,1652600
2013-06-07,74.47381591796875,74.54318316751639,72.43438596850062,72.53150117634368,1826600
2013-06-10,73.99520874023438,74.66808250076947,73.82178788617418,74.5293479344751,1108500
2013-06-11,73.50263977050781,73.98822097806067,72.98931590412843,73.50263977050781,1139100
2013-06-12,74.25875854492188,74.50154650792906,73.73849635602905,74.161643359719,1597200
2013-06-13,74.89698791503906,75.11896636280322,73.96051650392101,74.25186222428954,1831000
2013-06-14,74.70967102050781,75.23687168143213,74.36976776850896,74.74435729397766,1053100
2013-06-17,75.10505676269531,75.78486843751024,74.73740561614105,75.09118543121724,1144300
2013-06-18,75.5074234008789,75.79183608388105,75.13977211202904,75.3201312453381,1656600
2013-06-19,74.17554473876953,75.67389769774216,74.15473508956451,75.44498626410409,1566000
2013-06-20,72.86448669433594,74.17554756808907,72.8367387302099,73.71078107683967,2591400
2013-06-21,72.87836456298828,73.6206054696492,72.83674525926,73.18358690335171,2836100
2013-06-24,72.02511596679688,72.78122798890487,71.80313759135048,72.63555517617898,1419200
2013-06-25,71.91411590576172,72.56617962445519,71.82393902030933,72.4898740704642,1467900
2013-06-26,73.37085723876953,73.46797773922007,72.39276684539772,72.48988205346635,1666600
2013-06-27,74.47381591796875,74.66110802098555,73.53734481812099,73.63446002596405,2536000
2013-06-28,75.23687744140625,75.51435177326096,74.30040620223144,74.30040620223144,2717300
2013-07-01,74.95941162109375,75.50742203332743,74.84148673668966,75.23688598445531,1509100
2013-07-02,73.8078842163086,74.89002817806791,73.48879061969706,74.89002817806791,1587000
2013-07-03,74.36280822753906,74.48767136705153,73.21129731192916,73.73155951116766,651600
2013-07-05,75.37561798095703,75.38255100234286,74.48076603059049,74.62643886543397,731800
2013-07-08,75.7293930053711,75.88200415480526,75.41723768507958,75.64615440923083,1102500
2013-07-09,76.00684356689453,76.5201674879315,75.71549798676931,76.11783538354096,1150900
2013-07-10,77.35953521728516,77.47052705109468,75.94442638288736,76.04154159127971,1397000
2013-07-11,78.45555877685547,78.49718336232536,77.70637974698298,77.9561060902738,1118300
2013-07-12,78.0601806640625,78.78161192894748,77.53991819064977,78.46945656185328,1459400
2013-07-15,79.33654022216797,79.33654022216797,78.01160292458661,78.21277166417457,1446000
2013-07-16,78.10871887207031,79.433656182106,78.08790922508666,79.30879300782192,1274500
2013-07-17,79.1353759765625,79.1353759765625,78.31682963799534,78.37925858190468,1130600
2013-07-18,80.04410552978516,80.04410552978516,79.12844390026206,79.20474947708756,1058200
2013-07-19,80.15509033203125,80.21058096198162,79.55852239790966,79.75969114707927,1713900
2013-07-22,80.22445678710938,80.39787757337966,79.89842486214006,80.32851031734802,1129200
2013-07-23,81.79911804199219,82.97144429150404,81.16786911005835,81.99334848258721,2643500
2013-07-24,82.63151550292969,83.50555221569502,82.01413809638457,82.24998776073622,2220700
2013-07-25,82.89512634277344,82.90899767543804,81.36902571534037,81.57712745960026,2833300
2013-07-26,83.24197387695312,83.27666014968806,82.4164892757777,82.54829076131185,1675800
2013-07-29,83.23505401611328,83.51252838235887,82.41650754649964,82.4234458610612,1726900
2013-07-30,83.30441284179688,83.88017116723711,82.88127095932677,83.60269682911314,1584600
2013-07-31,83.3252182006836,84.3310566067774,82.77026958825668,83.54719658717792,1852200
2013-08-01,84.74726104736328,84.79581865151664,83.76223233889125,83.76917065159371,1238500
2013-08-02,85.8571548461914,86.07220020573027,84.5877187970601,85.40626506568607,1842300
2013-08-05,86.12076568603516,86.45373064031324,85.48257844668336,85.70455684699627,1166200
2013-08-06,86.19706726074219,86.38435937729193,85.9265312632913,86.04445612528122,1597700
2013-08-07,86.39129638671875,86.50228293386309,85.80859981396881,86.01670686688998,1372100
2013-08-08,86.46066284179688,86.71038918604324,85.88490458742983,86.71038918604324,1358700
2013-08-09,86.03056335449219,86.50226800631432,85.73921776458533,86.37047183509814,1307800
2013-08-12,85.32301330566406,86.14155949866569,85.30914197361183,85.90570451472544,1376200
2013-08-13,86.0583267211914,86.22481448156589,85.32302430287528,85.51031641781879,1481600
2013-08-14,85.75312042236328,86.21094858944154,85.5658229917172,86.01671813720331,1045300
2013-08-15,84.71951293945312,85.57274545936453,84.51141119018389,85.14959835575394,1191700
2013-08-16,84.76806640625,85.17040384453499,84.4212248820143,84.51140706543984,1400300
2013-08-19,84.56689453125,85.03166085712404,84.10906122465327,84.57382755052731,1191700
2013-08-20,84.91376495361328,85.99590907628064,84.57385636748691,84.57385636748691,1545400
2013-08-21,85.27447509765625,85.96815829041604,84.53917260689336,84.88601420327325,1455900
2013-08-22,85.81551361083984,86.4120813469091,85.35768563454289,85.54497769475967,4718000
2013-08-23,87.4040756225586,87.61218268147,85.73229671514866,85.82247891045537,4927100
2013-08-26,86.84219360351562,87.91046626944525,86.77975936915477,87.4040752508516,1311100
2013-08-27,85.42011260986328,87.27918300938634,85.18426296219795,86.32883552303824,1315200
2013-08-28,85.5311050415039,86.01668096224174,85.47560913845369,85.5033570899788,1207700
2013-08-29,85.66413879394531,86.1612952064187,85.44707426329244,85.72716080290652,1333600
2013-08-30,85.72016143798828,85.89521486618654,85.23001397591585,85.83219819629436,1847000
2013-09-03,86.56742858886719,87.07858700409749,86.19631613640209,86.37136958320316,1525400
2013-09-04,87.01557159423828,87.4287005380142,86.3013558276156,86.3713761432127,1360300
2013-09-05,86.92455291748047,87.0786008298773,86.17532425990251,86.53243484389442,1337200
2013-09-06,86.63746643066406,87.44270812547526,85.80421019715112,87.20463796859042,1662600
2013-09-09,86.87554931640625,87.4357226439408,86.7004958193278,86.80552898601663,1220200
2013-09-10,87.57575225830078,88.08691075586646,87.06459376073512,87.30967289949878,1352500
2013-09-11,88.62608337402344,88.62608337402344,87.46373094334749,87.46373094334749,1143300
2013-09-12,88.6050796508789,89.20026047874141,88.36700411440862,88.44402808130705,1886100
2013-09-13,89.10222625732422,89.1512410207519,88.24096073742822,88.90616720361353,973200
2013-09-16,89.94947814941406,90.44662401222777,89.55735475078534,89.77442468248219,1418000
2013-09-17,90.77574157714844,90.85976383725037,89.7744406962083,89.9564924879017,1169300
2013-09-18,91.61598205566406,91.65099488676152,89.94247129959818,90.78272582385767,1386500
2013-09-19,91.30088806152344,92.14815156373686,91.16784571383228,91.72801895886118,1403500
2013-09-20,89.62740325927734,91.46896972963441,89.62740325927734,91.33592734341437,2284900
2013-09-23,89.36128997802734,90.2295536223753,88.92715548474962,89.71139154717712,1138700
2013-09-24,89.72541046142578,90.48164277024459,89.54335334807129,89.54335334807129,1309100
2013-09-25,89.5293197631836,89.9424432618694,89.13019818724717,89.41028472209172,1062300
2013-09-26,90.92276763916016,90.99278260961667,89.63436610666506,89.73239561283606,1525700
2013-09-27,90.4956283569336,90.92275916926397,89.6763795564469,90.74069675732437,1308900
2013-09-30,89.31230163574219,90.03352123166552,89.10223528992356,89.68341421677387,1588500
2013-10-01,89.27727508544922,89.83744836012357,89.23526395962153,89.46633049388205,1377500
2013-10-02,87.58275604248047,89.03219860424726,86.89654406874658,89.00418940713485,3204200
2013-10-03,86.00727081298828,87.47071523496554,85.49611233803739,87.46371694266507,2668500
2013-10-04,85.77621459960938,86.41341190089528,85.0900025322406,86.23135476592662,2490300
2013-10-07,86.51844024658203,87.49874091633914,85.30707301659359,85.54514321265277,1950700
2013-10-08,85.74819946289062,86.79151674998009,85.69918470020073,86.56744850022513,1080200
2013-10-09,85.44708251953125,86.22432020451213,85.2510235255193,85.86021140737664,1531000
2013-10-10,88.70309448242188,88.71709640944255,85.9232445256251,85.9232445256251,1323200
2013-10-11,88.34597778320312,88.63306801819895,88.0518892562861,88.37398697751058,1260000
2013-10-14,89.27727508544922,89.36830097214529,87.75781215632097,88.11491741027281,790600
2013-10-15,88.15693664550781,89.36830377736851,88.03089792186022,89.25627232424199,1109500
2013-10-16,89.5293197631836,89.62034561657039,88.2479274722591,88.68906550085629,1494000
2013-10-17,90.57968139648438,90.64269809078338,88.99019266118735,89.32629772407499,857700
2013-10-18,90.25756072998047,90.75471726318423,90.08250726798717,90.75471726318423,1447500
2013-10-21,87.73677825927734,90.36957791025658,87.58972868195279,90.25754115462007,3450600
2013-10-22,91.06280517578125,91.15382570272894,89.1302136270039,90.74070213247899,2784200
2013-10-23,92.41422271728516,92.44923554734487,91.02780225912865,91.02780225912865,1672200
2013-10-24,92.86234283447266,93.12142918382658,92.00108292540132,92.4422210008735,1125400
2013-10-25,93.82867431640625,93.96171668352586,92.35822066902391,92.71533664064343,1578100
2013-10-28,93.28948211669922,94.09473440196027,93.09342310632941,93.66059457807167,1316400
2013-10-29,93.59061431884766,93.75166056186218,93.03743922524755,93.40855182425682,1231100
2013-10-30,93.63259887695312,94.50086791589082,93.35251760473614,93.9126801491701,1196100
2013-10-31,93.36653900146484,94.37484894446996,93.24050560079846,93.83568113353168,1516500
2013-11-01,94.21379089355469,95.81727616827719,93.42954398929949,93.50656795263481,2135000
2013-11-04,95.04702758789062,95.22907933434632,94.46584883629387,94.52886551571142,833400
2013-11-05,94.85797119140625,95.4811610910365,94.5638826562969,94.75994167970313,885700
2013-11-06,95.8382797241211,95.88029085152962,94.89999559727427,94.89999559727427,921900
2013-11-07,95.369140625,96.73455573030209,95.29211666088463,95.85228997404934,1285400
2013-11-08,96.70655059814453,96.73455445544593,95.2360970060183,95.34813380405818,1281400
2013-11-11,96.0343246459961,96.57349229872038,95.43914928791182,96.57349229872038,1029900
2013-11-12,96.09037017822266,96.097379156684,95.50919124010628,96.0343517726239,1485100
2013-11-13,96.11136627197266,96.19539921429764,94.90699738134877,95.60721135569209,1667500
2013-11-14,96.83257293701172,96.90959689132593,95.92930173134135,96.44746384985658,886200
2013-11-15,96.24439239501953,96.65751600590583,95.50216741697551,96.58049205434945,2043000
2013-11-18,96.52449798583984,97.224711940951,96.363441083384,96.363441083384,897700
2013-11-19,97.30870056152344,97.57478519150622,96.43343342017306,96.70651634089783,1047000
2013-11-20,96.06233978271484,97.21768836134895,95.92229914961003,97.21768836134895,858600
2013-11-21,97.09862518310547,97.33669525891415,96.11132137621306,96.37040769109882,3642300
2013-11-22,98.6461410522461,98.688152178188,97.16868924492819,97.37875555905434,4836800
2013-11-25,99.26233673095703,99.52142318663802,98.59013724756744,98.84221472494308,6402400
2013-11-26,100.172607421875,100.42468487488637,98.94723299170641,99.08027535363146,2432600
2013-11-27,101.7345962524414,102.08091386961716,100.42704018176308,100.42704018176308,1896400
2013-11-29,100.13019561767578,101.96784030686192,99.82628334763538,101.68511993215967,1553300
2013-12-02,98.73782348632812,100.71682286446034,98.54698859171694,100.25741710912563,1676600
2013-12-03,98.08052062988281,98.73782525634599,97.32425578729399,98.46217964126802,1987300
2013-12-04,96.28528594970703,98.0169064748167,95.69158933275737,97.93917050360919,2163400
2013-12-05,96.5892105102539,97.22531249763864,96.12979393298284,96.30649012777636,1190800
2013-12-06,97.67057037353516,97.88967188469617,96.98498841525081,97.46559679009718,1416600
2013-12-09,98.19363403320312,98.44807706241343,97.74129206846071,97.88972166245136,1389100
2013-12-10,98.46219635009766,98.8509301769901,97.81901954421024,98.03813190822672,1197900
2013-12-11,97.15463256835938,98.59646865504537,96.99913906684593,98.59646865504537,1163200
2013-12-12,97.5221176147461,98.01686458409111,96.98496530298223,96.98496530298223,1193900
2013-12-13,98.26427459716797,98.38442670031785,97.67764201025136,97.98862899942918,1017100
2013-12-16,98.9852066040039,99.23964954592978,98.26428313776735,98.33496592678877,1270700
2013-12-17,99.55062866210938,99.64957808807938,98.85090793117102,99.27498306228735,1161700
2013-12-18,101.58612823486328,101.76989909813645,98.94982519752399,99.60712957397779,2282800
2013-12-19,101.06314086914062,101.60029332003556,100.27153472847488,101.60029332003556,1530400
2013-12-20,101.9254379272461,102.43431304723111,100.99954080578642,101.34586923066888,1953600
2013-12-23,102.52619171142578,103.19057108643506,102.30002620474895,102.44844495935706,1806100
2013-12-24,103.28951263427734,103.38846205802359,102.4837785310069,102.60393063236462,726700
2013-12-26,105.19786834716797,105.45938610971012,103.317817810118,103.43090598934259,1498600
2013-12-27,104.696044921875,106.01066519485845,104.26490572523309,105.4947044813046,711400
2013-12-30,103.88323974609375,105.14839073415324,103.19765754243727,104.63243000130231,835600
2013-12-31,105.07061767578125,105.21197246097849,104.11645400251197,104.11645400251197,693000
2014-01-02,103.24005889892578,104.4557188093083,103.07749063312698,103.93270496970511,1115900
2014-01-03,103.93972778320312,104.13056261963585,103.52979147533964,103.5439301851765,843400
2014-01-06,103.38846588134766,104.66774447304586,103.26124981097443,104.10938930083215,1134800
2014-01-07,105.03526306152344,105.52294617604157,104.25073170005457,105.3109086325975,1684100
2014-01-08,104.95753479003906,105.38160995154733,104.3991795859099,104.8797880365852,1222700
2014-01-09,105.12007904052734,106.32161080077323,104.98578823011741,105.31091391767188,1646600
2014-01-10,105.62897491455078,105.79860713090713,104.28608825193645,105.30385998071654,1245800
2014-01-13,106.6679458618164,109.09222299612154,106.37816154586332,108.63280646931523,3449000
2014-01-14,107.02134704589844,107.38180339094933,105.4452200510906,106.81638421079411,2575800
2014-01-15,108.49146270751953,109.08515932880105,106.79518356537811,107.02134908481307,2294200
2014-01-16,108.48441314697266,108.50561583021377,107.869502978937,108.13808467956595,1378700
2014-01-17,108.71760559082031,108.83775767119046,108.14510104127808,108.6539867844202,2016300
2014-01-21,108.91551208496094,110.64005746425815,108.69639979799925,108.84482931049881,2274600
2014-01-22,110.71780395507812,111.0005242676181,109.02858918210653,109.55161367179761,2646600
2014-01-23,106.36406707763672,111.97593031413473,106.22977621654982,111.04297982264386,3944100
2014-01-24,104.43449401855469,106.95772034779004,103.67116531688713,106.95772034779004,3496200
2014-01-27,103.91144561767578,105.37448371919356,102.56854878545018,104.68890198769411,2851400
2014-01-28,104.80204010009766,105.18370989808257,103.75600170744575,103.9044204630227,2676000
2014-01-29,104.14472961425781,104.77376756439318,103.54395830679744,103.99630008234783,2501000
2014-01-30,105.07061767578125,106.2226694205836,104.37089692973852,105.02113756938887,1931600
2014-01-31,106.66089630126953,107.42422517617452,103.14817499748165,103.94684526917189,2618200
2014-02-03,104.42034912109375,107.43124730112889,104.19417289749956,106.39933715416328,2307200
2014-02-04,104.73136901855469,105.28973506347047,102.26469690913422,104.45572337127996,2205000
2014-02-05,106.29337310791016,107.41009446452343,104.20128520767801,104.42039757020238,2728100
2014-02-06,107.24752044677734,107.88362239959777,105.66431874497017,105.82687621563686,2073800
2014-02-07,109.64347839355469,110.04633993383278,106.766860421089,107.36055678816996,2072700
2014-02-10,108.83070373535156,109.84141145183834,108.49851406770081,109.37493096730599,2375000
2014-02-11,111.36100006103516,111.89816335671672,108.97206422837748,109.24772062569559,2242200
2014-02-12,112.3222427368164,112.69683783009796,111.65079931214272,112.1738239634606,1851100
2014-02-13,112.94419860839844,113.62270588933755,110.64007355581748,111.4316797631515,2461600
2014-02-14,115.12821197509766,115.3755910470426,112.59792029837551,112.94424884216173,2556400
2014-02-18,114.99388885498047,115.87736988611074,114.1669519040042,114.1669519040042,1985200
2014-02-19,114.95856475830078,116.41455077586404,114.5062228336709,114.92323413948267,1762400
2014-02-20,116.10352325439453,117.24851099329067,115.1493596155288,115.20590368450469,2112600
2014-02-21,116.14591217041016,116.93044349130393,115.46739422341679,116.61945654829351,2377600
2014-02-24,117.42521667480469,119.02962105981558,116.47812770828062,117.05768558903442,2534300
2014-02-25,115.63704681396484,118.3369587976527,115.27659049441318,117.7361982650666,2278400
2014-02-26,113.67215728759766,116.2024471999053,113.6580185772842,115.41791593998678,2691000
2014-02-27,115.05479431152344,115.21870728677344,113.67931944424457,114.31360273936869,3075100
2014-02-28,115.6677017211914,116.38750296062506,114.848115070251,114.848115070251,2232700
2014-03-03,116.55853271484375,117.02890298085681,114.39911843631974,114.61292409128998,1709000
2014-03-04,118.04803466796875,118.42575330177073,117.08591460097398,117.08591460097398,1748200
2014-03-05,118.8890151977539,119.32373857953253,117.94827449555993,118.46852667956212,1889200
2014-03-06,118.90326690673828,119.35938066793378,118.58968665692703,118.91040065080391,1378300
2014-03-07,118.71082305908203,119.63729609795091,118.28321175298314,119.37360862146735,1403500
2014-03-10,117.93400573730469,118.80347416053827,117.67031823791045,118.08367296982544,1377100
2014-03-11,116.73670959472656,118.09079403668817,116.67969402485551,117.85560888894805,1738200
2014-03-12,116.77944946289062,116.87922397520228,115.45386758526078,116.50150540183628,1503100
2014-03-13,116.04540252685547,117.67030809173265,115.68194052865647,117.25695339545938,1404600
2014-03-14,115.75321197509766,117.30685637481764,115.56078578290028,115.83872989402617,1386100
2014-03-17,116.9291000366211,117.34244376125645,116.22354480910025,116.48010935778012,1466300
2014-03-18,116.864990234375,117.65606362057281,116.77234944563325,117.4850277800598,1652400
2014-03-19,114.6699447631836,117.2926068054006,114.03566145229726,117.14293956368186,2068200
2014-03-20,113.9786148071289,115.78882345345437,113.57951677081945,114.82670357158945,3228500
2014-03-21,112.17559051513672,115.00492500399997,112.17559051513673,114.74123744130844,4247800
2014-03-24,112.73856353759766,113.57951857394227,111.897597626647,112.9808715099743,1997300
2014-03-25,114.43475341796875,114.83385150359658,113.01651976583462,113.13767376507111,2099700
2014-03-26,113.77197265625,115.51803245873695,113.75771604419704,114.62718451107946,1299200
2014-03-27,113.23033142089844,113.99289154465787,112.61742764987888,113.52252125825981,1857000
2014-03-28,114.41337585449219,115.00490018131288,113.48690271269948,113.69357464635564,1191800
2014-03-31,116.33759307861328,116.55852158028841,115.1688012676495,115.6320377469937,1458700
2014-04-01,116.67254638671875,116.97186990903866,115.83158050291986,116.537135796349,981900
2014-04-02,117.37811279296875,117.42800549333757,115.93849959485976,116.87924016231943,1050300
2014-04-03,116.70111846923828,117.6846183978931,116.66548236501225,117.59196670182787,1254600
2014-04-04,113.75056457519531,117.55626344081601,113.61515398126024,117.55626344081601,1622500
2014-04-07,112.41789245605469,114.46327594279084,112.23258911605436,113.58668457341952,1315200
2014-04-08,111.64102172851562,112.46060808085673,110.2869376675764,112.29669516023048,1782800
2014-04-09,113.1947021484375,113.99289841007699,111.83348390791348,112.62455730100565,1124300
2014-04-10,110.7715835571289,113.77908686960342,110.68606564053407,113.37286589117006,1499300
2014-04-11,109.62415313720703,110.7430521256988,109.42459325988237,110.44372862161937,2024200
2014-04-14,111.04954528808594,112.00453166349298,109.95913741215573,110.46514382352998,1356100
2014-04-15,112.16841888427734,112.31095234607925,109.90210748019061,110.85709363633008,1160500
2014-04-16,113.62944030761719,113.65081978860829,111.79785168891547,112.91676194229055,1167900
2014-04-17,114.20669555664062,114.37774226047657,112.78133898183076,112.78133898183076,1544900
2014-04-21,115.09044647216797,116.33763375605731,114.28511634612418,116.33763375605731,1303700
2014-04-22,111.66956329345703,117.38524623916555,111.32034701558068,117.36385588577028,2674100
2014-04-23,115.43965148925781,115.76035461462205,111.04956053226522,111.75510523314453,2862400
2014-04-24,114.47039794921875,115.87437522819828,113.74347383112458,115.76034407745873,1398300
2014-04-25,114.80532836914062,115.09040617326139,113.09490504284116,114.18530181641317,1803400
2014-04-28,115.0048828125,115.6462997460336,113.88598364310873,114.97638046804836,1352700
2014-04-29,115.44678497314453,115.83162654779184,114.67709094923987,114.95503510721016,1225900
2014-04-30,116.97900390625,117.1500505958245,114.99063643500261,115.46812954279885,1615800
2014-05-01,116.0596694946289,117.47789240063418,115.6819508526127,116.67969615706907,1301700
2014-05-02,116.80796813964844,116.95763536634767,115.95275636101665,116.16656202432654,1133100
2014-05-05,117.67742919921875,117.85559876177794,116.01688757121427,116.52289391370948,945500
2014-05-06,116.51576232910156,117.80570812558746,116.30195669510468,117.34959451454372,1026600
2014-05-07,117.02176666259766,117.21419283529599,115.860108507969,116.87923318729068,1173300
2014-05-08,117.15719604492188,117.84137206048588,116.62268727090928,117.00752880337045,1024700
2014-05-09,117.72018432617188,117.73444093560299,116.43737221714696,116.98612662226729,837900
2014-05-12,118.9602279663086,119.13839749253563,117.80569291623102,117.94822636229168,1051900
2014-05-13,119.47339630126953,119.71570432659571,118.539789417224,118.96026702727973,968400
2014-05-14,117.7772216796875,119.72996429797794,117.48503181723436,119.72284142924794,1165600
2014-05-15,116.55140686035156,117.89124557254202,116.00265238747193,117.46364510826989,1061100
2014-05-16,115.5251693725586,117.08592588501683,115.46102005386409,116.65832538317134,1739200
2014-05-19,115.6677017211914,116.33762112948061,115.24009034899564,115.560793440838,1460200
2014-05-20,114.43475341796875,115.81021723983658,113.95012654641552,115.8030943720958,907600
2014-05-21,115.37548828125,115.51089889669582,114.63430764224096,114.85523617287035,859500
2014-05-22,115.32559204101562,115.72469009479926,114.92648311262563,115.50376159178377,823200
2014-05-23,115.90998840332031,116.33759969673774,115.3826025913864,115.93136788053049,1663400
2014-05-27,116.1309585571289,116.33050766571158,115.46103903205385,116.25924634099539,1294500
2014-05-28,115.5251693725586,117.30686531677073,115.36124551597257,116.4730220452235,1831500
2014-05-29,117.2353286743164,117.40779035943656,115.38859943280507,115.77662451861579,1489200
2014-05-30,117.59465789794922,117.81742509968325,116.61739659345778,116.9335709808773,2121200
2014-06-02,117.92517852783203,118.14075291882502,116.86169208738738,117.75990957938399,1012600
2014-06-03,117.76708984375,118.19104586297394,117.2640902476734,117.92517699745534,850900
2014-06-04,118.21977233886719,118.36348491530563,117.12035523049127,117.47964215387077,871300
2014-06-05,119.52042388916016,119.64976195607228,118.22698839718923,118.22698839718923,996100
2014-06-06,120.12400817871094,120.16712086219579,119.5347832301373,119.6641212805918,891000
2014-06-09,120.77793884277344,121.34560757051807,119.06772893647677,119.43420875329512,1351000
2014-06-10,120.2461929321289,120.77075994435316,119.48450610454655,120.71327269789415,1002700
2014-06-11,118.22696685791016,119.95873264652998,117.86767989585134,119.65693291414873,1297500
2014-06-12,116.86888122558594,118.392254679098,116.53833234334499,118.06171676142674,857100
2014-06-13,117.87487030029297,118.27008818034757,116.88324566846445,117.09882005436413,750200
2014-06-16,118.66529846191406,119.01740363515616,117.50839399505352,117.7455247079021,889300
2014-06-17,118.01861572265625,119.0246150903933,117.52279783263914,118.56472809877482,858100
2014-06-18,117.6952133178711,118.00420579398175,116.44490175916664,117.93953677499377,1028200
2014-06-19,117.98985290527344,119.01022670669578,117.34314066754236,117.85332208596878,1045800
2014-06-20,118.85215759277344,119.06773202627764,117.66651465535708,117.66651465535708,1862900
2014-06-23,117.81022644042969,119.14677476103766,117.35753219436177,118.75874955518357,829500
2014-06-24,116.77543640136719,118.20540235891065,116.7395164792948,117.32874135482813,812500
2014-06-25,116.73236083984375,117.06290975163598,116.00660494305664,116.87607346753012,988400
2014-06-26,116.44493103027344,116.99104337995128,115.33832081476987,116.99104337995128,988400
2014-06-27,116.9120101928711,117.07727917471944,116.30841054776056,116.61021037031583,1102200
2014-06-30,115.49637603759766,117.00538556326228,115.23050721209728,116.9550801289421,1234500
2014-07-01,115.43170928955078,116.24370129418341,113.95863062164555,115.00056056957989,1358200
2014-07-02,114.23889923095703,115.60419650269156,113.6784123499467,115.52515291872498,1309800
2014-07-03,114.9000015258789,115.24492501034912,114.33233277511675,114.82815069004278,687200
2014-07-07,113.75025177001953,114.76344361126763,113.32629579601678,114.43289478935016,1164700
2014-07-08,112.96703338623047,113.85087641456087,112.78738987029348,113.85087641456087,970900
2014-07-09,113.48440551757812,114.05926700653777,113.12511845754973,113.62093635472027,827400
2014-07-10,113.66402435302734,114.28199840059843,112.26280731625816,112.26280731625816,815700
2014-07-11,115.1946029663086,115.41735916508952,113.4843932369793,113.62811681709451,1073600
2014-07-14,116.27244567871094,116.39460193087339,115.33111558620116,115.53231540912381,1045100
2014-07-15,116.8544692993164,117.47963596898933,116.02811380487492,116.21493904795256,1312000
2014-07-16,116.08563995361328,117.45811902041142,115.79820375491296,117.18505737278858,947800
2014-07-17,115.92755889892578,117.27128893443074,115.37425378124769,115.76947172244633,1190600
2014-07-18,116.7611312866211,116.79705122668041,115.73356442992419,116.27968786535595,1074700
2014-07-21,117.11326599121094,117.60908413805937,115.82702249301006,116.40906606902294,1201200
2014-07-22,120.62700653076172,120.84976270287517,118.12637223301341,118.2054158067861,2174500
2014-07-23,120.79228973388672,121.58990728571364,120.15994112643655,120.54796624900996,1808500
2014-07-24,122.13606262207031,122.24384437062814,120.59113241502092,121.10131397762478,1617600
2014-07-25,122.18631744384766,122.6533971199448,121.57553612604697,121.67613604689467,2112300
2014-07-28,122.1575927734375,122.5671852592598,120.93601903861718,122.15041097993141,1989600
2014-07-29,121.67613983154297,122.63184459160716,121.61147080139418,122.51687011718529,1063100
2014-07-30,122.28693389892578,123.1348570303477,121.32404724568319,122.33005755475037,1077200
2014-07-31,119.9803237915039,121.61149014250583,119.9803237915039,121.4965156497984,1935900
2014-08-01,120.08807373046875,121.27372731402399,119.41980522711162,119.80064853937137,1535900
2014-08-04,120.92884826660156,121.13724092643872,120.02344871456255,120.4042921664611,1196400
2014-08-05,119.95155334472656,121.55398126973942,119.68568447164272,120.56952742736756,1218900
2014-08-06,117.16352081298828,119.34079967466845,116.91920822626517,119.34079967466845,1883000
2014-08-07,117.09166717529297,118.29168480919084,116.78268552310931,118.04737220543085,1087100
2014-08-08,119.13957977294922,119.4198232140782,117.19943202939699,117.20661382265727,1196000
2014-08-11,119.39105987548828,119.95154669091278,119.28327816658685,119.9012522149483,801800
2014-08-12,119.12523651123047,120.10967971038541,118.75157483672275,119.39110547110204,779500
2014-08-13,121.5036849975586,121.72644120150409,119.39107550989353,119.39107550989353,1079100
2014-08-14,121.79832458496094,122.30851708167538,121.33843754428497,121.68335008364896,1030000
2014-08-15,121.55400085449219,122.51688754445895,120.67733955032217,122.09293144486371,1062400
2014-08-18,123.24981689453125,123.66659113482585,122.1863194684405,122.30129394119126,766400
2014-08-19,123.68817138671875,123.88217851184672,123.0845607703844,123.60912779199468,841100
2014-08-20,125.97321319580078,126.08818767369543,123.68815301163536,123.70251659794492,1351100
2014-08-21,125.82229614257812,126.10253952915322,125.16119849595034,125.6929471370839,1088200
2014-08-22,125.8582534790039,126.56246401527369,125.2905847452466,125.54209007456738,801400
2014-08-25,126.8498764038086,127.23791253168497,126.05944056151957,126.28938952093814,866400
2014-08-26,126.90737915039062,127.19480442021427,126.49778662809214,127.16606627906039,1036500
2014-08-27,126.8426742553711,127.32411747675269,126.46901273856446,127.1804048824634,1115200
2014-08-28,126.05349731445312,126.74132289495762,125.79284634156821,126.46618824363196,1455800
2014-08-29,125.98110961914062,126.7702989761996,125.80010227773381,126.53136795980524,1532000
2014-09-02,125.83625793457031,126.9295378822433,125.30771979274769,126.80645426279459,1547700
2014-09-03,125.61909484863281,127.16851724808102,125.40913119378449,126.66169890205802,1454800
2014-09-04,125.28607177734375,126.33592349080136,125.08334438181878,125.97390870624756,1109000
2014-09-05,126.4009780883789,126.45165437109141,124.8008692140244,125.38009459582806,983600
2014-09-08,126.53865051269531,127.11787637583403,126.24179573876225,126.35764312095287,926500
2014-09-09,126.66172790527344,127.68261219533372,126.58932053305676,127.13959004715024,1418300
2014-09-10,126.40826416015625,126.72683879794221,125.77836224768558,126.6761624952815,2210500
2014-09-11,126.12590789794922,126.53860992168651,125.67701324572484,126.25623892305974,1299200
2014-09-12,126.29241180419922,126.69787744840181,125.77112092869993,126.10416818381917,759400
2014-09-15,127.1395263671875,127.26984631452794,125.92315161963498,126.28516620376955,678500
2014-09-16,128.29075622558594,128.83377821239927,126.71961393614333,126.79925760278839,1186800
2014-09-17,129.4564208984375,130.07183907895558,128.4789770764618,128.71790803400717,1152600
2014-09-18,130.0139617919922,130.12256178047102,129.0944413808955,129.86914707693825,1040400
2014-09-19,130.86105346679688,131.20858442096463,130.48455515522608,130.68004615036224,1896300
2014-09-22,129.59400939941406,130.8755333160297,129.427474704686,130.12254769916757,1097400
2014-09-23,127.67533111572266,129.58676813068558,127.37124011877526,129.2609571373713,1451100
2014-09-24,129.1595916748047,129.2392353429789,127.63188934732538,127.63188934732538,959400
2014-09-25,128.47177124023438,129.4130116165818,127.61741085167522,128.9496332686923,1739100
2014-09-26,131.46922302246094,131.9688049364411,128.54413887746153,128.54413887746153,1877700
2014-09-29,131.3099822998047,132.34533911670894,130.4049454817502,131.62855702740993,1579900
2014-09-30,132.3380889892578,133.28656570795076,131.86747431210546,132.2077690040076,1981200
2014-10-01,128.79757690429688,131.15790853981557,128.21111491540924,131.15790853981557,1901400
2014-10-02,127.68254852294922,129.09440319460364,127.27708290767171,128.63102496780917,1468900
2014-10-03,129.1233673095703,129.84739652321304,128.09524715193473,128.63826906216678,2463700
2014-10-06,128.09524536132812,130.10804566329384,127.91423806044769,130.050122001275,1486300
2014-10-07,125.27156066894531,127.83461969542131,125.25707698862313,127.71877234846585,1182700
2014-10-08,127.68254852294922,127.82735214735843,124.40993358182092,125.45253735406062,1677600
2014-10-09,126.37935638427734,127.83465175906193,125.65532685592035,127.66089174285712,1581500
2014-10-10,126.3213882446289,127.99389409893986,125.7638826105886,126.47342820530628,1668600
2014-10-13,125.17020416259766,127.75498333351214,125.0977968046557,125.9593935442311,1473800
2014-10-14,127.5087890625,128.69619656640424,125.35842134997077,125.65527598789917,1585300
2014-10-15,126.8426742553711,127.44361980260939,123.27320464062954,125.98831407512327,2180500
2014-10-16,126.50243377685547,127.95772907914699,124.85888373596786,125.42362585612955,1972800
2014-10-17,127.6029052734375,128.79754898832897,127.32777065272933,128.03731614803058,2360100
2014-10-20,127.08890533447266,127.69708750167995,125.93045364166572,127.37851273376734,2054900
2014-10-21,124.9747085571289,125.87250894279279,120.39160137211734,123.19359146642138,4106600
2014-10-22,127.4363784790039,128.76135327156035,123.59903246799296,123.8089960798409,3805700
2014-10-23,130.81039428710938,131.5054673929485,128.21836763179869,128.21836763179869,2442900
2014-10-24,131.28819274902344,131.599519946556,129.9052945721625,131.53435998165014,1550700
2014-10-27,132.4973602294922,132.56976757770343,130.8320906509256,131.5488836261001,1071400
2014-10-28,134.3436737060547,134.3436737060547,132.2657015630112,133.29383315803224,1809200
2014-10-29,134.98077392578125,135.2341885939535,133.88025737005236,134.69116663170735,1663700
2014-10-30,137.05149841308594,137.29042940272754,133.82233399072766,134.64049061757828,1586100
2014-10-31,137.97828674316406,138.9557197951418,137.31941734398185,138.57922141735025,1699900
2014-11-03,138.1085662841797,138.96291541486374,136.57362795566473,138.50678454331572,1145900
2014-11-04,138.13758850097656,139.694258611652,137.77557373772373,138.1737921868646,1667900
2014-11-05,137.37005615234375,139.25977279428434,136.3202160285565,139.1511728340959,1743800
2014-11-06,137.4786834716797,137.90585809618202,136.89945783706446,137.56556345013846,995100
2014-11-07,134.7780303955078,137.13837264470172,133.88024126320377,137.11665265264975,2569400
2014-11-10,135.38623046875,135.58171040754462,134.49566655633703,135.0024958584814,1296200
2014-11-11,135.48036193847656,136.43608593758526,135.20523831118425,135.39348195594326,881400
2014-11-12,135.2993927001953,135.9872295815978,134.92290530468563,135.34283270369153,789300
2014-11-13,136.09579467773438,136.8777476835133,135.34279798425356,135.52380531759653,990600
2014-11-14,135.10386657714844,136.11750313884565,134.6042846118084,136.11026682333707,1665700
2014-11-17,134.3146514892578,135.52377891468785,134.20605152953397,135.1690116810508,1160900
2014-11-18,135.07484436035156,135.5671898102224,133.58334643340524,134.14808815238868,1775200
2014-11-19,134.6694793701172,135.21973778172872,134.24230464079457,134.72016673519585,1167500
2014-11-20,134.35086059570312,134.6549515430454,133.5037477321477,134.41602057417452,1021600
2014-11-21,136.06680297851562,136.32021761899028,135.5237810756204,136.0885340186156,1328200
2014-11-24,136.71128845214844,137.0298522287865,136.11757881606283,136.32030624111255,1127000
2014-11-25,136.6026153564453,137.5945320249651,136.51573537024245,136.71122638701,1808100
2014-11-26,138.0476531982422,138.3395925422822,136.57340127214252,136.84343542107564,1320600
2014-11-28,139.8065185546875,140.55094979326094,137.93815172060454,138.39064368113702,940900
2014-12-01,139.4708709716797,140.04013892369878,138.6826512374186,139.34678975720735,1538300
2014-12-02,138.74832153320312,139.81388084268664,138.1717593212126,139.15702555228745,1659900
2014-12-03,138.43446350097656,139.15700085125707,138.41256944215115,138.8139790811959,1383300
2014-12-04,138.47091674804688,138.85043221709253,137.55133313771663,138.65337460904175,900100
2014-12-05,138.5731201171875,138.7993661277619,137.55136034803007,137.98926375558113,1204300
2014-12-08,138.5585174560547,139.11318539788513,137.77029808418294,138.66798772867085,1669000
2014-12-09,139.1205291748047,139.21541086904176,137.3032551850882,137.4346195589404,1140800
2014-12-10,137.1427001953125,139.1789260764799,136.88725460335093,138.48558807360533,1244000
2014-12-11,138.1206512451172,138.9599532578534,137.23754997520808,137.76302969780144,1170600
2014-12-12,135.1502227783203,137.23754179183757,134.85829456599728,136.68287373388486,1204600
2014-12-15,134.44235229492188,136.66833089767195,133.60303884635437,135.44951284230993,1308200
2014-12-16,135.30352783203125,137.5222117823718,134.28176768444357,134.28906199394407,1228600
2014-12-17,135.12835693359375,135.69762486192823,133.12862487531353,135.30352057936966,1482600
2014-12-18,139.86492919921875,139.92331706434038,135.77786773147741,136.87992058908497,1670500
2014-12-19,140.748046875,141.76251248588233,139.40514809219673,139.79926344396273,2609100
2014-12-22,143.37547302246094,143.74769441481772,141.14948352356095,141.14948352356095,1105500
2014-12-23,142.87918090820312,145.03218258592662,142.86458115338112,144.87161869193434,986000
2014-12-24,143.36085510253906,144.4410141845147,142.8937631960778,143.0251387109557,403200
2014-12-26,143.6600799560547,144.36801764918732,143.47032770887384,143.56520940063868,547400
2014-12-29,142.78424072265625,143.72571850057707,142.1055027421649,143.72571850057707,610800
2014-12-30,142.63101196289062,143.34625508806755,142.31718965934553,142.4923532864733,523600
2014-12-31,140.543701171875,143.02512459192596,140.5072073582143,142.25150474225177,706500
2015-01-02,141.083740234375,141.93764184229437,139.42701943797786,140.20065026339554,902100
2015-01-05,138.1498260498047,141.9522537890834,137.64625157341348,140.78451871211507,1506200
2015-01-06,137.50027465820312,139.3905470438119,136.3325507318351,138.39067013784518,1205800
2015-01-07,139.2737579345703,139.41242771278903,138.0987286774877,138.17171628802782,941900
2015-01-08,142.412109375,143.68931526425277,139.32491226451873,139.32491226451873,1950900
2015-01-09,142.33177185058594,143.82792896402827,142.18580774749705,142.3828542753108,1439500
2015-01-12,141.93032836914062,143.21482776089832,141.37566045513393,142.68934820601004,896400
2015-01-13,141.84278869628906,144.82779753655132,140.623960014473,143.14918247801853,1095000
2015-01-14,141.02542114257812,141.76255852137425,139.85769673285452,141.69686518384827,1101100
2015-01-15,140.397705078125,142.12010814558096,140.0182006541586,141.7041099133706,896600
2015-01-16,142.1055145263672,142.14930264017903,140.04008977958685,140.04008977958685,1085600
2015-01-20,142.8645477294922,143.7695429987794,140.86480496802497,143.5068031552023,857800
2015-01-21,142.6821746826172,143.59446480207126,141.66770851523842,142.31725863483555,966600
2015-01-22,144.5723419189453,144.91536366884685,142.52151686294673,143.77682813144884,1307900
2015-01-23,144.09796142578125,145.1489207738818,143.7403399115021,144.4993710568401,1313000
2015-01-26,142.8134307861328,143.71842590725296,140.8793816544656,143.22944011049833,1338900
2015-01-27,139.06944274902344,141.21514988446796,138.90158456402605,140.8575283164443,1942700
2015-01-28,138.1206512451172,142.17121946662937,137.93819331744862,140.01091270304016,1570400
2015-01-29,140.49261474609375,140.5145088081333,136.55152767009355,138.12795581868426,2017000
2015-01-30,137.47842407226562,139.3686970555977,137.4127418775096,138.50019535932222,2287900
2015-02-02,138.17909240722656,138.49291481839532,135.75604484789017,137.50764831082492,1554000
2015-02-03,140.12770080566406,140.34665256544275,138.3688035551192,138.945376893748,1618200
2015-02-04,140.33204650878906,141.2443361866007,139.12052314393154,139.64600288925894,1230900
2015-02-05,141.6311798095703,141.93041356779634,139.82119977642103,140.9159476502079,1063200
2015-02-06,142.49232482910156,143.74033062205626,140.78451043063484,141.79897590374185,1127100
2015-02-09,140.87217712402344,142.30994706887174,140.63862553630977,141.84285502979708,1208300
2015-02-10,142.80612182617188,143.03236779914997,141.49972840009946,142.39012368083831,1280600
2015-02-11,143.2733154296875,143.90826569405135,142.317237309578,142.44130741087022,1439300
2015-02-12,144.12716674804688,144.6745405448854,143.33165283603188,143.56520433479687,1217900
2015-02-13,143.74037170410156,144.79133128465412,143.185703541632,143.98851184496826,1253900
2015-02-17,144.19288635253906,144.72566049373825,142.8791867733797,143.43385497953568,1023300
2015-02-18,144.9227294921875,144.93002380229058,143.7403942107628,144.1928975732333,902000
2015-02-19,147.2144012451172,147.23629531177366,144.484825859645,144.91542401902433,1775000
2015-02-20,148.87835693359375,148.8856512407462,146.170676709566,146.59398038769055,1301400
2015-02-23,150.04612731933594,150.09722089426722,148.3018296438647,148.88569735094234,1440600
2015-02-24,150.79782104492188,151.02406708823764,149.48413290485007,149.98770741915874,1168600
2015-02-25,149.51333618164062,151.1189638412185,149.25059630015704,151.11166953263663,2759800
2015-02-26,148.02085876464844,149.86624464364016,147.43268443564355,149.4324704231648,1349700
2015-02-27,147.07980346679688,148.46935975043232,147.0430404629824,147.7782556652973,1311400
2015-03-02,149.2633056640625,149.34417973745727,147.07971690089065,147.07971690089065,1037400
2015-03-03,146.9915771484375,148.8443226893756,146.62396952943757,148.8443226893756,1312100
2015-03-04,146.2857208251953,147.1018098758335,146.1460281884705,146.82242460238388,851400
2015-03-05,146.38131713867188,147.06506173252887,146.12398739046205,146.57981711970007,872300
2015-03-06,145.3225555419922,146.0430628824133,144.62410374740634,145.85191107901218,1220300
2015-03-09,146.85183715820312,147.40324836697283,144.99174424476584,145.14613310086708,887600
2015-03-10,145.2637939453125,146.29309054931545,145.06528273650778,145.8740237957184,1087100
2015-03-11,144.99180603027344,145.8740620965637,144.77123920907724,145.5285100276717,953000
2015-03-12,146.14602661132812,146.27101180639366,145.23435603624498,145.23435603624498,1047200
2015-03-13,144.91827392578125,146.31517837048438,143.80810297103275,145.55055947010348,1155400
2015-03-16,148.5942840576172,148.73397668373514,145.6460763439028,145.73429854208715,1198000
2015-03-17,147.53558349609375,148.51342073128586,147.06504637419957,148.13110581396873,936600
2015-03-18,148.95457458496094,149.6089155349717,145.83725871405488,147.60912968850238,872800
2015-03-19,148.6531219482422,149.5133221479917,147.8076179711106,148.88103680221548,1178000
2015-03-20,149.81480407714844,150.01330410334538,148.2708476735438,149.28544823696933,3938100
2015-03-23,149.18984985351562,150.41765774987272,149.18984985351562,149.49129074323298,1028100
2015-03-24,149.46920776367188,150.25588195910942,147.74144807228197,148.76339644633018,1250900
2015-03-25,146.32247924804688,149.98384647674322,146.3077718081956,149.49860192805744,1338200
2015-03-26,147.45469665527344,147.86641519902747,144.29327038217798,145.25641131233914,1499700
2015-03-27,148.68247985839844,149.15301686265667,147.2194096453154,147.45467253820098,1256400
2015-03-30,150.63821411132812,151.59399593884257,149.248658088212,149.61626562044898,1049000
2015-03-31,149.2192840576172,150.84410339044823,149.2192840576172,149.58689166286325,1261500
2015-04-01,146.13133239746094,148.85898504026824,145.1534950809259,148.58695907453344,1897200
2015-04-02,146.1019287109375,146.71950663123775,145.32995070131676,146.579813983398,1387600
2015-04-06,147.43270874023438,147.86648303221835,145.46233731451426,146.55045271053143,1366300
2015-04-07,147.15321350097656,148.91773546150634,146.96940983124338,147.7781504654636,1084800
2015-04-08,147.63851928710938,148.4325528168282,146.77097099001256,147.37384144386976,944800
2015-04-09,148.10169982910156,148.44725174959527,147.256195914036,147.42530342814294,828100
2015-04-10,147.3371124267578,148.6531538352433,147.24889019816408,148.05027202387163,1279000
2015-04-13,144.87413024902344,147.87380904899388,144.70503392589646,147.06506799318387,2130400
2015-04-14,145.08731079101562,145.40345904278098,144.35945519417606,144.75646631804406,1586900
2015-04-15,144.99180603027344,146.6460403615031,144.8668095640831,145.77113240913806,1154300
2015-04-16,144.9255828857422,145.60197936601273,143.85952333769066,144.52857170633007,1065300
2015-04-17,143.23455810546875,144.4256025363275,142.58756546723043,143.95506549537814,1229900
2015-04-20,144.6903533935547,145.31527958155087,143.366963791778,143.57282314999952,1276600
2015-04-21,144.31533813476562,145.82253103155517,143.4477898754222,145.60932363139972,1421000
2015-04-22,145.3005828857422,145.6387755938026,143.52136345629023,144.61682691932626,1127300
2015-04-23,144.984375,146.2562936267318,144.13888235843893,145.19759360182988,1178700
2015-04-24,143.6389617919922,145.0138215742449,143.36693581139554,144.84471403417913,1307400
2015-04-27,142.5140838623047,144.52857715581095,142.28616898974389,143.83747320772883,1377700
2015-04-28,142.6464080810547,142.83021181899392,140.85982991467066,142.44789690290315,1095600
2015-04-29,140.63925170898438,142.6831594290921,140.37457389921056,142.1758593588182,1427200
2015-04-30,137.19105529785156,140.76419887059322,136.4925924202236,140.40393966100012,2257200
2015-05-01,138.95559692382812,139.06587465621394,137.33812661074032,137.33812661074032,1196000
2015-05-04,139.46292114257812,140.31577314938767,139.06589880008528,139.10266179009233,912400
2015-05-05,137.7425537109375,139.61734324439053,137.56609804797475,139.13945791595978,993600
2015-05-06,137.36019897460938,139.0070843636245,136.68380262335913,138.59535460250405,1192200
2015-05-07,138.37481689453125,138.91886880214875,136.99995724766868,137.22787209745334,1040700
2015-05-08,140.04379272460938,140.45551145508523,139.30857750061847,139.66148888544978,950500
2015-05-11,140.03640747070312,140.55840385893663,139.35265166011976,139.5511628591267,832000
2015-05-12,140.13931274414062,140.6539609312008,138.6247718428682,139.11736448037502,941800
2015-05-13,140.42605590820312,141.15392274973448,140.28636327228895,140.40400035711036,980900
2015-05-14,141.9332733154297,142.15384008293805,140.77163214381136,140.88190991831965,1004500
2015-05-15,141.4259796142578,142.49203928462674,141.2348277234961,141.9185723938492,1356500
2015-05-18,141.955322265625,142.359692784161,141.42596653563083,141.4921331972573,822100
2015-05-19,142.17588806152344,142.85963266402274,141.83033609515567,141.911210198316,772100
2015-05-20,142.0802764892578,142.55816167698785,141.49946166639413,142.55816167698785,826500
2015-05-21,141.9773712158203,142.58760102113857,141.54359705178987,142.31557505699928,769700
2015-05-22,141.7935791015625,142.16118663721744,141.2789307953439,142.08766064268977,995600
2015-05-26,140.06578063964844,141.66119555899027,139.7937547280637,141.66119555899027,1380400
2015-05-27,140.6833953857422,140.85983980672134,139.7202543077714,140.02169515159835,1196100
2015-05-28,140.88348388671875,141.3577388100027,140.00166348862925,140.35736316143917,1468900
2015-05-29,139.4607391357422,140.86869176834495,139.03094378308222,140.74270771585128,1517400
2015-06-01,141.58746337890625,142.4618662855124,139.58668950110476,140.40922660658586,2003600
2015-06-02,141.36514282226562,141.75046713708164,139.90532472881424,141.24657627595536,1469200
2015-06-03,142.19505310058594,142.52110537386312,141.37992241739303,141.84677101841493,1340300
2015-06-04,140.92050170898438,142.49146862496053,140.78712284576062,141.357703059053,1854000
2015-06-05,140.29803466796875,140.6240869427344,139.63110647673196,140.35731792766484,1389100
2015-06-08,140.3277130126953,141.40961304133174,140.0979973789696,140.30548319698826,964800
2015-06-09,140.31288146972656,141.19469042205253,140.27582801290976,141.11317733990657,1041200
2015-06-10,140.26101684570312,141.27621607145136,139.93496448811518,140.3128939512869,1729300
2015-06-11,141.89126586914062,141.93572549796806,140.3647583080473,140.3647583080473,1333100
2015-06-12,141.5207061767578,141.9282714821586,140.9575322229196,141.23170737967808,1110100
2015-06-15,140.73526000976562,141.2243385053948,140.06092553613703,140.79454327958075,710600
2015-06-16,141.40216064453125,141.639282370263,139.97197889453457,140.24615407004092,853800
2015-06-17,141.5504150390625,142.11358923791025,140.58708152732257,141.80236049851047,862100
2015-06-18,142.8323516845703,144.1217372956349,141.82455876384935,141.90607184225794,1159700
2015-06-19,141.6392822265625,142.78787132565742,141.52813318447684,142.78787132565742,1234900
2015-06-22,142.33583068847656,143.0027474817372,142.02460209781333,142.23949399120315,716800
2015-06-23,142.00979614257812,142.98053548110695,141.44662214273998,142.59519995115164,572900
2015-06-24,140.92050170898438,142.1209567065038,140.8834482557134,141.69857899916883,857600
2015-06-25,140.7871551513672,141.66155805214856,140.5574282112237,141.16507332434622,884900
2015-06-26,139.78675842285156,141.20952305963624,139.69042169041782,141.18729324555588,1876300
2015-06-29,137.4747314453125,139.69780273055372,137.39321837923532,139.0086447524238,1202600
2015-06-30,137.75631713867188,139.1568516403421,137.33393946083515,138.69742051182214,1275200
2015-07-01,139.4384765625,139.52739581901474,137.83786210246512,137.83786210246512,950000
2015-07-02,138.79380798339844,139.8979265905393,138.39364866107013,139.8386546163193,1024500
2015-07-06,139.30511474609375,139.66820929276932,138.14170156421343,138.37141720977462,902600
2015-07-07,140.91314697265625,141.00206624725982,138.9716561224779,139.73492135563703,1328500
2015-07-08,140.8315887451172,141.780098394081,139.5273794974468,139.6904056534056,1528200
2015-07-09,142.3728790283203,143.1064852131734,141.69113861982234,142.0986925860191,1442100
2015-07-10,143.89939880371094,145.98167365945974,142.9212420604003,143.75119632030393,1638900
2015-07-13,146.6338348388672,147.0117530137146,144.95170716877396,145.24070608062883,1197200
2015-07-14,147.50082397460938,148.0714155993803,146.98951562448866,147.38966359446704,1059200
2015-07-15,147.76754760742188,147.9379799026653,146.7671610294768,147.6045214790586,972200
2015-07-16,149.4052734375,149.5460698237691,147.90841291653342,148.0566154731371,975600
2015-07-17,149.07916259765625,149.43486216264625,148.50116493845476,148.89390664772947,997900
2015-07-20,152.00625610351562,152.19891827214468,148.96805319335135,149.91656300482015,2052000
2015-07-21,150.53895568847656,151.73200426254462,150.31665763073792,151.49488256524873,1767000
2015-07-22,150.2722625732422,151.4949590436723,149.68685854713058,150.67242189343014,1124200
2015-07-23,150.30189514160156,151.88027983645674,150.16109877633465,150.2870714960133,1175100
2015-07-24,148.97544860839844,150.38340088515793,148.70867953648502,150.27965798536536,1124800
2015-07-27,149.07176208496094,149.5089634296623,147.74533440830524,148.47153459356988,997600
2015-07-28,150.89471435546875,151.7024277675917,149.15330350627846,149.99807037825985,1125300
2015-07-29,154.24411010742188,155.9188312477274,151.39858123246904,151.7394571791634,2491000
2015-07-30,152.9992218017578,154.50349957409597,152.61388616680003,153.55498978583728,1554700
2015-07-31,153.46612548828125,154.5109610791253,153.04373624168667,153.84404378223482,1116800
2015-08-03,153.9773712158203,154.12558506078318,152.69540286821922,153.59204687887762,1064200
2015-08-04,155.26673889160156,155.4594010375536,153.57720528209134,154.51089133772777,1066100
2015-08-05,155.1925811767578,156.17073784477083,154.9258235114348,155.62979373377058,1209900
2015-08-06,155.06666564941406,155.57056780843624,154.25154609950383,155.41494780586422,1147900
2015-08-07,154.94068908691406,155.16299852486736,153.55497797150528,154.87399964766638,997500
2015-08-10,156.19302368164062,156.77843892065903,155.1259474090589,155.64466190069507,978500
2015-08-11,154.770263671875,155.43718070843016,154.05887570003836,154.91106003244576,985800
2015-08-12,154.7110137939453,155.11117314795783,153.20673574536897,153.79213982096348,917900
2015-08-13,155.45941162109375,156.1411636146887,154.64429204922482,154.67392803249368,1091200
2015-08-14,157.06744384765625,157.15636310475122,155.11854721071728,155.42977591767797,916000
2015-08-17,157.8529510498047,157.92704667275785,156.1856468871037,156.26715998734315,776300
2015-08-18,157.5935516357422,158.0900362924527,157.2008098728648,157.36383603562078,774500
2015-08-19,156.56358337402344,157.77145637120603,156.11155818484903,157.06748568173933,1302600
2015-08-20,154.9703826904297,156.72660629158534,154.9703826904297,156.3412705711129,1405700
2015-08-21,151.67274475097656,154.75540644818358,151.5912429884652,154.5479206904029,2038500
2015-08-24,146.3225860595703,150.62793316211108,134.79966201214788,140.80194889131673,3308700
2015-08-25,147.44891357421875,152.28779811699815,147.13027876544314,152.2803919495124,2100600
2015-08-26,149.77574157714844,150.59827852837932,145.8705539079696,150.59827852837932,2933800
2015-08-27,152.2285614013672,153.34751492577243,150.36118898265732,151.10961918409131,1688100
2015-08-28,152.20616149902344,152.63911811996408,150.32505376841002,152.0046215645065,1391200
2015-08-31,150.17572021484375,151.71346710700533,150.10107960609346,151.69107378535065,1086800
2015-09-01,147.5182647705078,148.98882022468428,147.0703869723135,147.70488336732924,1673700
2015-09-02,152.31065368652344,152.3703730140328,148.75743912694566,149.06349640906961,1490600
2015-09-03,153.17660522460938,154.11717063064577,152.51971523803306,152.79590723044697,1350900
2015-09-04,151.2506561279297,152.53459315014572,150.3474283819024,151.93741128557835,1213100
2015-09-08,154.5276641845703,154.73667610905423,152.2807803012205,152.41514022826203,1320700
2015-09-09,152.77346801757812,156.1923224626913,152.66896204721644,156.01316448908705,1110300
2015-09-10,153.88572692871094,154.73670747670175,152.0643385590255,152.0643385590255,1370200
2015-09-11,154.3783721923828,154.49035018899056,153.27359324568596,153.63189777618035,1085500
2015-09-14,153.7737274169922,154.54259514285351,153.4452768563727,154.54259514285351,1034300
2015-09-15,155.14727783203125,155.6698077729669,153.40799065053952,154.0574312966938,1253700
2015-09-16,154.9382781982422,155.40856087769683,154.0201175581492,154.9979975377205,927800
2015-09-17,154.96810913085938,157.1552739255785,154.6172652083152,155.1547277539022,958900
2015-09-18,151.76573181152344,153.79614340340433,151.27305589798678,153.77375007917968,3010600
2015-09-21,152.5420684814453,153.6169821925412,151.67615532862368,152.5420684814453,964700
2015-09-22,152.02700805664062,152.2584133423641,150.4146203111966,151.13124088371535,1119200
2015-09-23,151.36260986328125,153.01978386133362,150.57134886048584,152.37781545316653,601100
2015-09-24,152.84812927246094,153.69164918377285,148.9664637758603,150.41462626808507,1667600
2015-09-25,152.19871520996094,154.35602648260198,151.53435323022856,154.32617250847542,1414000
2015-09-28,149.45912170410156,152.6092449295094,149.2948964068303,151.19840861407673,1315400
2015-09-29,151.13873291015625,151.4746442459626,148.5559254451408,149.29493949615474,1226600
2015-09-30,154.75161743164062,155.0502140477953,152.4524747435828,152.5345873892383,1721800
2015-10-01,152.84066772460938,154.77403412112952,151.3999772764042,154.00516622768254,1889700
2015-10-02,154.22906494140625,154.22906494140625,150.64598580582924,150.7952783968336,1154800
2015-10-05,158.05101013183594,158.14805544173632,155.04271942786983,155.49060859170822,1347600
2015-10-06,157.05821228027344,158.73777971317213,156.96117835177367,158.0286312973407,1625700
2015-10-07,158.9617462158203,159.76047941684905,157.53597715379345,158.09583304189118,1122200
2015-10-08,160.021728515625,160.23821249052705,157.75991178237246,158.46159960673663,782100
2015-10-09,159.19314575195312,161.44004125826706,159.16329178406212,160.0739915737441,1340000
2015-10-12,159.99185180664062,160.21579639390475,158.8198815877921,159.45438935332467,1048100
2015-10-13,158.23765563964844,160.01426853075927,158.2078016724509,159.16328808692316,1026200
2015-10-14,155.378662109375,158.69301070095435,155.25923484639227,158.28991948400676,1192100
2015-10-15,156.14752197265625,158.02864079990076,154.90091099211253,156.18484797369095,1496900
2015-10-16,156.59544372558594,157.50614366654054,155.78178912941624,157.05825434170106,1145300
2015-10-19,157.23736572265625,157.30454568437108,155.63991097687472,156.19230612833013,1329900
2015-10-20,155.81161499023438,156.42372953105544,153.13177434123673,154.8038812766121,1926500
2015-10-21,157.92413330078125,159.11849698053922,155.81908126832073,156.5804770086276,1332400
2015-10-22,161.61923217773438,161.97754823249176,158.41686074665233,158.41686074665233,1190100
2015-10-23,163.71676635742188,163.79140696118486,162.1566262478509,162.7314147092718,1280900
2015-10-26,164.9261016845703,165.2321590074674,163.39582646038335,163.7168164647214,1383800
2015-10-27,166.49371337890625,168.06877546384146,164.08260326832584,164.20204195493233,1399900
2015-10-28,165.00071716308594,167.53873727718792,163.00017098625312,165.9039563126718,1973500
2015-10-29,162.91810607910156,166.23245562659525,162.55980140621853,164.9709115394339,1795900
2015-10-30,164.09751892089844,164.7394875569066,162.97780697834696,163.4779436125174,1774000
2015-11-02,164.664794921875,164.97085217768566,163.41072332288903,164.14226508896417,1160700
2015-11-03,163.4032745361328,164.56778440267595,162.98525061033166,164.2244010977406,1046300
2015-11-04,163.35101318359375,164.48565759191203,163.11213588066497,164.00791437635118,932900
2015-11-05,163.17933654785156,164.66481357033732,162.7389079192442,163.60482110630264,911600
2015-11-06,161.70877075195312,163.09721374469802,160.52186766842362,162.73143714784973,1455400
2015-11-09,160.26805114746094,161.51466202664608,159.79030798783134,161.06678422153448,1657300
2015-11-10,159.7978057861328,161.0444168663116,158.72288065608,160.02173902964614,1165900
2015-11-11,160.57411193847656,161.6341042414178,159.93960412932293,160.02171677062168,1197100
2015-11-12,159.4320068359375,160.53678578025463,158.74525174134598,160.118761930529,1292200
2015-11-13,159.11851501464844,160.3576654795378,158.0883765088612,159.37231362351565,1059100
2015-11-16,164.72459411621094,164.8514934664279,159.80532787705837,159.97701389319877,1516000
2015-11-17,166.00845336914062,168.14337076318853,164.82902236498728,165.76958746681512,2081500
2015-11-18,166.62803649902344,166.74000311635768,164.76185027480741,166.12042792308233,1185400
2015-11-19,167.21029663085938,168.3076151137232,166.83705936159404,167.56860122007075,1410700
2015-11-20,168.74801635742188,169.43477150091755,167.92690127707328,168.2926664764817,1321200
2015-11-23,168.7256622314453,169.95734083324896,168.3076382548404,169.0765062240171,939900
2015-11-24,169.0242156982422,169.44225098641456,167.59098602397052,167.9269086614676,1234300
2015-11-25,168.55392456054688,170.12898602597292,168.19562003195722,169.06152169352427,2156400
2015-11-27,169.87744140625,170.11806569231217,168.67428555350543,169.59168930954064,972800
2015-11-30,164.8015594482422,168.20045169908602,164.32781521839823,168.14030426513807,3000800
2015-12-01,165.5836944580078,167.76441306176463,164.95955834766423,165.47841917880197,1267200
2015-12-02,164.6361846923828,166.14763907791328,164.51586683281968,165.62126278500287,1307400
2015-12-03,162.019287109375,165.25274545471427,161.440267618946,164.8842878941916,1776500
2015-12-04,164.22264099121094,165.35811096001837,162.42543410063732,162.42543410063732,1701600
2015-12-07,164.77903747558594,165.14749509158392,163.5909245967947,164.18497529911983,1537800
2015-12-08,164.53842163085938,165.26783286259143,163.40295197408778,163.6962195794337,844400
2015-12-09,163.5834197998047,165.62877750539687,162.88409375867087,163.9443733766569,1194900
2015-12-10,164.59103393554688,165.2452435145965,163.17732806674604,163.86913840331192,1119200
2015-12-11,163.3277587890625,164.8016239284977,162.95177407201857,163.58342564285806,1801900
2015-12-14,162.86155700683594,163.60601094856133,161.46289326653448,162.41789775203478,2026500
2015-12-15,161.55311584472656,163.35784943111378,161.4628831813574,163.17737263023204,1539800
2015-12-16,163.55331420898438,164.01201591699586,161.48539874197422,162.4253603178879,1352000
2015-12-17,161.8388671875,164.5083610502915,161.79375085601708,163.82406609175172,1282300
2015-12-18,159.55287170410156,161.80126448057948,159.30473188391963,160.73346924308981,2058200
2015-12-21,162.02685546875,162.11708812944218,160.5605173617867,160.77106788616385,1066800
2015-12-22,163.61349487304688,164.10227036783033,162.10955615169243,162.54569975778224,895200
2015-12-23,163.876708984375,164.19254627423697,163.31273185470505,163.92935235740003,742400
2015-12-24,164.35043334960938,164.68130172775628,163.54583204288184,163.92933231347428,524400
2015-12-28,164.23765563964844,164.50836510936875,163.50071729343315,163.9895043362262,612900
2015-12-29,165.78672790527344,166.4484647821926,164.53094013140716,164.95204124430308,768300
2015-12-30,165.2828369140625,166.3656744271391,165.14747648785806,166.1325543305726,633500
2015-12-31,163.29013061523438,165.39564697211046,162.2599363351718,165.11742199992213,1157800
2016-01-04,160.32740783691406,162.25244774927137,158.95881796145017,160.92145864028097,1875200
2016-01-05,164.12484741210938,164.63619260275027,160.93650429949267,161.3651209178342,1349300
2016-01-06,163.65113830566406,166.18527204016098,162.6209322105079,163.80152992218365,1787100
2016-01-07,160.3875274658203,162.56824532734032,159.5227673576868,160.77855471584132,1810100
2016-01-08,160.101806640625,162.68858319524546,159.6957367418119,161.68093548561373,1764600
2016-01-11,161.93663024902344,162.77883238523106,160.34244716730305,161.72607971497155,2550100
2016-01-12,163.89927673339844,164.0045520040889,161.30497278755513,162.4479696365829,1354800
2016-01-13,161.2222442626953,165.1475256797372,160.96657740543648,164.87681622083284,1374100
2016-01-14,162.74122619628906,163.27512955180126,159.6205575837066,161.23728730364343,1920700
2016-01-15,162.41786193847656,163.18486240418358,159.40998457734344,159.40998457734344,2809100
2016-01-19,161.89151000976562,166.0198267312446,160.2973383276723,162.94427420337811,2918100
2016-01-20,158.21435546875,162.57578023667145,156.12388147716442,160.20708124180373,2459700
2016-01-21,158.50759887695312,159.41748675089852,156.97358660023616,158.8159090343689,1562900
2016-01-22,159.44757080078125,160.70336967216494,158.67304331310567,160.70336967216494,1517900
2016-01-25,158.67308044433594,159.9815115081615,157.91359537820878,159.29721650772805,1792100
2016-01-26,157.86093139648438,158.83097835268705,150.74730726366317,151.46919146562828,4440800
2016-01-27,156.30433654785156,159.14677953647274,155.65764250168087,157.8308332834392,2694800
2016-01-28,155.40200805664062,157.4849551552154,155.03353889837533,156.77811351610922,1862900
2016-01-29,158.66552734375,158.70312810477347,154.99591337137315,156.2817859638712,2595900
2016-02-01,157.76316833496094,158.92119605898793,157.06383088882055,157.35709846968163,1673100
2016-02-02,158.2519989013672,158.65054186860536,156.13896617623587,157.53763008126927,1574600
2016-02-03,160.1093292236328,160.65074812969303,158.01133956825663,159.41751872680985,2231200
2016-02-04,158.0714874267578,160.4552289695063,157.3721499411912,159.79349224753224,1628200
2016-02-05,159.37240600585938,159.84615042792535,157.59024209297212,158.16925030422706,1892400
2016-02-08,161.31997680664062,161.78619411188478,157.3871804878684,157.40973864946787,2502100
2016-02-09,162.41038513183594,163.4255486448443,159.59802627282193,160.2597516945131,1983100
2016-02-10,160.88385009765625,163.508227422317,160.6356988198967,162.43290521869235,1738000
2016-02-11,155.79299926757812,159.98147391599844,153.13854846789027,159.16934566798852,2649700
2016-02-12,154.9658966064453,157.85345711779723,154.56735363621866,156.64278560235059,2331700
2016-02-16,157.16162109375,157.53009026911127,155.54489130373491,156.04870947771238,1548300
2016-02-17,159.9739990234375,160.1469487994208,157.23683044315538,157.9135984181469,1237700
2016-02-18,161.0718536376953,162.04941621596132,159.41752314516845,159.60551550736793,987100
2016-02-19,160.63572692871094,161.4779406026416,159.94391633972305,161.30497934978632,1233300
2016-02-22,161.68092346191406,163.01191240482072,160.63568653957785,160.63568653957785,974000
2016-02-23,161.7862091064453,162.22987976535117,160.82368920852258,161.54558486903576,1282900
2016-02-24,162.8991241455078,163.16983357077805,160.54545640563427,160.60561533059897,1301600
2016-02-25,165.45582580566406,165.53854289845057,162.71114209126648,163.177359446531,1489300
2016-02-26,164.5921173095703,166.49381727214242,164.4936189741734,166.0922631428377,1210200
2016-02-29,163.49346923828125,165.24365238508744,163.44801203773667,164.1602056751598,1248600
2016-03-01,165.26641845703125,165.433102604044,162.8040526753319,164.09962942794195,1159500
2016-03-02,164.5618133544922,165.81951693022893,163.48595020106228,165.23612235772774,1188600
2016-03-03,165.5618896484375,165.63764780730992,163.30408148248844,164.0162752287384,875200
2016-03-04,165.7134552001953,165.98621006798328,164.834577119452,165.09975963788207,935500
2016-03-07,163.5314178466797,165.45585819944688,163.12229132144225,164.78912150263446,1017800
2016-03-08,163.15255737304688,163.81172157939776,159.78858521099045,162.0994229854514,1843800
2016-03-09,163.96327209472656,165.1073210573265,163.45564726122177,164.22087068590727,988200
2016-03-10,164.076904296875,165.56190539420558,163.40259534634913,164.36481538614578,1367600
2016-03-11,164.44813537597656,165.84221030161748,163.62229864336885,165.1679014416515,1336400
2016-03-14,164.10719299316406,164.7966465403346,163.36468677184888,163.36468677184888,934500
2016-03-15,164.44813537597656,164.6527043625025,162.75099314421655,163.15254720909317,1012300
2016-03-16,165.31192016601562,165.88015857628747,163.87237592348964,164.51638407946706,882600
2016-03-17,166.11497497558594,166.63775599400003,164.72847231482913,165.3800526106902,1299100
2016-03-18,167.37271118164062,167.5090828336208,165.4482708686598,166.68324588994912,2114600
2016-03-21,167.6378631591797,169.10013566240727,166.99386671855598,166.99386671855598,1149700
2016-03-22,167.23631286621094,168.75161496473171,167.06205636191558,167.4787667511763,925300
2016-03-23,167.6378631591797,168.60765555516141,167.15296696118884,167.35753597683978,781900
2016-03-24,165.16790771484375,167.8196860497151,164.51632743298478,167.47874543311315,1319200
2016-03-28,165.9710235595703,166.34227670554233,165.42551392341562,165.7816108125954,994000
2016-03-29,167.25901794433594,167.3802448697655,165.49368986058911,165.92555644711848,748500
2016-03-30,168.92587280273438,169.60775408145116,168.03941095523098,168.1985227527112,950900
2016-03-31,167.81973266601562,169.20623568211457,167.50909291447033,168.69102687944928,1105200
2016-04-01,169.0395050048828,169.31225981107173,166.05435839293645,166.65290912135694,957800
2016-04-04,169.81231689453125,170.39569982205728,169.01678105782545,169.12285173199714,1007500
2016-04-05,170.94117736816406,172.00946781808278,168.81976428286566,169.73651531740512,1437300
2016-04-06,171.70648193359375,171.8731661096258,170.70637687740148,170.70637687740148,1276100
2016-04-07,171.59283447265625,172.29745607538254,170.95641026175727,171.22916514654818,1063200
2016-04-08,171.45640563964844,172.744409892469,171.07758017935794,172.43377024043028,582600
2016-04-11,170.20626831054688,171.76703885960012,169.79714191552117,171.26698649614136,1140200
2016-04-12,171.21397399902344,171.888282943352,169.8501998529552,170.28206648289228,682400
2016-04-13,171.51707458496094,172.10804156932025,170.41847114606082,171.9868146082108,808500
2016-04-14,170.8048095703125,171.82763128189015,170.6153968577054,171.82763128189015,774300
2016-04-15,171.08518981933594,171.16853190119997,170.18358317758117,171.13064703474575,1134600
2016-04-18,172.0928497314453,172.46410288777736,170.69877464940825,171.08517250211855,824200
2016-04-19,171.6155242919922,172.66108637416437,171.4488401466941,172.1080043797681,721100
2016-04-20,171.66856384277344,172.8353412883622,171.27458208831993,171.98677587338855,887300
2016-04-21,171.28216552734375,172.22164535967687,170.96394193676485,171.4639943667183,996700
2016-04-22,171.85800170898438,172.6459537722157,170.92609408592273,171.68374519169217,1037300
2016-04-25,171.45640563964844,171.979186624583,170.729055669123,171.2594090013626,986300
2016-04-26,175.8962860107422,175.94174322800563,172.63081154781366,172.63081154781366,1918300
2016-04-27,177.02513122558594,177.73732493365011,174.22940906728388,174.32789582462107,1405700
2016-04-28,176.32054138183594,177.65400297794545,175.69926201356108,175.92655962538936,1034900
2016-04-29,176.06289672851562,176.509907926233,174.88096332940955,175.85075542923167,952200
2016-05-02,176.71453857421875,177.13882132091285,176.10083150042433,176.33571304169365,1008100
2016-05-03,177.82069396972656,177.91919230284017,175.29771465904005,176.03263708110958,1166400
2016-05-04,178.813232421875,179.06325867283664,176.60089259132621,177.17671482778522,1382900
2016-05-05,180.42701721191406,180.44217346966525,178.3813617273202,178.88141418557393,1198900
2016-05-06,182.03323364257812,182.2150740530148,180.16183465986938,180.32094646410613,1140800
2016-05-09,182.07872009277344,183.35156840689154,181.47259689331025,182.033251315122,1498800
2016-05-10,185.1395721435547,185.28352766254437,182.81357835953207,182.82873461438234,1141400
2016-05-11,183.22274780273438,185.23810229327233,183.06363600154998,184.84412052530288,1006700
2016-05-12,185.57904052734375,185.90482491294796,182.97271919916213,183.3742733102188,969300
2016-05-13,183.44252014160156,185.24573384743834,183.124307998367,183.6395168689664,1198700
2016-05-16,184.08648681640625,184.85929416756767,182.5257274160413,182.75302505589326,921200
2016-05-17,182.9954071044922,184.51070878982617,182.04077120463214,184.1091547680794,1016100
2016-05-18,183.0332794189453,184.25309765450123,181.93468808451098,182.51049852358798,738000
2016-05-19,180.99522399902344,182.6469089814225,180.16180338026678,181.5937631264321,1360600
2016-05-20,181.88931274414062,182.06356926740418,180.61645283119444,181.44987370043532,1009000
2016-05-23,181.47251892089844,182.2301697044817,181.10883822097836,182.16197234772577,849600
2016-05-24,182.57119750976562,183.16216447856254,182.06357262943183,182.13933080750073,741200
2016-05-25,182.4727020263672,183.01821178472005,182.21510340737814,182.8212266456412,737300
2016-05-26,183.0030059814453,183.35153050636578,181.91957066856355,182.28323988873217,648700
2016-05-27,183.15562438964844,183.7125223031461,182.48431341666813,183.08696956974524,794100
2016-05-31,180.21092224121094,183.55226217952693,180.1498918724343,182.8885758346542,2546000
2016-06-01,181.6222381591797,182.00366926797156,179.54725199612363,180.2109384005083,972700
2016-06-02,181.4315643310547,181.75196513928432,180.63818092370443,181.6604253770348,921400
2016-06-03,182.2630157470703,182.81990183364087,180.21091478819204,181.24078330313202,1516700
2016-06-06,182.6292266845703,183.3692040335117,181.95791578806572,181.95791578806572,1154100
2016-06-07,182.7055206298828,184.12444497178754,182.6368658166507,183.23952191116848,993000
2016-06-08,183.3768768310547,183.65913220860017,182.49957804189802,182.52246298384188,918900
2016-06-09,183.5980224609375,183.75059255473752,183.08690624451378,183.12505167805182,894100
2016-06-10,183.5294189453125,184.3838210216054,182.8886173880928,183.0945818341136,760200
2016-06-13,181.5230712890625,183.62094249077344,181.49256192061165,183.0945656722511,1073000
2016-06-14,182.85804748535156,183.17844817829504,180.9890376230053,181.39335361460198,1220000
2016-06-15,182.66738891601562,183.53705153671694,182.4995582663754,183.17088086493635,854200
2016-06-16,182.9877471923828,183.43020865314327,181.62985344469004,182.36220625844774,1212300
2016-06-17,181.22552490234375,183.25474095244505,180.53895364465941,183.25474095244505,1455700
2016-06-20,182.04940795898438,182.93433077350576,181.45437646240836,182.47660886520805,1067000
2016-06-21,181.98080444335938,182.97252776388424,181.79771330037855,182.6978968695905,928300
2016-06-22,181.69091796875,182.53007117971492,181.5917421419027,182.2859496491232,1001700
2016-06-23,183.08688354492188,183.08688354492188,181.6984690906713,182.92667740006584,755800
2016-06-24,182.85804748535156,185.27631900427298,179.0818823266617,179.1581731946563,3471200
2016-06-27,182.5452880859375,183.0640404274465,180.0888825464571,182.15623256007063,1868200
2016-06-28,183.78114318847656,183.8192886281647,181.2942048611978,183.17085107452792,1994700
2016-06-29,186.1994171142578,186.66476354671735,184.35329188853333,184.6126622566966,1190000
2016-06-30,189.3195343017578,189.73911089196454,186.64951626998482,186.73343158802618,2045600
2016-07-01,190.2196807861328,190.65450615642638,189.3194974007517,189.3194974007517,1427800
2016-07-05,190.34176635742188,191.0054644671508,189.51024925251673,189.80014064849846,1327600
2016-07-06,190.776611328125,191.72256480014198,189.09831654387673,191.44029782490125,1387400
2016-07-07,190.54010009765625,191.64624798945027,189.65517712807957,190.89101020053252,961300
2016-07-08,192.16497802734375,192.4701298828275,189.57125127767375,191.3105761126954,1082800
2016-07-11,194.0645294189453,195.5521084945259,192.18025870975848,192.53118047032444,6337100
2016-07-12,194.301025390625,195.5826401070073,193.78990904670778,195.0181178147448,4167000
2016-07-13,195.21640014648438,195.62835218518052,194.46879857300993,194.60611979935913,4781700
2016-07-14,195.292724609375,196.77267915051198,194.30100141414732,196.20053249638295,3323800
2016-07-15,196.0403594970703,196.52857925628248,195.3690369575327,196.13951203888922,3460700
2016-07-18,195.51397705078125,197.03970158573918,194.75873921544948,196.6506343794981,2345800
2016-07-19,197.55076599121094,200.91499069858193,192.31754307799216,197.23037694138748,4980000
2016-07-20,195.80386352539062,198.20687495152552,195.20882026255825,197.82544382735463,3361600
2016-07-21,193.87380981445312,196.42939134223496,191.93614484054757,196.42939134223496,2733400
2016-07-22,196.2920684814453,196.42937808844013,193.0422797386818,194.22471846266808,1864500
2016-07-25,195.00283813476562,196.26919222133475,194.316266788741,195.9182821166035,1295200
2016-07-26,194.3468017578125,195.64366538245056,193.63734538281864,195.0028638230325,2121500
2016-07-27,193.8890380859375,195.29270158489442,193.02700017043526,194.8883855948726,2593300
2016-07-28,194.18655395507812,194.44592428083257,192.27939866508592,193.91954755833837,2716000
2016-07-29,192.79815673828125,194.38491147977987,192.7752718039616,194.1484260649078,2178300
2016-08-01,194.40786743164062,194.47652225967937,192.47020189583893,192.72194790567175,2782400
2016-08-02,196.0556182861328,196.40652843839615,192.79819288643725,193.8967165011588,4770800
2016-08-03,195.94117736816406,196.6277487503358,194.3391619559575,196.44466925661234,6827200
2016-08-04,196.62779235839844,197.41353973416952,195.399595014433,196.55150145885764,5720200
2016-08-05,198.5654296875,198.5654296875,196.53621322587037,197.68814272028237,4418100
2016-08-08,198.48916625976562,199.7707694820625,197.42116357451826,198.3442205438343,8743400
2016-08-09,198.84767150878906,199.32827843822358,197.718627028224,198.67220481497256,9900300
2016-08-10,199.3358917236328,199.94619547708896,197.63472384751043,198.20687052097747,9565300
2016-08-11,200.28187561035156,201.44905400307528,198.45862353087517,199.48849229638665,12648900
2016-08-12,201.5100555419922,202.41786346780594,199.61817209111956,200.243701433036,13962300
2016-08-15,203.30276489257812,203.63079003280282,201.54819124331084,201.5634401054008,9143800
2016-08-16,195.88015747070312,202.95951915623024,194.1026984365178,202.33398972179725,7884400
2016-08-17,195.0181121826172,196.43703648458603,191.8980082608772,195.82675597478166,4381100
2016-08-18,194.85025024414062,195.2850872598842,193.84327825246777,195.0180808494782,2596300
2016-08-19,193.85853576660156,194.52985821791367,192.77527285493633,194.3238821675605,2412700
2016-08-22,193.9196014404297,195.61316838009398,193.57631572091685,194.04928663934095,3791000
2016-08-23,190.52484130859375,194.71295912788662,189.29663265676604,194.71295912788662,10627900
2016-08-24,189.28134155273438,190.52481050738487,186.74864541999358,189.76957283376584,10559900
2016-08-25,189.5941619873047,190.86051616892996,187.66412134534718,188.89233008480693,4383900
2016-08-26,186.4740753173828,190.56301799261252,185.87140754027686,189.95272578250922,4697100
2016-08-29,186.36724853515625,187.72514239823252,186.16889690189188,186.90124977787937,1637600
2016-08-30,183.90948486328125,186.87415695711783,183.44866210870757,186.36724137953004,1887400
2016-08-31,186.61306762695312,187.11229532729612,183.25669362919197,183.5639088725553,2890200
2016-09-01,187.10458374023438,187.28123188585815,185.79121362575012,186.73592317386488,1337100
2016-09-02,186.88182067871094,188.17213828731823,186.06767831765424,187.2120763572809,1492700
2016-09-06,186.6361083984375,187.78050686237344,186.06774730610167,187.5884944051734,1599800
2016-09-07,185.38412475585938,186.63604933083093,185.21515290943964,185.9908904915047,1245900
2016-09-08,185.58383178710938,186.06001879704945,184.3319071673555,184.7082556968447,1249600
2016-09-09,182.74977111816406,184.82350323234485,182.71136628429758,184.4394783326999,1574200
2016-09-12,183.41021728515625,183.94784957466766,180.70667984710687,181.6437011457574,1822000
2016-09-13,182.34266662597656,183.3488097725285,182.02776346300016,182.5423553120188,1609000
2016-09-14,182.34266662597656,183.5715390100561,181.9586418085441,182.34266662597656,1494500
2016-09-15,183.6329803466797,183.94020722557013,181.79734222852252,182.3426626138611,1267100
2016-09-16,182.37335205078125,183.28733283400769,182.21974449416038,183.11836100587314,2892900
2016-09-19,185.0077667236328,185.7834924971513,183.62527528411528,183.79424711113992,1456600
2016-09-20,184.7006072998047,186.05238240933534,184.7006072998047,185.36881857581477,1007900
2016-09-21,187.2659149169922,187.30430803283082,184.8081460887828,185.2075352812934,1660200
2016-09-22,189.41636657714844,189.73126968921434,187.97244146630717,188.13372530062986,1173000
2016-09-23,188.81735229492188,189.3549847890257,187.89569491652824,189.00168845840435,858800
2016-09-26,188.5792236328125,190.0769180588057,188.17983454604524,188.71747865956192,880700
2016-09-27,188.77891540527344,189.72362489824812,188.40257858306276,188.97092781481192,946500
2016-09-28,188.74819946289062,189.67754468600535,188.0646357505032,189.0400620770024,1352500
2016-09-29,186.12913513183594,189.00164482214868,185.06923466516983,189.00164482214868,1134100
2016-09-30,184.11688232421875,186.99706881345608,182.28124393719187,186.682165611284,2167000
2016-10-03,184.77740478515625,185.330401526328,182.4425270514291,183.3411555454648,1338300
2016-10-04,182.1045684814453,185.13836211807907,181.64373402444727,185.06924046538148,1409600
2016-10-05,181.72052001953125,183.60223898823682,181.64371038019408,183.60223898823682,1172100
2016-10-06,180.27662658691406,182.04314324145614,180.09229043982424,182.02777896598823,1899700
2016-10-07,179.36260986328125,179.71591781166106,177.85723931332984,179.10915210630344,2183900
2016-10-10,179.17828369140625,180.43788455020413,179.04771666744932,179.58536075604533,990000
2016-10-11,178.07232666015625,179.4394541811282,177.9110310674536,178.95557912252852,1060700
2016-10-12,178.26431274414062,179.0477148800617,177.70362811100273,178.13373400198054,1256000
2016-10-13,178.94789123535156,179.27814695775834,177.45787304703376,177.92638379986042,1112000
2016-10-14,178.62533569335938,179.7927628734207,178.13377260342733,179.24745411472963,1081000
2016-10-17,178.7789306640625,179.97708631231987,178.648363622343,178.7097972847336,793300
2016-10-18,178.7942352294922,184.02466208933748,178.6329513998678,179.94630946197256,867900
2016-10-19,178.44093322753906,179.52388578355033,177.86489613002303,179.0169703250551,992400
2016-10-20,178.05694580078125,178.73283322038088,177.20441024906162,178.3027155864038,922800
2016-10-21,177.0508270263672,177.54237838474606,175.4993632904335,177.4732567217339,1553000
2016-10-24,178.3104248046875,178.56388261720255,177.35803893822262,177.8035091796574,1304900
2016-10-25,191.44403076171875,191.85109609447755,183.28734811424164,185.1613909319648,3130700
2016-10-26,192.08151245117188,193.54848992958955,190.08459061852272,190.93712610246902,2112300
2016-10-27,190.88339233398438,192.9648121920765,190.51473175687698,192.22747931835326,1294400
2016-10-28,190.47633361816406,192.14300013098193,190.23824007626277,191.0293303630033,1119000
2016-10-31,189.23207092285156,191.09842589181164,188.6944268081402,190.66064369839805,1320900
2016-11-01,188.15679931640625,189.85419419354344,187.58076208092416,189.85419419354344,1081000
2016-11-02,188.2566680908203,190.20750923083793,187.5577400301432,188.13377732244678,953800
2016-11-03,183.3334503173828,186.94328135223302,182.1122541785295,186.2904461771421,1695100
2016-11-04,181.47479248046875,184.10152119724287,181.4210350925614,183.4486859468875,1512200
2016-11-07,183.771240234375,184.27046781145856,182.42715336737288,184.2013461566945,1376000
2016-11-08,183.70977783203125,185.03850030166882,183.25663140011818,183.56384653915944,1259300
2016-11-09,194.66989135742188,197.75745457941687,192.01243411271793,197.07387906324703,4184300
2016-11-10,197.5960693359375,198.30268512798364,194.13985860438683,197.77272914370118,2627400
2016-11-11,199.05540466308594,199.48551051970853,195.89870894361138,198.12604786662354,2002900
2016-11-14,205.25355529785156,205.69134916896758,200.3073142952748,200.6375934171238,2455100
2016-11-15,204.24740600585938,207.17367284173366,201.1137742348091,206.4440398512179,2014600
2016-11-16,202.26588439941406,204.4317900847237,200.8142592787228,204.20136112132005,1464200
2016-11-17,202.2120819091797,203.12606273669968,201.52853000701614,202.381053745503,913500
2016-11-18,202.066162109375,203.1183862885229,200.90639973781128,202.10457865195772,1197100
2016-11-21,202.3196258544922,203.01853032930237,201.7205481339317,202.80347738958866,965500
2016-11-22,203.27200317382812,204.0247001947864,202.31962920205416,203.14142443301415,1244700
2016-11-23,203.07229614257812,204.16293681572506,202.427137333862,203.46400891319624,1038000
2016-11-25,204.23974609375,204.67751652241026,203.26430816693485,203.79426423011463,653000
2016-11-28,204.24740600585938,204.47783492839977,203.42558738292053,204.09381016317732,1364900
2016-11-29,206.1575927734375,207.07787205572458,203.93810401046352,204.54905107361597,1209500
2016-11-30,205.12904357910156,207.21707721408825,205.12904357910156,206.90772141591697,1468000
2016-12-01,206.01844787597656,206.11898618223395,204.4021647999116,205.16004898508606,874900
2016-12-02,206.96182250976562,207.37169290544813,205.71675297590104,206.1575400652177,1091000
2016-12-05,206.42825317382812,208.7250807343734,205.9487847269355,207.99041971432413,1270300
2016-12-06,205.70907592773438,206.32774040008428,204.1701321224017,205.5775973370782,1145900
2016-12-07,206.0029296875,206.4823981468116,204.4330457317535,205.76319545784423,1269400
2016-12-08,200.4889678955078,206.0029016276004,199.99401755296878,206.0029016276004,2767300
2016-12-09,200.70556640625,201.23917458825406,199.5687520533551,199.98636358721456,1545300
2016-12-12,195.74066162109375,196.19693072644023,189.8555264987551,194.71211499022127,7080300
2016-12-13,194.64256286621094,197.58899570869676,193.42840955721806,196.94712006002953,2519200
2016-12-14,195.1142578125,197.07081281891342,194.94412156844086,195.121986987133,1844900
2016-12-15,193.83824157714844,195.89533491450155,193.65264697846615,195.1451919441154,1855600
2016-12-16,193.39744567871094,195.4931967239197,192.5854338957696,194.32545408767228,2138100
2016-12-19,195.0214385986328,195.23798528005625,192.9798155761011,192.9798155761011,1045600
2016-12-20,196.22012329101562,196.2587927630767,194.9595834637403,195.0214404587187,900200
2016-12-21,195.28439331054688,196.81560770096303,195.09878691766414,196.81560770096303,819600
2016-12-22,195.50094604492188,196.04228332323626,194.18626642608191,194.88999898775677,831100
2016-12-23,193.01853942871094,194.78950024887817,191.02331448997018,191.92039456480296,2086400
2016-12-27,194.0006561279297,194.68893032519176,193.49024736134862,193.93878732589556,788800
2016-12-28,193.01077270507812,194.10891735535927,192.19103175488706,193.67584755527847,1007700
2016-12-29,193.79188537597656,194.82043226994776,192.91027543832547,193.48255311023811,900900
2016-12-30,193.2891845703125,194.35640076578488,192.39210463209707,193.7454537146528,1058100
2017-01-03,195.89540100097656,196.51407740592126,193.92337512283385,194.263647735567,1667700
2017-01-04,196.42123413085938,197.12496672410805,195.91855450680384,196.50630226414458,1077600
2017-01-05,197.96014404296875,199.53775702644336,196.50626865042796,196.71506255982936,1279200
2017-01-06,199.40631103515625,199.96311841914982,197.57348181273304,197.57348181273304,1246000
2017-01-09,199.3754425048828,200.28798105697268,199.08156855747106,199.5223794785887,1067100
2017-01-10,198.10708618164062,200.26469397543417,198.10708618164062,199.6460296418328,1146400
2017-01-11,197.3028564453125,198.74900300235643,194.65802677080757,198.20765386524772,1613000
2017-01-12,195.3616943359375,197.4574567993849,194.34861798580894,197.13265450546874,1153300
2017-01-13,196.8388214111328,197.9369660986811,194.89773641980176,195.454543838878,1162000
2017-01-17,196.52175903320312,196.6918952984037,194.92867564111404,196.01136203786942,1431000
2017-01-18,196.48312377929688,196.99352083288142,195.60924302651077,196.50632310899303,925300
2017-01-19,198.77215576171875,199.0892289133926,197.34920886675246,197.64308269515908,1076500
2017-01-20,199.31353759765625,199.58418854683777,198.05298575795587,199.49139123848568,1184400
2017-01-23,199.1201629638672,200.86790032973963,197.21773591377882,199.63828903409018,1606300
2017-01-24,195.58604431152344,196.0036440476359,192.5777426153515,193.62948883253668,2985000
2017-01-25,194.1089324951172,196.68416397174192,191.78890541350225,195.70201586978325,2329900
2017-01-26,197.1791229248047,197.1945930776843,192.98760831488946,193.3356100529309,1956700
2017-01-27,196.0422821044922,200.38846225514126,193.43612220920843,197.18682545727978,2597200
2017-01-30,195.52413940429688,198.19216803763626,194.78946656327113,196.68415287968506,1537400
2017-01-31,194.36412048339844,195.26892955281906,193.30464531497947,195.12973360380064,1276300
2017-02-01,194.03158569335938,195.31533679200928,193.32011216646447,193.97745786644967,1210400
2017-02-02,194.8590850830078,195.01375120264532,193.59853319743843,194.0316030525309,1045700
2017-02-03,196.78469848632812,198.33137137751845,194.49559995085238,195.40040907932323,1803700
2017-02-06,197.44203186035156,198.80312193728562,196.5140234080669,196.76148682188455,980800
2017-02-07,198.26173400878906,198.98093658330086,197.65079886915854,197.97560117380246,977800
2017-02-08,198.5479278564453,199.37540992038444,198.28499426240202,198.69486480613685,973400
2017-02-09,199.677001953125,200.3266066877178,198.54790514250234,198.54790514250234,869300
2017-02-10,201.4943389892578,201.78049548198206,199.52232544541846,199.8935382680213,748800
2017-02-13,202.88633728027344,203.47406132242347,201.8577789055803,201.88097822828976,906700
2017-02-14,203.04879760742188,203.51280781083747,202.4997310603254,202.7626646688017,824200
2017-02-15,203.7447967529297,203.9768136499429,201.8965205562469,202.6157233758563,1063800
2017-02-16,205.19090270996094,205.24504233525673,203.18023160416388,204.10051083205548,858500
2017-02-17,205.20643615722656,205.26829317270617,203.77574781865738,204.7114856312294,882100
2017-02-21,205.44615173339844,205.76322496013867,204.3093374231006,204.78880595115828,957300
2017-02-22,205.6471710205078,205.7244863611403,204.3247388480409,204.9356858025444,712700
2017-02-23,204.81973266601562,205.94880592496392,203.9845096850123,205.94880592496392,1008300
2017-02-24,205.70907592773438,205.70907592773438,203.52824472181527,204.60320197315397,929200
2017-02-27,209.74256896972656,210.2409292453493,205.72465212236622,206.34757870376876,1499700
2017-02-28,207.57781982421875,210.02285481472833,207.47661269417384,209.96057167599912,2049400
2017-03-01,208.97952270507812,210.24096469112408,208.1619046956236,209.53237192151545,1125600
2017-03-02,207.89712524414062,209.46225977079183,207.29755781364847,209.46225977079183,954200
2017-03-03,208.49673461914062,208.94055856095045,207.3209350452931,207.95945029487442,771100
2017-03-06,208.46556091308594,209.05735779553038,207.74917396259391,208.2397399295544,778300
2017-03-07,209.49346923828125,209.7582142951159,208.13856672454452,208.14636103193538,884000
2017-03-08,208.46556091308594,209.50118169423803,208.14630331930013,209.46225769434065,818000
2017-03-09,209.2130889892578,209.46226913896766,208.32541738021612,208.68359899346964,729400
2017-03-10,209.19757080078125,210.1631143923543,208.1152076508263,210.1631143923543,687200
2017-03-13,209.61012268066406,209.66463526911443,208.68350372947273,209.08063292658792,819100
2017-03-14,208.68356323242188,209.57902899366775,208.20079162704354,209.40772064048934,701600
2017-03-15,209.8048553466797,210.13967775732763,208.4889010914021,208.68356859942395,748500
2017-03-16,208.6368408203125,210.77038900710676,208.00612002402482,210.77038900710676,982200
2017-03-17,211.7826385498047,211.93835826501626,208.9171153851141,209.2908854752351,2127700
2017-03-20,211.82162475585938,213.7994534486266,211.51016147083217,211.92285567019644,1325000
2017-03-21,209.46229553222656,212.59254135682895,208.96393517001104,212.0708456009602,1359600
2017-03-22,209.78924560546875,210.4588902834594,208.61344650444045,209.32980947330864,1021200
2017-03-23,209.8516387939453,211.38562018389197,209.4467388062871,209.78935562781749,803800
2017-03-24,208.23196411132812,210.22535762332956,207.6946798528541,210.108538100346,870500
2017-03-27,208.0294952392578,208.5901386307138,205.60004846398994,206.8536958492166,994300
2017-03-28,209.55567932128906,210.85606875601746,207.14179742210322,207.61679850776713,1021300
2017-03-29,208.8704071044922,209.39992069832047,208.10732580821187,209.39992069832047,814100
2017-03-30,210.66139221191406,210.96506116050784,208.84707777219774,209.11961702968438,562200
2017-03-31,208.37205505371094,210.6068337043928,208.37205505371094,210.6068337043928,1214400
2017-04-03,209.2130889892578,209.69586067736626,208.17746815152134,208.37213568789582,799100
2017-04-04,209.8982696533203,210.27981032431688,208.87821392068463,209.1040348596782,567900
2017-04-05,207.88937377929688,210.98069535287073,207.75698939255872,210.11635909388187,949500
2017-04-06,207.99057006835938,208.52008382450128,207.37543776608902,207.8036968386192,740400
2017-04-07,210.4200439453125,212.06302656141509,208.8237558742004,212.06302656141509,1020800
2017-04-10,209.4856414794922,211.29993257693255,209.32989793533807,210.3889017567035,789300
2017-04-11,210.45120239257812,210.64586995737193,208.82378440247743,209.46229971815248,744400
2017-04-12,209.0806884765625,210.6146693210152,208.7147126274863,210.15525687440848,955400
2017-04-13,208.68356323242188,210.45892990939666,208.68356323242188,208.79258844040945,764000
2017-04-17,210.14747619628906,210.16304104251256,208.61349525237242,208.7848036133269,811600
2017-04-18,209.29095458984375,210.78601168092518,208.85490122226298,210.14749647727965,762800
2017-04-19,209.95281982421875,210.27984795413187,209.2053031927207,209.99953812849205,815900
2017-04-20,211.68142700195312,212.73263616891086,209.9839322434374,210.35767860458105,814600
2017-04-21,212.64703369140625,213.73716717584605,211.79828605840927,211.95402959752687,955500
2017-04-24,215.07643127441406,215.4112774300717,213.596963046106,214.55473568848632,1098800
2017-04-25,210.2565155029297,213.74496649813545,208.4344301155046,213.2777596329456,2963900
2017-04-26,210.5134735107422,212.19540383602748,209.882752609151,210.70034673695395,1477200
2017-04-27,211.128662109375,212.39787465054388,210.19424830802618,210.89504677747274,953800
2017-04-28,209.81265258789062,211.440070126157,209.16634314486268,211.07409425542852,1004200
2017-05-01,209.0184783935547,210.32663889120906,208.97176007314798,209.89058539199092,841500
2017-05-02,209.84384155273438,210.13974005474856,208.68363046517084,208.83157971617794,737100
2017-05-03,209.9294891357422,210.2020284563727,208.83935561634874,209.267614717962,636500
2017-05-04,210.63804626464844,210.79376601931338,209.3532216506971,210.13968601822197,691100
2017-05-05,212.60028076171875,212.65479336784563,210.40442553863156,210.77040140914607,812700
2017-05-08,212.18759155273438,213.35559664385036,211.87612828106168,212.5146434340216,674800
2017-05-09,213.25442504882812,213.52696439851798,212.0085478524823,212.57698570965655,897900
2017-05-10,211.59576416015625,213.1297449089286,210.37327040122025,212.48345930757216,934500
2017-05-11,211.86831665039062,211.99290670149605,210.39664271275765,211.12859441105044,605500
2017-05-12,211.22206115722656,211.56467790588903,210.82493179783924,210.94952186672793,599700
2017-05-15,212.07077026367188,212.1642068576118,211.05848504870562,211.23758769583822,616500
2017-05-16,211.52569580078125,212.7793668282875,211.35438745426245,211.86051818980192,614100
2017-05-17,209.64913940429688,211.52573727997873,209.39218871569284,211.52573727997873,943300
2017-05-18,208.154052734375,209.46221252207022,207.13399702054022,209.1040310056319,1245900
2017-05-19,212.41342163085938,212.48349908775583,208.76922753036487,209.2286637974508,1254100
2017-05-22,215.71495056152344,218.64275738488777,215.0842297584446,218.64275738488777,1601200
2017-05-23,216.75054931640625,216.9530111014781,214.99077144158287,216.47023954918706,874700
2017-05-24,218.06649780273438,218.4636270592343,216.55587628312568,216.64154232966004,871700
2017-05-25,219.63165283203125,219.84188517207417,218.46364786110442,218.80626455362605,834300
2017-05-26,220.86978149414062,221.14232079704408,219.22679889733678,219.61613396916255,854600
2017-05-30,219.506103515625,221.6612743270086,219.22398354391112,220.86973121206773,902200
2017-05-31,220.3211669921875,220.43871698593122,218.8634753200237,219.02022458940237,1506600
2017-06-01,220.1879425048828,220.76789570725728,219.04374929465573,220.36035714614297,829300
2017-06-02,220.81492614746094,221.70050939595694,220.02338290471965,220.43874220785864,748500
2017-06-05,219.5374755859375,221.23808802250824,219.50612094773055,220.61113875785736,622500
2017-06-06,216.99049377441406,219.39645445566745,216.86509911595354,219.07513512772218,890800
2017-06-07,217.38230895996094,217.75064823738512,216.4888811275178,217.405818959942,658900
2017-06-08,217.5703582763672,218.40892135173337,216.82585910424143,217.38227830304336,1116400
2017-06-09,217.08450317382812,218.80080494979254,216.77884925257695,217.6017470983116,1021700
2017-06-12,216.99835205078125,217.26480674803437,214.67076587437225,217.08454743081,835900
2017-06-13,218.15028381347656,218.60484229682422,215.89325242170548,217.00609080064717,638500
2017-06-14,219.6707000732422,221.25378649463389,217.8682029250278,217.94657756551155,828900
2017-06-15,220.16441345214844,220.66599197116633,217.68792332680295,219.23965496386188,617700
2017-06-16,220.30551147460938,221.2224493994818,219.9685268020448,221.10489938772488,1287600
2017-06-19,221.23809814453125,222.9465792145464,220.52495348791038,220.8070734949363,1064100
2017-06-20,221.7004852294922,223.33841226206718,221.31645669241024,221.74750522724415,967600
2017-06-21,221.77886962890625,222.58607826834407,221.26947029817867,222.3196236017571,801400
2017-06-22,219.77259826660156,222.343128783538,219.7334229022351,221.57511944255174,694000
2017-06-23,219.9371795654297,220.59548349843223,219.4591109980623,219.4591109980623,1026800
2017-06-26,219.2005157470703,221.9434609441798,219.0359218153032,220.35255368651966,886500
2017-06-27,217.73495483398438,219.60016118574387,217.7349548339844,218.9026819218012,740500
2017-06-28,219.45123291015625,220.15658065340472,218.1581352418321,218.71455444862295,955700
2017-06-29,216.87289428710938,219.31802977788752,215.27414265214665,219.31802977788752,905200
2017-06-30,217.56248474121094,218.58915157011396,216.55153110229534,217.570329377917,1085900
2017-07-03,218.58920288085938,219.8117706652161,217.241240462648,217.3901450955641,462800
2017-07-05,221.3164520263672,222.35093978826137,218.965356522015,219.04373115547614,869500
2017-07-06,220.1879425048828,222.16287819869592,219.74907322105375,221.0029957105292,766000
2017-07-07,223.5108184814453,224.88229083628724,220.61112450743326,220.7365191355798,1197200
2017-07-10,223.8008270263672,225.63467897939816,222.74282907592269,223.7459623814247,1347800
2017-07-11,224.46694946289062,225.509258012249,223.4011069970877,223.80080091133652,915600
2017-07-12,224.4198760986328,226.3085922283806,224.4198760986328,225.0390045692205,812600
2017-07-13,224.73341369628906,225.58764228322076,223.9653804736741,225.01553370668876,705100
2017-07-14,225.80702209472656,226.30857663027732,224.69415985192876,224.96061443590526,887900
2017-07-17,226.08917236328125,227.3195847469086,225.39951385738615,226.09701700157828,1319300
2017-07-18,224.75697326660156,229.60022584595632,224.1613545578411,227.77421826503942,1811000
2017-07-19,227.79766845703125,228.2757130934224,224.9528388888174,225.45439352508714,1139700
2017-07-20,227.013916015625,227.85245508995683,226.4418075989486,227.72706048151093,1150900
2017-07-21,226.58290100097656,227.32742412456142,224.81173478060398,225.9402625065749,1230100
2017-07-24,227.49191284179688,228.24425641815725,226.64552930796285,226.85711921227858,768700
2017-07-25,227.1393280029297,228.89482892375793,227.0531326470263,228.43244967412411,805200
2017-07-26,227.15496826171875,228.04837193124203,226.30856066261745,227.91515660694154,882400
2017-07-27,225.80702209472656,227.65653882464937,224.27097993909507,227.4292835103199,1117400
2017-07-28,227.5939483642578,227.87606842376766,224.59236887048002,225.7600962276831,1086200
2017-07-31,228.94183349609375,230.28195115756193,228.07976041223924,228.38541428966082,1139200
2017-08-01,229.3494110107422,230.66601903646824,228.76163700819464,230.35254435175995,1036700
2017-08-02,230.95602416992188,231.06572955496085,228.95757806822758,229.41213672269689,983700
2017-08-03,231.83367919921875,231.90420918911485,229.46689459422808,230.40734229266627,983600
2017-08-04,232.75851440429688,232.75851440429688,231.22247164561304,232.18640574208627,796400
2017-08-07,232.87603759765625,233.33059618556183,232.44501292801328,233.00143224547216,769100
2017-08-08,235.18789672851562,235.43868595873897,233.01703683447457,233.37755532163717,1009300
2017-08-09,239.20045471191406,239.45124396936157,235.89324611863742,236.0499953836871,1750600
2017-08-10,237.65664672851562,240.6738917093758,237.46072204036352,240.2428430454884,1339600
2017-08-11,238.0485076904297,240.16450399209137,237.13156958195256,237.33533892085617,987800
2017-08-14,241.0499725341797,241.4261564216945,238.44811170775426,239.38071482999672,1203000
2017-08-15,239.96853637695312,241.7553683436324,239.43560311794823,241.35567437852492,1020300
2017-08-16,239.65501403808594,240.4465572500606,239.30236403021289,239.7177233172072,1035600
2017-08-17,236.222412109375,239.53744145377928,236.10483820125216,239.23181147576832,1067000
2017-08-18,234.4826202392578,236.09703737000078,234.1848109578734,235.79138344965924,1204700
2017-08-21,236.5829315185547,236.85723080529036,233.36191791321,235.10957435925016,962200
2017-08-22,238.87127685546875,239.40420997552985,237.43711922209522,237.86032307972124,960400
2017-08-23,237.33531188964844,238.683274612877,237.09236720551303,238.24440525336874,697100
2017-08-24,237.14718627929688,238.28353482812236,236.08918845229388,237.86035483058654,574400
2017-08-25,237.30393981933594,238.77729709660247,237.2334098113712,238.18170239048325,571100
2017-08-28,237.9386749267578,238.12677881803305,237.07662576501272,238.03273883068476,830400
2017-08-29,241.48890686035156,241.52023758555026,238.6362323727173,238.6362323727173,1277600
2017-08-30,241.4730682373047,242.1983652469954,240.84239401393148,241.5676910236222,1273000
2017-08-31,240.7556915283203,241.91455002460953,240.4245719160377,241.91455002460953,982400
2017-09-01,238.23300170898438,241.50467017930424,238.23300170898438,241.2050914269792,1188800
2017-09-05,238.24093627929688,240.0777931954854,238.012306549051,240.01473536922273,1387200
2017-09-06,237.6495361328125,239.6125316551615,237.53915492562874,239.1947046226505,1217400
2017-09-07,238.35910034179688,238.6901959151487,236.6956590514961,237.64958576879013,923400
2017-09-08,238.7927703857422,239.39192799918155,237.70483642815594,237.70483642815594,1161100
2017-09-11,240.03829956054688,240.12500704810938,238.2487186074808,239.42338372408452,917600
2017-09-12,239.44699096679688,240.25899537690177,238.80053431367492,240.01460733512982,640800
2017-09-13,236.66412353515625,238.91880674311074,236.5931504306334,238.91880674311074,1143100
2017-09-14,237.56285095214844,237.60228313041128,235.24508573586564,236.6641389210263,1507600
2017-09-15,238.3196563720703,239.14744338185773,237.3184543953707,238.35119730181808,2025900
2017-09-18,239.5021514892578,239.91997852358534,238.39845970600356,238.76109613649928,1005500
2017-09-19,240.96060180664062,242.2298653449797,239.39178370083448,239.88845099589432,1365100
2017-09-20,242.7344512939453,242.78175065982035,240.63742452499034,240.7320232567404,1265000
2017-09-21,242.8212432861328,243.53075800956847,242.3324670112924,242.89219235260774,875600
2017-09-22,243.23902893066406,245.46217147638805,243.01829051978783,243.32573642197718,1018600
2017-09-25,241.90672302246094,243.57803167952983,240.2196318687168,243.19174544992916,1222400
2017-09-26,244.05892944335938,244.93401600075336,242.9788869466027,243.24692475860408,1025800
2017-09-27,244.49252319335938,245.43066750356763,243.60956950344186,244.15353634074526,973300
2017-09-28,243.7041015625,244.68165372903653,241.69378256556107,243.6095028442774,824200
2017-09-29,244.61865234375,244.67381890298284,243.3572796730051,243.5622596488724,911500
2017-10-02,245.43853759765625,245.47796978062357,243.81452831476426,245.0128432441335,1007800
2017-10-03,246.6446533203125,247.55914770913554,245.41482184605886,245.47790369835144,803000
2017-10-04,246.7708740234375,247.6223108983182,246.32939714708655,246.97585402270238,903700
2017-10-05,248.000732421875,248.5604818553118,246.47134568869603,246.61324383012172,950400
2017-10-06,249.48275756835938,249.48275756835938,247.76414984884315,248.33176627696625,857700
2017-10-09,250.1449432373047,250.96483888320535,248.72591436361373,249.60886780134825,880100
2017-10-10,250.46826171875,250.94917078196434,249.29362046093928,250.94917078196434,941500
2017-10-11,251.1619110107422,251.32745875473793,249.94783808453133,250.42085569748005,706300
2017-10-12,253.18017578125,253.50340418298327,250.91760102779983,250.97279164585538,867700
2017-10-13,251.79275512695312,254.00013985527494,251.59566634554264,253.55077165957363,1095500
2017-10-16,251.43785095214844,252.8017132497474,250.49181568487992,252.06852509120998,588200
2017-10-17,250.9097137451172,251.43003088354357,249.92427008719213,251.24872464804253,741600
2017-10-18,248.7811279296875,251.34328100826187,248.09526310881162,250.95697079959047,1131100
2017-10-19,249.78231811523438,249.96364837031916,246.77079717189056,248.78111623579255,727600
2017-10-20,252.2736053466797,252.2736053466797,249.5932031016084,250.64170468800876,933400
2017-10-23,252.84912109375,253.50344519230129,252.17112324761717,253.1092676715944,1239000
2017-10-24,246.87332153320312,249.90849257974062,244.87089343666972,248.08739476355439,2567800
2017-10-25,246.3057861328125,249.0886787640102,245.4228322414745,246.6447730627567,1658800
2017-10-26,242.72653198242188,247.8744870382492,239.11585410477983,247.10189079706316,1599400
2017-10-27,242.8133087158203,244.68959722346807,242.6162199912133,242.77390059437178,998600
2017-10-30,243.3099822998047,244.7211443400827,242.67141674063566,243.2074923110299,1157300
2017-10-31,242.939453125,244.255992358191,242.92369468784966,243.72780803880437,693900
2017-11-01,241.70960998535156,244.12197398313342,241.41792253038886,243.64106499787698,1016100
2017-11-02,245.068115234375,245.068115234375,241.32342758650424,241.32342758650424,868900
2017-11-03,244.38209533691406,245.84844776692904,243.63317271646196,245.11528358126108,652200
2017-11-06,244.45303344726562,245.91149456531318,243.34934159476518,244.16923728177036,717300
2017-11-07,246.9837646484375,247.0468224677125,244.45312757165001,244.45312757165001,874200
2017-11-08,248.8363800048828,248.88367937947646,246.99160816099095,247.10198940749942,729600
2017-11-09,245.24143981933594,248.37910108626264,244.61076550194466,248.21355328821699,890600
2017-11-10,245.3123016357422,245.7143461057306,244.20071880725345,244.6264129519471,630800
2017-11-13,246.71571350097656,246.97586007214332,244.63444469689867,245.178411586206,702800
2017-11-14,247.3385009765625,247.5434809844375,244.94191899247053,245.96677091447296,605700
2017-11-15,244.89462280273438,247.37004513428315,244.81578248647267,246.8339694776021,754900
2017-11-16,246.47921752929688,246.59746598271562,245.17843642431393,245.24938549636516,635500
2017-11-17,244.1536102294922,246.3058044853185,243.99592956913753,245.64358901747264,692300
2017-11-20,248.0558319091797,248.7811289077849,244.39787816390051,244.54766749993115,901800
2017-11-21,249.86119079589844,250.39726632563406,248.02431050259818,248.52097791287832,858000
2017-11-22,248.22935485839844,249.7981737351211,247.8194188867312,249.36458807390937,685700
2017-11-24,248.978271484375,249.30149990792913,248.3475730754825,248.40276369726388,320900
2017-11-27,249.67198181152344,249.82177115243422,248.37117710796355,249.12012381251745,657800
2017-11-28,251.49313354492188,251.82422916849842,249.25420825603527,249.73509325269623,967200
2017-11-29,252.87269592285156,253.2274411512579,250.95697545473945,251.87936116595486,1190500
2017-11-30,253.15829467773438,254.60210878387025,252.65059445942097,253.55494530845522,2626200
2017-12-01,248.7554473876953,253.56285041938156,246.8197906451437,253.1106629536215,1707400
2017-12-04,247.33547973632812,251.09572017238813,247.20060786233063,250.6356160680402,1365900
2017-12-05,246.0344696044922,249.4932515506755,245.97893270480478,249.4932515506755,1171000
2017-12-06,247.48619079589844,248.35882700882303,246.1217116837707,247.49413155544454,824800
2017-12-07,249.4298095703125,250.17549053192144,247.35928055367003,247.3751378644669,972300
2017-12-08,250.564208984375,251.127446102911,248.66029079340035,251.127446102911,853900
2017-12-11,250.8180694580078,251.66688340496293,250.00888668047645,250.24689158371694,765800
2017-12-12,250.59584045410156,251.3970579246417,249.81839683326896,250.98455015970643,1082200
2017-12-13,252.1031951904297,253.72151220790423,250.92115993958154,251.20676096066205,862400
2017-12-14,251.4844970703125,253.0869572625519,251.01645212618772,252.43644427188138,867600
2017-12-15,256.0936279296875,256.5378748882349,252.61102229039793,252.8172884531676,1929400
2017-12-18,256.04595947265625,256.9820492845896,253.06313855638132,256.70438896148755,1254400
2017-12-19,253.83267211914062,256.33950766747137,253.68194290319127,256.04598999735094,931000
2017-12-20,252.0477294921875,254.85602331285477,251.99219258217437,253.7295246381294,932400
2017-12-21,251.627197265625,253.22174034676826,251.4844088669158,253.06307043067125,868700
2017-12-22,252.2936248779297,253.25351272324212,251.95251111111455,252.50780752484332,542100
2017-12-26,252.67430114746094,253.6738439128353,252.2459118425151,252.55528663358055,516900
2017-12-27,253.41226196289062,253.59473004414608,252.3254426576338,253.59473004414608,574700
2017-12-28,255.52235412597656,255.6809998605399,253.62635239424094,253.72154467690584,721700
2017-12-29,254.68943786621094,256.355375864517,254.66563978950543,255.6176112770062,731200
2018-01-02,252.6982421875,255.93490134271795,251.8732019284687,255.44305833375407,1189600
2018-01-03,254.81622314453125,255.06214453292594,252.76951709055635,253.0471772996033,893400
2018-01-04,259.1874084472656,259.33019687466805,254.6417831645407,254.80045311252232,1443000
2018-01-05,261.53564453125,261.93229529917886,258.6004433743615,258.6083599271638,1241100
2018-01-08,260.3297424316406,262.11467025323554,260.05208215079927,260.9643737510212,1084500
2018-01-09,262.1940002441406,263.2411394802806,260.5360035598171,260.9961076261903,865400
2018-01-10,262.6224365234375,264.75641937033583,261.7974204426556,262.6383180466781,1504600
2018-01-11,262.6859436035156,263.4395655429964,261.9164401390164,263.25712168241853,1152000
2018-01-12,266.7474670410156,266.826801984663,262.6064347627299,262.8602968985512,1428100
2018-01-16,261.876708984375,267.0807883508426,261.7894574525166,266.8269260969394,1374900
2018-01-17,265.6448059082031,266.3429147791319,262.04323619352056,262.9475868965842,1009600
2018-01-18,264.1692810058594,266.4857309990487,264.1613402473363,265.0498336552567,973200
2018-01-19,263.3760681152344,265.668720810719,263.20154083665204,265.15305552651813,1511800
2018-01-22,260.9960632324219,263.93128700125794,260.9722651676855,263.1934985751739,1463000
2018-01-23,260.75811767578125,262.7016911164769,260.60738850895757,261.7814588067862,1066200
2018-01-24,262.1781005859375,263.7567864048443,259.7426843500717,260.89295654123737,1360200
2018-01-25,265.5338134765625,265.90666605787465,261.9560168479908,262.6144704877887,1782900
2018-01-26,273.609619140625,273.77620563834455,265.5496748621353,267.23941053933834,2057300
2018-01-29,278.7819519042969,281.0825208192164,271.42803340117706,277.65545341249856,2881100
2018-01-30,277.9648132324219,279.8131943372421,273.72856360919616,274.89471731701275,2032900
2018-01-31,281.50299072265625,284.41439313872,279.59907231218455,280.25750178473265,1887200
2018-02-01,283.50994873046875,287.00840945872295,280.83652791833055,281.0348531917489,1579700
2018-02-02,279.7656555175781,284.0018817990331,278.86128036273254,281.62197776161105,1958600
2018-02-05,266.9141845703125,280.82075726402104,258.70351016747946,276.568673343927,2947100
2018-02-06,267.810546875,269.73034641455064,259.59195813506005,260.76602840669085,2603000
2018-02-07,274.0300598144531,277.92517206800864,267.993048595705,268.36590117177826,2052900
2018-02-08,265.20062255859375,278.44082357441465,264.9705826058926,277.82204951094513,2627600
2018-02-09,270.84893798828125,273.5937536821474,263.5743544824557,268.2151718863761,2366600
2018-02-12,274.3315124511719,276.4416967515216,269.8017689416904,273.3240285456265,1829200
2018-02-13,277.83795166015625,278.4963811548026,273.3002667879258,273.8476466781326,1279300
2018-02-14,281.35223388671875,281.9313525345631,276.2275144145255,276.7114165730102,1652100
2018-02-15,286.3817443847656,286.3976016939177,281.4156709317314,283.5258551113014,1167600
2018-02-16,286.00885009765625,287.96830482060585,283.87486816097567,286.3817025901893,1084800
2018-02-20,284.54925537109375,287.7066033730455,283.391042210529,284.9141672033964,1102600
2018-02-21,283.2561950683594,287.9525499940283,283.20859892127805,284.7952017163552,1391000
2018-02-22,281.947265625,284.771416793889,281.23329917617093,284.3509680021622,1432700
2018-02-23,284.54925537109375,284.54925537109375,280.70173908709563,282.6135981933635,902500
2018-02-26,284.5571594238281,286.63560476221545,283.2719911017356,285.58844133368024,1156300
2018-02-27,284.13671875,287.42891408845065,284.07324109274293,285.0728084126629,1379700
2018-02-28,281.16107177734375,286.5539090766353,281.14512542486153,285.0860168986789,988400
2018-03-01,270.9897766113281,282.0705963873112,269.3064985492268,281.1771134339388,2307100
2018-03-02,272.6091613769531,273.5106294863847,267.28811853365374,269.2426303290892,1684100
2018-03-05,273.11968994140625,273.454758121282,269.33833488085963,271.1013685495411,1812400
2018-03-06,270.83807373046875,274.41998921249154,269.60156207169587,273.55043837735883,1307800
2018-03-07,272.9920349121094,273.78180533579257,266.53020828990157,268.22943197952526,1351000
2018-03-08,272.65704345703125,274.1887456820696,270.71051687830254,273.7260335706641,1056400
2018-03-09,271.62786865234375,273.2792290262133,269.70527422384816,272.6569804666418,1568600
2018-03-12,265.73248291015625,272.31396878178214,265.68461950600874,272.0347493605372,2283200
2018-03-13,266.01971435546875,267.97422633346616,264.91880715777756,267.0727581398326,1622100
2018-03-14,264.59967041015625,268.34913286905055,261.3288663591856,267.8146257053273,1712400
2018-03-15,265.8362121582031,266.79350464827394,262.2861886003805,264.80710021171694,1877200
2018-03-16,264.37628173828125,266.7296712154732,262.6451651909408,265.9558470732459,4718100
2018-03-19,267.44769287109375,268.22950249758674,263.45891296250176,263.49879102335547,1502900
2018-03-20,267.7269287109375,270.8381723608411,267.4237775240476,267.83064089019797,1153900
2018-03-21,267.62310791015625,270.2237993046754,265.2457871396983,268.25334173523225,1270500
2018-03-22,260.98577880859375,267.6231122388719,259.9008427157686,265.79624482415363,1536300
2018-03-23,268.2933044433594,274.53974723165663,260.6827057828511,260.8661984177065,2898600
2018-03-26,274.3721008300781,274.9066078392564,270.6545564987406,273.1515356328496,1611100
2018-03-27,270.31951904296875,275.9756039346701,268.5245687496497,275.46502860980723,1295100
2018-03-28,267.511474609375,271.76352717995536,265.8282213501887,271.2370053657172,1422000
2018-03-29,269.58563232421875,272.03474866096707,267.5593499656474,268.07788640629633,1039300
2018-04-02,265.6527099609375,269.56170893208804,262.262247446421,268.8915969095117,1298600
2018-04-03,267.016845703125,268.8676450623792,263.80189069817493,267.22427000846875,1296500
2018-04-04,272.66497802734375,272.8085682370047,261.2650401458958,262.36594711111576,1449400
2018-04-05,276.5420837402344,276.76545442315614,271.2449971114134,274.6115280547489,1589400
2018-04-06,266.9770812988281,274.9705893136591,265.5251592345082,274.1010380146331,1417900
2018-04-09,267.9742126464844,271.9071437626839,267.6152127192842,269.2266953709344,981200
2018-04-10,270.72637939453125,272.0745885584839,268.9234679561167,271.7395447773016,996300
2018-04-11,270.7902526855469,276.2229681769919,269.62553593974263,270.04834557424823,1481100
2018-04-12,273.5345458984375,274.826906556473,271.6518293215431,271.7316097803703,1091600
2018-04-13,273.31121826171875,275.27369126090974,271.78750133680506,274.49188159420976,763100
2018-04-16,275.7842712402344,277.4116760240102,274.866832322845,275.12212009717217,1141300
2018-04-17,278.5284423828125,279.3102274033618,276.12718988695985,277.4514672970489,1061800
2018-04-18,280.1319885253906,281.0095249130425,278.68805224708206,280.2516470451662,843600
2018-04-19,281.91094970703125,282.5730763118149,279.35812139786464,280.49094535077074,781700
2018-04-20,280.8021240234375,283.2033773515676,280.11606555573223,282.8284310612508,1185300
2018-04-23,286.0752868652344,286.09123321973243,281.16909267055735,281.4403267705008,1986000
2018-04-24,268.43682861328125,288.77960054795557,263.76997688119735,287.20802072270874,3780500
2018-04-25,262.8605651855469,268.96339286171036,255.72862559675107,268.5884466203995,3030800
2018-04-26,263.5785827636719,267.13656777754534,258.5766613087786,263.2594852264531,1847500
2018-04-27,256.90130615234375,263.4429136250539,256.63805744337526,263.2195429689191,1580600
2018-04-30,255.95204162597656,259.6376705875878,255.44149042671407,257.1566610213086,1451100
2018-05-01,246.07583618164062,256.2711580163487,240.9941337944344,255.67284095012033,3880100
2018-05-02,243.87396240234375,250.01666757096734,243.4750844948133,245.1344058780868,2644800
2018-05-03,247.2484893798828,247.70321610262368,239.7256568078532,242.47792450278055,2889900
2018-05-04,248.45301818847656,249.45819808432307,245.11840545998172,245.7964782767594,1675500
2018-05-07,253.45501708984375,253.6225633556223,248.97163288166092,249.08333039217996,1816800
2018-05-08,258.62445068359375,259.5817673667729,253.12790162213363,253.45498441646026,2949500
2018-05-09,260.1641845703125,262.10272582037993,259.0313846762372,259.7653065676362,1700000
2018-05-10,258.86376953125,262.4776023004327,257.6352431386005,262.0468317009412,1261600
2018-05-11,258.5048522949219,259.9567496630692,257.4837256233555,259.0233888082302,844900
2018-05-14,254.5480499267578,258.4570749727728,253.23974235502442,257.87470415412275,1417200
2018-05-15,255.098388671875,255.56110071523366,252.88861365137964,253.48693056064945,1131200
2018-05-16,254.74732971191406,256.6459922681804,254.35643718994385,255.36161721280794,915800
2018-05-17,255.61697387695312,256.4785395965131,253.2077353110808,254.48414970851533,961600
2018-05-18,255.640869140625,256.87738095668914,255.12230836720175,255.8881715038378,1013900
2018-05-21,258.6962585449219,258.89569750162497,256.2072642605591,257.27625414701873,1001500
2018-05-22,252.99240112304688,258.1538841706683,252.9206059940314,257.88265001252614,1501700
2018-05-23,259.52593994140625,259.69346185377515,250.59904999867265,251.95522034142937,1603400
2018-05-24,260.34765625,262.56541679245953,257.9464030766769,258.99944676187965,1211900
2018-05-25,255.92002868652344,261.04163118999355,255.17013635197216,260.06836822465505,1020300
2018-05-29,253.04818725585938,255.83234762270337,251.5802949407274,255.01864534969684,1159800
2018-05-30,256.111572265625,256.72583557134993,253.01627534160824,254.50807504521097,901400
2018-05-31,252.49920654296875,257.1070241190183,252.44300767052897,256.2721499368579,1452700
2018-06-01,254.177001953125,255.11621410564976,253.24580071337286,254.4098083876141,886900
2018-06-04,255.4130401611328,256.28000638080835,253.8476552249993,254.56209575353637,857000
2018-06-05,256.8982849121094,257.87764942666763,254.86731069317293,255.36501611073214,873100
2018-06-06,256.8099670410156,258.3913991399439,255.68611226217752,257.5003262272316,1083400
2018-06-07,258.4476623535156,258.6081990772087,256.0313556037374,257.28365474027686,1088200
2018-06-08,258.736572265625,258.96937862412835,255.35697260503284,258.2709840468146,1260300
2018-06-11,256.3202819824219,258.9854409115203,256.2079087495165,258.5840624402054,911100
2018-06-12,252.996826171875,256.9062477158661,249.8580442663682,256.58514990801365,1743100
2018-06-13,252.3466796875,255.11617676850045,250.99805374380233,252.60356781911875,2014200
2018-06-14,249.328369140625,253.51072751677194,248.86278071893892,252.49927004946576,1396200
2018-06-15,248.96702575683594,249.63330317527652,245.91653497230814,248.54957650838105,1786300
2018-06-18,248.4692840576172,248.85461615359202,245.64358884838435,246.75139718839208,1259300
2018-06-19,242.8500518798828,246.95215310953657,242.15165717203863,246.22164126046943,1821600
2018-06-20,243.12294006347656,244.81676984125514,241.81446691063047,242.7295970266097,1620800
2018-06-21,241.13206481933594,243.12288578418213,239.30178049780824,242.95431373433095,1517500
2018-06-22,240.3294219970703,242.2801158500423,239.77551764402364,241.93493618023123,1364200
2018-06-25,239.83963012695312,243.5001990195767,237.67220155795334,238.69972923837062,1944800
2018-06-26,240.08851623535156,241.17224292003033,238.48300247973728,239.87178069769408,1670800
2018-06-27,236.63661193847656,242.5288429997152,236.44395817568397,240.33733295338098,1523900
2018-06-28,237.00601196289062,238.18606594752478,234.0197543996248,236.81335808726183,1424300
2018-06-29,237.1584930419922,240.8110520664478,237.02203807189784,238.80415957988953,1267800
2018-07-02,240.1206817626953,240.26517215025348,234.66194369275797,236.14704911564112,977900
2018-07-03,240.3935546875,242.90618749802155,239.71924188661853,240.8270502374218,651000
2018-07-05,240.1768035888672,243.36374899363256,238.57129002471726,241.05180554154578,986300
2018-07-06,240.1768035888672,242.03920520284743,237.78457955893435,239.55065427877645,1103500
2018-07-09,246.02886962890625,246.8235908817641,241.1159782981614,241.62975431896703,1244400
2018-07-10,247.91543579101562,249.58518408523028,246.61497335887134,247.3374497658182,1525500
2018-07-11,246.10922241210938,248.35695663916377,245.587435278432,247.11266863002686,896200
2018-07-12,251.51171875,252.44291953225036,247.89127791960647,248.3729368756935,1283300
2018-07-13,255.57369995117188,256.48081913103357,251.68032424469237,251.8087682832582,1662500
2018-07-16,256.11962890625,259.5955806775697,254.93957505405388,256.38455245371097,1303400
2018-07-17,254.87530517578125,257.6689078912315,253.76749678003037,256.793905846317,868200
2018-07-18,256.6975402832031,257.347771349501,254.0725342932671,255.04386318889078,860400
2018-07-19,256.56109619140625,257.5725531716437,255.42117067617318,256.32025443558206,759900
2018-07-20,258.92926025390625,259.17010205254985,254.82718374774424,255.5576955566908,1563900
2018-07-23,255.5416259765625,259.6918904611305,254.30539783069077,258.92926150902827,1585300
2018-07-24,258.9452819824219,264.6287896792313,251.2628930780719,260.8959752408095,3253400
2018-07-25,260.38232421875,260.87201886972554,254.2091436381274,259.33071420385306,2104600
2018-07-26,259.2424011230469,261.59447373963235,257.82152975871674,260.7595994275751,2011800
2018-07-27,260.16546630859375,261.0083757056218,258.319135340581,260.41431897389475,1009900
2018-07-30,256.970458984375,261.6906727318694,256.5771160048146,260.17347516914197,1270500
2018-07-31,261.7790222167969,262.043921206725,257.99000878137383,257.99000878137383,986300
2018-08-01,260.8397521972656,261.75490667700734,258.94525797338224,261.3695746068752,1392200
2018-08-02,258.5037536621094,259.41087282809116,257.07484743994723,258.9131674976362,820400
2018-08-03,257.3237609863281,258.98547394911645,256.16778888162327,258.98547394911645,945400
2018-08-06,254.4097442626953,255.7663809745964,251.80879507682707,255.7663809745964,1736700
2018-08-07,254.80299377441406,255.46927102140017,251.72842205506072,254.66651436334078,1088500
2018-08-08,253.1173095703125,255.10012035481222,252.2342719641831,254.87534937308834,922600
2018-08-09,253.43832397460938,254.0725086598258,250.9979611193867,252.6998014914891,1048200
2018-08-10,251.3592529296875,252.7881593245422,249.97049908135787,252.7881593245422,1081900
2018-08-13,251.77670288085938,253.07716522698493,250.46016971680265,250.8695836028785,790300
2018-08-14,255.75039672851562,257.0508593879883,252.57148528333755,252.7802099811506,974500
2018-08-15,255.03587341308594,256.00720238919916,252.41887811574375,255.57370680968083,1321400
2018-08-16,261.5862731933594,262.19637609373825,256.72960520474277,256.8821309298375,1195200
2018-08-17,261.0806579589844,262.83869768170285,260.6712440651956,261.5863742711841,1397400
2018-08-20,260.2698059082031,261.674630282469,259.9406726864491,261.1046798244037,877400
2018-08-21,260.4063415527344,261.22514483113406,259.3948599455008,260.41435246354536,1167600
2018-08-22,258.42352294921875,260.51067137887287,258.32717153866156,260.1333746399989,690600
2018-08-23,256.8902282714844,258.6081151971979,255.97507370027446,258.5519163379422,717700
2018-08-24,257.9178466796875,257.9981272928021,255.85475496384024,256.8822831163776,773200
2018-08-27,260.3660583496094,260.89588061618144,258.4876109489552,258.54380978742176,737500
2018-08-28,260.3660583496094,260.89588061618144,258.72842811640345,260.62294632701145,820000
2018-08-29,260.3501281738281,260.83178722176723,258.64828743621405,260.4625014027024,966000
2018-08-30,258.3672790527344,262.0920578378944,257.6287320230374,260.0932012602238,1409700
2018-08-31,258.8196716308594,259.207413225818,256.0732364578708,257.32528017380633,1055500
2018-09-04,260.0313415527344,260.3059826103559,256.54982673647993,258.4884854470563,947400
2018-09-05,259.5628356933594,259.83750142175546,258.092701063638,259.20743668005065,892700
2018-09-06,265.685791015625,266.1946941920869,259.5385985820645,259.7486283758765,1326600
2018-09-07,265.37884521484375,267.277125153711,264.0541044105481,264.97495691514376,1292000
2018-09-10,260.8714294433594,265.90386124040526,260.63716735695306,265.532290954348,1424000
2018-09-11,260.289794921875,261.59838872893994,258.73076775473976,260.136315435725,798200
2018-09-12,262.7535095214844,263.2058623387377,259.60318645440606,259.60318645440606,1326400
2018-09-13,267.60015869140625,268.0686581460943,263.81168548986074,263.9167003636819,1294800
2018-09-14,271.2513427734375,271.8167961921913,266.16236061018435,267.62443412427837,1312000
2018-09-17,274.1108703613281,274.3855114089636,271.4128998507396,271.8167880945651,1117300
2018-09-18,277.2450256347656,278.5617051520224,274.22394969305117,274.6439845596455,1149100
2018-09-19,274.07855224609375,279.30486710432706,271.8248735958034,277.24504692252225,1771200
2018-09-20,269.09466552734375,274.8864108662963,265.7666293499245,274.53098713362147,2003900
2018-09-21,272.7537841796875,272.95572828116644,269.8538698406154,269.8538698406154,1875700
2018-09-24,272.6891784667969,274.0947263317136,270.03967254797635,272.067199439845,1176800
2018-09-25,277.50360107421875,278.94950354868024,272.58424416597535,273.41625314090544,1360500
2018-09-26,276.9703674316406,278.56974887741666,276.5745648962926,277.06729665242966,1159900
2018-09-27,279.53106689453125,280.1288383079529,276.59077305413086,278.0043820248617,1170000
2018-09-28,279.4583740234375,281.1062451213642,278.44865331538665,279.2645155359348,1827500
2018-10-01,281.0497131347656,281.3728188520912,278.5779186527152,280.37118373296613,809500
2018-10-02,281.9705505371094,282.62484753409615,279.78954411289834,281.60704124928003,960500
2018-10-03,280.65386962890625,283.812278707663,280.47615781253637,282.72177550045615,1237500
2018-10-04,282.2855529785156,282.4471181300203,279.15946204281016,280.1530359566638,1203600
2018-10-05,280.4681091308594,283.4488067861668,279.207979594627,281.3485826753175,889000
2018-10-08,282.6651611328125,283.1175138989286,279.70869684981125,280.2095388742898,825100
2018-10-09,280.5488586425781,282.2855732145376,279.6199205832866,281.60704390206246,986100
2018-10-10,272.0186767578125,280.5003281489247,272.0186767578125,280.1772225500149,1792500
2018-10-11,263.5451965332031,273.02848575347525,262.5354758018663,270.3870651947968,1937900
2018-10-12,264.6437683105469,267.75371318094017,260.58873861377737,267.04286582183477,1294000
2018-10-15,267.56787109375,269.78119539325274,264.89413293957426,264.89413293957426,1003600
2018-10-16,272.32562255859375,272.54371328077,267.4870505060614,268.56138211713443,860300
2018-10-17,269.31268310546875,272.37416297622866,269.2480718313727,271.1867305222293,1181700
2018-10-18,264.95068359375,269.2480603537363,262.5596721319981,267.6567397131698,1323000
2018-10-19,265.06390380859375,266.59867487256844,263.383714178526,264.30459160774654,1101200
2018-10-22,263.9652099609375,267.87484535574123,262.09924817367624,267.87484535574123,1407700
2018-10-23,259.57891845703125,270.4192625782884,254.92611908916305,262.7130944394771,2995700
2018-10-24,251.32342529296875,265.03945006024026,250.7499110654156,265.03945006024026,2396800
2018-10-25,247.5108184814453,255.7016599736359,246.735359886942,253.003689223869,2352500
2018-10-26,246.41217041015625,249.57866460920062,243.67382135010658,245.07934433749253,1909600
2018-10-29,231.56527709960938,250.00680191615507,228.7703529382413,250.00680191615507,3262900
2018-10-30,235.1195068359375,236.27462129035868,229.18234475528797,230.70902948952246,2870000
2018-10-31,237.3650665283203,241.6058920290511,237.106572200517,237.77701567116998,1980100
2018-11-01,241.86447143554688,243.49617123244533,238.30217380368754,238.88377392014183,1526900
2018-11-02,241.7513427734375,244.5543281314703,240.5154457510992,243.17303725977027,1597200
2018-11-05,244.92587280273438,245.80634611144194,242.80950260089318,243.94847027125226,1650500
2018-11-06,247.63194274902344,249.40906077237088,245.6044160021199,245.6044160021199,1123200
2018-11-07,250.26527404785156,250.37834991785246,245.69325696011288,248.84357978696383,983000
2018-11-08,249.24749755859375,251.2346207082085,247.4703795214549,250.4106976099245,879000
2018-11-09,252.93099975585938,253.77109430467053,248.10051156581142,248.1408905344124,1294300
2018-11-12,246.46878051757812,253.82763781206813,246.04874558006765,252.9956289397214,1117800
2018-11-13,246.9696044921875,249.48986348584637,244.1343254500138,246.21837818665168,1121000
2018-11-14,245.0713653564453,250.15226264638883,244.76440629063396,249.0132946317983,1192800
2018-11-15,246.75955200195312,248.79513972520792,242.12289854413567,244.08581399844522,1233100
2018-11-16,243.3346405029297,246.57383289558783,242.22799038960238,245.43486481249815,1319500
2018-11-19,237.9629364013672,243.2134849801953,236.85628626051331,243.2134849801953,1558900
2018-11-20,237.3731231689453,238.49594401832178,233.0919187930955,235.35368249139816,1281100
2018-11-21,237.7205047607422,240.59618654402888,237.67204015270525,238.2940190567643,1355600
2018-11-23,238.6009979248047,240.66890354491554,235.81415947317356,236.72695075302317,434300
2018-11-26,238.52023315429688,241.40400104530008,236.61389253311532,239.9419276184874,1375900
2018-11-27,238.52835083007812,238.8272242174738,233.93210016363787,237.40552956241913,1477400
2018-11-28,242.28445434570312,242.76103946148714,237.43779596655543,240.59620463513218,1282700
2018-11-29,244.28768920898438,246.3555943085222,242.5590363086197,243.14063615857555,2788500
2018-11-30,244.45864868164062,246.9811108906255,242.383734108459,244.71903732443224,3666200
2018-12-03,241.4967498779297,248.4456931652853,240.77254879718856,248.12836476003255,1764700
2018-12-04,233.31097412109375,240.62609042756634,232.74137720531468,240.62609042756634,2208100
2018-12-06,233.00180053710938,233.44120322818785,225.55648882996132,230.19454005525455,2793700
2018-12-07,232.22882080078125,236.25662571448873,232.07421658262894,232.22882080078128,1407200
2018-12-10,242.80679321289062,243.23805094291748,235.31266272875462,235.91478960372962,2417900
2018-12-11,237.72119140625,246.75321855213912,236.24025928740602,246.28940604810194,1764500
2018-12-12,238.00601196289062,241.50489382987732,237.60730898311505,240.8458022448497,1121500
2018-12-13,237.78636169433594,240.25997935021255,236.78550679823593,238.63258755091195,1125300
2018-12-14,234.10025024414062,236.98071498831166,233.2214450294282,235.97174032077294,1881600
2018-12-17,227.2082977294922,233.359836276727,226.07724859557223,232.87975871226593,1649100
2018-12-18,227.40359497070312,230.95944209315715,226.24813586252338,229.09607152259773,1707900
2018-12-19,222.9200897216797,230.93499814933907,220.93467002491866,227.63139525745504,1716900
2018-12-20,215.86534118652344,222.8061645779244,212.70819786843322,221.3170875273298,2327700
2018-12-21,208.75364685058594,213.7090761079946,207.7365395200413,212.19558901246447,3738600
2018-12-24,199.53448486328125,207.1913653132193,199.36360328241216,205.88944706815838,1515400
2018-12-26,204.7421112060547,204.96181252491274,196.24712598099586,200.421388959243,1797600
2018-12-27,211.3900909423828,211.3900909423828,201.95934485954513,202.81372814335217,2201400
2018-12-28,212.58619689941406,215.49107236437206,211.67486147260152,214.01016471181566,1983800
2018-12-31,213.05812072753906,215.7188972467748,211.43887391447782,213.3103644572513,1184900
2019-01-02,215.40972900390625,215.87351680416177,208.94898143765465,210.22646515474761,1064700
2019-01-03,209.9986114501953,214.81570174883657,209.42903926144072,213.44869869739395,1165600
2019-01-04,215.66192626953125,216.02807445397423,211.83754635185977,213.1231995292997,1443800
2019-01-07,218.13551330566406,219.6978198395004,214.7017167578548,216.44303732335965,1465200
2019-01-08,219.5920867919922,221.12183890547433,217.91587539071514,220.61735147060804,1791400
2019-01-09,220.1372833251953,221.5042864004218,218.98996919105016,219.803665045165,1235900
2019-01-10,225.8005828857422,225.9470421690091,219.29101653227937,219.3886560544573,1842500
2019-01-11,225.98773193359375,226.01214181306628,221.67512951459926,224.4091601756406,1157800
2019-01-14,225.80874633789062,227.44425813276234,223.30254918001413,225.12524479447714,1388600
2019-01-15,224.58004760742188,226.47594795279895,222.5539529502554,226.3945982359532,1193500
2019-01-16,221.64260864257812,224.32779482264525,220.21049610279573,224.0918160900618,1324900
2019-01-17,226.85838317871094,227.82668318465144,220.3813714474324,220.64990497218596,1242000
2019-01-18,230.17015075683594,232.20439046703817,227.6070136883867,228.79500272617702,2073500
2019-01-22,227.50123596191406,231.59412538630536,226.20746244790078,228.9659034956859,1885100
2019-01-23,230.69088745117188,232.49729298926934,228.2416553247903,229.55169354828152,1631000
2019-01-24,232.1067352294922,234.5396778120298,229.94230134444155,231.56969300249233,1017500
2019-01-25,233.56329345703125,235.4022294262509,232.82282715946647,234.48277385765599,1050400
2019-01-28,234.23861694335938,234.6780196489057,230.1864275620726,231.9033138611103,1166400
2019-01-29,237.63986206054688,238.29895370971363,228.64853288866107,228.73802751241197,2037300
2019-01-30,237.33065795898438,239.21841328733944,233.3435287901757,239.18588333535058,1781800
2019-01-31,235.71951293945312,238.27450456403804,234.1734960521157,236.11009582097915,1311100
2019-02-01,236.44369506835938,238.07108653366635,235.32081581619695,236.6634088086706,1358900
2019-02-04,243.1078643798828,243.3438430946146,236.061256376289,236.70408295613345,1328900
2019-02-05,243.6693115234375,246.5335363287648,241.85478597399515,244.1087141618952,1454800
2019-02-06,243.9704132080078,246.28945132247094,243.30320149038036,244.10060752247878,1114300
2019-02-07,244.21458435058594,244.40171853800734,240.9679452581991,243.12423469088748,1150100
2019-02-08,245.3292694091797,245.43505383014158,241.6676385224755,243.4740440865305,1021600
2019-02-11,244.141357421875,246.3464666526508,243.13235748522888,245.55718053087054,1077900
2019-02-12,247.45301818847656,247.6239121857901,244.80850683452402,245.30487418591898,840600
2019-02-13,247.705322265625,248.95027602679323,247.10317040056927,248.177254971938,958500
2019-02-14,244.9224853515625,247.3635732454319,244.84925569459003,246.8427959086986,888200
2019-02-15,249.99179077148438,250.0731404927623,247.3716890800329,247.3716890800329,847700
2019-02-19,248.32369995117188,249.47101410912092,247.16826572029146,248.96652664222714,929500
2019-02-20,249.96742248535156,249.96742248535156,247.59956413269566,248.17728134285284,870600
2019-02-21,247.7784881591797,249.9429217237861,246.77763349812557,249.85340228319313,1045000
2019-02-22,249.91043090820312,250.09756507657497,247.28218415732155,248.91772089639304,581800
2019-02-25,248.9665069580078,251.75747761517636,248.6247437931181,251.34250963955537,1088000
2019-02-26,248.8933563232422,250.68347276693535,248.1854447198519,248.66552241833458,871600
2019-02-27,250.27659606933594,250.56953953182708,247.45307005403075,248.1935363681804,1121300
2019-02-28,253.57940673828125,255.49716917682233,250.8830543091069,251.96487671369573,1839100
2019-03-01,253.62855529785156,255.341428111585,251.14529614537798,255.341428111585,1424900
2019-03-04,249.71112060546875,255.5217836283351,248.71946246194727,255.5217836283351,1070900
2019-03-05,250.5879669189453,251.7845141414794,249.3258410751975,250.79285634113546,907600
2019-03-06,248.58822631835938,252.71060019655982,248.5882263183594,251.17803143030383,879200
2019-03-07,248.33419799804688,248.48991596901683,243.75287324756803,248.24403364126132,1255500
2019-03-08,246.64590454101562,247.25236924713226,244.85924971251666,246.3344686073071,1054100
2019-03-11,249.47344970703125,249.62096414411897,244.7446090602673,245.55596347517505,1294400
2019-03-12,247.44094848632812,250.21923694481822,246.51484399652347,249.63735780051377,1248800
2019-03-13,248.69480895996094,249.60450605618925,246.7852253985116,248.37516943258277,1133400
2019-03-14,244.6461944580078,249.522548113828,244.49047648304185,248.67022605297197,1178400
2019-03-15,242.71205139160156,245.23630356652637,240.76149971395623,244.93304615395712,4516500
2019-03-18,243.9331817626953,244.5232393347481,240.35169337064548,242.48254853197898,1793600
2019-03-19,243.08087158203125,247.62122922855642,242.13018144237736,245.4412022720793,1504000
2019-03-20,242.57273864746094,244.81011554515067,241.8187344293576,243.3349214365438,1321800
2019-03-21,245.05596923828125,245.92469844676162,241.76953467864737,242.07276704242972,1145700
2019-03-22,240.95826721191406,244.5561139998616,240.8517206650242,243.9414454701983,942800
2019-03-25,241.04832458496094,242.44158278257376,239.74523074670606,241.28600333863045,779700
2019-03-26,241.7039794921875,243.90038823100974,239.87635672951976,242.66284804110649,882300
2019-03-27,240.90908813476562,244.13814870966166,240.00756931749822,242.27773601154487,835600
2019-03-28,242.26129150390625,242.53993815554108,240.66314378411784,241.7941375537011,567100
2019-03-29,245.99847412109375,246.35087797515456,243.19557541896225,243.8184473551958,1212000
2019-04-01,249.3832244873047,250.87480052262214,247.37529807807292,247.96538063422506,1153900
2019-04-02,248.407958984375,251.423925501235,248.21945169797712,249.85856719769464,872600
2019-04-03,243.6299591064453,249.47341072358273,242.70387972215627,248.825953002971,1178300
2019-04-04,245.5968780517578,247.54740445664862,244.13806628033353,244.35933786539346,789500
2019-04-05,247.98178100585938,248.047359634093,245.62965418907697,245.7935757487426,705200
2019-04-08,250.5060272216797,250.66992376667014,246.41644201422125,247.49823924609535,1121400
2019-04-09,248.06375122070312,249.62090605307824,246.84261809078004,249.44060233495568,867100
2019-04-10,245.14610290527344,247.79328336316743,243.67908757323983,247.6949404378319,1226200
2019-04-11,250.44869995117188,250.645385847047,245.8673742129807,246.05588153714282,829500
2019-04-12,253.8169403076172,253.88249389572806,250.80915360306676,251.6041252925381,891800
2019-04-15,253.0057373046875,254.06297410320818,252.04686847306098,254.03018478091013,864800
2019-04-16,254.11204528808594,254.5791991554888,252.5057192824136,253.4236198570835,833900
2019-04-17,254.4727020263672,256.0544426096108,253.88261939804318,255.0627846546912,1041400
2019-04-18,257.55426025390625,257.8083211888107,253.62857111414797,254.9070793707383,1107100
2019-04-22,258.37371826171875,259.19327580234625,256.74278174845034,257.54595714219334,1319000
2019-04-23,272.99468994140625,276.45322462675296,265.96287048113896,267.60198597161764,3425800
2019-04-24,270.55242919921875,275.1911295588155,268.68383833094657,273.6503568232205,2089900
2019-04-25,269.52801513671875,273.9208586911938,269.1919933807427,270.65900909319356,1506500
2019-04-26,269.0854187011719,271.0687597089876,268.06097138556726,270.1262731808155,873200
2019-04-29,269.29852294921875,271.39658913798365,268.1675290639942,269.14280494989526,969100
2019-04-30,273.1832275390625,273.6175922315673,269.1919845132139,270.06071389822347,990000
2019-05-01,271.97021484375,276.36303190209617,271.7489182682629,273.937148228247,1104300
2019-05-02,272.5439758300781,272.6669295266082,269.0116832017339,272.101432561892,962300
2019-05-03,273.7897033691406,275.0764152264193,271.43757628625934,273.3881030058019,806700
2019-05-06,275.1418762207031,275.80571587039725,270.5933415822931,270.86378458327806,812800
2019-05-07,271.1916809082031,274.33877997366784,269.5033937795047,274.33877997366784,1176400
2019-05-08,273.8797607421875,276.09257633100145,270.74086604756826,271.19161273633114,1083800
2019-05-09,278.1250305175781,278.92000231966216,272.0439276698478,273.73221417556675,1496500
2019-05-10,279.7561340332031,279.97740569380295,274.77320728500587,276.5270734461793,1204900
2019-05-13,274.8551330566406,278.4448007143973,273.0767063929994,274.75679010890855,1504000
2019-05-14,275.5107727050781,279.40367248220366,274.34698955637447,275.37964044811713,1171600
2019-05-15,273.8552551269531,275.13376339332905,270.39671994203337,274.78956309672384,1127000
2019-05-16,278.1497802734375,278.3628483296524,274.42898023600077,275.30591323130625,1092100
2019-05-17,277.0023498535156,279.4282590985653,275.748427342839,275.748427342839,1268400
2019-05-20,280.2969055175781,282.165495863395,276.38759972040566,276.38759972040566,1388200
2019-05-21,281.886962890625,282.58356712946096,278.2399200607175,281.6001126100272,1097800
2019-05-22,279.7150573730469,281.3459943455491,278.55129934377896,281.3459943455491,1049300
2019-05-23,278.7070007324219,279.8297908106582,275.4369484117632,278.42015052732313,1461200
2019-05-24,277.6498718261719,279.97741365875754,276.41233118211755,279.1988485272141,1293100
2019-05-28,276.92034912109375,279.69863657658215,276.27289156809076,277.7972568070302,3559400
2019-05-29,278.1087951660156,278.94473528134586,274.78139184903915,276.0107287891317,1184400
2019-05-30,280.25592041015625,281.50166401588984,278.44470504924215,278.649594456931,859100
2019-05-31,279.2496337890625,281.39428651526964,278.3835109637211,278.4660024479727,1024000
2019-06-03,284.2236328125,284.39684734932337,278.72177424372734,278.8702438467188,1345100
2019-06-04,288.1664123535156,288.4386065570172,285.30413158877434,285.30413158877434,1573300
2019-06-05,290.92974853515625,291.0617047163302,287.4735639180588,288.6943473904383,1750500
2019-06-06,290.7811584472656,292.2824175378482,288.826234053848,291.48229814762436,1149800
2019-06-07,293.01666259765625,293.7755239371934,290.6822816694856,291.54840460816575,1125800
2019-06-10,290.0223388671875,295.82113480806385,289.3047108401406,295.2767212630609,1356200
2019-06-11,283.7863464355469,290.80592514460335,281.1715152924681,290.3605165068596,1684300
2019-06-12,284.9989929199219,285.51866167643055,282.3676726758873,283.9431671761589,1131900
2019-06-13,287.9438171386719,288.46348603334076,284.0834555966718,286.70651983627096,1203900
2019-06-14,288.8181457519531,290.7318127749989,287.4158656558509,287.9437659878683,1059400
2019-06-17,287.6221008300781,290.6905988044899,286.0301178534852,289.7090077069714,904200
2019-06-18,291.6060791015625,292.23298415564767,287.3745455050855,288.2818762860623,826400
2019-06-19,293.4291687011719,294.1055387157784,291.33400502981397,291.8041840142503,816500
2019-06-20,299.26092529296875,299.69810260948793,295.06236667922315,295.11185655106493,1048800
2019-06-21,296.42327880859375,299.2113246973762,294.94678955689955,298.79066094238823,1544700
2019-06-24,296.9347229003906,299.3268248443458,296.73673830875657,297.31415351065124,1766700
2019-06-25,297.4131774902344,299.2608661347416,296.73678247827377,296.95125532910754,1168900
2019-06-26,296.5388488769531,298.60101055203626,294.47668720187,298.30407135380284,977700
2019-06-27,296.2005615234375,297.38011160241615,294.69107071106913,296.8934446154151,826500
2019-06-28,299.87127685546875,300.04449136909284,295.02932579216815,296.5223286700996,1369600
2019-07-01,298.16375732421875,302.5355288925022,297.8173031750031,301.41372531002406,1003900
2019-07-02,303.19549560546875,303.19549560546875,297.8338755544149,298.2545393947148,1052800
2019-07-03,305.51336669921875,305.5876014954202,301.3642986034878,303.5006949815211,742100
2019-07-05,305.1338195800781,305.88442395731425,302.4530105466707,305.1008179589581,716900
2019-07-08,304.52349853515625,305.13391543976707,302.5438285846715,303.99559829569927,646600
2019-07-09,304.97723388671875,305.40615446749086,301.98297100499565,303.34399272226807,651000
2019-07-10,303.6820373535156,307.97957321817904,303.4180747415531,305.1997846130101,818700
2019-07-11,303.7398986816406,304.68848793070003,302.0736560901871,303.6821521185394,1358000
2019-07-12,304.7462463378906,304.79573620165235,302.58507987119026,304.54003018126,1148700
2019-07-15,303.2944641113281,305.208156007929,302.6428140346752,305.0679179511038,1010700
2019-07-16,301.3642272949219,303.8965671597002,301.20750103795746,303.55011301986696,1027100
2019-07-17,295.689208984375,301.4632610831342,295.1777969690011,301.3642813605289,1867000
2019-07-18,293.8250427246094,295.6150101691285,291.0040195955576,295.54077536814003,1704900
2019-07-19,294.4437255859375,296.2089483027072,293.52813776073714,295.0046527691812,1463300
2019-07-22,294.996337890625,295.6892211502398,293.2888620868221,294.839611599095,1144700
2019-07-23,295.1365051269531,299.4258105538966,289.37071038400114,299.4258105538966,2343900
2019-07-24,304.29248046875,304.36671524604174,295.3014632968002,295.46644625046935,1900400
2019-07-25,305.4638366699219,307.435249793041,302.8490050519177,304.17705002588684,1143300
2019-07-26,304.75439453125,305.7854750324533,303.3686283791201,304.87811915682164,791300
2019-07-29,304.8863830566406,305.2905585673413,303.50887357130415,304.7131685767495,659200
2019-07-30,301.8921203613281,305.7525049698762,301.3477068245731,304.0697745083483,699400
2019-07-31,298.74127197265625,304.1358692118662,296.3656575096147,301.8262580243947,1037100
2019-08-01,299.5000915527344,303.0057661841957,296.2831245725557,298.3700310521344,1220300
2019-08-02,298.52679443359375,300.5064647309824,296.53061073113304,300.3579951225748,836300
2019-08-05,295.65625,297.85864983713543,291.97736046624044,294.1055003278407,1464600
2019-08-06,302.5438537597656,302.63460196069076,295.9944264587135,298.0070982081632,1124900
2019-08-07,304.6224670410156,305.9670002798567,298.61745414768126,300.2671832411563,1243000
2019-08-08,311.1141662597656,312.12873352234647,305.2081331965597,305.2081331965597,1185800
2019-08-09,310.9822082519531,312.9206199071432,307.94668741843265,310.2315784516036,872000
2019-08-12,310.97393798828125,311.8400357039818,308.1694035290614,309.32420887428503,706100
2019-08-13,311.15545654296875,314.6941330793367,309.55521704507146,311.79059328626664,1054900
2019-08-14,304.3254699707031,310.14901054855704,303.0221701380838,310.14901054855704,1469100
2019-08-15,308.0539245605469,308.969537350771,302.86554438313254,304.4987601703852,1066900
2019-08-16,310.97393798828125,312.07925347391443,307.97967561871917,310.23156492155664,821400
2019-08-19,313.8362731933594,314.83435243124717,312.22777696035087,313.2423696028656,799900
2019-08-20,314.8920593261719,316.8304961601342,313.03611398633194,313.86097858181637,920600
2019-08-21,315.92315673828125,316.97898246929066,312.86291597598273,316.7480213772846,791500
2019-08-22,318.29876708984375,318.93390379198746,314.0424625831428,315.9231529304878,742600
2019-08-23,310.8831787109375,319.1647997728277,309.00246357438033,317.8037784470937,1392700
2019-08-26,313.71258544921875,313.9105449450603,309.73673108856246,313.44862267284617,688100
2019-08-27,313.4402160644531,315.27141604382984,311.18009565826225,314.8919854673071,760300
2019-08-28,314.2486877441406,315.9231619821967,310.7842461336729,312.65670500592836,820500
2019-08-29,317.1027526855469,318.21632514275143,314.10848958814955,317.18524419587214,1063500
2019-08-30,318.6623229980469,319.18498272342055,316.5053515795748,317.94886867422247,760700
2019-09-03,319.1435546875,319.55005660896444,315.0784595195816,316.0739790794909,891700
2019-09-04,322.78546142578125,323.2998421894304,320.1473010510327,321.3170571381952,792200
2019-09-05,319.525146484375,326.3943347610762,319.38412658270494,323.9469938643188,941500
2019-09-06,320.6948547363281,322.26283377440313,320.0726456547591,321.29217646734446,701100
2019-09-09,315.42694091796875,322.13022365775294,315.28592098013456,321.848158464322,1146900
2019-09-10,316.3477783203125,316.3477783203125,307.3381752920484,313.00444165825223,1297600
2019-09-11,316.5385437011719,320.06439576189825,315.3024295509758,316.24819966802323,1125300
2019-09-12,320.7529602050781,322.3126351494604,317.96545012372906,318.9775779928864,855100
2019-09-13,319.2845153808594,321.6986897413463,318.23922130271535,321.6986897413463,898600
2019-09-16,325.7554931640625,327.3649426780079,320.96864041825205,322.6361435382298,1689900
2019-09-17,326.8506774902344,331.8117430597694,322.2463138314182,325.59795476027705,975800
2019-09-18,329.3891906738281,329.54681899604736,324.8346030923508,327.51425925232644,780300
2019-09-19,326.3943176269531,330.60045750382756,326.06247781471603,329.47219707867055,1044400
2019-09-20,322.0968933105469,328.06180625136386,321.9309607657717,327.2736646403095,2106700
2019-09-23,321.6158142089844,323.59857445756927,320.3215957176684,321.94765406824763,1132200
2019-09-24,322.8601379394531,326.02923678099717,321.23408006597396,323.5487048124487,1162400
2019-09-25,323.905517578125,324.2954363638486,321.64897115563593,324.0299543570245,1336400
2019-09-26,325.9712219238281,327.39815585557653,322.6610521804516,324.5857584730897,875400
2019-09-27,321.78167724609375,328.48495794343535,320.5870336627607,328.4766537198238,751800
2019-09-30,323.5985107421875,326.7178605041419,322.23795999176815,322.35409252665295,1293200
2019-10-01,318.7286682128906,325.60615947035615,318.47979471507585,324.73505159250135,1240000
2019-10-02,313.72613525390625,317.79122974572175,310.3330245815371,317.5257477801308,1759000
2019-10-03,315.30242919921875,316.2398950910424,310.5487419000209,314.3151885978962,849800
2019-10-04,319.35919189453125,319.5997611776668,314.8294915448243,315.4268132767773,762200
2019-10-07,318.38861083984375,320.7944814716707,317.48433646143593,319.4090430940008,850100
2019-10-08,317.0114440917969,320.0644112416548,314.663652451741,316.1320570901286,1001300
2019-10-09,319.0771179199219,320.50405183537663,317.3266484301232,319.2596336062389,712000
2019-10-10,320.9604187011719,322.31269083482977,317.9074514370876,318.56282694169084,690200
2019-10-11,316.4721984863281,324.15441632561954,316.2896827714284,323.3745787544805,1327000
2019-10-14,317.4179382324219,319.7076761975747,316.4058355688333,317.5506792336525,622300
2019-10-15,317.53411865234375,319.98148514789784,316.9699883453699,318.3139562663555,835300
2019-10-16,317.6086730957031,318.89458695944774,315.4433978051419,317.23536286513246,851300
2019-10-17,312.8135986328125,318.74532126433974,312.1748063031197,318.19777413127855,1004600
2019-10-18,309.01397705078125,313.35283287358584,305.2973050917932,312.5315248555916,1935600
2019-10-21,310.3164367675781,311.84294551234444,309.221367892775,310.28327050798936,1160000
2019-10-22,310.00946044921875,313.17858492123884,301.1492088116813,301.1492088116813,2567200
2019-10-23,309.52001953125,311.09627768269206,305.9029224114725,310.0924539873785,1279700
2019-10-24,310.8887939453125,313.14533960649294,308.6156651584595,310.0757903856201,1126900
2019-10-25,307.5621643066406,311.01335436929,306.574923685264,310.590244012198,1173500
2019-10-28,308.4830017089844,311.4779149579551,307.05606769238796,308.10969140443484,1321700
2019-10-29,307.8691101074219,311.3119958709578,306.9897231505021,308.32538671643925,1298500
2019-10-30,314.1244201660156,314.4147642230402,308.1760887075436,309.6279102637015,1064900
2019-10-31,312.498291015625,315.4019334702857,311.3202559691043,313.5270272727768,911800
2019-11-01,314.5641174316406,316.040826362226,312.7140728264892,313.68470507194644,915600
2019-11-04,310.6731872558594,315.8997340137478,308.7650639960827,315.194558576825,1117500
2019-11-05,309.968017578125,311.74337456236714,308.04331115289995,310.32474475619745,1364200
2019-11-06,315.0784606933594,315.194593249457,310.2998857711674,310.6815003379997,1505800
2019-11-07,314.215576171875,317.52572027857946,313.5187050608715,315.53465634460497,1157200
2019-11-08,316.7957458496094,317.64196661266215,313.2616146105208,313.2616146105208,783500
2019-11-11,316.3975830078125,318.0816951769224,314.6802792535359,314.84621186160797,580500
2019-11-12,320.47918701171875,321.4747317921126,316.5468332328983,316.5468332328983,910700
2019-11-13,321.63238525390625,323.98017685477913,319.4753882731166,320.18056377114976,956100
2019-11-14,323.6815185546875,325.45687560476426,321.292231223429,321.292231223429,915600
2019-11-15,326.49395751953125,327.27379521916856,323.78113402255593,325.4320546354365,1533600
2019-11-18,325.83856201171875,328.261015950224,325.166578018535,326.0376608785109,827700
2019-11-19,324.220703125,328.3770678521601,323.98841274945977,326.86716775227234,800300
2019-11-20,325.7887268066406,326.485598028787,323.7561667537302,324.4281506221484,907700
2019-11-21,323.7643737792969,325.4152934890726,322.98453650625504,324.2621207044317,1416900
2019-11-22,324.1626892089844,324.7019574369116,321.74023556651804,323.7064125890921,758600
2019-11-25,323.53216552734375,326.12055146575483,321.4664139929256,324.87613320169146,801400
2019-11-26,325.62286376953125,328.48503664824045,323.53224965666607,324.0466052887214,1206600
2019-11-27,327.0663146972656,327.2654388468617,324.8927347238238,326.56026339375313,770300
2019-11-29,326.3902587890625,327.366861573138,325.5639202221878,327.199912653061,401500
2019-12-02,320.205078125,326.80750597764893,320.0548394264336,326.12305127597386,1283400
2019-12-03,318.5357666015625,321.05655756861603,317.30043637987467,318.3771727802117,1384300
2019-12-04,321.0064697265625,323.81940869810427,319.0866845385302,320.13005159133655,1081100
2019-12-05,322.1416320800781,322.60905843221855,319.69598608176744,322.2417912308474,1203700
2019-12-06,322.90948486328125,324.61226657578834,321.4404417627382,323.16826325898126,709600
2019-12-09,319.971435546875,323.3769996355812,319.87963147955935,322.3753571452967,821600
2019-12-10,320.8896179199219,322.83444285017043,319.8963304724096,320.1050038778058,862100
2019-12-11,322.39202880859375,322.7008613466408,320.5473631942954,321.78271881930925,578900
2019-12-12,320.56402587890625,323.6857968650391,320.0632301612382,322.1916883797991,736100
2019-12-13,322.5841064453125,323.6775532602004,320.52241178807486,320.52241178807486,658000
2019-12-16,322.1500244140625,324.15328407954297,320.564086100763,323.77766174790287,847500
2019-12-17,322.93463134765625,323.86112905174883,321.3570481570188,321.3570481570188,730000
2019-12-18,317.65936279296875,323.5606529060376,316.89978852836134,323.36030911210963,1526000
2019-12-19,319.8128356933594,321.0899158343198,317.37554473799133,318.00989452856356,766300
2019-12-20,322.5841064453125,322.72601559607756,319.68771800737676,321.3821453632806,1599600
2019-12-23,327.11639404296875,329.4451961577373,323.51886691446975,323.5773015758928,1050400
2019-12-24,325.6723937988281,327.4920196253964,325.1381776995646,327.4920196253964,516300
2019-12-26,327.45025634765625,327.5754807533962,325.93113350690874,326.2816905190718,711600
2019-12-27,328.535400390625,329.2866195231086,327.14980598177334,328.860917643143,728800
2019-12-30,327.11639404296875,328.6689372770896,326.25666071354885,328.5771077415926,776900
2019-12-31,325.012939453125,327.18314751646403,323.08479962253955,326.99115885285636,775400
2020-01-02,333.3515319824219,333.3515319824219,326.323427125564,327.91766926082494,1258400
2020-01-03,345.3460998535156,348.20911807798734,336.3814993134393,337.23287756083926,2990100
2020-01-06,344.82025146484375,348.89356019740575,340.2962265410096,348.89356019740575,2477800
2020-01-07,345.9804992675781,347.3326988320065,340.7970591129935,343.2677450513667,1059900
2020-01-08,343.0841064453125,349.0521605395392,341.9906598765208,348.11730779121285,1708100
2020-01-09,346.3393859863281,347.2325141915971,342.2243529292183,342.63334461434175,1064300
2020-01-10,345.42120361328125,346.898627426784,344.2943877544173,346.39780622683094,987800
2020-01-13,349.75323486328125,351.37254216917296,346.1139837042733,346.3476968477617,986800
2020-01-14,347.349365234375,349.12724099178007,346.4562370761096,348.5596555253928,967200
2020-01-15,351.3642272949219,351.8066138162538,347.3493537316577,347.5830668849496,833000
2020-01-16,355.3290710449219,355.3624404480483,351.13056331094646,353.1839024076018,1085200
2020-01-17,355.29571533203125,356.86494352805596,354.32746760527493,356.08865904532996,1195600
2020-01-21,355.7046813964844,357.0652360739916,353.08375667313766,354.2606777351624,1071400
2020-01-22,354.26055908203125,357.6660967061049,354.21045404656525,356.83140336490044,918700
2020-01-23,357.8999328613281,358.55099287237584,353.91009833766105,353.9601779175241,978400
2020-01-24,361.0049743652344,361.8563526490111,358.6594874366644,358.8347659565659,1086700
2020-01-27,360.9047546386719,362.63257617762093,355.46253709255086,355.46253709255086,1737900
2020-01-28,364.9029541015625,366.42207685184525,355.80477493487075,362.89966940291504,2063200
2020-01-29,362.1234130859375,365.58738590256615,359.7695713797936,365.36202783518684,1268500
2020-01-30,363.84295654296875,364.7611246515315,359.2020618918648,359.2020618918648,1210200
2020-01-31,357.3490295410156,363.5675072169359,355.66295759401027,363.03329107165035,1650100
2020-02-03,353.793212890625,358.9182437610537,352.274089915915,358.51758166756787,1795800
2020-02-04,359.56927490234375,360.57924693301686,355.12869924547687,355.12869924547687,1216300
2020-02-05,363.2503356933594,363.85967123497545,358.1002646065154,361.6894626258427,1251800
2020-02-06,366.4054260253906,367.1482900336749,363.0165722746063,363.55911798363644,833500
2020-02-07,366.5723876953125,368.2751442439502,365.0031597022796,365.7126543339585,883800
2020-02-10,367.0648193359375,368.5338625649106,365.4455119185905,366.430444128739,870400
2020-02-11,367.139892578125,369.37686474919036,365.1533182348577,368.40026227513636,744600
2020-02-12,364.42718505859375,367.00638490173776,362.75779806837835,366.4387994385422,1419200
2020-02-13,362.84130859375,366.67254906053785,362.50741078424466,363.7594511514103,800200
2020-02-14,365.4704895019531,365.9879953048736,362.51566790159023,363.07492365582925,948600
2020-02-18,363.55078125,366.388759821105,362.2653714677943,364.7610971390199,776100
2020-02-19,362.65765380859375,365.821123944452,362.5908640614626,364.76107233237576,787200
2020-02-20,355.5544738769531,363.08340182714073,354.04368032853387,361.94823063017975,1190600
2020-02-21,357.0819091796875,357.84983849390085,352.79159735413225,354.8449364621505,1055500
2020-02-24,350.02874755859375,354.07701639693033,348.98538061432276,350.27914543608847,1117800
2020-02-25,334.1778869628906,352.0153089637377,331.8157154985705,350.65475444428654,1600100
2020-02-26,334.6286315917969,342.65837928696754,333.3265117208408,334.13616546508626,1678000
2020-02-27,321.02313232421875,333.051068983088,320.79774877160577,328.4685842447945,1894100
2020-02-28,310.666748046875,313.9845014826871,302.6621686845593,310.6583404945553,3363800
2020-03-02,320.3092346191406,321.77912094826615,302.8553854048928,311.90988416699474,2859900
2020-03-03,316.991455078125,333.3701871236769,316.31110979762457,323.24057335535804,2531400
2020-03-04,337.6790771484375,338.4602105699885,321.8547043499505,323.72776868390724,2025800
2020-03-05,323.1229553222656,334.1680937560411,321.03990761312554,330.86715586288113,1967200
2020-03-06,321.2498779296875,323.3329255519308,309.4823826682653,312.5313502258928,2161000
2020-03-09,295.68231201171875,310.33078021399257,295.0439532200512,302.35980540162194,3086700
2020-03-10,308.39898681640625,308.8189543730394,294.4812558377154,304.90485366928425,2505600
2020-03-11,299.7980041503906,307.32384047590784,293.8008813643504,299.4956398432817,1950800
2020-03-12,261.5389099121094,285.0906895824998,260.4469792599335,270.4590136524458,3892600
2020-03-13,275.99420166015625,276.4729706979891,254.58426957620048,274.9358754992159,3877800
2020-03-16,241.8509063720703,261.6901686460162,239.38149521293522,247.78925347536116,2351500
2020-03-17,267.79644775390625,268.3340184234806,241.18731479670538,246.10093936101552,2626200
2020-03-18,280.0426330566406,284.9310591913732,248.65427723352974,249.3934238751382,3589400
2020-03-19,263.9075927734375,280.6222944965133,261.3961696406127,280.04273728376774,2836700
2020-03-20,244.60585021972656,265.28504400038037,242.07763788951507,263.9075640505342,3040100
2020-03-23,232.4939727783203,241.1117131553129,223.51506654198263,239.38144929175624,3172100
2020-03-24,242.66566467285156,247.77245905192885,235.3834157216373,241.87612358965416,3088400
2020-03-25,268.5019836425781,277.0273172074738,246.61325796197804,252.50120943806996,2950100
2020-03-26,294.2544250488281,295.74112644310264,272.1473547454445,273.8188172371316,2680900
2020-03-27,292.6164855957031,306.6517887284531,281.3865615794292,285.56942041942216,3562800
2020-03-30,293.0113220214844,299.4200300009243,287.4929430675539,295.2287370329931,1756300
2020-03-31,284.6959533691406,291.3902357534568,282.4197112644924,289.61795973087305,2169300
2020-04-01,284.3347473144531,286.40938750040283,270.4674398288952,272.83603671761955,2082300
2020-04-02,297.3033752441406,297.33697982016906,281.0002343763722,281.588199109355,1896200
2020-04-03,294.3972473144531,298.88249759275345,293.64969278501076,295.65714994204706,2113200
2020-04-06,309.05413818359375,310.73400842645543,303.98092287297146,303.98092287297146,2525400
2020-04-07,298.4120788574219,320.77114243935193,297.37894967281034,319.5952386719768,2101500
2020-04-08,303.5608215332031,313.00167993501435,301.1921993827498,303.5272169659754,1447700
2020-04-09,311.6158752441406,316.0927173755586,305.3331524130343,310.55754897478374,1629400
2020-04-13,310.7255554199219,314.1272819109991,307.17262114818857,311.5738979709632,1237200
2020-04-14,319.2004089355469,324.70197141417816,314.5975571779858,317.7389306413586,1653400
2020-04-15,314.4549255371094,316.4455677412297,308.5585643795223,316.4455677412297,1251500
2020-04-16,317.3946228027344,320.2671859755264,312.8757686734012,313.8080841635658,1568400
2020-04-17,337.2423095703125,338.0318505198062,323.2321743094294,325.4076285131672,1768400
2020-04-20,321.87139892578125,335.94871399992087,321.87139892578125,331.0014858564497,1487200
2020-04-21,313.66534423828125,329.70810867231506,311.62430823741784,321.7035287447333,2042000
2020-04-22,319.51123046875,322.48460718853426,315.2527543787437,322.1066262308541,1188400
2020-04-23,316.4287414550781,323.2657994511973,315.9751693496936,321.48514124171135,1164400
2020-04-24,320.6619567871094,322.5854150007081,313.27894702867917,318.10016544149596,1029200
2020-04-27,317.9742431640625,322.56868927603347,317.495473995851,322.45949360965693,1457400
2020-04-28,323.1482238769531,325.75200204879224,319.5281058300065,320.73758873056005,1313900
2020-04-29,325.81915283203125,330.52279343752326,318.7552971886239,326.0291365587695,1500400
2020-04-30,326.78509521484375,328.7841445314586,319.5448599226061,321.7790900039533,1343300
2020-05-01,322.08990478515625,325.3992510369258,320.0908552019997,323.91257517944143,911600
2020-05-04,319.3096618652344,321.6698769368709,314.2448553292569,320.87192851075343,1077900
2020-05-05,327.82659912109375,329.9096470146596,320.510772919719,321.1995257272021,1270900
2020-05-06,317.9826354980469,328.32226070158066,317.8398608779448,328.32226070158066,1089800
2020-05-07,316.2690734863281,322.6441758793662,315.81550149317627,321.7034529548862,1462000
2020-05-08,317.8314208984375,320.1244528351409,316.02556564985224,317.5206490281468,1130400
2020-05-11,316.2859191894531,318.7553301216505,314.2532908589772,314.9756226498523,1287800
2020-05-12,311.7082824707031,321.22476089176547,311.6410989454794,317.495447238657,1447700
2020-05-13,305.8874816894531,312.84214154427303,304.0648373348859,311.85102452723237,1287400
2020-05-14,299.2520751953125,303.6701420059784,295.8755453347382,303.2081623231713,1776400
2020-05-15,302.7125244140625,303.6448654561762,295.92586188924355,296.1022410361598,1854500
2020-05-18,317.1090087890625,319.58680120394786,307.4329429626491,311.79220686199113,1879700
2020-05-19,312.0190124511719,321.2414808512781,311.8174106535587,317.55418012801664,1087100
2020-05-20,304.48480224609375,314.135645836827,304.1488077871044,312.82534947165925,1880500
2020-05-21,309.7847900390625,310.8011040714272,304.560394035772,304.63598509939135,1179100
2020-05-22,309.9359436035156,310.9102710550045,307.09695985625547,310.65827523338476,752600
2020-05-26,312.6238098144531,316.6135009695213,311.2547116957847,316.6135009695213,1596100
2020-05-27,333.5549621582031,333.5549621582031,316.30269116412023,316.4706884066862,1986900
2020-05-28,334.66363525390625,339.55206210962547,334.4284545271419,337.2002292092055,1487900
2020-05-29,328.241455078125,334.83263859852434,325.14020252920017,334.66364910124673,1733800
2020-06-01,328.6808776855469,332.9398103996558,327.28659175900856,328.66398647127784,1090300
2020-06-02,329.3653259277344,332.28913047108796,327.01615788034604,328.41046951090965,1404700
2020-06-03,340.2324523925781,341.0521277524403,331.74839336107243,332.6441178836287,1382200
2020-06-04,341.1112060546875,342.1252204419766,337.1649285021409,339.51409664664635,1261700
2020-06-05,347.0940246582031,351.53040598371877,343.4604274115989,346.46025589741515,1702500
2020-06-08,350.09381103515625,352.8992999346181,347.9390078229011,350.6853387893235,1294600
2020-06-09,345.243408203125,348.09959679833383,343.92517128043113,346.90810846664584,1188400
2020-06-10,341.1956787109375,345.6996756596769,340.92529035448683,343.50260586430005,1188200
2020-06-11,324.38818359375,335.7368625412351,324.1262279209574,331.83285137833553,1698800
2020-06-12,322.689697265625,333.30320935524554,318.12656735761004,332.3736766842514,1788100
2020-06-15,315.43096923828125,318.7012122589463,310.5889661171011,315.43096923828125,2271300
2020-06-16,323.4501953125,331.07233697157653,320.7545636215752,326.6528471380778,2038600
2020-06-17,322.8924865722656,326.38244390729835,318.5068305989383,323.22205869668346,1519000
2020-06-18,319.74896240234375,322.224879000719,317.7884985793911,320.83902588128683,1562000
2020-06-19,314.5182800292969,324.1431002896633,314.3492647330122,323.9318440633643,4322200
2020-06-22,317.6955261230469,318.43915209546464,313.0309983707595,314.568949742068,1370600
2020-06-23,314.0956726074219,320.07843578050637,313.5379532440495,319.63057374769147,1469300
2020-06-24,304.0569152832031,313.6986540588488,302.7893777265329,313.41978135503547,2302800
2020-06-25,306.59197998046875,307.0060339827165,298.5726751084609,302.4006373680301,1391600
2020-06-26,301.4710998535156,310.47906862941585,299.9923062379132,303.8371593232338,2008600
2020-06-29,310.5466003417969,310.5466003417969,303.777943739295,304.5384866563337,1073000
2020-06-30,308.36651611328125,310.33541290009055,306.2454952364984,308.7298706526484,1482100
2020-07-01,304.5638427734375,311.21418367072346,304.4708766377536,309.5663750332943,1430100
2020-07-02,305.8990173339844,309.3382749058646,304.79203676524475,307.1919044143963,1396000
2020-07-06,306.39764404296875,310.22560666607615,304.9188501366539,309.68480401873154,1202300
2020-07-07,298.5218811035156,306.6763904883174,298.1078272324343,306.39751788232127,1395900
2020-07-08,295.9530944824219,301.9274012185911,294.60104941868605,298.71631675681886,1965100
2020-07-09,287.2747497558594,295.32783859957385,286.6156311543636,294.06875934766924,1823800
2020-07-10,295.1249694824219,295.1925601329556,288.71123308273206,289.27738536881253,1514200
2020-07-13,298.3444519042969,301.6907428700835,294.57564854123024,298.8007725140301,2031300
2020-07-14,300.5415954589844,300.76131021181357,294.9137258482237,295.0235832246383,1651900
2020-07-15,308.06231689453125,308.92423312468,304.682216840136,305.5948582961682,1617300
2020-07-16,309.1777648925781,309.22846433178626,303.3808797246449,306.1525608165324,955400
2020-07-17,311.3916931152344,311.8142055889321,306.6173073200729,309.53262791571836,1135500
2020-07-20,308.8819580078125,311.81419551203834,306.26237559792054,311.81419551203834,1444500
2020-07-21,316.9856872558594,320.17987985150444,313.149267583509,319.40247150528063,1997300
2020-07-22,333.0074462890625,333.5060337410431,317.4082917457343,318.3293659167486,2280700
2020-07-23,327.5484924316406,333.0665030675277,325.93449204996864,332.7453895335258,1442800
2020-07-24,326.3570861816406,332.50886692678887,324.1600161037772,327.8696880974015,1305700
2020-07-27,322.8755798339844,326.17117197914706,321.2024211503872,325.1064580787806,1047000
2020-07-28,326.7373962402344,329.7372249196259,322.79957632452846,322.79957632452846,1132100
2020-07-29,327.2781677246094,329.95690828487477,325.0219654467021,329.1879324507804,1209600
2020-07-30,322.56292724609375,326.04442593882595,321.8361923740908,323.3994937003635,983300
2020-07-31,320.2391052246094,322.26715993996686,315.7689160339095,321.57423329421766,1101800
2020-08-03,318.658935546875,319.7659162438626,313.8760909089354,318.4392207926856,923100
2020-08-04,319.4109191894531,321.8192450518788,317.97439248752437,320.3319931363661,900600
2020-08-05,324.067138671875,325.22481897858006,319.64764794029264,321.1095507048566,1018500
2020-08-06,320.8897399902344,323.8050861443071,319.4954540945046,322.61359796777793,698500
2020-08-07,325.8585205078125,326.7373536856946,320.0616616683581,321.11794286692765,924900
2020-08-10,328.9344482421875,330.4977239020434,326.14585019734227,326.1965496356015,856000
2020-08-11,331.2159729003906,337.57900975618,330.6836030546365,330.8357271449341,1312800
2020-08-12,331.62152099609375,335.0692106921521,330.64974767350714,332.9566487786555,878500
2020-08-13,328.91748046875,332.98204813324116,327.0246329642539,329.8554715080012,1053600
2020-08-14,330.75958251953125,333.10875017601546,327.88647788212836,328.4104148630471,648600
2020-08-17,328.6808776855469,333.9453920930998,327.6415135635649,332.92291918538683,864100
2020-08-18,329.7793884277344,331.17367419741623,328.1569294564666,328.8583144854826,806100
2020-08-19,329.6019592285156,331.2244184192135,328.57948629754554,329.6273089445524,717400
2020-08-20,327.76824951171875,328.8836885252161,324.1346271110433,328.10625430086907,1203700
2020-08-21,329.19635009765625,330.22728148718676,326.906314095628,327.62459040432026,996000
2020-08-24,333.8186340332031,334.26649618568695,329.47519379490393,330.26106073996016,1006400
2020-08-25,333.64959716796875,340.02109153781305,331.58773454205743,334.3932231364103,987400
2020-08-26,334.15667724609375,336.03263371689195,330.0329512534839,332.0948142497888,908600
2020-08-27,333.80169677734375,338.085978825256,333.6834067117715,335.3396481465601,700300
2020-08-28,334.28338623046875,334.6298495227805,331.0216026007882,334.2157955874357,728300
2020-08-31,331.79229736328125,335.82215491975313,330.27046311801433,333.41614937774756,1030400
2020-09-01,328.8591613769531,330.8826003127997,327.32033279710674,329.71785418893415,908400
2020-09-02,338.4322814941406,339.1379218189405,326.5637106423146,327.4479080401473,1214500
2020-09-03,328.41717529296875,341.6715242195793,325.94313982308415,339.64808467025983,1500800
2020-09-04,327.3373718261719,332.8890644640501,322.71237532544563,330.30452743668894,933600
2020-09-08,323.26507568359375,327.5669993783976,321.6752117567968,326.4617459649207,1071600
2020-09-09,327.5244445800781,331.07822873915245,323.92818760071043,325.3564886130199,1218300
2020-09-10,322.3127746582031,330.32150769749524,321.64963314123133,328.18754066091725,716000
2020-09-11,331.1037292480469,331.99641088373795,323.70712789752423,324.31926060201937,933800
2020-09-14,334.759521484375,337.2420670025878,332.9486277311567,334.43644782664285,991000
2020-09-15,333.7392883300781,336.67242972482944,328.92727592920284,336.37486051955386,955700
2020-09-16,336.3153381347656,339.7330899772586,332.36199286274683,332.5150195568971,1052200
2020-09-17,336.621337890625,338.84030226780465,331.1801738388941,333.2716160010951,959500
2020-09-18,335.9412536621094,339.22294691019766,335.0995550230623,335.0995550230623,2636400
2020-09-21,322.7378234863281,331.4607057825871,320.7144105724722,330.2959597027428,1447400
2020-09-22,330.22802734375,333.679767569397,324.2087183578238,324.6678243522977,1286300
2020-09-23,325.82415771484375,335.33770852687803,324.76142885689114,330.91677204511234,1223300
2020-09-24,322.0152893066406,326.8868208062509,318.90361672313105,325.8326022938299,1295100
2020-09-25,328.7657470703125,330.211042473716,320.05137209980813,320.9015550237598,1375400
2020-09-28,332.00494384765625,337.19103895722014,331.2737730371731,331.57134225137526,980000
2020-09-29,330.5000305175781,334.249339519801,329.45432235101464,331.2396853511528,1113100
2020-09-30,325.8580627441406,331.36725663187474,323.5030657270972,331.1206963549793,1410300
2020-10-01,323.826171875,331.571325511954,322.2193137667451,326.4702281963855,1103900
2020-10-02,323.5626220703125,326.02817343031234,318.2064797579871,319.66879549862097,1217200
2020-10-05,326.43621826171875,328.07709097350846,322.1002802926762,325.82408553731835,825000
2020-10-06,320.05987548828125,328.2641360075296,319.68579290365733,328.19613278556403,954900
2020-10-07,325.5690002441406,326.33415956736667,321.8451954661848,321.8792100425894,826500
2020-10-08,330.37261962890625,330.88273463464463,325.00796679962457,326.38525915324936,694900
2020-10-09,328.111083984375,331.656358132458,327.56698041405343,330.219546939989,675000
2020-10-12,330.6531982421875,332.0049861578654,325.84115913819653,328.17065235754404,807400
2020-10-13,330.6786193847656,332.04740127594863,327.42240464317706,328.2896077277722,973300
2020-10-14,332.1834411621094,336.213299531812,329.13979800288035,329.13979800288035,1090300
2020-10-15,328.27264404296875,330.6106472091715,325.8071186204418,329.3013581713509,792000
2020-10-16,328.5957336425781,331.38433287991273,328.2471554947205,330.2875895313388,952100
2020-10-19,326.2236633300781,331.2312529119774,324.4893089478289,329.2248078375903,1181000
2020-10-20,316.4466552734375,327.9921566981509,316.0980770769813,325.27156030633853,1779200
2020-10-21,312.1361083984375,318.81853238334344,310.31670485312094,316.4465152376662,1931200
2020-10-22,313.6834716796875,315.5113597032091,310.44427694597795,312.4422119256273,1255100
2020-10-23,318.2488708496094,319.8302241243946,313.7259187154163,315.7068329416805,1178800
2020-10-26,313.3349609375,314.4572088199328,308.1913637279755,314.0831261924552,1387200
2020-10-27,308.13177490234375,312.8503054525986,306.75448278833636,312.01711688999745,977400
2020-10-28,298.295166015625,306.0658503363492,297.94661385146935,303.40477365297437,1679900
2020-10-29,299.638427734375,302.86062780710665,296.1101743078742,297.5639796293176,1548000
2020-10-30,297.674560546875,300.73522435713244,293.8657315890519,298.10816215410614,1309800
2020-11-02,299.6214599609375,305.9893213865395,298.1761386964953,302.7671210283672,1707700
2020-11-03,308.9904479980469,311.336960897647,302.84361683282174,303.62579644786206,1484600
2020-11-04,316.404052734375,324.3107428652874,314.15107336980503,315.4773565408546,2146400
2020-11-05,310.061767578125,320.0939171531879,309.27107762591856,318.436049833546,1709300
2020-11-06,307.1455383300781,309.23700675002135,304.32295108361734,308.87140841848156,1401600
2020-11-09,309.4241027832031,324.36179787036224,309.2370614916959,322.7294610949585,1956900
2020-11-10,315.65594482421875,317.49234322711845,309.41560468561505,310.3167965946039,1708000
2020-11-11,313.9554748535156,317.3987045028213,310.8948118621785,317.0076277150586,1115200
2020-11-12,312.7737731933594,315.05225694654223,310.7503339104877,312.4421894364339,856100
2020-11-13,318.9375915527344,319.6687363149241,313.91300803602405,315.05224988708824,921000
2020-11-16,320.62945556640625,323.65610437252377,319.7367480255411,321.411609242313,1306700
2020-11-17,319.5837707519531,323.4776232538069,319.03115701484984,319.37973514330577,1321100
2020-11-18,320.99505615234375,326.0196402440018,319.8728084886639,320.9355371219539,1066800
2020-11-19,320.05987548828125,321.15661879072536,316.4126092064858,318.81861560958833,1075400
2020-11-20,312.8842468261719,320.7229328318087,312.54417891471957,319.64321007793,1117500
2020-11-23,315.29034423828125,318.4190111883839,314.44864549607007,315.87697253461596,929200
2020-11-24,321.7771911621094,321.7771911621094,317.1691890319776,319.0565958604458,959000
2020-11-25,321.6582336425781,324.7274077693665,319.8643599634412,320.5955048908071,854800
2020-11-27,318.2574157714844,322.05773380031786,317.5007665960399,322.05773380031786,612300
2020-11-30,312.4871520996094,318.8567553174976,311.1087966545906,317.4441473895684,1608400
2020-12-01,312.4785461425781,319.5844332190183,312.3758148327718,315.4578847618913,1299700
2020-12-02,309.3708190917969,313.3347012620963,308.2150656334578,312.47857210659276,2520000
2020-12-03,309.94439697265625,316.33968198092236,309.0283326244543,310.0214454514324,1758400
2020-12-04,313.86541748046875,314.8243038378805,310.012837258717,310.8775358468999,1222600
2020-12-07,310.0300598144531,314.1137865404435,308.66881757245636,314.1137865404435,1390500
2020-12-08,307.5472412109375,310.92039168322634,307.2133383478959,309.0454670151831,1783600
2020-12-09,309.36224365234375,310.4238353350165,305.59528098213116,308.0780500515677,1522200
2020-12-10,304.2597351074219,311.81934360721976,304.09706848734476,307.7955263637117,1378700
2020-12-11,309.67047119140625,310.8776164424139,303.23238931302063,303.54058326970926,1409800
2020-12-14,306.2031555175781,313.01793624922664,306.0148060591336,311.2029466280278,1370500
2020-12-15,306.1261291503906,308.11235519624483,304.31113939803737,307.11924217331773,1521000
2020-12-16,303.5577392578125,306.40863802182304,302.77008889133776,305.8521592625586,1986200
2020-12-17,301.8711242675781,306.2031354002026,301.2547102738022,304.72202265942514,1658100
2020-12-18,304.80767822265625,305.4583447757023,299.65378984113056,301.39173107314423,4342000
2020-12-21,299.0887451171875,303.0183750608189,296.7343897867097,302.35059532125393,2128700
2020-12-22,297.864501953125,300.17603526587754,297.4107544929668,299.088760517534,1820800
2020-12-23,301.0149841308594,303.9258177230919,299.131489739246,299.60237640064213,1307500
2020-12-24,301.3317565917969,303.1210632531112,299.9876276511825,302.0680150676067,508800
2020-12-28,303.2237854003906,306.3401077320771,301.1091455687421,302.30772103208864,1023400
2020-12-29,302.9841613769531,305.93781798423004,301.18628457804516,304.7820381758611,1055900
2020-12-30,303.20672607421875,305.30422697584396,302.2136130490736,302.2136130490736,840800
2020-12-31,303.90875244140625,304.8076776494854,301.5543971443525,302.91563943541024,1318500
2021-01-04,295.0562744140625,303.90864403813305,291.9998879936133,303.90864403813305,1887200
2021-01-05,298.60931396484375,300.6640188399598,293.9091468435647,295.0563829747696,1479100
2021-01-06,297.9586486816406,301.28900385810704,293.46397031751894,293.6523197892855,1897500
2021-01-07,293.2670593261719,297.8045599529369,292.23115026622173,294.81665115309426,2048900
2021-01-08,287.7449951171875,294.0546623903135,286.8118175354308,292.6934202594765,3226300
2021-01-11,289.0976867675781,290.227783522568,285.36497619302105,286.80326690283266,3196400
2021-01-12,292.6677551269531,293.969062029122,287.34263076934565,288.10457212674424,3002200
2021-01-13,295.7840576171875,297.2480573045408,290.3733411369603,292.2910621108642,1648100
2021-01-14,297.4535217285156,303.746076370624,296.94840865207277,297.9329519748678,1965600
2021-01-15,297.3079833984375,300.0732901714976,294.7481654035458,297.15388641005393,1853100
2021-01-19,292.3681335449219,300.47567843969523,292.3510203659507,300.2787593100683,2017200
2021-01-20,292.513671875,294.3200919251416,290.416144908476,293.25850009006274,1780000
2021-01-21,290.8013916015625,294.1745163197504,290.19352111092803,292.5136498528398,1661800
2021-01-22,290.9811706542969,292.65917642067814,288.695294398844,290.00517091262407,1557600
2021-01-25,294.0888977050781,296.98261806828475,289.2860001586886,290.5359412534931,1976600
2021-01-26,283.11334228515625,294.49130566588406,283.11334228515625,290.22777321994636,3542400
2021-01-27,284.6715087890625,287.4282456657848,282.24010516595774,284.4745896810867,2666300
2021-01-28,280.7504577636719,286.5293301822689,280.1083608282722,284.35478070581564,1837800
2021-01-29,275.51953125,281.6494200320397,275.43391309657363,280.03989280479567,2101100
2021-02-01,277.4115905761719,278.7985159345573,273.7987236957013,278.1393057447182,1615500
2021-02-02,284.8341979980469,286.9745210183899,279.68885309650545,280.3223803498902,2065400
2021-02-03,284.56878662109375,285.4334593142045,281.067195333102,283.96091610053435,2683100
2021-02-04,288.7124938964844,289.7312898559437,284.3890252455285,285.93861719186725,2174100
2021-02-05,288.54974365234375,292.29959308887766,288.0874266476653,290.7328622890728,1454700
2021-02-08,289.2346496582031,290.65582708789185,286.9744824386042,290.2363321929368,1549900
2021-02-09,293.0872802734375,294.9450922162284,288.14742397468484,289.8339996190374,1677500
2021-02-10,292.9588317871094,294.28582150005445,290.3561918923461,293.8406437540637,1728900
2021-02-11,290.3476867675781,295.03068868932166,289.39736971279365,291.7517251533881,1181600
2021-02-12,289.1405029296875,291.6318418543281,288.13882034322853,289.71409482053286,1207300
2021-02-16,286.8289794921875,291.0839428787596,285.79307042279413,290.44184594593884,1668400
2021-02-17,288.5155334472656,290.4589372787166,284.9112369176802,286.5464467855132,2010900
2021-02-18,289.3032531738281,290.7244049606748,287.04305905726136,288.412871298181,1296200
2021-02-19,287.162841796875,290.30482104568773,287.01728835015933,290.2877078689513,1849200
2021-02-22,291.4862976074219,294.1317335898078,285.2707915141142,285.7759045858006,1657200
2021-02-23,296.41766357421875,297.479255569324,289.65422105135735,295.4759160977576,2400000
2021-02-24,296.67449951171875,299.90209772178923,295.03071968101017,297.31659651751215,2068700
2021-02-25,292.5307922363281,298.87471282593526,291.6575498467064,296.049470753059,1568000
2021-02-26,284.9046325683594,292.2461653629954,284.68895911448476,291.59050963847227,2024000
2021-03-01,287.6824035644531,291.3488509530436,287.12165805283786,288.1396300680553,1654500
2021-03-02,292.09942626953125,293.3244627798312,286.9922948412996,287.5098899454774,2076300
2021-03-03,294.1009216308594,298.77670688789857,292.0994658656617,292.97940398936544,4052300
2021-03-04,291.8061218261719,297.0685582613023,288.2690726597845,293.72993810865574,2196700
2021-03-05,293.6867980957031,294.3252093104649,289.1145322015352,291.9959258837325,1451300
2021-03-08,294.5667724609375,298.54377775469806,291.97005601625204,296.3352840033913,1599100
2021-03-09,291.15911865234375,295.77453513200084,290.96068962698183,294.5322541195651,1448800
2021-03-10,294.0404968261719,296.0678321437596,289.5976298497481,292.8068512406706,1760100
2021-03-11,293.0828857421875,296.4473852818074,291.9872480972028,294.17849705985475,1673500
2021-03-12,293.4797058105469,296.4646179686231,292.12527068804064,293.00523491333803,2151900
2021-03-15,298.84564208984375,299.0440710617853,295.55878214145355,297.09437543406807,2055800
2021-03-16,299.4668273925781,301.0800601788733,295.30000264737714,298.931961584001,1687700
2021-03-17,302.82269287109375,306.7306937598865,299.4668285140734,300.0706982274657,2083000
2021-03-18,309.2325134277344,309.7069843491527,304.1339913896164,305.281362226723,2272200
2021-03-19,306.3166198730469,310.07795129512647,302.029031669911,310.07795129512647,5739100
2021-03-22,308.55096435546875,309.1634693767332,303.6681159231089,303.6681159231089,2190900
2021-03-23,305.05712890625,309.9227343668282,304.2462209901446,308.0765570768384,1474600
2021-03-24,307.2224426269531,312.881710573744,306.2475946402126,306.2475946402126,1592300
2021-03-25,311.6222229003906,312.11396463352355,305.58336693191967,306.05783794137045,1598100
2021-03-26,314.6329345703125,315.0987964253825,310.3539822423856,312.5624754650134,2010500
2021-03-29,321.6035461425781,322.85443603361915,314.88315580189663,314.88315580189663,2245500
2021-03-30,319.66253662109375,322.75960389956936,317.9975177418922,322.000429217776,1518600
2021-03-31,318.76531982421875,321.4482845745285,316.93641340593445,319.84368694135077,1375500
2021-04-01,320.07659912109375,321.77610672084154,317.7645863812576,318.32533200682144,1261600
2021-04-05,326.74530029296875,328.1687399000667,320.9738762489345,320.9738762489345,1489300
2021-04-06,326.93499755859375,327.90984554765225,324.6488647636846,324.8127786553309,1035700
2021-04-07,327.9874572753906,328.16861554614565,324.4331641225042,326.7365411183416,976900
2021-04-08,333.0169982910156,334.2247904809913,326.3656375213831,327.4785197182282,1863400
2021-04-09,333.1980895996094,336.6747430344923,330.98096118822605,333.75883505801363,1400900
2021-04-12,334.595703125,335.3376069508477,331.5245161519539,333.9745627075683,1067400
2021-04-13,333.9573059082031,334.8976650975672,331.56765412084076,333.48283496048157,1124300
2021-04-14,335.30322265625,337.5203257916804,333.8625123754126,334.2075846421183,1078800
2021-04-15,336.9940490722656,338.17593524582963,334.466362813603,335.30317676768686,1289400
2021-04-16,338.011962890625,340.1945765524245,336.27794040385413,338.8832918141973,1499500
2021-04-19,337.9429931640625,338.5123741326303,333.53461492011553,338.1759109718453,1317600
2021-04-20,334.14703369140625,337.74447686811936,331.80914187451623,334.72504987185266,1370100
2021-04-21,334.0694580078125,337.2183106792092,332.09390863859187,334.3110111603832,1358500
2021-04-22,327.9012145996094,333.66400165796165,326.4432602768105,333.66400165796165,1670500
2021-04-23,325.48565673828125,326.6071478219652,322.0607622928762,326.6071478219652,1298000
2021-04-26,320.9047546386719,323.77751256211377,319.81775234624206,322.88893926304866,1518100
2021-04-27,321.9745178222656,322.85445584752387,319.3174330243964,320.4906837247406,1564900
2021-04-28,321.7329406738281,322.5438747322139,320.0161889018906,322.1815318504022,1110400
2021-04-29,328.12548828125,329.53168294272217,323.3720385224294,323.51007264603646,1385600
2021-04-30,328.30670166015625,329.54898265383287,325.753135763075,326.8401118870509,1103700
2021-05-03,332.4045104980469,333.3362344459168,327.0126748234564,327.6251799844395,1347400
2021-05-04,334.27655029296875,336.5799276317799,331.7402288154697,334.07812127247934,1509600
2021-05-05,333.3189392089844,334.2765428445743,329.2987836663854,333.2930594527425,1079300
2021-05-06,334.1556701660156,335.8465419179221,332.99966412857754,334.71641563030295,1079500
2021-05-07,336.743896484375,338.69359290726095,332.90492485080097,333.8625023366658,1203700
2021-05-10,339.1593933105469,342.48074279249835,337.56340479675936,337.6237733433375,1578600
2021-05-11,334.56988525390625,337.8998703804198,331.6280965055152,337.33912472713865,1353200
2021-05-12,328.3585205078125,336.7525409297081,327.99620384345803,334.6993254072785,1633700
2021-05-13,334.5267333984375,336.7783776915984,328.6431822531266,329.3592064547179,1105800
2021-05-14,337.1233215332031,338.2620831253493,335.23402090492385,336.597091202972,799800
2021-05-17,337.4167785644531,338.201833043856,335.3463188098106,336.13137328921357,979100
2021-05-18,334.0522155761719,340.0479466043244,333.9314258355174,337.5461141119723,1171800
2021-05-19,332.60284423828125,332.7667581020134,328.9881565314549,332.1369823978153,995000
2021-05-20,335.001220703125,336.0537080601661,333.06015989666315,333.6813004078238,1094700
2021-05-21,334.0522155761719,338.3398038049779,332.6201410463334,335.84660667333526,892500
2021-05-24,334.4749450683594,336.23484747232095,332.96523119260166,336.01917406149846,931400
2021-05-25,332.870361328125,336.01918799120466,332.29234497913785,334.63887283925527,978500
2021-05-26,331.386474609375,333.0601021875886,329.7300914241727,332.6287554164473,999500
2021-05-27,334.19891357421875,334.68201992340045,331.5159225693819,334.20752260834314,3979300
2021-05-28,331.94940185546875,335.2497776656369,331.3587862482635,334.1207087056348,935500
2021-06-01,331.7062072753906,333.8861812684715,331.0200669084607,333.71249262844015,962200
2021-06-02,334.4595031738281,334.81560076772206,330.5858981973018,331.7844641218187,1007600
2021-06-03,336.4222412109375,336.5872626286895,332.7310200863291,333.3042481945402,1649700
2021-06-04,342.28485107421875,343.51813864438714,336.6481199091667,336.9868565338552,1836100
2021-06-07,340.0353698730469,343.69184343919363,338.3851553490547,343.1012542965082,1087900
2021-06-08,337.4471435546875,341.03414675894624,336.179107759052,340.03535089583863,1065000
2021-06-09,335.9446105957031,338.0898629856907,334.48549864358216,338.0898629856907,1046100
2021-06-10,336.7437438964844,338.4981508420947,335.32804714346753,337.97705823810475,913700
2021-06-11,336.7437438964844,337.985725444692,334.5290208138704,337.66437617049183,751000
2021-06-14,337.95086669921875,338.25485495571706,335.1455552450566,336.648082604406,868400
2021-06-15,338.5501403808594,340.5043164704223,337.90744205973687,338.72385552423765,943900
2021-06-16,333.16534423828125,339.5924075194484,332.81794042677177,339.4273860705693,1524200
2021-06-17,332.55731201171875,334.83283707712593,329.66514329623124,333.75587749018996,1246400
2021-06-18,329.335205078125,331.8626099323365,329.17018360444956,330.1863670736501,2416200
2021-06-21,332.20989990234375,334.76335850828417,330.5683794391506,331.10688572428097,1186900
2021-06-22,332.192626953125,333.4085536338218,329.7346924614032,331.37621335925417,636200
2021-06-23,327.7196960449219,332.21866428716163,327.65891959296056,331.9580915443656,1024000
2021-06-24,328.0671081542969,330.02995154727864,327.30280389286924,329.62174479425306,1032700
2021-06-25,331.7844543457031,333.00907486270324,327.33762116651246,327.33762116651246,1708100
2021-06-28,330.0994567871094,332.40973054455685,329.0138033205576,331.4890985253379,778200
2021-06-29,324.3238220214844,330.386094695304,324.176161471179,329.93447234444176,1223900
2021-06-30,328.6055908203125,329.5522774459935,324.4974686327218,325.2617729006653,1077600
2021-07-01,330.22967529296875,331.0113403585821,327.62410740411946,327.70227126016005,752800
2021-07-02,331.3327331542969,332.8092324213033,329.12670446810614,331.55855754942297,778700
2021-07-06,328.8835144042969,330.33393252300567,324.5495679505043,330.0386379749165,1142700
2021-07-07,333.0611572265625,334.03389859281816,327.789217084029,328.6577399475022,952900
2021-07-08,329.96917724609375,331.50645298291676,328.24079893745926,329.63044064862487,894500
2021-07-09,332.73974609375,333.85148068569464,330.7074059901227,332.38367508220637,542900
2021-07-12,329.2309875488281,332.92220993531924,326.76438565236344,331.688895734479,1008200
2021-07-13,328.16259765625,330.63789253061657,327.9020514611411,329.1700871193511,709500
2021-07-14,327.2767639160156,328.6403510568456,325.87842844214464,328.1626476194709,698900
2021-07-15,328.5187072753906,328.86611105011923,325.69600853475606,325.80022701665376,713400
2021-07-16,327.5546569824219,329.79543383948777,325.93919101133906,328.84005358833224,890800
2021-07-19,323.1077880859375,327.27671272680084,319.23418447191364,325.8262682328378,1357600
2021-07-20,330.0213623046875,330.5945906361727,323.95906253099605,323.967756242224,1268000
2021-07-21,330.8116760253906,334.1207459131229,329.51755897503637,330.021317063291,922800
2021-07-22,329.9778747558594,331.38487750949713,328.1539714990197,330.6900698427075,688400
2021-07-23,330.7074890136719,332.21004332667496,330.20375734229606,331.74972720266635,795900
2021-07-26,319.65985107421875,325.1402285956368,318.22679355291206,323.9590501433551,2720700
2021-07-27,325.4615478515625,326.1737163805501,319.8335107478504,319.8335107478504,1460600
2021-07-28,323.7939758300781,326.7730026073434,321.86585419625277,326.56456562159315,775200
2021-07-29,323.61163330078125,326.44299989151074,322.52597969101294,325.5658097983642,754800
2021-07-30,322.8039245605469,324.514915769031,321.44900442381424,323.1513284266662,798600
2021-08-02,319.8769226074219,325.73078404620327,319.68584653959437,323.35101365504073,1176500
2021-08-03,320.875732421875,321.2752454552466,317.87931840856265,320.8149294696721,872900
2021-08-04,314.09259033203125,317.3234696229738,312.32946364671346,316.56785904653003,1608100
2021-08-05,313.34564208984375,315.29112460173485,312.5639769024026,314.7873930603385,912600
2021-08-06,314.4485778808594,315.67319785408426,313.15448776608906,314.66570851784525,704500
2021-08-09,313.57147216796875,314.7700378461785,312.47712498260995,313.27617760315377,945100
2021-08-10,314.6136779785156,315.32587300721707,312.7550530437322,312.83321691197335,842100
2021-08-11,315.5343017578125,316.44626654059175,313.5367100520857,314.79607863083345,900100
2021-08-12,312.4510498046875,316.4028175948518,311.625942615211,314.6918267692084,1005400
2021-08-13,310.913818359375,313.59755077639744,310.5056115610128,312.88535568049514,1222200
2021-08-16,312.88531494140625,313.1111393339265,308.81194119829627,310.9137778769892,1625700
2021-08-17,314.0579528808594,314.865672988769,311.51318660270744,311.84320311066773,1571000
2021-08-18,309.7152404785156,313.10247414884753,309.6804921445291,312.2339513356746,961000
2021-08-19,307.4831237792969,312.58134834056415,307.08361071541276,308.52536173445185,1345700
2021-08-20,310.2103271484375,311.634690881747,307.083639495153,308.0997964167113,904300
2021-08-23,310.36663818359375,311.8604985093906,309.5502246040761,310.8790634719781,827800
2021-08-24,311.7997131347656,313.09380374103785,310.8617200890224,311.77365850863987,822600
2021-08-25,311.5825500488281,313.2327380442116,310.92246424858996,312.3989635895821,953500
2021-08-26,314.07525634765625,314.3879383838167,310.2711216898713,311.8865881153983,1172400
2021-08-27,314.39654541015625,316.4288854879272,313.6930440949744,315.5256409012809,1203900
2021-08-30,314.4485778808594,316.107459128056,314.1880317185582,314.62229299252994,986000
2021-08-31,314.7548522949219,315.6734136330432,313.26769969980904,314.404935607656,1083900
2021-09-01,312.008056640625,314.50125704616937,311.9030842777707,313.4427234278649,1116000
2021-09-02,313.22393798828125,313.82755560952734,311.01068227602264,312.13918826751734,2071500
2021-09-03,311.43060302734375,313.4164009132799,311.10692942491994,313.22394273117226,893200
2021-09-07,305.48193359375,310.3108478502392,305.3682046659439,310.3108478502392,2033500
2021-09-08,307.4589538574219,309.31353616198163,305.70934387999876,306.522932809167,1215300
2021-09-09,305.24566650390625,307.6688931562247,304.3096188562376,306.62787319235525,1098900
2021-09-10,302.57757568359375,306.2517408841545,302.5250895162237,305.6918795332302,1222600
2021-09-13,302.9537048339844,305.5518766439716,299.83940129906136,304.3533981152476,1489200
2021-09-14,301.2303771972656,304.6945978291919,299.60325256756454,304.4321669847021,1325600
2021-09-15,301.8689880371094,303.4961126318948,300.85421096530405,301.6327735852051,1149700
2021-09-16,298.7459716796875,302.6301088498723,298.0898677887365,302.22770593856427,1451400
2021-09-17,298.2910461425781,299.8919276942239,296.6901378939999,297.38999797698824,2108000
2021-09-20,296.0865478515625,298.0023732933667,293.83831887340335,296.29651924449735,1709800
2021-09-21,293.9782409667969,297.49497452840353,293.1471921462025,296.3314688038655,1317000
2021-09-22,298.9470520019531,300.23301611760127,295.70150699293595,295.8065059936801,1335900
2021-09-23,301.1078796386719,301.6152547717348,297.52990383844246,297.687389021812,1366200
2021-09-24,305.76190185546875,308.7537473661826,304.00356156910306,305.2807696774495,1693000
2021-09-27,309.12109375,312.515341550687,307.3365107038719,308.05385723843585,1866000
2021-09-28,308.06256103515625,310.82694790979025,306.1117630622236,309.1210675606216,1140100
2021-09-29,306.4355163574219,308.4388010133879,301.78154635641005,304.54593395031327,1547700
2021-09-30,301.895263671875,308.1938447559858,301.7202919624825,307.52025439900046,1054300
2021-10-01,304.2572326660156,305.901870685335,299.85696365331717,303.8285866683825,960400
2021-10-04,302.6737976074219,306.4179622389113,300.6705132190378,304.160976905102,1127400
2021-10-05,304.21337890625,306.57536262038116,301.650207167731,302.68247045740475,889400
2021-10-06,306.1730651855469,306.30430732385895,301.1079622698844,303.5836492536301,995700
2021-10-07,307.7389221191406,310.10090645362123,306.3304987908197,306.3304987908197,1042600
2021-10-08,309.4622497558594,310.6957279337827,306.88156448548443,308.00131374887934,768500
2021-10-11,312.37542724609375,314.34373893460526,309.7860113443496,310.4683583284895,996800
2021-10-12,313.28521728515625,315.2622854749922,311.4393912258868,312.28795329261925,840200
2021-10-13,316.469482421875,317.0206138731266,309.1998546153105,314.59738680631756,1102100
2021-10-14,316.7406005859375,318.56893953115457,315.24466506054813,316.6968443249868,973300
2021-10-15,319.8462829589844,320.38865792844297,318.0004567437664,318.51658862428144,952700
2021-10-18,319.3038635253906,321.8233065008811,316.57447586758695,318.7177323580222,1014600
2021-10-19,324.6139221191406,324.7101378618351,318.12285678534494,320.6160565618425,1051300
2021-10-20,324.6663513183594,325.92607252761195,323.5028458349184,325.23496917187254,955200
2021-10-21,326.4248046875,326.52977703341224,321.17597381641184,325.10384037525716,803600
2021-10-22,327.7019958496094,329.8190092416514,325.64619852490773,327.11586468586904,1092000
2021-10-25,329.21539306640625,330.7638151866398,327.7107272195359,328.8479898729812,1350300
2021-10-26,290.3565368652344,307.23153314557004,285.1864360027793,304.7208203173019,9439700
2021-10-27,289.5080261230469,294.3106979803728,289.15810939319203,291.3101226438879,2822900
2021-10-28,289.9017028808594,292.93725124175313,284.4341704782082,288.6857108599807,2874600
2021-10-29,290.7152404785156,292.49982368060836,287.6709090856987,288.6856862166377,1821500
2021-11-01,289.4992370605469,292.35986674181436,288.7469175105794,289.09683420119063,1865000
2021-11-02,285.45758056640625,290.4702221802521,284.582775679329,289.95409050050773,2745000
2021-11-03,289.8666076660156,291.3975162342112,283.6380010772082,284.7489936843765,1902600
2021-11-04,293.4971618652344,293.707106582565,289.82296913032224,289.82296913032224,1847900
2021-11-05,297.3375244140625,297.88862921305713,294.24070682075836,294.7655952310201,2145300
2021-11-08,298.99090576171875,300.0756556143597,295.31671342022526,298.85969032743714,1733000
2021-11-09,295.8328552246094,299.18334704279476,294.8968073514513,298.6409721471505,1769200
2021-11-10,295.3604431152344,298.0461011152187,295.2467141834471,296.3577070229603,1268700
2021-11-11,293.83831787109375,294.9930403920895,291.57254901443855,294.93182432058825,1216500
2021-11-12,296.6114196777344,297.7749254290905,293.08595613784803,293.60208795123356,1097400
2021-11-15,298.2386169433594,298.87720768846333,296.93513896970967,297.0401113279768,1068600
2021-11-16,297.7573547363281,300.61798399134193,297.223736534622,299.0870753382182,1307500
2021-11-17,299.1745300292969,300.5392235869045,296.9787878047859,296.9787878047859,1751000
2021-11-18,299.2532958984375,300.1543440204411,297.61741474754143,299.8131839377448,1431300
2021-11-19,298.6934509277344,300.05814472718214,296.86511150022983,298.20356221495484,1426500
2021-11-22,301.790283203125,304.07351177672274,298.7284652496993,298.94716653208684,1229400
2021-11-23,301.9652404785156,304.51092671255986,301.5191079982355,301.7902954636586,1212700
2021-11-24,300.56549072265625,303.5573355749723,300.10184513965527,301.6852400569,1134500
2021-11-26,299.8131408691406,300.25929991781396,295.75403325805314,296.812566424634,1079900
2021-11-29,298.509765625,301.4578546564461,296.7339122700287,300.9329662364144,1492300
2021-11-30,294.0024719238281,298.4479476406204,293.746672010194,297.4248018216965,2763200
2021-12-01,289.6804504394531,296.32223032195475,289.4863999854465,295.4842790619706,2248300
2021-12-02,291.5415954589844,294.5229043260573,289.6010905994076,291.0741138679694,1804100
2021-12-03,294.4347229003906,294.93749378737726,291.3740331207132,292.26490501683213,1603200
2021-12-06,299.8592224121094,302.02023774852034,297.4688942826578,297.4688942826578,1946900
2021-12-07,299.1625061035156,301.7556874986445,298.8361276153342,299.89458987614006,1540700
2021-12-08,300.84710693359375,301.9937785739301,299.0301011572613,299.638712762886,1376900
2021-12-09,303.0699157714844,304.4017821143051,298.36861250668505,299.8416358474595,1591500
2021-12-10,304.1988830566406,306.2804908559078,303.95191218354444,305.0456364904267,1180700
2021-12-13,304.7898254394531,305.89237874652366,301.22639253182103,303.7754817805093,1740700
2021-12-14,304.8692626953125,307.30368233061506,303.20218901190646,303.20218901190646,1786000
2021-12-15,303.793212890625,304.86930625372355,299.89457161578264,304.6487955393002,1208900
2021-12-16,304.1636047363281,306.9155736833224,303.1316298401089,304.89571525923935,1185900
2021-12-17,303.5462341308594,306.20999380191404,302.4701407955412,304.78989084042666,2749500
2021-12-20,297.6188659667969,300.94415732565284,294.0906950922434,300.77656705568694,2315400
2021-12-21,300.5736999511719,302.87584553913734,298.7037736172954,298.8096144410531,2352400
2021-12-22,302.6642150878906,303.731479465056,300.80309056264184,300.91776044704557,1311400
2021-12-23,306.0864562988281,307.23312799036347,303.22864648763715,303.22864648763715,1061200
2021-12-27,308.9620056152344,309.42948730529906,306.0689057956652,306.1571154748465,965900
2021-12-28,312.0225830078125,313.27509539686537,308.28273083860375,308.7678435220946,827500
2021-12-29,312.4813232421875,313.566245681371,311.0877073274412,311.7492394913259,771700
2021-12-30,311.8727111816406,315.6213934398517,311.8109886372783,313.12522392116284,778500
2021-12-31,313.4868469238281,314.9422122166526,310.090976628697,311.5110795889785,887200
2022-01-03,312.5606994628906,314.5276647595088,311.38759428598644,312.8429596424417,1205700
2022-01-04,319.2906188964844,320.6578011916494,313.3103706444333,313.59263076034165,1361100
2022-01-05,315.8948059082031,321.0635635436042,315.6566371364188,320.18152078661626,1682200
2022-01-06,315.771240234375,318.62904954905616,315.3743103105346,317.53532537534915,1368800
2022-01-07,317.6589050292969,320.17270546014566,315.9036215635923,316.72391490245474,1634600
2022-01-10,320.4020080566406,325.87948564018257,318.779052732547,320.1814973835115,2389900
2022-01-11,321.18707275390625,321.9809058771,318.65558734918073,321.07240288496973,1128000
2022-01-12,318.6820068359375,322.9687482219343,317.05024942590995,320.51667066887484,1477100
2022-01-13,322.1043701171875,324.02721688255235,317.64123588449587,319.35240100018655,1244000
2022-01-14,328.666748046875,328.99309954049517,321.03708404108613,322.10434817590516,2165000
2022-01-18,332.1243591308594,332.84761367281385,325.3502508732496,326.7527224257789,2471600
2022-01-19,332.8211669921875,336.45520560188544,330.04273781360587,331.2070406618254,3336700
2022-01-20,330.88067626953125,336.190563535417,329.8927927705578,332.53892082186815,2109100
2022-01-21,327.4142150878906,332.6182609044715,326.0734931445279,329.8839235343958,2795400
2022-01-24,329.2930908203125,330.3603821970242,322.2455760892874,325.9589694636003,3022300
2022-01-25,341.50048828125,342.2325718875867,327.0437953265851,333.27984375398574,3182400
2022-01-26,345.0904235839844,347.1985188400627,338.43984011548145,342.2326134666734,3640500
2022-01-27,343.18511962890625,348.9360545524101,339.35705801224594,343.4585775966283,2566200
2022-01-28,346.7751159667969,346.9338772080183,339.3924221540928,343.20285345026576,2145100
2022-01-31,343.22930908203125,344.8698957217373,339.30420796913734,344.4377033760144,2363400
2022-02-01,341.359375,344.44652464045384,340.65372464578246,344.190724704687,1951100
2022-02-02,341.650390625,342.5412622990417,339.5952431316047,340.5654684947652,1620600
2022-02-03,343.7320861816406,345.91073295061335,340.81252669887846,342.3913639128514,1649000
2022-02-04,343.4056396484375,346.5016178425368,339.86866706439304,342.2325348136576,1645800
2022-02-07,346.0606689453125,348.91847900380697,342.4972084960842,345.7607776234294,1243000
2022-02-08,349.3241882324219,350.02981160467004,344.52587393127703,349.0066388724459,1311400
2022-02-09,348.00115966796875,350.71783953742784,347.2514179349586,348.8479131844768,1541900
2022-02-10,339.9656982421875,348.98900440434653,338.6426342433973,346.678056926642,2301100
2022-02-11,349.4565124511719,351.8027493504878,339.8951724580382,341.13885594138657,3276400
2022-02-14,341.3241882324219,348.86564527980613,338.51929789151137,347.507318411003,2799800
2022-02-15,337.1344299316406,341.6151959083856,333.6944680907402,336.86099879286473,2418600
2022-02-16,341.2623596191406,342.8588549603007,336.9403552107326,337.69009698677934,1776800
2022-02-17,342.91180419921875,345.4873812784339,340.265675532735,340.5743959273873,1248800
2022-02-18,340.874267578125,344.94930118213745,340.21273544973826,343.2381628410967,1459900
2022-02-22,340.64495849609375,347.01330893221365,339.64824577149733,345.1168952757032,1680900
2022-02-23,343.0264587402344,344.2436821792283,339.14547558652566,343.2646275369663,1839500
2022-02-24,349.03314208984375,351.9174392173701,341.721026800311,351.2559071301847,4140900
2022-02-25,361.1877136230469,365.56266548645726,348.600971997631,348.6098010397229,3376300
2022-02-28,385.2645263671875,385.3533433454931,367.2357909997483,367.5111046603001,5808600
2022-03-01,405.52239990234375,407.2275935644142,386.3302372191889,386.3302372191889,5719300
2022-03-02,399.6520080566406,401.03746618298607,381.25025229044047,395.54002861502266,5003400
2022-03-03,397.7159118652344,404.89187357951505,388.49726812530764,394.9627482412722,4603500
2022-03-04,406.8901062011719,410.8955157328767,393.49733654135656,399.69636531369673,3320300
2022-03-07,413.99505615234375,426.28657205082004,411.1974976043881,411.2063874328473,5210100
2022-03-08,398.7550048828125,415.6380907016236,398.1954877319046,411.89024187655616,4133700
2022-03-09,398.51519775390625,404.7497589555535,384.0477883247924,388.5505405219939,3477300
2022-03-10,394.64300537109375,405.8332665113975,392.7602047769831,400.21150711093935,3049600
2022-03-11,389.918212890625,398.48852152147873,389.53630265057217,392.54702702116566,2649100
2022-03-14,394.7229919433594,399.45663619814366,390.06924773760437,399.1546801444684,2475700
2022-03-15,398.4707946777344,400.0249968080676,391.01949259766076,394.9893699804088,1778700
2022-03-16,374.1986389160156,388.0088533212472,365.3352351093283,386.3746966998256,5815500
2022-03-17,380.6374206542969,383.47051128065976,377.2714553048409,379.2786050171334,2947700
2022-03-18,378.4970703125,388.5416547949675,374.5183300815641,386.03718959714985,5215700
2022-03-21,390.7708435058594,397.8135933397465,383.33732066021554,383.33732066021554,3245200
2022-03-22,391.2948303222656,394.1812058848467,385.6108961735024,390.2823926800986,2113800
2022-03-23,395.433349609375,397.4316090964521,392.85782057999023,394.32320544988767,1715100
2022-03-24,399.41217041015625,400.9841249968701,393.6394199949189,395.47779837492914,1375400
2022-03-25,402.90252685546875,406.33952989529257,399.6520205030012,399.67866288690925,1646300
2022-03-28,395.1936340332031,400.060489492791,393.71046926378415,399.0480519443809,1676200
2022-03-29,388.23968505859375,389.10115817695186,381.2857526251662,384.7760400323054,2451100
2022-03-30,396.0550842285156,397.04087933978786,390.1579848028414,390.1668746300848,1719500
2022-03-31,392.0141906738281,398.648414786557,391.65894988141076,392.5115332038394,1660700
2022-04-01,396.0818176269531,398.7550272377362,389.7229064765813,392.7424941918732,1174200
2022-04-04,394.3321533203125,397.8757253259946,390.37113886196323,397.41391504479765,1166300
2022-04-05,397.2008056640625,403.9238471489861,393.7726925145907,395.2114354261571,2240200
2022-04-06,403.7195739746094,406.3661681964797,396.4370423804928,396.4370423804928,1941400
2022-04-07,413.4266357421875,415.1051598650538,400.3535751094845,402.3163026838109,2032700
2022-04-08,409.883056640625,418.8263862486563,408.18675277978184,415.38938359313295,1710700
2022-04-11,412.30755615234375,421.36634367157933,410.47804067778566,411.8990306753503,1911200
2022-04-12,415.23834228515625,418.9595479601967,409.7586854731974,414.0394081838504,1502300
2022-04-13,416.69488525390625,421.50845575855,414.0838236933586,418.30237203125347,1212400
2022-04-14,415.3361511230469,420.72701940254,413.8974081654667,419.1106424809786,1965200
2022-04-18,415.14068603515625,419.1638479193629,407.7426691959881,414.7499130708646,1638900
2022-04-19,408.44427490234375,422.2988808296853,407.1387441550857,410.7444905802495,2044000
2022-04-20,403.08892822265625,409.7409038290033,402.1208856987315,408.42651039617704,1636200
2022-04-21,390.3622741699219,404.9362520198201,389.74947233852134,404.0925314974185,1937600
2022-04-22,395.9129943847656,400.4512513286637,389.34094546974177,391.56123409665065,1451700
2022-04-25,393.33746337890625,395.05151968707173,384.79377001110157,393.4351430685844,1499800
2022-04-26,396.1794738769531,401.71244367020887,393.595054299516,397.02319451504883,1440400
2022-04-27,395.1936340332031,401.42819491389713,390.12247515399497,396.3037783775447,1017500
2022-04-28,392.28955078125,398.7639213696493,388.5683440906407,398.7639213696493,1348800
2022-04-29,383.77239990234375,395.22021974938804,382.22708786957924,394.7050976697135,1479500
2022-05-02,382.60906982421875,388.54167537793654,378.47044798015486,381.53445756418245,1397100
2022-05-03,386.1259765625,388.639358672851,382.7422585847476,385.7796256018148,1332000
2022-05-04,395.8685607910156,396.0905896472233,386.2325301141085,388.1330830296175,1172600
2022-05-05,393.568359375,397.40502465424606,389.53630761107564,395.86857515640645,1183800
2022-05-06,399.1457824707031,399.2789943883628,390.69093182455197,392.1296747415495,1409800
2022-05-09,389.7406311035156,398.56850198359217,388.2130712483298,397.0142997455947,1354500
2022-05-10,389.9981384277344,396.5435448995414,388.5505059206033,390.71750976758824,978500
2022-05-11,391.13494873046875,395.20250577557107,387.7689834127432,388.55052938549426,1018200
2022-05-12,385.9661560058594,391.9431837611202,380.4243233254696,390.11366779027003,1390200
2022-05-13,386.4812927246094,388.73708692276114,381.00160733246554,386.6500097603356,1114700
2022-05-16,388.594970703125,391.09946320480435,383.8080417033403,386.3302867599252,1004700
2022-05-17,391.6589050292969,392.7424069391268,383.0086694052802,390.60204549826886,798100
2022-05-18,385.7351989746094,392.60923147783257,384.6428342392327,391.65894137382855,986900
2022-05-19,377.99969482421875,384.5451013772775,372.37793593129123,382.64454840121067,1539800
2022-05-20,376.6941223144531,380.1133718510287,370.6016639900814,380.1133718510287,1632500
2022-05-23,384.5807189941406,386.907577661599,379.61615576096773,379.61615576096773,1038200
2022-05-24,393.23974609375,393.7104461840325,384.5539783369167,384.5539783369167,1034100
2022-05-25,397.46722412109375,398.43526677750816,391.9253648920146,393.86147730797796,1032200
2022-05-26,397.8667907714844,403.257657502196,397.67140430849406,399.6519113150264,1143100
2022-05-27,400.1492919921875,400.9574802980213,394.73178236706286,400.66441412709065,1265800
2022-05-31,393.312744140625,397.6827996819199,391.7935228424908,395.89546125638316,2539100
2022-06-01,392.5888671875,396.6550783959142,390.0776589266706,395.9222631092172,1199000
2022-06-02,394.2063903808594,395.4843580078353,384.6709557089695,394.7872971534023,1210000
2022-06-03,395.6184387207031,399.09479788854446,392.4637873889594,393.21446627914145,928000
2022-06-06,396.2618713378906,398.57647134044925,394.60857782960016,396.6282789900884,690000
2022-06-07,407.7812805175781,408.1119610593394,394.46561373397685,395.00182075513715,1126000
2022-06-08,396.2618713378906,406.2977864770053,395.8150367287646,403.938486649962,1151600
2022-06-09,386.7085876464844,396.3870143422154,386.5119793059903,396.27086024009805,995100
2022-06-10,384.4476013183594,388.1652689077901,380.47970741390077,385.17147127514085,1165700
2022-06-13,378.853271484375,382.8122204780007,376.6995249048596,379.2732972035772,1483000
2022-06-14,371.9183349609375,379.05874337202766,367.39634357226134,378.9246984422277,1497800
2022-06-15,370.0684509277344,374.4474249052765,365.3945508178134,373.1605389720023,1241700
2022-06-16,361.7483825683594,368.9871089323661,360.16657054477275,366.7886629457916,1580300
2022-06-17,361.05133056640625,362.29351667017164,352.69551743584367,360.6581139057241,3757100
2022-06-21,374.41168212890625,375.78794048664236,365.51968896134525,368.1917514399444,1474400
2022-06-22,371.2748718261719,375.71640874270696,368.00403935389886,370.0326585748266,1073300
2022-06-23,366.9584045410156,372.00762954363313,363.88418062954884,371.20333280144376,988700
2022-06-24,374.4831848144531,374.87640148165417,367.01209541025474,371.62343219346747,1768000
2022-06-27,374.67083740234375,378.1918964699382,373.08010720982304,374.48317449400395,779000
2022-06-28,375.9756164550781,382.09725682445196,374.76023925627396,378.02212685856665,953300
2022-06-29,374.3490905761719,379.28213456145954,372.15064478835774,378.07567573109685,733800
2022-06-30,384.24200439453125,384.56373949063703,372.5528231733385,373.696718666766,1269500
2022-07-01,387.4234313964844,388.7103171254175,379.344682098048,384.04536317618937,1296900
2022-07-05,371.09613037109375,380.49752041208126,363.91102246219305,379.6217420621899,1712800
2022-07-06,380.6047668457031,382.3652688869982,371.12292299586096,372.57066265319315,1044900
2022-07-07,377.2982482910156,382.4904648019614,374.9389482210043,379.3447586479026,1177100
2022-07-08,375.6538391113281,381.56992462235655,375.3142404648744,380.29198426132797,682000
2022-07-11,374.5099792480469,378.0220928561036,371.2123375328116,373.4643742253001,602600
2022-07-12,369.9700927734375,375.2427627203618,368.7279068028141,374.86740966717076,680500
2022-07-13,364.61700439453125,373.3481419610325,364.3757235480007,365.6089640362188,1155500
2022-07-14,357.74468994140625,362.26665359143584,355.2513454136048,360.3184614187991,1160700
2022-07-15,356.01995849609375,360.78320357612967,355.51056048057205,360.78320357612967,1223200
2022-07-18,346.1002197265625,357.4676934698072,345.8768024181439,357.4408844837018,2759700
2022-07-19,348.8705139160156,349.04031321042004,333.9373123340972,338.53970229992086,3023800
2022-07-20,353.1959228515625,355.2156238595024,344.6613933709172,349.1207937059376,1560300
2022-07-21,353.17816162109375,353.49092409638666,348.2093618849915,352.39172817694066,941000
2022-07-22,352.7669677734375,359.22820584334085,351.62307229971526,357.4230038954318,769400
2022-07-25,357.2889404296875,360.8010811637853,351.7750166584328,352.4363231487798,1038300
2022-07-26,354.61688232421875,360.1308334320626,354.4024104378602,357.6285432431915,992400
2022-07-27,356.1628723144531,356.7973697062773,352.10560717413466,355.49262052414707,838600
2022-07-28,362.90118408203125,363.51781802432293,354.0181371450273,356.70806294609645,1014600
2022-07-29,369.8092346191406,370.11307886222426,359.2550039727941,363.2675697924165,1493500
2022-08-01,374.6976013183594,382.93723199859204,372.33832893658223,373.76817776305654,1721900
2022-08-02,383.1875,386.815794973909,374.53678820371545,379.8183767449762,2453900
2022-08-03,383.6522216796875,385.85066780600226,375.01940019437035,381.83807408166825,1330500
2022-08-04,382.6065673828125,388.4332802677865,381.4984263935065,384.9122217285725,1126400
2022-08-05,381.0694580078125,382.3473983216774,374.9210100134686,380.0417439601072,932500
2022-08-08,378.7906494140625,383.7147758933945,376.8424569214587,382.04361869686636,814800
2022-08-09,382.9819030761719,385.9578366164165,380.4349678184108,381.55205425518955,747400
2022-08-10,384.268798828125,386.28849988559193,381.0069118024118,384.3403076346049,1409300
2022-08-11,383.2500305175781,386.50297212742066,381.77548183579773,383.59854731348827,949300
2022-08-12,388.0668640136719,388.1115638325594,381.76650772295943,383.2946742584832,978000
2022-08-15,391.4360656738281,393.1876497171714,384.15263967748314,386.6727934355085,884900
2022-08-16,393.3574523925781,397.682808202334,390.46197280841096,390.46197280841096,851100
2022-08-17,394.6354064941406,398.12071116459816,388.74612932489873,389.7559799555001,996500
2022-08-18,392.6335144042969,397.3073862221735,390.4172052753655,394.92130505943175,866500
2022-08-19,393.2413024902344,394.03668126113155,389.67557069685296,391.8561259789922,1013600
2022-08-22,386.3599853515625,394.6800705245838,385.92209617973685,391.8828816220472,1086700
2022-08-23,387.0660095214844,388.50483115234886,384.54585576706955,386.8962101872963,915200
2022-08-24,387.59326171875,389.1482646746311,385.11780784891357,387.84348800424743,740200
2022-08-25,391.9989929199219,392.17771036076203,386.44928865675087,387.5931839140617,727600
2022-08-26,385.2876281738281,395.6988694833633,385.11782883449297,393.57193230442533,876200
2022-08-29,383.9917297363281,387.7630144036362,381.1320049993077,382.18652798472243,868100
2022-08-30,379.9076843261719,384.6083928450251,378.9246700661722,383.77728706988273,976100
2022-08-31,377.92864990234375,382.0937770248002,377.8476896879687,379.95273762206,909300
2022-09-01,380.1775817871094,381.0501894660564,375.8505348558665,376.2463585939523,948800
2022-09-02,376.54327392578125,382.9483823302272,375.62566997173684,382.3186552030769,869800
2022-09-06,375.83251953125,380.77128363679805,374.0333308643469,376.93903044463394,962500
2022-09-07,377.9556579589844,378.6393311315363,370.8668486897802,373.64659248532314,1255700
2022-09-08,377.5148620605469,378.7922984506151,373.124836093707,377.44290657327235,1112600
2022-09-09,379.2060546875,381.0862038296676,376.94806378956605,378.4503986294119,1284600
2022-09-12,376.6062316894531,379.1700538953362,375.5806808443449,378.72926140232147,1349700
2022-09-13,368.23089599609375,378.54924296584386,366.4586942556653,375.418672599408,1621200
2022-09-14,374.7980041503906,376.39027629094113,367.3043677266524,369.00461425174035,1004100
2022-09-15,372.0632629394531,373.17875126533056,369.49043600629864,373.17875126533056,1189200
2022-09-16,372.6929626464844,374.0243447560714,368.8426998057707,369.95818804968235,2023300
2022-09-19,374.6990966796875,375.706665595164,371.28965324182417,372.4321283901186,695500
2022-09-20,378.3514099121094,379.09808865627156,370.9387606601885,374.23127953900735,1112100
2022-09-21,378.0095520019531,390.23503576720145,377.8566088849012,385.01737213207355,2106400
2022-09-22,379.7008361816406,382.07577884993475,371.5325301645605,377.6767485475722,1409900
2022-09-23,371.5954895019531,377.8386772392195,366.6566972572365,377.6317606305577,1874600
2022-09-26,366.71966552734375,370.8218139500852,365.69414214838014,370.35403472764744,1208300
2022-09-27,359.6039123535156,369.1216379532089,358.3714722272301,368.11409646174764,1051900
2022-09-28,359.83782958984375,361.717978955037,351.8314433721593,357.3189757640939,1161500
2022-09-29,350.6529235839844,359.3070176827475,347.14451076738357,358.92019866333436,1127700
2022-09-30,347.50433349609375,350.75185614947736,343.24023730999323,343.3122202369636,1343700
2022-10-03,359.6039123535156,362.38365618553,350.014231270195,350.60796696054473,1273800
2022-10-04,365.3342590332031,366.8905671876612,359.6848074473779,362.63547590392153,1060000
2022-10-05,362.0958557128906,366.72876272543795,360.53954706642503,365.33437452909243,828400
2022-10-06,359.48687744140625,363.076277490517,358.1104992130827,361.29507083185814,746700
2022-10-07,363.400146484375,364.038878275464,356.2483874696047,358.5423422104204,1124700
2022-10-10,368.8246765136719,376.59718482774474,365.3702375252308,366.6656555775763,1112500
2022-10-11,369.7872619628906,374.3751987706902,364.92945782369645,364.92945782369645,1013600
2022-10-12,357.5168151855469,367.84414123080677,357.2649298540391,366.0719391812351,921700
2022-10-13,365.1993408203125,366.1798954376959,351.93932793579836,353.54060489545685,1012700
2022-10-14,350.31109619140625,364.6776213992613,349.1326295972167,363.7330307058288,1369100
2022-10-17,357.4178161621094,360.38646642908526,352.77590618845556,353.54056684917356,1617200
2022-10-18,388.4808654785156,391.7823892021507,361.2231645207034,362.6714984130864,4588500
2022-10-19,395.78558349609375,402.63151182976105,387.14049363876876,390.3970212947735,2623700
2022-10-20,399.7257385253906,400.59834611757606,393.97734507234895,395.47965221910283,1781300
2022-10-21,408.9646301269531,409.0366130587105,395.95650173643446,399.16806059335346,1620200
2022-10-24,411.52850341796875,419.3729687683582,409.8192793124105,412.9858421548494,2013600
2022-10-25,413.9483642578125,416.9980025000036,406.78760040680396,408.46083283978317,1537000
2022-10-26,416.1164245605469,423.3851634042857,414.2272706432984,415.76559698569156,1554600
2022-10-27,424.5455627441406,426.5696500685302,417.77161826332116,417.9335386604464,1513700
2022-10-28,436.1863708496094,441.82684580585226,424.87846165432325,426.40778325073546,2045300
2022-10-31,437.8146057128906,439.2089935358804,431.2925461682464,432.21015004679987,1288200
2022-11-01,436.87005615234375,441.8448123513904,435.286761138843,437.2298884408365,1229700
2022-11-02,433.65850830078125,439.79374917909456,433.15473759352125,435.8895124711073,1291800
2022-11-03,436.1413269042969,440.7742321838425,430.5008529206263,431.5983590944309,1291100
2022-11-04,433.30767822265625,437.65270741096174,425.12136309694216,436.447254121756,1481100
2022-11-07,439.5688171386719,440.7652656140809,432.6689159942968,434.03631705584127,944800
2022-11-08,444.507568359375,444.99335700903197,437.9585224049059,439.79370261760005,1221000
2022-11-09,436.46527099609375,442.99633612166105,435.6196499347992,440.5764246201719,1383200
2022-11-10,441.4939880371094,441.89881654821477,431.53549767044206,439.23602448408593,1601000
2022-11-11,417.285888671875,435.2507918092813,416.161395554745,432.47104811814944,3061800
2022-11-14,415.6485900878906,424.5905603152135,413.24666104229016,420.4254339927081,2286700
2022-11-15,420.33551025390625,427.2983625696393,412.05923026378395,419.0670787744571,3272800
2022-11-16,419.4268493652344,422.1436417973398,415.2437412440507,418.52725504010067,1022600
2022-11-17,425.3013000488281,427.109493856169,417.6457691951592,418.3114603684922,1401900
2022-11-18,428.9446716308594,432.58801850657625,425.30129730169614,426.0749628755382,2160300
2022-11-21,432.6509704589844,435.3677358993883,430.21307711049343,430.44695300643826,1730500
2022-11-22,431.3554992675781,435.63757724248893,431.15758740856694,434.4770928213122,838400
2022-11-23,432.76788330078125,434.4950891696809,430.65383097642393,431.6073988412928,1020200
2022-11-25,434.91796875,435.85355475884165,433.08281565433913,435.67362486940976,321500
2022-11-28,434.6930236816406,436.5191993051731,431.8053332028111,431.9042754140171,939000
2022-11-29,435.4936828613281,436.3932773198504,433.37062566342456,434.5940884028059,802600
2022-11-30,439.19598388671875,439.8839478494912,432.4431689679999,434.49797235070577,1470000
2022-12-01,437.8381652832031,441.73959267244993,435.10445889636975,440.39988068422997,913600
2022-12-02,449.1894226074219,451.6515787663987,436.13636785017195,436.13636785017195,1744400
2022-12-05,444.156494140625,448.0579214807769,442.0292590466053,444.33751838023426,1357200
2022-12-06,438.1188049316406,444.74490588407366,436.4894485251385,444.74490588407366,1076500
2022-12-07,435.5842590332031,442.86208069330945,434.93251092375374,438.390369869378,999800
2022-12-08,439.36798095703125,442.4728244641701,435.9010337015467,439.2593608823825,762200
2022-12-09,437.73858642578125,443.8758691174305,437.4036653287977,439.6033322860323,856400
2022-12-12,440.2188415527344,440.9882705224805,436.7609554413998,438.9787164204383,1129200
2022-12-13,434.6971130371094,443.8849291066826,433.29405773509455,443.55000801037176,1730900
2022-12-14,439.19598388671875,441.98400038779545,434.62471418580054,435.57516745046286,1071800
2022-12-15,433.40264892578125,439.11448419344043,430.0805379527323,435.40314211411044,1067300
2022-12-16,436.11822509765625,436.86047135264477,428.7679733375489,430.5421653702497,2590600
2022-12-19,436.11822509765625,441.72143983896933,434.43453136155534,436.1091642181432,929700
2022-12-20,440.06494140625,444.8625394244853,436.14542004219203,437.10493412091205,1014300
2022-12-21,441.42279052734375,444.06599875410615,439.64859815917157,441.6309974230839,988300
2022-12-22,433.8642883300781,440.6714404378377,429.0214687822114,440.38176851311704,1520700
2022-12-23,437.4760437011719,438.28166088679797,433.01336703943116,434.0453128470041,661600
2022-12-27,439.4765930175781,442.862047530703,437.66618480741306,439.0239909650369,788800
2022-12-28,437.41265869140625,442.6447364756423,437.1229867942711,440.064899664508,810300
2022-12-29,440.8796691894531,443.1608013219535,437.4851536347926,438.11880758818455,764000
2022-12-30,440.3727111816406,443.3779952694073,435.62038990039537,441.73957814241544,910000
2023-01-03,432.2620849609375,438.3450572266102,429.07577667877945,437.56659501051377,1657200
2023-01-04,431.32977294921875,434.22643724868044,424.81229208774886,428.3878594925871,1391300
2023-01-05,431.845703125,432.8142780892235,425.3553779262261,430.5965171150124,1210100
2023-01-06,428.37872314453125,441.7395427444721,421.6168483012238,434.4979108962021,1969200
2023-01-09,415.47967529296875,426.161101643059,412.13946951766883,423.44548898832016,2377000
2023-01-10,418.466796875,421.3453391850721,413.58773368230766,418.36721006257983,1003400
2023-01-11,419.1094970703125,421.41775646868524,417.3353047744164,419.44441816638795,1056400
2023-01-12,417.96893310546875,421.7164913465691,415.6606736958428,419.1004382326652,936600
2023-01-13,407.1878967285156,410.7000926129378,402.5804117563048,404.1735796110035,2208600
2023-01-17,404.77105712890625,410.51004764430246,404.3275159724376,407.6133835570461,1753100
2023-01-18,399.4393615722656,405.73960134044216,398.8781395087828,404.7710264246204,1645100
2023-01-19,397.6651916503906,403.64860482564694,397.4117356196839,400.78815669359403,1469900
2023-01-20,401.2588195800781,401.3221904886581,396.13536173282324,399.50272164702267,1410000
2023-01-23,399.4483947753906,404.4722656080978,399.068196964575,401.10490583588313,1739600
2023-01-24,406.6448669433594,408.2108524303594,396.19880340238683,400.25412790628695,2865000
2023-01-25,411.1074523925781,412.60103346924126,402.6709444736854,405.53139243168636,2352500
2023-01-26,416.2218322753906,419.79739898131294,409.9034986648614,412.18463033280204,2168900
2023-01-27,416.03179931640625,422.4406320267615,414.08561607577286,417.1723376686799,1587700
2023-01-30,416.92791748046875,422.4587284237108,416.3033244948649,418.2042584673708,1642000
2023-01-31,419.3448486328125,419.54399463430195,415.4977313139852,418.4577386944257,2062000
2023-02-01,418.4305419921875,421.1733089612667,416.21278117947674,418.6659038681285,1242500
2023-02-02,413.8502197265625,416.7830718520415,410.89021258601923,414.9183538186031,2104700
2023-02-03,415.56103515625,418.74737087760957,411.81350500622995,415.7330261241476,1302900
2023-02-06,424.6312561035156,425.23772739110024,418.8832044451965,419.6345117062167,1393500
2023-02-07,423.9342346191406,428.15248914577853,419.2452838935795,427.75419712182907,1334800
2023-02-08,425.1290588378906,426.6950717239868,419.39912959505773,420.8927106903771,865000
2023-02-09,425.52734375,429.37446073829176,423.81652256001627,427.64551778859754,799000
2023-02-10,435.2492980957031,436.18165726266,427.60033962396847,427.60033962396847,1436300
2023-02-13,436.28125,443.0974362182492,434.5885226411309,439.1960084995162,1203100
2023-02-14,435.92816162109375,439.02397167932173,434.1901852854789,436.7157123626146,875600
2023-02-15,434.9595947265625,438.34504893888686,432.1443958450774,435.24923901972966,927100
2023-02-16,426.5774230957031,432.3073527725784,421.91562760430594,431.7823465605313,1939500
2023-02-17,430.5422058105469,430.569360827004,426.20627068532247,427.06622558085724,1184200
2023-02-21,433.7647399902344,436.67043731653257,430.15298459517294,434.9596159911062,1379400
2023-02-22,434.0725402832031,436.00969040322735,432.2078219641986,433.42079219721643,900300
2023-02-23,433.6651306152344,437.29500758258666,430.4516673876527,434.4979304701413,917400
2023-02-24,434.86004638671875,436.1273266084115,432.05390813713257,434.0091523183029,1009300
2023-02-27,434.03631591796875,438.2093212880853,431.9543574857844,434.97773594039813,1149000
2023-02-28,432.0050048828125,435.89455193868275,429.78239862272596,434.5373149268701,1155500
2023-03-01,432.0687255859375,434.70124931714554,429.29959972574153,431.1031703665101,957700
2023-03-02,435.694091796875,436.4774829761284,430.82987221854415,430.83899014575735,835700
2023-03-03,435.31158447265625,436.8145693340939,433.9361116159426,436.2315778880349,1060500
2023-03-06,437.38836669921875,438.87311544536,434.3368356642229,434.3368356642229,905700
2023-03-07,436.0129089355469,441.8700095697179,435.4117095154517,438.5998705683891,1137900
2023-03-08,436.778076171875,444.19284142350256,434.2366485081543,438.1808748570454,1252900
2023-03-09,433.45330810546875,440.20310438416465,432.32376919581367,439.96626064852467,1035000
2023-03-10,433.134521484375,439.3286528383332,432.1507581464406,433.3258033948084,1335000
2023-03-13,434.8013916015625,436.23151622938457,428.8531950996339,429.8278681490585,1701000
2023-03-14,436.2041931152344,438.3903551462074,432.5605804640931,437.4976878377552,1761400
2023-03-15,431.1396179199219,432.79746851767516,423.1783323571638,432.6790466466126,2273300
2023-03-16,431.07586669921875,435.4573093270174,426.0658985735929,428.98080023883654,1633000
2023-03-17,424.36248779296875,432.6061787906462,422.0123696661216,431.8774395198155,6525100
2023-03-20,433.31671142578125,435.20226013203353,423.76131689481315,426.50314472649393,1515400
2023-03-21,432.46044921875,436.550396041997,429.30870386146864,436.2042483485391,1069000
2023-03-22,427.1225280761719,434.2913322010496,426.59421642289635,433.07984311073653,1261700
2023-03-23,426.2116394042969,428.9899110890768,424.93638037125527,426.8766088065724,1168500
2023-03-24,432.26007080078125,433.2893960038289,425.5284818986202,426.21165939106106,1126000
2023-03-27,431.2124938964844,435.0109448028255,430.31979872256034,434.6010272294227,1273000
2023-03-28,429.4362487792969,433.23469992713694,429.18119697032574,431.7681589751935,1076100
2023-03-29,431.94122314453125,432.04140916076375,428.7439437763298,429.27228323929177,1146400
2023-03-30,431.021240234375,433.4078025622373,429.7004470567703,432.2600832449185,950300
2023-03-31,430.6112976074219,432.997859642659,429.0627509837565,431.94120855099663,1409600
2023-04-03,443.26373291015625,444.4296879525399,430.6295093419085,430.85723515330034,1656700
2023-04-04,445.0126953125,446.91647982809803,441.5603641045474,442.3255195224029,1081100
2023-04-05,446.33349609375,449.83136140658655,443.63723012733567,444.5208074343834,1305900
2023-04-06,446.49749755859375,452.7007470128579,445.4408463598215,447.68166076833046,1093300
2023-04-10,452.49127197265625,454.0124929089963,447.954962952744,447.954962952744,1024400
2023-04-11,444.3750915527344,452.491243821526,443.61905399573465,452.1542140262888,1224200
2023-04-12,444.61187744140625,447.4812170905188,438.7729843314309,439.7840735855171,1105600
2023-04-13,448.2919921875,449.5399253408524,442.6808241634124,443.44597964871105,909500
2023-04-14,444.5116882324219,447.7089676804714,441.8882823056697,446.2879607699077,843200
2023-04-17,446.0146789550781,448.4012410131143,443.21819931669665,443.21819931669665,1287800
2023-04-18,456.73602294921875,462.82996819620575,453.6298393878639,454.5407426798074,2561800
2023-04-19,451.0428771972656,458.4849415223236,449.8769220959788,457.2734523758824,962200
2023-04-20,446.8891296386719,451.6531357345336,445.4863308826298,451.6531357345336,839900
2023-04-21,439.5563659667969,447.5085615964172,437.7892113824368,447.4721176816761,1382500
2023-04-24,438.0716552734375,440.44909969511826,436.0676567658961,439.41068432198455,955200
2023-04-25,433.20733642578125,438.07158403042314,433.18912836906094,437.8711842122598,839100
2023-04-26,420.4911804199219,431.7226337701825,418.651165745994,431.7226337701825,1571900
2023-04-27,423.57000732421875,424.7814964041234,420.0630242845104,420.70066767302495,1491400
2023-04-28,423.06903076171875,424.6266675546924,421.2016623972192,423.40606052057535,1040300
2023-05-01,427.6053161621094,429.1083010007007,423.1601037484473,423.6064652546019,1524500
2023-05-02,418.0044250488281,426.7855183292884,416.51053030649655,426.6488883951879,1105500
2023-05-03,412.7029724121094,418.5327480798868,412.35682470395705,417.37591087503944,1116700
2023-05-04,411.6645202636719,413.58654067523076,406.45415229387515,413.2403929746663,962700
2023-05-05,414.9529113769531,416.3739183500774,411.8011658352872,412.3568313227041,930600
2023-05-08,410.7809143066406,417.466940703256,409.9702248842526,415.81820807486275,808300
2023-05-09,411.7647399902344,413.468124731975,409.99758534514575,412.5481034934371,623800
2023-05-10,412.7757873535156,412.90332714724457,408.73137484488024,412.46608359546553,850900
2023-05-11,410.53497314453125,411.9286539547717,408.5765367874504,410.4347593353976,645400
2023-05-12,410.6260681152344,413.43163778635346,407.9024485990864,412.4569646745499,696500
2023-05-15,411.6553955078125,412.9579804410556,409.3781374572922,410.6260704212077,668300
2023-05-16,407.8387145996094,412.12906104429493,407.7749447016322,411.81023935296946,569500
2023-05-17,416.5560607910156,417.567177891841,409.8518259618766,409.9064779350497,1101900
2023-05-18,415.1441345214844,416.04591979638144,409.3598936261467,414.8344307684749,1456500
2023-05-19,413.9963684082031,417.4395812420201,412.51159180922014,416.3100702188441,804100
2023-05-22,414.2059631347656,416.61985139841784,411.3548312654362,413.55011162553154,628000
2023-05-23,412.3021545410156,415.73624988636357,409.9064744757541,411.8284670460974,1027200
2023-05-24,412.3841552734375,416.04597664015773,410.9813563663888,412.8578149959511,858600
2023-05-25,403.3752746582031,411.2728180806198,400.5241708316028,411.2728180806198,1205000
2023-05-26,408.4945373535156,411.5187147484021,402.71029666929394,403.40256417487683,1135500
2023-05-30,408.0573425292969,409.0411058381014,404.65966329511025,408.1575285465602,1163300
2023-05-31,407.177001953125,408.9377120001154,406.25077790577154,407.73638575353897,1673500
2023-06-01,412.3674621582031,413.3853682421946,406.6359333447904,408.6350838782734,878700
2023-06-02,416.7875671386719,418.5024359635097,413.183588786218,414.6141760404131,894700
2023-06-05,416.97100830078125,418.86929732524845,414.94434758598186,418.3007341552488,807200
2023-06-06,420.5841369628906,421.2352307426388,416.69587711405813,418.64915845330256,816800
2023-06-07,423.4453430175781,425.27943221310636,417.26447138416165,420.1164666499376,893100
2023-06-08,425.66461181640625,427.7279622028612,423.17940075659214,423.83967399969697,863400
2023-06-09,424.3073425292969,426.78337399381326,422.1981512713596,426.78337399381326,713100
2023-06-12,421.7213134765625,424.47244739237124,420.1715057984451,424.3990961351148,954400
2023-06-13,414.84344482421875,419.0618554146482,408.9010139621685,418.18150046952576,1486300
2023-06-14,415.0085144042969,415.8063666988878,411.35869487883554,413.96309813348955,945700
2023-06-15,418.1264953613281,420.4741272916949,416.26489594812364,416.3382472020813,892400
2023-06-16,421.0793762207031,423.4636697631819,418.72256491047375,419.75882977374084,1642800
2023-06-20,420.3548889160156,423.57372426966646,419.5295544111249,421.36364352687275,774800
2023-06-21,427.3794860839844,428.4157509909323,420.01561884377486,422.8125937635703,906900
2023-06-22,424.9859619140625,427.38861422980733,423.21607259578997,426.9025817230802,688500
2023-06-23,421.2535400390625,426.81085534999403,420.1255932366363,425.0684484444994,1348200
2023-06-26,415.23779296875,418.31907744634555,409.62548436903694,418.11732651039597,997200
2023-06-27,415.5587463378906,417.83302697402394,414.88932170469906,415.2286237219572,671100
2023-06-28,412.3582763671875,416.11816480772376,410.3407670617349,415.9530755111103,848900
2023-06-29,419.49285888671875,419.57538953744796,411.5512497690224,412.5966939835498,684200
2023-06-30,422.1889953613281,424.2890353211338,418.89680862174396,421.14355108916965,982700
2023-07-03,424.20648193359375,424.8942653887487,419.5937486804606,421.84051916169216,385400
2023-07-05,424.37158203125,424.9126350047559,420.8684648272143,423.28029668242226,625500
2023-07-06,423.344482421875,424.5916496441467,421.2352630510611,424.5916496441467,675900
2023-07-07,420.6575622558594,423.5737856417776,420.09817842777636,421.8405577429965,642200
2023-07-10,422.1889953613281,424.21565608134364,420.0522657816274,420.4649470440016,718400
2023-07-11,427.6087341308594,428.3515380175654,421.647944234194,423.0051523304074,709200
2023-07-12,423.6379089355469,428.4615724114057,422.8675948419462,428.4432415946461,1067100
2023-07-13,427.69122314453125,428.6632880864644,422.14308706623865,422.7575192019023,821700
2023-07-14,425.79296875,427.81962944547877,424.00472061600243,427.34277633653664,933200
2023-07-17,430.9834289550781,434.6699379768751,426.9942795591611,427.60871172245,1886300
2023-07-18,417.8972473144531,439.72289822156927,416.5950316315399,435.0184548118485,3122600
2023-07-19,414.0548095703125,421.18023592152304,410.93683559221654,419.08937538695295,2141500
2023-07-20,418.1814880371094,420.1898178108853,414.50413049029964,415.08187302604045,1353800
2023-07-21,417.0351867675781,419.0343371615737,415.742150599174,417.0810278004947,934300
2023-07-24,418.906005859375,419.96062964836256,416.37498152936104,418.17238129710665,892200
2023-07-25,416.47576904296875,417.03518076077813,410.3040772472276,414.8984513268521,1207800
2023-07-26,415.2469482421875,419.1352082516699,414.3849241101262,416.6408459094033,1322300
2023-07-27,411.42291259765625,414.8893401489583,408.3783177363486,414.0456467829886,1603600
2023-07-28,411.7530212402344,413.26613921775197,409.45123036197475,410.8359766494989,1163100
2023-07-31,409.3411560058594,412.4040813300594,407.7455075040129,412.4040813300594,1806000
2023-08-01,413.8438720703125,415.5312307193278,409.82721237944844,409.94643265120146,1047900
2023-08-02,411.34954833984375,415.5404491311735,410.753474911099,413.843910921683,905700
2023-08-03,410.7625732421875,412.85343352415197,408.9835047231678,410.21234096041235,1240700
2023-08-04,408.7451171875,412.9360176949255,408.3691255459824,411.3678512906979,846800
2023-08-07,412.46832275390625,413.1010857724383,409.25866662522844,410.21240085382436,746800
2023-08-08,412.18408203125,413.13781635440625,410.44170270012563,411.753069903226,791600
2023-08-09,415.2469482421875,416.384074550022,412.6608758460035,412.7434064987354,1211700
2023-08-10,412.7159118652344,416.3107390182919,411.9914667796839,414.5041600332212,688700
2023-08-11,416.38409423828125,416.4207838587789,413.1469278823822,413.752180683681,690500
2023-08-14,412.743408203125,417.8146635613315,412.3582651554523,416.8792881738612,752300
2023-08-15,406.7826232910156,412.67006182014745,406.50752111086075,410.83597265650235,725300
2023-08-16,408.2040710449219,409.94645020381415,405.60881913080965,406.122361872673,822000
2023-08-17,409.6254577636719,412.87180334547065,409.40537602455976,409.58879613113925,635800
2023-08-18,412.7251281738281,417.5946332061833,408.4333657700546,408.4700553934837,1075700
2023-08-21,414.0364685058594,415.4487250634794,411.7530363466668,412.5233504728284,573500
2023-08-22,415.3661804199219,416.2373839781413,413.09189975308277,414.2657157133268,671800
2023-08-23,416.8609313964844,417.1543923575644,414.5866509270805,416.87008281115857,1043200
2023-08-24,415.0085144042969,419.7038061725248,414.90765293354355,415.6596362074451,697800
2023-08-25,413.6696472167969,417.4937355307573,411.8080477894107,417.4937355307573,785200
2023-08-28,414.797607421875,415.72380340890174,412.9176492581488,413.41286116298147,641000
2023-08-29,411.20281982421875,415.6596714232008,407.61717184636984,414.79764720417916,1053700
2023-08-30,414.8801574707031,418.09899302362743,411.28533026745595,412.15653384576274,875900
2023-08-31,413.9015808105469,418.7666566528998,413.7077237925245,416.1818025032772,826300
2023-09-01,413.74462890625,417.1695958601433,413.37536805353403,415.72021813611605,668600
2023-09-05,410.9843444824219,413.88307157114684,410.8550876972505,413.5784391347784,854000
2023-09-06,391.3670959472656,407.4301828028365,391.10861052835935,406.4146943097055,2548000
2023-09-07,393.21343994140625,394.91206248297203,389.5761626148278,391.4224951390687,1195700
2023-09-08,390.5823974609375,393.67500997067634,389.80694120729993,393.57344703536796,1162300
2023-09-11,388.3391418457031,390.25010286149563,384.51721981411805,389.7792790299178,1618300
2023-09-12,385.7265319824219,387.8313498517115,383.98176246437265,387.30516651398716,1307700
2023-09-13,388.6437683105469,389.8069668539326,386.418934165766,387.5636795255168,971500
2023-09-14,393.1673278808594,393.87815582373304,388.40378616372925,388.40378616372925,992400
2023-09-15,391.4686279296875,395.9275365901476,391.15475479273044,391.33939930755105,1681600
2023-09-18,396.8322448730469,398.3001040550269,393.8227419480794,394.8012959542,951200
2023-09-19,392.6318359375,397.9584950632712,392.40104437476265,397.19227947101433,862300
2023-09-20,394.1458435058594,397.74618626273497,393.88735808159134,394.1458435058594,1044100
2023-09-21,385.4588623046875,393.83195918036444,385.1357484672112,393.0195965067548,1669400
2023-09-22,381.8677062988281,385.4219019272074,381.4799922580872,383.9817648588601,1453300
2023-09-25,381.1753234863281,382.1446649130795,379.8921371008761,381.47998411320316,748300
2023-09-26,377.34423828125,379.67060729615184,376.42107194906345,379.0797954934088,1108000
2023-09-27,377.3164978027344,378.49814943503435,374.5469991483317,377.7411463746929,1317700
2023-09-28,379.3844299316406,381.13844033722563,377.4088686204915,378.40587586833107,819700
2023-09-29,377.53802490234375,379.8367277982271,376.27329177080065,379.3843572223297,764100
2023-10-02,376.4856872558594,379.4121086503122,374.70398305819697,377.53808218808285,733200
2023-10-03,372.8021545410156,376.19018653107935,371.6574375899328,376.08865178280945,899200
2023-10-04,370.4942932128906,371.1128269872337,366.59853056884907,369.8757876113453,1243400
2023-10-05,366.820068359375,370.5865737836983,364.29981467560924,370.15268457454,1162800
2023-10-06,369.9404296875,371.5005829383332,363.51517216096363,365.0199376893956,1135600
2023-10-09,402.9897766113281,403.05440501264525,390.859386295934,395.77985019098156,5343700
2023-10-10,401.6696472167969,408.6118473818715,399.29710315616103,407.5963588566189,2626200
2023-10-11,403.10052490234375,405.08532664361013,400.00791242638127,401.3188208566784,1419500
2023-10-12,400.7834167480469,405.3530728668127,397.0630296455029,404.392972060582,1121900
2023-10-13,407.1717224121094,409.073442719415,401.2727044572961,404.8361128207408,1519300
2023-10-16,406.57159423828125,409.4241741679835,401.0141443387932,405.6576687948915,1931300
2023-10-17,407.236328125,418.0004498685275,401.6973306827401,403.0174516450072,3103900
2023-10-18,411.79681396484375,413.47698345662764,406.44243231621397,409.2488658640199,2024100
2023-10-19,414.6678161621094,415.1201867894743,408.21489298488564,409.57194852138315,2012400
2023-10-20,410.04278564453125,417.825070749878,409.8950756565959,416.68956606482476,1715100
2023-10-23,411.8798522949219,417.32652746678536,409.41498604242486,410.079666860968,1502400
2023-10-24,407.02398681640625,415.9879230575282,406.507015979342,414.62165506220026,1367100
2023-10-25,413.29229736328125,414.8524505669476,409.59039171551944,410.199684816312,1228900
2023-10-26,411.7044372558594,416.43104376011894,409.5903787391037,413.58770421929927,1432000
2023-10-27,409.3227233886719,413.26463338703235,406.41472697624204,409.35041725103787,1288400
2023-10-30,411.5843505859375,412.5259698198449,408.7779178903184,410.2734705645837,948800
2023-10-31,419.7083740234375,420.1607165316435,411.18753824463823,412.9323080425771,1418700
2023-11-01,417.6219482421875,421.6100331612549,416.77262290518695,421.2684379872365,1267000
2023-11-02,422.84710693359375,423.0132701088699,416.1172166069083,416.1172166069083,1242000
2023-11-03,418.5082092285156,422.58861669167794,416.4680195833344,420.1422034457694,1365400
2023-11-06,416.4957275390625,419.8929728941402,416.01569118654095,419.8929728941402,1440800
2023-11-07,415.5632629394531,418.3420022411144,415.1386143721125,418.3420022411144,1220100
2023-11-08,410.4950866699219,417.05878484172626,409.91348745514495,415.5632601024694,1386400
2023-11-09,408.46417236328125,411.3721407100815,405.8977710558498,411.1875243451043,1775500
2023-11-10,410.68896484375,411.57519655474914,407.08862210581776,409.8950553922462,1525400
2023-11-13,410.83673095703125,414.10474781464745,409.2304304789767,410.80903709267864,1003800
2023-11-14,410.0888977050781,412.4060539231358,407.91021078489706,408.9626337943534,1336800
2023-11-15,410.93817138671875,413.58765358677954,409.39647160327775,409.39647160327775,1098400
2023-11-16,411.3536376953125,413.273839233515,409.47037069475175,411.54749471553566,912900
2023-11-17,410.5135803222656,412.86767127259355,410.08893171596003,412.3230065405756,898600
2023-11-20,409.71044921875,411.3536841694864,406.8948031638097,409.91354693952866,982000
2023-11-21,413.7168884277344,414.10463059171235,410.0334646475168,410.8089208026787,1177800
2023-11-22,415.7940979003906,416.9942309998863,413.1169212519769,413.1169212519769,833800
2023-11-24,417.2803649902344,417.8157889926584,415.18475967603763,416.98494504340886,326600
2023-11-27,411.2612609863281,418.0372968473534,411.2058732735977,417.14182459448693,1496900
2023-11-28,413.8277282714844,416.2372068543704,411.7321510083355,413.44922672502344,1124900
2023-11-29,410.8182373046875,415.00017944680536,409.80274875711825,415.00017944680536,1272900
2023-11-30,416.3130187988281,416.3966926671698,411.4225663493525,411.878133534871,1514500
2023-12-01,417.8377990722656,418.99998336853025,416.66630822206605,416.89874508131896,856900
2023-12-04,419.02789306640625,419.27891467091746,414.76963372857045,415.9411246302387,1265700
2023-12-05,414.8905029296875,418.98141450642555,414.5743921939652,418.6559972164158,1055700
2023-12-06,417.8377990722656,418.79543779744205,414.2024831887131,414.2024831887131,864100
2023-12-07,415.6993408203125,419.6786868776446,414.9369695265011,418.77683077679256,861100
2023-12-08,416.5454406738281,418.87911584358926,416.02478437379506,417.05681879347367,761100
2023-12-11,419.557861328125,421.41735630773127,417.9308032209695,420.1343002320203,1021600
2023-12-12,419.9018249511719,421.8728849094791,418.7303341416108,419.9483009719542,1008200
2023-12-13,419.7252502441406,422.28205609193697,418.85128524809323,421.12917817104227,1300300
2023-12-14,413.9886169433594,419.19520808776645,410.4276968654621,418.8605126412052,1891000
2023-12-15,410.77166748046875,413.3191660967832,407.8894450695287,410.01857440960737,3973400
2023-12-18,415.5134582519531,415.83887555138557,411.19941623652835,411.60850740604764,1197300
2023-12-19,416.33160400390625,417.07539058840933,414.8068046199437,416.22931703369443,695000
2023-12-20,411.50628662109375,417.0382677253093,411.47839532850134,416.56411575123883,1306800
2023-12-21,416.5454406738281,416.61983635877016,413.01241172736957,413.0309964617849,637200
2023-12-22,416.7314453125,420.00414645291454,416.62915832836404,418.3863948058976,623600
2023-12-26,418.5536193847656,419.72511002504893,416.3594294459362,416.66623356077304,516900
2023-12-27,417.4287109375,419.33468184764973,416.90805463891354,417.03820452674,699900
2023-12-28,419.5299377441406,420.0877634961693,416.9545192365038,417.42869949936767,741800
2023-12-29,421.398681640625,421.64042503222515,419.4555130756327,420.24580400124756,832400
2024-01-02,424.07635498046875,429.5897499333914,422.3842080008255,422.3842080008255,1206500
2024-01-03,426.8656921386719,431.49584516869743,425.6477251137194,426.5588879304808,1174300
2024-01-04,425.70343017578125,431.35631015978504,425.6104497626528,429.8315108306661,1087700
2024-01-05,424.4297180175781,427.7860927488186,421.42662348938336,427.72103199019807,705300
2024-01-08,426.38214111328125,426.4658149700877,421.66831523105384,422.4864974402338,716000
2024-01-09,424.23443603515625,426.39142837281105,421.42658081443676,426.33564580041883,732900
2024-01-10,423.406982421875,427.3677156325149,422.8305435435198,424.15079740494656,666100
2024-01-11,421.29644775390625,425.63835226236864,417.79128186472786,424.48547455539176,784800
2024-01-12,430.6404113769531,430.826372213946,424.45759659108035,425.23858103389836,966500
2024-01-16,425.6755676269531,433.5133317935987,424.29953119121456,433.5133317935987,814900
2024-01-17,424.4018249511719,430.2778357184301,423.10946236014036,425.5175332545999,920800
2024-01-18,427.2840881347656,427.6652880348991,421.67771154620834,424.05786300304453,780300
2024-01-19,425.6011962890625,428.47411246758236,423.92763387651536,428.2044777659491,866600
2024-01-22,426.5309753417969,428.4555311170973,423.444206809238,425.4431582743295,1216800
2024-01-23,408.7821044921875,426.7541115645216,403.40816496298737,426.37291167658765,3613500
2024-01-24,401.32550048828125,412.0641010782784,401.23252006406534,408.64260873316874,1768900
2024-01-25,400.75836181640625,403.4546238343009,395.8399897014504,399.7914164923633,1813900
2024-01-26,399.7077331542969,402.9711558121006,396.73252993864,401.6230106482722,1260500
2024-01-29,397.9411926269531,401.67876694986165,395.6726067074846,400.7211282655184,1903300
2024-01-30,401.3533630371094,401.5114325843212,397.7273537414832,400.97216318667125,1016400
2024-01-31,399.2427978515625,403.25000650844413,398.9173806166565,401.97625722695483,1120100
2024-02-01,399.5775451660156,401.4370400371352,396.7232421028135,400.00524941539396,1175000
2024-02-02,396.04449462890625,398.7686476566331,394.56619969194554,398.0620589382758,973900
2024-02-05,392.0744934082031,394.556903098991,390.33584192091996,394.21290109772093,1379600
2024-02-06,396.9556884765625,398.8802441503356,390.8286277605573,392.3348424761251,1065700
2024-02-07,399.8843688964844,400.0610231752389,396.5744703687251,396.5744703687251,980700
2024-02-08,397.00213623046875,399.55894155747995,395.82136725759534,399.19632645539366,972200
2024-02-09,396.5372619628906,397.62507889394243,394.64987589552743,397.4949006399539,1038600
2024-02-12,397.9969787597656,400.3027341667268,396.07239482033145,396.7697053745926,1007200
2024-02-13,396.5558776855469,401.5579235760335,393.50630714199633,399.177772340757,1089300
2024-02-14,388.8111267089844,398.3968215934176,384.8411149206864,397.63442179959713,2503800
2024-02-15,393.3947448730469,393.6085970056068,389.17368341563133,389.17368341563133,1136700
2024-02-16,394.2779846191406,395.29140587488433,392.85547223969354,393.39471324440865,806000
2024-02-20,394.4639892578125,398.20159262890576,393.99911547523027,395.31936950216715,1363900
2024-02-21,397.5135192871094,398.13646257615767,394.55692914338766,396.26766108265383,969600
2024-02-22,398.7594299316406,399.3079775669869,394.05488134767245,395.22637230966365,1236900
2024-02-23,400.8326721191406,401.12089152712184,398.11782575229097,398.7407405861972,842200
2024-02-26,399.02899169921875,402.0692839277923,396.8069101152937,401.18601252758054,980600
2024-02-27,400.191162109375,400.9349770452633,396.5372616777968,398.56410417752,887000
2024-02-28,402.09722900390625,404.4587673422828,400.57242940875597,401.5393748014453,1029300
2024-02-29,401.0763244628906,403.42712194589046,400.439464362752,402.0971813068297,1503100
2024-03-01,399.4091796875,401.7037850090822,397.10522811221017,400.757841239332,1059000
2024-03-04,404.5416564941406,406.358602821902,399.86818586420634,401.38542322243956,1271900
2024-03-05,404.5791015625,408.3534736259275,402.4999171639234,406.2274436265637,1038000
2024-03-06,405.98394775390625,406.2930029534975,403.58633335707765,404.5790942284918,775300
2024-03-07,402.71533203125,407.9507497907193,402.23770123316024,406.4709832112507,1085800
2024-03-08,405.440673828125,405.51561534644657,400.44877413345563,401.31977635669455,763200
2024-03-11,407.1733703613281,408.3534564405868,405.1597527395045,406.76127771720024,951000
2024-03-12,407.3232421875,408.13805267435055,404.9256277459416,405.459478955195,825100
2024-03-13,407.0328674316406,410.0205246396579,406.2274032799221,408.0724452367684,987100
2024-03-14,408.1286926269531,409.8519762829052,405.81536588484715,408.6812649474633,1153600
2024-03-15,408.1755065917969,410.4138916291184,405.67485479711775,405.67485479711775,5151300
2024-03-18,405.7217102050781,408.4283798057185,404.2981070047413,408.1755164602041,965300
2024-03-19,409.4585876464844,409.5522502592451,406.4522092750354,407.6416415698289,898700
2024-03-20,412.4743347167969,412.98943620659225,408.86853854278087,409.30872709257216,845000
2024-03-21,415.0498962402344,415.7336018581284,411.46282118246353,413.3640549936208,912100
2024-03-22,417.597412109375,417.9439380843875,415.52760251415214,416.3049422487625,1008300
2024-03-25,418.0001525878906,420.0980582249724,416.5952989383832,419.45182325965334,775000
2024-03-26,417.7004089355469,420.16359003626167,417.5786503896076,418.1780682829029,766700
2024-03-27,427.80596923828125,428.1150244196836,419.45176152282,419.470511194419,1277700
2024-03-28,426.0171203613281,428.1150256958844,425.1554929196996,427.82469160339906,1119500
2024-04-01,424.0690612792969,426.47602174956864,422.59864117368846,425.3334350734072,717100
2024-04-02,424.4905090332031,426.78511443278944,423.85364899591474,424.8557846492405,837900
2024-04-03,419.4892578125,425.3428141801164,419.1989237032117,424.1908525793331,758600
2024-04-04,425.23980712890625,427.05675331974305,418.78683284233074,421.6995773658794,1398300
2024-04-05,426.4947814941406,426.67273188471995,421.3155562410555,423.7131705141261,892100
2024-04-08,423.6850891113281,428.0120333214873,423.58205165870555,427.07546432078385,751100
2024-04-09,419.1801452636719,423.3853304366684,417.8783007863484,420.22909784814914,842800
2024-04-10,423.05755615234375,423.90046249845363,414.75019406528276,416.48285235450743,1247700
2024-04-11,423.62890625,424.96819308979815,420.47267322372426,422.8609127934851,942800
2024-04-12,421.8306884765625,428.9298977816314,421.5590754529695,425.3053516003312,1251200
2024-04-15,424.3406982421875,430.16615895394517,422.982690250716,429.8758248311289,2442100
2024-04-16,425.49261474609375,429.74464555573775,424.85575475361907,425.86723658979565,1452300
2024-04-17,427.12225341796875,428.2367727424974,423.0762973215872,427.7403923478447,848300
2024-04-18,427.15972900390625,428.995396143119,425.45516665515777,425.9890178163289,714900
2024-04-19,434.44622802734375,435.8417065966318,428.2742421652547,428.76124772281037,1388000
2024-04-22,432.0673522949219,439.75660415206954,431.2057248444688,435.7199941597827,1820900
2024-04-23,430.8966369628906,443.5028758142587,428.6301560727678,436.5441466801629,1789500
2024-04-24,430.0162658691406,434.2776430047857,427.1316176016576,433.35044892400225,1018900
2024-04-25,435.29852294921875,436.06651636110706,428.5083979445486,428.90176948633575,927700
2024-04-26,432.0299072265625,436.4411390626779,430.04438558760836,434.47433851362865,858000
2024-04-29,437.8928527832031,437.9865154056125,432.65743516507564,432.68553109361653,951500
2024-04-30,435.43902587890625,438.29557852764776,434.21212275412637,437.45264354754227,711800
2024-05-01,432.4420471191406,435.8792396013231,431.34624873088876,433.2662038922761,994700
2024-05-02,433.8188171386719,434.1934390610866,429.8852154987654,431.8520163187186,1011400
2024-05-03,432.610595703125,433.5658858057789,428.1712677330385,433.5658858057789,910700
2024-05-06,433.4253845214844,434.0997153196225,430.9902994958848,433.7812853013096,796300
2024-05-07,437.0779724121094,437.19973094359807,433.7812601357006,434.5679745909181,723400
2024-05-08,436.5909729003906,438.3142562901752,434.3619342889014,437.8459718283267,599000
2024-05-09,438.6795654296875,439.02609138485917,435.7012543024397,436.5160647552633,594800
2024-05-10,439.1384582519531,440.7680790951108,438.29555190486525,439.2508419539893,482500
2024-05-13,440.7119140625,442.3883806047341,439.71915319167977,440.0750539909961,634300
2024-05-14,437.54632568359375,441.2270352221224,437.19042486844086,441.2270352221224,565500
2024-05-15,434.6429748535156,437.7523911215864,434.10915218931154,436.7034383038808,803900
2024-05-16,435.3454284667969,438.6140742588231,424.265827920719,434.193466696597,1130800
2024-05-17,436.62847900390625,437.3777227707866,433.7719264063127,436.2912993015378,677200
2024-05-20,437.45263671875,439.0354406180986,435.4296728271667,438.0988716164399,735200
2024-05-21,438.6046447753906,439.36326341114057,437.22788714350764,438.31431065957617,558900
2024-05-22,439.915771484375,440.0937218625141,437.1716314578515,437.81786628755356,548700
2024-05-23,437.45263671875,439.88772183942615,436.6565759327942,438.39858055660693,867000
2024-05-24,437.70550537109375,438.9324084114934,435.94475116849446,438.0052142953269,513700
2024-05-28,429.39813232421875,436.4411203721004,428.24614225352553,436.07584477097254,1150400
2024-05-29,424.0035095214844,427.07545463081937,423.14185348438764,427.05673354068443,1268000
2024-05-30,431.7021179199219,433.5752559232775,426.1388957634102,426.1388957634102,1173600
2024-05-31,440.505859375,440.52458046551783,430.3440800237505,431.6646457416045,1651600
2024-06-03,440.8924865722656,443.6456912540515,438.45042089493353,439.38386668282607,990100
2024-06-04,442.10882568359375,443.30627782359403,439.53474239420274,440.8076413565287,845800
2024-06-05,438.6578369140625,442.0710716372016,437.1397790461764,441.6656385125259,915300
2024-06-06,441.85418701171875,442.9573736817094,437.8280836788613,438.6578259991057,768100
2024-06-07,443.2779846191406,448.1432686899529,441.8542208118756,442.03337104356586,1042800
2024-06-10,440.76043701171875,443.8625326574194,439.15755187491175,443.8625326574194,900400
2024-06-11,436.3665771484375,439.9306764839045,436.15914157761017,439.08208688489384,908300
2024-06-12,432.8873291015625,436.77203418262917,431.5296030228978,435.8951304579856,1026400
2024-06-13,432.3687438964844,433.4907777929514,429.964401989499,432.4441907056483,742000
2024-06-14,432.16131591796875,432.36875148502,428.48407520617576,430.4264133455979,702800
2024-06-17,432.7930908203125,432.962802993945,430.24729311770835,431.60504805582667,669700
2024-06-18,433.7265625,434.38659269187764,431.26564951150317,433.5379742238833,657900
2024-06-20,439.70440673828125,440.7887173013408,432.9345082850461,433.72652718609464,1041400
2024-06-21,440.8924865722656,442.96681374253023,437.16808391782405,440.46817733711566,3363500
2024-06-24,444.5791320800781,448.5203793015817,441.0998886943667,442.17476122090005,1031500
2024-06-25,441.3356018066406,444.6828275944507,440.0061322721067,443.92853210761496,711200
2024-06-26,440.3172912597656,441.36390722793675,437.23407162966913,440.3267293055018,932100
2024-06-27,440.44927978515625,442.099326306611,438.7332244969566,442.099326306611,871000
2024-06-28,440.4210205078125,444.80542434100556,438.3183793142592,443.20251040113607,3472500
2024-07-01,439.79864501953125,444.73934605917503,438.21460741858783,443.8813184983661,562500
2024-07-02,439.1009826660156,440.01558107278703,437.51691606569557,439.0066885342242,502500
2024-07-03,439.4120788574219,439.8269499772791,437.6206056259615,438.9029136149558,313300
2024-07-05,435.7632141113281,438.44100085716786,433.4342897945034,438.4221535385432,631400
2024-07-08,435.3860168457031,438.0355179252862,434.7825574238976,436.2534537963874,447700
2024-07-09,434.0093994140625,436.19689672478,433.50026288232385,435.3294597469461,537100
2024-07-10,434.6788330078125,435.03713342537213,431.1335810124149,434.07537361517984,656000
2024-07-11,434.0848083496094,439.16693659939534,430.0586764798216,433.6510898985423,1132900
2024-07-12,437.2435302734375,438.34668824440473,433.2834066646853,435.9517552515106,579400
2024-07-15,437.3849182128906,440.5624318439885,436.34774033379364,440.05326656251754,783000
2024-07-16,441.81646728515625,442.39164135151606,437.2623513059326,437.2623513059326,736400
2024-07-17,448.878662109375,449.54810149761926,442.8724973818015,443.15535098964335,1123100
2024-07-18,448.812744140625,453.3951461618813,446.0029397113327,447.3984182662323,981100
2024-07-19,447.79437255859375,452.1504909706041,445.8048728418077,452.1504909706041,889400
2024-07-22,447.48321533203125,448.9352644283839,445.84260674202187,447.86980113964273,881600
2024-07-23,472.658203125,473.11076890933106,455.2808337427321,460.91928892692783,2579100
2024-07-24,485.77374267578125,489.91301634745196,472.7713670863455,476.1563164573263,2580100
2024-07-25,491.6196594238281,496.60749424237235,483.57683260862507,485.58517980085264,1923900
2024-07-26,494.82537841796875,498.4460773243911,490.3089859920429,492.4587310075306,1141300
2024-07-29,497.5031433105469,499.2191984608568,489.6017737130671,493.12814935914474,961200
2024-07-30,506.9508972167969,507.70525032376736,495.0423273302937,497.7955320137368,1234200
2024-07-31,510.9675598144531,515.7574255106283,507.4411836997984,511.98589040634585,1481500
2024-08-01,517.5111694335938,517.7563284203371,509.80782518746656,512.9664627805168,1271700
2024-08-02,517.4263916015625,529.0709841929315,510.46790414669505,519.642145641519,1484800
2024-08-05,514.22998046875,530.4664121660271,507.4977762068766,521.5655866359228,1683800
2024-08-06,510.62811279296875,518.0957358541201,510.2321177383392,514.7956427844099,1033700
2024-08-07,517.1812133789062,520.6321428389388,506.0834524004579,509.0346833613415,1306600
2024-08-08,520.113525390625,522.055863598051,512.6364642191093,514.3525195362032,846300
2024-08-09,520.0758056640625,521.9898296433139,516.8228453998578,520.6226367729607,825100
2024-08-12,525.1013793945312,525.7142768697498,518.963254342011,519.5949703594265,793700
2024-08-13,527.468017578125,527.7226146093482,520.7641278477496,525.0919896332541,793600
2024-08-14,531.0509033203125,531.993786973137,525.1861946232881,526.204525082073,796700
2024-08-15,528.2883911132812,531.8619578681856,526.9118174728324,529.7121549872237,974600
2024-08-16,528.1375122070312,530.2966954106219,525.1862812827919,529.2406701491307,912000
2024-08-19,526.4968872070312,530.6172847176452,523.5362183289753,523.6022270993974,709700
2024-08-20,525.19580078125,526.9778652672942,519.4913643654987,526.1009325462988,972200
2024-08-21,522.13134765625,528.005495374857,521.7070384320818,526.4874662530468,883100
2024-08-22,525.214599609375,526.2988814682544,521.6693472536397,522.5273462045463,774500
2024-08-23,523.3098754882812,526.9493926468381,521.2072633174923,526.1290884569315,870400
2024-08-26,526.223388671875,528.1469083197028,524.3470592499693,524.3470592499693,795400
2024-08-27,528.4015502929688,530.0799112877919,525.2052175535136,527.4964185645853,749600
2024-08-28,531.7675170898438,536.2462145501283,529.693219042217,530.0892140723391,829300
2024-08-29,534.4735717773438,536.0953615741578,530.8434927594438,531.7863764055529,662300
2024-08-30,535.6522827148438,536.5857860510869,530.4192889494823,532.7010517124874,1082800
2024-09-03,537.8046264648438,542.336769201832,535.8799299112725,537.908965978542,1266900
2024-09-04,544.9725341796875,548.7176449878275,539.2267439281484,539.814644612676,941700
2024-09-05,539.1035766601562,546.0534092973866,535.1402959134632,545.3707754789713,841000
2024-09-06,537.2451782226562,542.4409727591618,535.6523081721203,539.5396634046253,976700
2024-09-09,546.6696166992188,548.025451269213,538.0509902813684,538.0794622865089,810200
2024-09-10,542.5169067382812,547.8833603804127,540.8386783231344,547.6084202700553,756400
2024-09-11,537.5579833984375,542.7253049873209,531.9734196304581,541.5780915395537,809200
2024-09-12,538.8001098632812,539.4637622738312,534.656738282312,535.6996702445488,739400
2024-09-13,540.35498046875,542.772786174295,535.2540354253019,537.5959157817402,638800
2024-09-16,543.2090454101562,547.0774777475542,539.4828574021271,544.6217665527738,597700
2024-09-17,537.6055297851562,538.6484619158838,534.3723360140019,537.2736456563292,739900
2024-09-18,536.1641845703125,540.0041436147455,533.1206893391345,536.9511577154447,731700
2024-09-19,535.8703002929688,538.0984662687014,533.0068960782518,537.0933812969713,917500
2024-09-20,542.2607421875,543.7588210541414,533.7464551905049,533.8792088089263,3794400
2024-09-23,550.4053344726562,551.5810200391627,541.2178459796389,541.8625749074026,884500
2024-09-24,548.6228637695312,551.0216305484356,546.2714924694313,548.9072945122954,690100
2024-09-25,547.9686279296875,553.4773249864901,546.9446194160663,551.4008938207797,844500
2024-09-26,547.4567260742188,552.3206948292241,544.6502074220891,545.1811641541198,746200
2024-09-27,552.1593017578125,553.7806434745556,545.493901551054,547.6935953082415,848100
2024-09-30,554.2453002929688,554.6150891715179,549.172769094166,553.8470972768033,974900
2024-10-01,574.440673828125,579.7787121154065,551.7326860371578,555.7243803514812,2356200
2024-10-02,571.9186401367188,578.3659871075378,570.2309214459525,573.5683961522299,1192500
2024-10-03,574.4027709960938,577.4178523447334,569.8327245635219,573.0943318242402,856600
2024-10-04,573.7485961914062,574.8484143427528,568.2398990251432,572.3547987604575,559800
2024-10-07,574.1372680664062,579.8735672900575,572.6771517907117,575.5215747300696,1102200
2024-10-08,576.51708984375,579.0770819683946,571.8143477948515,575.730116656078,571800
2024-10-09,573.7296142578125,575.6543683580963,571.7480318795226,575.2466746528498,543800
2024-10-10,566.5047607421875,575.7965310323548,565.3006031454946,574.6777315890223,853700
2024-10-11,572.8383178710938,573.1986160719488,568.9699443512814,569.4345241708226,526000
2024-10-14,579.19091796875,580.2528313140272,572.4686303385545,574.5734756897491,562300
2024-10-15,573.625244140625,582.7463549633164,572.4115960118199,580.7363008861699,849600
2024-10-16,581.0491943359375,581.2198527507222,571.3686550739477,571.72895323958,549200
2024-10-17,578.0057983398438,582.6137504010452,575.7492177923532,581.0493522387558,617500
2024-10-18,580.0821533203125,581.5612509920971,576.9343181993482,579.6839502967376,864100
2024-10-21,582.7369995117188,586.8519574327319,579.6555408736367,583.7136126422828,1017500
2024-10-22,547.058349609375,576.7920939345319,544.2329080823083,575.4267686447546,2259200
2024-10-23,541.4832763671875,551.9886943543928,541.3884854196399,547.0963124883266,1402200
2024-10-24,534.95068359375,544.1665868383753,534.9222115846302,541.1325238990562,1102800
2024-10-25,533.1301879882812,540.4213946741985,532.0018978709309,537.3115222519647,1077600
2024-10-28,526.37939453125,533.9550314557008,525.744156298906,533.8033543666078,1278700
2024-10-29,518.4434814453125,524.7012466974982,518.0736925706515,524.1323273818813,1041700
2024-10-30,517.6281127929688,522.6722299834391,515.0302156472235,518.5383490088965,1005200
2024-10-31,517.7323608398438,523.0703990866709,514.5276397579852,518.6710111332409,1245300
2024-11-01,517.0686645507812,520.8423050337947,516.3765401480632,519.5812613164344,792600
2024-11-04,514.935302734375,520.3492081390613,512.3848013832613,517.4005038111361,827600
2024-11-05,518.3961791992188,518.7943822828108,513.8925086894861,516.7369321693172,610100
2024-11-06,523.2031860351562,532.2863932352398,511.99615220363984,532.2863932352398,1751300
2024-11-07,523.2222290039062,528.1146117940169,521.1647210761599,526.2183295254567,818200
2024-11-08,535.282470703125,537.4157879135018,525.95273797364,526.6638437104323,1165700
2024-11-11,540.9902954101562,546.2714476018065,540.2507176697768,540.6489206769404,1171400
2024-11-12,536.60986328125,546.5368710723304,535.5099873917941,544.5363075924561,1133500
2024-11-13,528.8065795898438,535.6995821116744,527.4792171171858,534.7514412583794,1118300
2024-11-14,511.03851318359375,532.2389322561271,506.1081683627887,532.2389322561271,1972700
2024-11-15,507.09423828125,514.4043679371234,503.8610452486847,509.9765659235085,1757100
2024-11-18,503.4249267578125,510.0808367048723,501.32002381033254,508.582815708571,1298400
2024-11-19,505.6056823730469,511.35141455749937,503.6620048837562,509.2275879621807,935700
2024-11-20,506.9993591308594,507.47342957542884,501.75617010628355,506.4778932158185,994300
2024-11-21,513.9019165039062,516.4334367892149,506.0417905184965,507.3881924148958,1321700
2024-11-22,514.1010131835938,517.685014135951,511.9203003390598,516.7368730844199,1311000
2024-11-25,494.8253479003906,506.4589992658855,488.19785120096645,505.34019976805126,3613500
2024-11-26,494.4081726074219,496.8828069117468,492.45500431769574,492.45500431769574,1345800
2024-11-27,498.485107421875,502.5052158145524,496.03888755277177,496.38969507675995,890400
2024-11-29,501.95538330078125,502.02176012601063,497.3853938601875,500.4004757880636,658200
2024-12-02,496.4503173828125,502.604140154687,495.45802831024406,501.1348651787496,1115600
2024-12-03,493.26361083984375,497.5570078394168,492.5480446732482,496.2594618332253,1188400
2024-12-04,493.74066162109375,495.96370351390135,489.58085089232327,492.433565397755,1542800
2024-12-05,493.7214660644531,496.6600735671507,490.41080847882887,493.66422311070187,1113400
2024-12-06,489.4758605957031,493.68336362058795,486.20331618590745,492.0423017581839,1284700
2024-12-09,486.5945129394531,492.65294947648624,485.20152325873676,487.7203299829417,1170500
2024-12-10,489.3899841308594,490.9832950561338,484.7722009208936,485.78353204326635,1178900
2024-12-11,481.0893859863281,490.40129538721203,480.2020910195893,490.2104661159642,1308000
2024-12-12,473.78106689453125,478.09356384126045,466.27239803170903,477.04406108358484,1862800
2024-12-13,471.939697265625,476.2998870962243,469.5830983720075,472.8174711742933,990100
2024-12-16,469.0774230957031,472.08279488065875,467.6462909012996,472.08279488065875,1483700
2024-12-17,468.085205078125,470.3654898873547,465.3660769591666,466.6063799917981,1354500
2024-12-18,460.767333984375,467.73216584025914,460.2616684289912,467.02614992576923,1424400
2024-12-19,457.6379089355469,461.77864786248756,455.395796041022,457.96229540081407,1250400
2024-12-20,466.5681457519531,466.5681457519531,455.8346547748333,457.43754488925777,3973500
2024-12-23,464.1543273925781,466.40599053131825,459.7082731903297,465.0511725686281,1053900
2024-12-24,465.7190246582031,466.2914833362665,461.78818638073693,463.74405532129066,375900
2024-12-26,467.4841613769531,470.81391998209773,463.94447308010615,465.59505619978995,662100
2024-12-27,466.5205078125,470.7471115459636,464.04942287115637,465.9575992690861,820600
2024-12-30,461.17755126953125,464.2115443805772,459.7273478676593,463.68680758236536,887600
2024-12-31,463.62957763671875,464.1924861265923,459.8704681610236,462.1412025172155,731900
2025-01-02,460.1090087890625,467.23604841023575,459.3171284384697,463.62959638003116,953700
2025-01-03,459.6987609863281,461.70235193144276,458.8305372728965,459.31713154832056,817200
2025-01-06,444.6051025390625,457.96233737929185,444.4715162147588,456.76972712569994,1698600
2025-01-07,442.6587219238281,451.68441662361084,441.6855625103358,444.33792635475686,1276600
2025-01-08,447.3242492675781,447.67725723574273,440.0636230731399,442.2198716784186,998700
2025-01-10,446.5609436035156,449.9384237817312,444.3474812406665,446.51325084295803,1127400
2025-01-13,460.97723388671875,462.5610237091399,447.2765129169524,447.4673421934695,1435200
2025-01-14,462.217529296875,462.92357431530644,456.0255066237874,462.73274504190135,1162000
2025-01-15,461.75006103515625,465.36606341655875,458.3153377386038,465.36606341655875,882200
2025-01-16,464.5072937011719,464.6408800039716,459.39339573287947,459.6796105010837,956400
2025-01-17,467.8085021972656,469.4590560393023,461.9599372603789,465.15613834177,1337600
2025-01-21,483.0452880859375,486.1555955943806,472.0064814202757,472.27362493234676,1615900
2025-01-22,476.4143981933594,482.3202064794284,472.44538778822266,480.1353363492809,1324800
2025-01-23,474.448974609375,482.76862480224605,471.3004952246404,480.4024756058743,913000
2025-01-24,474.14361572265625,474.45848110200126,471.8919817744866,472.2736111925627,759400
2025-01-27,480.5646667480469,483.827631943975,473.9719140807043,477.1299435551279,1948600
2025-01-28,436.4476318359375,457.70471445708915,436.27587384201337,451.9515641303456,4023900
2025-01-29,433.4994812011719,441.2562225791241,428.76721209328616,438.8805523845704,2396800
2025-01-30,438.5466003417969,438.7756012907325,430.59905908068987,435.6175428133772,1911800
2025-01-31,441.6951599121094,442.9163916878978,436.16143068083227,438.8805879730884,1473800
2025-02-03,434.5108642578125,440.1494999414817,432.7553163335793,437.73565794123783,1476300
2025-02-04,432.8507385253906,434.5013216350239,430.5418613282678,433.1560537450561,1234200
2025-02-05,429.21563720703125,436.1137051070749,428.16613440449584,436.01829046748804,1139700
2025-02-06,427.9276123046875,431.41005739213705,424.2162244918892,429.3396732675821,1291800
2025-02-07,423.98724365234375,430.7707963701121,423.4052347448175,429.24424951870907,1347400
2025-02-10,427.6413879394531,428.3283325659781,420.47617667966074,424.3783936843446,1427800
2025-02-11,428.72900390625,431.05698114128234,424.5691938702967,427.336043467733,906100
2025-02-12,421.6783142089844,428.5191386240175,420.8005403551365,426.72544835657976,1282800
2025-02-13,414.76123046875,424.8554709838716,412.1756595557214,422.1840356253692,2400000
2025-02-14,403.7605285644531,415.1809638108113,400.4307705512989,413.64486689318295,3252800
2025-02-18,408.86492919921875,413.05336088601507,404.05631694413466,409.9621247088332,2812500
2025-02-19,413.0724792480469,417.8906127946432,406.04082507264866,411.2119956951854,2802100
2025-02-20,416.2591247558594,417.89060733049996,409.5995790246945,409.85717234180845,1358000
2025-02-21,420.4857177734375,423.35753233437924,415.66758440986865,416.35452902151906,1652400
2025-02-24,420.0563659667969,427.6986211226497,418.405812154295,421.7069488957574,1946200
2025-02-25,427.8703918457031,430.93303597325917,420.7529019293934,421.4684680891372,1715500
2025-02-26,421.22991943359375,427.4314924263873,419.1690855297057,425.36110832370474,1466900
2025-02-27,425.962158203125,426.55368815708994,421.18219669728956,421.88821256280147,1458100
2025-02-28,429.6926574707031,430.1029083700804,424.5978304569386,426.47738519842216,1433600
2025-03-03,434.3733825683594,436.76658846919764,431.38425103403574,435.26722702151835,1579400
2025-03-04,431.3746643066406,445.7147171436349,431.0574747673517,433.25847216319954,2268700
2025-03-05,442.5238342285156,445.4648919863608,431.9033218084012,433.59492131982483,2060100
2025-03-06,443.5617980957031,445.4840594092273,435.78625460226345,443.3888016170171,1395800
2025-03-07,455.2395324707031,458.930270695293,440.1978434674051,440.1978434674051,2168700
2025-03-10,460.54498291015625,474.9907752948562,455.28759712199655,456.9791671075967,2284400
2025-03-11,450.65496826171875,460.04520466127275,448.40592593873,458.18060875282043,1456900
2025-03-12,443.5617980957031,448.6750202292086,438.27557948351165,447.0603277653795,1271500
2025-03-13,449.7418518066406,450.31853605495587,441.98552052867944,442.16813769616897,1159200
2025-03-14,448.05029296875,450.7702798325078,444.00391176893066,447.8100103035941,972400
2025-03-17,449.4342956542969,453.9131680677078,444.84009225424217,445.8108436107949,1051600
2025-03-18,451.0394287109375,453.2980917972699,447.3006454160147,449.9245135421227,881600
2025-03-19,452.2600402832031,457.20026617261783,448.6269674013748,452.91363145268696,1122700
2025-03-20,448.59808349609375,451.635259689098,446.1664242695721,450.9240324364691,922000
2025-03-21,422.6091613769531,462.7844110843283,415.6986296105127,459.5069520260423,7141700
2025-03-24,418.0726623535156,418.831934524077,407.8077636968613,409.0860840143072,3015400
2025-03-25,424.8870544433594,426.75165034284436,416.1695919783235,419.7930441482602,1600200
2025-03-26,427.8665771484375,433.66219423872883,425.78091057233155,427.01115672533496,1349700
2025-03-27,425.0888977050781,430.72113903008164,423.1089707495869,428.6931379393048,1559300
2025-03-28,424.3295593261719,428.433605954834,422.474584219755,425.040815949231,1595700
2025-03-31,429.3466796875,433.5276040296693,423.6087283300879,424.4064832234752,1690000
2025-04-01,431.20166015625,433.7101970228493,427.2033532135149,430.58652247365427,1042400
2025-04-02,435.2672119140625,438.1986778549117,427.7127394461422,428.8756992641258,1270300
2025-04-03,437.1029968261719,443.9270303229415,433.27768627118996,435.88237145719717,1813800
2025-04-04,415.3526306152344,437.24718702395023,415.33341856032456,432.5088196614134,2392700
2025-04-07,414.0743103027344,421.8498536781903,402.59840808861657,405.7893688601792,1968100
2025-04-08,426.1268615722656,433.84476868085903,420.42736398212236,431.0094215929045,2151500
2025-04-09,444.2730407714844,450.12632315397576,418.4570845164542,422.17665559383306,2291600
2025-04-10,445.6763000488281,450.8663997613917,432.8740325814927,442.12010486410827,1832600
2025-04-11,456.4409484863281,459.59345590493757,442.42767624902956,446.2817902833792,1452300
2025-04-14,456.86383056640625,460.1412895374989,449.41506817702634,454.4225505511653,1079600
2025-04-15,451.3277282714844,456.86385033093893,449.80915471479307,455.8354334718674,1224300
2025-04-16,458.5362243652344,464.05313456364615,456.085352797206,458.77650704176193,1529700
2025-04-17,446.0415344238281,451.4142809938753,430.9614203175041,443.69640243721983,3052800
2025-04-21,440.5150146484375,445.22457847750655,435.1903717636924,441.4088884787536,1532900
2025-04-22,444.1192321777344,452.4714597661422,425.1561434673503,440.24587688092663,2878000
2025-04-23,445.5321044921875,453.06739465759745,439.86143947996936,448.8480169926725,1352700
2025-04-24,448.6653747558594,449.4150554534721,442.27386210768424,447.66579071524956,1105000
2025-04-25,459.0744934082031,459.8625983105784,449.7130602046233,451.72181989940793,1521700
2025-04-28,457.77691650390625,464.9853962372271,455.85465524168734,460.6795204505603,1159700
2025-04-29,457.38287353515625,460.66992404124676,454.95121408352577,457.4789924696097,897100
2025-04-30,459.1801452636719,460.00670350261504,452.8174653692606,459.67992261758786,1095000
2025-05-01,459.1513671875,460.8141338868055,454.6148290311014,457.4982211814044,986400
2025-05-02,454.4225769042969,471.98245332104057,449.33821669063866,465.90810034203184,2090500
2025-05-05,453.23077392578125,456.0468797339848,451.0970626767679,455.575935094296,1150200
2025-05-06,450.010986328125,452.8463335594827,445.4456156097095,451.51034783860996,1135400
2025-05-07,453.0000915527344,456.4409262718052,448.90566571921323,450.19357723222316,1204400
2025-05-08,456.0853576660156,460.38161314144685,453.3942033927311,454.61482884322413,1093100
2025-05-09,455.1145935058594,458.10372520234586,449.88604020877773,456.796572212385,978800
2025-05-12,454.7685852050781,457.20024459413554,447.675436263098,455.09536610870634,1364500
2025-05-13,441.95672607421875,454.43221337918476,441.2935728622864,454.43221337918476,1859400
2025-05-14,431.72064208984375,443.8501057436167,427.7607886538002,442.92742856710623,2129700
2025-05-15,447.0603332519531,447.31982797316675,437.3432869405178,441.1301441211453,1758700
2025-05-16,450.11669921875,450.280074998658,444.6766963871158,448.0886983572381,1319200
2025-05-19,454.6724548339844,455.9988198003511,449.59768626574163,451.16433389032323,1199700
2025-05-20,457.3251953125,458.5554413776741,452.58682822276853,452.91360912571076,1058500
2025-05-21,452.0005187988281,462.23655430727086,451.7794481910634,462.1500560689402,1435100
2025-05-22,452.1639404296875,454.48986025121195,448.96335883765363,450.56845998009453,885000
2025-05-23,450.65496826171875,451.2989094065066,447.4640072914415,449.7707151100417,866700
2025-05-27,458.3151550292969,458.3151550292969,450.4434926814336,452.5002970143293,1548000
2025-05-28,451.7121887207031,460.3623644802092,450.77027013426033,458.97833401217787,956500
2025-05-29,455.27801513671875,456.1141941738323,447.23335566740997,449.7418927787506,851000
2025-05-30,463.6302185058594,463.6302185058594,452.7502122533397,455.258778560949,2196300
2025-06-02,463.3785705566406,464.2592275669982,458.7140033501649,462.83663232463886,1154200
2025-06-03,464.6850891113281,465.61412195880774,461.17214766293813,463.55280725547664,1032300
2025-06-04,466.65924072265625,471.1592773447729,466.15602079232673,466.44633430339775,1273700
2025-06-05,462.61407470703125,469.4851136844587,456.5365987497388,468.7496133698535,1063100
2025-06-06,466.156005859375,466.41728801096895,461.58821971986094,462.4011270582383,714400
2025-06-09,465.3237609863281,467.2689502005605,461.24953701464403,464.79150968032036,1064100
2025-06-10,461.5205078125,466.11732567822895,460.3011614718959,464.5205422210283,1150400
2025-06-11,441.87518310546875,449.1816925094695,429.11054301337765,449.1816925094695,3618200
2025-06-12,454.13653564453125,454.13653564453125,441.778365067553,442.56224107444075,1700600
2025-06-13,470.7625427246094,472.5528586645003,458.08499718397064,463.5237537367017,2729700
2025-06-16,451.9978332519531,467.16250621343147,449.5397371513507,466.4657242295371,2766600
2025-06-17,463.8818359375,466.04958907794827,452.4236657854679,455.5785440072016,2191200
2025-06-18,453.4881591796875,466.80439387510285,452.86878431629106,463.02051316519993,1871200
2025-06-20,455.3849792480469,459.01404606426627,446.2397190578054,453.8752898151733,2419400
2025-06-23,457.22369384765625,466.81411115786835,453.4204389678496,457.6785380633134,2666400
2025-06-24,445.3591003417969,453.584985288541,442.9203484914898,452.7623908871822,1970200
2025-06-25,443.6074523925781,449.888147743527,441.7783885901717,449.2397414950313,1265500
2025-06-26,443.13323974609375,449.10427725636487,441.91389339614364,444.4977723933373,1590100
2025-06-27,443.80096435546875,444.37193394881575,436.90089442782056,440.9461163887337,1996400
2025-06-30,448.20428466796875,448.86234836617746,443.11390413555444,444.6332805388417,1205600
2025-07-01,450.9139404296875,454.30106920857435,445.1654966537031,448.068749892749,1242800
2025-07-02,447.6332702636719,451.87202490902223,443.820328475242,450.972023452385,1127300
2025-07-03,447.6042175292969,450.3429696160885,446.10421517322305,448.7558436736706,707900
2025-07-07,453.9333190917969,455.3752587498887,446.49131092606,449.52037653093737,1224100
2025-07-08,448.0784912109375,451.57205885635517,445.7945830284477,449.23011749813713,1243000
2025-07-09,448.1268005371094,450.962304036262,445.36870412754405,450.3719900695808,892700
2025-07-10,449.3365173339844,451.4365502458605,441.2945079401177,443.88807383735895,1253300
2025-07-11,452.433349609375,453.1107576943554,446.9268432029313,449.7623469845492,1209200
2025-07-14,458.29791259765625,459.44953881225564,452.907531681714,454.8430339538581,1488000
2025-07-15,454.95916748046875,458.65598397422934,453.4011022996418,458.02695163124594,1039500
2025-07-16,456.265625,457.35918849879016,451.3688066603545,454.5236847848753,935000
2025-07-17,454.06884765625,459.10113587477997,452.6268783718913,455.3269123275272,926200
2025-07-18,448.997802734375,456.01399837576014,446.10423632745,454.08818309178486,1845300
2025-07-21,445.67840576171875,452.2881326741236,445.67840576171875,449.6558780763764,1577800
2025-07-22,397.49407958984375,423.3427328796956,396.88439166808143,409.1167798166419,8886500
2025-07-23,405.8651428222656,409.7167732496928,397.745697020907,400.41669947349345,4578600
2025-07-24,406.98773193359375,413.1136132159031,406.581292991692,407.4232317619096,3083900
2025-07-25,407.5877380371094,411.9426179257311,405.0135166033804,407.9458012137156,2461800
2025-07-28,407.75225830078125,415.02973617938926,407.58775714710214,412.1652010988145,2423700
2025-07-29,406.5812683105469,409.98774149976146,403.8909214739681,409.1070844678723,2428800
2025-07-30,405.1780090332031,409.16513869789014,403.6973510842603,406.58125989160686,1632100
2025-07-31,407.4038391113281,408.9522171320996,399.245675485636,403.67799174033445,2178000
2025-08-01,407.4328918457031,410.2877398130825,403.5522005622639,407.1909540755819,2006300
2025-08-04,410.0361633300781,410.90713343558434,405.4877212308271,406.45547235548304,1548200
2025-08-05,414.42974853515625,416.2007497019177,408.255491390722,409.67808678147225,1643900
2025-08-06,420.8265686035156,422.53947740571107,413.8684358837299,413.97487432789467,2032300
2025-08-07,416.8587951660156,420.826580666851,414.24585532723074,416.54910771942684,1490000
2025-08-08,411.9039001464844,419.6071905345342,410.23936709445155,417.2845938309445,1477600
2025-08-11,412.5135803222656,414.0232696279627,410.44257885756235,412.2619555935098,1462100
2025-08-12,417.6427001953125,417.6717315496062,411.29425476676283,412.1845988541403,1492100
2025-08-13,428.2976379394531,429.1492636855414,417.5072184128874,418.57172106207616,1890600
2025-08-14,423.2169189453125,429.5847082007243,420.8168855807146,421.9781987162923,1733600
2025-08-15,423.44921875,427.194411222079,422.38468650812945,423.72018790852854,1501700
2025-08-18,426.4298400878906,429.4588760893327,424.9588395793268,426.3427165033206,1154400
2025-08-19,426.875,430.16534770908885,424.4556223413437,425.67496859858176,1248100
2025-08-20,431.61700439453125,432.6621626212299,425.9459969433267,425.9459969433267,1282800
2025-08-21,432.7783203125,434.02669801526133,430.358942469817,430.6395690355052,1026000
2025-08-22,431.810546875,437.96542961288065,430.51373442888405,435.4783022310267,1890300
2025-08-25,433.2815246582031,434.27830711213204,430.746021495787,432.65249234845726,985200
2025-08-26,440.7719421386719,441.65259925241713,432.58477546302515,435.9912489688676,2051500
2025-08-27,439.8138427734375,444.6525982643621,439.35899857595376,442.13643950239737,1293900
2025-08-28,441.46868896484375,441.8267521458922,435.83637048432956,439.2331862902906,1385800
2025-08-29,440.93646240234375,445.0687491920814,440.21064903786436,442.76549672345266,1373200
2025-09-02,441.1021728515625,444.2897955236761,436.3158451519701,442.3694158132399,1645600
2025-09-03,437.7488098144531,440.61475774251204,435.4385115303591,439.7081902700747,1541800
2025-09-04,445.34259033203125,445.65453711716606,438.1777206519065,439.6009369543701,1449200
2025-09-05,452.21502685546875,452.29302843104256,445.2646164394683,445.2646164394683,1465200
2025-09-08,447.5456237792969,451.26941026904143,441.36532340175887,451.26941026904143,1477600
2025-09-09,445.54730224609375,446.3368971110679,441.0241927571605,446.0834366239313,1008400
2025-09-10,452.185791015625,452.6829543840739,444.2313258648684,444.71873159899155,1076900
2025-09-11,458.87298583984375,460.5009042355272,451.32792529554325,452.166278577747,1623700
2025-09-12,459.4383850097656,461.06633323101573,455.4026810507983,457.1183289843494,1041100
2025-09-15,461.3294677734375,462.3432798991821,457.1767619353278,459.5943047739861,1148300
2025-09-16,462.37255859375,466.38877687320706,459.78931428768016,461.6609355495225,1156900
2025-09-17,461.2027587890625,465.17024827501507,460.73486836245405,462.96716502012475,1016500
2025-09-18,461.6901550292969,462.4115059214699,456.2019622714758,459.253126611002,1107700
2025-09-19,461.02734375,464.9850759790513,459.50664022104854,462.2848588889395,2839100
2025-09-22,468.2897033691406,469.9273795235455,461.0955898529297,461.7389690026357,1409800
2025-09-23,474.4114990234375,474.518714002922,467.26611447227583,468.78681794655154,1135500
2025-09-24,474.0020446777344,482.76558967048834,473.28069375920415,474.8793689906003,1424200
2025-09-25,472.1401672363281,478.37895447555,471.8672212242648,477.24816964017793,1205700
2025-09-26,475.1620788574219,478.3887022635373,472.364374854133,475.6202414127646,913900
2025-09-29,479.5877380371094,486.42114593211284,476.8972489706883,484.48128070607146,1391100
2025-09-30,486.6355895996094,487.2984839593102,478.76888422797197,480.1725852719284,1312700
2025-10-01,486.4308776855469,491.3731785123843,482.53163217303745,483.67217457495474,1187000
2025-10-02,486.78179931640625,490.9150198212923,484.4910163589634,486.66482670993565,915500
2025-10-03,491.7826232910156,494.044193014983,486.6746207669555,486.8403518044476,1006500
2025-10-06,501.2869873046875,502.4470152100744,493.86868708929796,493.86868708929796,1389700
2025-10-07,498.1968688964844,502.9831666872281,496.3154900358826,501.2480333356032,922400
2025-10-08,501.0726013183594,503.0027089529625,498.34311140494276,502.27160036436806,798400
2025-10-09,494.9702453613281,502.2130869144899,491.119728436616,500.9458439956364,1186000
2025-10-10,492.3284912109375,500.51693086219376,487.9321119767027,496.01327715444944,1313800
2025-10-13,491.13922119140625,494.64854822847684,487.4057065685995,489.64776091926166,926700
2025-10-14,492.4552307128906,494.2293946539446,486.4309032195628,488.62422893548273,1078000
2025-10-15,486.83056640625,492.2797585798721,473.2514507004025,490.33013577361515,1678500
2025-10-16,480.82574462890625,488.6827224856077,479.6072303242207,488.1270728229389,1099700
2025-10-17,482.6778564453125,484.16931669020414,475.8054480078256,478.12550388852,1915500
2025-10-20,493.1571044921875,493.1571044921875,483.9256389102863,483.9256389102863,1433300
2025-10-21,477.1701965332031,493.83947799006427,470.55121857234,470.55121857234,2870000
2025-10-22,474.8696594238281,480.0069050058724,470.38552084757004,479.09057987185463,1725700
2025-10-23,475.7567138671875,481.5373683456088,474.2652535461848,475.8249578080747,1445700
2025-10-24,473.1831970214844,479.431741556771,471.8866812226391,477.93052369717003,1368400
2025-10-27,474.6454162597656,475.03533486499094,467.78273576204555,471.8866833737531,1423200
2025-10-28,473.53411865234375,477.07268876116524,471.4382801116656,474.1190114366658,1220600
2025-10-29,473.105224609375,476.5073367751732,471.4870637927817,472.7835499226481,971500
2025-10-30,477.3846130371094,482.00520929251326,473.27090797148026,473.33915190535805,1081000
2025-10-31,479.490234375,481.1766390513249,473.8070672751594,476.68277279381635,1185000
2025-11-03,475.6495056152344,479.1295896630909,472.53985468156554,478.63242629943,846600
2025-11-04,472.7640380859375,476.1953634651779,468.88427804861936,472.25711712443785,1169300
2025-11-05,461.2222900390625,473.61213487102805,461.2222900390625,470.85340189005774,1708000
2025-11-06,457.1085510253906,462.2360384937174,454.369303764754,461.1929832101843,1093600
2025-11-07,446.8048095703125,457.58622123653066,444.70897101745106,457.08905790463444,2514500
2025-11-10,440.71221923828125,445.58627600988603,437.18340689546045,444.51397757035664,1630100
2025-11-11,445.5570373535156,450.13863291570937,439.6399252333703,440.39051927417125,1322100
2025-11-12,445.5278015136719,448.189017542198,443.7536376620662,444.65047722131294,935400
2025-11-13,444.3677978515625,449.30034132450476,443.6366892765349,446.4733941175081,819600
2025-11-14,454.03790283203125,454.64231089942786,442.56438316744254,444.36779023805576,1177300
2025-11-17,458.9217224121094,459.7210749219798,453.0143675444129,455.5098824176168,1822400
2025-11-18,462.7624816894531,472.7835419663305,459.33115617694517,463.2498874028205,1242100
2025-11-19,458.0736389160156,460.5204251050607,456.50417705705917,460.11099121828136,861300
2025-11-20,456.4651794433594,465.40418300394975,453.30677039048993,461.9436145566243,1044900
2025-11-21,449.173583984375,457.5764532733466,448.3742315174959,456.79661607324357,1575300
2025-11-24,439.6984558105469,449.5733006835892,438.72364434823487,447.85762299027687,1411200
2025-11-25,441.0144348144531,442.5936245432952,437.18343310205717,439.6984334574569,1615900
2025-11-26,442.7203674316406,445.74228884726983,441.5700970714678,441.88201412330693,1299800
2025-11-28,446.32708740234375,446.32708740234375,441.2093280789054,443.0907364964801,748000
2025-12-01,431.37786865234375,446.01282749536955,430.7001396947534,445.21723784511016,1659200
2025-12-02,433.9610900878906,434.87454042663825,429.47237222258065,433.13603526824016,1535600
2025-12-03,438.85247802734375,440.4927858857221,431.2403321060509,435.52279365638003,1751500
2025-12-04,440.3749694824219,441.5339730098283,437.5068958644416,440.20798017266185,1283700
2025-12-05,444.156494140625,444.76546108047603,438.46947550520895,439.8151018028951,1290500
2025-12-08,457.1020202636719,457.2788113051198,443.4492736371045,445.4333319322011,1390700
2025-12-09,458.5851745605469,464.39985534418645,456.7287786851107,457.98600939303907,1102300
2025-12-10,459.6164855957031,464.66504188479513,447.7710061212962,456.9350348784589,2313600
2025-12-11,466.43304443359375,471.16731554905664,461.9246929683648,461.9246929683648,1294000
2025-12-12,471.7075500488281,472.28705182307937,462.4158282523518,467.19919830019825,1384300
2025-12-15,475.8033447265625,476.14709508729476,468.75103690294213,470.46990860557815,1002300
2025-12-16,468.5742492675781,471.25569993407174,465.4311575700342,471.07887891971126,1262400
2025-12-17,466.3446350097656,468.4072870501142,454.02768308859305,462.6220416110921,1989200
2025-12-18,461.7773742675781,467.7295792990259,460.6576376900062,464.0069857315874,1363900
2025-12-19,465.6963806152344,467.25809476983665,456.6109157082926,458.04493745202745,2826500
2025-12-22,474.9684753417969,476.3926653905633,466.5116106725774,466.5116106725774,1120600
2025-12-23,473.9665832519531,476.3239169998145,472.4441660166411,475.3908032267241,864000
2025-12-24,477.10968017578125,482.4430863907042,475.8328160272774,476.373020865165,581600
2025-12-26,474.43804931640625,478.3963640472285,472.62095040082437,476.5694633905767,605700
2025-12-29,480.1741943359375,480.72423090846917,474.69346206865913,475.22383520840714,933400
2025-12-30,479.3196716308594,482.9538696556635,479.260741282327,480.6358327059911,996400
2025-12-31,475.06671142578125,480.96978789908303,474.91935557769557,480.3018906234433,669900
2026-01-02,488.2283630371094,488.31675856305185,468.0635420873872,474.65417941378894,1126100
2026-01-05,502.4704284667969,506.70376171337426,494.05286060607074,494.96631098740755,1982600
2026-01-06,512.754150390625,529.1472780859382,507.8627517206134,507.8627517206134,2813100
2026-01-07,488.03192138671875,522.910296947094,487.1774013053885,515.9660473595478,4084900
2026-01-08,509.2182312011719,533.2136744540774,503.8848247264099,522.4290008050716,4108800
2026-01-09,533.2627563476562,536.356749485653,516.5258781022509,516.5258781022509,2647700
2026-01-12,541.4347534179688,544.4108857637102,530.6991790871665,539.1953403212163,2970000
2026-01-13,548.369140625,553.2802023535947,541.0418748936063,550.0585770333682,2013000
2026-01-14,562.5130615234375,567.7580422428174,546.2279629124262,547.0824829167013,2643100
2026-01-15,567.6107788085938,569.290323765011,549.7737667775173,558.5449169427245,1763400
2026-01-16,572.0700073242188,572.5611135640399,567.1491132092913,567.9250994358838,2375700
2026-01-20,565.8132934570312,576.4113440591465,563.1908030388942,569.6832128526651,1521900
2026-01-21,575.8023681640625,578.4936206046798,565.813284632078,565.813284632078,1817700
2026-01-22,583.3457641601562,585.3495159064516,572.1387465918157,574.7710687384196,1493600
2026-01-23,580.3107299804688,585.6244726191043,575.5862907945424,584.0627884946816,1271700
2026-01-26,571.3136596679688,579.8982467240232,565.3909498472119,579.5053377694685,1460500
2026-01-27,584.3673095703125,585.2709282391555,563.6131556897677,569.6832214415335,1710700
2026-01-28,586.6460571289062,588.6595806887383,572.6298660940199,582.3537934603186,1324000
2026-01-29,611.4370727539062,634.1850863800371,596.7529848547512,598.4030945522875,3931900
2026-01-30,622.938720703125,629.7847723175064,604.561565032845,609.9539015268895,2099600
2026-02-02,624.6870727539062,629.5784712152192,604.2374038386844,608.9716746972042,1967800
2026-02-03,617.0847778320312,635.0887480795777,607.4492764951947,628.6159419247962,2300700
2026-02-04,592.0383911132812,620.8073724426741,585.6245149831317,619.599270302483,2654800
2026-02-05,598.3441162109375,603.078386963777,584.4163521880249,592.008834520851,1684400
2026-02-06,612.488037109375,612.9889750350515,600.3282425645382,603.6579570532793,1095800
2026-02-09,626.936279296875,627.6041764796272,613.8925308787761,614.1577473886492,1589800
2026-02-10,618.3616943359375,626.9363902110093,615.3659582239261,626.130968773278,1211600
2026-02-11,617.5169677734375,622.3200009521238,610.62181731936,620.0019340517985,1024600
2026-02-12,626.0916137695312,632.7903092193891,618.7937831714631,618.7937831714631,1745600
2026-02-13,640.97216796875,644.665296087818,627.6337071406866,627.6337071406866,1490800
2026-02-17,638.0255737304688,644.5474187721883,630.5803866474347,641.3847234903036,1169600
2026-02-18,638.25146484375,648.8004168839644,635.6780730404366,645.480534032455,1350300
2026-02-19,654.6543579101562,657.8367163075429,643.8401904286591,644.8224027710369,1370300
2026-02-20,646.5511474609375,656.3634397973024,636.8763192996947,654.9097846213928,1447700
2026-02-23,648.8692016601562,651.4720887036034,642.0624763895304,643.9581392759103,1196100
2026-02-24,652.6113891601562,657.1983043625806,640.9623642801504,646.5805905307274,1361500
2026-02-25,635.9825439453125,651.7470413458739,622.7619431488188,650.6567999441306,1664400
2026-02-26,630.2169799804688,635.982562274161,626.6810391352658,634.9610829065333,1269200
2026-02-27,646.3743896484375,650.6862567674511,635.5896561189388,636.5620968076773,2599900
2026-03-02,668.166015625,683.2730522709687,655.6360492934022,676.8550250458801,3246500
2026-03-03,659.3980102539062,677.8127756225464,649.2673912990383,673.3991765161887,2142100
2026-03-04,656.1001586914062,662.5379536210692,644.3107327841635,661.5505647185042,1650900
2026-03-05,646.7396850585938,654.638795715798,639.0676545478461,653.7501216606898,1720100
2026-03-06,663.2982177734375,664.3744378562446,648.1220561824056,653.3058475724121,1895100
2026-03-09,655.7743530273438,667.5538952105778,649.0600603872853,667.0602007673639,2369700
2026-03-10,643.00732421875,651.5680287562892,638.0506732782433,649.6524920176361,1653000
2026-03-11,641.2794189453125,648.7144860461261,636.0067961407038,637.1817913038248,1364000
2026-03-12,644.5970458984375,652.6639955040998,638.4752232975068,643.7281389349283,1411200
2026-03-13,637.8532104492188,651.6766546385206,632.4225716605644,644.4390773422289,1071300
2026-03-16,637.0632934570312,643.3331885029276,630.9414705783024,637.0928837842919,1181000
2026-03-17,628.3051147460938,636.8657585329847,624.8097199200853,636.826284677622,1388800
2026-03-18,634.1801147460938,637.7050397693947,628.4236211010144,633.0248264455863,1026200
2026-03-19,629.4702758789062,631.9288644747842,615.8837956502291,631.0007165444696,1540800
2026-03-20,619.5173950195312,630.4576806360956,614.5212097193411,627.8410760094396,6511300
2026-03-23,608.4783935546875,621.719251837196,602.9292729044782,621.136726150225,1386600
2026-03-24,602.4750366210938,607.5403462335037,597.3702531503122,605.2200065464483,1078200
2026-03-25,616.328125,619.0236772439708,604.6966555559078,604.775663537303,1190300
2026-03-26,619.4186401367188,624.9381098456467,611.9835734569874,611.9835734569874,1262400
2026-03-27,608.0736083984375,623.4867347069667,605.921047556816,617.8092485160413,1061100
2026-03-30,591.0213623046875,615.459236802328,586.3905061003758,613.1981379888095,1849300
2026-03-31,596.7679443359375,602.3071811612747,591.1496995305536,596.8765426426074,1327800
2026-04-01,609.850830078125,611.2923791495899,598.466208339317,601.142053670509,1118100
2026-04-02,614.9358520507812,618.6089697426904,608.241387292207,608.9226879781417,1116800
2026-04-06,629.8553466796875,629.875053475416,613.5337807055021,615.2518275942731,1128800
2026-04-07,619.7839965820312,628.7692110599163,617.9277007126615,627.5843323803605,732100
2026-04-08,620.5739135742188,622.7165305781086,597.8639692429426,604.5486112723487,1283400
2026-04-09,616.0022583007812,628.8481964912128,615.2321263592196,620.0702954178716,911100
2026-04-10,605.9802856445312,613.8596900322557,599.5030168832919,611.4702257730573,874000
2026-04-13,611.8749389648438,614.6593824810999,607.2539668310867,610.0778842019226,678700
2026-04-14,603.8673095703125,609.2189404385792,601.3790703017345,609.2189404385792,905700
2026-04-15,603.393310546875,607.82673716819,599.6807790420444,603.2945957666709,879300
2026-04-16,599.828857421875,605.2693797600671,593.8255161936526,603.0082809341707,853500
2026-04-17,584.7218017578125,601.695018391531,580.9894430012413,596.7087167839624,1701600
2026-04-20,573.9494018554688,590.4585139880626,570.9378177440211,586.113979076627,1722000
2026-04-21,564.737060546875,573.6531504570344,561.6662957102628,572.9718497450608,1603500
2026-04-22,548.4253540039062,568.8050733015327,543.2514463338866,568.6174670188979,2289000
2026-04-23,523.1087036132812,532.0149700948174,515.6736971031477,527.1767407488078,3212500
2026-04-24,506.9748229980469,520.1564401931009,497.24903668557914,518.3791522954602,3089200
2026-04-27,506.87603759765625,521.0055695066684,505.45422538822004,507.5672218396833,2111400
2026-04-28,505.82940673828125,512.1388358844738,501.15907681380287,511.9018722055349,1456100
2026-04-29,503.3807067871094,509.49264617411774,495.6198448963005,507.4882178828855,1619200
2026-04-30,511.4377746582031,511.6945054021498,501.4947918210768,504.634681138064,1588400
2026-05-01,506.30340576171875,513.0275214974572,505.6615788956142,511.4180728320875,1403300
2026-05-04,511.6155700683594,517.8854653231041,505.54310437641425,506.93529617440976,1370900
2026-05-05,502.51177978515625,513.4421811424835,501.08993748829835,513.4421811424835,1365200
2026-05-06,507.7745666503906,507.98187972554337,494.00048103478684,502.5315346081784,1590400
2026-05-07,505.9479064941406,508.9989646321018,496.68622416595446,508.53492078865264,2056300
2026-05-08,500.122314453125,505.5430693630056,498.13765330788345,502.1760699140176,1293800
2026-05-11,505.7899475097656,509.1273267040272,496.11354865881003,498.6313782185098,1363600
2026-05-12,514.4295654296875,515.9205321619813,506.0367606194143,506.0367606194143,1163000
2026-05-13,513.3829345703125,514.3011989215446,504.3483330858711,510.9440528987228,824600
2026-05-14,513.8469848632812,514.8541407359241,508.752085112856,514.1728400453887,856600
2026-05-15,509.5025329589844,518.3100246755496,508.23864629656146,514.785039229632,1299200
2026-05-18,521.6473999023438,521.7264078845088,506.29351536826266,511.27981699782544,1382800
2026-05-19,519.9885864257812,523.5728127141265,516.878287492777,520.8574934208608,1107600
2026-05-20,515.9995727539062,520.2057986899465,510.4800424895017,519.988602067359,1018900
2026-05-21,516.1969604492188,522.8025938216916,510.4997681487077,516.6412974548957,1639700
2026-05-22,526.5152587890625,527.5322983054838,517.3917947980704,518.2409348067439,1050600
2026-05-26,526.1795654296875,529.2602139560402,522.328724639029,529.2404468932317,1346600
2026-05-27,524.4417114257812,526.8410590224453,517.6385880038583,525.2710842845282,1044900
2026-05-28,530.4351806640625,534.3847360257907,524.441723170788,527.423596488399,1137600
2026-05-29,523.7604370117188,530.4746692601094,521.291964842058,529.477396861097,2246900
2026-06-01,513.324951171875,522.7566041702914,512.7087673127132,520.7589504146391,1374600
2026-06-02,510.2738342285156,513.533700519099,506.96431776006017,511.3372640003842,1079200
2026-06-03,508.8824768066406,521.3155243437685,507.40161551460193,509.1010953052175,1044000
2026-06-04,515.8592529296875,519.4868396972348,510.97946266321895,514.5573082657654,851300
2026-06-05,520.5403442382812,524.764218573404,516.7537675548401,516.803448062085,903100
2026-06-08,516.873046875,523.8697489375701,513.6728092297592,519.785028378114,847600
2026-06-09,526.8712158203125,526.9208963307817,515.6804230322776,515.809628755476,1020700
2026-06-10,521.7926025390625,531.9100164938047,521.5838716190482,530.9658442270152,934300
2026-06-11,545.30712890625,547.6029263715707,525.0126723893494,525.3704448270713,1378100
2026-06-12,537.0084838867188,547.4737220055564,535.0008818812989,543.6374648739767,1029400
2026-06-15,527.0997314453125,532.5062928472371,525.3406533215322,532.1286239483559,1196900
2026-06-16,532.6553955078125,535.1897078979001,523.7703494628307,527.994223666296,847700
2026-06-17,529.0477294921875,536.1537406124097,525.6487699027948,526.9904469180927,1142300
2026-06-18,507.8091125488281,533.5996054633177,502.0745623432275,532.26781598879,3978800
2026-06-22,490.56573486328125,506.8649142759634,487.0375393208235,505.37413511632815,1704900
2026-06-23,500.5738525390625,501.1999543251508,493.4777289969241,495.7635783022737,827500
2026-06-24,488.6177978515625,500.24585723987775,488.46869566980536,499.8483221918121,1288400
2026-06-25,501.91552734375,509.4191341399763,491.21174366611586,492.9013055487046,1378300
2026-06-26,504.2809143066406,515.0542752252601,500.8024294400576,502.14413681173585,3672100
2026-06-29,498.9836730957031,507.0040723185301,498.66563292654985,505.3741391991043,997500
2026-06-30,506.3282470703125,506.3282470703125,495.2368460058339,500.90181918816864,1157200
2026-07-01,518.6122436523438,521.0173502964374,511.18813214728755,513.8218661701698,1278000
2026-07-02,542.5541381835938,542.6336633898655,525.7481145579549,525.7481145579549,1396900
2026-07-06,534.6928100585938,542.5541590700016,531.8801896305596,541.6497797061962,937700
2026-07-07,532.0889282226562,544.1045748603873,528.5011340968132,542.6436403301266,847600
2026-07-08,524.7145385742188,534.3250780271208,522.1205367019797,534.3250780271208,927700
2026-07-09,515.0741577148438,521.7826640611996,512.380794810795,519.2880838475536,989600
2026-07-10,520.0036010742188,520.7788353275545,510.6514734889658,513.2454145798221,662800
2026-07-13,517.479248046875,524.2076506465028,514.0802885908261,521.7826474845364,714600
2026-07-14,511.8242492675781,523.0249898551531,511.7049917830932,515.1735283867798,698500
2026-07-15,511.2975158691406,517.4792509573059,509.62785050134073,511.6652365397892,816500
2026-07-16,510.3633117675781,516.9326642493724,508.16687523123136,511.83419450759686,758100
2026-07-17,505.6424865722656,524.0884227515602,504.5591906417919,515.8096118046652,1274500
2026-07-20,506.40777587890625,512.6690668612397,504.6188225996762,507.49107181628244,998400
2026-07-21,503.9728088378906,504.6287553204454,484.15538173184734,497.92024897202,1316400
2026-07-22,511.1981201171875,517.7973173768884,508.8526420287272,512.6193223655332,1141900
2026-07-23,565.0947875976562,572.4592101208069,541.6497734649995,541.6497734649995,3275500
2026-07-24,579.0186157226562,584.7928980513598,565.0947889801253,565.0947889801253,1738900
2026-07-27,576.4346313476562,584.3755056152827,574.4469257223195,578.3030794882698,1082300
2026-07-28,577.736572265625,590.1200000667462,573.184709429071,585.3793027706419,1277300
2026-07-29,565.7010498046875,583.3916182604917,565.2438556597756,581.4039125764696,1600900
2026-07-30,570.580810546875,571.2268391241761,553.1287579858173,562.28216401671,1512700
2026-07-31,579.1577758789062,580.3007308725853,567.3806443629953,570.5808212893584,1424700
2026-08-03,582.6859130859375,585.7867288457411,575.4705929994444,579.9130857218704,1236400
2026-08-04,585.707275390625,588.8577717161149,574.7450501185216,583.5804158846018,1181200
2026-08-05,574.0493774414062,590.0404963641997,573.5822957223136,589.3547354766226,954700
2026-08-06,579.26708984375,584.8724342873045,574.2580934860837,580.7181367934531,738400
2026-08-07,584.3357543945312,584.7730520443254,573.4530543166684,577.5377746859064,749600
2026-08-10,599.4522094726562,602.920806590907,586.0948258306082,588.1322725350697,1185800
2026-08-11,594.0953979492188,599.0447654010715,589.2453915117562,596.6197621823403,924800
2026-08-12,602.9903564453125,606.6079952841723,584.3954089249492,591.8294086395597,1036800
2026-08-13,594.3339233398438,606.0315902209317,592.8132994372555,606.0315902209317,798400
2026-08-14,604.9382934570312,605.4948485787901,595.4271152209366,599.2932170334897,862600
2026-08-17,590.0901489257812,603.2984913965728,589.9112627018377,601.7778675031117,880400
2026-08-18,603.4375610351562,608.9832763998896,596.3812307296753,596.3812307296753,1024100
2026-08-19,585.5283813476562,602.3443531634376,585.4190114418285,601.2809234246321,1006500
2026-08-20,567.9669799804688,588.0428187165617,566.0389031178349,583.0636064720301,1555000
2026-08-21,560.1056518554688,569.4279963397676,559.6087254358791,567.9670011229931,1099800
2026-08-24,560.672119140625,564.011449906793,555.0966196303332,560.0360388061284,1080600
2026-08-25,553.0989990234375,564.4885136876499,551.8566829799614,560.6721527716707,1289700
2026-08-26,562.1430053710938,566.4563531328166,553.029392350308,555.5637048109239,844000
2026-08-27,562.411376953125,562.5505309038626,556.5774658553712,561.3379989416587,823000
2026-08-28,560.3838500976562,564.935712687794,557.2730861302867,564.4785185841696,619000
2026-08-31,557.7799682617188,560.2646001758757,554.9674086100636,560.2646001758757,945000
