Date,Close,High,Low,Open,Volume
2009-01-02,16.14242935180664,16.20491619927912,15.783130759496132,15.861238017743007,12793355
2009-01-05,15.897684097290039,16.486101972740293,15.77271044449749,16.376749766328153,15686988
2009-01-06,15.606078147888184,16.27781071829875,15.38737478658289,16.184081003703504,15752698
2009-01-07,15.356132507324219,15.55921444486811,15.184293464383382,15.418619337405008,13325530
2009-01-08,15.288442611694336,15.460281704433232,15.12181205739827,15.45507420686539,11092137
2009-01-09,14.960386276245117,15.418623143280374,14.814584677608844,15.048909567595665,11125987
2009-01-12,14.840618133544922,15.07494403363241,14.736473404714351,14.960384311481377,9313157
2009-01-13,14.809377670288086,15.095775461442923,14.700025426817612,14.793756218613728,11330138
2009-01-14,14.48652458190918,14.715642962029841,14.267821194049535,14.54380391672067,12828987
2009-01-15,14.642741203308105,14.726056972341853,14.252197755306435,14.481317161023876,13285810
2009-01-16,14.679200172424316,14.976011992445468,14.273035040533163,14.788552443419077,15213711
2009-01-20,14.522978782653809,15.038496053808714,14.49173587942471,14.647952477320153,15407067
2009-01-21,14.356348991394043,14.783341950359913,14.002256837742454,14.700026149500717,19101477
2009-01-22,14.29385757446289,14.424038741416492,13.991838391275293,14.189712849074965,15980428
2009-01-23,14.684396743774414,14.762505004556578,14.33551227685621,14.444863425601454,15603986
2009-01-26,14.470902442932129,14.960382074818396,14.330307340249336,14.616705041496605,14818720
2009-01-27,14.77292537689209,14.929143007254712,14.502149053021808,14.507356550238043,10106178
2009-01-28,14.986425399780273,15.158264515840466,14.778135877548257,15.028083304226675,14200505
2009-01-29,15.069732666015625,15.132219487263,14.778127500194534,14.851028271212538,12581974
2009-01-30,14.866655349731445,15.10098126201482,14.757303118549224,15.022871930670455,17210675
2009-02-02,14.80416202545166,15.069730721262658,14.580251205096282,14.627115534328055,14703021
2009-02-03,15.746679306030273,16.01745564487504,15.064531481851631,15.55921876375313,24482538
2009-02-04,15.56962776184082,16.069522348703195,15.413410183009043,15.751880736415751,13599372
2009-02-05,15.673781394958496,15.861240930931098,14.8926951376552,14.8926951376552,14368499
2009-02-06,16.022666931152344,16.1059827474211,15.62691680387576,15.62691680387576,11599788
2009-02-09,15.960173606872559,16.07473228742108,15.710226259266905,15.965381103499709,9146839
2009-02-10,15.10618782043457,15.960174647079269,15.028079529435784,15.86644386518083,15057140
2009-02-11,15.475896835327148,15.590455482074757,15.106182378756516,15.15304775282349,10812321
2009-02-12,15.278022766113281,15.324888144402244,14.856236443261777,15.22074239670473,11389769
2009-02-13,14.97080135345459,15.309270987815117,14.851034118253992,15.24157768546798,11000751
2009-02-17,14.897900581359863,15.116605077955512,14.517771981628151,14.653160677782607,21584922
2009-02-18,14.91351318359375,14.996828934592855,14.580251220471727,14.949964605311663,15041210
2009-02-19,14.856236457824707,15.100977299754437,14.819786070619598,15.06452587167474,10332651
2009-02-20,14.632326126098633,14.851029498094835,14.470902084759217,14.632326126098631,18552639
2009-02-23,14.517768859863281,14.783338697320213,14.382381233696337,14.382381233696337,18829730
2009-02-24,14.856236457824707,14.871857903644813,14.340720418764523,14.53338838679445,18588586
2009-02-25,14.533390998840332,14.814582278512896,14.434453769698502,14.679193614740054,22865054
2009-02-26,13.559635162353516,14.66877547160263,13.554427666971003,14.66877547160263,20846816
2009-02-27,12.601500511169434,13.424243966753448,12.585879070087744,13.262818939328419,34071738
2009-03-02,12.205755233764648,12.663991973763,12.195341282838378,12.403630710110354,17418808
2009-03-03,12.00267505645752,12.549435143168346,11.90373782426336,12.3307317330089,18975402
2009-03-04,12.267400741577148,12.458002432314306,11.880900458070947,12.288578824805954,22605674
2009-03-05,11.722063064575195,12.119151818525328,11.610878933128099,11.965610466779658,21628205
2009-03-06,12.0397367477417,12.14562717439246,11.669120783625129,11.833250680353261,18906130
2009-03-09,11.113194465637207,11.912666827778654,10.615510048362049,10.668454726268697,88189724
2009-03-10,11.753833770751953,11.812073244029252,11.3249772546726,11.452045773635206,36396411
2009-03-11,11.616177558898926,12.03444347381696,11.542053721769499,11.722066940531272,29498685
2009-03-12,12.722732543945312,12.754499148471554,11.467930498711263,11.573822002658405,40235864
2009-03-13,14.332256317138672,14.665810724896504,12.844497381879178,12.844497381879178,60001249
2009-03-16,13.876935958862305,14.528161845088624,13.829285000320267,14.284613324568838,34252203
2009-03-17,14.088713645935059,14.10459800194413,13.659858258453673,13.771043458906805,23637326
2009-03-18,14.27402400970459,14.559927628270149,13.834579010186772,13.924586136088667,22185531
2009-03-19,13.7869291305542,14.369327043140135,13.59632635052426,14.311086511055962,25223683
2009-03-20,14.146955490112305,14.401092510143261,13.929879854255322,14.094009748444769,26895977
2009-03-23,14.814064025878906,14.814064025878906,14.173427774786791,14.401091914568653,20397014
2009-03-24,14.692288398742676,14.888185916055615,14.565219910483794,14.618165643085991,15464917
2009-03-25,14.559928894042969,14.835244023195843,14.194607689485663,14.803477422070106,18255950
2009-03-26,14.602279663085938,14.724054411188725,14.337554204504737,14.702876332169353,16516061
2009-03-27,14.379913330078125,14.623460759900022,14.189310579569733,14.258139615167176,17048340
2009-03-30,14.056946754455566,14.242254712425947,13.839871143458293,14.178720464694212,15245256
2009-03-31,14.162840843200684,14.337560334390597,14.041067101356578,14.194608504472635,22948370
2009-04-01,14.289910316467285,14.416978853311981,13.633389542769685,14.025184727202031,18880244
2009-04-02,14.29520034790039,14.61287158433396,13.998707193895726,14.406384486910605,18833608
2009-04-03,14.009296417236328,14.4593298639609,13.813398895041175,14.295199993783184,16227232
2009-04-06,14.12048053741455,14.581103553727802,13.913994503663371,13.913994503663371,13312430
2009-04-07,13.908699989318848,14.067535077350552,13.771042983579505,14.05165178021179,13959779
2009-04-08,14.168127059936523,14.168127059936522,13.876928789638404,13.966935874090375,11073168
2009-04-09,13.924592971801758,14.533461892031166,13.808112917867184,14.432866203398598,15819979
2009-04-13,13.792221069335938,14.041063271753195,13.696920228157387,13.829282448776372,11654494
2009-04-14,13.596322059631348,13.861047530299844,13.538082604249349,13.718095754972419,13162042
2009-04-15,13.898112297058105,13.972235060292194,13.51690679331169,13.564557745860517,16521406
2009-04-16,13.686336517333984,14.035774495688463,13.426904633537143,13.998713100381053,19463980
2009-04-17,13.622797012329102,14.025180593748178,13.57514606047527,13.712803072326016,19709212
2009-04-20,13.352779388427734,13.718101690849272,13.33689714446806,13.501027070801511,13786650
2009-04-21,12.46329402923584,12.998040758540203,12.140328078039955,12.923916957041328,42417590
2009-04-22,12.161504745483398,12.442114508515326,11.822656598127802,12.389168790967403,55546934
2009-04-23,12.29917049407959,12.35211518657984,11.986792892535401,12.214458139421307,37293290
2009-04-24,12.41563892364502,12.468584629567676,12.203858216597311,12.32033813463428,23124749
2009-04-27,12.41034984588623,12.542713113213047,12.288577206262037,12.389171765446816,16986718
2009-04-28,12.267400741577148,12.505653384159636,12.17739362327421,12.399762968015613,24059041
2009-04-29,12.653903007507324,12.73861536077901,12.25681411612689,12.299170292762732,29254710
2009-04-30,12.833911895751953,13.013926114834685,12.70684340874837,12.770377652250161,29434023
2009-05-01,12.865682601928711,12.908038774321728,12.606250781440927,12.82862121566538,15816835
2009-05-04,13.035100936889648,13.151579825025875,12.881559622235791,13.024511369792693,20048659
2009-05-05,13.019220352172852,13.225707445396344,12.897446645263987,12.971570461418528,17891875
2009-05-06,13.029809951782227,13.199234608150359,12.833912428276063,13.066871330782249,23711000
2009-05-07,13.347477912902832,13.538080604627357,12.945094452595505,13.077457697540199,28997846
2009-05-08,13.14099407196045,13.5063151636236,13.050986966048395,13.42160284237036,19570038
2009-05-11,12.918628692626953,13.130409577614474,12.881567302334725,13.01393062003251,16962614
2009-05-12,13.225709915161133,13.368661730762923,12.85509288182357,12.971572883725852,24452250
2009-05-13,13.591033935546875,13.898116775000615,13.156883612225565,13.178061702590567,26484846
2009-05-14,13.792221069335938,13.892816695669419,13.580440246359114,13.643974493252161,21327114
2009-05-15,13.485139846801758,13.898113026702317,13.416311865420129,13.898113026702317,18947840
2009-05-18,13.628090858459473,13.659857451957928,13.352774737088804,13.559261828116806,15679023
2009-05-19,13.643978118896484,13.712806110912238,13.395134792031504,13.628094817533029,16363053
2009-05-20,13.813392639160156,14.003995289977615,13.654557625973045,13.755152146558112,16231005
2009-05-21,13.829289436340332,13.866350834506884,13.45337855019943,13.622803294186605,23725567
2009-05-22,13.855751991271973,13.95105280958124,13.749861605194019,13.845162423503286,15340100
2009-05-26,14.06224536895752,14.083423457301752,13.585738910373498,13.76575213213829,16681330
2009-05-27,14.099305152893066,14.189312282683701,14.014592809165935,14.014592809165935,20609549
2009-05-28,14.17342758178711,14.295201299277105,13.951057172323354,13.98282482724194,29002981
2009-05-29,14.602279663085938,14.61816401609187,14.215780514723823,14.263430398776002,43884581
2009-06-01,14.57580852508545,14.745232106671867,14.364027725200021,14.671109355872929,21212673
2009-06-02,14.665812492370605,14.755819584143607,14.401087059200439,14.56521689126525,15295560
2009-06-03,14.607572555541992,14.61816212284112,14.32696278029764,14.50168217415938,20421014
2009-06-04,14.26935863494873,14.790099445018628,14.210305852092807,14.747151771468566,23123806
2009-06-05,13.995573997497559,14.441156049665658,13.753994026180019,14.349893005726694,26622763
2009-06-08,13.920416831970215,14.054627576788823,13.67883577433321,13.88283786634509,18534299
2009-06-09,13.80767822265625,14.027785422158397,13.7110464479371,13.920416187413709,12226702
2009-06-10,13.737887382507324,14.027784840855887,13.641255611792534,13.915046880770218,13460198
2009-06-11,14.059993743896484,14.26399472561655,13.79157123009082,13.79157123009082,17891037
2009-06-12,14.000943183898926,14.532420640466777,13.786204709214728,14.022417031367347,31199170
2009-06-15,13.399673461914062,13.957993413056732,13.308409355471008,13.866730379715687,28282586
2009-06-16,13.115141868591309,13.528512441192003,13.082930575357848,13.426511979972462,28060305
2009-06-17,13.297672271728516,13.410410216527305,13.11514514152748,13.12588152655015,24599704
2009-06-18,13.770102500915527,13.909682002396279,13.356730581545309,13.421152137560055,21459058
2009-06-19,13.909676551818848,14.247889320090273,13.855992479394134,13.909676551818848,27901009
2009-06-22,13.517777442932129,13.818411202751768,13.50167233121724,13.818411202751768,19518790
2009-06-23,13.480202674865723,13.684203681504977,13.421148791747193,13.57146571830848,14780782
2009-06-24,13.662725448608398,13.780831030724903,13.447987051031316,13.501672186976478,15980742
2009-06-25,14.263992309570312,14.28009849469013,13.523146425723976,13.684199692107647,21087332
2009-06-26,14.494834899902344,14.527045119496867,14.140517118854248,14.21567501330925,23773356
2009-06-29,14.951162338256836,15.004847501409778,14.425053534110575,14.52705405637837,23050026
2009-06-30,15.010214805603027,15.058530160125441,14.65052703673321,14.951160917127485,22760254
2009-07-01,15.058526992797852,15.14979109842568,14.908211157319542,15.085369566176977,16136475
2009-07-02,14.500207901000977,15.026316536544421,14.484101713355274,14.886737088662194,15229012
2009-07-06,14.972634315490723,15.031688202190479,14.365998915620843,14.478736885654152,24246214
2009-07-07,14.827685356140137,15.241057176508917,14.774001275536238,14.951159707321027,23592995
2009-07-08,15.0531587600708,15.321581264275537,14.886736743077744,14.972631043017616,22403515
2009-07-09,14.500207901000977,14.978000119811274,14.269363275765707,14.902842203205916,28109980
2009-07-10,14.199576377868652,14.489472778805517,14.097575871842878,14.441156354281988,18809294
2009-07-13,14.398205757141113,14.44115344292546,14.02778277207759,14.183468401321326,16515222
2009-07-14,14.580732345581055,14.661258979244609,13.447987526581096,14.441151845669193,14570763
2009-07-15,14.87600040435791,14.902842978728952,14.39820708758194,14.677367070975468,21509886
2009-07-16,14.96189022064209,15.031680458816147,14.790099525506953,14.865258491179395,13268938
2009-07-17,14.859896659851074,14.961897164148471,14.714947388736622,14.940423317291012,11335273
2009-07-20,14.999473571777344,15.031684873125396,14.731051068352693,14.897473084862094,11851098
2009-07-21,15.91748332977295,15.992642332766378,15.343058175953445,15.423584836008983,27961059
2009-07-22,15.810104370117188,16.13758061223552,15.713472652091333,15.874525873168261,19869451
2009-07-23,16.239585876464844,16.448955555239042,15.820846518916444,15.847688014993873,26678517
2009-07-24,16.636859893798828,16.674439939091833,16.073172091632287,16.250331636391497,26308678
2009-07-27,16.518741607666016,16.73884761431141,16.330845817368118,16.70663739796391,21026758
2009-07-28,16.11611557006836,16.593907840198337,15.981903763883693,16.486538609871022,23627265
2009-07-29,16.035581588745117,16.180530797984506,15.842318122629285,16.110740557213877,16696736
2009-07-30,16.07316780090332,16.626119066163326,16.040956495408455,16.218115992874974,24300290
2009-07-31,16.110746383666992,16.41674894970266,16.057061233473824,16.212746881311524,16269362
2009-08-03,16.11611557006836,16.357695533478246,15.96042991781823,16.34695914699656,16298286
2009-08-04,16.019485473632812,16.25033016325396,15.826220825897936,16.18053988329635,16077892
2009-08-05,15.896007537841797,16.202010096345667,15.751059352851241,16.035586993324767,13375100
2009-08-06,15.761792182922363,15.933582903593024,15.702739390967272,15.933582903593024,11499494
2009-08-07,16.159061431884766,16.373798795114293,15.810111204570578,15.949691724737043,13656278
2009-08-10,16.427486419677734,16.64222488841356,16.164431527200815,16.261064374683006,19050963
2009-08-11,16.282533645629883,16.52411462334103,16.185901898406524,16.35232282352937,11423829
2009-08-12,16.502643585205078,16.636854308414236,16.105376925668484,16.287905140348006,12899518
2009-08-13,16.631486892700195,16.631486892700195,15.402109009834513,16.49727509444759,14137939
2009-08-14,16.631486892700195,16.690539697614607,16.384537140991327,16.642223278547345,16942178
2009-08-17,16.57779884338379,16.830116207314855,16.395270658002612,16.427481956111816,19584290
2009-08-18,16.486536026000977,16.572431396800784,16.266429943152918,16.572431396800784,12926032
2009-08-19,16.8999080657959,17.136120339682154,16.34695687474674,16.459694819195214,21322294
2009-08-20,16.824748992919922,16.985803351756303,16.631485479279373,16.985803351756303,16164562
2009-08-21,17.479703903198242,17.565599285713283,16.88380495527567,16.99117418341947,21721372
2009-08-24,17.447492599487305,17.715916206417585,17.345492101018714,17.710547476734483,14227229
2009-08-25,17.68906593322754,17.742751060491887,17.447485006741193,17.667592096942123,20081566
2009-08-26,17.54412078857422,17.705174051538485,17.431382860638156,17.619278691797064,10438080
2009-08-27,17.64613151550293,17.715921804128733,17.29181348719927,17.50118327997427,10302154
2009-08-28,17.35085678100586,17.672964390280924,17.24348757791417,17.672964390280924,12640452
2009-08-31,17.409914016723633,17.54949347980684,17.2649658238405,17.324018632333317,13569294
2009-09-01,17.066329956054688,17.463595513576603,16.996540771381852,17.33475352914139,16841465
2009-09-02,16.740327835083008,17.060898712774495,16.70772683618862,17.04459875636956,14240853
2009-09-03,16.43062400817871,16.772928539255197,16.267622264269743,16.75119490099503,17347754
2009-09-04,16.680566787719727,16.680566787719727,16.41432936137825,16.544731233126942,12744309
2009-09-08,16.827259063720703,16.859860056182367,16.463220983390546,16.80552543077436,14400358
2009-09-09,17.14239501953125,17.18042968913496,16.7837906436197,16.897892480262378,13018780
2009-09-10,17.365175247192383,17.424942497386034,16.990269612186996,17.196739775698973,15584913
2009-09-11,17.6803035736084,17.723770840069754,17.343432801575048,17.468400921130367,15100108
2009-09-14,17.87047576904297,17.89220940481558,17.549903826833642,17.571638548690693,19285296
2009-09-15,17.767244338989258,17.88677990673126,17.7129107798954,17.832445261552706,16012602
2009-09-16,17.47926902770996,17.805273540100917,17.310832548411362,17.783538819857156,15582712
2009-09-17,17.392335891723633,17.587938614910616,17.229333079358923,17.40320216663624,15921426
2009-09-18,17.321701049804688,17.582504676900967,17.26736641778408,17.484702773697645,21274086
2009-09-21,17.289100646972656,17.430369826208974,17.169566190158363,17.27280069124061,14210251
2009-09-22,17.022869110107422,17.29453909619199,17.001135467777267,17.29453909619199,14417546
2009-09-23,17.022869110107422,17.169570924314783,16.930500858683065,17.05546903056027,21497834
2009-09-24,16.84899139404297,17.060894027366178,16.734889558375002,16.968525822964292,16095079
2009-09-25,16.97939682006836,17.22933309014373,16.794660371678347,16.794660371678347,22122442
2009-09-28,17.40320587158203,17.615109681376527,16.854432262598635,16.957666783625893,15006941
2009-09-29,17.305397033691406,17.506433399873732,17.213029912869686,17.397765240597373,14767997
2009-09-30,17.185861587524414,17.381464262680854,16.92505802064916,17.370597990436476,21388946
2009-10-01,16.941362380981445,17.278234285573674,16.859862602728153,17.245634374272356,17994894
2009-10-02,17.196735382080078,17.29453621322015,16.892464440179378,16.94136431270712,21461154
2009-10-05,17.261930465698242,17.27823150480987,16.9413596544339,17.07176145082119,18305730
2009-10-06,17.664011001586914,17.691178325998933,17.207604513020993,17.354306327110276,21649794
2009-10-07,17.490140914916992,17.64771008466291,17.35430538630552,17.598809120589227,12144329
2009-10-08,17.620532989501953,17.68573387674535,17.511864844096294,17.59879936042082,11952545
2009-10-09,17.691173553466797,17.756374462815593,17.56620541540272,17.636838919300562,11900354
2009-10-12,17.85417366027832,17.924808243837685,17.658570950018504,17.778106482663915,11445208
2009-10-13,17.61510467529297,17.903074515999315,17.57707000059974,17.78897266408837,21154404
2009-10-14,17.87590789794922,17.93567620933091,17.560770730494504,17.788973357122483,38314042
2009-10-15,18.093242645263672,18.14757727150346,17.723770879519765,17.832439045915034,23478973
2009-10-16,18.044342041015625,18.136710255724136,17.90307396506526,18.076943034594535,21300914
2009-10-19,18.326881408691406,18.381213866886707,17.99000952425343,17.99000952425343,29333310
2009-10-20,18.32144546508789,18.571383879835142,18.272545604203597,18.424679952844947,24308989
2009-10-21,17.756366729736328,18.36490719921503,17.718332067950655,18.33773989396355,25395241
2009-10-22,17.85960578918457,17.88133942177016,16.984826806093366,17.59880219815745,25450575
2009-10-23,17.620532989501953,17.903070167556667,17.48469753622385,17.799835700942317,17948153
2009-10-26,17.39776039123535,17.951968392109823,17.316259566016264,17.658563900803586,19226084
2009-10-27,17.620532989501953,17.875902859684224,17.47926494351665,17.70746750582648,19670541
2009-10-28,17.414066314697266,17.76723701850516,17.386899003301505,17.707469802301883,15802268
2009-10-29,17.011993408203125,17.40319877841345,16.7892244980632,17.40319877841345,42898518
2009-10-30,16.805530548095703,17.267369574273257,16.75119590614268,16.935932385481404,42406377
2009-11-02,16.984830856323242,17.11523376901717,16.82182911610378,16.908763667176704,22417244
2009-11-03,16.66425895690918,16.995697184231133,16.45778995371483,16.89246268263396,71181522
2009-11-04,17.73464012145996,17.848741979806224,16.97939655637649,17.022863827547976,37948290
2009-11-05,17.772672653198242,18.163878070430965,17.65313712155717,17.65313712155717,23830786
2009-11-06,17.70747184753418,17.903074557224336,17.50643545772043,17.718338121697002,20797141
2009-11-09,18.163883209228516,18.196483126845333,17.76724399968766,17.865045924707456,30584098
2009-11-10,18.261676788330078,18.332311363199008,18.10954136573467,18.20734325187384,16626520
2009-11-11,18.049779891967773,18.337749790357503,17.995445252141863,18.326884600127663,18316210
2009-11-12,17.91937828063965,18.185615629683323,17.854177363695356,17.951979282154095,14775542
2009-11-13,17.984582901000977,18.201919335569585,17.93024933540124,18.09325111828528,15211930
2009-11-16,18.370351791381836,18.66375536959476,18.212782639927337,18.462718940917263,26302180
2009-11-17,18.631149291992188,18.636581885284656,18.120408410520277,18.364910949460736,17354985
2009-11-18,19.092985153198242,19.23425428638531,18.517045607117847,18.62028007454894,29544482
2009-11-19,19.196226119995117,19.408129891521074,18.88652261284392,19.06582430032583,25142358
2009-11-20,19.81020164489746,19.924303502483674,19.196225086084464,19.261427078491806,38112721
2009-11-23,19.788463592529297,20.0818692507223,19.663496567383994,19.967767412341992,23842629
2009-11-24,19.67980194091797,20.0112401884271,19.484198114906086,19.712401854530256,22260673
2009-11-25,19.86997413635254,19.924308782395784,19.538535836525952,19.71783973403477,11693374
2009-11-27,19.717830657958984,19.853665038373386,19.35379043477174,19.54939420162364,9402551
2009-11-30,19.67436981201172,19.739571820148328,19.489635495324965,19.647204661804953,19246834
2009-12-01,20.038402557373047,20.228571569362217,19.71783175097686,19.71783175097686,17421533
2009-12-02,19.994935989379883,20.10360306908843,19.80476479859484,19.83193211156413,12601990
2009-12-03,19.978633880615234,20.125335633037523,19.85909944118502,19.9460339738922,13639406
2009-12-04,19.940608978271484,20.37528180743382,19.908006886957217,20.21771263534129,17412415
2009-12-07,19.940608978271484,20.125343301538386,19.82107232112475,19.842807048667595,10448036
2009-12-08,19.75044059753418,20.098178873373545,19.70153854488831,19.9134423712915,16286234
2009-12-09,20.18511390686035,20.2285811923406,19.614604427326103,19.723273727111515,18611537
2009-12-10,20.397016525268555,20.603485597967847,20.315516718766037,20.326381911519917,15336642
2009-12-11,20.347612380981445,20.51777135451328,20.237834026147652,20.51777135451328,14402769
2009-12-14,20.731834411621094,20.74830104901339,20.457385334859786,20.457385334859786,12981262
2009-12-15,20.858081817626953,20.858081817626953,20.45738774224473,20.676946590614765,13495096
2009-12-16,20.720853805541992,20.91296748133868,20.5946066725871,20.86905572131712,17476238
2009-12-17,20.46287727355957,20.77575002512109,20.45190097618541,20.72085976072339,19433483
2009-12-18,20.52874755859375,20.742816094676805,20.41896702162243,20.506790573446732,26643618
2009-12-21,20.687929153442383,21.088623307689527,20.567172311666805,20.572660461063148,15497090
2009-12-22,20.720853805541992,20.847100938496887,20.61107550267864,20.742808588362227,14771350
2009-12-23,20.4464168548584,20.781244497436333,20.386038423400763,20.781244497436333,13358542
2009-12-24,20.30370330810547,20.386036527717778,20.177456112190345,20.386036527717778,6586890
2009-12-28,20.468372344970703,20.51777227771134,20.193923153964167,20.303703708119674,10443634
2009-12-29,20.36407470703125,20.583633540872444,20.34760587440941,20.38054134527166,7869013
2009-12-30,20.342119216918945,20.413476117443317,20.204895758606902,20.243319380237438,9838205
2009-12-31,20.05670166015625,20.347615330101892,20.034744669377833,20.199415517068605,7403072
2010-01-04,20.314666748046875,20.44640201041665,20.06217471043334,20.210376606301736,14563532
2010-01-05,20.397016525268555,20.556197020761882,20.270769320047684,20.4738616006984,15452550
2010-01-06,20.671451568603516,20.709872982803855,20.254288798225115,20.424447672023554,15971415
2010-01-07,20.704395294189453,20.803197341602935,20.528748185179683,20.5671718131688,12488597
2010-01-08,20.69341468811035,20.79770487413725,20.545212729315196,20.78672638234975,11283921
2010-01-11,20.7757511138916,20.814172545478122,20.583637372813488,20.792217755197516,10041726
2010-01-12,20.611082077026367,20.852595736990374,20.484834903802223,20.759284040073698,11445942
2010-01-13,21.368568420410156,21.6100843865048,20.912983828367803,21.02825256282402,26593419
2010-01-14,21.95038604736328,22.021742941322355,21.46186627973147,21.538713515922097,23081466
2010-01-15,21.66495704650879,22.10407467708049,21.41246495752537,21.944894261700593,21854258
2010-01-19,22.296186447143555,22.416945430943077,21.648488546392425,21.70886694110166,20908334
2010-01-20,22.521240234375,22.587106789699014,21.939408755232503,22.307169540808935,21843150
2010-01-21,21.999794006347656,22.81216307060804,21.983327362394025,22.548692378585567,26803019
2010-01-22,21.33562469482422,22.11505811489949,21.280734430125214,21.900987399202414,18301853
2010-01-25,21.27524185180664,21.813159311838493,21.253284872745887,21.56066721892749,16116039
2010-01-26,21.17644500732422,21.37953723852746,20.945907642781965,21.13253323285816,20817158
2010-01-27,21.20937728881836,21.2862245362943,20.836128320659455,21.12704408706801,18322289
2010-01-28,20.841615676879883,21.37404726840278,20.825149037155906,21.264266744400754,14008197
2010-01-29,20.956878662109375,21.412462885443013,20.67145332704898,21.00079042091721,16893655
2010-02-01,21.02275848388672,21.20389376159803,20.896511287844714,21.165470129485545,9666647
2010-02-02,21.703384399414062,21.802186431901784,20.912972528275546,21.055686331382073,15857288
2010-02-03,21.253286361694336,21.637515967125402,21.116062913285592,21.626537476825902,18305311
2010-02-04,20.36407470703125,21.138017676237713,20.210382426151696,21.07215112327607,26547307
2010-02-05,20.160980224609375,20.353093908131658,19.661484208575203,20.336627271759028,24074970
2010-02-08,20.08414649963379,20.353105369141822,19.88105421270633,20.078656154830465,10705949
2010-02-09,20.01827049255371,20.402497937186464,19.93593729406476,20.270762625222524,17965864
2010-02-10,19.87006950378418,20.13902828918437,19.62855365628909,20.034738103123445,17627884
2010-02-11,20.243322372436523,20.30918893996004,19.688935920125278,19.881049667911427,15123478
2010-02-12,20.26527214050293,20.391519289473752,19.809687846780687,20.10609171593324,18766955
2010-02-16,20.671451568603516,20.95687687938382,20.451892793241424,20.70438483631262,21768951
2010-02-17,20.495813369750977,20.81417208526258,20.39701132971824,20.709881896376494,12534918
2010-02-18,20.468372344970703,20.58364104908109,20.325658502321435,20.462882000633588,12942590
2010-02-19,20.578142166137695,20.65498939991278,20.3915188125216,20.435430577086795,13004003
2010-02-22,20.37504768371582,20.78123200874745,20.089622343410536,20.78123200874745,18421115
2010-02-23,20.040225982666016,20.38602977933066,19.979845382428532,20.254294477177115,16699670
2010-02-24,20.270763397216797,20.331141809868694,19.908492921305427,20.144518423265275,17913988
2010-02-25,20.073165893554688,20.122565825295318,19.787738214034114,20.001808973674546,17854252
2010-02-26,20.243322372436523,20.342122223721802,20.001806504625822,20.14452032676933,13800483
2010-03-01,20.457387924194336,20.545211464323458,20.32565261400065,20.32565261400065,12373107
2010-03-02,20.523252487182617,20.687921042716436,20.484828873326233,20.627542645500075,12842402
2010-03-03,20.42445182800293,20.77574594006381,20.364073426790124,20.68792241204859,13186879
2010-03-04,20.386030197143555,20.517765501997022,20.243318596005093,20.468365585570037,12421839
2010-03-05,20.578142166137695,20.616565783025237,20.270759814181318,20.42994023502782,10342502
2010-03-08,20.501293182373047,20.605583328852696,20.36955791402282,20.57813820698212,12625570
2010-03-09,20.331130981445312,20.473844714093676,20.215864560562217,20.424444819429493,15401198
2010-03-10,20.128049850463867,20.35309683913998,20.034735971739437,20.281739941661822,20357505
2010-03-11,20.455291748046875,20.494115494735418,20.022667179601644,20.161329753087728,16049177
2010-03-12,20.610595703125,20.63278038934695,20.372098685099342,20.54958504431471,17172738
2010-03-15,20.937828063964844,20.965560574382273,20.521844842421654,20.54402952034013,18251863
2010-03-16,21.043210983276367,21.076489109956665,20.743703408435312,20.948922218562462,19187937
2010-03-17,21.120866775512695,21.131960226725003,20.837998182437783,21.07094957109706,12983986
2010-03-18,21.326082229614258,21.33163006301188,21.009935550890695,21.11531777713188,13097275
2010-03-19,21.109773635864258,21.54239602048864,20.99329795205007,21.109773635864258,32252934
2010-03-22,21.242887496948242,21.653322963967533,21.093133686131004,21.120863984457557,16215914
2010-03-23,21.35380744934082,21.492467759158806,21.21514713952283,21.39263340042204,12927185
2010-03-24,21.082040786743164,21.359361516124572,21.065401720369046,21.314989933340396,12930643
2010-03-25,20.954465866088867,21.26506685977504,20.943372419117473,21.25952124496883,13808029
2010-03-26,20.760345458984375,21.043214011187278,20.715973877906283,20.97665774824989,14149782
2010-03-29,21.015487670898438,21.08204617075245,20.84354912954921,20.84354912954921,11693898
2010-03-30,20.887910842895508,21.05430368778021,20.804713311773604,21.05430368778021,10397313
2010-03-31,20.71597671508789,20.849091476553063,20.555129434480833,20.79362643826929,13588787
2010-04-01,20.915647506713867,21.009938514177758,20.799174031968708,20.876823754252076,10621794
2010-04-05,20.7381591796875,21.05985145470444,20.70487883342285,21.04321239025178,10966796
2010-04-06,20.660512924194336,20.815814597293365,20.616141334360318,20.815814597293365,12864095
2010-04-07,20.405376434326172,20.749255694413993,20.277807284560737,20.73261662572457,19274921
2010-04-08,20.399826049804688,20.532940785571228,20.31108289262699,20.433104179406477,12922154
2010-04-09,20.505205154418945,20.660504547190374,20.399822948461395,20.41091639576194,10552941
2010-04-12,20.438648223876953,20.571762949409504,20.410917929580314,20.499661079935347,11175662
2010-04-13,20.355459213256836,20.48302614556836,20.2889007211883,20.349911378791184,12493942
2010-04-14,20.083683013916016,20.377645084824728,19.972755143826706,20.377645084824728,20934534
2010-04-15,19.9893856048584,20.244521591811164,19.945014032459696,20.089222197095246,21771152
2010-04-16,19.80635643005371,20.06149245217085,19.617776667028274,19.961655846173926,21576538
2010-04-19,19.9117374420166,19.95610901783484,19.573403899232634,19.78971616285626,13147998
2010-04-20,20.00048065185547,20.189058186612318,19.89509843615039,19.99493281901252,10639506
2010-04-21,19.26835060119629,20.067039053685175,19.24616591952912,20.01712185691443,38975015
2010-04-22,18.730344772338867,19.21843212754217,18.7247991566304,19.174060549796415,40059695
2010-04-23,19.667695999145508,19.83408888232036,18.602780216410693,18.769173099585544,43319185
2010-04-26,19.41255760192871,19.945016537590966,19.357092575124053,19.734252096564497,27871979
2010-04-27,19.1241455078125,19.67878918335229,19.085319541407284,19.329364355143696,20457694
2010-04-28,19.168519973754883,19.301634741989844,18.968846712722478,19.1352396186762,17689716
2010-04-29,19.551219940185547,19.750893170047846,19.401468343828192,19.401468343828192,19118454
2010-04-30,19.43474769592285,19.856276647302398,19.429199861914352,19.595592752334714,16476342
2010-05-03,19.56230926513672,19.65105241139388,19.434742378241488,19.57340271275864,13021190
2010-05-04,19.8618221282959,20.16687760644948,19.745348657948956,19.745348657948956,33995967
2010-05-05,19.73980140686035,19.839638030322575,19.357096198054954,19.64551261753255,22489661
2010-05-06,19.00766944885254,19.73425382459513,17.027588439982416,19.639965044658293,32246750
2010-05-07,18.57504653930664,18.979937513302918,18.2755389069531,18.80799679683942,27703775
2010-05-10,18.9965763092041,19.334909903559556,18.796905296266218,18.81354436256441,24561976
2010-05-11,18.586143493652344,18.918930430499298,18.31991394417478,18.497400310493155,25819786
2010-05-12,18.658239364624023,18.88009723769633,18.541764812770754,18.841273495758166,20002442
2010-05-13,18.475208282470703,18.719250845155702,18.364279340941323,18.68042710146997,15354353
2010-05-14,18.236711502075195,18.49739423988253,18.125782559531682,18.49739423988253,22117621
2010-05-17,18.181245803833008,18.336546317648445,17.848458988514206,18.25889661508053,16146222
2010-05-18,17.9427490234375,18.30326835375255,17.91501651141028,18.28662929000806,19165195
2010-05-19,18.09250831604004,18.247808878464586,17.78745391701895,17.859558026743194,22192134
2010-05-20,17.648792266845703,18.053683292459553,17.60996740375395,17.876196936977312,25881198
2010-05-21,17.770811080932617,17.83182172606703,17.216166332711303,17.304909492426713,26721694
2010-05-24,17.670974731445312,17.920565148980554,17.53231437386328,17.67652145617892,13930016
2010-05-25,17.781906127929688,17.792999578922377,17.249448197277857,17.360376055125407,21679766
2010-05-26,17.981576919555664,18.220073887834108,17.659882406238907,17.737532117858976,27518803
2010-05-27,18.647146224975586,18.67487873344039,18.18124363054124,18.258894432506793,32049098
2010-05-28,18.68597412109375,18.92447108613258,18.580591895892365,18.658241606457683,26192454
2010-06-01,18.59723472595215,18.86900987662756,18.475213410739507,18.541770794131843,21756061
2010-06-02,19.057584762573242,19.068678211280552,18.59722992349273,18.65269494966996,16971522
2010-06-03,19.018760681152344,19.168514475289996,18.852365605568924,19.096410386009037,13739385
2010-06-04,18.397560119628906,18.813544541805417,18.297724612208807,18.774718575166677,19078316
2010-06-07,18.475208282470703,18.591683948246466,18.358732616694944,18.408650917553075,14809288
2010-06-08,18.752538681030273,18.785816822441678,18.358739949794746,18.53067960067387,16223983
2010-06-09,18.697067260742188,18.93001860593923,18.575044863572376,18.78026258591298,13463761
2010-06-10,19.21843147277832,19.290535561328532,18.852365414507727,18.935562951456262,19612901
2010-06-11,19.549304962158203,19.683895752164986,19.196003297660365,19.263299813637136,18989865
2010-06-14,19.63903045654297,19.768011884591353,19.59977397212366,19.65585402359508,14311802
2010-06-15,20.19982147216797,20.216645036910357,19.644634867883994,19.672674889770068,22954658
2010-06-16,20.194211959838867,20.289546229342086,20.020364741625475,20.025974090502483,18167394
2010-06-17,20.110092163085938,20.328802965401017,19.79604709004035,20.267115820581743,18747358
2010-06-18,20.003543853759766,20.188607552527895,19.896993114200562,20.132527507934746,20582510
2010-06-21,19.69510841369629,20.272725708200827,19.577341214907943,20.211038554920517,16317989
2010-06-22,19.700716018676758,20.031584708410545,19.667068887301276,19.734363150052236,17187095
2010-06-23,19.863346099853516,19.997936862492786,19.588557466861538,19.739971794587426,13624629
2010-06-24,19.96990203857422,20.020372746972555,19.72315112186183,19.728760472981794,17217592
2010-06-25,20.149349212646484,20.272723505803913,19.78483344033732,19.96428777291034,35498904
2010-06-28,20.154956817626953,20.267116899228434,19.947464702167274,20.261507549980674,14404341
2010-06-29,19.86895179748535,20.07644615540516,19.62781031178021,19.93624829500217,23962206
2010-06-30,19.610990524291992,19.81848492216811,19.487616204024004,19.807268463431043,22218753
2010-07-01,19.31376838684082,19.566126370485534,18.870741819863827,19.53247923718531,26815386
2010-07-02,19.190383911132812,19.347405278041137,18.87073183010458,19.3249746150308,17809188
2010-07-06,19.431535720825195,19.453968637801225,19.095059901756994,19.224041327556307,15630396
2010-07-07,19.86895179748535,19.88577536137802,19.30254876466558,19.498828907954376,17699882
2010-07-08,20.110092163085938,20.11570151203516,19.81287065299597,20.11570151203516,16314426
2010-07-09,20.356842041015625,20.412919834287152,20.031580527089556,20.138131248835148,12569083
2010-07-12,20.23908233642578,20.32320242031041,20.098884438564816,20.300769501162474,13223245
2010-07-13,20.440963745117188,20.58116385986355,20.205431587846718,20.261509391798917,13523497
2010-07-14,20.30076789855957,20.39610219254544,20.093273501581777,20.306375006930537,11736657
2010-07-15,20.463397979736328,20.50265222083935,20.132529274714624,20.328807206069204,11518673
2010-07-16,20.13813591003418,20.637244751880335,20.121312343964124,20.48582817335698,17374792
2010-07-19,20.07645606994629,20.250303385933385,20.01476889122758,20.154966820865805,10604188
2010-07-20,19.997941970825195,19.997941970825195,19.739976837024475,19.91943123305052,14684262
2010-07-21,19.73436164855957,20.014759619896004,19.61659669770556,19.89699242709578,13429491
2010-07-22,19.7287540435791,19.919424838635493,19.62781041773205,19.82969766942615,16482944
2010-07-23,19.554906845092773,19.723144727154104,19.296941793672577,19.723144727154104,16431802
2010-07-26,19.77922821044922,19.796051777388353,19.521263114138225,19.62781386605045,10096956
2010-07-27,19.7287540435791,19.95867907394823,19.62781041773205,19.807264756150737,13285810
2010-07-28,19.48200225830078,19.857736722765548,19.414708005644794,19.706320170397483,10175870
2010-07-29,19.66146469116211,19.796055493889753,19.40349954642087,19.62781755096694,15270722
2010-07-30,19.324987411499023,19.42032171582499,18.966078630111653,19.263300244941423,22764656
2010-08-02,19.667070388793945,19.69511041439637,19.375455916085965,19.54930317804238,12688031
2010-08-03,19.526865005493164,19.768006470439463,19.336196469826014,19.683888658217473,15282146
2010-08-04,19.73436164855957,19.768008777375,19.375452962671723,19.5044366123925,13764013
2010-08-05,19.667070388793945,19.717541089710377,19.459575992893242,19.627813904561236,10545710
2010-08-06,19.61660385131836,19.627818070382197,19.347419996792627,19.526874405178425,12218422
2010-08-09,19.829700469970703,19.87456406091145,19.661460322483045,19.661460322483045,10796496
2010-08-10,20.05962371826172,20.18299802170198,19.526867783302375,19.739971502453876,12434206
2010-08-11,19.56612777709961,19.908212968768524,19.52687129079618,19.801662211026844,13039321
2010-08-12,19.650245666503906,19.768010628385035,19.403494800877983,19.43153482483182,9597479
2010-08-13,19.627811431884766,19.71193149809475,19.431533519341084,19.515653585551064,9172306
2010-08-16,19.610990524291992,19.627814091424302,19.397889018020635,19.49883266276107,7217052
2010-08-17,19.93064308166504,19.975506675337442,19.594167250095328,19.734365139591606,11189496
2010-08-18,19.835308074951172,19.958682392641936,19.644637248190378,19.9026045840212,9571174
2010-08-19,19.465181350708008,19.818482951189868,19.34741415054739,19.79605003594672,12061327
2010-08-20,19.31376838684082,19.45396851216928,19.2072176367591,19.375455545206737,12782875
2010-08-23,19.610990524291992,19.751188411692294,19.381065450888325,19.459576178154627,10455477
2010-08-24,19.31376838684082,19.515655670535196,19.162354045043298,19.493222753704035,11799642
2010-08-25,19.369844436645508,19.47078805764547,19.07823002974473,19.302547941996846,11114878
2010-08-26,19.336200714111328,19.459575027081478,19.22404061726832,19.38106430445924,8903074
2010-08-27,19.627811431884766,19.689498583660242,19.246472064014654,19.420317062123832,10004313
2010-08-30,19.47640037536621,19.745581942084595,19.470793266789574,19.582951131948906,7099466
2010-08-31,19.717544555664062,19.82970467778929,19.353028642650965,19.437146492297938,17379194
2010-09-01,19.97549819946289,20.05400889458979,19.77922034067281,19.84090747555435,13684470
2010-09-02,19.82408905029297,20.05962343862921,19.358629623119025,20.014759852372126,12121482
2010-09-03,19.958683013916016,20.098883144698338,19.78483799047118,20.037193741986155,12049904
2010-09-07,19.885780334472656,20.05962760808337,19.857742548937203,20.05962760808337,26548250
2010-09-08,20.08205795288086,20.188610952330095,19.81848573441031,19.824092843035352,23207750
2010-09-09,20.233469009399414,20.317586825485947,20.070838242370712,20.182996077801437,12119596
2010-09-10,20.553123474121094,20.58677060428776,20.255901926440817,20.26711838381181,11760656
2010-09-13,20.524795532226562,20.751463703346307,20.400128604469636,20.751463703346307,11453173
2010-09-14,20.69478416442871,20.796785348991612,20.43411648426523,20.45678215559342,13468058
2010-09-15,20.689125061035156,20.893125231264364,20.536124367004458,20.694790914356606,12042882
2010-09-16,20.6437931060791,20.745792066717165,20.513458080238905,20.677792759625124,9526006
2010-09-17,20.587129592895508,20.876131236271448,20.49079646691546,20.68346271887556,17186571
2010-09-20,20.706130981445312,20.762796327645162,20.530462291549064,20.60412973358827,11028942
2010-09-21,20.808124542236328,20.932791429430935,20.609787974782204,20.706123332061203,12841039
2010-09-22,20.944129943847656,20.995129427280506,20.75712730705625,20.802460936363943,12992790
2010-09-23,20.774120330810547,20.961122906353815,20.694787071864628,20.779788448514726,11111525
2010-09-24,21.15946388244629,21.187797683629352,20.81379467962256,20.864794162490803,12195052
2010-09-27,21.040462493896484,21.238796833634087,21.040462493896484,21.1991290595124,11592766
2010-09-28,21.108461380004883,21.238796407703425,20.97812861774171,21.13112932631566,13333285
2010-09-29,21.034786224365234,21.11412174186933,20.887453689217352,21.02345452080854,9904858
2010-09-30,20.859127044677734,21.29546347867763,20.762791673404713,21.085795174974088,14353408
2010-10-01,20.74012565612793,20.876126532096137,20.59845892653261,20.8307929067734,12305511
2010-10-04,20.69478416442871,20.825119137227663,20.56445145706418,20.677784344573965,9678175
2010-10-05,20.978130340576172,21.0517977739831,20.79679581693929,20.887463078757733,11181322
2010-10-06,20.972454071044922,21.091455089117986,20.86478702265374,20.989453892850406,7903282
2010-10-07,20.802461624145508,21.187798618718844,20.757127993338973,21.1651306705978,14564894
2010-10-08,20.915790557861328,20.961124175065002,20.745787794271397,20.8647888226104,9097478
2010-10-11,20.887466430664062,20.96679973112728,20.77979932315628,20.887466430664062,5843858
2010-10-12,20.76278305053711,20.864784233167793,20.58145088704332,20.779785135504202,11570339
2010-10-13,21.057458877563477,21.187793886561114,20.84212474568481,20.887458366366374,10230890
2010-10-14,21.05179786682129,21.18213064036284,20.87612919673503,21.119797180767215,10002531
2010-10-15,20.938457489013672,21.21612506149437,20.830790424879623,21.119791968699435,15746619
2010-10-18,21.09712791442871,21.102793767816628,20.915793420793136,20.915793420793136,11109953
2010-10-19,20.69478416442871,20.99511960120955,20.575783160011067,20.966785812973498,10869961
2010-10-20,20.961139678955078,21.108472344765357,20.723137446238912,20.745803138887975,10133426
2010-10-21,21.023466110229492,21.051799915609635,20.728796346624648,21.023466110229492,10870904
2010-10-22,21.023466110229492,21.051799915609635,20.938464694089067,21.006464014652778,6634469
2010-10-25,21.20479393005371,21.352126499713556,21.131126512506256,21.136792365611804,11167488
2010-10-26,21.00645637512207,21.153791203342443,20.904457431371007,21.142459497660077,7444363
2010-10-27,20.660789489746094,20.898791555776036,20.473786895536154,20.898791555776036,12701131
2010-10-28,20.932796478271484,21.00079579116586,20.774127639125396,20.779795758823614,10344074
2010-10-29,20.57579231262207,20.81946028132022,20.411457627013576,20.81379442732647,15961669
2010-11-01,20.54178810119629,20.81378981039846,20.38878742294943,20.649455161242784,10131540
2010-11-02,20.745792388916016,20.887461389950232,20.689127053937703,20.723126708011765,10462813
2010-11-03,20.689125061035156,20.836457636309248,20.422789177094224,20.813791957588293,9966690
2010-11-04,20.768451690673828,20.938452155719162,20.649450685511763,20.887452695835893,12430433
2010-11-05,20.23012351989746,20.81946069905409,20.071456950534564,20.779795189431102,23583144
2010-11-08,20.184783935546875,20.292450989871067,20.15645240793297,20.201786023723937,14344186
2010-11-09,19.861785888671875,20.252788669392373,19.822120384528443,20.14512159817639,22320933
2010-11-10,19.8107852935791,19.93545218316355,19.708784081448627,19.86178476692682,19982216
2010-11-11,19.952457427978516,20.065792642342597,19.748457213733072,19.77678875188845,14792939
2010-11-12,19.669118881225586,19.86745321293237,19.487784376186774,19.856121505443937,24896602
2010-11-15,19.57277488708496,19.8107768589123,19.561440920466023,19.669107939760757,13741795
2010-11-16,19.323453903198242,19.516120135067904,19.23278437614089,19.44245270182075,23091213
2010-11-17,19.533113479614258,20.201786011192304,19.521779509314847,19.725781912965044,20993746
2010-11-18,19.99778938293457,20.026123184148542,19.748455556948333,19.912787979292652,16417654
2010-11-19,20.02045249938965,20.037454590287886,19.788118530814053,20.00345267392657,16375105
2010-11-22,20.16778564453125,20.196119439731884,19.935451695495033,20.11112031956496,15256050
2010-11-23,19.725780487060547,20.04878162648419,19.669112905094586,20.026115952958587,19217176
2010-11-24,19.918453216552734,19.92978492305024,19.725784755438543,19.731450608687293,11182894
2010-11-26,19.714454650878906,19.77112225622338,19.550119954641282,19.561453928797288,7456101
2010-11-29,19.65778350830078,19.686115037174424,19.43111541926733,19.595447801561043,13967220
2010-11-30,19.533113479614258,19.657782622038177,19.448114365955675,19.521779509314847,40543452
2010-12-01,19.867454528808594,19.901456449831905,19.64645450205218,19.691788131314453,34710598
2010-12-02,19.9581241607666,20.037459720486822,19.839125352057753,19.924124501135502,39504255
2010-12-03,20.003454208374023,20.014788181363883,19.844787648257363,19.997788354596764,11352774
2010-12-06,19.975114822387695,20.031782406054024,19.861781920489747,20.00344861422086,11176082
2010-12-07,20.043123245239258,20.184789987523715,19.975121668446594,20.09979084832723,19084394
2010-12-08,20.06011962890625,20.133787047185375,19.946786707624195,20.026119979065143,8952750
2010-12-09,20.213123321533203,20.213123321533203,19.980789325856126,20.11679021086024,9241054
2010-12-10,20.394451141357422,20.40011925893611,20.11678360847688,20.23011650939976,12588576
2010-12-13,20.675086975097656,20.74954051401214,20.446000043672335,20.526182186878717,19718330
2010-12-14,20.93280601501465,21.05307691697832,20.680811583936165,20.73235527494506,17262866
2010-12-15,20.995805740356445,21.184803863334952,20.84689868336967,20.84689868336967,15964184
2010-12-16,21.098896026611328,21.121805862013662,20.846899285234564,20.955717568980972,10479476
2010-12-17,20.892717361450195,21.07598918193627,20.686540284019365,20.984352126888307,19634385
2010-12-20,20.904170989990234,21.00153435326821,20.82971746146345,20.99580574977556,11236132
2010-12-21,20.72090721130371,21.012992802842735,20.70945458036479,21.001540171903812,10432002
2010-12-22,20.74381446838379,20.83544924214245,20.675087243259767,20.749540783139935,9043297
2010-12-23,20.783906936645508,20.94999297183094,20.743815861829244,20.760997096861868,7592865
2010-12-27,20.749536514282227,20.818263725266817,20.646446842610136,20.697992823250974,4548110
2010-12-28,20.732351303100586,20.869803409067874,20.675079019878595,20.829712352890652,5679846
2010-12-29,20.738086700439453,20.818268847919782,20.715179150880896,20.760996539608165,5243144
2010-12-30,20.623552322387695,20.73236837635479,20.600642474388813,20.680824652773858,5359158
2010-12-31,20.64072036743164,20.760991268505858,20.57772176012792,20.594902990337154,5755406
2011-01-03,20.64072036743164,21.064531677958012,20.61208422054639,20.783901101857882,20498356
2011-01-04,20.818265914916992,20.846899775428543,20.531906703313055,20.755267300493895,14594553
2011-01-05,20.93852996826172,20.949984883731172,20.61781065199163,20.64071819332121,15217274
2011-01-06,21.224891662597656,21.27070904036049,20.938532479177532,20.938532479177532,12565834
2011-01-07,21.3909854888916,21.3909854888916,21.110354835943163,21.287895789796387,13365668
2011-01-10,21.305082321166992,21.545624248984634,21.282174765456666,21.33944708914863,11238438
2011-01-11,21.161901473999023,21.37380721666366,21.018722970127747,21.32798982067159,10725861
2011-01-12,21.276447296142578,21.32799101090617,21.14472141671031,21.30508116682637,13507567
2011-01-13,19.867557525634766,20.49181740974422,19.76446783419255,20.38300140362578,77860531
2011-01-14,19.604103088378906,19.9019172019793,19.54110447733491,19.833189987452396,43755467
2011-01-18,19.39792823791504,19.644196396324567,19.174568772027445,19.512470555719716,61805800
2011-01-19,19.420835494995117,19.55828764806971,19.300566864463537,19.54110641513663,31174437
2011-01-20,19.50101089477539,19.552554575759807,19.312012818614242,19.357830187136774,22645184
2011-01-21,19.415102005004883,19.59837147470385,19.403647090746425,19.575463935796023,21779850
2011-01-24,19.357839584350586,19.46665560121491,19.340658349015193,19.46665560121491,20575908
2011-01-25,19.10584259033203,19.386473213592488,19.065751520033416,19.340655828798337,34185760
2011-01-26,19.014211654663086,19.317752176329808,19.002756733752353,19.134481455394535,27418195
2011-01-27,19.042842864990234,19.145932553381787,19.037116550483464,19.10011516849776,16217695
2011-01-28,18.939754486083984,19.203203879055334,18.899664560163124,19.180295186414128,16927191
2011-01-31,18.99702262878418,19.07147615424701,18.93975147867764,19.065748695794912,14836431
2011-02-01,19.472383499145508,19.49529104889098,18.842393826602564,19.094389466658725,22434012
2011-02-02,19.36929702758789,19.489567980213003,19.243299758975127,19.415114424320763,14453492
2011-02-03,18.842391967773438,18.951207969952474,18.619032504141483,18.893936811628496,42170367
2011-02-04,18.83666229248047,18.968385818643096,18.773662541318004,18.83666229248047,26485894
2011-02-07,18.89966583251953,18.916847066955857,18.750758747924543,18.865302218841816,15175354
2011-02-08,19.054290771484375,19.071471998291813,18.92829358182375,18.985564719450064,12437874
2011-02-09,18.951210021972656,19.065753495828243,18.853848927799227,19.031391026074115,14831610
2011-02-10,18.922571182250977,18.979842335184742,18.836663880447894,18.96838741771507,11355394
2011-02-11,18.939754486083984,18.974116952643296,18.819483563516417,18.88248332688347,11196832
2011-02-14,18.79657554626465,18.911119013586386,18.756485618903298,18.882484005359725,13018990
2011-02-15,18.779396057128906,18.79657729262219,18.699215050151693,18.785123517228378,17764858
2011-02-16,18.876758575439453,19.00848329082136,18.716397703946864,18.750760175435556,14758146
2011-02-17,18.956933975219727,18.985570124587795,18.727847069884966,18.876754130755003,11475600
2011-02-18,18.813758850097656,19.019935956610123,18.785122695657837,18.934028638095747,17840418
2011-02-22,18.52167320251465,18.78512261680084,18.475854668720224,18.75648646248123,18610174
2011-02-23,18.378494262695312,18.676306157452945,18.349858107305305,18.624762451517082,17581458
2011-02-24,18.344133377075195,18.418586934246676,18.241043660252334,18.37276953672658,14612159
2011-02-25,18.435762405395508,18.47585232948411,18.32694640652433,18.361308871513145,9403180
2011-02-28,18.65340232849121,18.676311029818724,18.435770238282544,18.441497699815777,17470894
2011-03-01,18.590394973754883,18.888207951444134,18.578941200861586,18.67057596322751,23209008
2011-03-02,18.65911865234375,18.722117257189012,18.49875783877098,18.584665131269496,13020876
2011-03-03,18.956933975219727,19.04284127851904,18.682029688818016,18.71066583818608,39781451
2011-03-04,18.934024810791016,19.105840557894194,18.808027588412894,18.985569649402454,40663238
2011-03-07,18.80230140686035,18.93402609687706,18.739302791392134,18.89966363200528,40392016
2011-03-08,18.888206481933594,18.951205089957625,18.796571726696897,18.888206481933594,12103771
2011-03-09,19.065750122070312,19.17456726158133,18.848118132658062,18.848118132658062,14253848
2011-03-10,18.842391967773438,19.0485701983887,18.808029501740048,19.019934046824226,16065106
2011-03-11,18.964065551757812,19.068359843238305,18.81341965739736,18.81341965739736,12846698
2011-03-14,18.761272430419922,18.888741935828406,18.68594890912475,18.830800409237675,14451501
2011-03-15,18.459980010986328,18.56427430498792,18.373068871439706,18.442598014713415,16905602
2011-03-16,18.00804328918457,18.459982194837895,17.996455676359144,18.425218198179422,24262143
2011-03-17,18.216632843017578,18.320927161376556,18.05439813748987,18.1123385246586,14366613
2011-03-18,18.48895263671875,18.52951101816271,18.3441011089643,18.41362910104985,20414830
2011-03-21,18.767072677612305,18.877160229501964,18.564279575040324,18.593250349174145,15995834
2011-03-22,18.84818458557129,18.98144964888228,18.80762620717242,18.842391358787225,17273241
2011-03-23,18.90612030029297,18.929296674842682,18.778650819360408,18.830796793460966,12905491
2011-03-24,18.95827293395996,19.06256607060699,18.853978639130865,19.02200769292104,12035442
2011-03-25,18.871366500854492,19.06257199534739,18.853984499041253,18.958278826285532,11066042
2011-03-28,18.80182647705078,18.917708352519366,18.767062493501086,18.853973610557084,9491526
2011-03-29,18.9930419921875,19.004630765006798,18.784455663263888,18.825012893584308,10397837
2011-03-30,19.29433822631836,19.398632566244803,19.126310258054186,19.137897874611255,18077057
2011-03-31,19.126304626464844,19.340685314199717,19.120510240801135,19.16106862408263,13218424
2011-04-01,19.16106605529785,19.265359192351614,19.120507677453723,19.14947844370613,11993312
2011-04-04,19.276952743530273,19.334893132224398,19.242187583767915,19.317511131434397,12070864
2011-04-05,19.213218688964844,19.253778239017162,19.126308676516924,19.20163107336594,9685930
2011-04-06,19.323305130004883,19.38124551753634,19.20742319675964,19.282746742914632,13667911
2011-04-07,19.311717987060547,19.36965953766329,19.15527765352503,19.36965953766329,13178705
2011-04-08,19.50871467590332,19.52609667393398,19.352273219080853,19.410213598577116,19267585
2011-04-11,19.462360382080078,19.613007459608646,19.416008771512306,19.514508694651585,11719365
2011-04-12,19.444984436035156,19.56666078142394,19.346485640418123,19.363867644564355,15280050
2011-04-13,19.39282989501953,19.497124190395546,19.33488836243684,19.479742193893568,8199447
2011-04-14,19.618799209594727,19.723093510519014,19.276949013535717,19.317507393591992,15740960
2011-04-15,19.99542236328125,20.261950257585678,19.960656042521187,20.22139070821472,38676230
2011-04-18,19.659360885620117,19.86794951015092,19.61300811532044,19.81580119583596,18642558
2011-04-19,19.55506134033203,19.763649909043593,19.42179860910999,19.665148850788285,15922474
2011-04-20,19.723093032836914,19.83318055811575,19.670947041819847,19.740475029842603,14903294
2011-04-21,19.723093032836914,19.867946868491334,19.676740268700343,19.85635809836614,16567832
2011-04-25,19.89112091064453,19.931680445490965,19.485534827636474,19.526094362482905,10088258
2011-04-26,20.31409454345703,20.372036090117586,19.925890350287773,19.95486112361805,22532000
2011-04-27,20.644357681274414,20.708092450420697,20.30829951998992,20.395211832297303,21360860
2011-04-28,20.7254695892334,20.742851584345686,20.54585177913317,20.65014606617085,14096962
2011-04-29,20.82976531982422,21.003587599357353,20.64435427062511,20.847147316141122,19843880
2011-05-02,21.038352966308594,21.19479325974419,20.96302943310548,21.11367649951171,19269890
2011-05-03,21.09630012512207,21.229562913231874,20.89930024087924,20.997801341183095,18571713
2011-05-04,21.183204650878906,21.29329449619065,21.015177902103087,21.067323894857896,18234257
2011-05-05,21.003582000732422,21.229550208983145,20.957229250788238,21.11946271741114,17279214
2011-05-06,21.0847110748291,21.29329972984568,21.026771840759924,21.165827855617835,13386733
2011-05-09,21.13684844970703,21.194789976482113,20.916673427598397,20.922468970094247,11247974
2011-05-10,21.304880142211914,21.31646891228372,21.148439853517207,21.177410620514625,10061743
2011-05-11,21.22376823425293,21.409179332313098,21.131062685222844,21.304885010563073,12463759
2011-05-12,21.554033279418945,21.59459283026392,21.194799816095543,21.264330143777645,16706692
2011-05-13,21.4844970703125,21.611966586665623,21.35123201098435,21.45552630452968,12047284
2011-05-16,21.611968994140625,21.762616066447045,21.438146696444797,21.472910692711093,19638682
2011-05-17,21.594581604003906,21.635141133763415,21.258523547035928,21.54822884843466,21363061
2011-05-18,21.774206161499023,21.79738138829781,21.501882769335158,21.58299953767766,13604822
2011-05-19,21.658327102661133,21.814767440805138,21.525064311986945,21.78579898101526,11948353
2011-05-20,21.472915649414062,21.716268312181178,21.374416865134464,21.65832676078617,11870696
2011-05-23,21.38020133972168,21.432349641171307,21.217967841879148,21.24693860571473,13201761
2011-05-24,21.36281967163086,21.46131841708812,21.316466912057333,21.374408440615237,12074742
2011-05-25,21.25852394104004,21.35702499617766,21.20058473277747,21.241141946924888,11801947
2011-05-26,21.07891273498535,21.322265334706746,20.91667689638299,21.258528254865766,17826794
2011-05-27,20.98041534423828,21.194797213415352,20.905094113349033,21.07312089218703,10996559
2011-05-31,21.293291091918945,21.299084318066303,21.05573175805468,21.084702521519294,15506732
2011-06-01,21.003582000732422,21.29328726697446,20.97461124247187,21.2063749921928,11847011
2011-06-02,20.945650100708008,21.003591643831044,20.818180558928983,20.963032100372008,11086478
2011-06-03,20.75444984436035,20.876126182153737,20.719683521872945,20.737067841299154,10359690
2011-06-06,20.60379409790039,20.76023437627944,20.5632368798697,20.684910850325814,10100310
2011-06-07,20.60959243774414,20.928266264222504,20.603796894121764,20.74864842285153,10531457
2011-06-08,20.7370662689209,20.829771822461268,20.551655161840163,20.586419165326593,12646635
2011-06-09,20.858741760253906,21.07891686198362,20.73706543657045,20.78921143970704,14247979
2011-06-10,20.54006576538086,20.789211643416028,20.487919761733302,20.789211643416028,12472248
2011-06-13,20.692337036132812,20.7860494080936,20.516631314315124,20.516631314315124,8365136
2011-06-14,20.87390899658203,21.014474095516075,20.692344865743284,20.79776927530978,13224607
2011-06-15,20.5986270904541,20.774335154458264,20.493205061807167,20.774335154458264,12733305
2011-06-16,20.604488372802734,20.70991275796562,20.49906398763985,20.58105969100507,10610057
2011-06-17,20.72748565673828,20.95004645396771,20.604490915778968,20.733341657178784,15770828
2011-06-20,20.961761474609375,20.97347347586937,20.62791792649887,20.668916955299853,11300165
2011-06-21,20.955894470214844,21.067174826431753,20.85632845187937,21.03203415425014,9013953
2011-06-22,20.774333953857422,20.909040652053346,20.74504927821583,20.832903305140604,8071277
2011-06-23,20.481489181518555,20.686479565969947,20.229643785150767,20.57519920535135,20409695
2011-06-24,20.235498428344727,20.540057156135273,20.206213755175433,20.51077248296598,17395647
2011-06-27,20.22378921508789,20.3233552443939,20.130079184636486,20.294070567194964,11374887
2011-06-28,20.446348190307617,20.49905919984614,20.20621479455237,20.258928145553647,10468577
2011-06-29,20.557632446289062,20.66891282627421,20.393638705309815,20.46977840560769,13420793
2011-06-30,20.668909072875977,20.774333434256302,20.557628713098936,20.627910059710636,13363258
2011-07-01,20.850479125976562,20.926616492913677,20.592775317431315,20.59863131751465,10356231
2011-07-05,20.78605842590332,20.903194844112512,20.75677373598503,20.797770428699458,9417747
2011-07-06,20.809476852416992,20.862187869328565,20.71576681693214,20.791906513446467,11326050
2011-07-07,20.92661476135254,21.05546782569501,20.762623357954126,20.94418510161214,12800482
2011-07-08,21.15503692626953,21.19603595377844,20.95004647165217,21.01447184240646,15752383
2011-07-11,20.897329330444336,21.06132070958265,20.797760961751948,21.06132070958265,10741895
2011-07-12,20.868043899536133,21.10231896231028,20.83875922400651,20.93246924911617,12410835
2011-07-13,21.102325439453125,21.360026916872112,20.86805030477062,20.909046989925347,14150201
2011-07-14,21.266313552856445,21.412734611193464,21.096463813966125,21.18431785384624,16066888
2011-07-15,21.04375648498535,21.342456994907096,20.89733540097307,21.27803162428315,15304678
2011-07-18,20.78605842590332,20.973476226745234,20.680634010490266,20.897338842714444,11136782
2011-07-19,20.961761474609375,21.043757190747666,20.680631298023513,20.832910729040105,11879918
2011-07-20,20.844619750976562,21.02032550086317,20.80362306949891,21.02032550086317,8728058
2011-07-21,21.190176010131836,21.365881766313407,20.92076020512497,20.991043912475646,11933576
2011-07-22,21.137462615966797,21.354167372263152,21.049608576993737,21.25460133459754,7946250
2011-07-25,21.020320892333984,21.114030917256816,20.897328533402735,20.903184531911855,12667805
2011-07-26,20.961761474609375,21.090612220178645,20.87976575847108,21.03790119011767,10009762
2011-07-27,20.610340118408203,20.944181204143113,20.563485105947365,20.84461518071239,14979378
2011-07-28,20.45806312561035,20.704050185432866,20.434634448600878,20.651339174355787,14503796
2011-07-29,19.98951530456543,20.323356429466518,19.94266028660757,20.288215751363897,20214348
2011-08-01,19.585390090942383,20.083224939487458,19.21054995476379,20.059796260244774,26725048
2011-08-02,19.26911735534668,19.421395569097243,19.07584012532389,19.421395569097243,27555483
2011-08-03,19.151979446411133,19.462394208200042,18.859136192997568,19.26911698192285,23115002
2011-08-04,18.455015182495117,18.929422591161863,18.414017329352276,18.88256756736099,27442194
2011-08-05,18.572154998779297,18.742004773379552,18.00989464484618,18.607295685534197,31972698
2011-08-08,17.53548812866211,18.47844470732588,17.50034627161747,18.22659921964459,39977218
2011-08-09,18.285160064697266,18.296874402577004,17.260208183131013,17.80489679698639,38925445
2011-08-10,17.4593448638916,18.103600794968546,17.406633845140426,17.863468527975176,35195822
2011-08-11,18.273448944091797,18.478439343363036,17.418345500163248,17.447630177410993,31264774
2011-08-12,18.35544776916504,18.695147273477087,18.27345206375076,18.384732451412287,20668132
2011-08-15,18.818143844604492,18.835714187380287,18.419876107539682,18.537013677264625,19320509
2011-08-16,18.800565719604492,18.94113192457407,18.548720325943908,18.74785470981371,16943016
2011-08-17,18.859132766723633,19.058265955549867,18.665855575560492,18.964557114896703,14691178
2011-08-18,18.191452026367188,18.619003134143963,18.021602314657837,18.59557562807134,24211630
2011-08-19,18.308591842651367,18.425730565861603,18.009891376513814,18.033318887009536,21733634
2011-08-22,18.33787727355957,18.742002138824297,18.267594739197516,18.560439217738576,19959055
2011-08-23,18.70686149597168,18.864998086561084,18.36716314328739,18.419875340150522,23822298
2011-08-24,18.876707077026367,18.911848924062788,18.548721968100057,18.70100135403873,14063217
2011-08-25,18.660001754760742,18.888420826536915,18.572148896009917,18.888420826536915,16844294
2011-08-26,18.695148468017578,18.777144178671033,18.144602494396498,18.507728362830527,19337067
2011-08-29,19.011411666870117,19.075837009443877,18.78885096680394,18.78885096680394,12101046
2011-08-30,19.151979446411133,19.26911698192285,18.800566839875984,18.9177043753877,13414086
2011-08-31,19.38625144958496,19.509246135091374,19.269113932610107,19.29839860453664,15088475
2011-09-01,19.26911735534668,19.614672799120033,19.245689847790324,19.356971386731615,13169063
2011-09-02,18.958707809448242,19.187125764249117,18.917708784415176,19.13441356830069,14013018
2011-09-06,18.88842010498047,18.91770360962445,18.455010655765225,18.52529317422731,18298604
2011-09-07,19.304269790649414,19.3335544838407,19.046567066176767,19.06413741379869,14616351
2011-09-08,19.198835372924805,19.438967624817526,19.12269567854125,19.187122204182764,34980354
2011-09-09,18.64828872680664,19.09341136408392,18.51358085294507,19.09341136408392,29058839
2011-09-12,18.74199867248535,18.77128334906958,18.390586065668963,18.484296094153333,15848590
2011-09-13,18.813127517700195,18.913890106912838,18.641236582877042,18.706436184085465,15363470
2011-09-14,19.03836441040039,19.233963229188657,18.65901952334271,18.93167306851485,16398894
2011-09-15,19.25766944885254,19.263597008040236,18.985015943829836,19.198397411378412,13376567
2011-09-16,19.37028694152832,19.44141409226394,19.228032640057084,19.37028694152832,20506426
2011-09-19,19.115419387817383,19.17469143479797,18.907964261382464,19.026509540144783,13971202
2011-09-20,19.26359748840332,19.4591974680673,19.06207113420482,19.097634120615915,14426454
2011-09-21,18.878328323364258,19.50661891576544,18.860546827111712,19.364364576142666,15321131
2011-09-22,18.451568603515625,18.65902257636904,18.23818706963177,18.481204039065165,24532213
2011-09-23,18.40414810180664,18.51083826253309,18.202620531277212,18.32709337279238,19813593
2011-09-26,18.73607635498047,18.78349447119075,18.38044048340335,18.534548768686136,16230481
2011-09-27,19.050212860107422,19.263594297633013,18.937595175391333,18.98501327261924,15967642
2011-09-28,18.931671142578125,19.3702892160181,18.896108155434888,19.168762857670743,15477598
2011-09-29,19.358436584472656,19.453272808774827,19.09763696764169,19.174691696087496,20233526
2011-09-30,19.382143020629883,19.749633932526976,19.17468910421109,19.204325716499774,25393250
2011-10-03,18.712360382080078,19.393995254517424,18.706432823543892,19.316940547949496,24962941
2011-10-04,18.58196258544922,18.635308250043117,18.101853973706103,18.534544480210414,30077600
2011-10-05,18.64716339111328,18.830907068132728,18.38043625262494,18.63530827238887,26487152
2011-10-06,18.623455047607422,18.706437332714344,18.36858300192386,18.593819617384554,19494058
2011-10-07,18.73607635498047,19.133202782041263,18.712367296875325,18.913893698368394,22922590
2011-10-10,19.17469024658203,19.30508945273944,18.990945372087012,19.257671344172913,15690342
2011-10-11,18.925745010375977,19.210253650370692,18.86054422510975,19.18061703750432,16332975
2011-10-12,19.305089950561523,19.42363640983588,19.056145466568246,19.115418696205424,17136267
2011-10-13,19.382143020629883,19.482906791530812,19.121343439051657,19.25174382224127,14256468
2011-10-14,19.548107147216797,19.55996226651145,19.37621621105162,19.542180772370518,11304357
2011-10-17,19.15097999572754,19.666651597968592,19.115417008925192,19.46512524155295,12003582
2011-10-18,19.435487747192383,19.56588812408458,19.079851971305864,19.186543296472294,13546134
2011-10-19,19.287311553955078,19.59552931709844,19.216185562646366,19.441421027927404,12487339
2011-10-20,19.4414119720459,19.524393046454033,19.150975842015935,19.38213876049659,14220941
2011-10-21,19.76741600036621,19.80890654789537,19.613306559827855,19.654797107357012,18822499
2011-10-24,19.874103546142578,19.89188503778329,19.637013041596816,19.714067751774408,14994050
2011-10-25,19.506614685058594,19.90374100084083,19.45326902306967,19.868178016048837,16442701
2011-10-26,19.880029678344727,19.96893712486953,19.60737385673146,19.749629325573324,16029265
2011-10-27,20.336427688598633,20.484610722196553,20.045992734109213,20.200102141210422,21681024
2011-10-28,20.810611724853516,21.04177586958404,20.52017672754755,20.763193621032016,26889898
2011-10-31,20.449050903320312,20.887669010042696,20.449050903320312,20.757269800888107,18217803
2011-11-01,20.18825340270996,20.53796168112245,19.974873084357554,20.04007269189863,28063868
2011-11-02,20.265302658081055,20.46683017126092,20.12897473483551,20.43719356318138,13182373
2011-11-03,20.466833114624023,20.585377194388496,20.354215409487068,20.449049251537442,15536181
2011-11-04,20.164541244506836,20.395705406208755,20.022286922598443,20.348287298905955,11241896
2011-11-07,20.342357635498047,20.35421275280774,20.045993920365934,20.093412020003004,10046233
2011-11-08,20.43126678466797,20.51425024311182,20.17639477419504,20.360140814118267,15022870
2011-11-09,20.028215408325195,20.48461498141996,19.891887462989704,20.164540984058636,22488927
2011-11-10,20.727630615234375,20.828393197155503,20.324577917947945,20.490540096359442,27712159
2011-11-11,21.32035255432129,21.486317077632705,20.958791640253047,20.958791640253047,31843375
2011-11-14,21.142539978027344,21.18995808527228,20.810613227312807,20.97657778747112,14826894
2011-11-15,21.178102493286133,21.261085956313828,20.946940706628776,21.065484787293723,9350990
2011-11-16,20.79876136779785,21.112906673730386,20.76319837419104,20.840253106740764,13459778
2011-11-17,20.65057945251465,20.85210702062366,20.401633772474245,20.697997564446045,17371858
2011-11-18,20.715782165527344,20.875818021084978,20.70985578924842,20.70985578924842,13199979
2011-11-21,20.23566246032715,20.484608028352625,20.152681394185738,20.383843104836895,17291790
2011-11-22,20.04006576538086,20.283082615821233,20.010429159541534,20.206027914559286,17795564
2011-11-23,19.672578811645508,19.897815401705763,19.672578811645508,19.820760685253493,14395957
2011-11-25,19.654804229736328,19.797059787445008,19.637022729323295,19.731858977928102,5141907
2011-11-28,20.30680274963379,20.336437000320853,19.96894717401324,19.99858379430295,16308662
2011-11-29,20.437192916870117,20.69206489477201,20.371993328997686,20.449045664045762,12725235
2011-11-30,21.18996238708496,21.21959900632989,20.863964314595883,20.863964314595883,19327426
2011-12-01,21.148466110229492,21.33220977210676,21.077337773346645,21.17810035019541,13166758
2011-12-02,21.029922485351562,21.284794518208578,20.96472288342089,21.284794518208578,15180490
2011-12-05,20.899517059326172,21.2551515766332,20.780970640489564,21.207733483018835,18033774
2011-12-06,20.982498168945312,21.10104458799771,20.893588354656014,21.000279657882892,14559759
2011-12-07,21.106977462768555,21.207740054320237,20.863960546295722,20.911378654602775,21849228
2011-12-08,20.858030319213867,21.17810193513595,20.786904346609834,21.142538948833934,44441698
2011-12-09,21.148466110229492,21.255155061151086,20.869883875974498,20.929157095109908,42265002
2011-12-12,20.988433837890625,21.14254091607247,20.85210588491211,21.08919643165593,13216433
2011-12-13,20.988431930541992,21.210373430270245,20.91045229025541,21.12639388039522,19198102
2011-12-14,21.33033561706543,21.450302607076875,20.93443999374244,20.952437320386768,23624330
2011-12-15,21.81022071838379,22.0021699294865,21.52829441530935,21.546291752140668,33435602
2011-12-16,21.744224548339844,21.9661659812663,21.606260241966876,21.894183874188546,27763930
2011-12-19,21.876195907592773,22.07414496650738,21.79821626596525,21.852203462962617,17299126
2011-12-20,22.236101150512695,22.28409083972089,21.894192600246573,22.026159449477834,21423740
2011-12-21,22.392061233520508,22.440048526370113,22.206111972506854,22.2301044199088,13790108
2011-12-22,22.530031204223633,22.644000753336407,22.320087045537328,22.422059168941836,12090252
2011-12-23,22.73396110534668,22.73396110534668,22.57800188014325,22.60199431584287,10008505
2011-12-27,22.64398765563965,22.73396469933783,22.619992818102162,22.6619825847703,7927386
2011-12-28,22.452035903930664,22.673977333818005,22.434040976918805,22.607995135426304,7624410
2011-12-29,22.631990432739258,22.643987851611833,22.488028600403208,22.554013205179892,7189909
2011-12-30,22.614004135131836,22.71597623935871,22.476042158594986,22.54802190321493,8237175
2012-01-03,22.973915100097656,23.129872047055674,22.6799913501976,22.72198114248229,18100427
2012-01-04,22.997909545898438,22.997909545898438,22.733980537384642,22.94392472089696,14374682
2012-01-05,23.23783302307129,23.393792293829183,22.817944892303338,22.87792959614026,21995005
2012-01-06,23.075876235961914,23.243830529013252,23.05188139521444,23.243830529013252,17530630
2012-01-09,23.027894973754883,23.075882269752114,22.72797377426072,22.99790261400088,14574431
2012-01-10,23.105867385864258,23.273821670178307,23.03388526541172,23.243829319826844,11911778
2012-01-11,23.03989601135254,23.105878253943114,22.937921492583815,23.045893525025775,12519198
2012-01-12,23.15985870361328,23.201848485546158,23.045889178990663,23.16585861420129,10407898
2012-01-13,22.985898971557617,23.093870957850577,22.80594725976617,23.063878606211134,10141915
2012-01-17,23.28582191467285,23.327811689867602,23.015893126810415,23.111867700359486,17349326
2012-01-18,23.31580924987793,23.36379652632309,23.177844930831267,23.183844839164973,15416709
2012-01-19,23.549755096435547,23.651729598244824,23.23184136174785,23.333813465511277,17341046
2012-01-20,23.51375961303711,23.633729022290456,23.34580531773676,23.585741738198173,16069927
2012-01-23,23.255828857421875,23.453775510113854,23.201844060700065,23.369798360309257,14147895
2012-01-24,23.26183319091797,23.51976459883021,23.18385353768123,23.37580271548065,13775646
2012-01-25,23.201847076416016,23.26782930255621,22.949913196211174,23.135864850275823,15170010
2012-01-26,23.26183319091797,23.363805292356734,23.117871307568407,23.29782306224391,12983462
2012-01-27,23.105867385864258,23.273821670178307,22.9259156818006,23.231834298122354,12702389
2012-01-30,23.32781410217285,23.333811614372834,22.955913190723667,23.021893019060467,13324586
2012-01-31,22.955913543701172,23.38779677792795,22.907926251226453,23.37580175334354,17268525
2012-02-01,23.171863555908203,23.39980267823333,22.9859118309318,23.123876246047832,15276801
2012-02-02,23.057878494262695,23.375794508126862,22.79394726843312,23.357799578782,21778174
2012-02-03,23.015893936157227,23.147858379916332,22.841939715726813,23.093873579663654,15730690
2012-02-06,23.033884048461914,23.03388404846191,22.871927283556772,22.919914561974778,11561850
2012-02-07,23.171863555908203,23.261840661163863,22.94392443358308,22.955921860559815,13044875
2012-02-08,23.04588508605957,23.153857078964233,22.92591807020079,23.123864725488193,11877194
2012-02-09,22.883926391601562,23.10586787042066,22.877928880623543,23.027888237480557,10058390
2012-02-10,22.73996925354004,22.79995396791945,22.661989604455943,22.757964188244728,11026113
2012-02-13,22.85993766784668,22.937914915424724,22.781958022223076,22.853937757847596,12179437
2012-02-14,22.919921875,22.937916810392746,22.76396257086854,22.859939556372776,11704378
2012-02-15,22.805950164794922,22.96190945396809,22.72797052020834,22.949912032175032,12769670
2012-02-16,22.87793731689453,22.88393483008414,22.673990693849063,22.841945043618704,10933574
2012-02-17,23.12986946105957,23.321818664820935,22.98590755823855,23.16586173529942,18826586
2012-02-21,22.871936798095703,23.171858012484254,22.84194443685225,23.075883415723595,11373106
2012-02-22,22.925914764404297,22.931912275016547,22.733965648272008,22.829940206338154,10304984
2012-02-23,23.099868774414062,23.105868683648428,22.853934844981897,22.853934844981897,10823954
2012-02-24,22.91391944885254,23.0938711622366,22.877929585784777,23.08787365107372,8896996
2012-02-27,22.883926391601562,22.949908604540454,22.6919772637629,22.757959476701796,17304052
2012-02-28,23.02188491821289,23.087869519422622,22.793945962180498,22.883923001793463,9916071
2012-02-29,22.89592170715332,23.087870817349224,22.86592935892959,23.07587339845074,15971520
2012-03-01,22.66798210144043,22.8899235771037,22.590004867654272,22.883926066210964,18920068
2012-03-02,22.751962661743164,22.84793722859851,22.530021176134515,22.56601103919396,13676819
2012-03-05,23.06387710571289,23.105866874885372,22.78795084584462,22.799948265328908,19558929
2012-03-06,22.458040237426758,23.021890247953657,22.374063086506872,22.78195621619552,19487874
2012-03-07,22.380064010620117,22.45204374380165,22.140127569939203,22.392059034120052,17679760
2012-03-08,22.43405532836914,22.679989352252296,22.404062964814532,22.566019809572484,42886256
2012-03-09,22.55402183532715,22.733973595093328,22.470042269129852,22.482039692593162,46658008
2012-03-12,22.85393714904785,22.859937058887105,22.58400835155533,22.625998128248124,11395323
2012-03-13,23.217853546142578,23.22998469676317,22.866067151572157,22.969175869909062,15722725
2012-03-14,23.18145751953125,23.290630577245565,23.102608694665534,23.284566215630793,12322384
2012-03-15,23.084413528442383,23.19965337426047,23.017693425813704,23.13900005811155,12833808
2012-03-16,23.06623077392578,23.24818839821835,23.029837309246375,23.151144008625497,19446164
2012-03-19,22.981304168701172,23.072284149902725,22.950977508300653,23.01163082910169,10215275
2012-03-20,22.90245246887207,22.999496800092285,22.817539285248046,22.835734794255004,14515848
2012-03-21,22.866069793701172,22.975245312351017,22.823614398786344,22.975245312351017,12048856
2012-03-22,22.805418014526367,23.005571103781357,22.762960196453136,22.769024559845548,13615092
2012-03-23,23.054092407226562,23.078352284647718,22.811481509138236,22.866068051917352,11283292
2012-03-26,23.448333740234375,23.472596041947575,23.139005154430556,23.205722846978897,12576734
2012-03-27,23.533246994018555,23.65455365327796,23.46046493828316,23.502920329203704,13298596
2012-03-28,23.236042022705078,23.612088179856734,23.187519859692785,23.43013067475426,17066470
2012-03-29,23.054092407226562,23.22998561143752,22.914590231535016,23.151136766461896,18432434
2012-03-30,23.290634155273438,23.302765305141367,23.07834994407265,23.13293890609078,14794302
2012-04-02,23.357351303100586,23.387677964682663,23.175393758383176,23.229982719140935,11990063
2012-04-03,23.48472785949707,23.48472785949707,23.327032576703896,23.38161912558127,11473609
2012-04-04,23.593904495239258,23.62423116541611,23.3512935586002,23.4119468989539,15940918
2012-04-05,23.58176612854004,23.599964064899982,23.40587295018556,23.508984082200254,14547078
2012-04-09,23.49078941345215,23.642420298617136,23.387678277737887,23.39980942748811,12287066
2012-04-10,23.320959091186523,23.587832244649757,23.320959091186523,23.478656753470485,14655337
2012-04-11,23.339160919189453,23.472598744424577,23.290638734951838,23.41800977167252,11224709
2012-04-12,23.211795806884766,23.478666648039937,23.163273615331466,23.478666648039937,13421107
2012-04-13,22.914587020874023,23.108675712150088,22.90852265856228,23.102611349838345,21859289
2012-04-16,23.0176944732666,23.084414578931476,22.975239089850184,22.975239089850184,14607129
2012-04-17,23.357351303100586,23.375549239869876,23.04195838724208,23.114742859994074,11738019
2012-04-18,23.290634155273438,23.411940804402523,23.278503005405508,23.3148964550093,8033339
2012-04-19,23.26638412475586,23.424081865438495,23.145077424299636,23.38162403532359,11256358
2012-04-20,23.49078941345215,23.581766974641106,23.229983030085332,23.2360473925729,15591306
2012-04-23,23.211795806884766,23.38768662958652,23.169337979984647,23.381622264933338,11183522
2012-04-24,23.211795806884766,23.308837765215415,23.151142461249155,23.254251209008935,13084699
2012-04-25,23.308835983276367,23.345229442741058,23.126878385055974,23.22998954970895,13457054
2012-04-26,23.333086013793945,23.387672537108767,23.223910542389813,23.339150374792986,10683731
2012-04-27,23.3270263671875,23.618159399920184,23.25424189661684,23.53324378012525,16259196
2012-04-30,23.80011558532715,23.933550944878817,23.405871443776988,23.436198102725065,20759413
2012-05-01,23.87896728515625,23.9578161229481,23.569638721372932,23.618160896569826,15290320
2012-05-02,23.830442428588867,23.915355619435328,23.709135791858326,23.848637939143476,12082182
2012-05-03,23.757661819458008,23.885032838798136,23.690944128332273,23.84257502409301,11076731
2012-05-04,23.557510375976562,23.721272433665586,23.418008196386634,23.721272433665586,12505155
2012-05-07,23.375547409057617,23.539309428954674,23.351285111782197,23.357349473713622,12129238
2012-05-08,23.430143356323242,23.448338874204364,23.217859081342368,23.36342564916718,9183205
2012-05-09,23.10261344909668,23.345224335237013,23.10261344909668,23.254244343643673,12539844
2012-05-10,23.284574508666992,23.424076698464486,23.199661291943805,23.229987960368288,9906430
2012-05-11,23.06623077392578,23.25425276327686,23.01770615435324,23.169339528577144,12692747
2012-05-14,23.18145751953125,23.284566215630793,22.87212658168316,22.95704219293838,17053790
2012-05-15,22.890329360961914,23.169331275464486,22.793285005937086,23.09654679680824,11164030
2012-05-16,23.187528610229492,23.26031066982725,22.90852667381235,23.023766551359092,16105245
2012-05-17,23.06623077392578,23.320970478024933,23.04803282919802,23.175403893635654,14573488
2012-05-18,22.93885612487793,23.175400272061143,22.823616233341742,23.169335907950302,19587749
2012-05-21,22.805418014526367,22.98130880066081,22.775091348013408,22.88426443772952,9746400
2012-05-22,22.720495223999023,22.890324018039678,22.6537775485892,22.841801851853017,12919325
2012-05-23,22.64771842956543,22.8236116258044,22.453629719891428,22.720500483305557,11776166
2012-05-24,22.805418014526367,22.84787340782415,22.611326863888344,22.68411134847453,9066982
2012-05-25,22.775089263916016,22.896393494092123,22.665913759414863,22.78721798959097,6907997
2012-05-29,22.799348831176758,22.89639318391307,22.70230447844045,22.86000215783075,9214435
2012-05-30,22.684114456176758,22.835745384739397,22.617396750618166,22.684114456176758,10132274
2012-05-31,22.79328727722168,22.969178066552843,22.593131759553525,22.81148279250506,14088369
2012-06-01,22.550670623779297,22.7386925170183,22.453626283793078,22.550670623779297,14013437
2012-06-04,22.720495223999023,22.726562010256533,22.514275411512042,22.55066885473305,11439758
2012-06-05,22.744766235351562,22.775092903936343,22.59919968100998,22.684112898182,11067404
2012-06-06,22.987367630004883,22.987367630004883,22.76295231532776,22.896387661965637,13219367
2012-06-07,23.248178482055664,23.333091680536928,23.05408978565559,23.090480810036834,55932703
2012-06-08,23.3270263671875,23.38161290153426,23.19965536227008,23.339155091636794,53368666
2012-06-11,23.333086013793945,23.515043516284504,23.31489050602234,23.42406597742647,49061386
2012-06-12,23.563568115234375,23.563568115234375,23.284566259261553,23.41800161323446,10969416
2012-06-13,23.545177459716797,23.784309187103414,23.46546933519673,23.545177459716797,12121692
2012-06-14,23.784311294555664,23.876285609686718,23.51452144093666,23.618759488340324,13529261
2012-06-15,23.876277923583984,23.974380396357272,23.833356100084817,23.92532793433318,16823544
2012-06-18,23.821094512939453,23.949857543736034,23.741383948576086,23.741383948576086,8651135
2012-06-19,24.054096221923828,24.170597989613,23.82723068023947,23.882413792874782,12472353
2012-06-20,24.041837692260742,24.146073289586894,23.913074630107428,24.01731022743358,11939026
2012-06-21,24.188993453979492,24.39746463420957,24.090888504009264,24.133807887574022,18166766
2012-06-22,24.6365966796875,24.716307258952998,24.25030751507982,24.280965618741597,25306999
2012-06-25,24.397459030151367,24.550749511316482,24.342275927696914,24.471038951365617,16084704
2012-06-26,24.563007354736328,25.01674319351015,24.354536251537237,24.415849984156278,11988177
2012-06-27,24.851198196411133,24.986091876533898,24.507830905287086,24.57527774534847,13757620
2012-06-28,24.943172454833984,24.95543373389683,24.64272454356357,24.77761822345727,13165500
2012-06-29,25.59925651550293,25.59925651550293,25.071942918856415,25.071942918856415,24811924
2012-07-02,25.660564422607422,25.660564422607422,25.28040836658277,25.292672097751428,15022137
2012-07-03,25.636045455932617,25.72801978446977,25.48275735964674,25.58699297096801,7912924
2012-07-05,25.525667190551758,25.62990276282852,25.323326685093882,25.550194649484602,9695467
2012-07-06,25.452098846435547,25.476623862890833,25.31720267646545,25.34173014419674,10543509
2012-07-09,25.832252502441406,25.911963087990387,25.464360132050782,25.574726372402505,21190350
2012-07-10,25.366249084472656,25.88130127069519,25.298802241281688,25.862906899940874,17512499
2012-07-11,25.26813507080078,25.427556161822107,25.176163250038122,25.372373069364514,12955586
2012-07-12,26.310514450073242,26.476066267449085,26.21854012874184,26.28598943515038,48160945
2012-07-13,26.65387725830078,26.715193462032477,26.3227736801903,26.40248425478642,17782988
2012-07-16,26.580307006835938,26.69067326205102,26.365700235384594,26.500596410552088,15964603
2012-07-17,27.095354080200195,27.20572277526646,26.46380246811218,26.543513056144715,21110702
2012-07-18,26.942066192626953,27.0463017962805,26.782645015400224,26.935933100410008,16989233
2012-07-19,26.942066192626953,26.997249314924264,26.696803785845784,26.94819683356803,14661625
2012-07-20,26.617080688476562,26.770368701448305,26.555764502777983,26.745841246658987,13641606
2012-07-23,26.5312442779541,26.63547985139637,26.402481245304735,26.500586179582807,15069297
2012-07-24,26.17561912536621,26.586433323012027,25.91196236200885,26.500592099162684,21354886
2012-07-25,26.132694244384766,26.359562235567843,25.973273096319563,26.310509763184353,12818717
2012-07-26,26.568035125732422,26.82555876021056,26.35343087136297,26.39635025147165,17085858
2012-07-27,27.6533260345459,27.696247875097473,26.647751389184986,26.825564489800097,31419983
2012-07-30,27.273170471191406,27.549088540451162,27.18119614725421,27.371275436214052,13571914
2012-07-31,27.083086013793945,27.401928314908798,27.083086013793945,27.254770895457817,13242423
2012-08-01,27.150524139404297,27.463233248911212,27.040157948713386,27.254762143423047,11781092
2012-08-02,26.92367172241211,27.119881665000598,26.68454238692994,27.00338231799819,10318503
2012-08-03,27.070823669433594,27.395794146409386,27.027901837886613,27.248636732745204,10496139
2012-08-06,27.279294967651367,27.371269270871476,27.0830850818021,27.101479452191047,9532608
2012-08-07,26.978857040405273,27.316091343926605,26.966593306292843,27.30996070250842,11407899
2012-08-08,27.01563835144043,27.144401395969822,26.874611576176008,26.966585879775682,11308968
2012-08-09,27.150524139404297,27.175051593740942,26.794895661720247,26.911394941632654,10466586
2012-08-10,27.328346252441406,27.328346252441406,26.95432086737303,26.96658459752493,9736025
2012-08-13,27.23637580871582,27.352877584737595,27.13214021585758,27.334483212543528,8943318
2012-08-14,27.230243682861328,27.371270463689587,27.150533106851917,27.285426796433004,6572742
2012-08-15,27.01563835144043,27.211848238099428,26.978849610510714,27.138268304964612,7808229
2012-08-16,26.942066192626953,27.076959903537627,26.886880619053773,26.991118673983184,8798903
2012-08-17,26.57417869567871,27.003387413259272,26.420890568336095,27.003387413259272,15549071
2012-08-20,26.825559616088867,26.856217717873427,26.512850409671984,26.580299704363266,9150612
2012-08-21,26.328903198242188,26.825558544246626,26.310508828161506,26.672270492724046,11281615
2012-08-22,26.310514450073242,26.41475005322815,26.243067594940555,26.335039464996104,9025900
2012-08-23,26.243064880371094,26.353433564297124,26.12656555616746,26.31051172852711,10531876
2012-08-24,26.439268112182617,26.568031135721615,26.14495333017205,26.14495333017205,10649252
2012-08-27,26.396343231201172,26.51284251251658,26.267582673844444,26.35342386250716,8122943
2012-08-28,26.261459350585938,26.451538615208882,26.212406874355075,26.347300571171044,8419842
2012-08-29,26.402484893798828,26.51285112165653,26.175616895521063,26.33503559729624,7973289
2012-08-30,26.439268112182617,26.53124240078904,26.14495333017205,26.279846992441485,8964173
2012-08-31,26.396343231201172,26.721316071790064,26.310502042538452,26.568028059801303,28906355
2012-09-04,26.518983840942383,26.604825056274937,26.285985205921683,26.451536996661417,25771368
2012-09-05,26.635480880737305,26.690663989173117,26.41474354444356,26.604822781181216,8734870
2012-09-06,27.126014709472656,27.138275992405553,26.745856107927043,26.76425293487854,10349419
2012-09-07,27.00950050354004,27.248629707040884,26.929789951948184,27.242499068947176,8738538
2012-09-10,27.13827896118164,27.211858923208634,26.911413335516237,26.960465826442118,9427284
2012-09-11,27.181198120117188,27.328355578332122,27.1505400099129,27.193461854454124,8975596
2012-09-12,27.303821563720703,27.328346573036942,27.16892543301787,27.1934528936094,9378028
2012-09-13,27.644268035888672,27.67521557650668,27.24192031246937,27.285250828719274,12429175
2012-09-14,27.00051498413086,27.576179893798418,26.88909788518803,27.576179893798418,17331195
2012-09-17,27.235740661621094,27.235740661621097,26.91386237223921,26.91386237223921,11538899
2012-09-18,27.285245895385742,27.322384917104745,27.04383730498226,27.087167813397752,7895632
2012-09-19,27.551420211791992,27.718548327836572,27.29144204256014,27.310011558274468,10289369
2012-09-20,27.78662872314453,27.836148241165624,27.452372595155886,27.458561606927947,10443320
2012-09-21,27.79901695251465,28.009475581288854,27.76806693581707,27.823775481103382,21226821
2012-09-24,27.94139289855957,28.00948444160315,27.72474518775933,27.82378428267466,10468786
2012-09-25,27.922813415527344,28.288019638405423,27.768065812912795,27.990902459662365,13419850
2012-09-26,27.860931396484375,28.083768167503553,27.85473990517309,27.922828987279416,13260134
2012-09-27,27.997093200683594,28.127082272243086,27.860915116046176,27.898054143744496,10306346
2012-09-28,27.9166316986084,27.984720760539258,27.718553527676413,27.885681675073265,13097170
2012-10-01,27.990903854370117,28.21993200038998,27.83615624404493,27.83615624404493,8964278
2012-10-02,28.14565658569336,28.226126142505553,27.916628418139222,28.120895579928465,7786116
2012-10-03,28.337533950805664,28.39324495819736,28.02184731584102,28.164216865757034,8861678
2012-10-04,28.54799461364746,28.715122698777247,28.38086652851767,28.411816540521734,9383582
2012-10-05,28.64704132080078,28.783219430332775,28.38706313015546,28.73369989281061,12463864
2012-10-08,28.684181213378906,28.75846175919218,28.343735929364463,28.578953120977335,7371318
2012-10-09,28.578948974609375,28.80797711859929,28.492290412579976,28.60370750321111,10512383
2012-10-10,28.226123809814453,28.715127649792393,28.102323740452807,28.578949553187062,9930114
2012-10-11,28.133272171020508,28.42420033791897,28.07137213983097,28.4056308234852,7359685
2012-10-12,28.238502502441406,28.47372214484789,28.201363470604047,28.22612447490606,7172826
2012-10-15,28.83892250061035,28.863681025233145,28.28182723852325,28.312777250263107,10774802
2012-10-16,29.197940826416016,29.259840857599386,28.91320414743417,28.93177366186609,12528002
2012-10-17,29.334121704101562,29.402210749286297,29.142232595224236,29.142232595224236,10619279
2012-10-18,29.686952590942383,29.71171112321467,29.266037745386175,29.27222675980027,11513433
2012-10-19,29.111291885375977,29.705526441983615,29.018441807924926,29.674576416166598,13599372
2012-10-22,28.770845413208008,29.111290734503616,28.591336755335693,28.97511260598537,14694427
2012-10-23,28.40563201904297,28.80178580132943,28.393251517360888,28.591329645811904,13104402
2012-10-24,28.39943504333496,28.59132412117442,28.349915520790752,28.4427655535418,10102406
2012-10-25,28.659414291381836,28.684172816327802,28.47990570571662,28.53561424280644,11498132
2012-10-26,28.566572189331055,28.950350466817255,28.34373550446359,28.34373550446359,12513644
2012-10-31,28.244693756103516,28.913206222083105,28.127085173185463,28.733697603540087,14184680
2012-11-01,28.43658447265625,28.777032242711588,28.27564782145583,28.31897587290302,12749968
2012-11-02,28.473731994628906,28.81417736193276,28.467540504103777,28.628479663892794,11580924
2012-11-05,28.269453048706055,28.473722676859488,28.04661637890269,28.362303104649953,9412298
2012-11-06,28.42420196533203,28.6717996296508,28.275643366740773,28.28183238036789,9154594
2012-11-07,27.52047348022461,28.269455585009812,27.34715632978503,28.195177513283113,25223159
2012-11-08,27.136688232421875,27.712352986587273,27.136688232421875,27.551413920989404,17113735
2012-11-09,27.266679763793945,27.433807856857285,27.000510142847016,27.04384065663263,14666970
2012-11-12,27.24811553955078,27.557610785126432,27.161454495158456,27.526660765645712,7681630
2012-11-13,27.037656784057617,27.52047164187726,27.031465295416695,27.093365334131352,10059857
2012-11-14,26.647674560546875,27.17381964522645,26.5610160397306,27.050022111862397,14888831
2012-11-15,26.492937088012695,26.703395696745993,26.338189493876186,26.59197614216774,12872794
2012-11-16,26.66006088256836,26.759099920749385,26.220574222659465,26.51769381181746,17435052
2012-11-19,26.827211380004883,26.86435043172045,26.672463681445375,26.814830871227368,9630806
2012-11-20,26.9633731842041,27.031462229220534,26.76529506247794,26.876714624602776,11428545
2012-11-21,27.16764259338379,27.19240112110911,27.00670350201507,27.11193157542475,7637824
2012-11-23,27.409042358398438,27.415233844846238,27.18620576241998,27.229533794480158,4692734
2012-11-26,27.359533309936523,27.44000286763323,27.186216166140408,27.235735703598703,9831393
2012-11-27,27.161457061767578,27.353346210834207,27.142887543247582,27.254307128983562,9294922
2012-11-28,27.60713005065918,27.613321539264074,26.950998057795523,27.08098467387783,11124310
2012-11-29,27.675216674804688,27.823775269051527,27.5328495686195,27.823775269051527,10018356
2012-11-30,27.42143440246582,27.675221113695436,27.310014820255965,27.569993020540313,15738026
2012-12-03,27.50809097290039,27.749499637658566,27.49571047030916,27.52666048947937,12177865
2012-12-04,27.48332977294922,27.718546926257872,27.47094927156047,27.47094927156047,10476751
2012-12-05,27.477149963378906,27.706178200643297,27.378110859406007,27.44001091804321,12206056
2012-12-06,27.551420211791992,27.600939745235408,27.470950660619483,27.514281180363337,9240216
2012-12-07,27.625699996948242,27.63189148564944,27.334774266465434,27.563802432246746,8247236
2012-12-10,27.532852172851562,27.749499833959845,27.49571066481512,27.52047167017275,9796180
2012-12-11,27.97233009338379,28.028041105352724,27.545223883159558,27.644265407258196,14235508
2012-12-12,28.01566505432129,28.158034638542315,27.867106456505446,27.98471503711604,11790000
2012-12-13,27.465721130371094,28.08440282312177,27.434474252165852,28.08440282312177,14404131
2012-12-14,27.20950698852539,27.47197633364268,27.12826558467297,27.43448106981904,13818928
2012-12-17,27.265758514404297,27.396994477677577,27.190767963021045,27.265758514404297,13917650
2012-12-18,27.646957397460938,27.746946429615974,27.097017720608232,27.24075039286128,14756888
2012-12-19,27.28450584411621,27.784451175533793,27.25325894860854,27.59072392107983,12254369
2012-12-20,26.347103118896484,26.734560040077664,26.247114074827017,26.528333573566393,35263104
2012-12-21,25.947153091430664,26.534588239957895,25.90340693740155,26.509592222193113,30087242
2012-12-24,25.884645462036133,26.090874365524254,25.815903326990515,25.890896336900177,6793870
2012-12-26,25.834657669067383,25.984641229514775,25.759667138019648,25.90339982197845,7471716
2012-12-27,25.747163772583008,25.878399679315244,25.497191211748163,25.753412149722063,11948877
2012-12-28,25.397199630737305,25.72841355279488,25.39095125422726,25.622173663665293,11862731
2012-12-31,25.584678649902344,25.60342627796107,25.009743061597195,25.17222583590785,15004635
2013-01-02,25.834657669067383,26.16587167734936,25.584685068321733,26.159623299212686,16722831
2013-01-03,26.453338623046875,26.515832395646495,25.69092409106848,26.17837002097148,24673483
2013-01-04,26.228363037109375,26.559577014894344,26.134622383579092,26.534578507945596,16169068
2013-01-07,26.322101593017578,26.36584522916441,26.15336793043921,26.272107081455854,12055773
2013-01-08,26.359600067138672,26.678314804923847,26.359600067138672,26.40334370862084,15458943
2013-01-09,26.615819931030273,26.653315193134155,26.372098229003363,26.490834891233444,10556609
2013-01-10,26.73455238342285,26.965777293905724,26.715804755323063,26.790797766073506,13593084
2013-01-11,27.015775680541992,27.078269448748323,26.69081258290204,26.69081258290204,12722825
2013-01-14,27.08452796936035,27.222012312220727,26.903297472702317,27.06578033154781,11650721
2013-01-15,26.790794372558594,27.209498009354625,26.75329662275746,27.10950900658689,12446677
2013-01-16,26.584566116333008,26.897032381897784,26.55957011423036,26.80329175272304,12481156
2013-01-17,26.715808868408203,26.778302637263042,26.58457295315371,26.753304130380435,16255109
2013-01-18,26.859539031982422,26.859539031982422,26.65331013286136,26.797045274772938,17222937
2013-01-22,26.997024536132812,27.00952378781765,26.62831534906498,26.728304365841048,12819765
2013-01-23,26.759559631347656,26.922039960760678,26.59082842495775,26.872045436706184,14854666
2013-01-24,26.872039794921875,27.003275705305956,26.828296157028234,26.840792911654084,13096122
2013-01-25,27.159513473510742,27.159513473510742,26.697063541437164,26.94703614007803,13799330
2013-01-28,26.82830238342285,27.184512438313124,26.82830238342285,27.084523387991066,12418800
2013-01-29,27.28450584411621,27.334500377257967,26.865801941348053,26.99078702502617,16474874
2013-01-30,27.184499740600586,27.353230871911766,27.15950373887163,27.284488744218393,13280885
2013-01-31,27.028276443481445,27.271998155736245,27.028276443481445,27.140764732865392,15237291
2013-02-01,26.140878677368164,26.715814476128553,25.940900573738084,26.397099685762132,39497024
2013-02-04,25.528444290161133,26.03463791182825,25.515945034497815,25.865906704605877,30821366
2013-02-05,25.890899658203125,25.922146541477915,25.578433323806784,25.653423844985017,22330050
2013-02-06,25.67842674255371,25.9034008429158,25.609684586933295,25.840909564030337,18218222
2013-02-07,25.622177124023438,25.809658424859865,25.54718660237015,25.684670890968913,16950666
2013-02-08,25.734664916992188,25.734664916992184,25.590932253764315,25.659674396760522,15365566
2013-02-11,25.859657287597656,25.9346478218622,25.67842683198898,25.740920609444114,11959776
2013-02-12,25.903396606445312,25.978389626535662,25.703418550673184,25.85340209250228,10475808
2013-02-13,25.715919494628906,25.928396817445574,25.62842971406384,25.88465067798716,16561858
2013-02-14,25.740917205810547,25.759664836897745,25.515940636060755,25.647176552022852,17116774
2013-02-15,25.884645462036133,25.934639969192155,25.77215969469854,25.909643964789776,16326897
2013-02-19,26.384593963623047,26.384593963623047,25.98463785438015,25.99713710738189,13944793
2013-02-20,26.65956687927246,26.71580977413758,26.384595786,26.47208556635188,17607343
2013-02-21,26.559574127197266,26.60331776207401,26.415838973748816,26.559574127197266,12390504
2013-02-22,26.85329818725586,27.040779528910683,26.578329550192223,26.609576440468025,16132807
2013-02-25,26.572072982788086,27.153259521083786,26.565824605411855,27.06576974605852,20338850
2013-02-26,26.509580612182617,26.747053919532043,26.30960256423542,26.715807037246353,14570449
2013-02-27,26.85329818725586,26.965786492578324,26.4158467200989,26.4158467200989,13537121
2013-02-28,26.70330810546875,27.003275180993285,26.703308105468754,26.878290148700497,14893442
2013-03-01,26.640810012817383,26.66580601353106,26.45332876488574,26.45332876488574,15527482
2013-03-04,27.08452796936035,27.090778847532924,26.722066976044285,26.822056043279574,14839890
2013-03-05,27.028276443481445,27.278249031917003,26.93453578593619,27.247002146068585,15843769
2013-03-06,27.296998977661133,27.334494244516907,26.90954205733011,27.059525623105216,19301121
2013-03-07,27.040769577026367,27.453222380825757,26.92828131310325,27.38448024685919,14392813
2013-03-08,26.85329818725586,27.184512226156805,26.822051296980057,27.1220184456052,30678418
2013-03-11,27.28450584411621,27.290754223876718,26.790811390811697,26.840803425600892,40492729
2013-03-12,28.146913528442383,28.384386947777486,28.046924457316795,28.384386947777486,58695860
2013-03-13,28.134279251098633,28.22261233997584,28.06487450109274,28.10273117883537,18781418
2013-03-14,27.932374954223633,28.235233435643224,27.509635305879616,28.209993967641587,27136283
2013-03-15,27.818798065185547,27.818798065185547,27.62951217435471,27.65474911599678,25499831
2013-03-18,27.528562545776367,27.72415958645739,27.490705867719797,27.62320676335104,12699350
2013-03-19,27.57272720336914,27.661060282892457,27.509631065524076,27.572727203369137,16248297
2013-03-20,27.837745666503906,27.945009679402926,27.686316344559426,27.76203226674901,15693066
2013-03-21,27.62952423095703,27.875597762118463,27.610595885857546,27.78095351418698,12476021
2013-03-22,27.69892120361328,27.831422104430672,27.635825056093886,27.673684258065524,10463232
2013-03-25,27.566417694091797,27.762014723918565,27.45284766622441,27.730466653144372,13746721
2013-03-26,28.008089065551758,28.01440019393833,27.698921970045383,27.730470044678018,12694110
2013-03-27,27.82510757446289,27.91974925315867,27.705223910726904,27.844035910202045,11497503
2013-03-28,27.88821792602539,27.9576227062068,27.73678862678387,27.793576190520888,17440502
2013-04-01,27.982864379882812,27.995484119751836,27.61690958072274,27.76203028313022,10377191
2013-04-02,28.336191177368164,28.392976206570545,28.027021514109588,28.083809065745744,13400252
2013-04-03,28.620115280151367,29.124879396022344,28.392970166792807,28.392970166792807,27114066
2013-04-04,28.594879150390625,28.9482140727373,28.399284609183965,28.639046961596538,14637835
2013-04-05,28.47500228881836,28.53809845083492,28.323573013438967,28.418217256463805,13206372
2013-04-08,28.695829391479492,28.695829391479492,28.367733968745764,28.44975845503752,10640868
2013-04-09,28.71475601196289,28.986066399836794,28.607494586851445,28.853565508561974,11108066
2013-04-10,29.553922653198242,29.63594712350958,28.8851096817618,28.96713415207314,19634385
2013-04-11,29.787384033203125,29.976669963083104,29.452977461036195,29.452977461036195,18379719
2013-04-12,29.72429084777832,29.73691058367821,29.434052056683168,29.44667179258306,10547491
2013-04-15,29.314172744750977,29.97036626183446,29.314172744750973,29.585483210548567,16083970
2013-04-16,29.62965202331543,29.68643958401894,29.339413179215207,29.427748824213076,10674614
2013-04-17,29.503463745117188,29.598108002929344,29.282629665989806,29.47822678982787,12342506
2013-04-18,29.377254486083984,29.64225369223721,29.333086690508793,29.56654035403133,11813685
2013-04-19,29.96405029296875,29.964050292968754,29.44035778979409,29.56655009160814,13315154
2013-04-22,30.23536491394043,30.26691299377524,29.76845989071319,29.938817503874102,14950139
2013-04-23,30.683338165283203,30.727505972972544,30.24167017812316,30.254289912096308,18500868
2013-04-24,30.25430679321289,30.78430816904526,30.203830351589104,30.708594767826956,16292418
2013-04-25,29.87572479248047,30.285844832801672,29.831559493561205,30.254299271759677,16702081
2013-04-26,30.203805923461914,30.329995664244713,29.724278854648787,29.82523165624811,11110477
2013-04-29,30.172264099121094,30.361550010667507,30.109167954461213,30.21012077694373,11921943
2013-04-30,29.654888153076172,30.18488935108016,29.65488815307617,30.128104319219197,20692446
2013-05-01,28.828338623046875,29.219530305600795,28.14059698298932,28.26678931296841,41648358
2013-05-02,28.853567123413086,29.03023582914487,28.702140407690553,28.960831076960943,14929389
2013-05-03,28.815704345703125,29.26368335967952,28.683205997488887,29.18165889106791,13492581
2013-05-06,28.380353927612305,29.023930146412905,28.374045321299636,28.714760510854717,14772922
2013-05-07,28.563325881958008,28.582254219767332,28.317254968003702,28.45606446022747,15226078
2013-05-08,28.38666343688965,28.77154641597635,28.374043702550722,28.46868792644256,19187098
2013-05-09,28.70214080810547,28.784162772788335,28.361423125676627,28.550711567837094,14856134
2013-05-10,28.992374420166016,28.992374420166016,28.7021357249942,28.733681270667603,14592142
2013-05-13,29.131189346313477,29.169046026143032,28.822022256983185,28.92297508481757,10738018
2013-05-14,29.43404197692871,29.50975784396526,29.02392214131537,29.099635485919066,14057767
2013-05-15,29.484527587890625,29.81893418332483,29.314169986902186,29.484527587890625,13831294
2013-05-16,29.257383346557617,29.46560016056692,28.39928670843378,29.38988426753616,12536910
2013-05-17,29.01761245727539,29.471900114786592,28.443443649891748,29.206898350630148,22773459
2013-05-20,28.52547264099121,29.036545390678697,28.456067886522543,28.998688710501856,17533040
2013-05-21,29.863094329833984,29.989286618418834,28.51285096760203,28.544399039748246,49277694
2013-05-22,29.47190284729004,30.47512246322036,29.33309334745562,30.033451974532237,44670895
2013-05-23,29.863094329833984,29.932501602015577,29.288925470612604,29.31416493730286,23663421
2013-05-24,29.75583839416504,29.75583839416504,29.402503452323113,29.686433631607443,16554208
2013-05-28,30.04606819152832,30.689641726744245,29.98297205446674,30.247973812179033,18511767
2013-05-29,29.57285499572754,29.95142933134541,29.345712412303342,29.837856778416732,16822182
2013-05-30,29.69904327392578,29.900948886359764,29.490826534582723,29.66749520667887,15933268
2013-05-31,29.465606689453125,30.083941094449745,29.45929555888249,29.61072485606347,22768953
2013-06-03,30.569766998291016,31.143935912266304,30.48143390131792,30.87262549285601,39805450
2013-06-04,31.194408416748047,31.648696101635142,30.39309699353736,30.412025331770177,38785013
2013-06-05,30.746444702148438,31.377398822375998,30.58239567236428,30.92942207807166,26119409
2013-06-06,30.664413452148438,30.74643794902472,30.12810118041142,30.68965040064611,20850903
2013-06-07,30.405715942382812,31.005124284567565,30.34893092443792,30.771670562294204,52852631
2013-06-10,30.576078414916992,30.847388836883994,30.512982264013,30.695959588174496,50887946
2013-06-11,30.008224487304688,30.41203590312649,30.001913357411215,30.330011393983437,56749305
2013-06-12,29.8126163482666,30.34892850163124,29.7999991380194,30.21642761457098,17662887
2013-06-13,30.50031280517578,30.525781531226794,29.602495027480927,29.761681565699238,15482314
2013-06-14,30.532167434692383,30.901480712195806,30.24562947163543,30.41755174034936,14286650
2013-06-17,30.436634063720703,30.914196175210904,30.283814086219856,30.774111832235015,13084490
2013-06-18,30.40479850769043,30.59582285734969,30.347491966472568,30.48757631984938,12384006
2013-06-19,30.296552658081055,30.672234820994138,30.21377484404261,30.3793304721195,18857922
2013-06-20,29.487876892089844,30.194670254780632,29.42420126397004,30.194670254780632,18680495
2013-06-21,29.927242279052734,30.309291053923943,29.717115707433596,29.84446445052392,25453614
2013-06-24,29.551559448242188,29.8380972963573,29.32869724317492,29.58976381583082,18948574
2013-06-25,29.436941146850586,29.723478969141272,29.341430236486996,29.627965513177724,12600104
2013-06-26,29.729846954345703,29.86993387232949,29.468780392576065,29.672540405352393,11984823
2013-06-27,30.10552215576172,30.15646214279752,29.84445313120369,29.946333105275293,12198510
2013-06-28,29.577028274536133,30.23288179974691,29.577028274536133,30.22014616197578,17124110
2013-07-01,29.494237899780273,29.83171303601581,29.430562289109876,29.456031006018698,13741586
2013-07-02,29.64070701599121,29.755322676711213,29.309598218533985,29.347802590240498,11859063
2013-07-03,29.64070701599121,29.755322676711213,29.392376054298406,29.596136097533762,7203952
2013-07-05,30.029115676879883,30.1182600319662,29.67890225572693,29.8826622362669,8491944
2013-07-08,30.188289642333984,30.328376479849084,30.080043152325544,30.162820928166724,11504315
2013-07-09,30.3220157623291,30.56398006890474,30.315649218429492,30.385691383722477,10811902
2013-07-10,30.538511276245117,30.67859560650328,30.3029135141204,30.32201569137385,8154174
2013-07-11,30.761371612548828,30.88235375850396,30.646756010107428,30.837780317110315,11991216
2013-07-12,30.907833099365234,30.98424182389082,30.684968379766012,30.818686193285615,9280564
2013-07-15,30.895095825195312,31.130693622656317,30.72954020336871,30.88872928035571,10117811
2013-07-16,30.71044158935547,31.092490327288488,30.583092858577796,30.92056814065863,16006733
2013-07-17,30.64676856994629,31.0542886162176,30.64676856994629,30.742282035391206,9964174
2013-07-18,30.181930541992188,30.646756964142423,30.150092732234064,30.583083890225424,18677456
2013-07-19,30.430274963378906,30.51305024404148,30.05459274498659,30.226514943532216,14911678
2013-07-22,30.385690689086914,30.723168420037666,30.277441626072953,30.46846848588609,11861998
2013-07-23,30.51942253112793,30.704080386648194,30.27108902633852,30.443011242884864,9685616
2013-07-24,30.417539596557617,30.589461796633934,30.25198394255813,30.51305051571102,9370378
2013-07-25,30.672216415405273,30.684949497924407,30.150081118574608,30.264696680434657,10522339
2013-07-26,30.875991821289062,30.875991821289062,30.423898433189876,30.595820589700956,10318818
2013-07-29,30.78047752380371,31.067015291878086,30.659495363167768,30.735904077001216,10785597
2013-07-30,30.5958194732666,31.25167280746173,30.462101679615195,30.748639445211147,17583554
2013-07-31,30.672216415405273,31.02879618350456,30.544865225427824,30.882342824150147,22612067
2013-08-01,30.933300018310547,30.996975648761328,30.58945568683581,30.844155663039256,14198094
2013-08-02,30.907833099365234,30.907833099365238,30.67860183458882,30.84415746519403,9350466
2013-08-05,30.90146827697754,30.984246103714163,30.608563883171158,30.812323904184325,7114977
2013-08-06,30.844148635864258,30.939662059779756,30.621286525660533,30.869617354882262,10421836
2013-08-07,30.914207458496094,31.041558759028145,30.786856157964042,30.786856157964042,10130282
2013-08-08,30.863258361816406,31.09885616196458,30.68496710267736,30.9842405343466,9045707
2013-08-09,30.812320709228516,31.060654163688476,30.729542891075194,30.844158527410556,8266834
2013-08-12,30.863258361816406,31.0797539816282,30.621294016756018,30.665864922340983,10411985
2013-08-13,30.837785720825195,31.105221324851566,30.614926111602706,30.89509480488777,7812945
2013-08-14,30.926929473876953,31.047911628727604,30.825049496571214,30.9141938403139,8940383
2013-08-15,30.544878005981445,30.793211402985897,30.468469296502743,30.742271414800317,11885892
2013-08-16,30.37295150756836,30.563975799465243,30.232867196550576,30.4302605770567,13834019
2013-08-19,30.296552658081055,30.436637014638517,30.21377484404261,30.226510479802325,8780458
2013-08-20,30.283817291259766,30.805952906046944,30.283817291259766,30.341123834287703,14771560
2013-08-21,30.22013282775879,30.589448340964825,30.118252861743265,30.283808442918257,11318400
2013-08-22,30.44300651550293,30.551255611570962,30.181939957880097,30.32839341933683,9044554
2013-08-23,30.39206314086914,30.551252221658782,30.213774425104447,30.551252221658782,9616762
2013-08-26,30.3220157623291,30.500306993110687,30.264709230434658,30.43663137171731,9662770
2013-08-27,29.997282028198242,30.25834858492609,29.88266638682503,30.130999852200322,11362835
2013-08-28,29.98453140258789,30.181924767079934,29.589747219202557,29.7871405836946,10283186
2013-08-29,29.990903854370117,30.18192815219434,29.79351046773902,29.908126064673173,10160779
2013-08-30,30.111900329589844,30.23288252732663,29.93997812514281,29.984549040014112,8725962
2013-09-03,30.060955047607422,30.347492853269227,29.933603780380036,30.258345947970135,14894595
2013-09-04,30.36023712158203,30.48758843569778,29.99729045843349,30.010026098965213,11596330
2013-09-05,30.25198745727539,30.43027876974286,30.092800876458412,30.43027876974286,8277314
2013-09-06,30.239242553710938,30.44937162708511,29.96544039487765,30.290182549438054,27944815
2013-09-09,30.398433685302734,30.468475865960126,30.232878051603507,30.309286777557073,30580850
2013-09-10,30.551240921020508,30.818673895746414,30.47482968138538,30.47482968138538,32287413
2013-09-11,30.653125762939453,30.888723516437285,30.53851015801633,30.583083600375105,14021297
2013-09-12,30.743080139160156,30.82660401046727,30.61458108528992,30.710955375692595,9958515
2013-09-13,30.704532623291016,30.833029113526965,30.627432674315216,30.762355658615775,8049688
2013-09-16,30.961519241333008,31.128566956000824,30.903696217890577,31.000070492170224,9880754
2013-09-17,30.845882415771484,30.987229338803242,30.800907227287276,30.910131951165205,8073058
2013-09-18,31.09644889831543,31.29562141399252,30.60173470900129,30.717380780804614,14681118
2013-09-19,31.006500244140625,31.154273645435435,30.903702026337992,31.14142322607442,9775744
2013-09-20,30.845882415771484,31.09645149413814,30.7559346073461,31.051478874196963,29303128
2013-09-23,30.633861541748047,30.87800927910546,30.543913727218058,30.70453757660362,13210774
2013-09-24,30.5374813079834,30.98079889932885,30.531054814669304,30.601730829869403,13939029
2013-09-25,30.62742042541504,30.83301678240213,30.466799234722036,30.62742042541504,11901402
2013-09-26,30.633861541748047,30.839458014127004,30.524639379000433,30.698111081502272,10753633
2013-09-27,30.704532623291016,30.78163000372403,30.383287544886958,30.563183144925844,11014794
2013-09-30,30.588876724243164,30.7559244335919,30.38328033382693,30.608151064776912,17023712
2013-10-01,31.314899444580078,31.629718069109856,30.93583128245871,31.430548098536306,28651482
2013-10-02,31.07717514038086,31.19282378291279,30.91655388081191,31.128574251668063,14646114
2013-10-03,31.070749282836914,31.32132089798623,30.839452012154055,30.98080148581256,18759724
2013-10-04,30.987228393554688,31.070752273310063,30.800906287722373,31.012926665802443,12126198
2013-10-07,30.768775939941406,30.987222772867156,30.63385297162087,30.788050282766843,9637198
2013-10-08,30.678831100463867,30.93582664375161,30.608157647127584,30.736654134500085,14693694
2013-10-09,30.370445251464844,30.723815189114134,30.286921354618887,30.640291292268177,16090363
2013-10-10,30.51177215576172,30.601722489302965,30.171252864826158,30.58244558315713,18090995
2013-10-11,30.383296966552734,30.511793496634635,30.293349138641045,30.466820866950584,10745668
2013-10-14,30.036348342895508,30.2483687369022,29.83717580170633,30.06847311202558,21666876
2013-10-15,29.920692443847656,30.087740175464013,29.824318159789943,29.888567682495083,14840728
2013-10-16,30.306182861328125,30.306182861328125,29.920690882300963,29.946389148916328,11635630
2013-10-17,30.267635345458984,30.3768600462819,30.126288452262557,30.280485763533886,14544668
2013-10-18,29.946395874023438,30.486087848111765,29.85644806785637,30.434688734795873,21622755
2013-10-21,29.882144927978516,30.017067903526574,29.605875051777296,30.00421748477375,17478544
2013-10-22,29.8564510345459,30.017074884957818,29.644430634254036,29.753652797699562,16601892
2013-10-23,29.914262771606445,30.017060960767186,29.862863677026077,29.939961034625615,10113934
2013-10-24,29.695819854736328,30.10701266506663,29.676545512819892,30.068463981233755,11738753
2013-10-25,29.90142250061035,29.92712077234828,29.45810483838062,29.715100398474455,18752912
2013-10-28,29.136863708496094,29.438834495875426,29.04691589236683,29.27821064363397,28607885
2013-10-29,29.284626007080078,29.34244903078117,28.963380993253146,29.175403883908366,16652720
2013-10-30,29.066181182861328,29.400276636572812,28.98265731943346,29.39385014335993,10436508
2013-10-31,28.969812393188477,29.207533589575185,28.969812393188477,29.111159298539693,15713922
2013-11-01,29.059764862060547,29.13686225244908,28.667846278137173,28.8284675538087,21896388
2013-11-04,29.374570846557617,29.727940583224306,29.336022167951654,29.50306986663351,16954020
2013-11-05,29.143287658691406,29.41313108351435,29.11758681715987,29.291058507597132,10920684
2013-11-06,29.528766632080078,29.567315308731185,29.130424313420914,29.27177117350289,12954642
2013-11-07,29.438825607299805,29.70866897421277,29.413124771283822,29.650845945990522,12235819
2013-11-08,30.068471908569336,30.113444528716936,29.464530382765105,29.509505571455755,18260142
2013-11-11,30.19696807861328,30.293342381084113,30.119868122928008,30.139145038256586,7895003
2013-11-12,30.57602882385254,30.60172965904062,30.068464298583102,30.164836009182416,14620229
2013-11-13,30.415414810180664,30.434689156873553,29.972097130615175,30.029920170693845,14836955
2013-11-14,30.72380828857422,30.755933054649276,30.518211840528167,30.53105969212387,11822069
2013-11-15,30.88442611694336,31.019349092041875,30.601732316578946,30.601732316578946,12567092
2013-11-18,30.845882415771484,31.006503685712755,30.698108998074538,30.865156762680996,8310745
2013-11-19,30.88442611694336,30.94867564195077,30.614580166746332,30.871575698233357,8745874
2013-11-20,30.922985076904297,31.10930722019497,30.678839883024157,30.82661332592186,8647991
2013-11-21,31.2377986907959,31.28919780162618,30.942251877114654,30.980803136644496,13453281
2013-11-22,31.44339370727539,31.507640666490705,31.12214863702792,31.154273400906938,14638359
2013-11-25,31.90599250793457,32.021641178236,31.443402963815803,31.449826891065637,19159641
2013-11-26,31.854583740234375,31.963808450217865,31.58474034928491,31.90598284830228,24040386
2013-11-27,32.01520538330078,32.06660448787684,31.841733726424412,31.861008069572616,12120644
2013-11-29,32.01520538330078,32.0923027558936,31.79033462184836,31.98950454674149,7231200
2013-12-02,32.240074157714844,32.39427146193943,31.957377815698578,31.957377815698578,15541735
2013-12-03,31.970232009887695,32.16298058934495,31.72608689149305,32.00878326690475,14257411
2013-12-04,31.681119918823242,31.899566824355684,31.366301267131888,31.867442052788267,12001277
2013-12-05,31.3598575592041,31.64255126101176,31.334156730744283,31.4241044932702,9140551
2013-12-06,31.73250389099121,31.848149921813384,31.45623152347093,31.565456199525528,7758554
2013-12-09,31.84173583984375,32.02805792736645,31.610438569628432,31.726087204736093,9779412
2013-12-10,31.758214950561523,31.83531233551135,31.54619457340656,31.661840650831298,10727747
2013-12-11,31.449819564819336,31.822463766458863,31.321323069951532,31.80961334640922,15200192
2013-12-12,31.326637268066406,31.624864772884976,31.13862776924806,31.488717997172202,12169062
2013-12-13,31.365528106689453,31.702651249451925,31.158066913654267,31.598920652934332,8799322
2013-12-16,31.177541732788086,31.50170076161866,31.047877084519246,31.31368857673376,11893962
2013-12-17,31.05434799194336,31.119177695259875,30.866335891092607,31.073797162122354,14567200
2013-12-18,31.702653884887695,31.722103049371626,30.89225820824604,31.034889734194213,14200086
2013-12-19,31.631349563598633,31.735080202010963,31.462786628218478,31.60541819991577,9182995
2013-12-20,31.974960327148438,32.05924180195488,31.527621587243825,31.676732772651583,17611745
2013-12-23,32.00088882446289,32.22131707790206,31.929574334905606,32.05275414339914,8660567
2013-12-24,32.033294677734375,32.20185755806359,31.916597099672646,32.04626165126115,4457039
2013-12-26,32.23427200317383,32.25372116652281,32.00087685930714,32.05274215885091,5313150
2013-12-27,32.27967071533203,32.35098781026327,32.11111034068261,32.2667063270181,4448026
2013-12-30,32.37690734863281,32.37690734863281,31.981434037217447,32.24724277814385,6625351
2013-12-31,32.4482307434082,32.46767991595877,32.11110743279731,32.24725164065124,8881695
2014-01-02,32.08516311645508,32.441738076340485,31.961983335508446,32.33800746166544,8265052
2014-01-03,32.240760803222656,32.41580590108821,32.0657157053571,32.08516487269328,6743880
2014-01-06,32.24724197387695,32.50656851654713,32.09813083174155,32.2926250907842,10408107
2014-01-07,32.48711395263672,32.675125988817534,32.37690116225187,32.38986813519111,10475598
2014-01-08,32.27967071533203,32.506581204757836,32.15649088346321,32.480649836289054,14353094
2014-01-09,32.1046257019043,32.415817676002284,31.987930655498257,32.29912262959625,9771447
2014-01-10,32.338016510009766,32.46119632542275,32.09165428734322,32.30560035987362,8533969
2014-01-13,34.43855667114258,34.646017933975976,32.92798032307701,32.999294808195955,39081282
2014-01-14,34.360755920410156,34.42558821021082,33.82265361711299,34.05604882365932,22207854
2014-01-15,34.049560546875,34.29592009388572,33.93934515554095,34.13383939834733,10991424
2014-01-16,34.036598205566406,34.34779007314864,33.77727164924788,33.809687792767704,8142541
2014-01-17,33.680023193359375,34.133844018615484,33.53091204348839,34.11439485088623,17563222
2014-01-21,33.60222625732422,33.87451719522551,33.524426995180974,33.73188823844293,11565204
2014-01-22,33.2910270690918,33.69946468201589,33.245643960171584,33.56331794709471,11164973
2014-01-23,33.45310974121094,33.55035816286136,32.97335500801255,33.200267991863534,16639934
2014-01-24,33.69947814941406,33.82265796075046,33.148411390858755,33.23917505313182,19137842
2014-01-27,34.05603790283203,35.073892085472075,34.05603790283203,34.26998128036033,32490096
2014-01-28,34.27648162841797,34.41911061154257,33.85507428031277,33.952322727992545,15801954
2014-01-29,33.84857940673828,34.257017031934005,33.56980373803405,34.166253403206014,20274713
2014-01-30,34.69139862060547,34.79512925248648,33.958802004885904,34.010667320826414,18205646
2014-01-31,34.34129333496094,34.67193425518926,34.205146616307076,34.561721479059536,17071920
2014-02-03,33.76430892944336,34.45800723105568,33.660578293840764,34.302411277651785,16232053
2014-02-04,34.69139862060547,34.69788340499821,33.971768981831104,34.09494878320977,19054631
2014-02-05,34.7043571472168,35.78704632578571,34.45151541347267,35.190594041782816,25682602
2014-02-06,34.85995864868164,34.9247909361801,34.23109271709875,34.52931761101558,12832550
2014-02-07,35.508277893066406,35.54069144639329,34.64601672551103,34.782163498476635,15192961
2014-02-10,35.58607864379883,35.657393134598216,35.15170691412229,35.19709004092211,11118861
2014-02-11,36.11121368408203,36.14362983264662,35.29433555251203,35.46938068128843,16089525
2014-02-12,35.65738296508789,36.104721545103175,35.56013713802353,35.94264343876941,14283926
2014-02-13,35.722225189208984,35.79353967952296,35.27488648465731,35.30082044032082,10735083
2014-02-14,35.94264602661133,36.05934102749051,35.62496939042264,35.62496939042264,9098631
2014-02-18,36.104732513427734,36.26032847583924,35.74167526780088,35.80002537360552,11738753
2014-02-19,35.68332290649414,36.08527844016075,35.65090676141519,35.94264947528553,10791361
2014-02-20,36.18252182006836,36.30570159905388,35.676833137698544,35.72869844421034,10619489
2014-02-21,36.325157165527344,36.52613364377281,36.189010387964785,36.208459557353684,12226597
2014-02-24,36.42240524291992,36.90216009002638,36.221428752367,36.221428752367,11541100
2014-02-25,36.24735641479492,36.55854829598022,36.17604193266998,36.38998537904481,8923196
2014-02-26,36.48075485229492,36.59745246603405,36.25384440948242,36.305709727606434,10626196
2014-02-27,36.73359298706055,36.7400777710782,36.30570609918115,36.461302038002785,9490164
2014-02-28,36.947540283203125,37.25224738722298,36.72711204772648,36.778977362436265,12457157
2014-03-03,36.57799530029297,36.80490570958451,36.27328822122833,36.3705340584447,10293246
2014-03-04,36.992923736572266,37.206869796554656,36.89567788370793,36.97995935075064,11523703
2014-03-05,36.876220703125,37.23927526407876,36.64282552326631,37.21334390622773,9476330
2014-03-06,37.12259292602539,37.375434766619925,36.960512164781974,36.99292831703065,11114774
2014-03-07,37.25872802734375,37.32355771964011,37.01885064951142,37.180928768012215,11144642
2014-03-10,37.161495208740234,37.35598955099561,36.954033885843565,37.239291908905976,7737594
2014-03-11,36.75303649902344,37.239273409027625,36.67523983750584,37.213342052468334,11408004
2014-03-12,36.83083724975586,36.908633914436315,36.47426229173086,36.558543739694585,9954218
2014-03-13,36.45188522338867,37.10526084171688,36.40614785915656,36.9876549543847,10605760
2014-03-14,36.393070220947266,36.602150782471725,36.11211854290756,36.28199715216378,12699454
2014-03-17,36.75895690917969,36.88310076364308,36.55641177140958,36.55641177140958,9965851
2014-03-18,36.824310302734375,36.954986997943564,36.69363621959633,36.79164112893208,7410303
2014-03-19,36.58255386352539,37.18366185060929,36.35387230050488,37.03338420082065,10530723
2014-03-20,36.32120132446289,36.51068092143464,36.13825712798223,36.478011755190835,8866918
2014-03-21,35.713558197021484,36.98110704244102,35.687421822852954,36.915768719089854,24549295
2014-03-24,35.13861083984375,35.84425685822131,35.001401311365456,35.84425685822131,16244838
2014-03-25,36.05986022949219,36.24933987702835,35.15820197124353,35.20393672653317,14793254
2014-03-26,36.602169036865234,36.88965625837345,36.190543108620055,36.21667688580898,13701133
2014-03-27,36.412681579589844,36.660964146365856,36.15133082191221,36.51722188266089,11657742
2014-03-28,36.57601547241211,37.216325318035345,36.43880603320211,36.72629048711238,9390394
2014-03-31,37.09218978881836,37.13792714952216,36.61522565035381,36.64789482056069,14861898
2014-04-01,36.83083724975586,37.13792271127407,36.59562029720478,37.01378144656621,8085739
2014-04-02,36.88964080810547,36.954979141820026,36.621754684704015,36.9027089972625,7398880
2014-04-03,36.72628402709961,37.07910935675195,36.55640806697419,36.93536715508052,8712129
2014-04-04,36.66748809814453,37.05951283413929,36.64788712255183,36.987644331679576,10912614
2014-04-07,36.05986022949219,36.69363752202441,35.955319914442676,36.1774687369407,11974762
2014-04-08,35.96184158325195,36.33426533386468,35.73969284559004,36.11865199594209,11283606
2014-04-09,37.30781173706055,37.340480912475265,36.06639613165759,36.07946432423773,16881708
2014-04-10,36.4910774230957,37.987310506098865,36.445340071100055,37.82396468616467,18883388
2014-04-11,36.53682327270508,36.98111825970394,36.13173024677974,36.2950734926334,14286022
2014-04-14,36.30814743041992,37.06606345010946,35.90305172830635,36.73284150410125,11304776
2014-04-15,36.62174987792969,36.79162847846195,36.00757641300949,36.45187388946767,11677759
2014-04-16,36.75895690917969,37.20978714380651,36.54334358482342,36.88310076364308,10098004
2014-04-17,36.89617919921875,37.24246928600428,36.76550512401777,36.88311362014834,11804358
2014-04-21,37.40581130981445,37.438477866212104,36.850440669993645,36.95498096426413,6530088
2014-04-22,37.74557113647461,38.104926814766195,37.25553876638894,37.30127351886001,14642866
2014-04-23,37.56915283203125,37.74556424408344,37.294733919029795,37.73249605487609,8107433
2014-04-24,37.58875274658203,37.77823234248201,37.144455222664035,37.451543293962374,7037110
2014-04-25,37.399269104003906,37.68675616697424,37.25552687855386,37.5887486794018,6526630
2014-04-28,37.033382415771484,37.79783359328818,36.90270836266011,37.6410231623122,17807826
2014-04-29,38.36627197265625,38.45774668835626,37.41887654405322,37.56915419521407,14317252
2014-04-30,38.26173782348633,38.54922235059447,37.90891234193869,38.22906865230205,14211299
2014-05-01,38.95431137084961,39.098053619641,38.255198493105276,38.255198493105276,12287276
2014-05-02,38.03959274291992,38.895516230525494,37.85664588882932,38.85631165403174,12659106
2014-05-05,38.307464599609375,38.33359836387437,37.73249305300517,37.96770999174208,8525480
2014-05-06,37.3143424987793,38.39894757047151,37.26860774534201,38.3858793786018,14502538
2014-05-07,36.484554290771484,37.14446269691128,36.27547367557878,36.71323588712962,24009575
2014-05-08,35.824642181396484,36.432283027301345,35.75277104862196,36.29507355125144,15061227
2014-05-09,36.07292175292969,36.399610830080775,35.54368748536011,36.001050626129185,12979480
2014-05-12,36.12519836425781,36.34081178323655,35.83771380561949,36.34081178323655,8473080
2014-05-13,36.425750732421875,36.628298569022114,36.06639503790041,36.138266176804706,9389032
2014-05-14,36.83083724975586,36.95497851446372,36.34733776778907,36.34733776778907,8171780
2014-05-15,36.51721954345703,36.974582687077586,36.26893438051462,36.464949395269805,9346588
2014-05-16,36.504150390625,36.75896572377296,36.366940928743475,36.366940928743475,9496976
2014-05-19,36.81776809692383,36.83083628551688,36.34080141587645,36.419207935364284,7880226
2014-05-20,36.5890998840332,36.758975949364306,36.412688415988825,36.732842174725455,8232983
2014-05-21,36.968055725097656,36.99419211119308,36.67403574791661,36.71977311754793,6970143
2014-05-22,36.909244537353516,37.098724152008906,36.6152246257897,36.85044159986907,7522544
2014-05-23,37.11832046508789,37.22939353706375,36.88310613264771,37.00071199283258,6343544
2014-05-27,37.0399169921875,37.26860116729486,36.89617474320512,37.196727430733006,7652286
2014-05-28,36.850440979003906,37.0660543582183,36.850440979003906,37.05298616830723,7171569
2014-05-29,37.69981384277344,37.75861936782299,36.98110025405097,37.183647974431075,8922358
2014-05-30,37.80436325073242,38.0722493473406,37.58221450556402,37.58221450556402,12071912
2014-06-02,37.85010528564453,38.02651670120184,37.55608538902547,37.837037096177525,6733924
2014-06-03,37.83702850341797,37.869697663631015,37.48420575242912,37.58221062099821,7417849
2014-06-04,37.85010528564453,37.90237543144191,37.57568636719065,37.75209778274796,7205419
2014-06-05,37.96117401123047,38.202923734319896,37.71289150019226,37.87623470754469,8007349
2014-06-06,37.79784393310547,38.06572751311073,37.68677082697259,38.02652554766045,7024954
2014-06-09,37.85663604736328,37.87623702447896,37.39927294914276,37.56261616648709,8470879
2014-06-10,38.215999603271484,38.222532392533275,37.8435757618612,37.8435757618612,8031558
2014-06-11,38.42508316040039,38.56882543178429,38.157196986925584,38.23560352445295,12258246
2014-06-12,38.378997802734375,38.655482705074625,38.22100530207099,38.3658311030722,10022967
2014-06-13,38.339500427246094,38.60940594656968,38.168343846523086,38.25392345276512,8801628
2014-06-16,38.22758865356445,38.431663294198565,38.00376527863687,38.221006619386955,8102612
2014-06-17,38.22100830078125,38.32633664282059,38.036682386331854,38.14859539459934,6567502
2014-06-18,38.451412200927734,38.47774296951678,38.056429618004174,38.20125542464639,8213176
2014-06-19,38.378997802734375,38.45799273718562,38.24733606963445,38.45799273718562,6300471
2014-06-20,38.787139892578125,39.0241272999194,38.47115492828272,38.5830652828938,15110064
2014-06-23,38.51065444946289,38.826639430649244,38.45140825240072,38.71472907005601,7393011
2014-06-24,38.128849029541016,38.681821543740014,38.10251562651374,38.431667373787164,8550108
2014-06-25,38.747650146484375,39.050468472966216,37.997185048889285,38.00376708337936,13911466
2014-06-26,38.5304069519043,38.68839945795658,38.34608367739045,38.68181742378143,7585738
2014-06-27,37.872108459472656,38.52382725755165,37.839193023075794,38.42508094836106,18115414
2014-06-30,38.08274459838867,38.313149897083946,37.872088024523315,37.92475216798965,9154280
2014-07-01,38.51723861694336,38.60281557878468,37.83918653333411,37.98401232323256,9262224
2014-07-02,38.872718811035156,38.90563423988392,38.42507213680454,38.49090299450207,7274168
2014-07-03,38.971458435058594,39.136035562280455,38.885881487015524,39.09653547269106,5470665
2014-07-07,38.5238151550293,39.267695362267744,38.5040664257476,38.78055126745162,9721458
2014-07-08,38.29342269897461,38.622571806851255,38.122263478551595,38.61598977212775,8667065
2014-07-09,38.54356384277344,38.655474185835864,38.29999179562787,38.477732990731866,7271758
2014-07-10,38.563316345214844,38.68839339727566,38.00375931163292,38.365826401527265,5851718
2014-07-11,38.471160888671875,38.668650864013756,38.28683498172808,38.60940466093948,6399926
2014-07-14,38.30001449584961,38.62258165122072,38.221019531988055,38.589668837452976,8781297
2014-07-15,38.122257232666016,38.44482425297032,37.845769711399036,38.26708302694462,10645689
2014-07-16,38.280250549316406,38.31974801555812,38.00376302210281,38.14200678570961,7131640
2014-07-17,37.91818618774414,38.33949954305869,37.898437453183895,38.09593006230834,6968886
2014-07-18,38.405330657958984,38.464579493778984,37.93135313020408,38.12884574058939,7789470
2014-07-21,38.18150329589844,38.30658298879992,37.99059800325678,38.109090399014896,7436294
2014-07-22,38.464569091796875,38.76080266374229,38.26707653481952,38.26707653481952,6821642
2014-07-23,38.25392150878906,38.51065768270737,38.214421409003926,38.37899857870635,6594435
2014-07-24,38.31973648071289,38.51064435242929,38.128831240756504,38.39214935761221,10547282
2014-07-25,38.280250549316406,38.4184943129232,38.12884271813625,38.267083849982235,5790305
2014-07-28,38.16175842285156,38.4053305361454,38.08276348435681,38.29342016269083,9013534
2014-07-29,38.563316345214844,39.0241270910727,38.273664778707804,38.72130882651701,10823744
2014-07-30,38.23417282104492,38.74106580206294,37.924772457502755,38.56332455174356,8438286
2014-07-31,37.35204315185547,38.227585206563276,37.33887645292675,38.02351321609141,10604712
2014-08-01,37.391544342041016,37.60220100401761,37.04922595044865,37.24671591311151,10627768
2014-08-04,37.56270980834961,37.7009536045053,37.10189890900492,37.49029689260357,9064676
2014-08-05,36.88465118408203,37.503454466736954,36.74640742157472,37.33887730577074,9464698
2014-08-06,36.818824768066406,36.95706854727603,36.68058098885679,36.78590933189639,12865038
2014-08-07,36.62791061401367,37.23354979980057,36.58183111658859,37.003141785632494,7561844
2014-08-08,37.226966857910156,37.26646695550959,36.58841484372907,36.779322770963596,7421412
2014-08-11,37.29938888549805,37.55612773981185,37.16772975655657,37.3257222903432,5763057
2014-08-12,37.54295349121094,37.61536639233788,37.20721975336741,37.22696848715104,7430530
2014-08-13,38.08274459838867,38.10907535424199,37.62851603202153,37.77992643139714,11172414
2014-08-14,38.694976806640625,38.701558839571106,38.18149928524901,38.21441471342236,8313050
2014-08-15,38.58306884765625,38.839807641777064,38.20125298924914,38.70814591194255,9481046
2014-08-18,38.457977294921875,38.75421344368633,38.41189781224818,38.708131329252815,9897207
2014-08-19,38.78055191040039,38.8068853043861,38.40532078430659,38.741054451182166,7791880
2014-08-20,39.15578842163086,39.2150346146243,38.53040053573785,38.629146822487435,7376243
2014-08-21,38.74105453491211,39.27428076255193,38.70155707560852,39.10312159655592,8013846
2014-08-22,38.95171356201172,39.07679061202568,38.77397235242553,38.866133973736794,5436605
2014-08-25,39.320377349853516,39.41254163731273,39.01097694177656,39.063638489236844,5418998
2014-08-26,39.6297721862793,39.76143129119937,39.274289708058056,39.280871742187735,9663189
2014-08-27,39.682437896728516,39.8799278776639,39.57052488984832,39.76143283639825,6860942
2014-08-28,39.49810791015625,39.64951837125264,39.392779580287666,39.42569501234169,5492568
2014-08-29,39.57052230834961,39.7745969421181,39.38619903997106,39.7745969421181,5990158
2014-09-02,39.35986328125,39.56393790278551,39.280868351468975,39.32036581635949,6345116
2014-09-03,39.8140983581543,40.06425251794738,39.53761079640345,39.5771108993401,9532818
2014-09-04,39.55076599121094,40.15640511067354,39.44543767754443,39.873335596664845,11327832
2014-09-05,40.274898529052734,40.274898529052734,39.59684654972406,39.77458774303851,11259922
2014-09-08,40.18931579589844,40.37363900718713,40.0444874078744,40.30122612905514,8824579
2014-09-09,39.866764068603516,40.17616707885959,39.80751785955418,40.05108999413684,7800998
2014-09-10,39.998416900634766,40.070829795023556,39.728511423264926,39.93916807303619,9655014
2014-09-11,39.852535247802734,40.07799127105597,39.6602347559948,39.9254763565992,8158890
2014-09-12,39.487823486328125,39.8724244352069,39.29552566284648,39.70664944391116,7358846
2014-09-15,39.46794891357422,39.77960890407301,39.45468881684071,39.55415279713684,8110367
2014-09-16,39.77959060668945,39.826006225824905,39.308785813313555,39.46130071422743,9479579
2014-09-17,39.70665740966797,39.79286127074203,39.30879363939987,39.47457131491086,10764218
2014-09-18,39.991798400878906,40.01169119501687,39.66687834502763,39.8724389850924,8388297
2014-09-19,40.11115264892578,40.37639428819063,40.11115264892578,40.283557726229155,15175774
2014-09-22,40.17082595825195,40.436067564070775,39.958632673596895,40.03157378382731,9767884
2014-09-23,39.97188949584961,40.2702865895659,39.580658516587114,39.885685655357555,8396681
2014-09-24,40.02494430541992,40.14430369247064,39.93874045093652,39.99178877285261,12015949
2014-09-25,39.547508239746094,40.11777702075598,39.540875542853755,39.97189480253633,9109006
2014-09-26,39.38172912597656,39.64697071791523,38.824723108384305,39.600555096174645,11303938
2014-09-29,39.394989013671875,39.60055222663802,38.99712798007264,39.14301018232851,9137722
2014-09-30,39.30878448486328,39.772956566277486,39.2888916986264,39.38835828076844,9691170
2014-10-01,38.930816650390625,39.26899932185917,38.791564494322806,39.18279547996206,9525167
2014-10-02,39.02365493774414,39.16290710951398,38.65231669667721,38.97723931445951,8499070
2014-10-03,39.719905853271484,39.852525294974114,39.235838396211435,39.235838396211435,9056606
2014-10-06,39.507728576660156,39.95200799472152,39.32205810216496,39.89895966643123,7456101
2014-10-07,38.76504898071289,39.388366127147975,38.75841628334089,39.3353178029629,9977065
2014-10-08,39.905582427978516,39.938737958476686,38.837986010152065,38.89766437447403,12909474
2014-10-09,39.26237487792969,40.12440811796444,39.19606381301684,39.78622539825021,9008398
2014-10-10,38.89766311645508,39.73317344473033,38.89766311645508,39.32867969707571,11826890
2014-10-13,37.22665786743164,38.82473808104859,37.12056118974025,38.82473808104859,15518470
2014-10-14,37.352638244628906,37.76376210782558,36.95477712565362,37.51178322241068,11460718
2014-10-15,36.29166793823242,37.047607166536146,35.99990350156382,36.7160545013562,19687518
2014-10-16,35.42963790893555,35.8672872870332,34.80632070434702,35.814238957898894,22905298
2014-10-17,35.82086944580078,36.22536326186309,35.49594679305132,35.70814009649657,20664569
2014-10-20,35.84075927734375,35.98664149867765,35.75455542356698,35.95348596638212,12643177
2014-10-21,36.556907653808594,36.65637424351739,36.01979443167994,36.18556943023675,18119815
2014-10-22,36.808895111083984,37.04098122374145,36.47071233829977,36.62322728134141,13520982
2014-10-23,37.55156707763672,37.84333418230141,37.25980262393018,37.30621825013359,12419953
2014-10-24,38.2014045715332,38.23456010062939,37.55156203335507,37.66429136247366,8966059
2014-10-27,37.432212829589844,37.956063402056735,37.08076733171702,37.73724004721139,15111007
2014-10-28,37.034358978271484,37.531686846013194,35.87392551956814,37.531686846013194,25111338
2014-10-29,37.26641845703125,37.538292668066134,36.888450290441625,37.14705911196611,13092559
2014-10-30,38.00248718261719,38.05553551731449,36.93488778998477,36.941520488671124,13484197
2014-10-31,38.42023849487305,38.54622794966475,38.2345706617985,38.426871193099046,14741273
2014-11-03,39.07007598876953,39.07670603515055,38.17488452846532,38.42686605531659,10667487
2014-11-04,39.36845779418945,39.593911094747895,39.03690523619091,39.03690523619091,11882643
2014-11-05,39.501094818115234,39.95200692195425,39.37510537317859,39.779599196900605,13287382
2014-11-06,39.2955322265625,39.719918820086285,39.24911394878652,39.520985616153375,14003481
2014-11-07,39.34858322143555,39.53425370669202,39.16291538713761,39.38173875990844,11122424
2014-11-10,38.997127532958984,39.24910636141333,38.26108118299438,38.61915663931979,15299228
2014-11-11,39.36845779418945,39.753056004472334,39.26236118770649,39.60054378950129,13942173
2014-11-12,39.32868576049805,39.487830735703376,39.18943622678183,39.30879296996716,6988902
2014-11-13,39.481201171875,39.75307284706533,39.24248503162758,39.454678334495625,6965951
2014-11-14,39.16954040527344,39.48782768009649,38.97060721344175,39.27563704720046,7472869
2014-11-17,39.42814254760742,39.71990958832115,39.32867596875915,39.59391752806365,8982722
2014-11-18,39.713279724121094,39.87242467105112,39.222584792638486,39.44803814590438,8030824
2014-11-19,39.547508239746094,39.607186606029224,39.20932552889238,39.540875542853755,7655011
2014-11-20,39.37510299682617,39.38836574048179,39.030290218487224,39.26237630314882,7064673
2014-11-21,39.56077194213867,39.79948806401936,39.341945958543484,39.74643974238386,11800899
2014-11-24,39.28889846801758,39.66023672732124,39.116493407273744,39.66023672732124,8895424
2014-11-25,39.34858322143555,39.56077919785375,39.20933367119137,39.33532312681322,10824373
2014-11-26,39.620445251464844,39.63370799291996,39.355203677151195,39.58728972330592,6582069
2014-11-28,40.05146789550781,40.36312778674609,39.58729573273609,39.58729573273609,6505355
2014-12-01,40.131038665771484,40.661521854747555,39.97189370907866,40.05146486194611,8671257
2014-12-02,40.303443908691406,40.43606603205513,39.971893902197955,40.20397996712654,6755408
2014-12-03,40.17082595825195,40.40291203197366,39.991788205694,40.29018534360993,10197564
2014-12-04,40.39628219604492,40.70130938158355,40.124407891817796,40.124407891817796,7456101
2014-12-05,40.77424621582031,40.95991664686523,40.32996690172846,40.46921906227271,11708046
2014-12-08,41.032859802246094,41.24505307636382,40.43606555605053,40.56205498118819,11941646
2014-12-09,39.7928581237793,39.87905932707798,38.95734506757916,39.3883643388629,19679554
2014-12-10,39.77296447753906,40.131042653901325,39.58729666842516,39.8658010330542,13889878
2014-12-11,39.646018981933594,40.47448483104566,39.54580316982129,39.9399915964563,11857177
2014-12-12,38.56365203857422,39.853115291751024,38.556971878255645,39.50569620626645,12702179
2014-12-15,38.04922103881836,38.7908313824989,37.94900522953521,38.630483416648815,12759610
2014-12-16,37.949005126953125,38.944496408459024,37.93564212875248,38.06258393416602,11752272
2014-12-17,38.503543853759766,38.61712266789576,37.788659464910076,38.116035579300075,13271662
2014-12-18,39.40550231933594,39.40550231933594,38.81087953776162,39.14493851067858,14000651
2014-12-19,39.806365966796875,40.020163240993746,39.42553790276064,39.5858858584083,18208162
2014-12-22,39.392127990722656,39.792999177137204,39.11820126088696,39.49902661763365,10491004
2014-12-23,38.222930908203125,39.418859118709086,38.102669269510585,39.21174200046065,14845339
2014-12-24,38.38996505737305,38.65721170140791,38.24966290637746,38.27638623528225,5293448
2014-12-26,38.603755950927734,38.764103910675026,38.47681415000242,38.53694630428075,4897094
2014-12-29,38.57034683227539,38.69729129445613,38.38327556242426,38.38327556242426,6291982
2014-12-30,38.516910552978516,38.597085889334416,38.28307005102006,38.436737887620254,5486070
2014-12-31,37.942317962646484,38.65052206350402,37.90223164361595,38.26301385688423,7842813
2015-01-02,38.209571838378906,38.61044311823219,38.102673186550994,38.22961500172198,7415962
2015-01-05,38.77747344970703,39.071443423334536,38.46345764060729,38.89105227206358,16727338
2015-01-06,40.300777435302734,40.42103909149756,38.91777773755301,38.93782090175259,25453510
2015-01-07,41.16264343261719,41.16932359602972,40.32749746919327,40.380946789484426,19528956
2015-01-08,41.9911003112793,42.05122978603274,41.3229852425869,41.423201033842645,20038808
2015-01-09,41.7973518371582,42.178177237100684,41.5367854028837,41.964379959028356,13245358
2015-01-12,41.6236572265625,42.42539733417662,41.49003521079247,42.158150631638584,12124312
2015-01-13,41.55015563964844,42.50556339411529,41.24282266662317,42.03119959912175,10516890
2015-01-14,41.85080337524414,42.03119450430583,41.075789536645885,41.2361375037004,10331289
2015-01-15,41.34304428100586,42.084652105141686,41.3096381140902,41.951030108476644,10023701
2015-01-16,42.11137008666992,42.198225569908885,41.10919328306446,41.329673408516314,11917018
2015-01-20,41.830753326416016,42.29175398967535,41.34302934187907,41.89756563610499,13734983
2015-01-21,41.53010177612305,41.94433330009369,41.47665246106243,41.70381271781925,9517307
2015-01-22,41.81740951538086,41.89758485799001,41.109205118157725,41.59693199745193,8902131
2015-01-23,41.75059127807617,42.091330404494194,41.69713927997413,41.73054544328925,6528097
2015-01-26,41.97106170654297,42.0779603428111,41.503380840619116,41.81071375214077,7036901
2015-01-27,41.7973518371582,42.10468475663794,41.51006207862313,42.01114911523052,8347425
2015-01-28,41.05575180053711,42.06460896050948,40.96889897170949,41.97107329569679,9293769
2015-01-29,41.483333587646484,41.52342257812091,40.59474104124017,41.115871207440016,9527682
2015-01-30,40.2740478515625,41.37643773730639,40.107017057512714,41.10919113782367,12667071
2015-02-02,40.67490768432617,40.70831383596542,39.93998036125176,40.421024137063505,9711502
2015-02-03,40.76844787597656,40.79517386868218,40.046883466878334,40.68159507717499,12028420
2015-02-04,39.452266693115234,40.08697572648954,38.97790295575375,40.066932564487935,20380142
2015-02-05,39.532440185546875,39.652701831122386,39.09148527009855,39.59925250764406,13268099
2015-02-06,39.278560638427734,39.933315586659006,39.13825581587836,39.485677790000125,10338310
2015-02-09,38.971221923828125,39.418859654549635,38.70397531809908,39.185019208411354,10494777
2015-02-10,39.31864547729492,39.64602160350454,39.265196150301676,39.41886396703124,9997291
2015-02-11,39.24515151977539,39.39213649576395,39.01799122079485,39.25851451877359,10987127
2015-02-12,39.33869171142578,39.49235954014911,39.14494022307562,39.41886704367198,7553670
2015-02-13,39.29191970825195,39.37877519309466,39.15829506357174,39.35204919575977,8278466
2015-02-17,39.278560638427734,39.39882229646968,39.21843114490546,39.24515447391622,10676290
2015-02-18,39.28525161743164,39.425556478604335,38.90442604496156,39.198396099991484,11039842
2015-02-19,38.95117950439453,39.41218024193501,38.62380073676591,39.31864192489994,10308338
2015-02-20,38.98458480834961,39.071437617836274,38.570350567428,38.85096017037567,12161830
2015-02-23,38.95117950439453,39.19838028228133,38.864324022003146,39.01130899020531,9002215
2015-02-24,38.99126434326172,39.131569142473666,38.7841472261399,39.07811982234516,8084377
2015-02-25,39.0781364440918,39.398832501269766,38.790846560077966,39.05809327439294,8861050
2015-02-26,39.392127990722656,39.51907244730151,39.19169373301369,39.19169373301369,12040577
2015-02-27,39.11152267456055,39.4589418905243,39.07811651842999,39.34536309647777,13686775
2015-03-02,39.13825607299805,39.3453732259311,38.93782175560964,39.11153274381172,10131226
2015-03-03,38.9778938293457,39.218417059042196,38.71733011333702,39.17832807342848,8647362
2015-03-04,38.67056655883789,39.18501657415646,38.53694460045475,39.0246686214986,13975290
2015-03-05,38.73738479614258,38.937819099860384,38.617123145513,38.8108772851392,12087737
2015-03-06,37.97572326660156,38.6638841925004,37.89554795934302,38.65052119612453,11595806
2015-03-09,38.256343841552734,38.3298363362682,37.614951882947814,37.975734191913716,8742416
2015-03-10,37.80202102661133,38.20957247739578,37.74189153557649,38.04922449697226,13755000
2015-03-11,37.454593658447266,38.409998499671666,37.39446418038309,38.409998499671666,16417234
2015-03-12,37.83177947998047,37.86545597282607,37.48828302261155,37.59604672267284,13576106
2015-03-13,37.85197067260742,38.006881943205634,37.474797863534455,37.7374727938678,13700399
2015-03-16,38.47161865234375,38.606321900279866,38.10791422843324,38.10791422843324,12073798
2015-03-17,38.03383255004883,38.316712912104,37.87892392710345,38.316712912104,10479371
2015-03-18,38.828590393066406,39.044117782275265,37.85871714162654,37.97995197120938,15645068
2015-03-19,39.205753326416016,39.293311642530504,38.410996954530134,38.68040612233982,15149783
2015-03-20,39.4549674987793,39.643555312049216,38.902680579271305,39.225968972884196,27367472
2015-03-23,39.55599594116211,39.832139393713085,39.091264680260394,39.33373164229834,11170108
2015-03-24,39.488643646240234,40.20931301642881,39.4078222216938,40.01399098362635,13692434
2015-03-25,39.23944091796875,40.21604841803523,39.185559069152426,40.074610920927455,14712243
2015-03-26,38.79491424560547,39.199029450257804,38.66694519370547,39.0912657546987,11090879
2015-03-27,38.89595031738281,39.219241458896164,38.81512887831043,38.949832174301704,8932628
2015-03-30,39.29331970214844,39.428025659988755,39.165350657766915,39.23270363668707,8582072
2015-03-31,38.714088439941406,39.27311221082711,38.714088439941406,39.19229079460804,10960718
2015-04-01,38.29650115966797,38.606321046418564,37.86544646762857,38.565910342192595,13322386
2015-04-02,38.458152770996094,38.69388550653039,38.28977032232065,38.390799791525914,7947508
2015-04-06,38.51203155517578,38.61979523671865,38.19547473091443,38.3436491198831,13256362
2015-04-07,38.68039321899414,38.983478768250436,38.59283493208812,38.83530444853709,9723658
2015-04-08,38.49182891845703,39.09799765046454,38.40427058444664,39.00370509561155,14210566
2015-04-09,38.68039321899414,38.882449354295055,38.46486595664388,38.53895311650055,12582288
2015-04-10,38.55917739868164,38.82858389751283,37.932800692002225,38.42447145665506,16251860
2015-04-13,38.208961486816406,38.64001638923397,38.054050121530516,38.44469429999948,10983983
2015-04-14,38.90267562866211,39.05758423821602,38.12812450305922,38.350386086824976,15359698
2015-04-15,39.36740493774414,39.704167122931445,39.1114668617507,39.1114668617507,12690022
2015-04-16,38.956565856933594,39.32700190963212,38.88921286822052,39.20576706847093,6717051
2015-04-17,38.30998229980469,38.63327071067717,38.10118911907521,38.62653648908393,12223243
2015-04-20,38.801639556884766,39.06431180338291,38.65346519295139,38.727552374918076,10439547
2015-04-21,38.8353157043457,39.08451681763163,38.666933298950404,39.071048379288506,9699764
2015-04-22,38.85552978515625,38.990233047129166,38.60632592326457,38.767971453198804,8294501
2015-04-23,38.73428726196289,38.96328572365121,38.417733178339404,38.74102148130846,8742416
2015-04-24,38.79491424560547,39.192295229014654,38.734298176582776,38.963296702798715,8244092
2015-04-27,38.458152770996094,39.084526863712526,38.309978370250754,38.949823597383485,11108381
2015-04-28,40.39789581298828,40.73465801199812,38.458152116663086,38.458152116663086,36398298
2015-04-29,40.19584274291992,40.70098473499532,39.89275970176387,39.96010999279217,18017216
2015-04-30,40.115020751953125,40.50566212781965,39.89949336142893,40.269929381010236,13636995
2015-05-01,40.31707000732422,40.66730330242215,40.195835198051014,40.24971703632677,9806660
2015-05-04,40.8424186706543,41.05121181092697,40.431569303008395,40.50565649662487,9484819
2015-05-05,40.74139404296875,40.882831524730406,40.451776780969745,40.626893443775316,12662041
2015-05-06,40.58647537231445,40.8087369245186,40.36421382011031,40.71444438957842,12126303
2015-05-07,40.6134147644043,40.90302926078424,40.36421096691213,40.445032364687684,9433048
2015-05-08,40.909767150878906,41.34082182465846,40.8828248874623,41.08488378525454,10630283
2015-05-11,40.411354064941406,40.876085159054654,40.3035904110198,40.855879810520655,10185407
2015-05-12,40.0341911315918,40.22951313898421,39.81192955039236,40.10827832532494,13825111
2015-05-13,39.85906982421875,40.31032981635963,39.71762968311913,40.15541854453372,7672303
2015-05-14,40.26319122314453,40.33727841981709,39.77152042131248,40.0543980742592,7469410
2015-05-15,40.56626510620117,40.56626510620117,40.28338484304531,40.370943147955956,8033654
2015-05-18,40.418094635009766,40.714443363815725,40.418094635009766,40.5258582986866,7535539
2015-05-19,40.761600494384766,41.031009716484874,40.370956449186785,40.38442758344461,8518878
2015-05-20,40.7211799621582,40.98385220746646,40.70770883114965,40.86261741361077,6324575
2015-05-21,40.47871780395508,40.94344902185699,40.471983583520114,40.78180349791768,8424872
2015-05-22,39.993778228759766,40.458509411762165,39.966835963820905,40.458509411762165,9421939
2015-05-26,39.71763229370117,40.034186384606926,39.636808196641546,39.926422716934596,11378870
2015-05-27,40.04765701293945,40.26318434557558,39.650278829967924,39.79845319800258,10193582
2015-05-28,40.209312438964844,40.31034191080839,39.993785053121066,40.04093267850366,9987545
2015-05-29,41.01079559326172,41.16570417996765,40.05439103982795,40.330537116322354,20976349
2015-06-01,40.916526794433594,41.556374983132,40.64038323218728,40.983879802215,12374155
2015-06-02,40.57300567626953,40.72118274225862,40.29012806144125,40.71444582998908,9424664
2015-06-03,40.674041748046875,41.004067032042656,40.58648341517608,40.85589263454343,9078195
2015-06-04,40.05439758300781,40.552805291904434,39.9196943250583,40.38442554631475,11350154
2015-06-05,39.73111343383789,40.013991113278415,39.603141690205675,39.98031462207114,11404126
2015-06-08,39.65028381347656,39.85234004006601,39.57619662014747,39.663754946612144,8434094
2015-06-09,39.63008117675781,39.93316688372432,39.54252284429093,39.71090259588955,6754570
2015-06-10,40.148681640625,40.18235811888341,39.677213637617726,39.72436124570157,10713914
2015-06-11,39.97903060913086,40.291209892708366,39.93152707130705,40.17583834422361,12199034
2015-06-12,39.273258209228516,39.90439706675353,39.21896649039135,39.89761161930904,16571290
2015-06-15,38.764251708984375,39.11714632482468,38.69638642063701,39.089999124248855,10591612
2015-06-16,39.16465377807617,39.17822466569074,38.601377836210816,38.84568908347272,7303407
2015-06-17,39.300384521484375,39.47683320430738,39.00178156263851,39.164656643761475,8297330
2015-06-18,39.76185989379883,39.95187943951512,39.30037920318707,39.30037920318707,7797644
2015-06-19,39.38861083984375,39.931527804169775,39.32753369876681,39.63971027498112,13218948
2015-06-22,39.92473220825195,40.17583159660823,39.65327648975514,39.89758772163912,8763900
2015-06-23,40.06045913696289,40.0740327355808,39.71435000730328,39.958661216966355,8772808
2015-06-24,39.524349212646484,40.06048087459724,39.524349212646484,39.9858301113295,8288003
2015-06-25,39.293609619140625,39.76866138825965,39.17145259725215,39.53113550370014,10428858
2015-06-26,39.69400405883789,39.72114855193536,39.259670464536384,39.51076991287854,13711718
2015-06-29,38.87961959838867,39.51076079611431,38.85247511155456,39.31395309247151,10062058
2015-06-30,38.63530349731445,39.164649448533396,38.486002045320795,39.164649448533396,12415970
2015-07-01,39.09000015258789,39.273236978564604,38.41814354740645,38.635307592264965,9830345
2015-07-02,39.13750457763672,39.58541167334681,39.022135760251885,39.32073868199718,8927283
2015-07-06,39.056068420410156,39.25287612486817,38.43850082008956,38.84568711593279,8440697
2015-07-07,39.35468292236328,39.429333674797384,38.80498044729781,39.1918078134817,9467946
2015-07-08,38.92033767700195,39.185010667312575,38.76425077328134,39.17822251078638,9548957
2015-07-09,38.94070816040039,39.47683974196049,38.920349111024976,39.38861538593839,9094334
2015-07-10,39.32752227783203,39.53111540205654,39.076422915615346,39.408958442285105,8433675
2015-07-13,39.273258209228516,39.73473646279754,39.14431571612697,39.53114319543161,9572222
2015-07-14,39.49040222167969,39.55147935260085,39.14429305360876,39.293594515699716,7582385
2015-07-15,39.510772705078125,39.74151312163026,39.40897474430993,39.47005189291507,6024533
2015-07-16,39.91794967651367,39.95188232207387,39.59898769181396,39.707571072369674,5580286
2015-07-17,39.91794967651367,39.98581496763408,39.76186276264753,39.83651349764305,7324367
2015-07-20,40.04010009765625,40.17582794456679,39.94509033350968,40.012952900419016,5970666
2015-07-21,39.816158294677734,40.053686852702924,39.80258740469336,40.03332780463361,7265574
2015-07-22,39.449676513671875,40.06045859926941,39.36824034924118,39.707564031583345,9031454
2015-07-23,39.408958435058594,39.721134920557844,39.32073411485606,39.721134920557844,6750797
2015-07-24,38.96104431152344,39.28000889482608,38.899967199293535,39.16464011180581,8223761
2015-07-27,38.6760368347168,38.98821343912626,38.43172282215782,38.974639835519014,15601576
2015-07-28,39.03570556640625,39.11714445114065,37.88879472849624,38.35706085471587,17173681
2015-07-29,39.72792434692383,39.91794387875135,39.117142241736076,39.15107488236783,13494048
2015-07-30,39.7143440246582,39.91793712088975,39.55146900505467,39.78220929443254,7324996
2015-07-31,40.01295852661133,40.2640579274492,39.83651257212687,40.040105727665704,9172620
2015-08-03,40.074031829833984,40.34549023059742,39.68720191306371,40.24369231290171,7133736
2015-08-04,39.83651351928711,40.35906866453963,39.612558601086576,40.338709619810906,7268718
2015-08-05,40.107975006103516,40.23012928372018,39.884020070954584,40.09440140422638,5976325
2015-08-06,39.65328598022461,40.20977386335055,39.57863251971477,40.14869671903461,7356646
2015-08-07,39.34109878540039,39.66684891594916,39.13750563208046,39.59898634023733,10178595
2015-08-10,39.63970184326172,39.77542969892639,39.53790391669419,39.53790391669419,5294915
2015-08-11,39.198585510253906,39.490402996646424,39.0628549325315,39.313954330844176,7418058
2015-08-12,39.53791046142578,39.551484063166704,38.76425585858043,38.87283924632285,7886514
2015-08-13,40.02654266357422,40.34550743791886,39.70079244372592,39.73472509743008,11483146
2015-08-14,40.16225814819336,40.42692840642863,39.951876859721075,40.0468866264442,9920787
2015-08-17,40.521949768066406,40.549096973807714,39.75508054571888,39.904382038017914,6407158
2015-08-18,40.488006591796875,40.684811560153015,40.420141312726855,40.494792034467146,7123675
2015-08-19,40.488006591796875,40.76625043765541,40.16904195064124,40.2572662708139,8369642
2015-08-20,38.648887634277344,39.73472160500041,38.506371586483354,39.55827290648473,24831731
2015-08-21,37.84807586669922,39.11035820601217,37.841290423565496,38.40456630951672,18478860
2015-08-24,36.640071868896484,36.918315611830934,31.007312764605476,36.015716415970516,26030853
2015-08-25,34.7263069152832,37.603763600284,34.61093809833526,37.590192713413984,23946590
2015-08-26,36.931907653808594,37.060850072900465,35.62211899296385,36.23968660113175,23989978
2015-08-27,37.29158401489258,37.59697506693563,36.40255805645663,37.515538900039836,16910109
2015-08-28,37.576622009277344,37.60376649820139,37.047278700881186,37.176221127728176,13411256
2015-08-31,36.545074462890625,37.52911291096588,36.38898757026251,37.40695594618896,13537121
2015-09-01,35.64927291870117,36.12432459720545,35.42531796910887,35.737497266953575,16503275
2015-09-02,35.95466232299805,36.151470057584866,35.52711420512744,36.08360476019095,13761078
2015-09-03,35.730709075927734,36.34149135520605,35.696779138716884,36.151471769217466,12732257
2015-09-04,35.0113410949707,35.45246005949489,34.73309448760669,35.35745028012069,15186882
2015-09-08,35.75784683227539,35.981799009387395,35.42530857503069,35.97501356635684,15679233
2015-09-09,35.24207305908203,36.192178838865615,35.160636893636166,36.110739960327884,11650302
2015-09-10,35.77820587158203,36.10395597267801,35.19457095205806,35.30315431909005,14740539
2015-09-11,35.65501022338867,35.90142758269569,35.394905139137144,35.73715025530781,12671158
2015-09-14,35.82612991333008,36.093078828487684,35.586559181274495,35.67554032869364,9213387
2015-09-15,36.65435791015625,36.88708476528118,36.052007820476945,36.12730123963062,12358226
2015-09-16,36.87339401245117,36.94184356984516,36.496926919683965,36.62697670041274,9098107
2015-09-17,36.934993743896484,37.304619679646606,36.291575075401276,36.85970033192414,23894295
2015-09-18,35.68239212036133,36.87340209232717,35.531805250257136,36.74334954665077,30389799
2015-09-21,34.89522171020508,35.894575918722765,34.6967196406985,35.894575918722765,18070978
2015-09-22,34.73094940185547,34.908917177493414,34.402394771347055,34.60089686933549,13409789
2015-09-23,34.92946243286133,35.210101908092696,34.491389455065395,34.730960272741164,10538164
2015-09-24,34.62826919555664,34.813080801896604,34.37500803532788,34.58720055780326,11012698
2015-09-25,33.95062255859375,35.12794437710573,33.628914610947355,34.85414892355056,16058190
2015-09-28,33.14293670654297,33.79320213212216,32.91705641502193,33.745286887049375,21117724
2015-09-29,33.30036163330078,33.74527824009053,32.992341391504176,33.25244640050589,13417439
2015-09-30,33.806888580322266,33.90956018407679,33.43726259745599,33.8137324417559,13287697
2015-10-01,33.79319763183594,33.930094013677014,33.225072311118076,33.77950717271684,15100213
2015-10-02,34.32025146484375,34.32709806260626,33.09501694774844,33.39619336515033,25453719
2015-10-05,35.066349029541016,35.1279547350371,34.69672574236571,34.95683081582609,16643917
2015-10-06,34.087528228759766,35.17586365629031,33.758973621118464,35.17586365629031,17285188
2015-10-07,34.87468719482422,34.99104924961048,34.06699119936714,34.53928601590829,15204594
2015-10-08,34.92261505126953,35.03897989367603,34.320264720271474,34.67620037499583,13144016
2015-10-09,34.87468719482422,35.258000873263995,34.696719445721875,34.9020653750593,11445627
2015-10-12,34.71042251586914,34.806250286185026,34.01224446057357,34.02593218743956,12212658
2015-10-13,33.86164093017578,34.84730462806241,33.78634751753231,34.75832075772477,15621383
2015-10-14,33.909549713134766,34.30655375559456,33.847946769904446,33.94377448263466,14390298
2015-10-15,34.71723937988281,34.96365658214432,33.711041732953774,33.998527556775976,14711300
2015-10-16,35.237464904785156,35.401744937063754,34.96367214818718,35.11425898525103,11624940
2015-10-19,35.18270492553711,35.285376514593345,34.86099422811183,35.13478969301113,8847111
2015-10-20,34.49138641357422,35.23063313019168,34.292884270958204,35.17587401279591,10422255
2015-10-21,34.62826919555664,34.89522081385311,34.32709553676552,34.73778738719882,11810855
2015-10-22,35.600257873535156,35.97672508105828,34.429779389238504,34.78571500702479,19335181
2015-10-23,36.195743560791016,36.44900468537222,35.6892213116286,35.83296425998277,16457268
2015-10-26,36.2162971496582,36.394264964846926,35.91512337298575,36.03832933446949,11502010
2015-10-27,36.59960174560547,37.03082797501078,36.12730413627335,36.79810383767622,14626831
2015-10-28,37.715309143066406,37.74269005648855,36.654352108723124,36.95552847411932,15416080
2015-10-29,37.557891845703125,38.084948658935744,37.28409627626089,37.61949755910928,9334850
2015-10-30,37.41413879394531,37.83167450041478,37.41413879394531,37.50311992924392,11546235
2015-11-02,37.7221565246582,37.872746089638966,37.243015123086884,37.43467332558525,11065937
2015-11-03,37.7221565246582,37.90696812993715,37.29093035782391,37.701622205899405,9658578
2015-11-04,38.009639739990234,38.17391701475374,37.77006905634964,37.96857110541174,8121162
2015-11-05,37.68107986450195,38.11230867597351,37.42781875964873,37.9617191430546,9481046
2015-11-06,37.37991714477539,37.564728764465016,36.96922252822628,37.50312306693518,11237704
2015-11-09,37.12665557861328,37.24301763825479,36.78441052447072,36.982912601144406,9578930
2015-11-10,37.2567138671875,37.37307594485023,36.97607446646839,37.2224890828278,7820490
2015-11-11,36.770713806152344,37.64685924428487,36.74333562943543,37.51680674786825,8954741
2015-11-12,36.29840850830078,36.94182694345155,36.29840850830078,36.6817192897109,8989220
2015-11-13,36.29840850830078,36.770703126984195,36.209424671027485,36.59273818888625,11941436
2015-11-16,36.757022857666016,36.83231625758636,35.6823754710362,35.72344410072927,7239374
2015-11-17,36.763885498046875,37.16773361471686,36.47639947043414,36.763885498046875,7468677
2015-11-18,37.11980056762695,37.18140625055047,36.75702401201305,36.866542185600075,11330347
2015-11-19,37.15403747558594,37.32516138799544,36.90762287274651,37.263555684947946,7167482
2015-11-20,37.030826568603516,37.55103939986781,36.96237974422534,37.379918234247334,9362098
2015-11-23,36.96922302246094,37.09927554411265,36.8117923187799,37.017138261574715,9105129
2015-11-24,36.606441497802734,36.74334060928971,36.346336469717265,36.66120059510756,11011546
2015-11-25,36.770713806152344,36.90761289908528,36.59274881636876,36.70226699613533,6370687
2015-11-27,36.934993743896484,37.09927102541332,36.52430190832921,36.52430190832921,3124717
2015-11-30,36.28472900390625,37.037665814200736,36.27788240731254,36.98975058384266,14004634
2015-12-01,37.352535247802734,37.40045048502028,36.57906400989723,36.804944264387366,13620646
2015-12-02,36.839168548583984,37.64002069313903,36.79125604845922,37.41414044167985,10584066
2015-12-03,35.99725341796875,37.023985975221734,35.757682670373065,37.01029551455763,14247665
2015-12-04,36.7159538269043,36.743334739407416,36.16151908143459,36.18889999393771,14343976
2015-12-07,36.743343353271484,37.11981046507548,36.4010982854451,36.976070218309424,9113408
2015-12-08,36.59960174560547,37.236176665294394,36.42848057348591,36.66805130903334,7936714
2015-12-09,36.15467834472656,36.69542268065648,35.94933242901203,36.469542447015456,10854346
2015-12-10,36.75017547607422,36.94867749727921,36.154672148908396,36.29156849044165,12001591
2015-12-11,36.00455093383789,36.784706312611405,35.914798081042235,36.59139183887516,10896999
2015-12-14,36.03907012939453,36.14953475869701,35.65934969122833,36.00455234782298,12575162
2015-12-15,36.52234649658203,36.72256393584827,36.059776313489834,36.23237622177596,12142023
2015-12-16,37.29560089111328,37.357736199285675,36.59138693134015,36.88135722300572,10494986
2015-12-17,36.356651306152344,37.45439163240981,36.356651306152344,37.357735789613635,14165921
2015-12-18,35.652435302734375,36.12190844731331,35.631720776269056,36.00454085119277,22114686
2015-12-21,35.811241149902344,36.00455564895484,35.34867081729899,36.00455564895484,12194633
2015-12-22,35.970027923583984,36.05978077021662,35.40389606949211,35.9078926113448,13830351
2015-12-23,36.577579498291016,36.743276407050935,36.149527080588406,36.163335846342676,7469515
2015-12-24,36.48783874511719,36.68115048930975,36.32214178148156,36.44641243413478,3123145
2015-12-28,36.48093032836914,36.61901250141164,36.29452160284002,36.44640978510852,5068442
2015-12-29,36.82612609863281,37.012534789223736,36.529252794351166,36.57067633446086,6925708
2015-12-30,36.763980865478516,36.99181303468482,36.64661052005083,36.82611615887208,5827194
2015-12-31,36.46711730957031,36.79160538567224,36.35665269640853,36.45330854290077,8690959
2016-01-04,36.23237991333008,36.322132758014426,35.63172753433359,35.90789183188378,17998981
2016-01-05,36.694950103759766,36.915879333482486,36.36355625917568,36.446403340273044,11607124
2016-01-06,36.19095230102539,36.55686664199493,36.04596716516221,36.25308760492518,13064263
2016-01-07,35.87337875366211,36.12192280899956,35.514367300277264,35.56959961925202,13330560
2016-01-08,35.26581573486328,36.25999726469166,35.11392481995541,36.25309150122926,14835698
2016-01-11,35.383182525634766,35.5833999796132,34.94132407826092,35.383182525634766,15057035
2016-01-12,35.73530578613281,35.94933211235708,35.19679122736365,35.56270577988972,11864408
2016-01-13,34.975852966308594,35.94241717069476,34.920620647198014,35.83885829742361,17340837
2016-01-14,35.762908935546875,35.97693241551211,34.927518506996705,34.9827508179712,14219788
2016-01-15,35.307247161865234,35.417711800965215,34.58922700771538,34.86538860546533,16233939
2016-01-19,35.445308685302734,35.83884048847392,35.07939440801215,35.62481432323708,11454116
2016-01-20,34.89990997314453,35.22439813309102,34.03690461481384,34.7204042403498,16684579
2016-01-21,35.15536117553711,35.431522790588,34.58232616931877,35.058702540195725,12499706
2016-01-22,35.452239990234375,35.7214958810388,35.176078332935916,35.514375328089585,11331814
2016-01-25,35.15536117553711,35.51436989505422,35.04489652951675,35.452234566704554,9725964
2016-01-26,35.521270751953125,35.62483238637025,35.04489440988894,35.24510915360537,9450340
2016-01-27,34.775630950927734,35.604115630055865,34.40281353534446,34.97584842672922,13748817
2016-01-28,33.967857360839844,34.89299787724187,33.815969196077795,34.74801547639467,18996991
2016-01-29,34.982749938964844,34.982749938964844,34.230209375834136,34.38210029727058,17734990
2016-02-01,35.03798294067383,35.196776868908806,34.40971575172704,34.789438922672865,11979898
2016-02-02,34.80325698852539,34.87229532524394,34.451151258897376,34.70659834894263,15614466
2016-02-03,34.55470275878906,34.59612630398655,33.539809340864814,34.257829418044345,20507893
2016-02-04,33.546714782714844,34.34067617839399,33.16008859102631,34.31306140189361,21598442
2016-02-05,34.09212112426758,34.32685906904686,33.32577199282494,33.55360693573592,17693384
2016-02-08,33.712398529052734,34.057601069113254,33.11865203701442,33.78143958908419,13985665
2016-02-09,33.94023895263672,34.22330348031305,33.41553067585223,33.615748126197815,11160257
2016-02-10,34.19569396972656,34.80324941732873,34.16807643296857,34.18188520134757,11565833
2016-02-11,33.72621154785156,34.099031662996964,33.4914763302861,33.698596776413254,11620643
2016-02-12,33.85049819946289,33.90573052410481,33.33269550095716,33.81597765154942,14251018
2016-02-16,34.36829376220703,34.51327892930161,33.995476338305316,34.10594096465379,11964178
2016-02-17,34.93442916870117,34.96894971291216,34.49257061895709,34.52018539826715,9770818
2016-02-18,34.74111557006836,35.203685906261875,34.692789015003605,34.93443007062123,10074319
2016-02-19,34.60303497314453,34.79634670702624,34.43043225350244,34.69278783533885,9394482
2016-02-22,35.051780700683594,35.058683702313935,34.60992235402338,34.7134839390581,8143274
2016-02-23,34.89299011230469,35.16915160500602,34.81704604682393,34.906798876963975,8278676
2016-02-24,34.90679931640625,34.94822285080871,34.26472349278044,34.630637820228316,7936190
2016-02-25,35.21057891845703,35.21057891845703,34.78943228488168,34.90679988764163,9110998
2016-02-26,34.9620475769043,35.300347289227176,34.95514457138475,35.24511220467815,9695362
2016-02-29,34.66516876220703,35.09321851980187,34.62374521536508,34.87919502105332,13507358
2016-03-01,35.72837829589844,35.85955465236762,34.58230885719153,34.789429274769354,12686774
2016-03-02,36.08740234375,36.20477274688987,35.56959969723863,35.64554379098319,12548857
2016-03-03,35.970027923583984,36.121916082455805,35.31414322285948,36.025260232273496,10279622
2016-03-04,35.95622253417969,36.10120770312201,35.555787568538776,35.79742859674343,9521918
2016-03-07,36.34284973144531,36.54306721977555,35.72839125767837,35.790526577464554,7824682
2016-03-08,36.211666107177734,36.54305993348989,36.101201498407015,36.149528039683474,8665912
2016-03-09,36.149539947509766,36.51545442960885,35.97003696920111,36.30143090467597,9589829
2016-03-10,36.61899948120117,36.75707884505052,36.19785286730091,36.3773585243922,12856340
2016-03-11,37.050804138183594,37.23188026085083,36.758296983758754,36.92544353139517,16277955
2016-03-14,36.967227935791016,37.13437726072474,36.800081395101635,37.01598005425038,6846479
2016-03-15,36.50757598876953,36.66079295060745,36.18024631189375,36.549361926680916,9495614
2016-03-16,36.173282623291016,36.43096721205945,35.908634639675306,36.43096721205945,10460402
2016-03-17,35.88774108886719,36.194177813103494,35.7484536936648,36.16631866351637,10038163
2016-03-18,36.38917541503906,36.50757260714677,35.92952457210185,36.03398940720394,15116666
2016-03-21,36.77222442626953,36.793117395481886,36.28471438666311,36.4448947453726,8014161
2016-03-22,36.93239974975586,37.23187021880176,36.59810674464736,36.618999709436174,9748810
2016-03-23,36.967227935791016,37.32938016607351,36.80704757444974,37.32938016607351,10424980
2016-03-24,36.960269927978516,37.15527564599547,36.62597679787353,36.765264209961565,7929378
2016-03-28,36.793113708496094,37.1134771780562,36.66775312153987,36.99508276963556,6337046
2016-03-29,37.134376525878906,37.19705543330545,36.61204116034719,36.84883278436574,7730782
2016-03-30,37.06473159790039,37.294557043692464,36.98812311596969,37.24580492598916,6711287
2016-03-31,36.848838806152344,37.24581085321501,36.74437115912518,36.96723324538733,8735080
2016-04-01,37.399024963378906,37.46170387155858,36.52150632764186,36.563292266428306,9099889
2016-04-04,37.88654708862305,38.046730284043406,37.4338594441782,37.54529050597188,10741581
2016-04-05,37.775108337402344,38.10940145473531,37.60099838288316,37.67064069414405,9432838
2016-04-06,38.74315643310547,38.85458744716941,37.78902941927449,37.85170832059395,13079459
2016-04-07,38.59690475463867,38.84762315634358,38.339220174063755,38.54118924489934,11042566
2016-04-08,38.55512237548828,38.938164800133045,38.374046256068354,38.826733770373764,7322795
2016-04-11,38.33921813964844,38.81976473368116,38.29046602712192,38.5620801667799,7404749
2016-04-12,38.54120635986328,38.826747429985794,38.262628687458864,38.28352166485852,6221976
2016-04-13,38.972991943359375,38.993884915873835,38.49244522279256,38.62476923821397,8849836
2016-04-14,39.314247131347656,39.41871198296956,38.95906106734429,39.014773798713,8757822
2016-04-15,39.098358154296875,39.383899198490475,38.9172819876155,39.369972404318936,8839251
2016-04-18,39.356021881103516,39.578883880185316,38.945120418326894,39.09833734663472,8168322
2016-04-19,39.59977340698242,39.96192273193098,39.154049447511326,39.50923537968443,8011122
2016-04-20,39.404788970947266,39.97587379715857,39.307287498446286,39.801763825960755,8929903
2016-04-21,39.418704986572266,39.71817548180967,39.21673593029133,39.23762889690743,11040994
2016-04-22,39.51621627807617,39.718185384713905,39.35603589933374,39.48139373028574,7433988
2016-04-25,39.15406036376953,39.446567489785075,39.00084340604489,39.335136468850024,8677650
2016-04-26,39.02870559692383,39.293353615100756,38.91031116359325,39.28639021934411,7573477
2016-04-27,39.21673583984375,39.432634468118806,39.04262592894848,39.04262592894848,7274587
2016-04-28,38.81977462768555,39.161031149615226,38.687450613381294,38.924242273620614,9531246
2016-04-29,38.192962646484375,38.75011768601502,37.99795977477058,38.75011768601502,13862944
2016-05-02,38.51333236694336,38.555118302627825,38.09546465736629,38.19993228082159,10143487
2016-05-03,38.3601188659668,38.61780348499129,38.19993849171802,38.40190759268978,7966058
2016-05-04,38.172088623046875,38.33227182049268,37.935296917679885,38.102443512483894,8075888
2016-05-05,37.67063903808594,37.88653771096399,37.14830641324628,37.802963043182494,11764010
2016-05-06,37.329383850097656,37.58706847378847,36.953304792492524,37.482600831456104,11031562
2016-05-09,37.67760467529297,37.8377878405951,37.266703060218695,37.30849178871796,8358219
2016-05-10,38.081539154052734,38.11636169892619,37.87957006433336,37.935285579281995,6797538
2016-05-11,37.82386016845703,38.15815330781112,37.7890404026552,38.095474388274035,6888399
2016-05-12,37.6915283203125,38.03975096420852,37.55920432816575,38.018857995368954,8640026
2016-05-13,37.52437210083008,37.96313268595568,37.48955235124679,37.67758902227323,7467210
2016-05-16,38.060638427734375,38.14421307524816,37.322407309045275,37.447767888194036,6968257
2016-05-17,37.830814361572266,38.00492427239054,37.59402276683401,37.893493261248295,12360112
2016-05-18,38.07457733154297,38.2695802497961,37.726354652668626,37.87957162904531,7745978
2016-05-19,38.01190185546875,38.29047668266136,37.66367914511083,37.7193946673983,9153127
2016-05-20,38.381019592285156,38.68049021429762,38.04672920066822,38.18601663182151,9047489
2016-05-23,38.248695373535156,38.46459409266229,38.151193893774085,38.3044109025765,5837674
2016-05-24,38.72225570678711,38.92422472733771,38.42974865742118,38.46457119036888,6614138
2016-05-25,39.397823333740234,39.46746843195638,38.84066811650063,38.868527269484986,10052626
2016-05-26,39.2724609375,39.50228641012451,39.23763838996696,39.328176456703936,5995084
2016-05-27,39.33513641357422,39.58585481820365,39.161023703455264,39.34906320298839,7869222
2016-05-31,39.18191909790039,39.502282606413786,39.05656127994582,39.34210224427927,9922988
2016-06-01,39.230674743652344,39.36299875288617,38.9660267251847,39.140136677493494,7012168
2016-06-02,39.571922302246094,39.59978144749139,39.25155883738913,39.30727434363573,7645684
2016-06-03,39.446571350097656,39.66943341377743,39.195850136335686,39.58585874777529,5697871
2016-06-06,39.81568145751953,39.95497162982342,39.4535320211691,39.46049541608659,7235392
2016-06-07,39.69729232788086,40.00372629298906,39.6415768083844,39.83658251874432,6552515
2016-06-08,40.129085540771484,40.30319827341902,39.67639800437698,39.67639800437698,8164025
2016-06-09,39.8226432800293,40.26836732784808,39.6485305836976,40.05246869809437,9670630
2016-06-10,39.56496047973633,39.7529999727578,39.397813954356785,39.57192387420227,9989222
2016-06-13,39.39646530151367,39.7966779972809,39.38242201210771,39.445612603974,6502630
2016-06-14,39.49474334716797,39.53687038775517,39.05240100008533,39.157721408525674,9006722
2016-06-15,39.38241195678711,39.68432716357344,39.28411456999056,39.607093302020935,8015942
2016-06-16,40.37240219116211,40.49176306685574,39.410483720438634,40.01431675710909,23110706
2016-06-17,39.24199295043945,40.32326996879198,39.1085859271425,40.32326996879198,18323651
2016-06-20,39.417518615722656,39.74049734650653,39.4034753299565,39.557943052465355,9116238
2016-06-21,39.49474334716797,39.78963824522306,39.48772310939421,39.69836111930256,6710344
2016-06-22,40.04943084716797,40.210918789915034,39.38942737116168,39.41751393936191,13076420
2016-06-23,40.49879837036133,40.49879837036133,40.09858297052855,40.35837112635741,7302883
2016-06-24,39.23497009277344,40.070505017651186,39.15773622015864,39.34731078148103,18087013
2016-06-27,38.83475112915039,39.09453928042895,38.68730364831808,38.96113508514565,13721778
2016-06-28,39.02432632446289,39.08751690005055,38.69432454679039,38.9260289378911,13372585
2016-06-29,40.05645751953125,40.11964809767237,39.30517959363685,39.41752027053644,10284862
2016-06-30,40.449649810791016,40.49879990945485,39.95816005204497,40.12667106706987,9723030
2016-07-01,40.68135452270508,40.723481577947744,40.31624869897984,40.400502809465166,8245978
2016-07-05,40.723472595214844,40.842836301371015,40.56900488874851,40.56900488874851,7749017
2016-07-06,41.537933349609375,41.615167183434885,40.772612441285695,40.91303963512988,15015430
2016-07-07,41.27114486694336,41.439655896287576,40.92709976100727,41.34837873785446,9800791
2016-07-08,41.67134094238281,41.825808622795655,41.2851689343785,41.41155285788546,9934411
2016-07-11,41.66432189941406,41.95219657543729,41.56602453034459,41.608154380207914,7688862
2016-07-12,41.846893310546875,41.980297539020036,41.48178744424774,41.615191672720904,8804562
2016-07-13,41.811767578125,42.09261919707264,41.76262029916688,41.97325831163453,7119274
2016-07-14,41.88199234008789,42.078589929202195,41.76263142285739,42.03646287688238,7698084
2016-07-15,41.867958068847656,42.07859898974905,41.60114960407434,41.98732181875319,8554510
2016-07-18,41.43965530395508,41.769654310678874,41.229014415055694,41.4256120166338,9190122
2016-07-19,41.18688201904297,41.77667194032137,41.116671205487904,41.48177697968217,9307602
2016-07-20,41.27815246582031,41.509854007595216,41.25708894447464,41.42559992221251,6786848
2016-07-21,41.27815246582031,41.50283376947081,41.1166645331793,41.42559992221251,6337361
2016-07-22,41.299224853515625,41.48177915366656,41.10965031373315,41.41858857606342,6570436
2016-07-25,41.11668014526367,41.34135872725261,40.70944442602582,41.165827444740756,8422986
2016-07-26,40.97623825073242,41.2921966920784,40.821770552688065,41.21496284305622,7494038
2016-07-27,41.14475631713867,41.229010418953514,40.674330096744455,40.99730883198969,8267462
2016-07-28,41.02539825439453,41.1377389359352,40.8007168913132,41.088588835146204,7639606
2016-07-29,41.18688201904297,41.56603107873742,40.9130533901405,41.432626883918,8898778
2016-08-01,41.18688201904297,41.425606644654366,41.07454134898736,41.30624292836221,9297018
2016-08-02,40.9551887512207,41.236040483356504,40.899018404793544,41.200933665967845,7153962
2016-08-03,40.47773742675781,40.93412322355366,40.14773841196904,40.84284606419449,10099890
2016-08-04,40.61114501953125,40.88497369448159,40.54093138719593,40.54093138719593,5807387
2016-08-05,44.83794403076172,44.936241393909334,40.61112934569136,40.61112934569136,76374048
2016-08-08,44.13581466674805,44.24815531507213,43.496877580276355,43.99539025982913,26248103
2016-08-09,43.87605285644531,44.332435931907476,43.83392298554623,44.135838288633366,12821651
2016-08-10,43.98134994506836,44.304328629052804,43.581137411020634,43.595177887779364,9259499
2016-08-11,44.67646789550781,44.74668152368239,43.86901959241983,43.96029674765214,10862520
2016-08-12,44.4798698425293,44.55008065858091,44.18497487140426,44.332422356966774,6544026
2016-08-15,44.458797454833984,44.760715431324606,44.38156360281521,44.47986378445059,6969305
2016-08-16,44.2622184753418,44.45881329471049,44.12179119838676,44.234134704134966,5952745
2016-08-17,44.4377326965332,44.536032875435204,43.95326326827534,44.25518123637069,8668532
2016-08-18,44.67646789550781,44.68348813553598,44.29029855449408,44.29029855449408,7259077
2016-08-19,44.486900329589844,44.54307067955378,44.14285798867591,44.36051634042759,8887040
2016-08-22,44.62030029296875,44.68349087802031,44.29030127284608,44.40966220249016,6756666
2016-08-23,44.641357421875,44.85199548215813,44.49390993758492,44.73263456962472,6076723
2016-08-24,44.04454803466797,44.78178546933183,43.8900803081567,44.65540150810759,7842079
2016-08-25,43.756675720214844,44.30433580471038,43.72156890868688,44.13582479355998,8329190
2016-08-26,44.128807067871094,44.22710446156515,43.65838081914971,43.86901889334359,8167902
2016-08-29,44.24114990234375,44.43774469930349,43.98136171516792,44.17795931910097,5843438
2016-08-30,44.03050231933594,44.255183642804894,43.890075088681485,44.2060335506813,6474544
2016-08-31,44.08668899536133,44.31839064347741,43.826900767912164,44.29030687111807,9285804
2016-09-01,44.163909912109375,44.22008024731091,43.805824376071236,44.02348267061909,6858846
2016-09-02,44.2200813293457,44.42369634333226,43.946249885922924,43.946249885922924,7978634
2016-09-06,44.40262222290039,44.56411295463726,44.07262332861699,44.227091015599534,8310954
2016-09-07,44.14285659790039,44.57817609466214,43.95327921664305,44.45179210948177,9084169
2016-09-08,44.40262222290039,44.43772902575503,43.763685147679574,43.84794203592517,9627242
2016-09-09,43.87605285644531,44.03052062882034,43.75668909935872,44.016477338520644,13191700
2016-09-12,44.367523193359375,44.578161227092934,43.46879792199202,43.5319884900203,11139716
2016-09-13,43.716827392578125,44.40288584825063,43.40562372411682,44.112902989447626,10714123
2016-09-14,43.3914794921875,44.09168419894215,43.35611524681372,43.79462679984739,10922046
2016-09-15,44.11998748779297,44.28266250110548,43.22881784358203,43.31369262413201,9429694
2016-09-16,44.049251556396484,44.289723918977494,43.89364829950967,44.169487737686985,13029050
2016-09-19,43.377342224121094,44.23314752595232,43.37027050460228,44.23314752595232,11829510
2016-09-20,43.808780670166016,44.1411995447973,43.63196224015179,43.780488137932,9653757
2016-09-21,44.34629440307617,44.431169141400034,43.752182545031815,44.0350936268519,7565512
2016-09-22,44.5726432800293,44.890918743415476,44.43826080927637,44.501917598487765,8853294
2016-09-23,44.53019714355469,44.735308076598635,44.346304192886834,44.46654319642641,8048430
2016-09-26,43.95730972290039,44.26143889511952,43.76634502534683,44.22607464334194,7319022
2016-09-27,44.254364013671875,44.34631050208713,43.73098044296787,44.070473864398046,7693158
2016-09-28,44.77066421508789,44.89797208628893,44.20484202900848,44.558481602197055,12361160
2016-09-29,43.787567138671875,44.572643988449,43.54002018044976,44.572643988449,11454640
2016-09-30,44.14120864868164,44.36753764300619,43.75220745690962,43.77342544668289,14258354
2016-10-03,44.21901321411133,44.25437464656107,43.61782644910515,44.00682765406865,7881065
2016-10-04,44.17656326293945,44.5231312270601,43.80878014123447,44.19070952888567,8276475
2016-10-05,44.41703796386719,44.586784670603016,44.19070902155276,44.34630946250478,8249122
2016-10-06,44.318023681640625,44.3392416684163,43.66732650110692,44.1977874807262,11979164
2016-10-07,44.39582824707031,44.55142871700074,43.87244176360564,44.39582824707031,11292410
2016-10-10,45.195030212402344,45.87401684728874,44.86968315674156,45.41428737358451,21322503
2016-10-11,43.80170822143555,44.94749928066318,43.67440030295445,44.93335301386856,14625259
2016-10-12,43.61074447631836,44.296805914058645,43.55416223545096,44.13413091123103,10607751
2016-10-13,44.21192932128906,44.52313304704366,43.80878193201731,44.0280363391412,15239492
2016-10-14,43.95022964477539,44.45946971668144,43.94315792633255,44.360451520699904,12790002
2016-10-17,43.51172637939453,43.886584079599714,43.00248621021037,43.886584079599714,13681221
2016-10-18,43.91487121582031,44.28972889408359,43.730981063935296,43.780488754707264,10467424
2016-10-19,43.75926971435547,44.06339888126405,43.71683374398605,43.94316268936515,5850670
2016-10-20,43.794639587402344,44.04218654974358,43.63196740425192,43.815857575310794,6626923
2016-10-21,43.285400390625,43.78049432669614,43.165164180525665,43.53294735866057,7762222
2016-10-24,42.967105865478516,43.483420388659894,42.889305666655204,43.42683816882877,10420264
2016-10-25,43.815853118896484,43.98559983245651,42.118385983296236,42.627626123976306,15917548
2016-10-26,43.05198287963867,43.74511581601589,42.82565398837721,43.66731278553328,10435774
2016-10-27,43.34904098510742,43.893645277829144,43.14393288468614,43.25002279394607,10847534
2016-10-28,41.6162223815918,43.19345057002706,41.34038289851952,43.15808631623136,21335603
2016-10-31,41.531349182128906,41.835481210795294,41.28380222372723,41.79304240809677,14939030
2016-11-01,41.94156265258789,42.146673594298896,41.382814886257194,41.7293799923048,15036075
2016-11-02,41.6162223815918,42.0900982928517,41.5525655937368,41.771822836247345,11239486
2016-11-03,41.32623291015625,41.88498067993661,41.22721188419724,41.8566909779172,11866504
2016-11-04,41.602073669433594,41.92034910733157,41.45354494324409,41.51012718048025,11861893
2016-11-07,42.47202682495117,42.58519130371713,42.06887942968126,42.09716913559435,10981258
2016-11-08,42.797367095947266,42.98833176963835,42.09716234989449,42.309347834045795,8323321
2016-11-09,45.393089294433594,45.97305517864843,44.388752336042224,45.237486001724115,29187953
2016-11-10,45.94474792480469,46.298384696457134,45.6335442857856,45.647690548367365,18719690
2016-11-11,45.230411529541016,45.62648721609399,44.96871831176676,45.322358024506855,14734566
2016-11-14,44.933349609375,45.32942525671684,44.728238652842684,45.2657713022992,10610476
2016-11-15,45.01822280883789,45.07480504220252,44.6150754564486,45.03944079290506,7640339
2016-11-16,44.29680633544922,45.23041190486417,44.16949558539726,45.053593460805324,11297650
2016-11-17,44.34629440307617,44.40995116370798,43.93607545510379,44.21191199265609,8762642
2016-11-18,43.75926971435547,44.289727826643144,43.66025150764128,44.25436357548308,8066351
2016-11-21,44.063392639160156,44.1270494132532,43.65317360444044,43.808774025456756,7164862
2016-11-22,43.6390266418457,44.31093882527589,43.292461559210984,44.20484891607966,10052626
2016-11-23,43.596588134765625,43.63902409596842,42.3093432428696,42.670054568205515,9588152
2016-11-25,43.9997444152832,44.13412687159853,43.67439726696416,43.7239049559686,3669362
2016-11-28,43.70975875854492,43.89364889225667,43.58244802939337,43.69561249362665,7806971
2016-11-29,43.9855842590332,44.17654889073119,43.794619627335216,43.81583760557324,10516575
2016-11-30,43.278316497802734,44.07753942202823,43.13685951153625,44.07046770373742,13132174
2016-12-01,42.97419738769531,43.40563451024111,42.89639433057906,43.356126815552614,8802047
2016-12-02,43.23588180541992,43.51171841266763,42.88224215690204,43.17929957475931,8376769
2016-12-05,42.61348342895508,43.518796422853114,42.32349768767234,43.511724703331794,13608490
2016-12-06,42.63469696044922,42.712497177282046,42.160821113113315,42.56396846239883,11171261
2016-12-07,42.479095458984375,42.479095458984375,41.46061805162678,42.22447681403413,14723981
2016-12-08,42.52152633666992,42.691273010874426,42.08301480186397,42.24568693075407,8998757
2016-12-09,43.30659484863281,43.50463401199208,42.71955473010354,42.783211488262666,11021187
2016-12-12,43.65318298339844,43.92194791881779,43.356125513957636,43.45514372791895,8641808
2016-12-13,44.03803253173828,44.15919133537021,43.65317247384538,44.04516136382179,8218626
2016-12-14,44.045166015625,44.72936016344344,43.89549756635875,44.0808016320459,11612574
2016-12-15,44.45139694213867,44.643826948239614,44.07366291192086,44.18769571918461,8917851
2016-12-16,44.50129318237305,44.921788857981696,44.223337109854725,44.65808760054845,18406758
2016-12-19,43.57478332519531,44.38013920259518,43.382353260657425,44.04516951031789,12512072
2016-12-20,43.11863327026367,43.95962440243133,43.025981270223596,43.610400043955664,10875201
2016-12-21,42.356056213378906,43.33959015288059,42.29191096125688,43.18279286377975,12630706
2016-12-22,42.46296310424805,42.76229716714634,42.1636261920959,42.49146988912957,10584800
2016-12-23,42.44870376586914,42.66251460209553,42.227764097241284,42.59837220600368,7955892
2016-12-27,42.612613677978516,42.86206006701974,42.44869331191726,42.66963292613373,6094749
2016-12-28,42.24201583862305,42.66251149732629,42.199254244340466,42.562733494249144,6470981
2016-12-29,42.07810592651367,42.47009492964055,42.03534431868289,42.25628404123237,6833065
2016-12-30,41.956932067871094,42.01394847431909,41.73599527366837,41.89278967908706,11289685
2017-01-03,42.86920166015625,43.03312492427157,42.08522665416661,42.15649788632577,12564158
2017-01-04,42.854949951171875,43.32533612857359,42.790807547130065,43.118651249878084,9863671
2017-01-05,42.84069061279297,43.17566311347571,42.76229339970841,42.91908782587752,10581446
2017-01-06,42.9547233581543,43.090139834225624,42.42732366666782,42.82643856385558,10730053
2017-01-09,43.54627227783203,43.817102405485265,42.81931364665316,42.97611093611151,10201861
2017-01-10,42.70527267456055,43.64604483511021,42.68389187762805,43.61753520636467,16036706
2017-01-11,43.92400360107422,45.014444327350425,43.29682303111766,44.430025356668395,34281862
2017-01-12,44.33737564086914,45.071460247348675,44.273233238607595,44.565441314581975,26079899
2017-01-13,44.430023193359375,44.67234081028564,44.25897395533602,44.4228943609916,10447617
2017-01-17,43.81709671020508,44.23759239023656,43.617537844675475,44.130685549854256,11101150
2017-01-18,43.59616470336914,44.03091527499212,43.53202229742634,43.74583316648967,8522022
2017-01-19,42.99748992919922,43.532018479605625,42.81218586261056,43.51063767949982,11944999
2017-01-20,44.56544494628906,44.84340107724784,44.2946176489984,44.47279290263614,26451834
2017-01-23,44.05229949951172,44.4727952860655,43.92401182840511,44.05229949951172,10691382
2017-01-24,43.62466812133789,43.966766602784,43.282569639891776,43.89549537350266,10990900
2017-01-25,43.53202438354492,43.74583526285439,43.303958685813726,43.70307365684332,15255736
2017-01-26,43.61754608154297,43.73157892645033,43.14716273324061,43.48925841870867,13317460
2017-01-27,44.00952911376953,44.18057835804155,43.68881142460279,43.74582783936013,6972554
2017-01-30,43.781455993652344,43.98101198666855,43.425102749834075,43.8455983808533,8230573
2017-01-31,44.18057632446289,44.35875154390827,43.417982168341474,43.51776017726074,10292513
2017-02-01,44.258975982666016,44.38013479667896,43.87411589179792,44.23046635039611,11547702
2017-02-02,45.74140930175781,45.762790104381814,44.56544521265935,44.643842438698705,19901730
2017-02-03,45.81979751586914,45.848304297343006,45.092836123363,45.51333465644409,12209724
2017-02-06,46.283042907714844,46.29016888893946,45.54182973949546,45.55608455119749,9598422
2017-02-07,45.75565719604492,46.27593379416224,45.64875319244493,46.154772124410485,8840194
2017-02-08,45.84117889404297,45.95521171988766,45.4919544333637,45.541842013887276,6190326
2017-02-09,45.891075134277344,46.19753803638078,45.82692988083454,45.84118469818338,7391439
2017-02-10,45.72002029418945,46.01935719436896,45.58460666059724,45.84118196053788,8940907
2017-02-13,46.161903381347656,46.20466498503298,45.76991441622167,45.79129521806432,7494353
2017-02-14,46.79619598388672,46.838957574764166,45.91956912463346,46.06923754195764,10629550
2017-02-15,46.439849853515625,46.94587158719905,46.21891303399469,46.25454864826499,18662050
2017-02-16,46.51112365722656,46.61803050595658,45.94095949584057,46.42560045764552,12938922
2017-02-17,46.60377502441406,46.724933838509095,46.226040916730675,46.468361394174416,9482618
2017-02-21,46.66791534423828,46.88172902912157,46.254548488488396,46.254548488488396,7740633
2017-02-22,46.53250503540039,46.86034871995816,46.38996541790936,46.68217348578092,9096221
2017-02-23,46.93162536621094,47.11692945464979,46.575272007502534,46.696433688060594,7184669
2017-02-24,47.15255355834961,47.15255355834961,46.77481948927651,46.78907430396406,8849626
2017-02-27,46.93162536621094,46.99576777409174,46.72494047514515,46.881737776499456,7476222
2017-02-28,46.94586944580078,47.14542545750766,46.78907502956631,46.90310785032837,8112044
2017-03-01,47.188194274902344,47.60868998427075,46.960125762990955,47.08841341054933,11193374
2017-03-02,47.095542907714844,47.451893373704614,47.03852649124604,47.30935375715945,9062790
2017-03-03,47.45188903808594,47.480398668342325,46.90310857281203,47.09553860465546,8716111
2017-03-06,47.373497009277344,47.59443669553796,46.96725610310056,47.0955437547762,9104500
2017-03-07,47.01001739501953,47.25946386376137,46.46123402408597,46.63228327544498,8728478
2017-03-08,46.89598846435547,47.124054151818115,46.518254313338716,47.01002130808679,8821645
2017-03-09,46.96012496948242,47.05990583214938,46.69642654458729,47.01714423343706,8106280
2017-03-10,46.75343704223633,47.1810586737477,46.682165820566674,47.088406655427804,9247447
2017-03-13,46.04996109008789,46.86830907670751,45.94946302010037,46.832416293894354,14880133
2017-03-14,46.085845947265625,46.30838001451059,45.978170487159225,46.03559835582099,8271759
2017-03-15,46.44477081298828,46.63858951086604,46.10020360124672,46.229417023103565,9458200
2017-03-16,46.07148361206055,46.509368528040916,45.935089935164704,46.3514426324536,10074634
2017-03-17,45.8704948425293,46.44477356276559,45.86331743470704,46.121741423905775,15142762
2017-03-20,46.021244049072266,46.15763488842789,45.942281082593496,46.042779142674185,13593818
2017-03-21,45.87766647338867,46.38016244268203,45.669492974604736,46.17198607408325,11057134
2017-03-22,45.5833625793457,46.02125053042814,45.403901527512026,45.92792986513362,10007352
2017-03-23,45.42543411254883,45.81307157017363,45.360828826216526,45.482861990338264,9915128
2017-03-24,45.3536376953125,45.60488424179425,45.123926239121786,45.33928288166169,9575052
2017-03-27,45.36082458496094,45.51875051666187,45.08804003860498,45.167005874270664,8400663
2017-03-28,45.46849060058594,45.511560778494065,45.13828112026589,45.36799256219542,10673880
2017-03-29,45.68384552001953,46.02123528510157,45.55463498301401,45.705383479335154,8525794
2017-03-30,45.54746627807617,45.71257249928177,45.45414561998739,45.58335905963458,5577456
2017-03-31,45.612060546875,45.67666581212274,45.40388419910176,45.411061605302216,7979472
2017-04-03,45.56181335449219,45.734096943962896,45.3823523583074,45.53310085782112,6962493
2017-04-04,45.705379486083984,45.77716215487721,45.490022870260965,45.64795162916074,6650189
2017-04-05,45.633602142333984,46.049952027434585,45.59053195936064,45.719742508280675,8083538
2017-04-06,45.39671325683594,45.92074437201947,45.360823348640004,45.56899686940002,7915125
2017-04-07,45.31774139404297,45.46131247789406,45.18853086235448,45.42541970693129,8091713
2017-04-10,44.90140151977539,45.46132255734539,44.887043834244054,45.41824950075138,7595590
2017-04-11,44.92292785644531,45.052138391595,44.635788550866025,44.85832258887047,6858950
2017-04-12,45.26031494140625,45.37517066413164,44.707574286878135,44.77217955473067,9965642
2017-04-13,44.94447326660156,45.22443523001181,44.90858048643497,45.07368670123824,6217260
2017-04-17,45.08085250854492,45.10956500340033,44.78653580465775,45.01624724275932,5590242
2017-04-18,44.700408935546875,44.83679979309585,44.49941278857438,44.83679979309585,7749436
2017-04-19,44.965999603271484,44.965999603271484,44.506576698319655,44.69321797091003,10845857
2017-04-20,44.90140151977539,45.04496976564312,44.68604484625098,44.98036448547492,9392490
2017-04-21,44.42761993408203,44.95882845938429,44.413262248848554,44.765009753085394,11002323
2017-04-24,44.60707473754883,44.87985923970196,44.52093437778503,44.86550155646974,9270922
2017-04-25,44.721927642822266,45.174173112499886,44.68603487191313,44.85832132020281,11205006
2017-04-26,45.009063720703125,45.13827711277023,44.815245067509636,44.95881614087629,9284546
2017-04-27,44.92292785644531,45.15981670736773,44.82960722340521,45.06649607432763,6920258
2017-04-28,44.743473052978516,44.973184543935936,44.60708221394945,44.92293694892353,9915862
2017-05-01,44.77935791015625,44.86550113893312,44.578361826034765,44.686037274737444,10707521
2017-05-02,45.009063720703125,45.39670102709009,44.729104719341144,44.87267292289342,13647580
2017-05-03,45.67667007446289,45.7053854415734,44.77935933438921,44.86550256590592,11978430
2017-05-04,45.49721145629883,45.86331375232811,45.382355721473374,45.705387834396845,9023280
2017-05-05,45.92073059082031,46.00687093634333,45.53309329633815,45.58334087462182,9795237
2017-05-08,45.9494514465332,46.308376314444665,45.82024090472951,45.87766589898795,11684676
2017-05-09,45.43259811401367,46.13609012678887,45.3392803512323,46.07148485952147,10712970
2017-05-10,45.89921951293945,45.9063969222159,45.289047890336604,45.31776039725817,10094126
2017-05-11,46.25094985961914,46.839586201759076,46.164809495792014,46.480661322911324,19404663
2017-05-12,45.633602142333984,46.423234599376805,45.41824548783733,46.22223849895789,10838521
2017-05-15,45.59053421020508,45.65513948785471,45.46849819266896,45.52592606274033,8710347
2017-05-16,45.79152297973633,45.84895084060148,45.32492268638746,45.540276447178115,8248494
2017-05-17,45.22443389892578,45.79153234734679,45.13829065509833,45.79153234734679,8296911
2017-05-18,45.863311767578125,46.301199596377316,45.1598197047623,45.1598197047623,12528316
2017-05-19,45.78435516357422,45.970993598119385,45.58335617353641,45.970993598119385,9739798
2017-05-22,45.970985412597656,46.25812472594178,45.633598513052526,45.726919148616204,6525372
2017-05-23,46.33708953857422,46.365804905968766,45.942274760510536,45.942274760510536,6009861
2017-05-24,46.6098747253418,46.80369341371314,46.329912803352705,46.49501899372805,7289259
2017-05-25,46.688838958740234,46.74626682611739,46.416057306152474,46.63141109136308,7436503
2017-05-26,46.60268783569336,46.81086417843051,46.53090516598169,46.660115693351386,3862614
2017-05-30,46.5739860534668,46.76062735123521,46.32273947715477,46.45913031173472,5120109
2017-05-31,46.73908996582031,47.011871621600186,46.681659227956125,46.71755200421374,8162138
2017-06-01,46.84677505493164,46.84677505493164,46.55963565565932,46.724741886421754,7923404
2017-06-02,46.99750900268555,47.07647195423568,46.789332644137616,46.990328726298905,6600933
2017-06-05,46.710365295410156,46.940076721864244,46.44476109984581,46.91136135865027,6254988
2017-06-06,46.4232292175293,46.68883343143168,46.27248072478391,46.66011806623512,8218206
2017-06-07,45.98535919189453,46.408889468597835,45.94228899727081,46.37299668313949,7971717
2017-06-08,45.368011474609375,46.12175138146926,45.10240715042992,45.98536051469361,19411056
2017-06-09,46.22224807739258,46.25813799076437,45.3249371071556,45.368007299054185,11266419
2017-06-12,46.22224807739258,46.430421628174294,46.08585435335444,46.22224807739258,9851514
2017-06-13,45.752193450927734,46.16437735327492,45.57864598583325,46.08483380146797,12631544
2017-06-14,45.82451248168945,46.01975629495086,45.57141854261296,45.57141854261296,10834853
2017-06-15,45.69435119628906,45.875131752714914,45.47018087795137,45.77389475675309,8244406
2017-06-16,45.53525161743164,46.070365883670064,45.332777668048024,45.74495863773901,15617296
2017-06-19,46.04868698120117,46.14269380554424,45.57142267719656,45.622042625971,8831391
2017-06-20,46.663333892822266,46.974277912010855,45.97636266564645,46.04867603501566,10755624
2017-06-21,47.33584976196289,47.4370896585125,46.68503796210744,46.68503796210744,11679960
2017-06-22,47.740806579589844,47.993903461348225,47.27800547841295,47.372012313454114,14087111
2017-06-23,47.842041015625,48.008358335511026,47.61064049150832,47.75526437362297,14769988
2017-06-26,47.668495178222656,48.01559599757016,47.60341196777198,47.83481251400365,7940067
2017-06-27,47.393699645996094,47.921580967703484,47.393699645996094,47.921580967703484,8511437
2017-06-28,47.11891174316406,47.654026164408364,47.10445137895911,47.55278916039137,7056498
2017-06-29,46.52595520019531,47.061066789374756,46.34517171858615,47.01044972725763,8751114
2017-06-30,46.34516906738281,46.80797012836058,46.28008875227655,46.63441973049392,8762223
2017-07-03,46.4753303527832,46.7356544916018,46.17161644839776,46.17161644839776,4895627
2017-07-05,46.39577865600586,46.85857961362683,46.222228296898,46.61994895394701,6820174
2017-07-06,45.6292610168457,46.21499235840847,45.54971746855316,46.113755377937586,11887150
2017-07-07,45.672664642333984,45.802825274932225,45.41956777792072,45.70881844633349,7591083
2017-07-10,45.434024810791016,45.84620587272737,45.27493768768396,45.83897569110115,7036062
2017-07-11,45.0797004699707,45.54250154374925,45.007387079463626,45.42680127530461,7207620
2017-07-12,45.39786911010742,45.65096305445198,45.31109536503676,45.31109536503676,8610368
2017-07-13,45.47740173339844,45.549715097505924,45.03629715054033,45.4050912602066,7125562
2017-07-14,45.60034942626953,45.846210316386475,45.455722652396915,45.50634260143564,6309903
2017-07-17,45.274940490722656,45.781128399720096,45.217090361382475,45.66542814103974,7741890
2017-07-18,45.13031005859375,45.28940006955292,45.02907306319517,45.1953932556413,6408415
2017-07-19,45.282169342041016,45.43402628846076,45.15200872303813,45.19539559603909,5972657
2017-07-20,45.51357650756836,45.73051379520998,45.45572637146947,45.49188306789588,6974545
2017-07-21,45.289405822753906,45.55696304458693,45.25324912889359,45.40510608674026,7237907
2017-07-24,45.24601745605469,45.48465106473576,45.1954003958168,45.224324017250346,8157318
2017-07-25,45.09415054321289,45.55695148169397,45.014604102360074,45.44848142764402,6241783
2017-07-26,44.68920135498047,45.07968893836329,44.6313512355565,45.0579955049438,9816302
2017-07-27,46.05591583251953,46.67780400075315,45.412334227128525,46.04145546835891,22894922
2017-07-28,46.3596305847168,46.54041115828798,45.71604896752354,46.14269331824808,13982521
2017-07-31,46.193294525146484,46.504241399186014,45.925740293161,46.460851648047495,12277215
2017-08-01,46.22224426269531,46.47533826245192,46.113774166692345,46.3090180267641,6802463
2017-08-02,45.87512969970703,46.25115404970147,45.67988589804814,46.243923868497845,7372575
2017-08-03,45.932979583740234,46.0848365155572,45.68711584218343,45.70880927659784,7355702
2017-08-04,45.6292610168457,46.0559052618234,45.51356078461732,46.0125183974667,5597368
2017-08-07,45.441253662109375,45.622037106635155,45.31109305115026,45.52080011225044,7018246
2017-08-08,45.06522750854492,45.35447811736419,44.97845377135718,45.2243146206665,8048745
2017-08-09,45.188167572021484,45.354484890106015,44.9929208523609,45.159241061361946,6866810
2017-08-10,44.96399688720703,45.25324753699781,44.95676381413946,45.10139058449309,8137825
2017-08-11,45.10861587524414,45.528029994690286,45.02184213517456,45.137542382544794,6341448
2017-08-14,45.318328857421875,45.55696245563158,45.26047872617657,45.49187925115777,5771860
2017-08-15,45.195404052734375,45.57866158142729,45.18817386952014,45.361721393997165,6619168
2017-08-16,45.34001922607422,45.50633942623945,45.07246202581188,45.14477540770253,6352138
2017-08-17,44.71813201904297,45.57142069233843,44.696438582203506,45.37617686986685,9589305
2017-08-18,44.46503829956055,44.70366899695361,44.22640760216748,44.6675151959772,8825942
2017-08-21,44.8121337890625,44.862753729927434,44.421646188126445,44.457802875756244,7542666
2017-08-22,45.13754653930664,45.19539666831923,44.77598251024882,44.81213920224624,5779930
2017-08-23,44.94229507446289,45.26769946528375,44.94229507446289,45.01460555524755,6743775
2017-08-24,45.34725570678711,45.49187959052095,44.97122840542928,45.01461528145777,8122105
2017-08-25,45.51357650756836,45.76667049163638,45.39064605245203,45.46295944530483,5528095
2017-08-28,45.788360595703125,45.889600494688615,45.54249970338102,45.63650652905807,7858114
2017-08-29,45.643741607666016,45.708821928923655,45.35449091721502,45.65097179083345,6879806
2017-08-30,45.643741607666016,45.679898305337005,45.48465445064719,45.65820486491779,5263580
2017-08-31,46.17885208129883,46.22223895835426,45.520807179263734,45.81005784449436,13522344
2017-09-01,46.157161712646484,46.35240556329809,45.99084148498331,46.12823519874122,6481985
2017-09-05,46.00529098510742,46.35962188353293,45.88959074591755,46.099297790813694,7583538
2017-09-06,46.28009033203125,46.51872105314975,46.11377011097135,46.20054675832508,7491838
2017-09-07,46.511478424072266,46.583791795696726,46.12822102356177,46.3451582475192,7185507
2017-09-08,46.4753303527832,46.663343997490045,46.236699651289776,46.27285345288741,7719358
2017-09-11,47.09721374511719,47.227377246772186,46.77180643643778,46.95982006205987,10785597
2017-09-12,47.33584976196289,47.4515529138648,47.089988875556315,47.089988875556315,7707202
2017-09-13,47.32862091064453,47.40093429852302,47.22015082882681,47.26354059610386,5898878
2017-09-14,48.158939361572266,48.19535757059624,47.27762860340096,47.33589715547409,10437137
2017-09-15,48.188087463378906,48.34832529475646,47.88945923745509,48.19536994232267,15390718
2017-09-18,48.06425476074219,48.37016540083192,47.933152696554785,48.086105104773424,11049274
2017-09-19,48.03511428833008,48.188069584012396,47.838458311545885,48.08609744567367,7345746
2017-09-20,47.91859436035156,48.297338585264285,47.481578657331085,48.12253288642146,9903600
2017-09-21,47.78019332885742,48.020550004665644,47.721924779101556,47.96228145490977,6255198
2017-09-22,47.437870025634766,47.85303531083346,47.394169336190586,47.80204923193103,7824263
2017-09-25,47.47429275512695,47.63453057288815,47.372323499444974,47.4597248866505,5840923
2017-09-26,47.16838073730469,47.576260660280894,47.139247913005356,47.4160228470683,7311058
2017-09-27,47.02999496459961,47.16109995823613,46.84790679864589,47.11011387409231,7013111
2017-09-28,46.826053619384766,47.09554606873801,46.73864932497156,46.811485751678156,7359894
2017-09-29,46.63668441772461,47.00086367334538,46.12683520695157,46.826057980066615,11999181
2017-10-02,47.01542663574219,47.11011341289568,46.534713183492045,46.767787431307845,7067083
2017-10-03,46.88433074951172,47.03728319700045,46.45460041230426,47.0154328473592,6819441
2017-10-04,47.051841735839844,47.0664096033205,46.85518571624335,46.92073966399311,6722606
2017-10-05,47.051841735839844,47.19751458699364,46.85518571624335,46.92073966399311,9589200
2017-10-06,47.01542663574219,47.270354142138984,46.88432455521575,47.12468128134082,7847843
2017-10-09,46.85519027709961,47.15381848630262,46.70223493323011,47.10283240107056,5712962
2017-10-10,46.94987106323242,46.957156452665004,46.75321504960011,46.84061934000687,5157208
2017-10-11,46.454586029052734,46.86246589033134,46.454586029052734,46.86246589033134,10586477
2017-10-12,46.49101638793945,46.60026813087151,46.29435742700809,46.46188064860635,6454108
2017-10-13,46.1705322265625,46.731367478494036,46.16324974852401,46.57841214507393,7693787
2017-10-16,46.13412094116211,46.41818130472068,46.075852372623956,46.24337559910624,7806762
2017-10-17,46.046714782714844,46.11226582360673,45.799072664078906,46.039429392509106,7365868
2017-10-18,46.2579345703125,46.6949472943647,46.18509814569501,46.68037942707593,8265471
2017-10-19,46.4327392578125,46.63667774822584,46.31620214562594,46.35261744533623,10554618
2017-10-20,46.52741241455078,46.607531296777275,46.30162363150129,46.50556207501862,10798802
2017-10-23,46.177825927734375,46.993585963020884,46.10499239416848,46.63669203951823,12137936
2017-10-24,45.966590881347656,46.11226081589678,45.42760600868067,46.11226081589678,10711713
2017-10-25,45.48586654663086,45.98114773098142,45.39846227184794,45.95929739024214,11545502
2017-10-26,45.150848388671875,45.6606977226184,45.019743359082725,45.36935483010218,11260026
2017-10-27,42.41950225830078,44.10200833949756,42.11359444412349,44.10200833949756,30980242
2017-10-30,39.8484001159668,40.82439789108613,39.629893716369175,40.60589149148851,40860891
2017-10-31,40.12517166137695,40.63502081723904,40.081468058894124,40.18344021952766,19313802
2017-11-01,40.307254791259766,40.64229823092232,40.263554106048566,40.452924712572425,17206483
2017-11-02,40.3291130065918,40.47478586816759,40.08875627918367,40.40923191572784,12909788
2017-11-03,40.83168411254883,40.9919219480584,40.19801233781518,40.278134167396885,10281718
2017-11-06,40.70058059692383,40.91908700897408,40.49664205549747,40.817117738260905,9136988
2017-11-07,40.489349365234375,40.92636502238086,40.33639403082444,40.70057325980875,15008513
2017-11-08,41.21042251586914,41.312391768404595,40.39466267193248,40.42379840798633,15859279
2017-11-09,40.94092559814453,41.26868657797951,40.51119537688845,41.188567680303926,14818825
2017-11-10,40.409236907958984,40.99920508184283,40.168880150856744,40.99920508184283,17547607
2017-11-13,40.132450103759766,40.43836073124725,40.10331728352701,40.285405417503505,14135738
2017-11-14,40.05233383178711,40.190721288565875,39.87752816346241,40.03776596480348,13315678
2017-11-15,39.91394805908203,40.13245442575069,39.62260526624835,39.88481232388545,12290315
2017-11-16,40.18342971801758,40.32909961941187,39.87751913971623,39.95763802225693,12572122
2017-11-17,40.205291748046875,40.37281203776857,39.87753073482526,40.059618892469935,10358537
2017-11-20,39.40409851074219,39.61532241304928,39.06177252713548,39.36039781697565,18003278
2017-11-21,39.527931213378906,39.950379126874104,39.462380155834076,39.59348227092374,14369442
2017-11-22,39.60075759887695,39.746427549231925,39.45508473669537,39.49878543061919,7730258
2017-11-24,39.586177825927734,39.79011918928733,39.411372190973395,39.695432439708846,4549682
2017-11-27,39.73185348510742,39.76827169497399,39.47692892786763,39.629884244576736,10584905
2017-11-28,40.008644104003906,40.15431407827117,39.62989692962024,40.008644104003906,13446783
2017-11-29,40.32183074951172,40.533054652859754,40.00863758959703,40.08875649917273,10980525
2017-11-30,40.25627899169922,40.70786256022372,40.08147329441364,40.198010425937355,16139619
2017-12-01,40.69327926635742,40.77339814993319,40.219848440927606,40.3509504803285,12672835
2017-12-04,40.94820785522461,41.30510162881339,40.69328331525748,40.73698399940591,14085120
2017-12-05,40.62044906616211,41.159433905482246,40.584030856821435,40.89722396295986,12405386
2017-12-06,39.586177825927734,40.7369808614207,39.46964073595817,39.651728847100955,21217703
2017-12-07,39.89208984375,40.67143129685455,39.82653590840329,39.95035839082161,17250604
2017-12-08,40.47477722167969,40.47477722167969,39.81197283148632,40.285403706817014,10923723
2017-12-11,41.03562545776367,41.25413478860297,40.46750760360117,41.03562545776367,10239170
2017-12-12,41.56731414794922,41.64014765546047,41.246835649960346,41.42164130927441,14454750
2017-12-13,41.45077896118164,41.78582242909177,41.26140542686563,41.47262930562945,13982940
2017-12-14,41.142276763916016,41.67849907922774,41.105548765572074,41.42875338904153,10623890
2017-12-15,41.311214447021484,41.40670663107482,40.95128191688282,41.303867087266845,23664574
2017-12-18,41.2965202331543,41.64175802346098,41.28182845110448,41.4140486163639,12151560
2017-12-19,41.30386734008789,41.590343894001414,41.142266536821374,41.29652291688292,9921521
2017-12-20,41.2157096862793,41.49483879351034,41.12021753136473,41.340582461463256,13766423
2017-12-21,41.575645446777344,41.72255738008519,41.19367970604645,41.19367970604645,10439966
2017-12-22,41.39936065673828,41.744601415515675,41.23041248905248,41.57565324782988,11890608
2017-12-26,41.38467025756836,41.57565463845432,41.33325341881855,41.494854231909066,4616754
2017-12-27,41.38467025756836,41.597690846003495,41.32590605857228,41.42139824901526,5931994
2017-12-28,41.575645446777344,41.72255738008519,41.35528048340974,41.38466110811481,6061108
2017-12-29,41.333251953125,41.8621297253355,41.333251953125,41.74460133151094,8841557
2018-01-02,41.2965202331543,41.68583336961042,41.171644490622555,41.56830498640081,10556504
2018-01-03,41.237754821777344,41.325899638280085,41.105534660428866,41.3038634341544,11090460
2018-01-04,41.90620040893555,42.17798517550958,41.414050647186066,41.45812305890224,15751650
2018-01-05,41.86212921142578,42.15595019238015,41.568308230471416,42.15595019238015,9955057
2018-01-08,41.61973190307617,42.053120490691086,41.50220349138963,42.023736919471865,11642546
2018-01-09,41.722572326660156,41.942937368970696,41.55362413015145,41.729916751318925,11142022
2018-01-10,42.089847564697266,42.14126734849483,41.47282484210311,41.53893347561827,9497395
2018-01-11,42.31020736694336,42.31755472748647,41.98700572770497,42.089842345954004,7447402
2018-01-12,43.088829040527344,43.19901300722752,42.52322329733678,42.567298645973615,12935569
2018-01-16,45.593650817871094,46.849735051166164,44.991317117463474,45.35859405055051,50399682
2018-01-17,45.56427764892578,45.97562708558417,45.46144102390997,45.75526205009453,22940615
2018-01-18,44.90317916870117,45.63038578679562,44.535902179416674,45.54223801726558,20861278
2018-01-19,45.01335906982422,45.16027103645517,44.54324547515693,45.16027103645517,12745671
2018-01-22,44.99132537841797,45.13088999256602,44.6020121689863,44.77096035274184,12835380
2018-01-23,45.32186508178711,45.63772223895751,44.71218697183094,44.82971535294524,11718212
2018-01-24,44.93990707397461,45.62303833767932,44.77830331958267,45.549582352646155,14129241
2018-01-25,45.028053283691406,45.08681748619596,44.770960264808366,45.028053283691406,9853610
2018-01-26,45.57161331176758,45.600993938546495,45.057424445489985,45.167608403248266,11060278
2018-01-29,45.27046203613281,45.645083522240554,45.2190451857741,45.5055188851883,9198191
2018-01-30,44.55058670043945,44.99131963209601,44.396333257784015,44.65342624433591,13666654
2018-01-31,43.52222442626953,44.660780592563704,43.26513138258329,44.63874438157292,15582712
2018-02-01,43.970298767089844,44.322883991166115,43.39000408783623,43.46345714040582,14009664
2018-02-02,43.015380859375,44.05109734235977,42.80970468561547,43.63974793143566,12852777
2018-02-05,41.42875289916992,43.30186023639489,41.00271164733234,42.80236592533334,20546774
2018-02-06,40.738258361816406,41.70052161850476,39.90821526849595,40.50320453535429,32494498
2018-02-07,41.046783447265625,41.656461742803735,40.46648872424745,40.52525293269203,14349740
2018-02-08,40.202030181884766,41.47280598329692,40.1873384022526,41.16429329399125,21871760
2018-02-09,40.30488967895508,40.701547398360844,39.1957169497578,40.51056590094792,19472364
2018-02-12,40.71622848510742,41.05412483695982,40.370990646085865,40.65746428521068,13259506
2018-02-13,40.32691955566406,40.672160367767226,40.2314302902606,40.569323741228374,17857291
2018-02-14,40.32691955566406,40.47383153922973,39.8274252720502,39.89353390269764,11996142
2018-02-15,41.12757873535156,41.12757873535156,40.27549928751597,40.71622932756319,10584695
2018-02-16,41.34794235229492,41.862131297028355,41.07616050089211,41.11288849241555,12294402
2018-02-20,40.38566970825195,41.237751868594415,40.36363350570436,41.2230600880313,14113416
2018-02-21,40.06981658935547,40.72357005563172,40.06981658935547,40.422401738607455,11244935
2018-02-22,40.08450698852539,40.4517839071409,39.97432596855678,40.10654319251911,11334958
2018-02-23,40.30488967895508,40.40038189595936,40.08452460557361,40.26816167729223,9499177
2018-02-26,41.178993225097656,41.27448540671868,40.40036692618355,40.40036692618355,12725026
2018-02-27,40.194698333740234,41.10554197035372,40.1800065495123,41.06881397808134,9734453
2018-02-28,39.827415466308594,40.52524134324634,39.82007104357662,40.444440946816826,11807606
2018-03-01,39.445457458496094,40.2608089427169,39.23978127894997,39.85680688099331,13648523
2018-03-02,39.930267333984375,39.98168712255077,39.019423483633844,39.2838609788146,9355706
2018-03-05,39.95964431762695,40.18735377435404,39.72458749997635,39.84211590880165,13743577
2018-03-06,39.88618087768555,40.18734626782301,39.533595717068465,40.02574547002215,9716951
2018-03-07,40.01105499267578,40.09185833080656,39.48218017109281,39.548288789642015,12817564
2018-03-08,40.22406768798828,40.26814009172062,39.93024676878262,40.047775136464885,7705001
2018-03-09,40.503204345703125,40.53992939523864,40.17999982971656,40.422401014260686,9240006
2018-03-12,40.66481399536133,41.23041688252996,40.57666622212522,40.93659880266303,11269039
2018-03-13,40.672157287597656,40.95128651131929,40.40037248786003,40.94394208733528,12272080
2018-03-14,40.605464935302734,41.07227790578645,40.242384889066095,40.95372176054068,11692222
2018-03-15,40.93891525268555,41.29458378215185,40.67216237444825,40.71662020006274,10560277
2018-03-16,41.2501220703125,41.38349850644369,40.81294654958674,40.89445354881272,22010620
2018-03-19,40.47950744628906,41.25753117900454,40.190525679253355,41.24271091760593,12391762
2018-03-20,40.486907958984375,40.709199986188615,40.279433227925914,40.56841493688345,8153440
2018-03-21,40.52395248413086,40.9611278404123,40.32388938632572,40.57581893925131,10489746
2018-03-22,40.101600646972656,40.73883919997305,40.03491392477765,40.19051923884044,13387990
2018-03-23,39.57551956176758,40.53878628227644,39.52365012325664,40.24980745103386,12408634
2018-03-26,40.042320251464844,40.13123883817705,39.249476430371416,40.04973186168419,10448770
2018-03-27,39.82744216918945,40.427631556094006,39.61996742956817,40.00527639074722,16956535
2018-03-28,40.820350646972656,41.00559352363132,40.02750675070723,40.049735658924305,13302788
2018-03-29,40.36094284057617,41.0574594844975,40.36094284057617,41.02041327944036,10218524
2018-04-02,39.471778869628906,40.49432355512772,39.24207519266459,40.30908066105235,14041104
2018-04-03,40.07937240600586,40.123830221541766,39.145743468379415,39.52364082498358,9688341
2018-04-04,40.41280746459961,40.5239549533857,39.568094251738174,39.61996367229318,9330030
2018-04-05,40.40541076660156,41.03523783583479,40.33872106869713,40.798128455060834,13074638
2018-04-06,39.53845977783203,40.44245112932321,39.19761159952818,40.220156134439726,13100838
2018-04-09,41.613189697265625,42.54681854503187,40.42762831525318,40.7536562141695,24352376
2018-04-10,41.85771942138672,42.08001148667895,41.52427984231097,41.99850449481429,13481891
2018-04-11,41.6428337097168,41.894766283039154,41.413133007745394,41.53909781326924,9445834
2018-04-12,42.042964935302734,42.376404535156595,41.59838077701425,41.93922902667209,12511967
2018-04-13,42.36157989501953,42.480136053279836,41.968865212772656,42.294893166851125,10536278
2018-04-16,43.458221435546875,43.90280550282677,42.36157560164748,42.806162631201786,23627998
2018-04-17,43.9176139831543,44.42888759699681,43.6879104005581,44.339969030023774,16070451
2018-04-18,43.658294677734375,44.17697719716515,43.413773680302036,44.0213718488809,11779730
2018-04-19,43.450809478759766,43.95467457742145,43.28779551954103,43.65828421417174,11041204
2018-04-20,43.59159469604492,43.917625577991046,43.46562990203982,43.6138265653629,10109951
2018-04-23,44.64377975463867,44.91793823153571,44.03617880734768,44.495583101130244,20767587
2018-04-24,44.52522659301758,45.19951430209541,44.288114301373746,44.7623388846614,13974975
2018-04-25,44.18437194824219,44.3992553157884,43.66568959197156,44.38443802044148,14057034
2018-04-26,44.02135467529297,44.52521969814823,43.79906267686809,44.32515660333844,14148105
2018-04-27,44.06582260131836,44.19919901590997,43.94726644663129,43.96949535535079,8034073
2018-04-30,43.62123489379883,44.44371629747871,43.62123489379883,44.19919535951768,13730267
2018-05-01,42.96176528930664,43.8953941427355,42.14669257479808,43.71755993435504,13756782
2018-05-02,42.4578971862793,42.97657951645335,42.250425439119276,42.739470217816475,10921837
2018-05-03,42.628326416015625,42.82838953315225,41.768795877122194,42.33934471222146,11864932
2018-05-04,42.791351318359375,42.90990748938942,42.10965481607414,42.32453824635047,9149983
2018-05-07,42.517181396484375,43.05068406064061,42.29488936032122,42.80616311708858,10513955
2018-05-08,42.05778503417969,42.5468299762216,41.68729626219187,42.50978080279532,10749546
2018-05-09,42.93954086303711,43.28038905742204,42.10964780401972,42.21338369582826,8684042
2018-05-10,43.02104568481445,43.517499173101044,42.92471844644923,43.07291214697499,8624097
2018-05-11,44.22883605957031,44.43630783282921,43.07291216108347,43.0951410680559,13344498
2018-05-14,44.22142028808594,44.51781062362033,44.03617743922974,44.28810996500249,9942062
2018-05-15,43.865753173828125,44.31034017132475,43.64346115621691,44.04358738037193,7148932
2018-05-16,44.273292541503906,44.46594701250122,43.7990679742947,43.95467328069451,8941222
2018-05-17,43.76942443847656,44.295515394407545,43.628636447336326,44.117681206006814,8222398
2018-05-18,43.821292877197266,44.0584051391399,42.598682406271315,43.68791648928603,10151242
2018-05-21,43.39894104003906,43.95467257553756,43.26556464208263,43.850936693693335,8882219
2018-05-22,43.31002426147461,43.82129800641651,43.27297509592527,43.554548161645386,9357068
2018-05-23,43.84353256225586,44.08064488250258,43.295212543391386,43.31002984170074,10375619
2018-05-24,43.81388854980469,44.02136031832368,43.57677626448337,43.90280417566302,7261382
2018-05-25,43.78425216674805,44.058413642819154,43.599009287204545,43.82130133511166,6985339
2018-05-29,43.27297592163086,43.636055973577825,42.99881446115388,43.40635232769861,9228269
2018-05-30,44.251075744628906,44.31035383175167,43.36190443778747,43.458231699646355,11572016
2018-05-31,44.11027908325195,44.3696202760773,43.94726216473443,44.1843744510061,12786019
2018-06-01,44.87348556518555,45.05873140330971,44.17696891575248,44.37703205110695,11556925
2018-06-04,45.955318450927734,46.333215873240015,45.33290003837662,45.60705859003455,20410534
2018-06-05,45.48849868774414,46.1850153901104,45.24397771756682,45.94049441993308,13098218
2018-06-06,45.88862228393555,45.896033894951614,45.36253120415113,45.57741460267454,7912190
2018-06-07,45.93308639526367,45.97013556620786,45.57741790892929,45.94049504454259,7910933
2018-06-08,46.3702507019043,46.42211715891138,45.91825507245835,45.94789262470896,10142754
2018-06-11,46.18500900268555,46.577726600311536,45.999766138377254,46.511039880106395,7542666
2018-06-12,46.26651382446289,46.39247860278189,45.94789163045042,46.21464440630411,8308230
2018-06-13,46.37766647338867,46.651827944622156,46.19983224574597,46.362846213849814,9873732
2018-06-14,45.966983795166016,46.579277530545255,45.71310423028049,46.347801649910394,12528211
2018-06-15,46.31792449951172,46.37019477895036,45.71309676751038,45.989376986375376,17246517
2018-06-18,45.54135513305664,45.81763535805313,45.242674212137096,45.81016945446791,9990270
2018-06-19,45.57123565673828,45.78031085898509,45.272554664122794,45.287486474877504,10501589
2018-06-20,45.757904052734375,45.907246021701184,45.392021005033996,45.59363027500504,12757094
2018-06-21,45.683231353759766,45.75043344178081,45.40695112772763,45.75043344178081,9336527
2018-06-22,45.8997802734375,46.2357967414414,45.713105784621064,45.75790718431015,12885998
2018-06-25,45.60856628417969,46.011784834865566,45.280015734799065,45.85497695733933,11057238
2018-06-26,45.339752197265625,45.5637621728525,45.2576153057227,45.421889088808555,12571913
2018-06-27,44.712520599365234,45.608563425372985,44.65278441096471,45.32481429159485,10948770
2018-06-28,45.026145935058594,45.36215945443336,44.794667036213724,44.884269845335474,10691591
2018-06-29,45.32481384277344,45.8997750235809,45.063468394255054,45.197875563117165,14956951
2018-07-02,45.1456184387207,45.22028645143377,44.74239684126265,45.21282054571293,9546337
2018-07-03,45.33228302001953,45.77283703476416,45.21281064364243,45.354683717444296,5106590
2018-07-05,46.0267333984375,46.265675253330436,45.61604583514338,45.8475247683913,9517098
2018-07-06,46.44486618041992,46.67634202539196,46.138716374730144,46.14618526338558,8543191
2018-07-09,46.310462951660156,46.81075315700454,46.29552815824915,46.63901049569689,8724600
2018-07-10,46.5195426940918,46.765956361522505,46.377669605652486,46.58674777846739,11266524
2018-07-11,46.220855712890625,46.444868651460204,45.98937985560321,46.40006427264579,6055344
2018-07-12,46.78834533691406,46.92274950165015,46.40005867834191,46.624071589902975,8424453
2018-07-13,46.9600944519043,47.072100930260184,46.48220492052088,46.49713971466854,7705106
2018-07-16,46.736083984375,47.004898335509246,46.54194061801889,46.98996354152008,4729938
2018-07-17,46.6912841796875,46.90035936199427,46.63901389152691,46.6912841796875,5292086
2018-07-18,46.99742126464844,47.027290847427096,46.57180209880637,46.743541751698544,6645578
2018-07-19,46.676353454589844,46.99743514587608,46.48221006468763,46.848096143375344,7631641
2018-07-20,46.683815002441406,46.6987468107253,46.30299418785034,46.34032967889525,7204686
2018-07-23,46.81074905395508,46.87795114066286,46.67634189537219,46.72114328651071,7266413
2018-07-24,47.35585021972656,47.37078501486024,46.907830247059564,46.96756644242636,9931058
2018-07-25,48.15481948852539,48.214555681447045,47.31104688294492,47.3633171711893,11023598
2018-07-26,47.79640197753906,48.684978960115565,47.78146718312714,48.24442491372224,11677235
2018-07-27,47.40812301635742,47.803875704730025,46.579282142388216,46.631552435535426,8815357
2018-07-30,48.393768310546875,48.46097339893837,47.43798914380607,47.63213253334231,10129130
2018-07-31,49.18525695800781,49.37193139361099,48.44602213319204,48.46095692388706,16184683
2018-08-01,48.901527404785156,49.38688289265697,48.87165781328976,49.0658012025057,7949604
2018-08-02,48.69989776611328,48.85670560265011,48.438552366940904,48.75963394264317,7226379
2018-08-03,49.230064392089844,49.29726648072165,48.51323017268091,48.684972823852085,7333066
2018-08-06,49.446617126464844,49.64076050796943,49.050864458462385,49.34954543571255,8600202
2018-08-07,49.715423583984375,50.021573421040145,49.30473914671585,49.34954054256921,8471298
2018-08-08,49.79756164550781,50.0215746003914,49.39434310298569,49.663157454778904,6821746
2018-08-09,49.2823486328125,49.93197796243272,49.133006635550124,49.93197796243272,7495086
2018-08-10,49.3346061706543,49.655687818961006,49.04339410995027,49.207667886262044,7796806
2018-08-13,49.81996154785156,49.94689982451696,49.33460316760965,49.37940754628639,9973606
2018-08-14,49.625823974609375,49.991707039487345,49.476481998631215,49.73782747142517,6912608
2018-08-15,50.30531311035156,50.45465506642336,49.63328326353075,49.82742661235712,11413873
2018-08-16,51.41044235229492,51.522451822642246,50.305321251062026,50.47706393130354,19378358
2018-08-17,51.56725311279297,51.70165731252045,51.2984387430022,51.35817195276914,8223761
2018-08-20,52.396087646484375,52.4334201539417,51.470178175987265,51.52244846269586,10919426
2018-08-21,51.64937973022461,52.45581675540162,51.58964652889129,52.42595313990245,10285701
2018-08-22,51.552303314208984,51.82111762133107,51.41043025745958,51.656843869849354,6176178
2018-08-23,51.50004959106445,51.66432339535193,51.32831286635687,51.42538456484533,5806654
2018-08-24,51.552303314208984,51.709114147669546,51.350697061618234,51.522439701455525,5194098
2018-08-27,51.51498794555664,51.8435355577859,51.17150255164835,51.776333451239424,5327822
2018-08-28,51.24617004394531,51.42538161948143,51.05949554841652,51.41044383882409,6219251
2018-08-29,51.38058090209961,51.44778898308971,50.97736226784285,51.0595021610881,5753206
2018-08-30,51.178955078125,51.47763300183094,51.037082019556145,51.26855785820334,4972341
2018-08-31,51.216304779052734,51.33577718272295,50.895226052503304,51.037099158715655,6018978
2018-09-04,50.7384033203125,51.08188863955947,50.7234715122155,51.052019053030364,6045178
2018-09-05,51.23869705200195,51.29096733944646,50.708543198832636,50.73840681708477,6664337
2018-09-06,51.80618667602539,51.92565904002824,51.388030416848146,51.500033892371285,10099995
2018-09-07,52.02273941040039,52.10487331607714,51.410439711011676,51.64191558925499,9971930
2018-09-10,51.94059371948242,52.70969822472761,51.91819302313881,52.26914124607857,7616759
2018-09-11,51.582183837890625,52.1198065958303,51.5747149479509,52.1198065958303,6094644
2018-09-12,52.16459655761719,52.28407488911426,51.612042111282285,51.821117250733415,6382320
2018-09-13,52.888916015625,52.97105590142014,51.95553753142174,52.38862572124433,10750594
2018-09-14,52.61075210571289,53.18211650572626,52.370176988752334,53.18211650572626,7792928
2018-09-17,52.941532135009766,52.97160552214121,52.362647985315746,52.51300890990217,7018770
2018-09-18,52.941532135009766,53.30239474737471,52.55059613551338,52.93401228545921,7126819
2018-09-19,52.61075210571289,53.05430909638102,52.3551372870224,52.7385535039863,8325522
2018-09-20,53.212181091308594,53.24976831726893,52.66337032364842,52.88890570155214,6435454
2018-09-21,53.45276641845703,53.813629103372186,53.30992531470345,53.30992531470345,17850689
2018-09-24,53.212181091308594,53.60311108336532,53.099407391285894,53.31742893064005,6747862
2018-09-25,53.11444091796875,53.66325162185029,53.01670692854476,53.26480182647798,6770499
2018-09-26,52.873878479003906,53.4903499354197,52.76111077626238,53.3249553010416,7260963
2018-09-27,53.167076110839844,53.51289904094339,52.68592593759049,52.87387409694019,6315458
2018-09-28,53.332481384277344,53.52794943258707,53.1144597927836,53.16708673057041,7135622
2018-10-01,53.776023864746094,54.04667232083411,53.08437204236174,53.43020095908925,7994668
2018-10-02,53.941436767578125,54.25719240492197,53.445252772365045,54.10683143264915,10894589
2018-10-03,53.65574264526367,54.44512855828368,53.64070895579455,54.197039621150815,10037325
2018-10-04,53.54296875,53.648222597316774,52.97160446129903,53.4677882892124,10837054
2018-10-05,53.400142669677734,53.896326636892546,53.061833506690064,53.55050363346611,7790308
2018-10-08,53.7234001159668,53.90383443437843,53.29487687496181,53.32495026320892,9279830
2018-10-09,54.38497543334961,54.62555047662619,53.355014656397394,53.72339105880403,8249122
2018-10-10,52.96409225463867,54.798478931561,52.91898517387127,54.49023719453123,13259191
2018-10-11,51.40035629272461,53.02424132582366,50.98686668640803,52.90395376822639,13491952
2018-10-12,52.48294448852539,52.67089267083055,51.43794970959424,51.64845143333314,10648938
2018-10-15,52.21979904174805,52.783649418450196,51.8213492638107,52.0168112230357,6896783
2018-10-16,53.54296875,53.610629361387645,52.43782739745653,52.51300785824413,10719992
2018-10-17,53.99403762817383,54.084251763532194,53.227205455488104,53.445226956650686,9793036
2018-10-18,54.28725814819336,54.43009924839304,53.69334020584054,54.242151065085224,12812848
2018-10-19,54.39250183105469,54.625557053830576,54.08426013574829,54.35490859478943,15210043
2018-10-22,54.557899475097656,55.24955134348266,54.01660252692084,54.858615326585074,12486186
2018-10-23,54.20455551147461,54.44513061851207,53.54297697265739,54.24966860373177,12116871
2018-10-24,53.03174591064453,54.61052358550576,52.79869068693175,53.994046203485375,15348170
2018-10-25,52.595706939697266,53.05430358445069,49.693772147000956,50.32528326618128,21553692
2018-10-26,52.92648696899414,53.212169057110984,51.7837526054573,52.45285076036985,17764229
2018-10-29,53.71588897705078,54.903724756268346,53.03927076837357,53.655742197533506,19743901
2018-10-30,54.7834358215332,54.851102449545074,53.75347484524584,53.896315929144414,19845976
2018-10-31,55.339759826660156,56.001344249847655,54.70824878886082,55.189398910789755,16624529
2018-11-01,54.97138595581055,55.66304387221157,54.633082858968365,55.48260954282436,14507988
2018-11-02,54.33235168457031,55.40741959345802,53.843687732023355,55.30968560073457,13517838
2018-11-05,54.97138595581055,55.30969506372411,52.71599591043441,54.09930573216507,12922364
2018-11-06,55.11423110961914,55.482607583529024,54.69322169663064,54.83606278061022,10737913
2018-11-07,56.44491958618164,56.632867786914915,55.51269242301538,55.70816047532115,19566684
2018-11-08,56.74562454223633,56.903499300527876,56.099079799353255,56.30206163144239,13634690
2018-11-09,56.27951431274414,57.12904699264997,56.23440723396278,57.031312984933244,15359802
2018-11-12,56.151710510253906,56.587753647817166,55.655526600822434,56.482505794279874,14679022
2018-11-13,56.091556549072266,56.58774034183158,55.64047982737561,56.55015311963612,16587430
2018-11-14,55.70063400268555,56.35469871279032,55.39239826879388,56.34717886211169,9936193
2018-11-15,56.264469146728516,56.28702268151875,54.97889361940505,55.25706189657798,12549171
2018-11-16,57.18166732788086,57.324508397907735,56.04645260588218,56.189293675909056,14384010
2018-11-19,57.39968490600586,57.595152905913025,56.828320605397714,57.301956917123064,17210675
2018-11-20,56.21936798095703,57.40720363416856,56.12163398291259,57.14407502660368,14240014
2018-11-21,56.226898193359375,56.43739993849822,55.76830145615579,56.324632219865336,9489116
2018-11-23,56.13666915893555,56.61029946289491,55.640485317219586,55.73069946824597,3690846
2018-11-26,56.71556091308594,56.9486161714907,56.226890844425974,56.377251790332366,11407061
2018-11-27,57.39216613769531,57.52748735166697,56.43737975777217,56.43737975777217,15325533
2018-11-28,58.06126403808594,58.15899802906759,57.33953887902311,57.737988680745815,12625675
2018-11-29,58.5724983215332,59.00102158661402,57.97106057815539,58.031201346957495,11429174
2018-11-30,59.64756774902344,59.7603354499797,58.42965253440985,58.51987270624634,22380669
2018-12-03,59.55735397338867,59.827996457433834,58.850662350326104,59.78288937675964,13183106
2018-12-04,58.798030853271484,60.28658844421327,58.71533654881419,59.617490114385134,15482942
2018-12-06,58.91832733154297,58.91832733154297,57.001246205660046,57.85829282403783,17329518
2018-12-07,57.67786407470703,58.86569997471181,57.21174752479979,58.80555920015031,13228799
2018-12-10,58.204139709472656,58.47478830782185,57.0313371313912,58.22669325841227,16163618
2018-12-11,57.97106170654297,58.87321533363414,57.542532422049625,58.5800133009545,13867660
2018-12-12,58.647674560546875,59.21152509192806,58.42965299626045,58.46724623759068,11219678
2018-12-13,59.39946746826172,59.45209439434498,58.64015499814041,58.828103153234125,11272498
2018-12-14,57.90047836303711,59.073935234545516,57.71121268781541,58.92252027308469,13896375
2018-12-17,56.954132080078125,58.21086873479288,56.67401990756205,57.51436247831768,15831822
2018-12-18,56.27278518676758,57.370528455537816,55.689843069566045,57.234258630688736,16163828
2018-12-19,55.84882354736328,56.96928448706469,55.318877278014604,56.53775732944147,19765594
2018-12-20,55.63685607910156,56.12137915989739,54.993351510698645,55.60657187324951,20321454
2018-12-21,55.19017791748047,56.36363477877953,54.67537673812642,55.228034684120644,37919994
2018-12-24,53.865318298339844,55.190184217816245,53.66848003832461,54.91007195746183,11565833
2018-12-26,56.0229606628418,56.04567230418476,53.7290485679468,53.7290485679468,14074011
2018-12-27,57.06771469116211,57.06771469116211,55.08419905067414,55.477869520886344,13577154
2018-12-28,57.060142517089844,57.976192854241816,56.65132691427861,57.44624647825653,13180696
2018-12-31,57.84747314453125,58.06702298709935,57.27967621090209,57.400806949794564,9687502
2019-01-02,57.226688385009766,57.52951830121778,56.47719221156604,56.99957200106229,15120125
2019-01-03,56.0532341003418,57.514369590063296,55.90939171506761,57.20397318253523,13910628
2019-01-04,57.74150085449219,57.91562746680442,56.50748154561373,56.58318903154119,14753115
2019-01-07,57.105560302734375,57.892913279170635,57.09042122749861,57.65065175614545,15795142
2019-01-08,57.52952194213867,57.696075985310515,56.99957560844401,57.43866932960129,11896686
2019-01-09,57.090423583984375,57.77178490226793,57.02228866279783,57.45381588352167,11916284
2019-01-10,56.386356353759766,57.294834168293384,55.62172096074746,57.294834168293384,19134070
2019-01-11,56.70430374145508,56.734587937892314,56.13650078438817,56.552888812476255,9878029
2019-01-14,55.545989990234375,56.35604832627266,55.34157923909535,56.24249016075494,15669486
2019-01-15,56.4014892578125,56.69674663384233,55.34159657246245,55.34159657246245,13102096
2019-01-16,56.484771728515625,57.36297132977197,56.3787800341539,56.58319085807743,15272504
2019-01-17,57.23427963256836,57.36298299429184,56.25766070315888,56.25766070315888,16969321
2019-01-18,57.43866729736328,57.78692050007943,57.13584342591294,57.643078101829,14980741
2019-01-22,57.40840148925781,57.6885137818988,57.05257564596629,57.211563206554416,10568766
2019-01-23,57.11312484741211,57.31752957383315,56.58317859685807,57.1964048825371,14369233
2019-01-24,55.394588470458984,56.90115339474738,54.79650724974681,56.90115339474738,21986621
2019-01-25,55.228031158447266,55.90181981890092,54.599665772495186,55.886680745136466,14054099
2019-01-28,55.205318450927734,55.3188766349801,54.54666887700781,54.887349482373004,13376672
2019-01-29,55.44001007080078,55.780690692686456,54.993343823062744,55.190176000562374,11966693
2019-01-30,55.545989990234375,55.87909797789111,55.28101690188827,55.614124889545,13941230
2019-01-31,56.34849166870117,56.643749035591654,55.34916742366868,55.379451627423585,16797658
2019-02-01,57.87777328491211,58.6651263311924,57.029857879107595,57.514380968138745,15941757
2019-02-04,58.19573974609375,58.210884875212294,57.294828532276085,57.49923934970385,11824165
2019-02-05,58.40770721435547,59.338902475994736,58.33957230445193,58.58183379735878,12955690
2019-02-06,58.58941650390625,58.83924455013728,58.01404687194386,58.17302835590906,8375721
2019-02-07,58.15787887573242,58.39256780400398,57.62036005647097,58.24872542174619,9661407
2019-02-08,58.68783187866211,58.70297095366882,57.96861988469065,58.10488971937723,9266940
2019-02-11,58.07460403442383,58.93009189446342,57.696072690035486,58.89980769201396,13803942
2019-02-12,59.44490051269531,59.75530303355043,58.37744126148689,58.51371110975792,13676086
2019-02-13,59.82341766357422,59.936975831944004,59.391890570561756,59.475164542963846,10980106
2019-02-14,59.762840270996094,60.22465149042471,59.57357466781523,59.90668261367006,8577042
2019-02-15,60.4214973449707,60.66375880064582,60.01268189516982,60.30793917925021,10886100
2019-02-19,59.989994049072266,60.66378285486101,59.868863273204305,60.40638222609517,9653547
2019-02-20,60.13383102416992,60.21711107332035,59.66444704021356,59.8082894452115,8993517
2019-02-21,60.436649322509766,60.58806427794383,59.921848159167425,59.94455979716169,7740633
2019-02-22,61.148292541503906,61.21642745300306,60.391223845138704,60.391223845138704,8337469
2019-02-25,60.853050231933594,61.31486170596545,60.557798875862474,61.216442569538515,9741265
2019-02-26,61.12556457519531,61.398110201592,60.56533425273802,60.95901059606583,8927912
2019-02-27,61.034751892089844,61.54198667215462,60.890909464304755,60.97418347343826,7852978
2019-02-28,61.541969299316406,61.897788985516925,60.96659975059858,60.96659975059858,11588365
2019-03-01,61.81452178955078,62.026505185822714,61.45113551756344,61.89780184568754,10624205
2019-03-04,61.60253143310547,62.17033446955766,60.966599538257185,62.10219955795337,8522755
2019-03-05,61.85237503051758,62.102209131455254,61.488982726066936,61.68582098096218,8698190
2019-03-06,61.14072036743164,61.89778906861837,60.79247324425983,61.77665831855683,8167169
2019-03-07,60.90604019165039,61.4057023375735,60.59564373494623,61.34513998043545,10925505
2019-03-08,60.41395568847656,61.01960963749531,59.84615851620224,60.724358255581976,11716326
2019-03-11,61.2240104675293,61.345141237496684,60.61835661769238,60.83790651658384,9126613
2019-03-12,61.49654769897461,61.74637571586195,61.155867077283474,61.45112442317691,9261281
2019-03-13,61.77668380737305,62.087080347497604,61.46628726724848,61.784256374003874,8059749
2019-03-14,62.112056732177734,62.317848628401094,61.68521893842068,61.97485604040811,8530406
2019-03-15,62.173004150390625,62.432151424551485,61.58610623764898,62.11964868663505,17341046
2019-03-18,62.00531768798828,62.371175876590314,61.67756706111611,61.94433827607897,14357914
2019-03-19,62.43217086791992,62.50077425370514,61.708078189402535,62.15015774921949,10224393
2019-03-20,62.56172180175781,63.04953268814295,62.02817940655959,62.38641362178486,11894590
2019-03-21,63.22484588623047,63.39253012994882,62.38641857335399,62.57697466757843,9473291
2019-03-22,62.72178649902344,63.60594531642371,62.515994694874195,63.194355613840564,10639191
2019-03-25,62.767539978027344,63.07241883344125,62.439789266528365,62.5541180755228,7878654
2019-03-26,63.201995849609375,63.62120961031446,62.93522456448546,63.080043088001695,9242731
2019-03-27,62.72178649902344,63.30868439392348,62.355934402758116,63.20197956394098,10020766
2019-03-28,62.98094177246094,63.186733582860526,62.63794932751011,63.102894506348235,7161298
2019-03-29,63.39252853393555,63.49161550649508,63.04191215498881,63.26295185575357,10147994
2019-04-01,63.49164581298828,63.91085965897563,63.21725051997816,63.819390498447284,8820282
2019-04-02,63.42302322387695,63.81174719468756,63.1867356045892,63.6135732339943,5875088
2019-04-03,63.4001579284668,63.76601614450094,63.07240727701982,63.46875520129475,6550734
2019-04-04,62.38641357421875,63.41539080458117,61.898602688205536,63.27057232868876,10257719
2019-04-05,61.852874755859375,62.622704782896655,61.822385050149535,62.477886298630615,10324162
2019-04-08,61.70044708251953,61.936734740443455,61.24312576460275,61.708071034342055,10586267
2019-04-09,61.58612060546875,61.72331517774594,61.17453079435093,61.41081236692373,10785282
2019-04-10,61.60136032104492,61.98246036734624,61.471783623816876,61.631843936863504,6894268
2019-04-11,60.85438919067383,61.68519256240977,60.51139674934121,61.68519256240977,10410518
2019-04-12,60.54189682006836,61.311720910145624,60.44280982697495,60.98397631321036,10164762
2019-04-15,59.85591506958008,60.58763163017091,59.810183546328915,60.450437060417435,13822491
2019-04-16,59.11655807495117,60.43516607655205,59.00984716526013,60.38943457076555,12531250
2019-04-17,56.34215545654297,59.162317076411675,56.212584828024575,59.15469312380942,34181463
2019-04-18,55.78572463989258,56.44121975420955,55.05400831308049,56.00676432784316,32768445
2019-04-22,55.99152755737305,56.25829877794982,55.44273721577899,55.76286389932807,14548441
2019-04-23,56.860450744628906,57.35588573004278,55.94580810386521,56.174465716913105,19281523
2019-04-24,56.959529876708984,57.24916687610045,56.387879828736935,56.959529876708984,12779102
2019-04-25,58.18669128417969,58.552549571960014,56.75374784727831,56.845210895651825,13994154
2019-04-26,58.4077262878418,58.68211541060337,57.99613650941365,58.41534414506132,8888193
2019-04-29,58.522056579589844,58.826935421852326,58.29339287717853,58.37723806301513,7395317
2019-04-30,59.99310302734375,60.13792151839588,57.92752440083463,59.116568130675105,11269039
2019-05-01,60.00071716308594,60.770547178463765,59.77967746503532,59.977851407721005,15288643
2019-05-02,60.6104850769043,60.84676659712277,59.91688232280701,59.91688232280701,11579142
2019-05-03,60.97636413574219,61.08307510099737,60.404713921470275,60.62575371072244,7942582
2019-05-06,60.579978942871094,60.81626037525074,59.680572521745674,59.85588065627491,9906534
2019-05-07,59.375728607177734,60.43518979366756,59.009870323024934,60.13031093735,10523387
2019-05-08,59.589134216308594,59.99310609728314,59.37571844398751,59.70346300607253,10567508
2019-05-09,59.70346450805664,59.84066515351015,58.872667155824395,59.208035677092404,8105861
2019-05-10,59.59676742553711,59.70347228113189,58.54492411344727,59.51292223716125,9027158
2019-05-13,58.8193244934082,59.0937197497686,58.5525531896454,58.5525531896454,9641705
2019-05-14,59.009857177734375,59.51290992102495,58.9641256641884,59.16229961907752,8113826
2019-05-15,59.108951568603516,59.36048101893797,58.5372953890122,58.59065085960261,7284543
2019-05-16,60.31321716308594,60.8924971595416,59.24613237607868,59.27662207995197,9910831
2019-05-17,60.00071716308594,60.267488371866406,59.337598068934085,59.76443565955353,8259707
2019-05-20,60.122684478759766,60.41994546491965,59.64249740529285,59.72633649721325,8281191
2019-05-21,60.59524917602539,60.77055739281205,59.85590874162688,60.27512245282485,10873734
2019-05-22,61.72331237792969,61.85288908650462,60.4504354303333,60.48092514310728,13491847
2019-05-23,61.75379943847656,61.88337614148638,61.288854192214444,61.43367270381365,9831498
2019-05-24,61.868133544921875,62.45502544099566,61.8223959311648,61.967220535205186,6071588
2019-05-28,61.17451858520508,62.45501928708997,61.15165282772241,62.028187751223356,13779733
2019-05-29,60.4885139465332,61.25834378216448,60.023568903626455,61.06778773957013,11278890
2019-05-30,60.732444763183594,60.83915570415874,60.3589686583418,60.640981724796674,7483768
2019-05-31,60.37422180175781,60.91538837095914,60.06171896574045,60.465684857316695,7142749
2019-06-03,61.17451858520508,61.677571344108955,60.61048641015737,60.70957339067731,9218103
2019-06-04,61.79954147338867,61.990097631749585,61.060206981009486,61.54801807029696,9368806
2019-06-05,62.264469146728516,62.70654858285124,61.79952395317083,62.028187621805515,9821961
2019-06-06,62.07391357421875,62.83611964041459,62.066289624328604,62.62270389205079,11393961
2019-06-07,62.85137939453125,63.17150615563857,62.36356834794605,62.36356834794605,8797436
2019-06-10,62.86663818359375,63.01907459133027,62.23400240962368,63.01907459133027,7536273
2019-06-11,63.24772262573242,63.57547331420067,62.84375070519514,63.179125345156024,7789679
2019-06-12,63.80413818359375,64.23096981865473,63.36968259617175,63.36968259617175,11057762
2019-06-13,63.1867561340332,64.16237835332838,62.90474300251876,64.07091529384121,10194001
2019-06-14,63.51667785644531,63.96938475488199,63.271143367290364,63.46296603663242,7989952
2019-06-17,63.915687561035156,63.93870604122405,63.32486967787116,63.45531182226784,6427279
2019-06-18,64.82874298095703,64.96685380388615,63.86194881549276,63.86194881549276,11425086
2019-06-19,65.49630737304688,65.6497679859424,64.61391805138092,64.64461140095781,9825419
2019-06-20,64.91314697265625,66.37101013365555,64.69830585329457,65.97201510127866,12490483
2019-06-21,64.89012908935547,65.04358966242975,64.17654417304608,64.79038033035592,15034294
2019-06-24,65.61138916015625,66.01038419788968,65.02057147273939,65.19705051904359,7891440
2019-06-25,65.40423583984375,66.18687640511251,65.07430225859747,65.64209550399704,9348894
2019-06-26,64.09982299804688,65.37353243864413,63.75453972704273,65.3581888331506,12604401
2019-06-27,64.32233428955078,64.98220743705342,63.992400783293334,64.19956704966685,11721670
2019-06-28,64.33768463134766,64.80573512122459,63.670136607917826,64.42975852837583,46684837
2019-07-01,65.0282211303711,65.1663319122004,64.36834214611552,64.70595650445104,10260863
2019-07-02,65.61138916015625,65.61138916015625,64.52950254475589,64.80573035049345,10381593
2019-07-03,66.67794036865234,66.80838249786817,65.97970503753056,66.03341686338348,6533232
2019-07-05,65.68046569824219,66.60121716679704,65.59606051504647,66.50914324693943,8767358
2019-07-08,64.48347473144531,65.60372358143123,64.06913603165616,65.22774696301646,13693273
2019-07-09,65.1126480102539,65.38120095772665,64.52183029881635,64.63692266630822,8490791
2019-07-10,65.08195495605469,65.30447095751808,64.72132811298822,65.06661135198355,5996132
2019-07-11,62.15088653564453,64.19956121405657,61.214785649745785,64.06912525134035,22146126
2019-07-12,61.17641830444336,62.07415090309518,60.332391379054684,62.035788831480545,18910636
2019-07-15,62.120182037353516,62.35804158310221,61.47565266856586,61.843954288589366,10922570
2019-07-16,62.60358428955078,62.74936998335236,62.066478456072666,62.396418051773914,8448662
2019-07-17,62.856788635253906,63.17905333686333,62.595910607754085,62.88748197230871,9848999
2019-07-18,63.4476203918457,63.65478665947907,62.61126818161355,63.23277925448924,8472661
2019-07-19,62.45013427734375,63.54736449273826,62.26598036242439,63.45529060277225,12053782
2019-07-22,62.31203079223633,62.780081347503256,62.18926353405137,62.67266383095934,7261697
2019-07-23,62.94120788574219,63.24812292012144,62.06648746103634,62.5191943453564,7420469
2019-07-24,62.72637176513672,63.15606025164614,62.24297758592889,62.91820059758973,7720197
2019-07-25,62.72637176513672,63.73152834403853,62.1892657582416,62.49618698217532,9670106
2019-07-26,62.48080825805664,62.634268798840324,62.08181944099953,62.595906731137426,7638977
2019-07-29,63.294158935546875,63.53202467879643,62.618942188872815,62.99491877530906,11123682
2019-07-30,63.89265823364258,65.35051551473352,63.54737495443928,64.44510779937484,14286965
2019-07-31,63.67782211303711,64.95153168461913,63.56272358754051,63.608760543743614,12443428
2019-08-01,64.21491241455078,64.83641730632074,63.40925360800606,63.73151222263408,10550006
2019-08-02,64.81342315673828,65.04361410284494,64.10751284433,64.36072227154837,10913767
2019-08-05,63.77755355834961,64.71364830498057,63.04095018937015,64.33767788653431,11885578
2019-08-06,64.72134399414062,64.82109278254815,63.762224332139276,63.77757407496452,11025274
2019-08-07,64.64458465576172,64.98219295646317,63.5320110100429,64.61389131888349,11509660
2019-08-08,65.0129165649414,65.2584511043214,64.69832658667127,65.02826630802093,8699762
2019-08-09,65.61907196044922,66.0717789095332,64.99756693304816,65.29681327549464,8968260
2019-08-12,65.23540496826172,65.93364620266328,64.85175971374714,65.39654039234823,8761909
2019-08-13,66.04875183105469,66.59353261918339,65.57302646642374,65.57302646642374,8413658
2019-08-14,63.992408752441406,65.86460479258014,63.95404053426897,65.50397789769492,11411148
2019-08-15,64.03843688964844,64.33768318324239,63.601079753620816,64.08447383712632,9543612
2019-08-16,65.26611328125,65.4962980327783,64.56787188664207,64.7980627731584,9156271
2019-08-19,66.13316345214844,66.39404772613409,65.56537021639046,65.67278773951188,7655221
2019-08-20,65.71881866455078,66.54750223321359,65.66510684042609,65.99504652077172,6176598
2019-08-21,66.68561553955078,66.94649366416762,66.08712285162021,66.20989011055556,6486072
2019-08-22,66.53982543945312,66.90812719210666,66.17919855716372,66.56284391555721,6588776
2019-08-23,65.17402648925781,66.70861369086224,64.82106842674526,66.1561581264936,10608694
2019-08-26,65.89527130126953,65.91062103628202,65.28143527541988,65.51162608573325,6041825
2019-08-27,65.61907196044922,66.69329007192292,65.56536626961591,66.30963855532922,6527049
2019-08-28,66.35565948486328,66.42472103566327,65.25075442689705,65.41956473442235,6159934
2019-08-29,66.53982543945312,67.02321957262706,66.12548673459143,66.80837841732624,6321012
2019-08-30,66.34801483154297,66.92348297383326,66.1178238936332,66.84675266119667,6795127
2019-09-03,66.48609924316406,66.76232703168324,66.01804881691852,66.1715093810944,6695882
2019-09-04,66.02572631835938,66.88509692302941,65.542332270416,66.86207845098387,7868070
2019-09-05,66.06410217285156,66.49379063230305,65.60372650093021,66.47844089107963,7524954
2019-09-06,66.42472839355469,66.70095008740303,66.22523085800565,66.40170991906733,7047695
2019-09-09,64.04610443115234,66.38635042510731,63.62409094757436,66.3710068226995,12040786
2019-09-10,62.68031692504883,63.21742277870077,60.50120016980708,63.21742277870077,18087432
2019-09-11,63.62410354614258,63.76988927033903,62.62661581744244,62.81076975773638,10602197
2019-09-12,63.923336029052734,64.51415366817788,63.52434102393199,64.0537719845831,8416698
2019-09-13,63.80747985839844,64.54897230319514,63.42900467423219,64.08553720928776,7521496
2019-09-16,63.35950469970703,63.683905015950735,63.09688668554416,63.683905015950735,6191270
2019-09-17,63.73025894165039,64.49492923962329,63.43674975412143,63.43674975412143,7375405
2019-09-18,64.12417602539062,64.3249993893536,63.629843491254114,63.853838306769724,6943734
2019-09-19,64.85794830322266,65.11284044351672,64.01603782844282,64.12417538511544,6922774
2019-09-20,65.77709197998047,66.32548705316648,65.12827906078437,65.45268552038242,23631247
2019-09-23,65.1591796875,65.82343821434554,65.14372793698013,65.58399166312384,8909572
2019-09-24,64.5721435546875,65.56080837911774,64.40994343382374,65.30592247490328,9377085
2019-09-25,64.18596649169922,64.90429386359327,64.07010923034863,64.47175597071093,7290936
2019-09-26,64.78843688964844,64.95063705625878,64.13962387168657,64.58761351857642,8104918
2019-09-27,64.03919219970703,64.87337657630567,63.78430012739589,64.78841666937416,7827093
2019-09-30,65.02014923095703,65.73075688190171,64.27093072836712,64.27093072836712,9806974
2019-10-01,64.57990264892578,65.3445731064382,64.52583385557165,65.0201665220751,7050001
2019-10-02,63.042816162109375,64.27092774264013,62.208631591916216,64.16279018971298,8762433
2019-10-03,63.90788650512695,64.01602403850525,63.0505306394059,63.282251278462844,5790095
2019-10-04,65.65352630615234,65.74621212616306,64.23231697102399,64.43314036488783,7504518
2019-10-07,65.1823501586914,65.73847112658505,64.84249811299198,65.67668265271222,5086154
2019-10-08,64.33272552490234,65.1978075461799,64.17052534780808,64.71892671568021,6416694
2019-10-09,65.02014923095703,65.25959579845362,64.51809699588874,65.012429530932,4660875
2019-10-10,64.69573211669922,65.53764246327752,64.56442930445934,64.98924741500714,8580290
2019-10-11,65.14373016357422,65.99336649538142,65.0819416866616,65.11283901299781,6229626
2019-10-14,65.4140396118164,65.73844595878936,65.10508500921564,65.16687345943294,5513214
2019-10-15,65.68441772460938,65.73076681056074,65.33684589818124,65.57628632608538,5205102
2019-10-16,65.22869873046875,65.72303126747782,65.20552727878146,65.69985981579052,5686134
2019-10-17,64.72661590576172,65.38315453272594,64.68027301986551,65.20550268628534,7178486
2019-10-18,65.4063491821289,65.58399491584125,64.61850749084839,64.65712451754413,7883056
2019-10-21,65.28276062011719,65.69985288223123,64.94290858072937,65.63033853450546,5352136
2019-10-22,62.795654296875,63.86155334195731,61.98463502449389,63.3363296946227,18629038
2019-10-23,64.00830078125,64.00830078125,62.68750975917736,62.787921422631186,8511961
2019-10-24,63.7843017578125,64.60304058383124,63.36720955885172,64.1936742587011,5232769
2019-10-25,63.537147521972656,63.992863000176065,63.35950179647062,63.544873397258705,7868384
2019-10-28,63.490806579589844,64.47175191654081,62.05415192614276,63.90017917021972,15557665
2019-10-29,65.73075103759766,66.24825497822334,63.87700419600727,64.91973177659729,17371019
2019-10-30,66.59583282470703,66.80438206539411,65.12828696713146,65.6535168309922,10026845
2019-10-31,66.93567657470703,67.19056248773406,66.04742337678199,66.50313261118457,12419429
2019-11-01,65.60717010498047,67.38367678217288,65.49130667767858,67.25236777991859,9281298
2019-11-04,64.80387878417969,66.19419055060524,64.78843320872869,66.10922444622506,8947195
2019-11-05,64.04692077636719,64.68800774525967,63.90016622569341,64.62621310510305,9937974
2019-11-06,64.30181884765625,64.85022013581347,64.20913304564651,64.54126540386108,9735606
2019-11-07,64.01602172851562,64.87337756329937,63.85382161005971,64.28635937644773,9251325
2019-11-08,64.5644302368164,64.6571160293263,63.88472001497262,64.03920045299517,6653123
2019-11-11,64.3249740600586,64.60303136919954,64.07780171455958,64.23228211458738,3725221
2019-11-12,64.97381591796875,65.51449143600655,64.55672355193275,64.55672355193275,8616656
2019-11-13,65.51446533203125,65.73846009176978,64.96607033133475,65.30592231998685,6516883
2019-11-14,65.30591583251953,65.79252232137564,64.64937719045992,65.59169902736953,7911247
2019-11-15,65.5762710571289,66.11694645113938,65.37544770922338,65.41406473347004,9675870
2019-11-18,64.9815444946289,65.51449415788333,64.76527551358082,65.39091100074711,10701757
2019-11-19,65.38318634033203,65.61490088253751,64.8579564183984,65.1900826541465,9691380
2019-11-20,65.862060546875,66.02426688584814,65.22869929426774,65.29048777404792,8160147
2019-11-21,66.00883483886719,66.2482814808646,65.0896838375838,66.19421268506642,7195568
2019-11-22,66.0010757446289,66.70395114321826,65.90066409115067,66.15554998587689,7800159
2019-11-25,66.19418334960938,66.88161328243402,65.91611979142169,66.45679515826713,9021289
2019-11-26,67.46090698242188,67.53814102146505,66.35637870408884,66.42589304468295,19233420
2019-11-27,67.66944122314453,67.87026452041817,67.19055442381833,67.50724111613934,6037318
2019-11-29,67.33732604980469,67.79304152092968,67.2214688011117,67.32960635039817,4880222
2019-12-02,67.22919464111328,67.96296750871765,66.85071939456809,67.61538958706095,5597997
2019-12-03,67.4918212890625,67.56133565351203,66.81211704676379,66.95114577566284,7466162
2019-12-04,68.48819732666016,68.53454022611167,67.3373260124958,67.60766370980268,7293766
2019-12-05,68.54999542236328,68.58089275158756,67.94753146917206,68.53454984563135,8267462
2019-12-06,68.6272201538086,68.9284551502317,68.54997993607762,68.74307739252556,7245872
2019-12-09,68.52680969238281,68.7430786003741,68.12516302342821,68.66584455704508,8054823
2019-12-10,68.82032775878906,69.152460126434,68.3646184354622,68.43413278894326,8663711
2019-12-11,68.72764587402344,69.12156674197658,68.62723418801497,68.85122901251384,6821746
2019-12-12,69.18334197998047,69.484576953452,68.67355781694909,68.77396947477293,6863876
2019-12-13,69.36221313476562,69.67328632054972,68.77894236152478,69.36998576718872,7571800
2019-12-16,69.43997955322266,69.99214116460331,69.3544370663955,69.71994978433352,10355183
2019-12-17,69.23001098632812,69.56441454046846,68.84116790901892,69.47109319681131,11690545
2019-12-18,69.69664001464844,69.99216181653212,69.31556948258935,69.48666694294015,11578199
2019-12-19,69.984375,70.06213864317317,69.59552569360031,69.90660513872007,7602716
2019-12-20,71.22089385986328,72.04524683935546,70.64540192255342,71.12756630546534,17849641
2019-12-23,71.34532165527344,71.56307350433744,71.1120121053511,71.41531265481838,7895946
2019-12-24,71.11201477050781,71.33754547845349,70.82427191111476,71.2675544762854,2343223
2019-12-26,71.03424835205078,71.3297700764527,70.82427533539455,71.2364487357166,3062675
2019-12-27,71.1586685180664,71.31420820871695,70.97980471373432,71.29865672689408,3758966
2019-12-30,70.79316711425781,71.30644071341038,70.55985754113038,71.18201018469705,3932934
2019-12-31,70.73094940185547,70.76205858885115,70.33432747650679,70.70761906613534,4710760
2020-01-02,71.5786361694336,71.65640603155727,70.279897504478,70.8320529547745,8251428
2020-01-03,70.96424865722656,71.60195269831429,70.38875676297648,70.52096612490175,5903698
2020-01-06,71.26753997802734,71.34530981509509,70.76203914613941,70.94868799872297,7522963
2020-01-07,69.3699951171875,70.86316153366107,69.30778295888783,70.61430046424881,11132275
2020-01-08,68.90337371826172,69.60329616742894,68.75561286504696,69.28444412723422,15200506
2020-01-09,69.51001739501953,70.03107012563616,69.0433979977818,69.17560744881014,9714750
2020-01-10,69.62661743164062,70.07767878315346,69.56439907096738,69.77437826560809,5945304
2020-01-13,69.611083984375,69.70441155789948,69.23001971038607,69.61886283669556,10261492
2020-01-14,69.93771362304688,69.93771362304688,69.11336670831805,69.42443995985789,8625669
2020-01-15,71.1897964477539,71.24423597562887,70.06214272072651,70.06992157273926,9614038
2020-01-16,70.90982055664062,71.59419159065048,70.8087203609131,71.43865187136097,7252474
2020-01-17,70.74650573730469,71.25977933133552,70.66095702924635,70.98758794112284,10131226
2020-01-21,69.96881866455078,70.74651107444485,69.76661826489192,70.55208952649805,10022129
2020-01-22,69.71995544433594,70.34988696094793,69.69662510802489,70.12435623120322,7800474
2020-01-23,68.87228393554688,69.72774632954071,68.6389805321724,69.72774632954071,13198093
2020-01-24,66.8658218383789,69.08224075854093,66.55474244419895,68.92670106145096,14954960
2020-01-27,66.95915985107422,67.27801195687098,65.87817298863347,66.18147360808915,10847534
2020-01-28,67.0758285522461,67.43356254049652,66.80363707979343,67.2235894596316,9496347
2020-01-29,67.845703125,68.56117690664371,67.21577180977965,67.34798115201225,8511227
2020-01-30,67.27024841308594,67.7601918072705,67.03693877779855,67.62020975696295,11016471
2020-01-31,66.44586944580078,67.40242552221996,66.10368708763974,67.17689482749887,9621583
2020-02-03,67.92349243164062,68.60785723162796,66.91249049787777,66.91249049787777,9729318
2020-02-04,68.71672821044922,69.36998374700357,68.48341866432611,68.77116150824943,15091305
2020-02-05,66.74919128417969,67.45688655896936,65.32601566374635,65.85484707023281,29290133
2020-02-06,66.63252258300781,67.06025370700819,66.30589787402525,66.89694135251692,16110170
2020-02-07,66.16590881347656,66.83472214419125,65.971487273564,66.79584032345139,11419427
2020-02-10,66.61697387695312,66.86583495386797,66.05703956294819,66.16591239778158,10590983
2020-02-11,66.29810333251953,66.88136782148908,66.06479380606856,66.77249501696282,10252689
2020-02-12,64.74273681640625,66.28257016752403,64.47054540271674,66.13480307393154,19630926
2020-02-13,63.7473030090332,64.49388007027713,63.34290217819107,64.49388007027713,19388734
2020-02-14,64.276123046875,64.39278094992729,63.51398834172021,63.94949211092098,8743464
2020-02-18,64.12837219238281,64.63387326963502,63.97283244275016,64.45500317936825,10017308
2020-02-19,63.770633697509766,64.63386867583392,63.436223881378254,64.610538336858,11740220
2020-02-20,64.15167999267578,64.41609871776667,63.55285776328937,63.94170700074489,10941330
2020-02-21,64.03506469726562,64.26059551764152,63.545121219739336,63.91841296883298,9295970
2020-02-24,63.24956512451172,64.22945154913933,62.65851551147421,62.689624694919516,13734145
2020-02-25,62.42521286010742,63.72395132938914,62.09858197564242,63.40509929539655,13171683
2020-02-26,62.1685905456543,63.482887087327136,62.036381140787626,62.72853113958917,11940283
2020-02-27,60.72207260131836,63.57619588521749,60.659860446566505,62.767400564804845,15734253
2020-02-28,59.53999710083008,60.26325006970883,57.68909031636454,59.63331845988344,29246117
2020-03-02,63.280677795410156,63.42066603333156,59.94438991164068,59.98327173333137,18840525
2020-03-03,61.53865051269531,64.08170074116872,60.589873122852026,63.304008341816825,17394599
2020-03-04,64.52495574951172,64.60272557798339,62.12189478758478,63.381751085375974,20224199
2020-03-05,63.44401550292969,64.36946905019123,62.94629321379158,63.40512745140465,15017840
2020-03-06,63.926170349121094,64.25280132889007,61.77196911492352,62.19192145516715,14208574
2020-03-09,61.406455993652344,62.775192073342964,59.87440131585853,60.659872677457464,18942810
2020-03-10,63.78617858886719,63.91060912324228,60.27101443824419,62.58853391824359,17527486
2020-03-11,61.631988525390625,62.33968381646362,60.68320475660454,62.083043851007815,14274179
2020-03-12,57.899070739746094,60.706533946360146,56.97361732917332,57.860182693964795,22664782
2020-03-13,60.18082809448242,60.557203445702655,56.66014837073247,59.765249720405095,25857094
2020-03-16,54.82533264160156,59.663323720746995,52.62980627946007,55.491828021310866,20808354
2020-03-17,58.40089797973633,59.64763961179016,55.970140818187254,56.18185473695797,24745795
2020-03-18,56.16617202758789,58.54204007980575,53.97065171942108,56.02503358588319,18558508
2020-03-19,55.46046447753906,57.13063396735916,54.033375095450296,55.94661842352614,19268738
2020-03-20,55.9544563293457,56.84834553738813,53.71188392652654,54.53520392385114,23075912
2020-03-23,52.065250396728516,56.150490976606356,51.16351796348146,55.09977699018678,18375003
2020-03-24,54.143150329589844,54.69203034560826,52.68469484955225,54.09610418758544,19901939
2020-03-25,53.492332458496094,55.18601857074349,52.33968322391802,53.64131399115721,18311494
2020-03-26,57.65599060058594,58.16566134648837,53.39824555212605,53.42960546886042,18052848
2020-03-27,56.24458694458008,57.57758416550199,55.86821147994835,56.29947620869899,12467218
2020-03-30,60.33766174316406,60.839495619797106,57.14631075842421,57.72655696196557,15803316
2020-03-31,60.329811096191406,60.847324865793595,59.21636497039568,59.7887742584016,15079672
2020-04-01,57.86769104003906,59.177164888999876,57.23256189791867,58.54202947740471,11665288
2020-04-02,60.27492904663086,60.47095672809985,58.048042798529714,59.577067491253146,12843345
2020-04-03,59.78878402709961,60.72187633345442,59.05955625518816,59.81230709913059,10039211
2020-04-06,62.97227096557617,63.39569870166414,61.08255745506424,61.41972349816701,14314108
2020-04-07,61.60007095336914,64.27390756888174,61.47461250931361,64.04651374718897,10657950
2020-04-08,63.999481201171875,65.08156140055813,61.42758543482159,62.08624403783512,11481888
2020-04-09,64.6816635131836,65.30895593424422,62.870361741320266,63.64663572054055,13876568
2020-04-13,63.15264129638672,64.66598628533352,62.59591807365154,64.1563092124807,7706678
2020-04-14,64.95608520507812,65.23836828217777,63.30160230377414,64.55618679146788,12155333
2020-04-15,64.35232543945312,65.05018698726201,63.1683162499898,63.69367318919791,10809072
2020-04-16,65.08155059814453,65.34031063555214,64.50130442698878,64.80711060402051,9145058
2020-04-17,65.44224548339844,65.99112546707964,64.64244857749298,65.82646397976521,15433162
2020-04-20,65.15997314453125,65.9676132969088,63.32514206392355,64.94042236867864,11675768
2020-04-21,61.60007095336914,64.5326612994829,61.32563099883979,63.9994613448784,17876574
2020-04-22,62.71352005004883,63.23887691827819,61.811787831320494,62.10190775443512,11933890
2020-04-23,63.419219970703125,64.20333052470386,62.86249696334145,62.87817691741088,8152497
2020-04-24,63.850494384765625,64.37585761660071,63.529008224138884,63.983795971162245,7686451
2020-04-27,65.8499984741211,66.39103543863988,63.380031849550456,63.69368119148523,12786753
2020-04-28,63.65446090698242,64.47778088330357,62.862507113338474,63.65446090698242,20273560
2020-04-29,63.33296203613281,64.44640800666669,61.96859919360316,64.44640800666669,13687194
2020-04-30,62.211692810058594,63.042855913747,62.054868163443814,62.5880682002491,11638878
2020-05-01,60.9022102355957,61.83530859953691,60.32196414146862,61.83530859953691,9518565
2020-05-04,60.267093658447266,61.18450598845256,59.76525977241608,61.17666287477226,8850255
2020-05-05,61.16880798339844,61.78826337746001,60.19650658379276,60.5728819258473,7401395
2020-05-06,60.470951080322266,61.66280955427762,60.43959116823829,61.435415709558335,12414922
2020-05-07,59.279109954833984,60.470962382066446,59.145808360402434,60.37687008927984,12602410
2020-05-08,59.90639877319336,60.345500292921095,59.56922638490475,59.98481110231805,8791672
2020-05-11,61.09041213989258,61.215870608191956,59.53002126489244,59.61627043526846,10622528
2020-05-12,60.525856018066406,61.709871686142385,60.470966753481044,61.278606953726815,9544660
2020-05-13,61.07472229003906,61.78827002906022,60.047531533612066,60.110263898778136,10935146
2020-05-14,62.76842498779297,62.83115109381867,60.58074154063433,60.59642149977179,11407585
2020-05-15,62.55670928955078,63.16047860668134,61.81180153574388,62.81546935959979,9367234
2020-05-18,62.509666442871094,63.51333431969448,62.12544787456339,63.51333431969448,12552630
2020-05-19,60.80812072753906,62.51749290872613,60.651296096179394,62.313622141853436,10591822
2020-05-20,60.290618896484375,61.34916969392044,60.12595112013336,61.184508187045004,11027685
2020-05-21,60.02402114868164,60.40039661079149,59.80447036315327,60.18868893993504,9000329
2020-05-22,59.88287353515625,60.110267400549304,59.64763655629183,59.726048882579974,6357482
2020-05-26,60.58072280883789,61.63143648305959,60.30628285719712,61.36483964330036,19146017
2020-05-27,60.80812072753906,60.87868993080861,59.592739238713165,60.376856126037154,12828987
2020-05-28,61.9764518737793,62.95659644818214,61.56087348326868,61.63144268888657,13180906
2020-05-29,63.29376220703125,63.466266781536326,61.40404246038312,62.305774622712434,13517104
2020-06-01,62.384193420410156,63.089898015530444,62.04702107871785,62.87034728600789,6269241
2020-06-02,63.38786697387695,63.403546931206854,61.811796156904016,62.36851928002994,11352984
2020-06-03,64.34447479248047,64.57186860719126,63.40353335621801,63.513311842448665,13675457
2020-06-04,63.944576263427734,64.42288695747759,63.38785326074157,63.72501929145655,9292930
2020-06-05,64.50131225585938,65.18349390215909,63.89754921108449,64.38369689252345,10413347
2020-06-08,65.0031509399414,65.23838795336732,63.63095070198051,63.63095070198051,9956838
2020-06-09,64.50131225585938,65.48145700226056,64.39154000657105,65.23054004749346,8846168
2020-06-10,64.11709594726562,64.90904979305327,63.50548355742745,64.64245289643101,9080920
2020-06-11,60.65129852294922,64.03083372796767,60.65129852294922,63.36433842223291,14303838
2020-06-12,60.30354690551758,61.59181412255568,59.647558271053704,61.56019861359942,17000656
2020-06-15,58.50156021118164,59.568531665479554,58.145903059749,59.204975375096105,17684162
2020-06-16,60.833091735839844,61.18084344452507,59.14174698616739,59.576439781679646,21437050
2020-06-17,60.295658111572266,61.21246388949805,59.774030506534466,61.1413337141718,13983045
2020-06-18,60.24033737182617,60.287757487543004,59.560632195053365,59.77402903509093,7750903
2020-06-19,61.5681266784668,61.63135140028522,59.91629630015549,60.959557924315924,17691393
2020-06-22,60.65919876098633,61.354701982057286,60.40628734981332,61.149216989875164,7474231
2020-06-23,60.951629638671875,62.137151182444164,60.769854681946185,61.25196117329191,11428650
2020-06-24,59.96369552612305,60.76985626340527,59.631754793449,60.64340054452124,8084901
2020-06-25,60.516944885253906,60.82517556589774,59.521103728319765,59.789819761471676,7583328
2020-06-26,59.426265716552734,60.643402846935686,59.27609993963358,60.34306497378682,12328882
2020-06-29,60.16129684448242,60.46952757156428,59.68708308727239,59.987414675251976,7230990
2020-06-30,61.11762619018555,61.3784368438639,60.22453043366651,60.659223282213375,9940804
2020-07-01,61.74199676513672,62.39008011965609,60.95164674108758,61.19665910332309,9948769
2020-07-02,62.26362228393555,62.68251049996095,61.82103032964607,62.09765188090493,6827825
2020-07-06,62.89588165283203,63.243639589057175,62.35844963371183,62.62716564327193,8058282
2020-07-07,62.21620178222656,62.974936258561605,62.11345609359921,62.43749775799636,6956414
2020-07-08,61.58390426635742,62.405869524643464,61.23615265061014,62.14505265317812,8211394
2020-07-09,60.611793518066406,61.92377099519592,60.09806511341525,61.599729355074125,7966058
2020-07-10,60.643409729003906,61.13342176432321,60.38259279452023,60.65921432651666,5161400
2020-07-13,61.13341522216797,62.10554636898509,60.643403239287004,60.856793719774025,8114245
2020-07-14,61.8447380065918,62.129265005860674,61.14132912673354,61.283589466712236,8397100
2020-07-15,62.785255432128906,63.204137323791485,62.311047967019356,62.62718417065517,7709717
2020-07-16,62.753639221191406,63.077680880106755,62.23991078674538,63.05397082307937,5850774
2020-07-17,63.1251106262207,63.42544227393531,62.68251861463471,63.00656032299455,8191378
2020-07-20,62.76153564453125,63.38590881544693,62.49281327782527,63.125091906382494,5434194
2020-07-21,62.35055923461914,63.32268416930312,62.271523608177056,63.006547982846065,8967526
2020-07-22,62.26362228393555,63.03816768290972,61.66295906626623,62.69040963961174,12362103
2020-07-23,61.69456100463867,62.59555563284552,61.25986828567016,62.55604098535308,11558916
2020-07-24,60.93583297729492,61.639241801989215,60.350974426619054,61.52859066669803,9068763
2020-07-27,62.382179260253906,62.54814966426661,60.31146718338507,60.3904964962309,10958307
2020-07-28,62.98282241821289,63.393805046788565,62.41376857567584,62.5876507026192,8494564
2020-07-29,62.714107513427734,63.02233817097329,62.23199472587923,62.63507190505636,6398040
2020-07-30,62.429588317871094,62.65878971473737,61.354711494089116,62.22409697452129,7152600
2020-07-31,63.41752243041992,64.55562392779193,62.556042429813374,63.9312444562355,12291154
2020-08-03,65.2353286743164,66.23116362701367,64.69789022659869,64.92709163874399,10601463
2020-08-04,64.54773712158203,65.24324063351013,64.07352960714813,65.24324063351013,7218729
2020-08-05,64.52400207519531,65.17999067327206,64.13672949006583,64.86384823986599,6492465
2020-08-06,64.05770111083984,65.11676700751154,63.68623939704589,64.38174903744391,7256562
2020-08-07,64.03400421142578,64.03400421142578,63.25155965481771,63.85222920560408,6977584
2020-08-10,63.94706344604492,64.18416400503523,63.46495055034961,64.02609907214546,5782445
2020-08-11,63.94706344604492,64.70579787343644,63.72576116523894,64.61095133052905,7636671
2020-08-12,65.34599304199219,65.5277743983291,64.28692674597552,64.31063680816617,7295652
2020-08-13,66.02564239501953,66.09677884743421,64.81641117428472,64.91125767106824,7455262
2020-08-14,65.97823333740234,66.72906838610503,65.7332273981917,65.89919773652262,7390496
2020-08-17,66.98989868164062,67.3218457755453,66.39714097912672,66.61053147707972,8764319
2020-08-18,66.83181762695312,67.18747472400004,66.20744450251286,67.09263451660358,6551572
2020-08-19,67.20329284667969,67.74072495911416,66.83182479568099,66.83182479568099,6896050
2020-08-20,67.20329284667969,67.42458879411217,66.69746992722781,67.02151155013088,6380434
2020-08-21,67.16375732421875,67.32182853212615,66.48405871338838,67.25860384054889,6890495
2020-08-24,67.51154327392578,67.551057932653,66.76861334376994,67.33766108145211,7582280
2020-08-25,67.7170181274414,68.19913101544515,67.33765091979804,67.89879943264137,10245982
2020-08-26,67.60636901855469,67.71701383086088,66.91085935568235,67.42458772488857,7844175
2020-08-27,67.82765197753906,68.09636797805193,67.24279355824909,67.53522592754886,6464902
2020-08-28,67.69329833984375,67.87507961890952,67.10843985556313,67.87507961890952,6134049
2020-08-31,67.39295959472656,67.91459332404003,67.29021394012297,67.6537764593833,7929273
2020-09-01,66.72908020019531,67.81185611726056,66.32600298786218,67.45619900998894,6797433
2020-09-02,68.7049560546875,68.92625833871327,66.6026285916223,66.76860530464162,11571597
2020-09-03,67.56685638427734,69.39256236531827,67.13216990058227,69.30562127699231,12983672
2020-09-04,67.36925506591797,68.6733268574484,66.58681072713767,67.61426103806136,9359688
2020-09-08,65.85970306396484,67.9225094909105,65.59888613391473,67.9225094909105,9095592
2020-09-09,67.08473205566406,67.82766179184055,66.12051270521948,66.20744745944549,8862307
2020-09-10,66.04940032958984,67.08475653588584,65.82020517427887,66.96620622808487,6907578
2020-09-11,66.76860046386719,67.08473663063745,66.21535743253605,66.26277754158605,7171254
2020-09-14,66.99944305419922,67.74777600681661,66.65711884043013,67.03128849937376,8575994
2020-09-15,67.03926849365234,67.80352125306293,66.59345756663221,67.4532403296511,10826678
2020-09-16,68.1219711303711,68.54389960631713,67.27014485687441,67.27014485687441,10380230
2020-09-17,68.17769622802734,68.28118919489839,67.23033997946656,67.97071029428528,8090455
2020-09-18,68.31302642822266,68.70311578236642,67.62042750297253,68.12196641167708,12308446
2020-09-21,66.17949676513672,67.93887099621033,65.35155932036434,67.6045095625591,10445311
2020-09-22,66.02821350097656,66.52975227680851,65.43910133058043,66.15558893335219,8143170
2020-09-23,65.78143310546875,66.72878918548685,65.74162469783845,66.14763353709314,7085842
2020-09-24,66.19540405273438,66.45811153254026,65.16047458138243,65.35950388644568,7844280
2020-09-25,66.02024841308594,66.26704268145929,65.1206638271373,65.39929717862226,6932101
2020-09-28,65.88493347167969,66.63326032834064,65.72571255377525,66.23521439885171,6123674
2020-09-29,65.20030212402344,66.19542348031057,65.04108117935192,65.82125362380518,6742413
2020-09-30,66.03617858886719,66.33073150094954,65.29580846642642,65.48686843852937,11593605
2020-10-01,64.99330139160156,66.34666638305096,64.68282252966706,66.2192909293295,8410305
2020-10-02,64.3245849609375,65.07291821173527,64.0459515264934,64.3245849609375,5255406
2020-10-05,64.67487335205078,64.91370476563257,64.18129734203082,64.66691676062258,8807182
2020-10-06,63.393150329589844,64.59525103798802,63.30557691775026,64.5872944480186,10273230
2020-10-07,63.71955490112305,63.96634288472621,63.29762644219449,63.759356950630945,9845226
2020-10-08,64.06983947753906,65.14457125834325,63.81508852350872,63.99819196520671,9217160
2020-10-09,63.97430419921875,64.54749061600604,63.72751622194792,64.38827605678716,5956098
2020-10-12,63.97430419921875,64.26090059024861,63.61606030174953,64.09371670995101,8276370
2020-10-13,64.25293731689453,64.42807778686043,63.719552951229915,63.92653887899117,9125774
2020-10-14,64.09371185302734,64.42807322301272,63.74343093790817,64.36438867720557,9166122
2020-10-15,62.93937301635742,63.63993481170354,62.71646120395491,63.52847890550228,9151974
2020-10-16,63.55236053466797,63.92653029163775,62.97917419771049,63.13043214532924,7903492
2020-10-19,62.628902435302734,64.07779758095658,62.35822558885008,63.78323823220193,8614455
2020-10-20,62.31044387817383,62.867710602841555,62.15918594905747,62.867710602841555,11144746
2020-10-21,62.1512451171875,62.772196533252185,62.119399659491975,62.30250308465078,9689808
2020-10-22,63.058780670166016,63.249840648673036,62.17511553902875,62.17511553902875,6075990
2020-10-23,63.55236053466797,64.18128118923475,63.098586691811725,63.098586691811725,7309381
2020-10-26,62.76424026489258,63.52848669660072,62.30250340439111,63.15432325389329,9122840
2020-10-27,62.08755874633789,63.87081539400076,62.08755874633789,62.83589204795945,12241374
2020-10-28,60.64661407470703,61.880560154442925,60.519238625912074,61.402903812779726,8989954
2020-10-29,60.415740966796875,60.97300771617938,59.44450244978014,60.63864639349567,9314310
2020-10-30,59.874412536621094,60.415759912885825,58.86337166270712,60.009750972005534,11096748
2020-11-02,61.06855010986328,61.187968984184074,60.21673026986376,60.86156418399774,8145475
2020-11-03,61.235713958740234,62.278599837381044,61.108338535659904,61.67356180379679,7693578
2020-11-04,64.18128204345703,65.98842084950843,63.321499343941746,63.63993478754045,14731422
2020-11-05,64.05391693115234,65.9963880907406,64.03799101897545,65.32767164167217,9277210
2020-11-06,63.97430419921875,64.59525562029894,63.24985344847401,63.24985344847401,6945515
2020-11-09,64.08576202392578,67.80352680090296,63.96634314437219,67.49305426377242,11184046
2020-11-10,64.57137298583984,65.30378669089008,64.49176888902973,65.10475735304757,8593914
2020-11-11,64.53157043457031,65.17641071672311,64.1574069944433,65.17641071672311,5741678
2020-11-12,63.57623291015625,64.48378036049476,62.915466973442726,64.12553660583063,7464799
2020-11-13,64.5554428100586,65.16047458393645,63.46479175312842,63.87876354168542,7694206
2020-11-16,63.83101272583008,65.19233451948175,63.448886305025134,64.66691307785224,9503474
2020-11-17,64.88184356689453,65.24805037250788,64.01409791620902,64.531562670821,9509133
2020-11-18,63.886714935302734,65.25600563492047,63.870795392911106,64.82610797236727,8678174
2020-11-19,63.99819564819336,64.30071162785454,63.15433226874584,64.30071162785454,7037110
2020-11-20,64.04594421386719,64.33254057137236,63.47275786412851,64.06186375834515,8415440
2020-11-23,63.91060256958008,64.61117070073776,63.19412126002231,64.17331641442313,9498548
2020-11-24,63.79916763305664,64.3962365885325,63.424997801074696,63.70363761862415,12790840
2020-11-25,63.735469818115234,64.05391165213707,63.369269347316674,63.79916073102846,6023590
2020-11-27,63.57623291015625,64.22902952896783,63.33740161862353,63.926513712188324,5644528
2020-11-30,63.99819564819336,64.11760817561927,63.218023193555204,63.687716711612666,14501910
2020-12-01,64.92164611816406,65.64609034398903,64.3404968736396,64.44398344995372,10166543
2020-12-02,65.14456176757812,65.8690061070932,64.71467039094095,65.23212881480258,7165805
2020-12-03,64.84205627441406,65.25602817227752,64.34051731524751,65.23213930253335,7085109
2020-12-04,65.23213958740234,65.24806550063467,64.57137968536077,64.59526218993618,8651554
2020-12-07,65.68592071533203,66.45017360172099,65.31971382029322,65.32767677700764,8829190
2020-12-08,66.21929931640625,66.66511027826012,65.48688559078941,65.51076809355756,8664969
2020-12-09,66.4501724243164,66.77657089527298,65.70980205591586,66.72880588637915,7168320
2020-12-10,66.06803131103516,66.82432105930131,65.85308245349023,66.60141561222365,7349205
2020-12-11,66.04412841796875,66.41033514737971,65.69384759478365,65.95656139480761,7979158
2020-12-14,64.4474105834961,66.66199042490567,64.22274482995074,66.30091748520762,13139300
2020-12-15,64.5758056640625,65.02514368225363,64.19066154084447,64.59185734557586,10087838
2020-12-16,64.0542221069336,64.79241945011607,63.90979553919978,64.41529494180509,9487649
2020-12-17,64.04623413085938,64.63999878229477,63.93389802377643,64.50359156877121,11710038
2020-12-18,63.813533782958984,64.33508504389658,62.94696123827746,63.957960401892834,33161759
2020-12-21,63.62095642089844,63.653053362548846,62.377265691220025,63.22779294395224,11140764
2020-12-22,63.725250244140625,64.18261390203912,62.77843882604107,63.38022906083128,9052414
2020-12-23,63.99808883666992,64.53568540868025,63.84563636470609,63.86168162971394,6056078
2020-12-24,64.302978515625,64.53567008846869,64.08633220398015,64.1906424406183,2957456
2020-12-28,64.55171966552734,65.10536140813166,64.29495697594938,64.71219795039825,4804242
2020-12-29,65.33002471923828,65.46642546890786,64.80044773404359,64.83254466977553,5708037
2020-12-30,64.6640625,65.57877727130526,64.62393971682347,65.52260922418174,5933357
2020-12-31,65.63492584228516,65.74725548766077,64.49553922058108,64.70415966768394,5511118
2021-01-04,64.9609375,65.86763279009847,64.09436499055559,65.79541948356793,10502637
2021-01-05,65.0732650756836,65.31397606596737,64.11842770612296,64.72823743555935,10956526
2021-01-06,66.10031127929688,66.38916444813431,64.43937348079321,64.65601977295897,10521396
2021-01-07,67.41621398925781,67.69704773158631,65.85156702041688,66.2367109883706,10447931
2021-01-08,66.62186431884766,67.69705724520897,66.23672029676875,67.69705724520897,9563105
2021-01-11,68.20254516601562,68.68397346253809,66.79837021248129,66.99897121694104,13488179
2021-01-12,66.66999816894531,68.31488429151568,66.23671200031991,68.29883903176572,10128606
2021-01-13,66.0682144165039,66.89467039783614,65.97193002678613,66.89467039783614,10093812
2021-01-14,65.93180084228516,66.43730667021929,65.6991093127376,66.13239543986893,11366398
2021-01-15,66.90269470214844,66.99898551443069,65.44235782788978,65.66702997434355,10203538
2021-01-19,66.750244140625,67.31993752990002,66.32498376605452,67.05514901589032,8467316
2021-01-20,66.16448974609375,67.0390878025232,66.0120373447372,66.7983704456533,11097901
2021-01-21,65.13745880126953,66.036128221043,64.96093525289922,65.64296476057498,9043716
2021-01-22,64.97698211669922,65.33805506129977,64.80045856397832,64.90476881088689,9436926
2021-01-25,65.11338806152344,65.14548500200685,64.23878973823719,64.76034096282223,9957677
2021-01-26,64.3912353515625,65.11338115032676,64.29495095587076,65.11338115032676,7748283
2021-01-27,61.83966827392578,64.24681696701587,61.6551188815775,64.07831925302591,16230376
2021-01-28,62.52170944213867,62.99511861073881,61.83968613447861,61.8477119759758,12972039
2021-01-29,61.83966827392578,62.88276433012111,61.2940459360601,62.577859427780005,10671470
2021-02-01,62.072357177734375,62.85066466264562,62.05630550007234,62.57785671331593,8224599
2021-02-02,62.401336669921875,63.324077227884786,62.34516862602971,62.41738193294578,9866710
2021-02-03,62.04024887084961,62.7062265677984,61.903841713408156,62.29701151101149,10034810
2021-02-04,61.00517272949219,61.79151232800702,60.61200934577226,61.759415393967394,18867563
2021-02-05,60.82062530517578,61.767436672939354,60.50769465634291,61.326124712959945,13901825
2021-02-08,60.210819244384766,61.133559670206246,59.90591438182164,60.86075174463347,16718534
2021-02-09,60.210819244384766,60.31512947794984,59.66520339323921,60.258961442101246,13484616
2021-02-10,60.09047317504883,60.48364307211805,59.809639367296256,60.435500866850646,11721566
2021-02-11,59.970115661621094,60.25896888359102,59.56090051495817,60.02628370440598,8780982
2021-02-12,60.178733825683594,60.26699239046819,59.809635057842684,59.95406166323854,6738116
2021-02-16,59.576942443847656,60.52375403246901,59.4164641635963,60.475611831501304,9734453
2021-02-17,60.612022399902344,61.02926338566712,59.673230181931594,59.74544990295924,13876463
2021-02-18,60.5077018737793,60.88482001540006,60.210816447600486,60.39536580730011,10004627
2021-02-19,59.625083923339844,60.5879471776586,59.58496756153168,60.53177913869642,12388198
2021-02-22,60.122562408447266,60.226872644998835,59.15969917993568,59.77753476088323,8612464
2021-02-23,59.80963134765625,60.94901810467244,59.745443887752714,60.41142166388522,10900458
2021-02-24,59.833702087402344,60.395369624219484,59.68927549183388,60.01825145876528,9838834
2021-02-25,59.87382125854492,60.17872610785837,59.44052866684918,59.54483889588145,10906955
2021-02-26,58.26905059814453,59.94603365995186,58.204863143446325,59.7293873673278,17644862
2021-03-01,58.07648849487305,58.88689289488439,57.91601021637271,58.74246629355715,12594864
2021-03-02,58.4536018371582,58.96712715342402,58.092528948187685,58.445575999235956,16047290
2021-03-03,58.8146858215332,59.15970709974757,58.10858517069269,58.42954176167632,13939972
2021-03-04,57.907981872558594,58.83072231070806,57.54690896932288,58.71839265304821,15975188
2021-03-05,58.678279876708984,58.90294564585197,57.7796103845978,58.18080613185947,12241164
2021-03-08,59.512752532958984,60.628061779088036,58.894916953391174,59.67322439107067,15391347
2021-03-09,59.48869323730469,60.547834656258935,59.480667397368215,59.825688697083166,14189920
2021-03-10,59.98614501953125,60.363263125250576,59.45657450412514,59.98614501953125,12827310
2021-03-11,59.88184356689453,60.46758219593983,59.849746629752,60.090464035013866,13205324
2021-03-12,60.383705139160156,60.618441220980856,59.889950378910235,59.92232933169074,11493940
2021-03-15,61.703060150146484,61.97017509393411,60.77221249550468,61.11217520435115,17999295
2021-03-16,62.172550201416016,62.463947818142515,61.630230274903774,61.63832663067334,15697887
2021-03-17,62.56916046142578,62.73104223700266,61.4926107347633,62.107784780815706,17533878
2021-03-18,62.54487991333008,63.2895568153924,62.49630825997515,62.536783559119954,14274179
2021-03-19,62.73915100097656,63.33813245761801,61.533098204053296,62.528697532001985,58225203
2021-03-22,62.73915100097656,63.13577534419073,61.144570216386434,61.35502368536101,11352879
2021-03-23,61.73544692993164,62.58535057400009,61.54117972653843,62.39917972505419,11651245
2021-03-24,61.71117401123047,62.067323056051166,61.44405899166142,61.57356832358777,9135416
2021-03-25,61.57355499267578,62.01064808430649,60.95838741718854,61.85685619043468,10700918
2021-03-26,62.642005920410156,62.70675733387115,61.39547811020836,61.63831047247424,10389767
2021-03-29,63.378597259521484,63.580960831981706,62.463942129513605,62.58535509546454,11448562
2021-03-30,62.293949127197266,63.20051425215306,62.156349941594456,63.13576283632332,10123366
2021-03-31,62.3991813659668,62.88483967936213,62.034936012943746,62.40727772062702,13598219
2021-04-01,62.3991813659668,62.698675297426696,62.18063803729669,62.455842904775935,9121373
2021-04-05,62.32633590698242,63.06292299507441,62.148261401180356,62.74724281446356,9828144
2021-04-06,61.346927642822266,62.277775546862706,61.2255146685278,62.25349295200382,13394698
2021-04-07,61.61403274536133,61.840672418216904,61.290256236791166,61.581653800123135,8970566
2021-04-08,61.10408401489258,61.84067102496043,60.93410588205695,61.58165241270229,12007984
2021-04-09,61.767826080322266,61.82448114592292,61.05552162806352,61.120279520044335,8177439
2021-04-12,61.69497299194336,62.002556772594716,61.50070580463932,61.81638593906745,9970672
2021-04-13,61.86496353149414,62.13207854067087,61.411677651433834,61.49262178972699,8627346
2021-04-14,61.840660095214844,62.15634018659335,61.533076356509014,61.75971598420206,8415545
2021-04-15,62.05112075805664,62.593440540654825,61.55736615337406,61.55736615337406,14541734
2021-04-16,62.7067756652832,62.93342185841689,62.18064843442626,62.52870113632622,12512806
2021-04-19,62.86056900024414,62.96579574314413,62.30206280478071,62.89294795311508,8536903
2021-04-20,63.59713363647461,64.05850928153797,62.87673940415758,62.87673940415758,11009345
2021-04-21,64.13134002685547,64.34179338213812,63.678060855403174,63.88851421068582,11817248
2021-04-22,63.1033821105957,63.99376097442871,62.77961209677808,63.94518932404589,13330560
2021-04-23,63.03864288330078,63.297661533190855,62.698680096331714,63.02245017274096,8598840
2021-04-26,62.75532150268555,63.06290524174487,62.569150694332635,63.02242995023965,7834219
2021-04-27,62.61772918701172,63.087201248151416,62.50440611297593,62.66629436962534,9095802
2021-04-28,62.3991813659668,63.16005101874757,62.21301698403137,62.82008825779898,11628398
2021-04-29,59.63901901245117,61.3064474570332,58.96718982165186,61.112186713624446,30602753
2021-04-30,60.30274200439453,60.77221402020359,59.477121035870105,59.55806515637912,18052114
2021-05-03,61.500728607177734,61.53310756238442,60.076125769070266,60.10850472427696,12543302
2021-05-04,61.50880813598633,61.89733607644697,61.136466432746744,61.5816559113403,10418587
2021-05-05,62.8929443359375,62.91722693121728,61.306453399394826,61.597851014659206,16795143
2021-05-06,62.95769500732422,63.02244642999797,62.075412379038504,62.682483663218434,12871641
2021-05-07,63.46763610839844,63.66999320372085,63.04672920810776,63.143859578357514,12237496
2021-05-10,63.27338790893555,64.09091280708479,63.26529155250789,63.79951516667306,10939758
2021-05-11,62.698673248291016,63.669989843336836,62.44774450918095,62.99816069805678,12148102
2021-05-12,63.13575744628906,63.56475414626543,62.569155100551946,62.90102144912311,13379711
2021-05-13,63.69427490234375,63.93710729646633,62.844371230774094,63.04672832325645,10830451
2021-05-14,63.370506286621094,64.06661806594634,63.313844746182895,63.993770287628536,8273122
2021-05-17,64.64940643310547,64.8922388314935,63.613331888366666,63.67808978336602,12532508
2021-05-18,64.25279998779297,64.592756345141,63.8561756083436,64.22042103455256,7943106
2021-05-19,64.23658752441406,64.26896646769892,63.095286402795836,63.888534917794686,9132796
2021-05-20,64.47943115234375,64.74654615526012,63.86426348202159,63.88854607574975,7345222
2021-05-21,64.09090423583984,65.02984199529627,64.00996009811129,64.6979755609439,10863987
2021-05-24,63.96946334838867,64.47131424530424,63.9128082956876,64.37418390135431,8737910
2021-05-25,62.731056213378906,64.14756898658912,62.698683734194375,63.94520539619689,14331714
2021-05-26,62.512508392333984,62.94960154919041,62.302054933124104,62.7715270387605,9686454
2021-05-27,61.45214080810547,62.81198523564615,61.41976186480782,62.73104111335478,17675149
2021-05-28,61.427852630615234,61.84066308641466,61.3550048687515,61.53307933283116,13969735
2021-06-01,60.85316467285156,61.63022054686288,60.731751715007945,61.5654691266483,15798914
2021-06-02,61.411678314208984,61.58975930351991,60.92601995111547,60.95839890116354,11830453
2021-06-03,62.696800231933594,62.77314283968301,61.84002984860954,62.111481018229206,15974400
2021-06-04,62.86644744873047,63.180315456183116,62.68830824619972,62.94279004756981,12728500
2021-06-07,61.755191802978516,62.942786418035396,61.73822246738899,62.89189135507732,16794400
2021-06-08,61.4158821105957,62.069059210864374,61.14443096254944,61.88243533310022,13657700
2021-06-09,62.80707550048828,63.02763159987497,61.882440700075236,61.92485757484798,12258700
2021-06-10,64.5884780883789,64.86841394607605,63.40087671455725,63.81654140213426,17236700
2021-06-11,64.69873809814453,65.19922995387243,64.13887298281921,65.07198582296498,13928400
2021-06-14,64.55329895019531,64.85275620067256,64.06562019353812,64.80141712849966,7841400
2021-06-15,64.76719665527344,64.82708680300473,63.928734587035215,64.59608381248016,14185700
2021-06-16,65.54576873779297,66.35001338139698,65.1864278863028,65.21209415747553,17576900
2021-06-17,66.07622528076172,66.28156196629888,65.01530492915934,65.31475562213761,14233200
2021-06-18,65.54576873779297,66.06767134342502,65.16076161513006,65.65699142205348,19351900
2021-06-21,65.66556549072266,66.12757807031369,65.49445262163155,65.78534580459394,10880800
2021-06-22,65.18643951416016,65.65700313384926,65.03243533211679,65.52866522755693,10957500
2021-06-23,64.66451263427734,65.24630526804366,64.63884636812413,64.89551555719083,9539100
2021-06-24,65.33186340332031,65.57142393050606,64.79285221715237,64.79285221715237,8601900
2021-06-25,66.05055236816406,66.70935041910167,65.0666438826011,65.07519495414589,50285200
2021-06-28,65.7596664428711,66.51257205561987,65.69977629785171,66.09334104048423,8796200
2021-06-29,66.0591049194336,66.1617765179452,65.72543038368966,65.87943451768955,7696600
2021-06-30,66.53824615478516,66.81203063958323,66.07624014031222,66.22168671996248,13811900
2021-07-01,66.7264633178711,66.86335880168834,66.31578992149126,66.43557020606337,9212000
2021-07-02,67.24835205078125,67.39379857667383,66.52967049164057,66.76923101135414,7668000
2021-07-06,66.82913208007812,67.03446876950922,66.35856203394887,66.85479835031505,6720500
2021-07-07,67.21414184570312,67.25692331614628,66.8462433935141,67.08581048944549,8275100
2021-07-08,66.83770751953125,66.991711709595,66.14468540047568,66.53825021340805,8400400
2021-07-09,66.7264633178711,67.3253712682676,66.68368837483017,67.09436177121,6006500
2021-07-12,66.35002136230469,67.10292702659052,66.21312586286908,66.35002136230469,11087900
2021-07-13,66.40135192871094,66.53824089652366,66.08478599136824,66.22168148671746,6465800
2021-07-14,66.40989685058594,66.49545325507718,65.7767650967732,66.39278165316654,7163200
2021-07-15,66.64945983886719,66.7692401150555,66.05910952941375,66.40989928649057,7041300
2021-07-16,66.75211334228516,67.06012157837132,66.41843884111421,66.7435622722798,7638200
2021-07-19,65.9222412109375,67.02593031153121,65.15222024624855,66.57247533441925,9830600
2021-07-20,65.16931915283203,66.84624982036267,64.98109110884266,66.04201162450337,11627600
2021-07-21,65.35752868652344,65.41741881741852,64.71584591513262,65.29763855562835,7429300
2021-07-22,65.4773178100586,65.69976969529058,65.09231070613086,65.53720794905925,8708900
2021-07-23,66.3414535522461,66.46123383205062,65.64843814372914,65.70832828363139,6560800
2021-07-26,66.08477020263672,66.40133606434665,65.845209670547,66.2729982000029,5071800
2021-07-27,66.606689453125,66.84625004535906,65.65699815709957,66.02489664589804,8136000
2021-07-28,67.01737976074219,67.30827294548669,66.28158266957513,66.61525733562327,11037900
2021-07-29,65.81954193115234,66.66656137282192,65.71687033646657,66.35000204572665,11583000
2021-07-30,65.76823425292969,66.5296975839033,65.6826712945879,65.98212859370963,13004500
2021-08-02,65.17787170410156,66.10189665162962,65.14364783261503,65.81955460751782,9083400
2021-08-03,65.37466430664062,65.71689000293827,65.18643625715487,65.33188283083504,9952400
2021-08-04,64.57897186279297,65.44310016085487,64.56185666286007,65.44310016085487,10893400
2021-08-05,64.6730728149414,64.7586357508846,64.10839529742255,64.6131826763025,8701600
2021-08-06,64.54475402832031,64.73298207997291,64.15974032424813,64.69875820444182,8670700
2021-08-09,64.44206237792969,65.21208301927211,64.16827798628958,64.89551716462724,7867000
2021-08-10,64.33084869384766,64.47629524431392,64.01428279500723,64.29662482417282,11243100
2021-08-11,64.34795379638672,64.82707489019243,64.288063659661,64.66451967767141,6952200
2021-08-12,65.0580825805664,65.07519125021771,64.21961416187918,64.2709532259034,6077100
2021-08-13,65.63987731933594,65.68265225857263,65.21208876175689,65.33186903567619,6810400
2021-08-16,66.6751480102539,66.74359576985579,65.57145236493982,65.64845772637632,9368400
2021-08-17,67.44514465332031,67.64192373175752,66.58956754959442,66.64945768575383,10311600
2021-08-18,66.55534362792969,67.65048127540116,66.52111976050429,67.48791953701436,7459100
2021-08-19,67.12858581542969,67.71037856808273,66.486902920336,66.486902920336,8865400
2021-08-20,67.31681060791016,67.76170785501589,66.92324590113395,67.1884727295507,6284200
2021-08-23,67.06014251708984,67.78738840174913,67.02591864377935,67.68471678181766,6492600
2021-08-24,66.49543762207031,66.9660009999108,66.34143351917818,66.9660009999108,8698100
2021-08-25,65.93932342529297,66.57244861883572,65.36608836455109,66.57244861883572,7045800
2021-08-26,65.51155090332031,66.15323385190744,65.46021835624502,65.97356340960742,6640400
2021-08-27,65.2805404663086,65.85377560170586,65.16931125695322,65.71688012174104,6010000
2021-08-30,65.45165252685547,65.74254562709103,65.2035343679592,65.28053970642699,7339700
2021-08-31,65.27198791503906,65.96500338523526,65.04953600665974,65.69977653171055,10949500
2021-09-01,65.17787170410156,65.70833192083863,64.87842098801451,65.21209557558808,9187200
2021-09-02,65.98209381103516,65.99920247716227,65.16929182802022,65.4345251094941,6559400
2021-09-03,66.10189056396484,66.20455564143342,65.61421186338279,66.10189056396484,6629800
2021-09-07,65.00675964355469,65.76822284241761,64.31373766093877,65.52865573917667,13979500
2021-09-08,64.47630310058594,64.99820575353213,63.99718192183001,64.99820575353213,8243000
2021-09-09,63.15870666503906,64.33084974224553,62.970478642527794,64.33084974224553,14628700
2021-09-10,62.84213638305664,63.492376817104095,62.55980089649483,63.29559773639542,11084500
2021-09-13,62.611148834228516,63.167275400360836,62.33736435163772,63.115936322193406,11245200
2021-09-14,62.24859619140625,63.137737469278996,62.20543130788296,63.06004858218093,15202800
2021-09-15,62.852848052978516,63.146354692310375,62.05003017314825,62.22268307453016,12555900
2021-09-16,62.127716064453125,63.03411895959156,61.88600862574955,63.03411895959156,14818900
2021-09-17,61.877384185791016,62.15362224343154,61.19542004029585,61.45439610072407,43406600
2021-09-20,62.09320068359375,62.68020742952791,61.39397448109693,61.42850506450899,15989400
2021-09-21,62.127716064453125,62.74061895146114,61.95506318964075,62.56797266268251,11995900
2021-09-22,62.18815231323242,62.50755524033314,62.03276799545839,62.4384940799814,9028700
2021-09-23,63.060035705566406,63.914646219319685,62.64567530087788,62.74063275640994,12813500
2021-09-24,63.54344177246094,64.42394845306653,63.318996310332345,63.526173190586434,14714700
2021-09-27,63.327632904052734,64.11318217101632,63.310364321550296,63.45712092868297,8630600
2021-09-28,63.293113708496094,63.724736144202154,62.72337551810265,63.49166292677659,11836200
2021-09-29,64.821044921875,65.34762474467914,63.51755009522781,63.54344638388461,16054500
2021-09-30,64.83831787109375,66.16771566195166,64.82968357894849,65.24404398346383,16248600
2021-10-01,70.26811981201172,72.80605474843127,69.60341770563836,70.40623553910638,102497300
2021-10-04,71.73564147949219,72.99597809570444,71.14863475273243,72.6593131509782,53553300
2021-10-05,70.4407730102539,71.98598196290844,70.18180352684749,71.45940211813652,28977800
2021-10-06,69.62931060791016,70.50981717689832,69.18905403039936,70.35443288989647,17608000
2021-10-07,70.7342758178711,71.3644407873503,69.94871994634246,70.38897660605669,14190500
2021-10-08,69.6033935546875,70.61339450739945,69.5170704319514,70.50116852041363,12121100
2021-10-11,68.99913787841797,70.47528528428576,68.94734531239804,70.47528528428576,11279700
2021-10-12,68.70565032958984,69.21496818528205,68.41215025948954,69.21496818528205,10945000
2021-10-13,68.15316772460938,68.76607726895695,68.00641770347129,68.70564381621648,9462600
2021-10-14,67.61795043945312,68.7746950308801,67.31581614960531,68.17042645118445,14607900
2021-10-15,67.61795043945312,68.24811530313093,67.31581614960531,67.50572442748567,12866800
2021-10-18,66.59932708740234,67.9718829406829,66.564796510548,67.9718829406829,13075500
2021-10-19,68.61933135986328,68.64522765162683,67.42805583649144,67.96327001506835,15577100
2021-10-20,69.98323822021484,70.13862250890668,68.46392590700945,68.47256019694608,11465500
2021-10-21,70.069580078125,70.14727553624131,69.30129271938125,70.01778749673764,9893600
2021-10-22,70.05229949951172,70.33717179365527,69.81921977301843,70.05229949951172,7543600
2021-10-25,70.49256896972656,70.54436154684528,69.0164146614956,69.94872056584103,9365900
2021-10-26,71.00187683105469,71.09683427527989,70.53572390104948,70.69974250217199,9352500
2021-10-27,70.38896942138672,71.20042149841967,70.18179254985868,71.20042149841967,8465400
2021-10-28,74.71382904052734,74.98143278147585,71.7960578323671,71.977338423271,28854700
2021-10-29,76.0086898803711,76.36261674263919,74.38578581269853,74.66202382204204,18678600
2021-11-01,75.82740783691406,76.50937190921204,75.35262722513497,76.00869501137662,10943900
2021-11-02,76.8460464477539,78.05459044170604,75.51665529904498,76.16408887587274,14671400
2021-11-03,76.55254364013672,77.19134290225759,76.14681755945364,76.63023250527108,10883900
2021-11-04,78.15817260742188,78.9005635447608,77.0618481968249,78.01142259530546,19519800
2021-11-05,70.44939422607422,72.51254834863482,70.22494877995327,71.03640083329023,37623900
2021-11-08,71.37306213378906,71.54570841536587,68.9559746755129,69.41349983515505,18655700
2021-11-09,71.40760040283203,72.26221078499458,70.70837432524759,72.18452192572262,10512000
2021-11-10,72.52117919921875,72.52980690309717,71.39032431796369,71.9169040400211,9855900
2021-11-11,72.52981567382812,72.73699914056697,72.10682762146301,72.44349252237076,5761500
2021-11-12,72.51255798339844,72.68520429656408,71.6924781168096,72.37443566403817,8206700
2021-11-15,72.2449722290039,72.66796041191245,71.99463040229257,72.64206411708649,7108200
2021-11-16,72.60750579833984,73.10818926054122,71.86511489536092,72.22767605652723,10565200
2021-11-17,71.30401611328125,73.09093250941746,71.29538182156067,72.83196303211409,10286300
2021-11-18,71.6924819946289,71.7701708639452,70.80333433423158,71.04504840618627,9833600
2021-11-19,69.66384887695312,71.43350325360127,69.59479430215481,71.10547261869623,17581100
2021-11-22,70.47529602050781,70.84649150094303,69.52572817796296,69.9228199453532,10880200
2021-11-23,71.4766616821289,72.15861917926537,70.21631866166442,70.34580668004465,12130800
2021-11-24,71.02777099609375,71.56298506700423,70.75153296279284,71.47666191647912,8537000
2021-11-26,68.33444213867188,68.99913754820201,66.56478816641595,67.96324671656112,18022000
2021-11-29,64.64839935302734,66.90146869666223,63.88011204584523,65.96916277804749,34192400
2021-11-30,64.66565704345703,64.76924218183103,63.74197898606407,64.52753474424674,30179900
2021-12-01,64.25993347167969,66.39214879827489,64.21676860502258,65.20086697329207,21435900
2021-12-02,63.78514862060547,64.55343585581862,63.275837422759686,64.20813666800689,15345300
2021-12-03,63.31036376953125,64.09591961567989,62.723363690256825,63.95779730100276,14508900
2021-12-06,63.3794059753418,63.750601352499736,62.84419863109023,63.275820856342136,13506800
2021-12-07,62.395328521728516,62.77515831344911,61.721998680794485,62.17951733752993,17635100
2021-12-08,63.198143005371094,63.370795895103136,62.222678876013774,62.61977064334598,14331400
2021-12-09,62.895999908447266,63.500268473143095,62.74924991216877,63.39668333978575,11938000
2021-12-10,62.6888313293457,63.215411113521306,62.3694284252613,63.12045367138903,11398800
2021-12-13,63.3794059753418,63.40530225509171,62.127704156524274,62.47300325393229,17486100
2021-12-14,64.24214172363281,64.5210004513324,62.88270625716193,63.05699046878048,18949700
2021-12-15,65.61031341552734,65.69745554792712,64.23344511864802,64.23344511864802,14263400
2021-12-16,66.15059661865234,66.69088175794916,65.59287241752772,65.7933052794885,16601700
2021-12-17,65.95886993408203,67.7453064127147,65.79329527540007,66.71701358485386,28040600
2021-12-20,66.5863037109375,66.66472961331222,65.31400367415871,65.96757945468138,11818800
2021-12-21,65.82816314697266,66.47302281753454,65.2617293903834,66.44688084621033,14947800
2021-12-22,66.36846160888672,66.71703012629895,65.47087839584712,65.7410276399154,9256000
2021-12-23,65.9937515258789,66.49046902967672,65.66260209100102,66.49046902967672,9894900
2021-12-27,66.72572326660156,66.76058143599593,66.02857317574637,66.22900598763495,6334700
2021-12-28,66.93488311767578,67.22245810390612,66.41202373722282,66.82159902394159,5727100
2021-12-29,67.05686950683594,67.25730232949614,66.63858474865621,66.92615967522751,5926100
2021-12-30,67.22245025634766,67.63202549525255,67.07430800140838,67.20502449339119,5859100
2021-12-31,66.78673553466797,67.57974407330174,66.7693097710629,67.22245275848418,6019500
2022-01-03,66.98716735839844,67.04816750285902,65.66258329508709,66.73445057462828,9441200
2022-01-04,67.10916900634766,67.33573717692256,66.13316002669609,66.57759345877604,11981700
2022-01-05,68.7387466430664,69.54918094303315,67.32702709691074,67.32702709691074,17447900
2022-01-06,68.69518280029297,69.34875867119855,67.92831619004585,68.66032462268923,11359200
2022-01-07,69.97618865966797,70.17661485903956,68.37274582210925,68.72132093014525,15212000
2022-01-10,71.78006744384766,71.84977715610721,69.42719013148769,70.18534059577892,19636800
2022-01-11,71.17005920410156,71.94563543372095,70.28119887469575,71.82363512671463,11585100
2022-01-12,70.7604751586914,70.95219180274951,70.29861596083357,70.6559072790359,13057000
2022-01-13,70.86505889892578,71.21363405629722,70.00234053703302,70.52519994883112,9678100
2022-01-14,70.9173355102539,71.32691077916229,70.38575994616227,71.10905215940399,9478000
2022-01-18,71.0567626953125,71.59705442378527,70.42061264971527,70.6733294268146,14493100
2022-01-19,70.83890533447266,71.44019721633799,70.13304557646869,70.56876278975845,11448200
2022-01-20,70.36833190917969,71.33562468154638,70.16789906012794,70.35090614550951,12069600
2022-01-21,69.69732666015625,71.0393297936025,69.05246041331213,70.8214711922809,18461700
2022-01-24,68.69518280029297,69.81061788954234,66.7954553362534,69.51432670416935,17289000
2022-01-25,69.24417114257812,69.52302986255401,67.78016120057565,68.33787864052742,13662400
2022-01-26,68.96531677246094,70.01103537619817,68.6080321314488,69.18317536894925,13046600
2022-01-27,70.2201919555664,71.10905219933167,68.33789028850946,68.33789028850946,20187200
2022-01-28,70.4990463256836,70.57747223266041,69.00017805063426,69.31389497557561,13915300
2022-01-31,71.00448608398438,71.21362850268999,70.41191035722049,70.60362036273202,13035000
2022-02-01,71.38790893554688,71.56219981560253,70.65590718486494,71.422767111558,10803300
2022-02-02,71.46633911132812,71.7190558925964,70.81276329207063,71.28333867975807,13988200
2022-02-03,68.85204315185547,71.28334625571297,68.32046756381578,71.15262974826558,19181400
2022-02-04,68.45988464355469,69.32260949035661,68.14616772626616,68.41631691246937,10716200
2022-02-07,67.60589599609375,68.77361513654776,67.48389568734537,68.66033103514374,23615300
2022-02-08,67.02201843261719,67.38801926060293,66.07215154263545,67.18758643660136,17486500
2022-02-09,66.69087982177734,67.38803006655519,66.58631193902289,67.24859735819264,15183100
2022-02-10,66.7170181274414,66.90001856072624,66.16801682758691,66.54273390007978,12437600
2022-02-11,66.78673553466797,67.88474480026964,66.37716028051797,66.57759312882101,9342300
2022-02-14,66.63858032226562,66.8390064830964,65.45342917195144,66.77800634955886,9881100
2022-02-15,67.80631256103516,68.1374619077409,67.37931154127575,67.54488621462862,11425600
2022-02-16,67.29216003417969,67.79759354128232,67.03944328062838,67.27472762440853,9981300
2022-02-17,66.54273986816406,67.03945727406308,66.22902291196283,66.96974091745886,8889300
2022-02-18,66.55145263671875,66.97845366395403,66.13316116722078,66.50787825396282,8780500
2022-02-22,66.18546295166016,66.97847172169948,65.88917834429546,66.62989651122636,9052500
2022-02-23,66.08958435058594,66.61245033033218,65.89787435966504,66.39459172161028,9659100
2022-02-24,64.05915832519531,65.63645279948058,63.51015028056296,65.44473612665774,21135600
2022-02-25,66.50787353515625,67.35316597191508,64.634288234379,64.66043020277081,13665900
2022-02-28,66.73444366455078,66.8913021124241,65.1658591858176,66.08086790649803,14126100
2022-03-01,66.52530670166016,67.76274874756456,66.1854477777091,66.66473941329014,9807300
2022-03-02,66.81287384033203,67.2921654196525,66.28129832454634,66.49915692450713,9697500
2022-03-03,67.23117065429688,67.57102956553398,66.58631100842615,66.90002130082262,8191100
2022-03-04,67.8237533569336,67.84989532995392,66.24645228335318,66.82160228387288,12216300
2022-03-07,67.73661041259766,68.22461163246493,66.29874207718247,67.10917647361518,14008400
2022-03-08,67.05686950683594,68.05030411815822,66.71701064762128,67.31830246708553,10184100
2022-03-09,67.78887939453125,68.1635964337922,67.14401983226236,67.64073714956021,9746000
2022-03-10,67.87602996826172,68.14617252497092,67.38802879523418,67.64945514570579,8972200
2022-03-11,68.19845581054688,69.39231664507045,68.14616522723844,68.25073974533868,9424500
2022-03-14,68.38310241699219,69.11282858194568,67.96988382460506,68.48860717706714,10085400
2022-03-15,69.1391830444336,69.46448426291562,68.0489943371184,68.29516533157765,11403000
2022-03-16,68.6820297241211,69.55242220127971,68.26881112868118,69.42054292712633,10944000
2022-03-17,69.4029541015625,69.78100439952043,68.62926602704894,68.70839626542318,10279400
2022-03-18,69.55240631103516,70.10629108674617,69.13039407169082,69.61394906389194,21064800
2022-03-21,69.50843048095703,70.73049826400175,69.37655797085957,70.04473438087227,10478300
2022-03-22,69.7194595336914,70.14146510008038,69.25348527213634,69.69307831659175,10016600
2022-03-23,70.0975112915039,70.8448181412318,69.65791823782189,69.71946099703106,8470400
2022-03-24,70.69535827636719,70.92394183529713,70.08871771443212,70.37005700113316,7605000
2022-03-25,71.51298522949219,71.5481534740221,70.7305102347578,70.8535957367841,7125600
2022-03-28,71.39868927001953,71.80311399686374,70.97668377577183,71.53936223987303,7071900
2022-03-29,71.7152099609375,71.88225746650963,70.98548388756808,71.7943401979771,7398700
2022-03-30,72.44493103027344,72.70868281765271,71.8031222697686,71.9525822867159,9326600
2022-03-31,72.13720703125,73.30651920074499,72.04049604395742,72.8845137177012,12466800
2022-04-01,73.42963409423828,73.48238983148484,71.77676632645544,72.2603214565387,10086700
2022-04-04,73.40325164794922,73.75492745840452,72.73507498650812,73.4120453878166,9039600
2022-04-05,73.60545349121094,75.10886075646359,73.42082523488064,73.55270447730425,12040900
2022-04-06,74.70443725585938,75.22315378842308,73.95713047975822,74.16813324659286,13924300
2022-04-07,76.31333923339844,76.58588471748538,74.69563368029492,75.39019135013031,13104300
2022-04-08,77.0870361328125,77.22770241830598,75.83859350305634,76.17268180030366,11409300
2022-04-11,76.16387939453125,78.66956481556221,75.76824838471411,77.6497058542412,14381000
2022-04-12,75.28470611572266,76.09356245549104,74.92424328935819,75.61000739952395,12543000
2022-04-13,75.72428131103516,75.82099229940474,74.5813436330453,75.43415505358271,12743800
2022-04-14,76.41004943847656,76.93755963452769,75.09127059452071,75.72427880518842,22096100
2022-04-18,75.67154693603516,76.88482133250174,75.32866489556291,75.97926072778492,7995100
2022-04-19,75.42537689208984,75.68912869948208,74.8363238104904,75.58363065958825,8494700
2022-04-20,76.01441192626953,76.33091938612084,75.15281350262906,75.18797503580713,8719400
2022-04-21,75.81221771240234,76.69140378176374,75.07369792615692,75.97047147319368,8562400
2022-04-22,74.37033081054688,75.7330716156904,74.29120730055251,75.48690064105554,7914000
2022-04-25,75.11766052246094,75.44295507786453,73.4384118966737,74.37034699131146,10573400
2022-04-26,74.27364349365234,75.78583792707902,74.19451325793364,75.39900061046174,9009600
2022-04-27,74.21210479736328,74.84511317946821,73.49995946755116,74.11539378600186,10781300
2022-04-28,77.87830352783203,78.57286132660073,74.73081579396604,75.39020534508927,21092300
2022-04-29,77.97502136230469,79.13554680563358,77.44750430907139,77.94864685117462,15914200
2022-05-02,77.0606689453125,78.10689592373416,76.1638952979132,78.0013978765047,12124900
2022-05-03,76.57711029052734,77.57938193830677,75.98805719550323,76.48039927998215,8425600
2022-05-04,77.82555389404297,78.0453504282878,75.92651532614967,76.11114360999639,10763500
2022-05-05,77.37716674804688,77.94863902657909,76.5155614608919,77.73762954340403,9548300
2022-05-06,77.71124267578125,78.1772101386188,76.91118697920226,77.13977048813555,12227400
2022-05-09,77.0518798828125,77.42113648584709,76.41007769767978,76.92879434846763,11901500
2022-05-10,77.20132446289062,78.50252276082425,76.72656319368473,77.47387669804007,12370800
2022-05-11,78.41459655761719,79.83887349519235,76.85843367914362,76.85843367914362,16338600
2022-05-12,79.85649108886719,79.87407186302383,77.68489991310733,78.99488558669411,14210200
2022-05-13,79.4872055053711,80.04988398062501,78.47614031439227,79.74216352988533,10308100
2022-05-16,81.16645050048828,81.65000547907566,79.72458601044546,79.82129700616294,13999000
2022-05-17,81.76428985595703,83.1358177328973,80.4543047245806,81.1576494299306,17582800
2022-05-18,80.97303009033203,81.90497182111284,80.68289709751375,81.377454849568,12717600
2022-05-19,80.96424102783203,81.4214215352191,79.900426700386,80.22572795727075,11121600
2022-05-20,82.24784851074219,82.71381599217958,81.2807385972044,81.2807385972044,11757100
2022-05-23,82.49403381347656,83.45234344791967,82.11598352015092,82.28302431883597,9067000
2022-05-24,83.20616149902344,83.3468344770007,82.26543275868505,82.86327949977483,9021000
2022-05-25,82.42369842529297,83.31167828113895,81.88739435759311,82.96000249299283,11177700
2022-05-26,81.15766143798828,82.86328450691514,80.00592986874565,82.854490768346,17249500
2022-05-27,81.83464050292969,81.86101501164255,80.66532142717215,81.13128896818567,9802000
2022-05-31,80.91149139404297,81.43021465335678,79.89163906042275,80.805993360571,22860800
2022-06-01,80.12899780273438,80.82355542889603,79.16189470962341,80.59496522983702,10492500
2022-06-02,79.12673950195312,80.12901099903199,78.01896327078188,80.12021726094342,11066200
2022-06-03,79.04762268066406,79.72459300240082,78.84540693343197,78.89815595111975,7051600
2022-06-06,78.9860610961914,79.70700000146994,78.85418857220763,79.27619406426842,8336900
2022-06-07,79.54875946044922,79.84767950793861,78.75749064701043,79.25862644424542,10243300
2022-06-08,78.66954803466797,79.69819380689887,78.48491311463701,79.63665106944032,10266000
2022-06-09,77.36837768554688,78.94212162747863,77.29804118690399,78.46736032312567,7381100
2022-06-10,76.6474380493164,77.40353856862762,76.2342195436862,76.63864431090849,8861600
2022-06-13,74.73082733154297,76.05840037757709,74.40552602134275,75.35504873139331,12016100
2022-06-14,74.89923095703125,75.37787774151754,74.34081308974075,75.13855096799757,11226900
2022-06-15,75.01444244384766,75.67036943518222,74.2344293815809,74.95239602710544,11357100
2022-06-16,75.24490356445312,75.51082064374233,73.61396531496588,74.25215413266595,12925200
2022-06-17,75.00558471679688,76.01605881301553,73.91533279058604,75.02330936648828,32989100
2022-06-21,78.02814483642578,78.3206522887362,75.58173055242054,76.27311364766861,11778600
2022-06-22,79.0297622680664,80.07568574064116,78.02814704170478,78.03701274847911,11935400
2022-06-23,81.5470962524414,81.68005482710292,79.38432327477241,79.77433329043181,14718400
2022-06-24,82.5487060546875,83.13372108642031,81.28118024848722,82.6550742684264,25248400
2022-06-27,83.68327331542969,84.84443081448764,82.47779404024057,82.61074584352693,11949000
2022-06-28,81.44957733154297,83.61234987328335,81.0772988075704,83.41734490475886,13523300
2022-06-29,81.99913787841797,82.4157381811907,81.44957902501841,81.82185755673127,8657100
2022-06-30,80.81139373779297,82.34483659457351,80.58093943392593,81.2368598017578,18551400
2022-07-01,81.91937255859375,81.9814189900253,80.1200192845251,80.92662965568903,11413800
2022-07-05,82.11436462402344,82.3891406681365,80.24409950510245,81.9370910657349,9574400
2022-07-06,82.5487060546875,83.7719168437455,82.16756174198241,82.7082549940188,10455300
2022-07-07,82.44232940673828,83.27552325850262,82.03459480639555,82.38028298413293,8140100
2022-07-08,82.23846435546875,83.16030181339654,81.91050756891066,82.35369826430556,7161500
2022-07-11,83.58577728271484,84.01123661124439,82.28279540930419,82.32711042630922,9507700
2022-07-12,82.96529388427734,83.53257741326823,82.55755927047471,83.1248427994656,7826500
2022-07-13,83.11597442626953,83.63894292804879,82.45118842806814,82.95642551619908,6415600
2022-07-14,83.21349334716797,83.37304228874709,81.60027927678101,82.03461108375173,6271000
2022-07-15,84.17078399658203,84.51647223058987,83.64782217271775,84.0732814933948,9731900
2022-07-18,81.84845733642578,84.29487195690166,81.47617876185764,84.11759837736071,8653700
2022-07-19,81.86619567871094,82.77916753944629,81.65346601275176,82.56643787348713,8233600
2022-07-20,79.46410369873047,81.92824321373786,79.08295937904956,81.86619677855977,11844000
2022-07-21,79.89842224121094,80.13774901638386,78.8081768600346,79.02090651153546,8197000
2022-07-22,79.87181854248047,80.17318493490272,79.29566935176156,79.87181854248047,6354500
2022-07-25,80.24411010742188,80.42139045168649,79.55273367117402,79.9516026113005,6364500
2022-07-26,80.91776275634766,81.50277099229639,80.3061573965594,81.01526525609808,6414100
2022-07-27,80.86457824707031,80.98867110229553,79.7831918550619,80.21751684835017,6966300
2022-07-28,79.72113800048828,80.77592717163662,77.4874532894215,80.69615609894636,13909800
2022-07-29,79.18932342529297,80.73163217174537,78.24976115824258,79.84525063300217,14938600
2022-08-01,78.47135162353516,79.7920581399518,78.31180268606137,79.18931846089018,7343300
2022-08-02,77.6558837890625,79.41091537277929,77.60270306305719,78.94113425958795,7443000
2022-08-03,77.66474151611328,78.0192886697847,76.9024529631235,77.3367779601584,8187600
2022-08-04,76.95564270019531,77.9040706487515,76.7960937573282,77.83315850468738,7993800
2022-08-05,77.47859954833984,77.58496098573625,76.24652321055454,76.69857960714896,8801200
2022-08-08,78.43588256835938,78.69293396743431,77.0442641406454,77.38109337652774,8149400
2022-08-09,79.34884643554688,79.98704201683998,76.94675406224529,78.66633584933479,13215500
2022-08-10,79.05635070800781,79.889544535656,78.16996940355673,79.80090775772142,8140200
2022-08-11,78.82589721679688,79.61477611222804,77.43427870617136,77.833147626314,7396800
2022-08-12,80.67843627929688,80.68730198727631,78.8436269556716,78.87908302503558,12317300
2022-08-15,80.30614471435547,80.51887433360064,79.67681480061371,80.51001538960689,6339800
2022-08-16,80.29728698730469,80.57206981712844,79.65909806614955,79.73886914533644,5661200
2022-08-17,80.6961669921875,81.44958986258514,80.04024662105289,80.07569592755426,6486000
2022-08-18,81.01526641845703,81.40526966050048,80.2441121173362,81.10390321153264,6111600
2022-08-19,81.61798858642578,82.45118237782944,81.13047618516377,81.14820759751096,8828700
2022-08-22,80.80252075195312,81.742082744982,80.66956220740786,81.37866317406178,6652100
2022-08-23,79.95159912109375,80.65184123462488,79.526139838539,80.55433874017413,5208800
2022-08-24,79.78318786621094,80.05796392296426,79.36658754626036,79.95159572556632,5553300
2022-08-25,80.0136489868164,80.22638539978948,78.94999397216569,80.22638539978948,5884300
2022-08-26,79.11840057373047,80.43024117440771,78.96771060587253,80.02250656811327,5695300
2022-08-29,77.6381607055664,78.8879620012759,77.6115703397096,78.73727875305067,7850200
2022-08-30,77.00881958007812,77.62042495760912,76.74290919695235,77.53178816323386,6754000
2022-08-31,75.66151428222656,77.23040633156215,75.48424071325246,77.15063525428977,11602000
2022-09-01,77.2481460571289,77.5229221473679,75.66152242265896,75.9097081509463,7528600
2022-09-02,76.43268585205078,77.80657322973327,76.12244689211968,77.32792636982911,6997500
2022-09-06,76.60108184814453,77.35450471399163,76.370627544509,76.74290612350823,8244300
2022-09-07,76.99995422363281,77.11518137047177,75.40446500749825,76.72517139262702,6121700
2022-09-08,77.48745727539062,77.51404763432187,76.34402450347541,76.671988042918,8109200
2022-09-09,77.41654968261719,78.15224788143463,77.35450325395509,77.6381450367752,7480100
2022-09-12,78.14339447021484,79.03863489537322,77.84202125068967,78.11679734528738,6351500
2022-09-13,76.47698211669922,77.65587094015564,76.32629890958005,77.39881953607131,7650000
2022-09-14,77.69218444824219,78.30872037497008,77.18287423570607,77.73686353342325,9418700
2022-09-15,77.51348114013672,78.12107988169902,77.02203847524396,77.8708933675977,8006800
2022-09-16,78.38019561767578,78.51422604149847,77.200740158763,77.3794428458129,14842500
2022-09-19,77.41519165039062,77.68325252194123,76.52166450131679,77.60283153364759,7748600
2022-09-20,76.84332275390625,77.24540718102308,76.47697340811841,76.90586937183708,5454800
2022-09-21,75.52985382080078,77.29010351174185,75.52091663993846,77.0667217096848,7190800
2022-09-22,78.19255065917969,78.7644074009842,75.54771152406636,75.54771152406636,12329700
2022-09-23,77.54027557373047,78.63931683433023,76.92373973360839,78.09426479362787,9038500
2022-09-26,77.00416564941406,77.47773392105995,76.20892707682555,76.9505562049472,8841000
2022-09-27,76.70034790039062,78.29976191274145,76.54844995937476,77.57600728560868,6532100
2022-09-28,77.54027557373047,77.96023437398347,77.02202825354293,77.72791543440451,6840000
2022-09-29,77.41519165039062,78.11214173593683,77.04884906414735,77.73686196942289,6601300
2022-09-30,76.95056915283203,78.29086002658993,76.93269479028832,77.96025249025043,9035600
2022-10-03,78.22830963134766,78.54104279011017,76.86120727949167,77.48668041408827,9186900
2022-10-04,78.97885131835938,79.21117024812064,77.73684932847691,78.21935472856413,7373000
2022-10-05,78.97885131835938,79.32732630446625,78.64824387281719,79.14862363053915,6065700
2022-10-06,78.13002014160156,78.63933037025996,77.94238024862968,78.41594857142607,8055500
2022-10-07,78.27297973632812,78.8984528536237,77.84409050676624,78.5231662564178,8837400
2022-10-10,80.84635162353516,81.83816063667255,80.15833179756959,80.35490889070262,14485000
2022-10-11,81.35565185546875,82.18663239931729,80.59614830450973,80.80166255387928,9743500
2022-10-12,80.79271697998047,81.95430491141943,80.74804471619936,81.53434609286734,8522200
2022-10-13,82.6423110961914,82.8478253076294,79.76515303847991,79.97066724991791,9382800
2022-10-14,82.36531829833984,83.41968042034217,81.97216424086001,82.44573245533167,9847600
2022-10-17,84.09877014160156,84.3221519087272,82.60657475622877,82.95504976757911,12139700
2022-10-18,84.53660583496094,85.1710093056304,84.00942126143086,84.36683349172851,9530400
2022-10-19,83.33032989501953,84.80465080783624,83.18736230288386,84.80465080783624,8546100
2022-10-20,83.0444107055664,83.45543235277601,82.52616335240486,83.27672284285612,7626000
2022-10-21,85.4837417602539,85.74286545469988,82.7763555562122,82.95505826138192,10297200
2022-10-24,87.00273895263672,87.9409383472808,86.01985365767007,86.18068881347634,11414900
2022-10-25,87.3065414428711,87.82478885229067,86.09134391178384,86.54704469020943,8747900
2022-10-26,87.93199920654297,88.70936336778101,87.56564984824941,87.82477350768552,10374700
2022-10-27,89.12037658691406,90.69298593656404,88.90593202648395,89.20972791900414,12218400
2022-10-28,90.04074096679688,90.37134851439858,88.05711613240308,89.56717259933507,11228000
2022-10-31,90.42494201660156,90.56790962831091,88.73617630144271,89.30803311413824,11043800
2022-11-01,89.13826751708984,90.30878586436498,88.41450591333073,89.93350610956895,11079300
2022-11-02,88.81659698486328,90.27304373457049,88.44131723101052,89.0399787645953,9503500
2022-11-03,88.23580169677734,88.67362806983468,87.56565636743473,88.45918347322488,9912700
2022-11-04,88.63790130615234,88.79873648534668,87.52992941452023,88.45919858130173,8877600
2022-11-07,89.4152603149414,89.67438400268526,87.27079382301417,88.01242298272197,8644500
2022-11-08,90.69300079345703,91.11295962185264,88.93275131294136,89.41525676575309,8503900
2022-11-09,90.77342224121094,92.71238138777319,90.49643099901833,90.51430536003991,10602900
2022-11-10,91.04147338867188,91.86351666394322,89.88882264055266,91.7652281400444,9556000
2022-11-11,87.52991485595703,90.0764657554146,86.96699523094141,89.82627925540766,13342800
2022-11-14,89.66543579101562,90.8627655520051,88.19111483313412,88.19111483313412,8958200
2022-11-15,88.99530029296875,90.01392067017612,88.20006169702738,89.7101247198484,7965900
2022-11-16,89.29015350341797,90.06752444861431,88.89699944142396,88.9774204164091,8757700
2022-11-17,91.4167709350586,91.45251284317331,89.59397452363977,89.71907461057724,8496800
2022-11-18,93.1323471069336,93.46294782238954,91.7026980710841,91.7026980710841,11626300
2022-11-21,94.36539459228516,94.59771353971844,93.13232968742336,93.82034253315547,8899300
2022-11-22,95.51805114746094,95.69675384585994,94.75855445365866,94.83003144277569,8295700
2022-11-23,95.44657135009766,95.87546738816859,94.9819402245028,95.3840247213239,5749600
2022-11-25,96.05416107177734,96.05416107177734,95.21424343536154,95.21424343536154,3163700
2022-11-28,96.90300750732422,97.30509877696134,95.72355205378221,95.72355205378221,9524500
2022-11-29,97.25150299072266,97.44808007720795,96.09885883282605,96.50094337003911,9352400
2022-11-30,98.39521026611328,98.58285014585366,96.17032279832524,97.12639655723345,20305800
2022-12-01,98.1092758178711,99.16363804180557,97.18893720187994,98.06459673717626,10110500
2022-12-02,98.32372283935547,98.36839510408453,97.13533016101623,97.3944538378995,6943600
2022-12-05,98.29692077636719,98.49349783429125,97.58209635065626,98.11821126140397,6961900
2022-12-06,97.3319091796875,98.96706544077138,96.87620844099327,98.60965323036552,7458700
2022-12-07,98.36840057373047,98.92238986032656,97.3944592533907,97.52848968917199,8270400
2022-12-08,99.04747772216797,99.19937569314855,98.3952067563945,98.5381675475907,7354800
2022-12-09,97.19788360595703,99.51212250075523,97.17107888182449,99.16364745288956,9667800
2022-12-12,97.3676528930664,97.48380896635318,95.8933317583954,96.43838385555905,10956600
2022-12-13,99.10110473632812,99.4138378920054,97.3944645170912,99.4138378920054,15836900
2022-12-14,100.33334350585938,100.89099640915752,98.97517623661514,99.40690707386285,10788300
2022-12-15,98.60639190673828,99.63176114331017,98.24661852440508,99.15505523570502,9871400
2022-12-16,98.2196273803711,98.66935096153074,97.38314124492466,98.25560609033234,29465900
2022-12-19,98.43550872802734,99.02914034160071,97.83287385833587,98.21064691668755,6949500
2022-12-20,98.67835235595703,99.5328313208108,98.183660508951,98.88522823316008,8022000
2022-12-21,99.93757629394531,100.0095337149764,98.52544450183777,99.02913272458062,6640900
2022-12-22,100.05448913574219,100.45924443049981,99.12805976094846,99.7486804289016,8373700
2022-12-23,100.6121597290039,100.85500744248746,99.72170896324792,100.06349641317516,4547400
2022-12-27,100.84602355957031,101.26875798358815,100.31534613781211,101.10686407369043,5125800
2022-12-28,99.91059875488281,101.53859602570589,99.89260596764585,101.53859602570589,5107800
2022-12-29,99.67674255371094,100.46825365205478,99.61378152159539,100.18942720443415,4467200
2022-12-30,99.79368591308594,100.21642728746826,99.04714978917063,100.0455369484279,5498600
2023-01-03,99.96455383300781,100.01851846508295,98.48046469080803,99.30796126863677,8062500
2023-01-04,100.8100357055664,101.28674158522335,100.05449655004,101.0259010947581,8698600
2023-01-05,102.21316528320312,102.45601983685015,100.21639167426811,100.36929603042417,9578900
2023-01-06,103.29251098632812,103.87715302650577,102.58195375200962,102.82480147152846,8632300
2023-01-09,99.2809829711914,103.37347062059156,98.88523085553899,103.32849551410848,12858800
2023-01-10,99.66775512695312,100.74709602606177,98.83126884659526,99.44289329741862,12122800
2023-01-11,99.90159606933594,100.1174614669202,97.81487892672203,98.34554945874943,8626500
2023-01-12,100.53121185302734,100.8280310798865,98.96617562577359,99.76668309537243,8914800
2023-01-13,100.96294403076172,101.13384118762058,99.79365997415198,100.01852176486636,5757800
2023-01-17,99.34394836425781,101.17882162106882,99.22702268940151,100.7650766997641,10241100
2023-01-18,97.85087585449219,99.02914966087975,97.66199273866019,98.86724886698967,8799500
2023-01-19,98.84925842285156,99.1011025657862,97.23025055793146,97.53606620452224,6772900
2023-01-20,98.88523864746094,98.93020689524961,97.72495080359491,98.38154349166402,9216500
2023-01-23,98.83125305175781,99.26299071485028,98.19264638140817,98.87622815537235,8998800
2023-01-24,97.60801696777344,98.93920197739963,95.69219670898046,98.93920197739963,7424200
2023-01-25,97.67095947265625,98.87622218189016,97.43710816225312,97.77889559746788,6168000
2023-01-26,96.12393188476562,97.63500356765904,95.17950950961796,97.61701077946759,9672700
2023-01-27,94.78374481201172,95.95302893351659,94.54089708394655,95.53028764555349,7784900
2023-01-30,95.42235565185547,95.79113231897645,94.89168506715507,94.95464610029305,6476600
2023-01-31,96.6096420288086,96.63662435103521,95.25147462474747,95.43136134775062,7938900
2023-02-01,96.22285461425781,96.62760306788329,95.41335084477,96.21385822175327,10103200
2023-02-02,93.05681610107422,95.17051586696675,91.51876205366548,93.56050438918797,16229900
2023-02-03,92.58909606933594,93.35362480950168,92.17535118480198,92.84094018494466,11210800
2023-02-06,93.5694808959961,94.1001582543855,92.4991366490104,93.02981400739979,9054500
2023-02-07,95.05358123779297,95.27844303984469,93.14675068598883,93.27267274615879,7904700
2023-02-08,95.91705322265625,96.70856432425961,94.72978313913228,95.17051036575614,8596300
2023-02-09,95.98900604248047,96.9963825121352,95.82710527239489,96.11492810118732,7976800
2023-02-10,97.65299987792969,97.83288660554484,96.12394210648448,96.21388547029206,7609600
2023-02-13,98.53443908691406,98.5524250107231,97.45509837796584,97.77889990442658,7383100
2023-02-14,97.8058853149414,98.9391906934014,97.31119347881688,98.89421558910033,6983900
2023-02-15,96.85249328613281,97.85088041797712,96.74455713109275,97.61702217984308,6416600
2023-02-16,95.80011749267578,96.65458953693394,95.5482733896202,96.07894391216773,5959300
2023-02-17,98.5074462890625,98.5254390744478,94.90965778254508,95.63821462143602,9474600
2023-02-21,98.10271453857422,98.8312646393352,97.70695553952471,97.94981014793714,6741500
2023-02-22,98.18365478515625,99.22700991713998,97.96778252703227,99.12807018105913,7213900
2023-02-23,99.4698715209961,100.0545136261471,98.12969699361044,98.27361185245789,6922800
2023-02-24,98.84026336669922,99.23602237509067,97.94081606561925,99.0201500820199,5787900
2023-02-27,98.3635482788086,99.0561196170682,97.60800904756043,98.96617626774376,5654800
2023-02-28,95.55728149414062,97.89584315708896,95.48533092373737,97.8868536246876,10209900
2023-03-01,95.92604064941406,96.73554446301733,95.30541991527868,95.30541991527868,6099000
2023-03-02,96.24983978271484,96.57364130010856,95.4313395964593,95.90804547977865,5097500
2023-03-03,96.13291931152344,96.59163932902774,95.45833387611506,96.58264293512902,6124300
2023-03-06,99.9285888671875,100.054510934172,96.64560500711913,96.83449496983386,17776600
2023-03-07,100.08148956298828,100.89998983043981,99.58679770728962,100.53121317484401,13805300
2023-03-08,97.39214324951172,100.09048489194254,96.77152247583659,99.77567973943981,8440800
2023-03-09,96.78050994873047,98.84924109547202,96.33978277585035,98.3095741891768,5842500
2023-03-10,96.8614730834961,99.58679705554798,96.54666106746718,96.63661127903984,9738500
2023-03-13,95.09857177734375,97.89584673559884,93.90230514934068,93.96526618964405,10687100
2023-03-14,96.88278198242188,97.02769046684438,94.66381164828698,95.50611337570336,9806900
2023-03-15,97.48053741455078,97.84281897828164,95.61479668976409,96.43898742000044,10942700
2023-03-16,97.21788787841797,97.55299954936203,94.40116569432544,96.45710277890791,9441500
2023-03-17,94.2834243774414,97.19072226763082,93.73094649790933,97.04581377510178,26402100
2023-03-20,95.86839294433594,96.82844013706159,94.93552256994514,94.93552256994514,12865800
2023-03-21,95.58763885498047,96.39371180837146,94.88119351694763,96.00426028741146,11571800
2023-03-22,94.55513000488281,96.00424936807202,94.54607106544051,95.52422922682305,5705800
2023-03-23,94.40116882324219,94.76344350552326,93.7037755489632,94.28342333254886,6801700
2023-03-24,94.91741943359375,95.10761571795567,92.77996560465019,94.27436596891478,6661800
2023-03-27,96.84654235839844,97.46241889604904,95.9951817860723,96.07669841382156,7563100
2023-03-28,95.57856750488281,96.93711818161655,95.4970577810529,96.55672565051816,6679500
2023-03-29,95.0261001586914,95.88651982816528,94.67287749657426,95.6600946904006,6310200
2023-03-30,95.93180847167969,96.18540354090324,94.68194409767187,95.20725211817631,5017400
2023-03-31,96.35747528076172,96.48427279749038,95.56951336113669,96.21256679447742,7184300
2023-04-03,98.60363006591797,99.15610800295906,95.61481522323493,95.95897897501978,6964100
2023-04-04,98.5673828125,99.02928507237138,97.96056516211877,98.4496373302242,6108200
2023-04-05,101.35694122314453,101.74638578519756,99.24665750487146,99.54554031337113,8006100
2023-04-06,101.73734283447266,103.40382850340104,101.11240725365114,102.34416053500983,6894500
2023-04-10,101.99092102050781,102.42565333621937,100.686710253482,102.30791477361949,6446500
2023-04-11,101.88224792480469,102.6249220628869,101.72828049726304,102.09056208143775,5639800
2023-04-12,103.02342987060547,103.53061992955486,101.32976748097616,101.66487914703704,6136700
2023-04-13,104.68084716796875,104.89821331522509,102.93284523182452,104.12836940665224,7332300
2023-04-14,104.43631744384766,105.2152203893528,103.84761767498927,104.82576891660023,5005100
2023-04-17,104.16461181640625,105.46881577975518,103.43098974520471,104.78048840546823,6575500
2023-04-18,104.00157928466797,104.26423323161484,103.00531022000634,103.68458552454096,5454500
2023-04-19,103.36759948730469,104.50878409525507,103.25891984555959,103.69365223243337,4683400
2023-04-20,103.40382385253906,103.7208176437899,102.34415593180924,103.41288279227378,4657900
2023-04-21,104.49066925048828,104.74426428508593,103.78421705560655,104.03781900015063,6554600
2023-04-24,105.00691223144531,105.3148470672233,103.94723745492766,104.73519933286211,4299100
2023-04-25,105.5412826538086,105.84016548992345,104.97975274226197,105.26051769803527,5662800
2023-04-26,102.73360443115234,104.33669122022074,102.09055792763077,104.33669122022074,6607900
2023-04-27,104.30047607421875,104.4816134157584,100.22482370005672,103.79327908000376,9975200
2023-04-28,104.58123779296875,104.63557761176114,102.76077785401272,103.57590968563082,8050400
2023-05-01,105.36918640136719,105.60467045173327,104.40008720210393,104.88011424206643,5238900
2023-05-02,106.77304077148438,107.22589106126416,104.88918190761314,105.66808495883015,8175600
2023-05-03,107.07191467285156,108.36706666978047,106.8092606975363,107.18965325077365,6738600
2023-05-04,106.30207061767578,106.87265944748417,105.50504975197286,106.87265944748417,6490200
2023-05-05,106.58283233642578,106.77302860727137,105.56844531530305,106.31111942953423,4534000
2023-05-08,107.2168197631836,107.2711664904573,105.45976554011494,106.0394132914288,5157300
2023-05-09,106.35639953613281,107.44323726531368,106.27488290597407,107.09907359672708,4933100
2023-05-10,106.78208923339844,107.02662532550617,105.44164946681265,106.33829792774924,5605400
2023-05-11,106.46509552001953,106.68246170315415,105.4054206936022,106.49226542916806,5596700
2023-05-12,106.09375,107.37079094934575,105.69523959141902,106.87265293861952,5233100
2023-05-15,105.39637756347656,106.6371829190084,104.59935664143887,106.09376396031259,5697200
2023-05-16,105.13370513916016,105.74958169370173,104.41820098682908,104.95256091138573,4278200
2023-05-17,103.93819427490234,105.65902665590023,102.77889870747751,105.39637267422638,7210400
2023-05-18,103.2498550415039,104.21895428172367,102.64303737640148,103.37665255630303,6437100
2023-05-19,104.59935760498047,105.27863303709428,103.3404343569253,103.54874852981689,7647000
2023-05-22,103.69364929199219,106.0394172023742,103.54874080379233,104.59029777064313,5607400
2023-05-23,102.58868408203125,103.96535259736821,102.38943579291946,103.22267852539159,7733000
2023-05-24,102.88758087158203,103.53968637173841,101.93659944214299,103.3494900858506,4509500
2023-05-25,101.71017456054688,102.79701245690548,100.61427081395354,102.79701245690548,7037500
2023-05-26,100.59614562988281,102.51623301276642,100.21575311089845,101.43844729903154,6378200
2023-05-30,98.87532806396484,100.27010774973465,98.69419071669994,99.74479976874079,7768100
2023-05-31,99.9983901977539,100.66860659728587,98.24132911011884,98.24132911011884,14563500
2023-06-01,100.46935272216797,101.06711143508275,99.51836447123324,100.22481663732695,6959900
2023-06-02,101.90941619873047,102.09961938257796,100.27915946102968,100.6323820996955,5792800
2023-06-05,102.44378662109375,103.68459882411585,102.26264928062841,102.34415901085383,5185500
2023-06-06,99.63610076904297,102.99624835067668,98.97493645106482,102.84228094441654,6960200
2023-06-07,98.3681411743164,99.3281815840597,96.79222408984512,99.29195273143486,12420500
2023-06-08,99.91687774658203,100.5961531138521,97.81565288689112,98.09641782751324,8352700
2023-06-09,100.27008819580078,100.99465126345521,98.73945234310217,99.79912703878726,6521900
2023-06-12,99.500244140625,100.52368308080948,98.35905972886351,99.79912692393441,7468500
2023-06-13,99.61799621582031,100.20670292372918,97.86094194183934,98.35001413185041,7304200
2023-06-14,99.07096099853516,100.22888280649637,98.78831319020235,100.03741574956332,6137300
2023-06-15,99.74564361572266,100.20151949426241,98.77918202306093,98.83389185864313,7305700
2023-06-16,99.6727066040039,100.71210310062274,99.43564918803924,99.83682220642342,15844300
2023-06-20,100.50240325927734,101.07680438498744,99.40829693339708,99.45388730551822,7744400
2023-06-21,101.35032653808594,101.67855076415125,99.855047288096,100.39298443071144,6854800
2023-06-22,103.68440246582031,103.79380821582778,101.7514863943664,101.7514863943664,7884100
2023-06-23,104.48674774169922,104.76939551052327,103.0461783267693,104.08558170729734,16407900
2023-06-26,103.10089111328125,104.4867507334772,101.9156110379726,104.34087406845791,7685100
2023-06-27,103.31970977783203,103.67529240985218,101.99767250043547,102.87295336049382,7093900
2023-06-28,102.51737213134766,103.54764913615668,101.60562035346264,103.43823641860942,8173800
2023-06-29,103.52030181884766,103.83029409674033,101.94296811959371,102.3441411437977,6281800
2023-06-30,105.20703887939453,105.40762538691214,103.42000619914138,103.74823740124035,8090600
2023-07-03,104.24058532714844,104.50499418480463,103.51118110215798,104.36823002310464,2834600
2023-07-05,103.6661605834961,104.3317423535714,103.41087123260027,103.97615976395036,5861500
2023-07-06,101.88825988769531,103.42912259875428,101.85178898230832,102.93677581020087,7257400
2023-07-07,99.38094329833984,101.660322731788,99.16212482044074,101.26826919099037,11316600
2023-07-10,100.25621795654297,100.83973849887542,99.47211092351243,99.50858182692241,5949200
2023-07-11,99.10740661621094,100.31091857721411,98.69712113527639,99.81857878253803,6084400
2023-07-12,97.98596954345703,99.42653909345074,97.73068014596232,98.80654757548601,8376700
2023-07-13,96.93743133544922,98.38712001908547,96.88272846455784,97.85830241342632,9764400
2023-07-14,97.86742401123047,98.17742320600453,96.88273746316288,96.88273746316288,7209900
2023-07-17,96.25362396240234,97.95860209727479,95.99833460661678,97.59390003638975,7376400
2023-07-18,96.60009002685547,97.5847835343033,96.05304039697782,96.53626768597162,7499100
2023-07-19,96.60009002685547,97.90389523872247,96.56362608016194,96.79156400562042,6608600
2023-07-20,98.88858795166016,99.33534433425758,96.70038249361704,97.14714583232785,8073000
2023-07-21,100.64825439453125,100.8579603145262,98.8156318068021,99.13475041846127,8194000
2023-07-24,99.18948364257812,100.60269482282209,98.92507477388654,100.28358306961309,6045500
2023-07-25,98.04066467285156,99.12565148250684,97.84919763987365,98.14095792195148,6498700
2023-07-26,97.6850814819336,98.47830800492704,96.7003879270687,97.37508922731712,7042700
2023-07-27,95.9801025390625,98.12272469138978,95.88892875635179,97.77625457852984,9813100
2023-07-28,96.95568084716797,97.23832862883663,95.95275528141586,96.1259903453953,6903800
2023-07-31,97.23831939697266,97.34772514816079,96.34479967762702,97.14714561894475,7397500
2023-08-01,95.98922729492188,99.92799474770057,95.86158260086859,99.92799474770057,10009200
2023-08-02,96.37215423583984,98.5968306635428,95.62451810202201,96.67303397357611,10873500
2023-08-03,96.39952087402344,96.4451042903546,95.61541376953973,95.80688081280469,6039300
2023-08-04,95.73394012451172,97.02862602625197,95.287183684976,96.31746072687675,6700700
2023-08-07,96.72772979736328,96.90096483787218,95.2051062020777,95.9983326465987,8259100
2023-08-08,97.01949310302734,97.7306582527689,96.36303082446197,96.36303082446197,10152200
2023-08-09,96.73685455322266,97.36596545591476,96.45421375050057,96.89185067367583,6479500
2023-08-10,96.25362396240234,97.59390003638975,96.11685982005629,96.8371444773731,6525700
2023-08-11,97.95860290527344,98.20477279863623,96.27185672928138,96.60008789117397,5904300
2023-08-14,99.29889678955078,99.77300468831608,97.84008827248776,98.39625745449227,8427200
2023-08-15,99.07096099853516,99.76388740759343,98.85213554251337,99.28066003207934,5118700
2023-08-16,99.134765625,99.80945993680805,98.72447318540772,98.9250596728377,5332900
2023-08-17,99.3080062866211,100.54798931483518,98.76095658737707,99.07095582248776,6457800
2023-08-18,99.56327819824219,99.83680647788712,98.66064600519488,99.35357921247909,6711400
2023-08-21,99.9644546508789,100.2926858154914,99.33534375935272,99.46298843935611,6012500
2023-08-22,97.76714324951172,99.92799044590166,97.73978485386596,99.92799044590166,6026000
2023-08-23,101.47798156738281,102.01591180870945,100.12858579688377,100.28358193867811,10588200
2023-08-24,99.79122924804688,102.1344310375809,99.46299805171329,101.1588569140655,6487700
2023-08-25,100.48414611816406,100.59355881775848,99.3626955108011,100.23797623921774,4839100
2023-08-28,99.31712341308594,100.84886670855748,99.06183402319304,100.50240353029056,4335600
2023-08-29,100.28357696533203,100.76680429879357,99.31712229840895,99.63623403219354,5673100
2023-08-30,100.48414611816406,101.02208319602882,100.03738976801776,100.56620738188809,4785000
2023-08-31,99.36270141601562,100.78503181470892,99.28064014741462,100.4020977775397,9212000
2023-09-01,100.1468276977539,100.6300620591849,99.60889740311627,99.97359956286328,4941300
2023-09-05,98.02243041992188,100.03740090807526,98.00419148990196,99.80034351061202,6379900
2023-09-06,97.09246063232422,97.55745606220209,95.66101038703931,97.33863754771875,7926100
2023-09-07,98.41448974609375,99.09830358378231,97.42979615035485,97.47538652197971,8532600
2023-09-08,99.42652893066406,99.50858324742266,98.0497818707669,98.0497818707669,6807500
2023-09-11,99.01624298095703,99.7821181015676,98.77918556789731,99.68182484820058,5069300
2023-09-12,99.39918518066406,99.81859715960344,98.05891578334185,98.8521354533325,4605400
2023-09-13,98.29594421386719,99.99180285752877,98.1682995379884,99.36269894244427,6761500
2023-09-14,99.36079406738281,99.608649198968,98.18579686093156,98.85591617586418,6872400
2023-09-15,98.6998519897461,99.99418938837147,98.46118550775167,99.25063803382058,9639000
2023-09-18,98.9752426147461,99.08540122160021,98.0848131357308,98.92934144433971,3911300
2023-09-19,98.55299377441406,99.3057268627114,98.13991119070978,98.81920519635946,5818300
2023-09-20,98.507080078125,99.5076681923145,98.45200427490677,99.33325214407607,4593600
2023-09-21,97.97465515136719,99.03031196660623,97.69008051974545,98.47035134108795,5856600
2023-09-22,97.61665344238281,98.42446926551074,97.26782833919121,98.42446926551074,5027200
2023-09-25,97.15767669677734,97.47897092413831,96.48756434473376,97.35045603460841,6052200
2023-09-26,96.74458312988281,97.80942866902161,96.48755338003149,96.49673501496487,5400500
2023-09-27,95.41353607177734,96.86391927566733,94.82603748205429,96.79966183627687,5635500
2023-09-28,95.74400329589844,96.35903977738266,95.26665632255583,95.99185141408884,4758800
2023-09-29,94.50475311279297,96.0928399994153,94.28444286961209,95.79909067399535,7232700
2023-10-02,94.13755798339844,94.39458773022386,93.03599292102973,94.39458773022386,7079700
2023-10-03,93.4215316772461,94.0365751082985,92.64126085092173,93.85297744099373,5924000
2023-10-04,93.78874969482422,94.02742323609918,93.01766025867956,93.24715216279934,6720500
2023-10-05,95.10143280029297,95.20240978685106,93.94479177469604,93.96315504690823,6449100
2023-10-06,95.35845947265625,95.86334438897886,94.4772115306954,95.22076995323744,6854900
2023-10-09,95.92760467529297,96.56100449753417,94.83522109862453,95.0096371664385,5061100
2023-10-10,95.11061096191406,95.8908819175565,94.6975283982022,95.7623670309112,7177200
2023-10-11,94.97291564941406,95.66139126672876,94.41295492038188,95.46861893430498,5375100
2023-10-12,95.09224700927734,95.42271585929429,94.48639211993697,95.02798956641494,5124000
2023-10-13,95.4778060913086,95.94596449560837,94.34870293206487,95.11061767346709,5787500
2023-10-16,95.59713745117188,96.7262405879813,95.52369836835544,95.652213261516,6473500
2023-10-17,95.62466430664062,95.9184136004264,94.68834062130334,95.46861152634034,5827200
2023-10-18,93.62349700927734,95.89087770094376,93.5500649369491,95.5695904984585,7136400
2023-10-19,92.19146728515625,93.38482771981272,91.0072884855916,93.32057028124109,7647600
2023-10-20,94.24771881103516,94.8811186087986,91.78756570223638,91.78756570223638,12467500
2023-10-23,94.87193298339844,95.60630973263358,94.24771484760929,94.3945929988706,8493000
2023-10-24,94.57818603515625,95.52369139591045,94.25689882570617,94.8443974382823,6347900
2023-10-25,95.12896728515625,96.02857849573172,94.50474911957265,94.87193751171642,7849200
2023-10-26,96.89147186279297,98.43365753396347,94.54147031405839,94.64244729875391,11335700
2023-10-27,94.38540649414062,96.90981680953914,93.83462746239711,96.68032496268472,8933800
2023-10-30,94.25688934326172,95.92758966786202,94.19263190783613,94.8076683617003,6915500
2023-10-31,94.27525329589844,95.05553122280413,93.08189982590201,94.33951073656335,7522600
2023-11-01,94.41295623779297,95.6797558735917,94.30280461974873,95.0555376917081,5838100
2023-11-02,94.41295623779297,94.60572857290663,93.31139803613308,94.31197925222826,5379100
2023-11-03,94.89946746826172,95.69810162902854,94.34868842793844,94.8902928367901,6005900
2023-11-06,95.78070831298828,95.80825321599062,94.67915031308328,95.54204184858101,5951200
2023-11-07,95.46861267089844,96.12955034072421,95.22076454648162,95.78989987052606,6616400
2023-11-08,95.83580780029297,96.5426396893087,95.32174124110898,95.4502631335571,8152100
2023-11-09,93.98150634765625,96.12037221745393,93.77037775313067,96.12037221745393,7377000
2023-11-10,93.07272338867188,94.88112046721618,92.34752823007342,94.4037734497289,7627100
2023-11-13,94.06411743164062,94.13755650201661,92.32915966433555,92.7973179800282,5878200
2023-11-14,93.78874969482422,94.75261849354216,93.54090151993118,94.23855886944571,6944400
2023-11-15,93.0359878540039,93.7887207873688,92.4576709551436,93.52250942021676,7392600
2023-11-16,93.62349700927734,93.68775444977439,92.74224910951673,93.47662586108511,7889700
2023-11-17,93.40319061279297,94.01822714040202,92.67799546687374,93.63268248162046,6767000
2023-11-20,94.25688934326172,94.4863811845724,92.61372691905306,92.68716598912093,7449900
2023-11-21,93.8254623413086,95.12897458001818,93.49499346339115,94.55065754543095,7403500
2023-11-22,93.33892059326172,94.25688794488565,92.81567948297749,93.81626053455072,5724000
2023-11-24,93.5133285522461,94.10082704624648,93.11860234500823,93.87133522816713,3168000
2023-11-27,93.10942840576172,93.77036601701496,92.43930916003688,93.55005581444223,7356500
2023-11-28,91.96198272705078,93.03600300131176,91.8059299357895,92.99928346156744,8738500
2023-11-29,92.83404541015625,92.870764948467,91.61315402811886,92.05377448077626,10286800
2023-11-30,94.07331085205078,94.2660831832873,92.05377818491068,92.56783773487473,29299700
2023-12-01,94.97291564941406,95.17486961772549,94.2385458597334,94.41295492038188,6863400
2023-12-04,96.4416732788086,96.73542262903435,95.22078170028288,95.22078170028288,10169900
2023-12-05,97.51569366455078,97.67174646359574,95.63385742912378,96.31315143943563,10789100
2023-12-06,96.96490478515625,97.82779647879228,96.7813140860379,97.53404715808117,9954800
2023-12-07,95.35845947265625,96.93736466166213,95.22076995323744,96.92818302585552,9602200
2023-12-08,95.2391357421875,95.47780927226665,94.22937281213432,95.27585528554867,7530300
2023-12-11,95.80827331542969,96.8180361944347,95.07389649240616,96.24889380641464,7429700
2023-12-12,95.7990951538086,96.19382148488161,94.93620340598929,95.90925378231852,7933500
2023-12-13,98.32349395751953,98.32349395751953,95.44107672985241,95.6154927861783,10995000
2023-12-14,97.89816284179688,99.12790159523529,97.21395021194103,98.63785712840956,10723000
2023-12-15,97.18621063232422,98.2587595630963,96.40028988012749,96.98279435556209,26393300
2023-12-18,98.04610443115234,99.12790150457987,97.66700916969197,98.15706069031704,12805600
2023-12-19,98.46218872070312,98.61937853510396,97.49134780130649,98.05536316820523,8043100
2023-12-20,97.41737365722656,99.06318615900757,97.30641738980104,99.06318615900757,8441600
2023-12-21,98.36972045898438,98.57313674533984,97.39887256655976,97.81495325799074,5919400
2023-12-22,99.58096313476562,99.91382486664794,98.78579422574096,99.07242947245766,6028700
2023-12-26,99.5162353515625,99.94155708639539,99.13714715379186,99.3960380311469,4727700
2023-12-27,99.8398666381836,99.9230785486632,98.94298953591355,99.22036962509368,5387000
2023-12-28,100.57030487060547,100.83844389227932,99.97855222079008,100.13574202952856,5530400
2023-12-29,100.80145263671875,101.00486892099302,100.58879528806663,100.77371533509,5889200
2024-01-02,104.70333099365234,104.77730183747994,100.93090966366853,100.93090966366853,11920100
2024-01-03,106.11799621582031,107.16281504814185,105.55398789711147,105.65568899564217,10721900
2024-01-04,108.18912506103516,108.78087766971426,107.12581716741732,107.18129177002864,11492200
2024-01-05,108.38330078125,108.5959581422522,107.8470227377912,108.27234451404362,6861500
2024-01-08,108.53123474121094,109.00279005609349,107.42170029304398,108.72540291692776,8193100
2024-01-09,109.50209045410156,110.89826025973628,108.37405968757872,108.65144684645264,8822300
2024-01-10,109.89966583251953,110.18629403312029,108.86409518681191,109.28017589059304,7129100
2024-01-11,109.50209045410156,109.93666037768809,108.25386234766587,109.84420034281294,5754400
2024-01-12,109.6869888305664,109.72397424805139,108.7808707920491,109.1692070942708,6823300
2024-01-16,109.55755615234375,110.3434769662254,109.04902247477229,109.55755615234375,6832300
2024-01-17,109.22469329833984,110.39895750194891,108.74389692844531,110.19554121129237,5591400
2024-01-18,109.60379791259766,109.67776876172735,107.82853985897574,108.78089161521306,10524700
2024-01-19,109.92739868164062,110.04759600670883,108.84560159328402,109.29866064619235,7605600
2024-01-22,110.42669677734375,110.92598939398994,109.899666857703,110.0660977299184,8786200
2024-01-23,110.80577850341797,110.94447206449627,108.42951994500122,109.23393695585735,6501400
2024-01-24,109.91815185546875,110.90748893200214,109.51132633662873,110.67633534352007,5859900
2024-01-25,111.07392120361328,111.1201547435939,109.71474401170519,109.71474401170519,6689800
2024-01-26,111.71190643310547,111.89682648297611,111.02769378348682,111.42527823953166,8300300
2024-01-29,112.13722229003906,112.30365314786339,111.40677613926826,112.20194500951256,9138200
2024-01-30,112.48858642578125,112.58104645093347,111.12015406908618,112.137228454256,7469500
2024-01-31,111.67491912841797,113.58887053470801,111.41602824126726,113.29299422735754,10779000
2024-02-01,116.8527603149414,116.8989938546554,113.51490190992554,114.3285670617064,11650700
2024-02-02,116.88050079345703,117.94380162912343,116.60311367287166,117.15788085979489,10175600
2024-02-05,116.66783905029297,118.16571683791501,116.22402105810018,117.40753335253174,8027700
2024-02-06,117.3150634765625,117.90681608254347,116.56612812773449,117.06542071170233,6153000
2024-02-07,117.86060333251953,118.4061224639375,116.96372620056276,117.33357338595965,6742800
2024-02-08,117.06543731689453,117.86985443643127,116.45518838740144,117.72191273682743,6308300
2024-02-09,115.99287414550781,117.13940108538219,115.6137859081245,116.70483118687716,7891200
2024-02-12,115.89115142822266,116.0206039184013,115.02201879471816,115.57678595645973,5257400
2024-02-13,115.9743881225586,117.296587038323,115.0960072366252,116.48292888025577,7273400
2024-02-14,116.33497619628906,116.52914436154597,115.41036185454324,116.14080803103215,6622400
2024-02-15,117.0007095336914,117.63869574074386,116.45518335777382,116.47367959654972,5756700
2024-02-16,118.1564712524414,118.4338513310421,116.65859343270553,116.96371786798933,6266800
2024-02-20,117.76814270019531,119.54339366171662,117.62020100509037,118.47085164344722,6952800
2024-02-21,118.46158599853516,118.49857847328981,117.24110239304284,117.83285501265934,4849200
2024-02-22,119.5156478881836,119.94097670434599,118.02702524860634,118.48932537742849,6517400
2024-02-23,119.69133758544922,120.4217909008204,119.14581844665094,120.00570311202821,5177400
2024-02-26,119.12732696533203,119.92249598746594,118.78522412030262,119.62662668842634,5158400
2024-02-27,119.30299377441406,119.42319815999538,118.16572202355441,118.59103674277206,4780200
2024-02-28,118.52631378173828,119.64508922558278,118.07324767883306,119.5896146228791,5697200
2024-02-29,117.56471252441406,119.13656110531535,117.48149356717494,118.44310036339499,11246100
2024-03-01,117.3890380859375,118.21194430050346,116.88974548593438,117.30582617972752,6023400
2024-03-04,114.69841003417969,117.00069773217923,113.99570117078817,115.07749823986956,12706200
2024-03-05,113.57038116455078,115.61377801104835,113.16354859727156,115.28091628404673,8277800
2024-03-06,114.42102813720703,115.35489062486978,113.2745082951024,113.57962567557327,8251400
2024-03-07,114.64292907714844,115.14222166305859,113.56113200146686,114.06042458737701,8982200
2024-03-08,114.18988037109375,114.68917300222208,112.85843335475154,113.94023758265367,9822700
2024-03-11,113.51490020751953,115.25317969352913,112.65500858316838,115.25317969352913,7769300
2024-03-12,113.41320037841797,113.92173404205235,112.27592161581242,113.72756587365583,11621800
2024-03-13,112.95088958740234,113.92173039833315,111.69341353817507,113.8755039145255,9186000
2024-03-14,112.13206481933594,112.88575079671286,111.34115881728694,112.88575079671286,10132500
2024-03-15,113.07184600830078,113.4626527254205,110.94105457180821,111.50864043680382,46477400
2024-03-18,112.99742889404297,113.9930416410938,112.70897543157378,113.37892178454162,8311900
2024-03-19,113.70458221435547,113.7604158068374,112.05763676552768,112.99742296686722,11696600
2024-03-20,115.23986053466797,115.29569412029834,112.01109620963236,112.84852900415069,9793200
2024-03-21,115.02587127685547,115.55624427530219,114.50479796156068,115.09100455389297,8156300
2024-03-22,115.23986053466797,115.83536672210461,114.653661128002,115.18403404803132,7022500
2024-03-25,116.5983657836914,116.84959918515118,115.16542672412503,115.45388015168973,7605800
2024-03-26,116.79376220703125,117.31483545838414,116.17034276060261,117.03568882019532,8864400
2024-03-27,122.59066009521484,123.84681295565164,121.0646744577746,123.63279247259194,16061600
2024-03-28,122.77674865722656,123.2140750920691,121.96723615774661,122.8232754648033,10189700
2024-04-01,121.88351440429688,122.75815320502855,121.06468790370766,122.52553333081484,5377600
2024-04-02,121.28797912597656,121.66946483810086,120.29235948709889,121.05535930732144,6584200
2024-04-03,120.86925506591797,123.10241389870782,120.43192866025447,121.28798210818235,7741400
2024-04-04,118.78499603271484,121.83696713415175,118.48723582867807,121.73461383876261,6753200
2024-04-05,119.09205627441406,119.65965637464238,118.17088365724531,118.77569668631357,5692900
2024-04-08,117.761474609375,119.02692720446139,117.1287483118318,118.76639409941325,6282500
2024-04-09,117.90103912353516,118.17087899043197,116.78446672857756,117.78007936209623,4696600
2024-04-10,117.9382553100586,118.1708751430173,116.35644328553704,117.11012927264515,5787700
2024-04-11,117.37997436523438,118.30114695711156,116.7379413259593,117.75216753436476,6187200
2024-04-12,116.99848175048828,118.2732411275145,116.40297548213896,118.20810785125738,7370000
2024-04-15,117.41718292236328,118.9338615970974,117.1194298359433,117.88242256358163,6241000
2024-04-16,116.36573791503906,117.98477699340935,116.33782467213503,117.76145685218984,5587300
2024-04-17,116.6541976928711,117.41719046955208,116.04007791947238,116.93333723614813,6122800
2024-04-18,116.52392578125,116.79375853094729,115.84467276916675,116.79375853094729,5992700
2024-04-19,117.03569030761719,117.35205697485154,116.2075642625245,116.91473054899481,8404300
2024-04-22,118.11505889892578,119.1758048612966,117.44511258606114,117.90104551048503,7805800
2024-04-23,118.05921936035156,119.1944124213001,117.92895281707754,119.1944124213001,7744000
2024-04-24,118.17086791992188,118.71984728463141,116.63557569643916,118.00338136646934,7128300
2024-04-25,121.63226318359375,123.56766195787965,119.80851738925125,120.67387057777746,12750100
2024-04-26,122.07888793945312,122.73953452538746,121.08328241742537,121.08328241742537,7758200
2024-04-29,121.073974609375,123.00937345913489,120.33890213276847,122.5627473239561,6788000
2024-04-30,120.23653411865234,121.81834606059635,120.01321397939468,121.81834606059635,6945000
2024-05-01,119.84574890136719,120.89718096295994,118.91526950647767,119.66895554465997,5895700
2024-05-02,119.34327697753906,120.67386983832705,119.0920506752117,120.08766330123971,7422500
2024-05-03,118.64542388916016,119.54798289537537,118.33836399994573,119.1106564650992,6221900
2024-05-06,118.70125579833984,118.85013590863342,117.94756976221322,118.33836940324225,6552000
2024-05-07,121.31590270996094,121.36241531926736,118.23601122110591,118.26392446588503,6682300
2024-05-08,120.54360961914062,122.36734129997583,120.33890301443621,121.50200226935267,6659100
2024-05-09,121.17633056640625,121.42756398456991,119.97601836493837,119.97601836493837,9216700
2024-05-10,121.01815032958984,121.7811502642082,120.9157970261164,121.72532377103887,5722600
2024-05-13,120.30167388916016,120.69248772655084,119.11997528834542,120.50638049046434,7109700
2024-05-14,119.7154769897461,120.21792959335727,119.12927045387625,120.21792959335727,6154300
2024-05-15,122.57205200195312,122.79537217763813,119.77131401376872,119.92019413089206,7237100
2024-05-16,121.7811508178711,122.61857661519639,121.69739687974723,122.23707664615277,5518100
2024-05-17,122.069580078125,122.1905469289345,120.7855141171847,121.60434043407268,8281600
2024-05-20,121.88351440429688,122.58137402693804,121.56714058489354,121.71602071190802,4860400
2024-05-21,121.66947174072266,123.55834363952386,121.40893866488716,122.52551101818038,6254700
2024-05-22,121.98583221435547,122.45107182738049,121.10186559121892,121.12047915117607,4407500
2024-05-23,121.97655487060547,122.74885456330965,121.25078199273705,121.79976149302384,6830900
2024-05-24,120.4877700805664,122.31150156393402,120.18071020675721,122.31150156393402,5983800
2024-05-28,117.32414245605469,120.10628093343483,116.99847609052364,119.88296076936125,10263400
2024-05-29,117.14735412597656,117.65911352018128,116.5704543608245,117.37066718710236,8527800
2024-05-30,115.87258911132812,118.96178018383344,114.16981024421686,117.22178839086733,13000300
2024-05-31,116.8123779296875,117.80799054578553,115.8912053650159,116.43087799037252,18150500
2024-06-03,119.4921646118164,119.98531756527221,117.02639274554285,117.02639274554285,7702500
2024-06-04,119.76200103759766,120.36680692404477,118.05921505772932,118.31044845274039,6440100
2024-06-05,120.4505615234375,120.90650156355028,119.16650954175533,119.54799532439135,5009400
2024-06-06,121.44617462158203,121.82766038309428,119.93878834691627,120.18072207635052,8088500
2024-06-07,121.58572387695312,122.23705652297984,121.15771136584422,121.28797789504956,4945600
2024-06-10,122.34874725341797,122.52552642153981,120.63665428527808,121.54853436332756,6033700
2024-06-11,122.67438507080078,122.98144493746764,120.72038709835769,121.89278588182354,11453200
2024-06-12,121.1484146118164,123.48392698426697,121.11120168306317,123.47461310358703,5822000
2024-06-13,120.37611389160156,121.07397343265605,119.650341104744,120.98093401264201,5004200
2024-06-14,120.47844696044922,120.84133329293905,119.70614749428134,120.18070098922011,7338500
2024-06-17,119.34586334228516,120.69377184883126,119.22417993490247,120.0104622775424,8524000
2024-06-18,119.80451965332031,120.49719165967315,118.96207686642423,120.066618519271,6532400
2024-06-20,121.37706756591797,122.08845729298316,118.64381530981272,119.2428841017957,10348400
2024-06-21,122.35992431640625,122.80922236066435,120.83416488989302,121.84509620166922,17170800
2024-06-24,124.45668029785156,124.7842878224439,122.55649381033192,122.87476029986807,8553800
2024-06-25,124.41923522949219,126.01988020773113,124.11970793029931,124.60644157685384,6750600
2024-06-26,123.09004211425781,124.89660393739182,123.08068679663539,124.84981306635211,8492100
2024-06-27,121.51749420166016,123.82951459814244,118.67190646565003,123.54871223459298,11927600
2024-06-28,115.88249206542969,122.593939847661,113.13987713209816,121.25538670512138,57055500
2024-07-01,119.72026824951172,120.92776827927365,117.09933695587081,117.36142865694225,11533000
2024-07-02,119.55178833007812,120.03853621700117,118.55958192118202,120.01045598149864,5645400
2024-07-03,117.80137634277344,119.75771600819407,117.2865553771622,119.52370453069891,4002100
2024-07-05,118.36299896240234,118.50340727304255,116.92149458812186,118.4378843469389,6786700
2024-07-08,117.73584747314453,119.30840480821082,117.31462969149558,118.69061825236149,5743400
2024-07-09,117.97923278808594,118.03539326000464,115.78888154422643,117.23039316900524,6339000
2024-07-10,119.15866088867188,119.32714945748657,117.7826721002625,117.82947011626058,4588500
2024-07-11,120.72183990478516,120.8622410754969,119.43009200252982,119.44881691960032,7048800
2024-07-12,119.58922576904297,121.6204365095869,119.17736328920242,121.12433332694083,7022300
2024-07-15,119.92619323730469,120.13212447295884,119.06503274408125,119.81387230255756,6918500
2024-07-16,117.4176025390625,120.77800396536215,117.19294637631495,119.69219441127015,8194400
2024-07-17,117.83882141113281,118.58766101079526,116.59387861181605,117.44568383496869,7628000
2024-07-18,116.30370330810547,117.5673638473455,114.54393958350526,117.28655436166078,9501400
2024-07-19,117.72649383544922,118.86847101619095,117.17423016295552,117.28655824582748,6848800
2024-07-22,117.65161895751953,118.40045144038562,117.03382519622767,117.89498576518245,4341800
2024-07-23,116.4253921508789,117.58609426535739,116.23818581833144,116.99638074905162,4285400
2024-07-24,117.86689758300781,118.10090905715202,116.70620267086225,116.97765683784516,6338500
2024-07-25,117.80137634277344,119.67346816273476,117.67033048669323,117.9698648922285,7357100
2024-07-26,117.2491226196289,120.49719620367836,117.05255381885111,119.10248967922774,6467000
2024-07-29,119.60794067382812,119.80450945045291,116.9308489020487,117.73584892525304,9139500
2024-07-30,107.87928771972656,116.01352870594428,106.6249896678508,115.5829484579214,35509400
2024-07-31,105.8948745727539,110.30365009115823,105.04307648130535,108.58132899024997,22733000
2024-08-01,106.54074096679688,107.14917221246868,104.28487412669043,105.89486702923384,14117500
2024-08-02,107.83248901367188,109.79819119322777,107.04621385502051,107.79505346070502,16562300
2024-08-05,105.12730407714844,107.75759769550498,104.219338486366,107.59846447811152,13334000
2024-08-06,104.04150390625,105.848072790941,103.82621020557214,105.11795812671231,9761900
2024-08-07,105.29580688476562,105.35197449794444,103.63900869599945,104.53761195075818,9756500
2024-08-08,106.63435363769531,106.92453274037084,105.37069302486518,105.69830768130797,8278200
2024-08-09,107.22406005859375,107.38318614668829,105.65150267036539,106.50330072069639,5914100
2024-08-12,106.22249603271484,107.37382853556845,105.87615646522926,107.37382853556845,6536000
2024-08-13,107.07427978515625,107.52358491683171,105.62340592103085,106.30672250553539,9040300
2024-08-14,106.31609344482422,106.64370807662844,104.37847874648111,106.39097882965473,11029400
2024-08-15,106.06336212158203,107.17725906437536,105.37069013247887,106.86836219329531,9685100
2024-08-16,106.40033721923828,106.4471423714748,105.41749329544352,106.34417674972532,10102300
2024-08-19,107.10237121582031,107.27085976513345,106.06335968529989,106.39098146668799,6177500
2024-08-20,107.77633666992188,107.92610745893815,107.22407295371903,107.42064175820467,5392300
2024-08-21,108.60941314697266,109.14295906613246,107.22406910561148,107.43935568026569,8144100
2024-08-22,109.09614562988281,109.25527170890862,107.85120294734752,108.86213416962264,8201200
2024-08-23,109.14295196533203,109.33952074997443,108.50644045919609,109.33016543270352,8368200
2024-08-26,108.83405303955078,110.35981241851883,108.73109456127538,109.26464043562048,6518700
2024-08-27,109.04935455322266,109.1616826395693,107.87929710093485,108.83406083975757,5502600
2024-08-28,109.89179229736328,110.47213619649287,108.80597560363347,109.14295270572454,5403200
2024-08-29,109.94794464111328,110.82783002503807,109.32079563580919,110.38788733307568,7202500
2024-08-30,110.8746337890625,111.15545041511764,109.65777840623822,109.77009934348952,8876500
2024-09-03,109.12423706054688,111.23969573652884,108.97446628270899,110.6967945205259,7640300
2024-09-04,108.39411926269531,109.26464224487961,107.14917648812121,109.19911931682115,7693400
2024-09-05,111.00569152832031,112.39104274827105,108.90895049140158,109.15232445060866,12009700
2024-09-06,110.30364990234375,112.60632919423517,110.12580603032504,111.48306978379432,8577300
2024-09-09,108.02906036376953,109.42376675021333,105.22092267372881,105.91359463766241,14880200
2024-09-10,107.95416259765625,108.66555225569579,106.08207101899146,107.84183453200981,12734500
2024-09-11,107.37383270263672,108.47836723640218,106.96197018926057,107.58912641866443,7836600
2024-09-12,107.87928771972656,108.12266164824848,106.7466730613801,107.14917307562416,8330900
2024-09-13,108.45027160644531,109.30206960738451,107.64527161263379,108.66555815045129,6709600
2024-09-16,111.15470886230469,111.54105879489167,109.11932625783199,109.11932625783199,7846100
2024-09-17,111.46566009521484,112.26662078728121,110.93796969841675,112.10643008671643,7914900
2024-09-18,111.79547882080078,112.49278509130049,111.06990444584399,111.38086078411504,11135600
2024-09-19,110.4668197631836,112.3231613204138,109.58104754362974,112.04047310662024,9963000
2024-09-20,110.41028594970703,110.72124948218179,109.69413666122644,110.5045153624815,21200900
2024-09-23,108.9591293334961,111.34317587891822,108.85547482329325,110.43855339183096,6665300
2024-09-24,108.32778930664062,109.55279328898523,107.7247124138923,109.16644333528264,9840400
2024-09-25,108.11105346679688,109.32662506139567,108.00739896039805,108.64816900484392,7902300
2024-09-26,106.56565856933594,107.42316270492235,106.41489295657745,107.3100831034213,11132100
2024-09-27,107.13105010986328,107.74354485170535,106.4808549780238,106.6410456892981,11920100
2024-09-30,107.008544921875,107.4325880364959,106.1981590824586,107.05566321991385,10936900
2024-10-01,108.12046813964844,108.16758643723534,106.58450797416947,107.38546870844694,7715500
2024-10-02,105.61392974853516,107.98854381062752,105.51970034410755,107.94143270303508,9041800
2024-10-03,103.82355499267578,105.61394265252216,103.49374844226178,105.36894041968164,10280600
2024-10-04,103.43720245361328,103.93663200516723,103.07912780629941,103.17335721988269,9704700
2024-10-07,102.32527923583984,104.57740322374586,101.9389364791591,103.37124227328904,8654800
2024-10-08,102.25930786132812,102.47604196392095,101.59026973742223,101.74104253735511,8832400
2024-10-09,103.90835571289062,103.93663100701316,101.9577773945508,102.15566850719173,8627800
2024-10-10,103.08854675292969,104.43604813556857,102.871812644302,104.3135434349013,6006700
2024-10-11,103.3995132446289,103.57854696813216,101.67508699128844,102.80585429783515,8578400
2024-10-14,103.36181640625,103.71989102990267,102.41008285668845,103.1168141957282,8130700
2024-10-15,105.09566497802734,105.1427832783316,103.5502796260582,103.61624093293823,9109500
2024-10-16,104.04969787597656,104.78469732059976,102.73046460112423,104.59623850529643,8729200
2024-10-17,103.41836547851562,103.832983549557,103.18278833619554,103.78586524539544,8541700
2024-10-18,102.42892456054688,103.57854200771826,102.29700195407568,103.55969900218359,9523000
2024-10-21,100.205078125,102.87181279060657,100.05431250989749,102.78700848009447,11444900
2024-10-22,100.48777770996094,100.7327799325714,99.61143051874207,99.79989653199755,11576100
2024-10-23,100.24276733398438,101.16623275071676,100.073151530472,100.58199894100912,8271700
2024-10-24,99.7716064453125,100.46891980710474,99.1873798639499,99.93180433013855,8295900
2024-10-25,97.98123168945312,100.34642062361127,97.86815209206301,100.34642062361127,9625500
2024-10-28,98.21681213378906,98.94238647131182,97.93411672531674,98.56546165642968,6968900
2024-10-29,97.74566650390625,99.04604968084253,97.71739120917945,98.30162508306047,9296200
2024-10-30,98.7822036743164,98.94239439696926,96.96354794687856,97.49123841643784,13897200
2024-10-31,96.41699981689453,97.27450395278842,92.91161125077706,95.10719165332007,17413100
2024-11-01,96.00238037109375,96.79392319161371,95.37103544768323,95.90815096583353,10180600
2024-11-04,95.99295806884766,96.61487786649022,95.12602888810709,96.11545557115419,9182600
2024-11-05,95.7856674194336,95.86105383032705,94.72085413598414,95.51239707187771,6741400
2024-11-06,94.91873931884766,97.27451059243994,94.79623461150508,97.22739229127075,9551300
2024-11-07,95.33334350585938,95.82334792246763,95.03180509150155,95.58777081158675,8676100
2024-11-08,96.98238372802734,97.2745042355482,95.17315323356014,95.62546445179841,9208000
2024-11-11,94.91873931884766,97.43470131362581,94.66431199532339,96.61489032228806,10075300
2024-11-12,92.89276885986328,94.95641947964262,92.81738245833668,94.947001571384,12282900
2024-11-13,92.8173828125,93.71257296900458,92.25199917737905,92.82680791003752,8869700
2024-11-14,92.68546295166016,93.66546463656924,92.29911302284079,93.45815562005573,8704500
2024-11-15,90.75373077392578,92.27084805812889,89.02931165539896,92.27084805812889,16464500
2024-11-18,90.98930358886719,91.67719193543242,89.91507250789702,90.98930358886719,14139900
2024-11-19,90.970458984375,91.9221925356154,89.76430531389842,91.14949989113865,13093100
2024-11-20,91.81853485107422,93.13776088919896,91.0835354329068,91.38507384008427,12136800
2024-11-21,94.09891510009766,94.68314888195087,91.35679427225722,92.08237574850551,15670300
2024-11-22,93.45816040039062,95.91758624165698,93.22258326761985,94.54181664898489,14031200
2024-11-25,95.32392883300781,95.87046228497643,93.76911841057455,94.31565186254315,34659100
2024-11-26,95.75738525390625,95.92700105889222,93.9481476043083,95.62546264883302,9324100
2024-11-27,97.17086029052734,97.48181664828662,95.77624047288123,95.78566557137202,9802200
2024-11-29,95.77622985839844,97.09546312040044,95.67257535421838,96.94469031823202,6081200
2024-12-02,94.80565643310547,95.97411693143711,94.66430872372622,95.86104451532823,13703100
2024-12-03,95.97411346435547,96.53949709220471,94.81507810565097,94.93757561509139,11395600
2024-12-04,95.52180480957031,96.20026081657126,95.2202664100446,96.14372461329847,11315000
2024-12-05,97.5760498046875,98.1320083788444,95.50296675387655,95.63488937110847,11062700
2024-12-06,97.14257049560547,97.95295630300737,96.76565288315655,97.63257489457726,11470700
2024-12-09,97.80219268798828,99.008346326575,96.42642324464762,96.92584556163342,19162500
2024-12-10,95.17315673828125,97.7833480716978,94.92815451982827,97.7833480716978,11359400
2024-12-11,93.99526977539062,95.59719129686796,93.53354063860483,94.8904599451733,21613000
2024-12-12,95.40873718261719,97.05777708453897,94.34393114836105,95.823355229944,9554400
2024-12-13,96.11547088623047,96.6525864653779,94.73027618494405,95.29565986995551,10118200
2024-12-16,95.0421371459961,97.15080859942871,95.03264384884854,96.17246273064318,11701100
2024-12-17,95.0421371459961,95.74503246166812,94.37724400608117,94.89016467692628,13975100
2024-12-18,93.40837860107422,96.40991235583361,93.34188929621769,95.16560940203678,11993400
2024-12-19,94.52920532226562,94.92814840593759,92.91446088910445,93.61734887505557,12110800
2024-12-20,93.13292694091797,94.68118201885345,92.99044779032242,93.87380982786613,29289700
2024-12-23,94.3867416381836,94.59570287085916,93.27540992890799,94.12077714363093,8460500
2024-12-24,94.46272277832031,94.6431968708344,93.84532513995579,94.24426100539509,3713500
2024-12-26,94.8616714477539,94.92816076255555,93.95930817911245,94.12078119408903,4760300
2024-12-27,94.70018768310547,95.317592581593,94.263256881029,94.51022028978232,6173600
2024-12-30,93.4368896484375,94.57670848853877,93.34189870610285,94.57670848853877,6848700
2024-12-31,94.49122619628906,94.538714421097,93.4938792670328,93.5603685791971,6598200
2025-01-02,94.19676971435547,95.31759475279253,93.87382368899155,95.25110543893575,6153300
2025-01-03,94.16827392578125,94.7476839008077,93.74084366404311,94.35824132060006,6070300
2025-01-06,94.71917724609375,95.29858714606193,93.48436759935714,93.81681412061987,10111100
2025-01-07,95.9539794921875,97.80619395932258,95.03262977667683,95.1086123765646,10890900
2025-01-08,94.84266662597656,95.71652822805163,93.132938349759,95.65003891586748,8654700
2025-01-10,94.27275085449219,95.37458194999179,93.85481392215908,94.23475592911727,11328500
2025-01-13,95.91600799560547,96.08698155607789,94.02579828627378,94.47222965232908,8168100
2025-01-14,94.65270233154297,96.4004255929045,94.0447979583049,96.18196380863019,10927400
2025-01-15,95.07062530517578,95.7640200315005,94.61470068103154,95.0801258484929,9170300
2025-01-16,95.6500473022461,95.8400219585656,94.93765864633028,95.40309111921896,7749600
2025-01-17,93.00945281982422,95.43157693101618,93.00945281982422,95.43157693101618,16182000
2025-01-21,91.4136962890625,93.34189346276247,90.95777167734946,93.1614266254053,17756100
2025-01-22,90.88178253173828,92.13558609386564,90.3783624476192,91.14773976509998,13070900
2025-01-23,91.78414916992188,92.2875765595426,90.44486230379171,91.29022957133286,11522800
2025-01-24,90.75830078125,92.23056604822447,90.62532216995659,91.93611444418774,12244800
2025-01-27,93.02845764160156,93.6743569473951,91.1667495829712,91.78414725663956,15093400
2025-01-28,92.5630111694336,93.92129888996149,91.74613842859635,92.4680274837808,12840900
2025-01-29,93.35140228271484,94.17777567905186,92.50603504536865,92.53452943027825,10225500
2025-01-30,93.98779296875,94.42473098917056,93.30390604923716,94.42473098917056,10164700
2025-01-31,93.86431121826172,95.0421248769774,93.63634892068886,94.13026843989519,11420200
2025-02-03,94.7856674194336,95.12761448637933,93.08543262733976,93.20891069442932,13363900
2025-02-04,86.18952178955078,86.6549542352675,82.9505319914112,84.53678223341491,50837600
2025-02-05,85.17317962646484,86.18952041009929,83.58692940984884,85.85707384475936,21670600
2025-02-06,83.63440704345703,85.07817778218349,83.43493190000811,84.92620534763917,19509700
2025-02-07,82.90303039550781,84.15683397424974,82.75105793734062,83.1309927061542,15815000
2025-02-10,82.0671615600586,83.56792849575726,81.94367624139024,82.82703832412011,21212100
2025-02-11,82.20014190673828,82.62757214260358,81.43076458346428,81.74421004126296,20922300
2025-02-12,81.37377166748047,82.32362311380602,81.3167828996742,81.75371369536897,14785300
2025-02-13,80.18644714355469,81.40225568046674,80.0819629180272,81.29777145493925,20415100
2025-02-14,78.84716796875,80.52840178429605,77.97329915960484,80.18645469523733,26779000
2025-02-18,79.11312103271484,79.3980720940404,76.97595546221449,77.06143860657491,25897800
2025-02-19,81.30728149414062,81.33577587774168,78.6951900444371,79.06563152483356,17435100
2025-02-20,83.28297424316406,83.30196808330608,81.59223984566094,81.59223984566094,14851500
2025-02-21,85.01170349121094,85.040197874794,82.64657544552911,83.58692633772696,15678900
2025-02-24,86.69293212890625,87.2438476676775,84.47028338162976,85.21116629738859,19452300
2025-02-25,86.84490966796875,88.39316476760378,85.9045588557236,87.14886181166368,18417300
2025-02-26,84.89771270751953,86.78792214852024,84.40379318448846,86.721432842597,13534200
2025-02-27,86.03753662109375,86.40797806612338,84.77423259225394,84.86921627745295,10717500
2025-02-28,87.62378692626953,87.71877061179082,86.1610149795115,86.1610149795115,15482100
2025-03-03,88.47866821289062,88.53565698362,87.17736905583259,87.17736905583259,13636100
2025-03-04,87.9182357788086,90.57782237106181,87.69027349132104,88.87758764022149,15073000
2025-03-05,88.51665496826172,88.76361111647847,85.9615523635649,86.51246791904747,13117100
2025-03-06,89.2860336303711,89.33352910016758,87.17736231493318,88.45966028473451,11300200
2025-03-07,89.90343475341797,92.48703167188015,89.14355074912054,89.53299329419048,24100900
2025-03-10,90.45435333251953,92.13558714650159,89.94143269940861,89.94143269940861,20897600
2025-03-11,89.97942352294922,90.59682111638885,88.88709299743232,90.21688636559242,21734800
2025-03-12,88.66862487792969,89.66597172569429,88.20319973080863,89.35251903104931,11896000
2025-03-13,89.96043395996094,91.50868928345893,88.71613082410647,88.71613082410647,16570100
2025-03-14,89.82746124267578,90.12191290567424,88.76362489251247,89.5520034221837,12681100
2025-03-17,90.81424713134766,91.30285837293233,89.17597011951317,89.72206245679133,12237900
2025-03-18,90.74718475341797,91.40824660121824,89.90408968737778,91.23579600220064,8670100
2025-03-19,90.0765380859375,91.42740229680825,89.712478967748,91.25495170200341,11355900
2025-03-20,90.75676727294922,91.16873218629448,89.75080422821873,90.05738225842472,12970200
2025-03-21,89.2047119140625,90.70886151736936,89.16638874659903,90.61305725340905,68435800
2025-03-24,88.43826293945312,89.20471166781338,87.71971999763917,89.00352052123309,16950100
2025-03-25,84.18449401855469,88.4382632800875,83.42762790646786,88.4382632800875,20640200
2025-03-26,84.4144287109375,85.57367715888856,83.64797995241588,84.5389735277035,13808800
2025-03-27,83.92581176757812,84.84554582995143,83.71503800777238,84.78806473523954,12931900
2025-03-28,85.48745727539062,86.35928562954075,83.9928828963662,84.50065210287302,12393500
2025-03-31,85.99522399902344,86.48382795189617,84.66352495683864,85.50661273675368,15003000
2025-04-01,83.46595001220703,85.98563794110392,82.97733876947608,85.98563794110392,13922100
2025-04-02,82.9677505493164,83.41803859463114,81.74143852512084,83.23600539093465,10590800
2025-04-03,82.76657104492188,85.17129695763114,82.64202622507376,85.00842896796884,12684100
2025-04-04,78.05292510986328,82.65159551143192,77.67928336815449,82.50789277184909,22965700
2025-04-07,77.77509307861328,79.71994825742289,75.97394795884914,77.61222508941383,26582000
2025-04-08,75.63861846923828,79.77742557924046,74.28776152073738,79.71994448210332,20571600
2025-04-09,78.47447204589844,78.55111106996574,72.81235024833953,73.540475797454,22928300
2025-04-10,74.2973403930664,77.71760437877474,72.77402561118474,77.22899314956025,19466900
2025-04-11,75.85897064208984,76.10806756483763,73.14766696702526,74.60391802835454,16194400
2025-04-14,75.84939575195312,76.66374300651017,75.07337166706193,76.66374300651017,15796700
2025-04-15,75.10210418701172,76.60625371593537,74.46020760988426,76.21345406030382,16042500
2025-04-16,73.2530517578125,75.3895225043669,72.74528261739545,75.17874875338708,16551300
2025-04-17,74.72846221923828,75.44700512519249,73.65543551496394,73.66501813367434,21416500
2025-04-21,74.58475494384766,74.91049820752066,73.76082512969418,74.805111325985,11010000
2025-04-22,75.65777587890625,75.72483958842552,74.4027233253042,74.75719980016491,12918200
2025-04-23,75.43742370605469,76.8361863747605,74.72846340753729,75.20749201912408,17935700
2025-04-24,76.49128723144531,76.61583935179632,72.84109145272642,74.99672026240704,18471500
2025-04-25,79.2696533203125,79.78700510266307,74.7859451826708,76.80744652671973,28378000
2025-04-28,79.70079040527344,80.17023644317726,78.94392424899743,79.51875717634456,14241000
2025-04-29,81.15702819824219,82.09592751275783,79.2792368786076,80.26603466964752,18802900
2025-04-30,81.62646484375,82.23004551581886,80.27560808651158,81.69352855071367,13825100
2025-05-01,79.7678451538086,81.03248037550281,79.68161620423585,80.96541666334464,10036400
2025-05-02,79.69120788574219,81.15703441061048,79.47085148679334,80.65884782212215,11755600
2025-05-05,79.36546325683594,80.07443092189975,78.47447698448282,79.73911232863829,8688000
2025-05-06,75.72484588623047,79.02056516389271,75.00630294902365,79.01098254476554,16991100
2025-05-07,75.8014907836914,76.5487742547188,75.45658959561774,76.2805193994163,12216900
2025-05-08,74.39314270019531,75.49490993701423,73.70334034986011,75.20748985457578,15059100
2025-05-09,72.78360748291016,75.15958527272369,72.63989743939324,74.69013928600509,15614500
2025-05-12,77.0565414428711,77.8613059881519,72.64947975303735,72.73570139314755,21761100
2025-05-13,73.4159164428711,75.25539171773754,73.34885273504861,73.72249443711618,23353200
2025-05-14,70.38847351074219,74.21112022743667,70.24476344873769,74.21112022743667,23721800
2025-05-15,71.66268157958984,71.67225688883727,70.23517108691551,70.67587652237728,15274800
2025-05-16,72.86982727050781,72.97521414578077,71.25071559561617,71.84470637326783,15021800
2025-05-19,73.99076843261719,74.00992636246627,72.51535931473616,72.77403156938287,11682600
2025-05-20,74.69972229003906,75.85897064410102,74.17278789755795,74.29734001363339,13262400
2025-05-21,73.75125122070312,74.82427067577719,73.64586433716595,74.50811002516565,11879500
2025-05-22,74.57516479492188,75.07335860449636,73.46382230557164,73.50214546856937,11800000
2025-05-23,74.32608032226562,74.6326583379816,73.84705171587215,74.29733977538545,10902200
2025-05-27,74.33566284179688,74.92007838303387,73.81831832898112,74.74762777562955,11884500
2025-05-28,72.9752197265625,74.4602114030489,72.41954476160916,74.18237392057225,12293200
2025-05-29,73.19557189941406,73.77040476034264,72.51535216121898,72.51535216121898,10785200
2025-05-30,73.61711883544922,74.30692125544275,72.4195472200152,73.71293041220159,20641500
2025-06-02,73.05186462402344,73.78956548343642,72.23751743107759,73.78956548343642,11271800
2025-06-03,73.90453338623047,73.95243917100215,72.27583903554431,72.81234873988393,18139200
2025-06-04,74.98714447021484,75.82065698389155,74.08657554479353,74.2207029870775,13009300
2025-06-05,74.3644027709961,75.2553962626742,74.0099189742996,75.1212688389288,13983700
2025-06-06,75.65777587890625,76.15596239113574,74.92965038312823,75.01587932930796,9863100
2025-06-09,76.002685546875,77.03738916040203,75.37036423547616,76.27094041496046,18305800
2025-06-10,77.93795776367188,78.44572694929488,76.0026852866828,76.01226059665527,13254100
2025-06-11,76.95116424560547,78.2541227956418,76.62542826279505,77.93796212333946,11803300
2025-06-12,78.38824462890625,78.66608211110807,76.71164442587222,76.82661392832027,13169200
2025-06-13,78.2828598022461,78.98224483573414,78.03376286176305,78.22537870421039,14550500
2025-06-16,78.3409194946289,78.71830229024287,77.13135735930686,78.26350574614877,12569400
2025-06-17,75.74761199951172,78.08932233675407,75.66052707628457,77.68291126319912,14040600
2025-06-18,76.72493743896484,77.71193677965849,74.6057824589178,75.52505400569909,23803400
2025-06-20,76.50238037109375,77.33455967597834,76.05726240983147,76.68623617039509,34052300
2025-06-23,77.5667953491211,77.62485196259762,76.43463970826488,76.67655210785783,18553800
2025-06-24,77.72161865234375,78.82473864939064,76.5314063489085,77.77000408729072,15906400
2025-06-25,77.09263610839844,77.52808282545865,76.59914016467553,77.06360780377709,12753200
2025-06-26,76.27982330322266,77.65388402759241,75.83470535233869,77.25714412942008,13760100
2025-06-27,76.54107666015625,76.96684481752669,75.61213399345897,76.50236979288802,60202500
2025-06-30,76.59915161132812,76.82170690173616,75.844378665483,76.68623653820576,13895200
2025-07-01,79.16341400146484,80.38265460444497,76.05725956983281,76.40561402782713,21800800
2025-07-02,79.72464752197266,80.13105856975871,79.2408227367282,79.40532139189204,16052700
2025-07-03,78.3118896484375,79.92786285770948,78.0893269715682,79.87948480279442,7734500
2025-07-07,78.2828598022461,78.90215500061942,77.55712254953538,78.33123785621149,15777400
2025-07-08,78.73765563964844,79.71497648262364,77.7409702866105,78.32156598976457,12752900
2025-07-09,81.001953125,81.74704750638914,79.24083101796354,79.71497728993229,18394600
2025-07-10,81.30191040039062,82.25021018973693,80.47940977500926,80.93420623609474,14725600
2025-07-11,80.66327667236328,81.40836366614558,79.59886351728241,81.30192161237937,9717400
2025-07-14,80.96324920654297,81.57287324675741,80.42136773309136,80.73101534400391,10368700
2025-07-15,78.88280487060547,81.63093401693014,78.66992812562764,81.06969538656064,10827000
2025-07-16,79.76335906982422,79.9665646056378,78.82473775017522,78.82473775017522,11517800
2025-07-17,78.88280487060547,79.98593238455803,78.70862761920051,79.32793025509284,8984800
2025-07-18,77.3732681274414,79.26986062905252,77.27650463520659,79.05697651658718,11823600
2025-07-21,76.74429321289062,77.71194288601275,76.39593873996016,77.56680134110934,11620800
2025-07-22,78.96987915039062,79.12469923706553,77.28617102643322,77.28617102643322,10571000
2025-07-23,81.26322174072266,81.41804184746738,79.74401206897365,79.94721761177792,11542100
2025-07-24,81.3890151977539,81.77607654637642,80.81809804745492,81.47610012533885,8016700
2025-07-25,81.96959686279297,82.46310022671447,81.12773905170106,81.43739401147971,10058800
2025-07-28,81.34062194824219,82.22118661634795,81.15677354680487,81.73736182268469,12882000
2025-07-29,79.9568862915039,80.2084772624968,74.18002420015823,77.26682150056547,27826400
2025-07-30,79.10536193847656,80.87616263809315,78.88279926205703,80.2278391194077,13055200
2025-07-31,75.5927963256836,78.8537710511773,75.33152677553502,78.18609778624692,19813300
2025-08-01,76.72493743896484,77.28617597709483,75.02187208096858,75.49601831641881,11900300
2025-08-04,77.27649688720703,77.40228867624187,75.89275767750188,76.50237426178214,13380700
2025-08-05,78.1764144897461,78.50541182029104,76.99588075999151,77.31520690969512,9984300
2025-08-06,76.87007904052734,78.68925745221995,76.70557301391474,77.69257964327103,13028700
2025-08-07,77.77000427246094,78.20544365769696,76.1056457094222,77.0732953500186,10830100
2025-08-08,78.07965087890625,78.54411856629828,77.51841232260851,77.51841232260851,6882900
2025-08-11,77.44100189208984,78.99891845105842,77.05394054765758,78.34091638029788,8210700
2025-08-12,77.7022705078125,78.32156569846454,77.0926464982843,77.86676917788985,7852700
2025-08-13,80.0343017578125,80.1600935547283,77.60549906639116,78.1377093275368,11043800
2025-08-14,80.08268737792969,80.70198256546381,78.96021023641097,79.35695013792116,10217600
2025-08-15,81.48577880859375,81.9986319586726,80.66327805567965,81.01163253169194,10481400
2025-08-18,81.4954605102539,82.39537504417041,81.35999014020896,81.53416738492123,8273600
2025-08-19,82.18248748779297,83.02434536579142,81.65027721160179,81.65027721160179,14307700
2025-08-20,81.92122650146484,83.4597859687276,81.81478444469533,82.550192895454,8904700
2025-08-21,83.29527282714844,84.49515617020968,81.8631482827876,82.13408896839046,13889000
2025-08-22,84.5435562133789,84.99834536706564,83.9532893108925,84.66934801555848,11977400
2025-08-25,82.5501937866211,84.56290694034213,82.20183930299316,84.38872969852817,9417700
2025-08-26,82.24053955078125,82.82112784918853,81.93089196612532,82.79209954165528,14062700
2025-08-27,81.35030364990234,82.71469316431237,81.16644785879102,82.31795327456281,10588100
2025-08-28,80.51812744140625,81.52448397519974,79.97624599343322,81.52448397519974,14485300
2025-08-29,81.398681640625,81.51479486011455,80.5858521912978,80.72132253575566,10872900
2025-09-02,82.7146987915039,82.73404853697798,81.61157135236945,81.76639884648701,11642700
2025-09-03,81.45674133300781,83.03400747893129,81.35029928939417,82.60824668705706,12714400
2025-09-04,81.3309555053711,81.6793099677068,80.3149204264618,81.47609704586021,12554800
2025-09-05,81.96959686279297,82.51147827724445,80.55682933041547,81.07936100117108,13231100
2025-09-08,81.36965942382812,81.59222210232822,80.14074755777833,81.43740198985184,13111200
2025-09-09,81.87283325195312,82.05668903839091,81.40835819558734,81.45674362862273,9767500
2025-09-10,81.31160736083984,81.83413911206809,80.83746105017376,81.54384123385849,13073300
2025-09-11,82.39537048339844,82.78243182606559,81.28257189169825,81.61156923428764,9667200
2025-09-12,80.13105773925781,82.42438985527664,80.121386559111,81.88250846384479,9939500
2025-09-15,79.17340087890625,80.86397425554782,79.07568155519722,80.23856163720222,10229800
2025-09-16,79.2417984008789,79.62291640523982,78.70433843850927,79.16362742187455,10065900
2025-09-17,79.29066467285156,80.37536626077484,78.95841749734662,79.13431525364516,12642100
2025-09-18,79.6717758178711,79.82813269372637,78.97795895615216,79.36884369028421,10458900
2025-09-19,79.65223693847656,80.52195157964287,79.1538587035421,79.94539490481549,25627800
2025-09-22,78.56753540039062,80.07243682017956,78.43072685818312,79.89653905798329,11986400
2025-09-23,78.13755798339844,79.26134877802352,77.85416674263169,78.26459235111895,13145300
2025-09-24,77.85417175292969,78.28414572597168,77.5219245595838,78.07893290852161,11804200
2025-09-25,75.83134460449219,78.05937780720342,75.81180372354993,77.96165849148038,14923800
2025-09-26,76.76947021484375,77.16035496765895,75.91930389214025,76.96491631900462,12205400
2025-09-29,76.78901672363281,77.00400370533475,76.25154926937795,76.80855760583009,12739000
2025-09-30,82.01707458496094,82.08547885245108,76.6131150867222,76.6326559679311,21636600
2025-10-01,88.07576751708984,88.68163925160657,83.24836434547959,83.24836434547959,33460900
2025-10-02,87.46990203857422,88.92594006863983,86.20930265283053,87.89986854718374,14575400
2025-10-03,87.15719604492188,88.63277496247505,86.09203529970465,87.5871625550635,12970600
2025-10-06,86.77608489990234,88.25166380779054,86.53178286747638,86.80539995091243,11648300
2025-10-07,85.61320495605469,86.91289355964727,85.15391594158916,86.64904318918536,9449100
2025-10-08,84.4307861328125,85.92591341796175,84.2353400283935,85.92591341796175,9696200
2025-10-09,85.50570678710938,85.79887219258185,84.66530724396131,84.97801353056249,10938200
2025-10-10,84.03012084960938,86.22883903321897,83.96171658211732,85.9356810820413,11230700
2025-10-13,83.74673461914062,84.48941489311207,83.29721976938345,83.70765285438473,6553900
2025-10-14,82.76952362060547,83.72719084519291,82.23206363544938,83.43402543110328,9675000
2025-10-15,82.19297790527344,82.75976042030089,81.70437383138903,82.27115634641649,9168700
2025-10-16,82.0073013305664,83.5512919059868,81.694595039197,82.48613866383995,11709100
2025-10-17,82.85747528076172,82.95519459917352,81.26462876968147,81.38188896957321,10758900
2025-10-20,84.35260772705078,85.01710957134594,83.0920083111597,83.3069952983591,8611800
2025-10-21,85.62297821044922,85.67183414317515,84.26465951926373,84.978017272214,9852400
2025-10-22,85.61320495605469,86.76631084889137,85.02688156853745,85.68160922700659,10926300
2025-10-23,85.19300079345703,86.10180460693961,84.92915789202931,85.56433718022723,7687500
2025-10-24,85.49594116210938,86.05294952376225,85.12460473950969,85.3395917309383,7902100
2025-10-27,85.99431610107422,86.28748152453045,85.04642301480635,85.51548620123503,7226600
2025-10-28,85.04642486572266,86.10181146652639,84.948705540946,86.10181146652639,8345900
2025-10-29,84.60667419433594,85.83795096116415,84.1082960046165,84.96823639890209,10921900
2025-10-30,84.31351470947266,85.31027115878425,81.4014387108309,82.69135312043525,16678800
2025-10-31,84.02035522460938,84.48941093476915,82.6327140645803,83.47311362208151,12385000
2025-11-03,80.60990142822266,84.13762358717878,80.46331870876192,83.81514309546652,13875800
2025-11-04,81.94867706298828,83.02360455010307,80.14084345436252,80.81511201640814,12846100
2025-11-05,82.46659851074219,83.43403253074987,81.02033456544882,82.11480296610179,9440200
2025-11-06,83.82491302490234,84.20602360291899,82.42750508700583,82.55454691668233,10601400
2025-11-07,84.31351470947266,84.61644683842705,83.29721737834404,83.991034243195,9214300
2025-11-10,84.7728042602539,85.37867597756593,83.84445953009629,84.71417415891949,8319600
2025-11-11,88.8770751953125,88.9943428532508,85.27118231590853,85.35912746773256,15436000
2025-11-12,89.36568450927734,90.79241500383084,89.08230069972926,89.32660274317234,13218900
2025-11-13,90.81195831298828,92.11164700814919,88.82822686011474,89.2288783452016,16086100
2025-11-14,90.80217742919922,92.9129505635031,89.40476950848128,90.09858638443126,19632000
2025-11-17,90.74354553222656,92.59046826045369,90.56764777451416,91.10511521627599,14345800
2025-11-18,94.232177734375,95.43414698230234,90.01063902477415,91.96505523209873,28153500
2025-11-19,92.88363647460938,94.92599790384773,91.9455101015311,93.811981223262,14641300
2025-11-20,92.80545806884766,93.81198125821624,91.75984565929404,92.80545806884766,12554200
2025-11-21,95.53186798095703,97.98465499630338,93.1865669998374,93.30383465832057,23183300
2025-11-24,98.1116943359375,100.02702130956241,96.86086916585643,96.86086916585643,28320900
2025-11-25,103.25182342529297,103.42771374645028,98.41463829477776,98.43418663413324,22225500
2025-11-26,102.24527740478516,103.33975312422001,101.82507763759646,102.21596235564505,12624000
2025-11-28,102.44072723388672,103.00750972298734,101.74691037536954,102.45049394695296,6154500
2025-12-01,99.50910186767578,103.27135153342091,99.39183421257111,102.33323265910177,14178300
2025-12-02,98.72733306884766,99.47978748031167,98.02374204454586,99.21593711844544,11795000
2025-12-03,99.93907165527344,100.7403820194886,99.20616556158251,99.57750942057663,12541600
2025-12-04,98.59053039550781,100.26155544986311,98.24850903154736,99.77295137120343,12770700
2025-12-05,97.44718933105469,99.7631676711181,96.92927025003638,99.08889917672911,16430400
2025-12-08,96.67520141601562,97.39833335078424,95.58072561718514,97.11494209602884,12902600
2025-12-09,94.68169403076172,97.57422916764725,93.87060950286474,97.05631005758246,16283900
2025-12-10,95.39505767822266,95.93251766145279,94.27126686891434,95.81525746064209,18077700
2025-12-11,96.75337982177734,96.88041419572302,95.35597188634915,96.19637148139024,11808200
2025-12-12,98.01397705078125,98.365772569103,96.07910170001168,96.70451429802672,11810800
2025-12-15,98.8122787475586,99.48246005886712,96.58491034244079,98.54617325319415,16735900
2025-12-16,96.85100555419922,98.89111503612781,95.39238054835222,98.8516992417888,16663600
2025-12-17,97.74787902832031,98.69401609312767,96.64404869309723,96.76231864590903,13180600
2025-12-18,99.23607635498047,99.90625770933192,97.43249906793079,97.83657491082697,14312800
2025-12-19,99.63028717041016,100.72425970552642,98.66444228666774,99.14736472853895,44980200
2025-12-22,103.20787811279297,103.43455277606276,98.95025782293973,99.17693248620952,17136200
2025-12-23,103.52326202392578,103.86820664910292,102.82351506450107,103.05018973851938,13587500
2025-12-24,104.91289520263672,105.40567537271811,103.75979140926114,103.8484957498747,5335000
2025-12-26,105.23812866210938,105.50423415648473,104.49895842986655,104.91289195530771,6280700
2025-12-29,105.0804443359375,106.03643153301142,104.89318546843084,105.30711899943958,8086900
2025-12-30,104.52852630615234,105.33668547685303,104.11459277172168,105.18885744257679,6497900
2025-12-31,103.74008178710938,104.56794884986,103.47397628891915,104.41026310805307,7557300
2026-01-02,104.91289520263672,105.08044617507818,102.9220666239685,104.00618149430184,9992400
2026-01-05,105.88860321044922,106.8741635306679,104.27228488682884,105.46481197198604,15863300
2026-01-06,107.29795837402344,108.57918232181594,106.12513914740683,106.12513914740683,14479000
2026-01-07,107.03185272216797,109.85055593039503,106.39123698952932,107.92871625170784,16322300
2026-01-08,109.38734436035156,111.26976829348051,107.67247140626743,109.01283412325219,20278800
2026-01-09,108.9339828491211,110.85583001787157,108.6284615507942,109.26907727371102,11040800
2026-01-12,107.61333465576172,109.85055329259478,107.2092513119195,109.36763083710042,10671900
2026-01-13,106.69676208496094,107.73159590686699,105.67177845238601,107.47535563814463,9338600
2026-01-14,109.40705871582031,109.62388320017156,106.39123887228854,107.39651465987542,11964600
2026-01-15,109.36763000488281,109.96882240212355,106.88401378563911,109.02268539644022,11775800
2026-01-16,107.25853729248047,109.13110350667216,106.86431163908819,109.12124579754939,14852100
2026-01-20,107.86957550048828,108.0568343700179,105.3859667683768,106.54892826274715,15241100
2026-01-21,109.50560760498047,110.35319008054414,107.15997675355342,107.61333359781771,12844400
2026-01-22,107.60347747802734,109.7125759895073,107.02199297144867,109.18037250727937,9362600
2026-01-23,106.61791229248047,107.51476824486352,105.66191760972231,107.51476824486352,10489500
2026-01-26,105.84918212890625,106.8544503682814,105.51408770296209,106.24340776915818,9903200
2026-01-27,106.3616714477539,106.78546270014016,105.29726446233323,105.94773790427767,7907100
2026-01-28,105.35639953613281,106.37152546096323,104.49895935224059,105.3071185125236,7491700
2026-01-29,106.77560424804688,108.34264910776955,105.55351152471555,105.78019371269596,13572800
2026-01-30,108.677734375,108.94383987509906,106.39123470818386,107.02199271839324,19060600
2026-02-02,111.73297882080078,112.24546689082844,108.36235673228326,108.529907705249,18000100
2026-02-03,114.16730499267578,116.74947576362598,109.83084555701943,110.0575202221012,25793600
2026-02-04,116.6213607788086,118.65161274168128,114.81778349102984,115.21200914420105,21954600
2026-02-05,118.0208511352539,120.66215315662832,116.60164183444715,116.60164183444715,24010600
2026-02-06,120.16937255859375,120.88883491526408,118.70088975735793,119.01626876539304,13083300
2026-02-09,115.95117950439453,120.12009567562652,115.29085585843262,119.65688861600101,16158700
2026-02-10,115.4583969116211,116.47352287260773,114.42355553279715,115.99060040479665,11849500
2026-02-11,117.58719635009766,117.63647737252214,114.63051546610845,115.34997778967295,10885300
2026-02-12,117.5182113647461,119.85399204822163,116.41438861007363,117.29153670015239,13453300
2026-02-13,119.6568832397461,121.54915726818115,119.28236550214866,119.74558006019058,10102300
2026-02-17,119.81456756591797,121.3027657515742,119.05568942947146,120.59316111949364,9899800
2026-02-18,119.90327453613281,120.05110257170365,118.65160869395619,119.49919118762942,7803400
2026-02-19,120.10037994384766,120.82969246765546,118.76001732109208,119.6470231036845,8933300
2026-02-20,120.49461364746094,120.92825509972563,118.85857981444691,120.86912388333248,9442500
2026-02-23,122.0320816040039,122.39674163853701,119.745581904619,120.54388337782994,9661100
2026-02-24,122.14049530029297,123.03735131484468,120.85926382895761,121.62800722329611,8460300
2026-02-25,120.69171905517578,123.33302108292563,120.49460999368961,122.21934059899417,11082500
2026-02-26,117.57735443115234,120.73114458821415,117.28168331426518,120.63259005566138,10327300
2026-02-27,122.0320816040039,122.20948276685397,117.95186237768111,117.95186237768111,17636400
2026-03-02,119.6568832397461,121.91380977786885,119.2922232108298,121.72655842829873,11564500
2026-03-03,118.09970092773438,119.22323914786305,116.89731607340009,117.94200765932317,9334100
2026-03-04,118.54319763183594,119.12468214802543,116.15814339072014,117.70547283862751,6700900
2026-03-05,114.39398956298828,117.80402747285108,112.79737908851801,117.39009393032391,14516000
2026-03-06,114.11803436279297,114.67980346415247,112.17647926113138,113.49713404630998,12809300
2026-03-09,115.4189682006836,115.56680375063868,112.46228727849561,113.31972745285235,8321600
2026-03-10,115.39925384521484,117.28167765888546,114.98532031691597,115.54708939652973,9739300
2026-03-11,114.53196716308594,115.26127971537672,113.62525344734834,115.0740283622925,6760700
2026-03-12,114.23629760742188,114.91632909911542,112.64954492808972,113.8026486706916,8349200
2026-03-13,113.94062805175781,116.18770435570056,113.8617814223353,115.23170965183071,7111000
2026-03-16,114.60584259033203,115.23134173151435,113.40448276842358,114.51648124163657,8785300
2026-03-17,115.04270935058594,115.96606960145509,113.56334225972854,114.95334799731634,7952200
2026-03-18,113.68248748779297,114.73491682571371,112.54069679716702,114.2384867493478,6736300
2026-03-19,113.38462829589844,114.93349531084145,112.9378442497145,113.84135063967476,8383800
2026-03-20,113.3647689819336,114.35762910348673,111.91519411345661,113.43426888744546,36355400
2026-03-23,114.85405731201172,115.6384177043799,113.95055098000685,115.34055664274894,9096400
2026-03-24,115.53913879394531,115.70792320206517,113.20591137319848,113.88105658059976,7411900
2026-03-25,118.51771545410156,119.2623605453753,115.9660652443337,116.46249530518288,10220300
2026-03-26,118.08085632324219,119.20278555038522,117.8028566970419,118.11064091534625,6497200
2026-03-27,118.7758560180664,120.20557704601073,117.75321128415914,118.43828720586941,8345800
2026-03-30,117.25678253173828,120.77150838167215,116.38306832423837,119.70914832116357,11084000
2026-03-31,119.43114471435547,120.4041433897596,117.92199309037134,118.18013884248576,10713300
2026-04-01,119.97721862792969,121.3175859097826,119.41128863722896,120.01693394349559,6351700
2026-04-02,120.00701141357422,120.78144113379113,118.36879061892661,119.51058132882778,6387900
2026-04-06,119.98714447021484,120.61265119628362,119.1829301937511,119.55029116660226,4890200
2026-04-07,118.42835235595703,118.7063519739413,115.6682024703683,118.7063519739413,11376400
2026-04-08,122.3005142211914,122.74729826106507,117.09792912889351,118.74607304757502,9256900
2026-04-09,121.80408477783203,123.11465988653049,120.4835789465517,122.02251522510208,8666300
2026-04-10,120.5530776977539,122.13172927655856,120.08643221486874,122.08208323904753,9707000
2026-04-13,119.29214477539062,120.43393542686654,118.20992330706109,120.16585895286461,6357300
2026-04-14,119.10350036621094,119.50064593346337,117.30642595367274,118.18014014169076,12449400
2026-04-15,117.05821228027344,119.39143209945728,115.80720638012433,118.94464806543633,7689400
2026-04-16,114.63562774658203,117.00856281083617,113.89098266177622,116.29370231743515,11399900
2026-04-17,118.21985626220703,118.34892535310267,114.73491505880799,114.73491505880799,16194900
2026-04-20,116.26392364501953,118.50778973578083,115.9164241027366,118.29929001041107,7392000
2026-04-21,111.75633239746094,115.69798827576946,111.11097938104838,115.65827296208042,12769500
2026-04-22,112.08397674560547,112.69955273821624,110.74361711766603,111.80597712794946,8037500
2026-04-23,113.80162811279297,114.19876609538179,112.2924765092382,112.56055297989926,6826300
2026-04-24,111.1010513305664,113.21584070464185,110.70390575904736,112.92791035466358,7060000
2026-04-27,109.44297790527344,111.94498215574443,109.35361655261993,110.42590733493114,9133600
2026-04-28,109.24440002441406,111.11098193611417,108.92668508251728,110.72375951247204,7157600
2026-04-29,110.15782928466797,110.43583648625113,107.12961040862378,107.77497101332884,9769900
2026-04-30,108.40046691894531,111.43861642613733,107.85439082945325,108.55932059730206,17131200
2026-05-01,111.35919952392578,113.72220398501874,111.08119231533671,111.52798393366345,11953700
2026-05-04,112.30241394042969,113.80163491150948,109.95926334354859,110.61455468882706,7659100
2026-05-05,112.34212493896484,113.25555443826215,112.02441000116919,112.85840887228717,7910400
2026-05-06,112.74919128417969,113.67255148633632,111.93504629974535,112.34212257942326,7256100
2026-05-07,111.49819946289062,112.93784367092486,110.30676272096949,112.6995593525094,7329000
2026-05-08,110.58476257324219,112.20312949193516,110.38619356999095,111.57762273934215,5725100
2026-05-11,110.4854736328125,112.86833945070408,110.21740473170094,111.34926466958817,7750600
2026-05-12,111.56769561767578,112.87827068724926,110.59468935658985,110.70390457696445,9117400
2026-05-13,112.63997650146484,113.2555524969204,111.24004768467857,111.44854739888412,8110500
2026-05-14,112.60027313232422,113.08677248434866,111.7662666682177,112.81869600216656,5284200
2026-05-15,110.58476257324219,113.11655902676586,110.1479092511051,113.08677443377037,10028900
2026-05-18,111.75633239746094,112.08397805420431,110.17768844665993,110.63440319170151,8047200
2026-05-19,113.4243392944336,114.27819961346351,111.3294038111069,111.75633397062185,7555400
2026-05-20,112.19319915771484,114.1292734583438,112.09391465574551,113.81155850708873,9130600
2026-05-21,115.05262756347656,115.15191963505553,111.28968681326403,111.98469343970913,7402700
2026-05-22,121.5360107421875,121.78422577181381,119.22264484808915,119.68929031577404,14749200
2026-05-26,118.86521911621094,122.25086831000635,118.55743489175369,122.02251471602898,10008700
2026-05-27,119.38150024414062,121.52608176690157,118.92478549205376,118.96450080635545,7162300
2026-05-28,119.03400421142578,120.63250967817561,118.50778953757433,119.40136519832296,9258900
2026-05-29,117.87236022949219,119.80843452502992,117.34614555300868,118.79572048773063,16596000
2026-06-01,114.34770202636719,117.11778276279318,113.54348772624803,116.71071403893946,9406700
2026-06-02,114.82427978515625,115.94620904647051,113.6824890785532,113.6824890785532,8311500
2026-06-03,113.88105773925781,116.49228481757457,113.88105773925781,114.62570286198597,8225100
2026-06-04,119.40135955810547,119.68928990046348,116.25398723642459,116.32349471640346,15933900
2026-06-05,119.92757415771484,122.57850884585251,119.50064400541795,120.07650468989684,15967200
2026-06-08,118.66664123535156,121.7246523009099,117.84257307167879,119.98714704660472,12312200
2026-06-09,118.7460708618164,119.63964650003754,117.15749615771311,119.17300102369308,9669100
2026-06-10,118.23970794677734,119.18292960486828,116.42277968577825,118.92478385292615,10302100
2026-06-11,119.89778900146484,121.83386318594597,119.09356716143911,119.18292851029597,13180300
2026-06-12,118.20000457763672,121.02965450667465,117.98157413137382,120.63250892937135,10926900
2026-06-15,114.9000015258789,118.94999694824219,114.87000274658203,118.70999908447266,15395700
2026-06-16,115.16999816894531,115.9000015258789,113.56999969482422,115.87999725341797,10665400
2026-06-17,115.44000244140625,115.98999786376953,114.0199966430664,114.86000061035156,10459900
2026-06-18,113.87000274658203,114.94000244140625,111.56999969482422,114.63999938964844,29521600
2026-06-22,115.4800033569336,115.62999725341797,113.0,113.97000122070312,10521200
2026-06-23,119.5999984741211,119.80000305175781,116.52999877929688,116.52999877929688,10469300
2026-06-24,120.5999984741211,121.80999755859375,119.51000213623047,120.9000015258789,10478100
2026-06-25,125.44999694824219,125.95999908447266,121.0,121.62999725341797,14043800
2026-06-26,128.66000366210938,128.77999877929688,125.83000183105469,125.83000183105469,18891500
2026-06-29,129.3800048828125,129.97000122070312,126.73999786376953,127.6500015258789,9584600
2026-06-30,128.5,130.2899932861328,126.68000030517578,129.22000122070312,11837200
2026-07-01,125.37000274658203,128.4199981689453,124.70999908447266,128.00999450683594,10761500
2026-07-02,129.55999755859375,129.61000061035156,125.98999786376953,126.18000030517578,7832200
2026-07-06,126.77999877929688,130.0,125.62000274658203,129.30999755859375,9499300
2026-07-07,128.86000061035156,129.69000244140625,127.88999938964844,128.77000427246094,10174300
2026-07-08,125.98999786376953,128.99000549316406,125.13999938964844,128.33999633789062,7910200
2026-07-09,125.06999969482422,128.07000732421875,124.44999694824219,125.4800033569336,6975500
2026-07-10,123.54000091552734,125.55999755859375,122.9000015258789,125.12000274658203,8388400
2026-07-13,124.02999877929688,124.73999786376953,122.44000244140625,123.58000183105469,5225800
2026-07-14,120.77999877929688,123.66000366210938,120.16000366210938,123.30000305175781,9932900
2026-07-15,123.61000061035156,124.9000015258789,122.75,124.25,9053800
2026-07-16,127.62999725341797,128.92999267578125,124.0,124.33000183105469,13038800
2026-07-17,127.5,131.74000549316406,127.02999877929688,128.4499969482422,13472700
2026-07-20,124.4000015258789,127.88999938964844,124.22000122070312,127.29000091552734,7729000
2026-07-21,126.26000213623047,126.7699966430664,124.0999984741211,124.80000305175781,7344800
2026-07-22,127.47000122070312,128.8300018310547,126.62000274658203,127.31999969482422,7792400
2026-07-23,130.47999572753906,131.0399932861328,127.81999969482422,127.81999969482422,8531300
2026-07-24,131.07000732421875,131.7100067138672,130.24000549316406,131.44000244140625,6154400
2026-07-27,130.75999450683594,132.52999877929688,130.4499969482422,131.00999450683594,6909800
2026-07-28,131.82000732421875,135.0500030517578,131.13999938964844,132.8800048828125,10260200
2026-07-29,130.36000061035156,132.69000244140625,129.64999389648438,132.3699951171875,7537700
2026-07-30,129.7899932861328,130.2100067138672,127.25,128.1999969482422,7832900
2026-07-31,130.1999969482422,131.0399932861328,128.13999938964844,128.9199981689453,7738800
2026-08-03,127.7699966430664,131.47000122070312,126.72000122070312,129.8699951171875,11153800
2026-08-04,128.0,129.99000549316406,126.22000122070312,128.4600067138672,11816900
2026-08-05,128.3300018310547,131.08999633789062,127.55999755859375,129.41000366210938,10501900
2026-08-06,128.3699951171875,131.0800018310547,127.80000305175781,130.9600067138672,7051700
2026-08-07,128.5800018310547,128.75,126.68000030517578,127.83999633789062,7347500
2026-08-10,130.9199981689453,130.97999572753906,128.24000549316406,128.2899932861328,6007600
2026-08-11,130.4199981689453,132.83999633789062,129.6999969482422,129.92999267578125,6342200
2026-08-12,132.9199981689453,134.05999755859375,128.91000366210938,130.25,10447100
2026-08-13,135.5500030517578,135.67999267578125,133.05999755859375,133.86000061035156,8895200
2026-08-14,135.83999633789062,135.97000122070312,133.39999389648438,134.42999267578125,6869000
2026-08-17,135.97000122070312,137.1699981689453,134.5500030517578,134.9499969482422,8477300
2026-08-18,135.1699981689453,137.97999572753906,134.8800048828125,137.24000549316406,10284200
2026-08-19,152.1999969482422,153.5,144.89999389648438,146.94000244140625,32776300
2026-08-20,148.99000549316406,152.52000427246094,148.52000427246094,150.77999877929688,16204700
2026-08-21,152.5500030517578,154.49000549316406,148.58999633789062,149.1199951171875,15976200
2026-08-24,150.66000366210938,151.52000427246094,149.13999938964844,150.72000122070312,15032000
2026-08-25,156.4499969482422,156.9199981689453,150.66000366210938,151.0,14005100
2026-08-26,153.10000610351562,155.19000244140625,152.61000061035156,154.35000610351562,8627600
2026-08-27,149.5399932861328,152.0800018310547,149.02000427246094,149.52999877929688,8522600
2026-08-28,148.35000610351562,149.00999450683594,145.75,146.72000122070312,8067000
2026-08-31,147.75999450683594,148.69000244140625,145.9499969482422,147.0,11124700
