Date,Close,High,Low,Open,Volume
2009-01-02,661.5852661132812,662.0644626210529,652.0041177649346,660.6271754680735,3060860
2009-01-05,675.4781494140625,677.8734060299635,665.4177450673477,670.6874547600769,6304213
2009-01-06,681.2269287109375,686.9756544132031,670.6875680197483,670.6875680197483,6620293
2009-01-07,638.5902709960938,684.5802480002689,634.7577275568689,682.1849915025833,12028193
2009-01-08,656.7946166992188,659.6689485149841,636.1949161579429,642.4226552501192,6319028
2009-01-09,647.2134399414062,660.1481175529345,640.506563349421,660.1481175529345,7676835
2009-01-12,645.7763671875,656.3157894107517,640.5066560758742,649.1298966800878,3736136
2009-01-13,628.5299682617188,653.9203080572928,622.7812428891327,643.8600840108184,8051705
2009-01-14,604.5768432617188,636.1949802109316,595.9536655240655,636.1949802109316,10212348
2009-01-15,612.2417602539062,619.427649702984,598.8280112536879,605.5348857537971,9691459
2009-01-16,603.1395263671875,625.1764522073349,602.181375492987,624.6973767702347,6889194
2009-01-19,614.1580810546875,629.4880747688863,604.5768727796029,613.1999904642108,7271545
2009-01-20,617.9906616210938,623.7394474023713,601.7025158728972,606.493150532606,9382835
2009-01-21,607.4512939453125,617.9907153017874,601.7025681387491,611.2838382904273,11485902
2009-01-22,598.827880859375,617.5113344963892,595.4743536284736,612.2416269387603,5760291
2009-01-23,613.6790771484375,613.6790771484375,589.2468292993069,599.7862493045208,9459001
2009-01-26,620.8650512695312,624.6975956350259,600.2654049975846,608.8884635162472,6203296
2009-01-27,630.4463500976562,630.4463500976562,613.2000525093525,617.9906873686552,6544078
2009-01-28,629.9671630859375,637.6321291257578,619.9068195660994,637.6321291257578,6109995
2009-01-29,617.9906616210938,631.883490039436,610.8047701055978,629.0090366747299,7951782
2009-01-30,620.8650512695312,635.7159717043452,614.6372498274527,617.0326278521823,9368373
2009-02-02,609.8464965820312,624.6974746138735,604.0978323326464,620.8649309908484,4439785
2009-02-03,623.7391967773438,636.6738688768287,602.1812889967829,609.3672380989555,4684201
2009-02-04,615.5952758789062,632.8415725262759,605.0559765219615,623.2603638044777,7616067
2009-02-05,624.2186279296875,630.9255061360327,613.6792651694547,617.5118101974257,8280424
2009-02-06,632.8414916992188,636.6740351725088,622.3020727402447,627.5717822197317,8068663
2009-02-09,635.2369384765625,638.5904679349006,625.6557281088379,628.0510458192882,5892152
2009-02-10,628.5299682617188,640.0275399550264,624.6975451540627,630.4463310007166,3577668
2009-02-11,625.6557006835938,632.8416534999529,617.5117175835721,628.0510182890469,5907022
2009-02-12,618.4697875976562,624.6975889733222,610.3257442967139,622.3022109741366,5321422
2009-02-13,618.4697875976562,624.1801728117208,615.1163188728685,620.8650446486974,5020719
2009-02-16,615.1162719726562,621.8231484367863,604.0978968609436,621.8231484367863,2346426
2009-02-17,609.8464965820312,620.3859159527738,605.5349983949926,615.5952213054771,6977279
2009-02-18,610.3258056640625,614.6373050738948,603.6189280141928,614.6373050738948,5489200
2009-02-19,610.3258056640625,612.2420477820141,601.7026254221629,612.2420477820141,5769209
2009-02-20,605.5350341796875,614.158091537414,597.3909918883436,605.5350341796875,6074601
2009-02-23,600.2652587890625,611.2836926486597,592.1212173849432,607.9302247049259,5515087
2009-02-24,593.0792846679688,606.4930349696309,585.4143190521936,596.9117070018006,5025166
2009-02-25,594.5164184570312,597.8698860881534,583.977000594121,592.6001771566982,6401100
2009-02-26,597.3909301757812,607.9302281324857,585.4143452721471,596.9117337367073,8277177
2009-02-27,600.2652587890625,600.2652587890625,584.4562514690798,592.1212173849432,9583634
2009-03-02,572.0005493164062,595.9535962889096,571.0423379359066,592.6001890644562,9056021
2009-03-03,539.4241333007812,575.8327662329083,538.9450580183509,574.3956008596494,9977572
2009-03-04,540.3824462890625,547.0893215874489,524.5733182920904,545.6521556213866,10623854
2009-03-05,543.2568359375,553.7962557218697,535.1127938078175,535.5918693387549,6565627
2009-03-06,546.6102905273438,560.0240422141766,542.2987318047233,544.2149129324857,8157548
2009-03-09,540.3824462890625,551.8799554397331,529.3639521443747,547.5683970674887,7655914
2009-03-10,550.9217529296875,551.8799643793458,525.5314172909195,536.5499116140901,8128847
2009-03-11,537.9873046875,559.5451664715415,532.2386383036226,545.1733190895974,8187538
2009-03-12,530.801025390625,544.6938490406527,526.010513323257,540.861427291949,10129429
2009-03-13,530.801025390625,541.8195176106133,527.4476790382766,536.0707338024414,8750147
2009-03-16,557.1495971679688,558.1077482197861,536.5499542945236,536.5499542945236,7172348
2009-03-17,570.0844116210938,571.5216383945157,552.3591590155298,554.2754009060213,7249362
2009-03-18,554.2754516601562,576.7913412907292,546.6104229222445,572.9588571588116,7309878
2009-03-19,525.5314331054688,557.1495696149326,520.7409199795412,557.1495696149326,15645571
2009-03-20,526.9688720703125,537.7861121736621,509.7225723348911,524.0944182279854,21760962
2009-03-23,518.82470703125,536.5500198634862,509.2434977125211,536.0709442790322,11038046
2009-03-24,511.6387634277344,526.0107288365409,500.1413422858674,521.2200938582959,13982381
2009-03-25,529.8431396484375,536.5500163648499,513.5550536757717,514.0341292571018,8843192
2009-03-26,516.9082641601562,534.6335700996476,510.6804654062356,534.6335700996476,8385154
2009-03-27,510.6806640625,523.615342000127,507.7679909429801,518.8247071030644,8849752
2009-03-30,493.4343872070313,508.2852746695905,493.4343872070313,503.0155951709305,5705464
2009-03-31,513.0759887695312,513.1142083779652,494.3925267036251,500.1412819364399,8088386
2009-04-01,522.6572265625,522.6572265625,505.8900335135282,505.8900335135282,6232074
2009-04-02,521.6990966796875,531.7593815176102,514.0341292744264,530.8012303549176,12280044
2009-04-03,503.4947204589844,523.1362754987175,499.1831308345456,522.1781847871121,9865656
2009-04-06,503.4947204589844,512.5968543525577,498.7040552417072,508.2853554392259,10066191
2009-04-07,514.9922485351562,520.7410348821184,505.4109480358983,506.3691597258229,7804788
2009-04-08,511.6387634277344,516.4293984059794,507.32726451619936,516.4293984059794,5827289
2009-04-09,502.0574951171875,516.9084134303474,501.0130777916152,512.59679407588,8643742
2009-04-14,493.9134826660156,507.8063112176932,489.6018932886774,507.32723565231095,7004700
2009-04-15,500.6203308105469,504.93182923263623,489.6018655640033,490.0809108652247,9567738
2009-04-16,510.2014465332031,511.6386124128553,495.3505308632858,505.8898581831664,8068278
2009-04-17,517.3875122070312,518.8246784070327,505.9762674412589,512.5968171008702,7325527
2009-04-20,510.6806640625,520.2619338566253,506.84821057151305,514.5132082645922,5926073
2009-04-21,516.9082641601562,519.7827165491074,509.7223146099186,513.0758423970283,8287680
2009-04-22,518.82470703125,522.6571907587415,509.2434977125211,519.7829186742282,6797891
2009-04-23,512.117919921875,517.8666465194777,510.2016777226741,514.0342225951567,6591877
2009-04-24,512.596923828125,514.0342112755163,506.3692124104646,513.0761204340546,7947703
2009-04-27,534.6334838867188,535.1125592076235,510.6803830558912,511.63847322366354,12682045
2009-04-28,522.6572265625,528.8850886388908,516.9085005774558,528.8850886388908,4972189
2009-04-29,538.9453125,540.8615540605089,519.3037609122083,525.531440154256,7411134
2009-04-30,540.8613891601562,544.2147352760871,533.1963647810087,538.94514818388,7091192
2009-05-01,543.2568359375,551.8800140721835,541.8196698187512,550.9218025362451,5110197
2009-05-05,541.340576171875,549.4846180290175,533.6756098296377,546.1312708468655,5852804
2009-05-06,533.1965942382812,543.7359543803592,527.9268839302082,538.4662440722861,9554520
2009-05-07,532.7174682617188,543.7358412050678,525.052381705355,533.1964832566928,10482558
2009-05-08,545.65234375,550.4429187799093,537.987254374727,541.3407234171492,8104642
2009-05-11,558.5869140625,561.796635593881,548.5265693771908,551.4009017380796,8330919
2009-05-12,559.545166015625,563.3776505844763,555.7126814467738,559.0661508000812,8048349
2009-05-13,558.5869140625,566.2518809902917,556.1915363049825,563.8565032327742,12507172
2009-05-14,560.0241088867188,568.6472273585675,550.442839262856,560.5031844627257,9854686
2009-05-15,561.4613037109375,566.251938766643,555.2335023281493,560.0241373838547,7747581
2009-05-18,573.4379272460938,574.3960180327658,554.754461454115,556.6707035015351,7268828
2009-05-19,576.7913208007812,578.2285476547518,561.4613243436177,572.958836805009,6044845
2009-05-20,579.1865844726562,587.3306264733387,573.9168746639425,577.2702219051978,5780033
2009-05-21,563.3775024414062,579.1866331975118,559.6312549007467,579.1866331975118,6286464
2009-05-22,565.2936401367188,571.0423033308111,562.4191875915725,567.6888963095739,3680148
2009-05-26,582.5398559570312,584.4562182752748,555.2333408400509,565.7727590868709,6472425
2009-05-27,590.2048950195312,591.1630459629054,581.1027029537016,584.4562312555108,7300063
2009-05-28,578.7077026367188,591.1633075681776,574.8751576412768,583.0192023676858,9576904
2009-05-29,573.4379272460938,590.2050905165764,558.1078699185811,582.5400618528201,7077379
2009-06-01,578.2284545898438,584.4563156732029,570.5633668838334,582.5399530356032,6447077
2009-06-02,574.875,583.0190424931632,570.5633805031927,583.0190424931632,7750287
2009-06-03,537.6974487304688,577.2666853373256,537.2182648861744,557.3459221984491,9278047
2009-06-04,535.780517578125,544.4066120112293,530.5089515683438,537.6973736784914,7584406
2009-06-05,530.0298461914062,575.0776097297368,528.1129290933424,540.0937365754663,7895273
2009-06-08,529.0712890625,536.7389555876975,523.7134565643885,530.0297171304672,10386687
2009-06-09,529.5505981445312,535.3014098944806,525.7167034794386,530.5090869346493,8014181
2009-06-10,520.4453125,536.739139702926,519.4868841032674,532.4261211745506,7878417
2009-06-11,519.9661865234375,523.3207165337109,512.7775795264351,519.9661865234375,7129623
2009-06-12,513.7359619140625,532.722192697102,511.3397401960346,519.9660173901894,6667692
2009-06-15,505.1097106933594,532.7805343187943,504.6304966301923,512.298193870025,5808534
2009-06-16,521.8829956054688,521.8829956054688,506.5476267454027,507.506085408676,11324489
2009-06-17,519.4866943359375,522.3620389711641,512.7773350374088,520.4451223825585,9464379
2009-06-18,519.9661865234375,521.992298209504,513.2569450167132,519.4869420239445,6597393
2009-06-19,533.3845825195312,536.7391728583939,521.4038336002911,521.4038336002911,16151974
2009-06-22,527.6334838867188,537.6972482960705,527.6334838867188,531.9464998498624,7264885
2009-06-23,518.0489501953125,530.988183767978,515.6528496036658,527.1544107222694,11698271
2009-06-24,516.1321411132812,519.4867911399879,511.8190023659799,519.0074862843156,7529403
2009-06-25,519.0075073242188,520.4452404633947,514.694489392823,514.694489392823,5653081
2009-06-26,524.7583618164062,529.0715015886087,519.0076096124517,519.4869145820179,9234467
2009-06-29,530.509033203125,532.4260105892038,519.9660205519306,524.2789776891151,5067272
2009-06-30,524.7583618164062,532.9053968866344,523.7999333634418,532.9053968866344,6725141
2009-07-01,531.94677734375,531.94677734375,526.1960863930021,529.0714318683761,5479959
2009-07-02,524.7583618164062,537.6975996468459,523.3206888892649,533.8638253395989,5791951
2009-07-03,523.3206787109375,528.4849280150123,521.8830058117583,527.1545739343958,3209589
2009-07-06,529.0712890625,531.9466337617665,522.3620506052697,522.8412343915708,6639649
2009-07-07,519.9661865234375,532.4261805379001,519.4869420239445,532.4261805379001,6086741
2009-07-08,513.2568359375,520.9245043182569,511.81904224919367,517.5698540301411,9213654
2009-07-09,516.1321411132812,517.5698136987984,507.5059846094284,511.8190023659799,6755973
2009-07-10,519.9661865234375,523.3207165337109,513.7361290208137,514.6946180197997,5515729
2009-07-13,524.2788696289062,525.2373581243896,517.090447894224,521.4035856285383,3976832
2009-07-14,522.8413696289062,526.6752643785393,521.4037574027874,524.7582867560325,6487457
2009-07-15,532.4259643554688,532.4259643554688,523.3205040483955,527.15439799226,5992857
2009-07-16,533.86376953125,534.8221978840235,528.112957433077,533.3845251071717,4972705
2009-07-17,530.509033203125,536.7390282217616,503.67207574249954,536.2597838752419,7344233
2009-07-20,542.9689331054688,546.323642974212,529.5504566026747,531.9466174421282,21756592
2009-07-21,539.1353149414062,547.2822278327725,535.3014202024864,546.8029834284849,12779409
2009-07-22,550.6369018554688,552.5538797656938,538.176847915955,541.0523147812926,8497222
2009-07-23,545.8446044921875,546.3238489398273,540.5730365589214,546.3238489398273,4943113
2009-07-24,539.6141967773438,548.7195318640034,537.6971599528757,546.8026160302151,6415546
2009-07-27,541.0520629882812,546.3236287973567,535.7804971792058,544.4065912838865,5348589
2009-07-28,547.2821655273438,551.0086200462642,539.1352535634641,543.9275155746221,5670917
2009-07-29,551.1159057617188,560.2213663739288,545.8444602125923,549.1990494686019,6274169
2009-07-30,540.0936889648438,557.3459413265891,534.8221220383352,553.9914123199122,7639822
2009-07-31,535.301513671875,542.9691834978112,534.3430851913284,536.7391866403902,6680425
2009-08-03,537.6974487304688,543.4482598157235,531.9466981405864,538.1766930701353,4157298
2009-08-04,540.0936889648438,542.9690341107809,533.3844494653667,536.7390389674181,4051205
2009-08-05,534.8219604492188,553.9912449390596,532.905104594662,546.3235795394081,4003536
2009-08-06,531.94677734375,540.44643891824,528.6736747360263,537.6975287898792,6964183
2009-08-07,536.7391967773438,537.6976252759913,530.5091998022621,532.9054222873614,8101697
2009-08-10,540.5729370117188,542.9690378179009,531.7071583445706,533.8636974664344,2743614
2009-08-11,546.3238525390625,552.0746044624689,537.9563726783638,543.9276302850768,4513173
2009-08-12,549.6783447265625,551.1160174855343,543.5749051168245,545.8445708677651,5495566
2009-08-13,546.802978515625,554.9498913337936,544.4067565157166,552.5537903246452,4498282
2009-08-14,545.365234375,555.4290629794791,544.8859295424213,547.2821512284545,4268652
2009-08-17,539.1353149414062,548.240656145967,537.218337324256,547.2822278327725,4431168
2009-08-18,544.40673828125,545.1908793699267,539.1352920395342,542.010637352357,3229637
2009-08-19,552.0745239257812,554.9498692203356,540.5729612614311,541.5313895278234,5616432
2009-08-20,557.8252563476562,560.7007228486044,549.6783432431648,553.0330541609377,6886448
2009-08-21,571.2437133789062,572.6815070651924,555.9083766389406,558.7837825253739,8211052
2009-08-24,567.409912109375,574.5983357329835,564.5344458673289,572.6814792290395,3531720
2009-08-25,571.2437133789062,572.2022626682235,565.0137781998299,565.9722669937676,4611615
2009-08-26,573.6400756835938,577.2151720046712,562.6176938386108,572.2024026363932,3351109
2009-08-27,578.91162109375,580.3492940831983,567.8892396915429,574.5984811346214,4128087
2009-08-28,567.8892211914062,581.7869481197635,567.8892211914062,579.3908467138715,5489741
2009-09-01,557.8252563476562,569.3268198745385,556.3875835925643,565.0138016092625,5440355
2009-09-02,562.6176147460938,564.0552875911868,555.9084344720687,556.8668628703355,4289316
2009-09-03,556.8667602539062,565.4929772210294,556.3875158953925,565.0137328625157,4536511
2009-09-04,564.534423828125,567.8890738175045,557.3459399897754,557.8251843447403,4238868
2009-09-07,568.8474731445312,570.9235530725059,560.6286938784092,566.930556521251,2692299
2009-09-08,564.0552368164062,569.3268042661913,562.6175641007287,569.3268042661913,3831244
2009-09-09,575.0775756835938,576.4856055638612,559.7421793115997,564.0551971553664,8337828
2009-09-10,580.8283081054688,583.2244086386459,576.2372541374991,579.8698194959036,10460589
2009-09-11,585.6207275390625,597.6015346739458,578.4322432581325,583.2245056167079,8346908
2009-09-14,588.4961547851562,592.5581175060879,579.8699966452638,579.8699966452638,3732836
2009-09-15,595.6844482421875,600.9560150523046,588.0167806951514,590.8922467683495,5377929
2009-09-16,596.1639404296875,599.5185917476676,587.0585965560803,599.5185917476676,5516061
2009-09-17,595.2054443359375,601.9146857156342,590.8491712035092,600.4770127397676,3604322
2009-09-18,589.4545288085938,597.1221973386788,586.5791833575023,595.2053407015384,10879403
2009-09-21,587.5377807617188,595.6846347091213,584.6624347791983,591.8508602308914,3822138
2009-09-22,582.7451782226562,590.8922106073958,582.7451782226562,590.4129057958219,4956656
2009-09-23,583.7039184570312,588.0169981712603,581.7870008613066,585.6208965481512,4569446
2009-09-24,575.0775756835938,585.4212565866129,574.5983313136054,584.1829162364916,7207387
2009-09-25,576.5151977539062,580.8283362102835,569.3650683855653,577.9529912331931,5878105
2009-09-28,579.8699340820312,585.1415014856004,574.1191827743575,577.9530774748532,4421162
2009-09-29,576.0360107421875,581.307577883665,573.8794715471062,581.307577883665,4314774
2009-09-30,578.91162109375,588.7712205674832,573.6400526401198,576.5153986190163,7453977
2009-10-01,576.9945678710938,584.6670764394969,575.556895069125,578.4323011684467,6272041
2009-10-02,575.556884765625,581.7868807898071,572.2971515497833,576.9945575418568,7257375
2009-10-05,574.1190795898438,576.9944244792144,570.7643693963835,576.0359358525116,4478814
2009-10-06,577.9530029296875,579.8698592896268,571.7229475307105,573.6398643860218,4455171
2009-10-07,578.4322509765625,581.7868407218657,573.160683667796,576.5152734130992,3854634
2009-10-08,575.0775756835938,585.6207098418328,568.8475803598736,583.7037323618794,5517033
2009-10-09,574.1190795898438,576.9944244792144,570.7643693963835,573.6398352764922,5206118
2009-10-12,565.4928588867188,575.55668583269,564.5343098749013,575.0774415744623,5926399
2009-10-13,558.7838134765625,569.8060722450939,555.4291630073453,567.4099711182882,9532495
2009-10-14,556.8667602539062,571.2436675416953,555.4290876737398,567.4098941597096,9992587
2009-10-15,548.7197265625,560.2212861415903,548.7197265625,557.345820627616,9620989
2009-10-16,555.908203125,562.3202878905829,550.6366373944999,551.5950653939068,15256147
2009-10-19,561.6591796875,564.0552809024462,551.5952884050314,558.304529094882,5919904
2009-10-20,568.8474731445312,574.1190392300756,567.4098008009123,569.3266569288278,7312710
2009-10-21,572.681396484375,575.0774970157895,566.93058582195,569.3266863533646,5799547
2009-10-22,569.3267822265625,574.598349472276,565.4930086316278,570.2852709968297,4413012
2009-10-23,563.096923828125,573.640060886957,563.096923828125,569.3269208658212,6478727
2009-10-26,564.534423828125,570.2852350969544,561.6590786890846,565.9722173883937,5764956
2009-10-27,572.681396484375,576.0359251292817,558.7836746281106,566.93058582195,6876807
2009-10-28,577.4736328125,579.3906706426583,568.8475372828179,569.8059654548397,7711002
2009-10-29,584.1830444335938,584.6624098995296,574.5984574074006,578.4323527132673,8308606
2009-10-30,581.3076782226562,590.4130809503143,578.9115769215342,584.1830239821576,6443495
2009-11-02,579.3907470703125,583.7037651563995,576.5152806888286,581.3076036672093,4897046
2009-11-03,576.0360107421875,579.8699052520697,574.1191542303117,576.0360107421875,3994000
2009-11-04,588.975341796875,591.3715033237594,574.5983726355687,577.4737180715256,6243591
2009-11-05,589.4545288085938,593.2884235690171,584.6623267203619,585.6207550389321,6521123
2009-11-06,586.5790405273438,591.850606729703,582.7451467004615,587.5375291079058,4420148
2009-11-09,588.975341796875,592.8091760417378,588.0168529879691,589.9337701104005,3244335
2009-11-10,594.7260131835938,597.6014792236102,588.4960182496754,591.3714237943194,4818282
2009-11-11,595.6844482421875,603.3521762845966,592.8091031597355,595.6844482421875,4952270
2009-11-12,592.809326171875,596.1639168618416,590.8924690593763,596.1639168618416,4112866
2009-11-13,602.8731079101562,603.8316573763839,590.4131142616204,591.8508477178758,5082542
2009-11-16,611.4992065429688,612.4576953247432,601.9145607067388,605.2692109475707,5461656
2009-11-17,611.0199584960938,616.291404260886,609.582164979008,612.4576310224346,4805577
2009-11-18,613.4160766601562,616.2914217946427,609.1029379676781,613.4160766601562,5004639
2009-11-19,618.687744140625,621.5630897425327,611.4992591450879,621.0838453104201,8988321
2009-11-20,621.0838623046875,625.3970018163343,617.7293326742637,621.0838623046875,10757333
2009-11-23,627.7930908203125,633.5439030602073,619.6461773917435,621.5630946399136,5778002
2009-11-24,633.5438842773438,639.7738802730402,624.4384822469481,626.3553994382868,8823858
2009-11-25,643.1286010742188,643.1286010742188,631.147791698674,636.8986043970913,10248340
2009-11-26,631.6271362304688,643.1287029539069,628.7516689303607,640.7324802038167,5204220
2009-11-27,630.6685180664062,636.419269451928,625.3969505914757,628.7514799471376,10331982
2009-11-30,633.0645141601562,635.4606148020447,624.9176025906976,630.1891691917418,7657238
2009-12-01,640.2530517578125,640.2530517578125,629.2306732963524,634.5022403435397,8177232
2009-12-02,625.5144653320312,629.8282939340507,613.0520719570098,629.8282939340507,9028574
2009-12-03,621.2006225585938,628.8697331791027,618.8040708697536,625.5145729160781,7498992
2009-12-04,621.2006225585938,624.0766298014223,614.9694550527406,621.2006225585938,8964770
2009-12-07,618.32470703125,623.1178706885747,611.6142053028886,618.8040415490092,5750574
2009-12-08,612.5728149414062,625.5144826255047,611.1348720343119,618.8039815478148,5258376
2009-12-09,615.4486083984375,617.8452803951883,611.134780324508,614.4899395997372,5723129
2009-12-10,617.8453369140625,617.8453369140625,612.5727790523723,616.407273077721,4641801
2009-12-11,618.32470703125,623.1178706885747,615.9280344424543,617.8454330202464,5556174
2009-12-14,623.1178588867188,626.9524744494087,619.2833643375377,626.9524744494087,4430079
2009-12-15,623.1178588867188,626.4731399407282,619.7626383394638,624.5558624127603,7156915
2009-12-16,625.9938354492188,627.9111130691223,622.1592802094116,625.0352268926456,4672631
2009-12-17,619.283447265625,625.9938892587286,618.8041126927569,622.6386077554142,5814603
2009-12-18,618.8037719726562,623.1175992329414,616.4071004279491,620.2417143927513,11096866
2009-12-21,621.6796875,623.5970248304087,610.1759660512089,617.8451943593792,3717734
2009-12-22,627.4315185546875,629.3487953801475,620.7210799189436,621.6796880783075,3456604
2009-12-23,635.1009521484375,635.1009521484375,626.9525071034839,628.8697242245531,2896895
2009-12-24,635.5799560546875,637.497353881138,632.2247972653755,636.5386852212787,607199
2009-12-29,646.1250610351562,646.1250610351562,637.9766195573355,639.8938963458386,2365376
2009-12-30,648.0425415039062,651.8771567928659,644.6873211961605,645.6459901450879,2297019
2009-12-31,650.9186401367188,655.2324694949348,644.2081380682292,652.8358572914201,1149850
2010-01-04,652.3563232421875,654.2735396327314,648.0423745898929,651.8769888911843,7412526
2010-01-05,653.7943725585938,657.1496530568274,649.9598181378219,653.7943725585938,3940130
2010-01-06,639.89404296875,652.3564357097022,639.4147085351085,648.5218207473157,5441521
2010-01-07,625.5144653320312,643.7286906831602,623.1177930418847,640.3734099837031,6501643
2010-01-08,631.2662963867188,631.7456308440484,625.9937383695886,629.3489585574002,6181448
2010-01-11,628.3901977539062,632.2248119758347,626.4729208963087,630.7868694593197,6522582
2010-01-12,620.2417602539062,631.2661476410647,614.9692034791522,628.8694759191458,7094993
2010-01-13,623.59716796875,627.4316619895274,616.886606785465,619.2832789985997,5511723
2010-01-14,623.1178588867188,628.3904174686959,619.2833643375377,625.5145314301215,3358166
2010-01-15,616.8863525390625,626.9521296586879,616.8863525390625,626.9521296586879,10268353
2010-01-18,617.8453369140625,622.638439319062,615.9279386345227,620.2418881165622,5463847
2010-01-19,626.9522705078125,628.8694869053736,614.4898798697873,618.3244941851137,7023203
2010-01-20,619.7625122070312,630.3076272248716,617.8452955760048,627.9109551692331,6829671
2010-01-21,618.32470703125,629.3490378991769,618.32470703125,622.6385361708157,6849158
2010-01-22,617.3658447265625,628.3901710628027,614.9691731229484,617.3658447265625,7922835
2010-01-25,610.6554565429688,615.4486190995898,607.3001761959182,613.0520075679084,5664392
2010-01-26,615.927978515625,620.2419282769911,606.8209260389078,608.2588689548631,6212392
2010-01-27,608.7380981445312,615.9278719875474,606.8208210859443,613.5313210443684,6560496
2010-01-28,602.9862060546875,616.4072059624693,602.9862060546875,613.0519862388936,7065014
2010-01-29,604.9034423828125,608.7379958556498,602.0274970248198,604.4241685787549,8294774
2010-02-01,616.8863525390625,619.2830237644221,601.5480802438096,605.3826936976637,4302936
2010-02-02,612.5728149414062,619.2833160190961,607.7795307353424,616.8866436626894,3741833
2010-02-03,607.3001708984375,613.5313366237579,605.8622281946685,610.65545121622,3206250
2010-02-04,620.7211303710938,620.7211303710938,620.7211303710938,620.7211303710938,4722145
2010-02-05,600.589599609375,606.8207645964022,597.2342591824054,598.6723227292692,6546179
2010-02-08,602.9862060546875,608.7380977333023,595.7963717097888,599.6309863311119,7555521
2010-02-09,596.275634765625,602.9861339167084,593.8790841107752,601.548191422452,4904731
2010-02-10,605.8623657226562,608.7382517830072,596.2758569967185,600.5898071007547,4900702
2010-02-11,598.193115234375,608.7381705644902,595.7964429925911,607.3002277261667,6409388
2010-02-12,613.531494140625,617.3661098464025,599.6311559107287,601.5484335102391,5090614
2010-02-15,612.5728149414062,615.9279747201266,610.1761425849994,614.9693662843137,2343722
2010-02-16,615.4486083984375,618.3245542877978,611.6140542171175,614.0106657071277,4182883
2010-02-17,611.614013671875,620.7211246288348,610.1760105691529,618.3245132977014,4238796
2010-02-18,610.1763305664062,614.4902211234503,607.3004438662224,613.0522777733585,3284992
2010-02-19,623.1178588867188,623.5972539021537,607.7795781562222,609.2175211755094,8655655
2010-02-22,615.4486083984375,624.5557199591278,614.0106657071277,623.5971116671682,4409475
2010-02-23,613.531494140625,621.2006045386667,612.5728855942482,617.8454443729693,3804229
2010-02-24,617.8453369140625,619.2832797369116,612.5727790523723,616.407273077721,4282646
2010-02-25,614.9691772460938,621.6796762610123,610.1759550201904,616.886454035109,6095934
2010-02-26,625.034912109375,626.4728544734295,614.4897997505526,618.3244135659093,5894962
2010-03-01,628.8695678710938,630.3076316212494,623.1177364176691,626.9523512266948,4727383
2010-03-02,632.2249755859375,632.2249755859375,623.5971972406456,631.2663066556834,4108338
2010-03-03,627.4315185546875,636.5386893624039,625.5143022359598,630.786858886024,5366077
2010-03-04,631.7456665039062,632.7042749659277,622.1592188431835,626.9524426735449,6405648
2010-03-05,602.9862060546875,602.9862060546875,602.9862060546875,602.9862060546875,4819031
2010-03-08,635.1009521484375,635.5802261753261,629.3490587581992,630.7871228658952,4051801
2010-03-09,632.7041015625,637.4973845859313,629.3488215981185,637.4973845859313,3129776
2010-03-10,630.3074340820312,632.7039843898191,626.4728204747788,630.7867683462782,4368630
2010-03-11,628.3901977539062,635.1006970088642,627.4315290717408,630.3075351182371,4246065
2010-03-12,623.59716796875,633.6628887301854,623.117773019377,629.348939253289,4139379
2010-03-15,626.9522705078125,628.8694869053736,621.2003792881901,622.6383218397284,4813120
2010-03-16,623.59716796875,631.2662770237968,620.7212218197344,628.869604810662,4324459
2010-03-17,623.1178588867188,625.9938054320476,619.7626383394638,625.9938054320476,3431945
2010-03-18,622.1588745117188,625.9934272510887,620.2415981420338,622.1588745117188,3967518
2010-03-19,613.531494140625,623.5972771715005,612.5728855942482,621.6799390652334,11854772
2010-03-22,612.5728149414062,615.9279747201266,606.8209222995293,614.9693662843137,3947967
2010-03-23,614.489990234375,619.2832741161077,610.1761012982358,614.9693246732228,3483705
2010-03-24,605.3828125,616.8864735989155,602.5068064651715,616.8864735989155,4975453
2010-03-25,616.4072265625,617.3659558832954,605.3828982413296,605.3828982413296,5028473
2010-03-26,612.093505859375,614.4900573016898,609.2174989123919,614.4900573016898,3826107
2010-03-29,617.8453369140625,618.3246108505148,611.1348362295232,615.9279386345227,3708502
2010-03-30,616.4072265625,621.2004496192864,614.4899494411337,620.241841311974,3962837
2010-03-31,614.9691772460938,622.6382844021543,612.5726266398732,614.0105691049517,8726106
2010-04-01,620.7211303710938,621.6797386083732,616.407181529756,617.3659107805099,3425897
2010-04-06,623.59716796875,626.4730536110195,615.9279379002111,620.7212218197344,3097595
2010-04-07,625.034912109375,631.2660763625802,622.6382406580727,625.034912109375,4461422
2010-04-08,621.6796875,626.9522441451595,618.8038025178514,625.9935754799551,2708077
2010-04-09,629.8281860351562,631.2661891628929,621.6797436715992,624.5556894203349,4841534
2010-04-12,629.3490600585938,632.7043412942919,627.4317824268053,630.3077896346246,2354777
2010-04-13,626.9522705078125,635.1007124777536,626.4729361550549,628.3902130593507,2884832
2010-04-14,627.9109497070312,630.7869561487789,625.9936725859411,628.3902841139892,3689154
2010-04-15,627.4315185546875,629.3487953801475,624.0763597435479,627.4315185546875,2791064
2010-04-16,623.59716796875,629.828273695916,622.63843857675,625.0351107898848,6169675
2010-04-19,621.6796875,625.5143016540851,619.7624106763235,624.0763591630108,3580040
2010-04-20,635.5799560546875,638.4559620342656,624.0763556834987,625.9935719897536,4751112
2010-04-21,629.8281860351562,636.538746284452,628.8695172833318,635.1007431567153,4069810
2010-04-22,624.5558471679688,633.6629605835858,623.5972386807607,631.7456831024169,4434079
2010-04-23,625.9938354492188,631.2663942840215,619.2833940329349,625.0352268926456,4297040
2010-04-26,619.7625122070312,629.8282323070018,618.3245694803903,627.9109551692331,5693554
2010-04-27,613.531494140625,622.6385476116103,613.531494140625,617.3661098464025,6030700
2010-04-28,606.8207397460938,615.448515606615,602.986125636182,613.5312388050249,9740267
2010-04-29,604.9034423828125,607.3000534300181,600.1102202884011,606.8207191192312,6871278
2010-04-30,602.9862060546875,609.2173716175706,602.0275977794114,607.7794289512867,5657162
2010-05-04,620.7211303710938,620.7211303710938,620.7211303710938,620.7211303710938,5982680
2010-05-05,600.1103515625,607.3001862768929,596.7550711597529,598.6724088223185,8828304
2010-05-06,587.6480102539062,601.5482845345917,587.6480102539062,594.3584499369492,7667815
2010-05-07,574.7063598632812,585.730810676619,563.6819695566933,580.4582525056096,12169618
2010-05-10,582.8546752929688,589.5651748911025,571.3509530523486,578.0615736639551,14217869
2010-05-11,587.1685180664062,588.6064603968447,580.9373539588724,581.8959620102562,7777190
2010-05-12,601.5484008789062,605.3830163766728,583.8135084120283,588.6067324041716,7968355
2010-05-13,602.0277099609375,605.382990816474,596.7551516908449,603.465652895167,5693311
2010-05-14,592.4411010742188,602.0274845577933,591.9617667733579,600.1102078610784,7313371
2010-05-17,591.9619750976562,596.2758038033488,584.7722000814191,588.6066943175626,4579023
2010-05-18,602.9862060546875,606.8208206760106,592.920486377221,595.3170978255205,4757262
2010-05-19,594.3583374023438,602.5067787661509,591.003178702823,599.6308938770014,5370985
2010-05-20,552.6572265625,560.3263303427968,528.691125982311,535.8809561563677,29113855
2010-05-21,540.1951904296875,555.0541339637776,531.0880179323503,555.0541339637776,22266417
2010-05-24,541.1539306640625,548.3437059152409,536.3606463186911,539.7159877151771,13619671
2010-05-25,533.0054321289062,540.1952066474425,526.774205469615,528.691482708341,16462575
2010-05-26,537.9202880859375,541.2729068016447,521.5901808368712,535.3248508860194,31237587
2010-05-27,539.0016479492188,542.3542661838325,526.0241007713562,540.7320198431977,27086780
2010-05-28,539.9747314453125,543.4354128774675,529.1601246598455,536.4059245175852,36746950
2010-06-01,543.976318359375,543.976318359375,533.2698327887204,535.1083904955473,44358931
2010-06-02,527.4529418945312,539.35445112685,519.338331539956,539.35445112685,51230164
2010-06-03,536.1087646484375,546.3872931378417,532.4301002650792,535.5678308829333,38757667
2010-06-04,527.5613403320312,538.489099703868,521.935168388793,538.056279994865,42142404
2010-06-07,525.180908203125,525.938372809073,516.9580617919712,522.5842326068055,22777112
2010-06-08,524.0989990234375,535.4595762334374,521.5022627997208,532.3218457296695,30363226
2010-06-09,523.882568359375,528.9678054279284,513.7122152906934,526.479304479768,33136492
2010-06-10,540.3284301757812,543.1414552878437,522.6924516278335,522.6924516278335,18703878
2010-06-11,539.8956909179688,546.3873814267275,538.597352816217,544.7645193337648,12876117
2010-06-14,548.5512084960938,549.6331364393488,540.7610609541313,546.3872315411627,14197648
2010-06-15,548.01025390625,550.7151647614054,544.7644093074354,544.7644093074354,8260074
2010-06-16,553.4201049804688,554.5021543645577,546.3874195933196,553.9611599396288,9766715
2010-06-17,556.1248779296875,559.3707226016129,551.797105211859,557.2068059755906,8935393
2010-06-18,558.829833984375,559.3707677839116,552.338083581947,556.1249228498081,11722411
2010-06-21,551.7970581054688,562.0755855338365,549.6331416641779,560.4527238706321,8352705
2010-06-22,545.846435546875,551.7971920716055,544.2234524212183,550.1742089459489,6344532
2010-06-23,540.9775390625,548.0102834513775,539.0300927324325,546.9282948372958,5672565
2010-06-24,543.1412963867188,546.9281343564265,541.5184350102159,546.3871402081253,5502352
2010-06-25,539.8956909179688,545.8464475738157,538.489117618253,543.6825305594871,6782224
2010-06-28,543.1412963867188,545.8462065940245,540.436386179413,543.68229053502,6626927
2010-06-29,528.9678955078125,545.3053558758386,528.7514856607066,543.6824938923253,12461173
2010-06-30,531.2398071289062,533.2954881104771,525.8300470570535,530.5906988758545,14136917
2010-07-01,524.7481689453125,530.2661041594724,522.9087764949817,526.1546207386051,10758516
2010-07-02,527.7777709960938,531.02361627047,519.6630972759256,527.4531259344287,8312166
2010-07-05,527.6693725585938,532.3217897020878,525.2891069384817,530.4825183050866,3724682
2010-07-06,530.4824829101562,533.4036820242618,525.1808367321412,527.5611627276414,10076550
2010-07-07,543.1412963867188,544.2232241491208,524.9643893842409,527.8857093577072,9414687
2010-07-08,543.1412963867188,554.5018708300424,537.2987169739866,554.5018708300424,14154111
2010-07-09,535.4595336914062,544.2233134471958,529.0759590829335,543.6823797443366,10972231
2010-07-12,536.5413818359375,539.8953999464375,531.2397365540112,537.2986646081929,8418999
2010-07-13,543.1412963867188,544.7642788316224,536.8658974416655,540.9773803277143,9551973
2010-07-14,537.8399047851562,545.3052868880576,535.8923374760409,544.7644136742775,8380301
2010-07-15,528.3187255859375,536.6498085415219,525.2892298685936,535.7841691545975,17369360
2010-07-16,527.5613403320312,531.131769993068,524.207320525496,530.0498417890107,16630304
2010-07-19,528.7515258789062,530.1580991907472,526.3711989823574,528.9679357424727,8940373
2010-07-20,530.2660522460938,532.1053234479424,526.9120337007794,531.3479800433107,10294653
2010-07-21,530.9153442382812,536.6498117383672,527.9941442282354,536.6498117383672,15249208
2010-07-22,537.5154418945312,537.5154418945312,528.7515979041434,530.266346086989,10295976
2010-07-23,543.6824951171875,544.7644838209312,536.866099458893,538.2726726669152,10845842
2010-07-26,550.7151489257812,551.7970769162041,539.030048171835,551.256022119673,12385157
2010-07-27,557.2069091796875,561.5348037675473,552.3381412700217,555.0430526870987,13220719
2010-07-28,555.0428466796875,560.4526675059549,552.8789304560215,560.4526675059549,7654982
2010-07-29,552.3380126953125,557.747834270154,550.7151509707587,553.960995488293,5900321
2010-07-30,551.255859375,564.7803487348986,551.255859375,551.796914011798,13141009
2010-08-02,566.9444580078125,566.9444580078125,552.3380359943453,555.5839411830135,6624587
2010-08-03,568.0263061523438,568.0263061523438,562.6166061786333,564.2394677433806,5193159
2010-08-04,575.6001586914062,576.6820867958182,562.6167187673652,568.0264198236446,6607276
2010-08-05,583.1737060546875,586.9605447640822,572.8951784344517,574.5181611963742,9363439
2010-08-06,570.7312622070312,584.79668907714,567.4854177501646,583.1737063144946,10664798
2010-08-09,583.1737060546875,583.1737060546875,573.9771064081879,573.9771064081879,7196162
2010-08-10,582.6327514648438,585.8785958039971,579.3869071256903,583.1736851652292,7793632
2010-08-11,576.6821899414062,583.7149357477317,574.5183333455541,580.4690903197233,8473746
2010-08-12,582.6327514648438,584.2556131002104,574.5181406169602,574.5181406169602,10263455
2010-08-13,581.5508422851562,589.124459142697,579.9278595290276,585.3376809810326,10491813
2010-08-16,575.0592041015625,585.8787897032142,570.7314303951318,583.1738781692438,6728784
2010-08-17,579.9281005859375,582.092017959366,574.5183979537221,574.5183979537221,5455660
2010-08-18,582.0918579101562,584.7967690167716,575.6001681090323,578.3049581472067,6130839
2010-08-19,577.2229614257812,586.4196823089891,574.5181717090541,584.2556447192823,6304143
2010-08-20,572.895263671875,580.4690027517247,569.649418733526,575.60017480998,6804565
2010-08-23,580.4688720703125,582.0917336399098,570.7312183790687,574.5181173335566,4486204
2010-08-24,578.3048095703125,581.5507747053687,575.0589655036662,578.3048095703125,4486830
2010-08-25,577.2229614257812,584.2556447192823,573.9771169109674,579.927872210935,8460988
2010-08-26,581.0099487304688,581.5510036668675,577.7641639201347,579.9280204603574,4705489
2010-08-27,592.9113159179688,593.4523707207218,581.5508600181421,582.6327880210067,11307846
2010-08-31,593.9932250976562,595.6162076864437,586.9604821488613,589.6654531301737,13888682
2010-09-01,593.9932250976562,597.7800634030822,589.1243983997055,596.1570808142948,9771306
2010-09-02,591.8294067382812,593.452389595518,585.8786511977272,592.9113347755567,7596724
2010-09-03,589.1244506835938,593.9932778136455,585.3376725763028,591.829361370757,9164322
2010-09-06,588.04248046875,592.9112467146898,584.2555815651878,590.7473909615211,5357080
2010-09-07,589.1244506835938,590.7474334164184,586.4196610648526,588.58351697353,5702286
2010-09-08,592.9113159179688,593.9933044550471,587.5016153694319,590.2064051094866,7011376
2010-09-09,605.3538818359375,605.3538818359375,592.9113163221235,592.9113163221235,6963133
2010-09-10,605.8949584960938,606.4359528926177,599.403267874719,605.354024633798,5779249
2010-09-13,607.5177612304688,610.7635450428105,601.0259514689449,610.222671875402,6302732
2010-09-14,608.0587768554688,611.3047430309142,605.3539866452704,610.7636881341157,4181014
2010-09-15,605.8949584960938,611.3047813928769,604.8129697030458,608.5998699444854,5087726
2010-09-16,602.6488037109375,607.517629710939,602.1077490580299,606.4356414735178,6689924
2010-09-17,596.6980590820312,606.435650695922,595.0750767012178,604.8126683151087,9743303
2010-09-20,599.944091796875,601.0260198574308,592.3704743045507,598.3212299731499,5813129
2010-09-21,596.1573486328125,601.5672324915748,595.0754202884464,599.4033152686096,4108926
2010-09-22,591.8294067382812,599.403145136072,588.0425678064938,599.403145136072,4602860
2010-09-23,593.4523315429688,601.0259481314636,584.2556111875807,596.6981758714966,5100826
2010-09-24,587.5015869140625,591.2884255419956,583.1736935095822,589.12444857265,5654525
2010-09-27,587.5015869140625,590.7474312996592,584.7966762365915,590.2063765231119,3795585
2010-09-28,591.8294067382812,591.8294067382812,584.7967231604518,588.5835620922394,4970704
2010-09-29,588.583740234375,596.698414839702,585.878828521188,595.0754314912493,5491983
2010-09-30,584.2556762695312,593.9933314082399,580.468958354785,588.0425757869272,9116752
2010-10-01,585.337646484375,589.124424422867,580.4688801055638,583.7147243581046,7201889
2010-10-04,598.8621215820312,600.485104524002,582.0918426563028,586.4197366340061,5821871
2010-10-05,606.435791015625,609.6816354598933,600.4850358449918,602.107897532914,7173929
2010-10-06,608.599853515625,612.927626968306,605.8949421402511,608.0587985994785,9170738
2010-10-07,614.0094604492188,619.4193428993858,606.9767767063877,609.1406933659242,9674837
2010-10-08,610.2228393554688,615.0915466773383,607.517927968153,614.5506128272566,4114148
2010-10-11,616.71435546875,617.7963440376639,611.8455885112846,613.4685713646553,4656099
2010-10-12,619.41943359375,619.41943359375,610.7637051540293,616.1735883963024,7398258
2010-10-13,625.3699951171875,627.5338508845147,618.8781856783776,621.0421019799119,9145945
2010-10-14,621.5831909179688,628.0748802776963,621.042196626586,625.3700904234316,8393397
2010-10-15,616.1734008789062,624.8289450818446,612.3865019220334,624.8289450818446,6628526
2010-10-18,618.8782348632812,621.0421513367912,611.8455517250328,618.3373011455627,10365720
2010-10-19,626.9930419921875,626.9930419921875,614.0095403455256,617.7964403931373,6846857
2010-10-20,629.697998046875,630.2389924541505,618.878412572511,626.9930865447267,6077310
2010-10-21,642.681396484375,645.9272416393815,628.6159665889716,632.9438004851303,9640521
2010-10-22,633.4847412109375,643.222396919803,631.8617582366466,642.1404082702758,8169936
2010-10-25,631.8616943359375,637.8124497038726,630.7797663300465,636.7305216979817,3670508
2010-10-26,634.5667114257812,635.1077663206606,629.1570099561251,631.8618001567291,3791146
2010-10-27,624.8289794921875,642.6812446968515,623.2061178321945,631.8616625118078,7555397
2010-10-28,631.3209838867188,636.7306858449903,628.0750174296049,628.616011839124,3708003
2010-10-29,638.353515625,642.1403545128867,629.1569155450203,633.4846881781658,6029348
2010-11-01,638.353515625,642.6812882581454,631.8617053397444,642.1403545128867,6425080
2010-11-02,642.681396484375,643.7633246913022,635.6487118037859,636.189706174362,4291205
2010-11-03,637.2715454101562,644.8451621503086,633.4846462387636,644.304228440862,5429103
2010-11-04,644.84521484375,645.927142885264,638.3535255262344,641.0584364313432,4000711
2010-11-05,638.8945922851562,649.7141170895715,636.1897413511667,643.7633602868746,8218306
2010-11-08,631.8616943359375,639.4354325140299,626.4519937722689,636.7305216979817,6192645
2010-11-09,622.6652221679688,634.5667353456653,620.5013657122297,629.1570336720913,8321907
2010-11-10,630.7798461914062,635.1077403655551,621.5832451072272,621.5832451072272,8073472
2010-11-11,628.6160278320312,635.1078398429609,625.9111162498491,634.5667848854472,3215128
2010-11-12,635.6487426757812,639.9765162479049,622.1242459598751,626.452140600455,5224337
2010-11-15,638.353515625,638.8944493702588,626.9929384271251,633.4846881781658,5263614
2010-11-16,629.697998046875,637.8126114848613,629.1570641738288,636.1897493314934,3624157
2010-11-17,632.4029541015625,635.6487997054256,624.8292134688261,627.5341251615343,4468560
2010-11-18,635.6487426757812,637.2717258663342,613.4686988156279,636.1897370726323,7359251
2010-11-19,625.9110717773438,637.8125850385441,621.042303916431,637.8125850385441,9105154
2010-11-22,628.6160278320312,631.3209999484445,624.2882540484633,629.6980166785966,4218315
2010-11-23,621.0421142578125,634.0255517894914,621.0421142578125,629.1568459496482,5072019
2010-11-24,627.5340576171875,630.7799028716855,621.0423065739645,623.2062841225992,6578633
2010-11-25,624.8289794921875,628.0748238805952,619.960152375365,626.9928959291963,4801564
2010-11-26,623.2061157226562,628.0748217545764,617.255360674578,623.2061157226562,5284194
2010-11-29,613.4685668945312,630.7797785288559,613.4685668945312,628.6158619410115,6490772
2010-11-30,614.55029296875,622.6649018387868,612.3863770920084,616.7141483112963,9485504
2010-12-01,597.9049682617188,610.3501319516824,595.1994926293914,608.1856424614831,10897327
2010-12-02,604.9390258789062,606.0212401819488,589.7885705579135,597.9048750965088,11342129
2010-12-03,599.5281982421875,605.4801952851763,592.4940474399484,605.4801952851763,13595520
2010-12-06,597.9049682617188,603.8569662153553,595.740660412082,603.8569662153553,7000456
2010-12-07,592.4942016601562,600.0694010403453,590.3297119377263,598.9871864525606,8257248
2010-12-08,588.7064208984375,594.1173113672647,582.348638220607,592.4941108281531,7846462
2010-12-09,593.5763549804688,597.3639243925347,589.2475571814462,595.1995557664537,11586209
2010-12-10,592.4942016601562,595.1995564890358,588.1654038558785,594.1174024481119,5636709
2010-12-13,599.5281982421875,600.0692448483902,591.952879740056,594.1172478054015,3798306
2010-12-14,599.5281982421875,601.1513986076404,596.8227230237944,600.0692448483902,7610109
2010-12-15,601.692626953125,603.8569346897697,598.446104801307,598.9870909151916,4218639
2010-12-16,599.5281982421875,599.5281982421875,599.5281982421875,599.5281982421875,6703825
2010-12-17,597.3639526367188,602.7749047311887,596.2817379990794,602.7749047311887,10439000
2010-12-20,609.267822265625,609.8089294706721,600.6104097191247,606.0213001290438,8627466
2010-12-21,610.3500366210938,618.4663411566813,603.8568718989343,615.2197587956016,6975996
2010-12-22,620.630859375,638.4868547671897,611.4323383112147,638.4868547671897,8800655
2010-12-23,616.3020629882812,624.9594145405362,616.3020629882812,624.4183679102999,3081335
2010-12-24,613.0552978515625,616.8429262432448,611.9731442597256,616.8429262432448,566046
2010-12-29,614.1375732421875,620.6307382683074,611.9732656292776,615.2197875954901,2192884
2010-12-30,610.8912353515625,617.3844023342231,608.7269270864967,614.6789261825921,1970986
2010-12-31,598.4462280273438,614.1377348098847,597.3639528424682,611.4323798554449,2345065
2011-01-04,614.678955078125,616.8432634449331,605.4804326051506,616.8432634449331,8594909
2011-01-05,626.5829467773438,626.5829467773438,608.7269488506424,614.6789481595429,9561318
2011-01-06,627.1238403320312,631.4526375996519,623.3362713849261,628.2059942387965,7484026
2011-01-07,623.8772583007812,628.7470412350057,621.1717829727583,628.7470412350057,7926529
2011-01-10,611.4323120117188,618.4664641908433,610.3501580406445,616.8431424139468,5333820
2011-01-11,596.8228149414062,611.4322864958043,596.8228149414062,611.4322864958043,9353981
2011-01-12,583.2955932617188,599.5283891954722,581.6723923792669,595.7407590114466,14977999
2011-01-13,573.5560302734375,584.3777530586825,564.357447839593,584.3777530586825,21133383
2011-01-14,574.6381225585938,580.5901202877633,570.8504325974387,576.8024303266083,10850440
2011-01-17,575.7205810546875,580.5904274764714,573.5562115946595,575.1794130060756,6509322
2011-01-18,584.9188232421875,584.9188232421875,575.7203028915585,575.7203028915585,6447887
2011-01-19,574.6381225585938,586.5421180169328,570.3093253820091,585.4599035860737,10517596
2011-01-20,583.2955932617188,588.7065454219246,578.4257484269064,588.7065454219246,10699763
2011-01-21,586.5419921875,586.5419921875,586.5419921875,586.5419921875,13282575
2011-01-24,596.8228149414062,597.3638616309364,586.0009729479902,589.2474952725879,10086592
2011-01-25,591.9530639648438,601.151585695148,588.1654338084325,599.5283848245302,10569154
2011-01-26,591.4119262695312,598.4461387263644,589.7886651016019,593.0351268906062,7126920
2011-01-27,590.87109375,594.1176175952927,586.5424154719038,591.9532481828033,7148564
2011-01-28,590.87109375,601.1517727757212,588.7067243375107,592.494416219529,11653922
2011-01-31,597.9049682617188,610.3501319516824,586.0009723544455,591.4119236191,18672624
2011-02-01,606.0213623046875,608.1856702532249,601.6926858607559,601.6926858607559,10325778
2011-02-02,593.5763549804688,607.1035529364689,590.3297112210563,606.562506190094,12025423
2011-02-03,590.87109375,594.6587250851358,576.8027228422604,593.0354026156067,12486471
2011-02-04,594.658447265625,597.3638623571271,591.9529716272685,595.1994939558128,13157988
2011-02-07,597.3639526367188,602.2337368655055,591.9530610891122,597.9050599555384,5368815
2011-02-08,598.4462280273438,598.9872142526228,591.953061292998,597.3639528424682,4649032
2011-02-09,607.1035766601562,608.7268986032967,598.4462229112514,600.6105310750462,14181337
2011-02-10,611.4323120117188,611.9733587238276,606.0213605157771,610.3501580406445,9530079
2011-02-11,619.5487670898438,620.0897533322695,611.4323992349563,614.6789221581652,10861294
2011-02-14,619.5487670898438,622.2541221300306,607.1036010925689,622.2541221300306,414206
2011-02-15,610.8912353515625,620.6309252786875,609.2679738793303,618.466556466756,5456183
2011-02-16,615.2196655273438,615.7607725966318,610.7611176512963,614.1374513887675,4852407
2011-02-17,619.0074462890625,619.0074462890625,610.891080439218,616.3020919171984,6530644
2011-02-18,621.7130126953125,622.7951667117196,614.7730105877414,617.3843360828247,5337452
2011-02-21,613.0552978515625,623.3306407664085,611.9731442597256,620.6306151817628,4802132
2011-02-22,609.267822265625,613.0554516072533,605.0581813743515,611.9732977440099,4162475
2011-02-23,608.1857299804688,614.6788966511739,605.4803750525446,613.5967425706316,17532805
2011-02-24,612.5145263671875,612.5145263671875,600.0694214652277,603.8570515576741,8092302
2011-02-25,617.38427734375,618.1395993417512,611.4322794526464,615.7609556532962,3825025
2011-02-28,617.9253540039062,620.90135309383,610.8911413112558,614.137663755952,5170948
2011-03-01,611.4323120117188,621.712986650923,608.1856684579257,621.1718793919574,5823181
2011-03-02,614.1375732421875,615.7608947721412,610.350065193019,610.8910512759752,6886613
2011-03-03,618.4664916992188,621.7130143036983,613.5967077924994,616.8431698501195,4226339
2011-03-04,619.0074462890625,622.7950756127433,615.7609241678649,617.3842457753142,4317362
2011-03-07,620.630859375,623.877381974722,616.8431689461785,619.0075375282796,5162132
2011-03-08,620.0897216796875,622.254090366968,615.7610448519889,620.0897216796875,3634535
2011-03-09,626.0414428710938,627.7242816162556,619.0072931662415,621.7127679625577,5930568
2011-03-10,627.6649780273438,631.4526682520196,623.3363016433042,624.9595023088199,6979573
2011-03-11,615.7610473632812,627.9247304119822,615.7610473632812,623.8774148369688,6612784
2011-03-14,601.1515502929688,616.8431773159732,597.9050276491954,614.1377014149219,10830241
2011-03-15,588.1653442382812,602.7748158645041,586.0009758289574,594.1173422272084,22394871
2011-03-16,588.7064208984375,596.8227868751042,588.1653136874993,594.1173113672647,15228046
2011-03-17,597.9049682617188,598.4461360444092,588.538733200685,593.576292015591,5419559
2011-03-18,624.4185791015625,624.9596259147919,606.0214737800612,611.4324262872998,20583955
2011-03-21,625.5006713867188,628.7471332712392,608.1457021557874,628.7471332712392,11346760
2011-03-22,633.6168823242188,634.6990361232345,620.0895662820161,620.0895662820161,8339505
2011-03-23,633.0758666992188,634.1580206547227,627.1238685768071,630.3704515370308,7197314
2011-03-24,637.945556640625,640.1099247806638,629.8292517990382,630.9114055956342,6893066
2011-03-25,637.945556640625,640.6510319523853,634.6990347039903,640.1099247806638,5866458
2011-03-28,640.6510009765625,643.7784876607614,637.9455257956134,640.1098938310039,4863913
2011-03-29,643.356689453125,643.356689453125,636.3224765312991,641.7333676310325,5904253
2011-03-30,644.4387817382812,644.4387817382812,638.4867839345228,643.3566278407128,6548477
2011-03-31,642.8154296875,647.4795957147459,642.8154296875,646.6030589702378,6820770
2011-04-01,646.6030883789062,648.1182128171317,642.2744122495085,646.0619811576619,4096964
2011-04-04,649.3086547851562,652.5551166235615,646.60311855268,650.3908087312914,4240113
2011-04-05,637.4047241210938,644.9799236159162,635.3268769248526,643.8977090117546,6724915
2011-04-06,638.48681640625,641.7333388109176,635.7813407044565,641.1922921080435,4663550
2011-04-07,638.48681640625,647.6853369173788,637.4046624536461,639.0278631091242,6222353
2011-04-08,637.945556640625,643.3565678109926,636.3223562191547,641.7332462958282,5118806
2011-04-11,638.48681640625,640.6511243114579,631.452664347185,634.1580189552669,4191757
2011-04-12,634.1580200195312,643.3566616398089,632.534819361329,639.0278641815611,4903359
2011-04-13,648.2263793945312,650.3960757530978,636.3223843710892,639.0277992556944,7769300
2011-04-14,644.4387817382812,653.6373017815979,639.0949770694792,648.22641120005,5751141
2011-04-15,653.095947265625,654.7192684680826,644.9796439875134,646.0617975756498,6381689
2011-04-18,637.4047241210938,653.6373982617616,637.4047241210938,653.0962304128193,5872357
2011-04-19,641.1925048828125,645.5211826765222,638.4870282832276,640.1102294773524,5038692
2011-04-20,653.095947265625,654.4541338761031,644.4385974668628,644.4385974668628,4414067
2011-04-21,651.4729614257812,654.7865697204322,648.226439046758,654.7194838048046,3081243
2011-04-26,656.8838500976562,657.4249573413473,648.7674836297105,650.3908053607837,3621468
2011-04-27,659.0481567382812,663.9180008286249,656.8838488613006,658.5071100424636,3553432
2011-04-28,664.4591064453125,668.160214585533,661.212644637786,662.8358452681218,5688479
2011-04-29,664.4591064453125,664.4591064453125,664.4591064453125,664.4591064453125,0
2011-05-03,667.1646118164062,668.7878123717195,658.507077995537,663.9179685183718,5354951
2011-05-04,662.294921875,691.5137495978958,661.21276773769,681.7741201746418,9518247
2011-05-05,660.1302490234375,667.1644595903023,657.9928850886057,664.9999706719627,4081552
2011-05-06,665.5413818359375,665.5413818359375,657.425014660349,660.6715373118402,4330965
2011-05-09,665.0003051757812,669.5996269584831,656.8839974342336,663.3771041743404,5465901
2011-05-10,681.23291015625,681.7739568218374,665.541285370334,666.6234392483602,10882405
2011-05-11,679.0685424804688,685.020539651549,673.6575313803886,683.9382647753176,6105792
2011-05-12,680.6917724609375,680.7598876658981,670.4110386192498,676.3630360489797,5056205
2011-05-13,670.4110717773438,685.020603300416,668.8473282346533,682.8561138936852,5954950
2011-05-16,666.62353515625,670.4111650945499,659.5893825699388,667.1647029933989,6369873
2011-05-17,666.0823974609375,673.116609633605,666.0823974609375,667.7055980164389,7939454
2011-05-18,665.0003051757812,672.0345192809474,662.2949499910902,668.2469493661376,5178489
2011-05-19,673.6575317382812,683.3972185205382,665.0000592859845,668.787748893999,10217479
2011-05-20,684.4793701171875,687.7258920030051,673.6575295863853,675.8218976925457,8475576
2011-05-23,674.1988525390625,685.0206955617273,673.6576847043542,676.3631605967355,8654925
2011-05-24,675.8220825195312,680.6919272269317,674.7399284439215,675.2810357551577,3569894
2011-05-25,667.7055053710938,673.581758183754,665.0000302113264,669.869873389539,7570374
2011-05-26,666.62353515625,670.4111650945499,664.4591665419557,669.8700578042613,6415237
2011-05-27,670.4110717773438,672.5754400903709,667.1646101280808,670.9521184454617,9928784
2011-05-31,677.4453125,683.0725976949572,673.1166362382526,675.280944095699,12226417
2011-06-01,645.2021484375,657.1102472688247,645.2021484375,657.1102472688247,7412525
2011-06-02,640.8719482421875,646.8259979233164,639.2481275232842,641.9545357666067,15206631
2011-06-03,641.9547119140625,644.6611209000027,634.376778866978,643.5785936462719,7229165
2011-06-06,638.16552734375,643.5784042907804,637.0830004085234,641.9545230363541,4522002
2011-06-07,642.4957275390625,646.2846015699074,636.0003851267945,636.5416788030791,7520934
2011-06-08,643.5784912109375,644.6610182923678,638.1656135328569,642.4959035617749,5320034
2011-06-09,650.0735473632812,651.4592761573937,642.4957386033793,644.6608527780871,5086294
2011-06-10,639.7893676757812,651.6974660402268,639.7893676757812,651.6974660402268,6775059
2011-06-13,643.5784912109375,647.367305712077,638.7069679251706,641.9546097371937,4180272
2011-06-14,643.0370483398438,647.3672166374868,641.954521407364,646.284689705007,7074320
2011-06-15,639.2481689453125,647.9086274309446,639.2481689453125,642.4958711612893,5651828
2011-06-16,637.6243286132812,641.9544967445665,636.0004474253623,640.3306155566476,8000599
2011-06-17,637.6243286132812,638.7068555041722,632.2114518879397,634.3765662374433,10423300
2011-06-20,633.2939453125,636.5416466383843,629.5050714731083,634.9177656915857,5636084
2011-06-21,639.2481689453125,640.8914925782899,633.8354126756572,636.5418210943495,6575492
2011-06-22,640.8719482421875,641.9545357666067,637.0830130421714,640.330654479978,5597165
2011-06-23,634.3765258789062,643.5783369885365,634.3765258789062,640.8718685141882,5937929
2011-06-24,639.7893676757812,641.9544819754732,636.0004327932504,639.7893676757812,5606179
2011-06-27,644.660888671875,646.0356547857803,638.1654852183801,638.1654852183801,4769770
2011-06-28,644.1195678710938,649.5324447421923,641.9545140310117,646.2846822788991,6818228
2011-06-29,658.19287109375,658.19287109375,646.284770509001,647.3672975768274,8069800
2011-06-30,663.0643920898438,664.1469191540319,651.383602241244,660.8992773937358,6432523
2011-07-01,666.3121337890625,669.018481893312,660.8993164450933,668.4772486131031,7928026
2011-07-04,665.2294311523438,668.4771939745486,664.1469041126721,667.9358396031178,2780373
2011-07-05,664.68798828125,666.8531022454705,661.4404081864856,663.0641679500123,4571871
2011-07-06,666.3121337890625,667.9358941974242,663.6057251170779,666.8533670692714,5714080
2011-07-07,668.4771728515625,670.1009330758961,663.605649907649,669.0184060704311,4530390
2011-07-08,664.68798828125,671.1832696062007,659.2751730868431,670.6420365409288,5156768
2011-07-11,661.98193359375,670.1011001460646,658.7342911999215,663.0645214368551,6034262
2011-07-12,656.0276489257812,659.2752901649926,651.1561870669641,654.4038888738972,7440990
2011-07-13,660.35791015625,661.4404975685084,651.1561594229305,656.0276210749356,4770216
2011-07-14,654.40380859375,658.192682529542,653.3211607006257,656.0275684464364,4101511
2011-07-15,653.3213500976562,657.6516400869274,650.6150627027249,653.3213500976562,6367195
2011-07-18,647.9085083007812,652.2386761796852,645.2021003797129,648.9910351285777,5992868
2011-07-19,643.5784912109375,650.0737142672511,643.0371368186238,650.0737142672511,8075761
2011-07-20,650.0735473632812,650.0735473632812,641.4132117998839,645.7433795815825,42482976
2011-07-21,651.6974487304688,652.2386818652258,644.1195185989644,650.614921893236,6240942
2011-07-22,660.35791015625,661.4404975685084,650.6149262845204,653.8625673858572,7071470
2011-07-25,658.73388671875,669.7510918858974,656.0274793405412,656.0274793405412,6537593
2011-07-26,660.35791015625,665.7706655143844,656.7161549063418,659.2752621762725,5761116
2011-07-27,656.5690307617188,663.0643135125795,653.8626225703773,657.1102639458076,6475304
2011-07-28,653.8626098632812,660.2225841945207,651.6974954658295,654.403903604575,3150808
2011-07-29,646.28466796875,651.6974841522737,641.4132666525672,648.9910760605118,6455393
2011-08-01,639.2481689453125,653.3213231328707,639.2481689453125,651.156269079192,5984508
2011-08-02,652.23876953125,654.4039446321697,636.000501383895,637.6243827095847,9877573
2011-08-03,659.8165893554688,665.3116560182921,648.4497853998363,649.5323727676393,12393003
2011-08-04,648.9912109375,666.8533626928075,648.9912109375,664.1469540385847,9543209
2011-08-05,636.00048828125,645.7434731960325,628.4225572873298,638.1655422021122,12001013
2011-08-08,623.0097045898438,641.9544382807419,619.7621242129335,632.2113943114298,10742252
2011-08-09,618.6798095703125,621.9274519465174,590.5333131829846,621.9274519465174,16944076
2011-08-10,615.9732055664062,635.3975168482913,611.6430372913744,631.128945948327,12888187
2011-08-11,626.7988891601562,639.7895174313038,602.982686856607,639.7895174313038,10441423
2011-08-12,643.0370483398438,643.5372166052954,617.0557357153652,627.881307878783,6548624
2011-08-15,648.4498901367188,649.5324776793801,639.7894320663335,646.284715051396,3742963
2011-08-16,649.5325927734375,652.7801742736982,640.3307787334778,640.3307787334778,6761953
2011-08-17,653.8626098632812,654.403903604575,641.9545109611583,648.4498541535135,5376703
2011-08-18,638.7068481445312,652.7800004025606,629.505157690961,647.3671843073113,7495180
2011-08-19,639.2481689453125,650.0736814846233,624.0924271631857,637.6244086889183,9165496
2011-08-22,650.0735473632812,653.3211883414845,636.000396079256,637.6242771360745,5529459
2011-08-23,645.7435302734375,654.9452222374811,642.4958885373588,654.4039889932886,5597899
2011-08-24,661.4404296875,663.6054831543876,292.83081008981037,648.4497454798969,9622251
2011-08-25,638.16552734375,664.6881337856329,637.624354727723,664.1468400341573,7101902
2011-08-26,651.6974487304688,654.2511654561581,633.2940079557617,639.7893506823145,7073694
2011-08-30,663.6055297851562,676.5961543378821,340.89618996594277,670.642105466275,6597486
2011-08-31,672.2660522460938,672.4068722150355,659.2753646854173,664.6881814528969,6912541
2011-09-01,674.431396484375,678.2202722631,669.0185783599248,673.8900419906374,7771438
2011-09-02,670.1010131835938,680.3853540874663,668.4772527651465,670.6423070348998,4780602
2011-09-05,659.2754516601562,668.4772656059096,657.1103973488146,662.5232148303785,5186161
2011-09-06,665.7708129882812,670.6422757193569,655.4865937000997,659.275408211382,6820671
2011-09-07,684.7152709960938,685.3204030176296,673.3485282794852,675.5135817517923,5948813
2011-09-08,681.4677124023438,686.3392347218048,671.1833740462105,685.2567078551026,4861543
2011-09-09,673.3486938476562,685.6983324490009,671.183458139805,678.2200956420219,4648233
2011-09-12,666.8530883789062,672.2658428930491,656.5688729723475,661.440394432473,6048440
2011-09-13,670.1010131835938,670.1010131835938,651.6976279165435,660.358087266498,7684339
2011-09-14,676.5962524414062,678.761366942079,664.6881529715693,667.9357944387153,7139251
2011-09-15,670.6420288085938,686.8803530691687,661.440400560243,680.3850718191069,11723959
2011-09-16,671.7247314453125,684.1740630248461,671.6576224107986,676.0548994999168,24331158
2011-09-19,677.6787719726562,681.4677068266942,663.0642657015669,665.7706736977598,7475913
2011-09-20,691.2108764648438,691.7520491401151,673.8898984955022,675.5137799277013,4742817
2011-09-21,700.4124145507812,704.3041935791,685.7979075816572,690.6694300939395,8554890
2011-09-22,683.0916137695312,694.9997146059809,674.4312759084036,692.8346604245655,10515209
2011-09-23,678.7613525390625,690.7203892126847,674.4311841973273,687.4218103579823,5474775
2011-09-26,674.9724731445312,685.7979857447493,669.0184230440924,673.3487128790013,7443965
2011-09-27,680.9263916015625,686.3392074229423,670.1008205265209,686.3392074229423,7610330
2011-09-28,680.9263916015625,684.7153263358975,674.9723426522191,677.678750562909,6794049
2011-09-29,692.8343505859375,693.9168771925345,677.1372605324874,680.3850220553959,6749890
2011-09-30,691.2108764648438,693.9171638153165,679.8439487103732,690.6695220863799,8067986
2011-10-03,692.8343505859375,696.0819909734342,673.3484476932509,678.2198477067902,8060500
2011-10-04,676.0548095703125,691.2106683001206,671.1832878762823,689.5867873569687,8248600
2011-10-05,678.7613525390625,688.3149420263586,673.3486572538246,683.6328752041361,7014813
2011-10-06,693.9170532226562,694.0903374730416,678.220019754951,679.8438403606237,7310846
2011-10-07,703.1188354492188,706.9077708794433,692.8346167487402,694.9996707936722,7025465
2011-10-10,699.3299560546875,706.9077662982991,693.9171392742484,706.3665330744382,4536193
2011-10-11,692.8343505859375,693.9168771925345,686.3390698109439,693.3756441730889,5457046
2011-10-12,683.6328125,693.9170295070229,680.9264045378934,689.5868615624591,6387210
2011-10-13,687.421875,687.421875,676.0550079018483,682.0090580703162,5777653
2011-10-14,684.7152709960938,691.3198772705786,682.00886330414,687.4216786880473,5712205
2011-10-17,690.6694946289062,693.3759030072478,686.8805592398653,686.8805592398653,5535538
2011-10-18,691.751953125,693.3758343318046,685.256731136394,687.9630181112342,4339765
2011-10-19,689.0455322265625,696.0821689556204,684.1740703997267,693.9170546211196,5380255
2011-10-20,690.6694946289062,693.6183556242584,684.7154446507377,687.9630862505647,4847478
2011-10-21,688.5043334960938,693.3758561342422,685.2567526835354,691.2108022592033,6055092
2011-10-24,681.4677124023438,692.293283907968,680.3851855356415,689.5868758896319,6117448
2011-10-25,686.33935546875,687.9631157706095,677.6788967406254,681.4678322922472,7827301
2011-10-26,692.8343505859375,693.5812715344382,685.4589604772864,686.3390698109439,7284409
2011-10-27,679.302734375,707.4491022910026,674.4312115126237,707.4491022910026,13339458
2011-10-28,673.8897094726562,682.0456972553784,672.2658890636619,679.30258549397,5139150
2011-10-31,668.4771728515625,682.5503267612502,668.4771728515625,673.8898684466164,6513380
2011-11-01,666.8530883789062,670.6420225955773,659.2751593778545,665.2292075137246,9073247
2011-11-02,674.9724731445312,675.5137669448611,658.7341436764744,670.6422438773521,7672599
2011-11-03,678.2200317382812,684.7153748434583,668.477107932099,670.6421617327691,5481456
2011-11-04,673.8897094726562,684.7152798121422,673.8897094726562,680.3851122440617,5262522
2011-11-07,673.8897094726562,678.7612312673534,666.311901086587,672.8071827225647,4986051
2011-11-08,672.8071899414062,677.9179542607461,670.6420758502786,673.8897167031129,4429149
2011-11-09,669.5596313476562,679.3026762385746,666.8532232593209,674.9723869566049,4825632
2011-11-10,662.5230102539062,674.431108127939,660.8991291702235,661.9816559916275,5373295
2011-11-11,680.9263916015625,683.0914452488528,660.4250064420941,661.9816573621692,6250105
2011-11-14,676.0548095703125,683.6327389352165,671.1184198560624,682.5501516397819,4137074
2011-11-15,680.9263916015625,685.7978531595427,671.3858252314085,672.2659347415292,3879211
2011-11-16,678.2200317382812,687.4758699218767,671.8601180601253,679.3026797740608,5421626
2011-11-17,694.45849609375,695.3029314442334,651.1563213265748,686.3393913216721,8564820
2011-11-18,694.9995727539062,699.9253031970378,687.1510863869158,690.6694047071463,8649428
2011-11-21,680.9263916015625,688.0550303058967,667.9357063115126,692.2932563722857,6346237
2011-11-22,689.0455322265625,692.0551422996133,681.1970457607533,683.0914829486156,5249073
2011-11-23,684.1741333007812,691.2108312444948,680.385258576718,683.6329000931876,5870219
2011-11-24,671.1832885742188,686.6086736412421,670.1007618453712,685.2566205909392,6623628
2011-11-25,683.6328125,688.2769635005918,674.9723554754341,670.1008332571862,5158340
2011-11-28,691.751953125,692.5963883115007,671.1833968493667,687.4217849433552,6021712
2011-11-29,693.9170532226562,693.9170532226562,681.4677215340176,689.5868851301026,6198718
2011-11-30,676.1900634765625,682.6000758701234,666.9865333815878,676.1900634765625,15995705
2011-12-01,679.4384155273438,686.4763978215167,676.7314060606238,677.2727473741431,9519463
2011-12-02,657.7830200195312,686.4764754958611,655.3901166731256,684.3108676774482,15662014
2011-12-05,655.076171875,675.8047760355159,652.3692222642553,662.1141560511588,12440912
2011-12-06,654.53466796875,656.9914222268424,648.038026863259,653.4518035814294,10322380
2011-12-07,659.9483642578125,664.0953553512653,656.700074689031,659.9483642578125,10880681
2011-12-08,660.48974609375,666.4449838431617,659.4068819705125,662.6552926007917,7118633
2011-12-09,655.617431640625,663.1967549299677,653.4517635783876,658.8656611247815,5761738
2011-12-12,654.53466796875,663.7381974333263,653.9932660650027,655.6174717762448,5643027
2011-12-13,656.7001953125,661.5726911404711,653.9932464547579,656.7001953125,5838095
2011-12-14,655.617431640625,671.1453728151704,650.744935964835,653.4517635783876,6973494
2011-12-15,662.6553344726562,664.2794187307962,656.9707669599991,657.2414375730533,6099409
2011-12-16,664.2796630859375,668.6108185467235,661.0313722151445,661.0313722151445,12688090
2011-12-19,657.7830200195312,663.196857826069,654.6159064258582,659.9485672581127,4635956
2011-12-20,657.2416381835938,658.3243815461122,651.2863982401584,657.2416381835938,6098567
2011-12-21,646.955078125,660.8687465133976,638.8343542871216,659.406895062955,8854854
2011-12-22,652.9105834960938,654.1243611124924,645.3311977555221,647.4966846129679,4902726
2011-12-23,669.1520385742188,669.1520385742188,658.3243033362174,661.0312522906743,2839739
2011-12-28,670.7761840820312,682.1452606532845,670.7761840820312,682.1452606532845,4447799
2011-12-29,679.4384155273438,679.4384155273438,665.3622691995239,672.4003120735215,2597284
2011-12-30,676.7311401367188,683.0869911072153,669.6931606081449,682.686376883897,1626973
2012-01-03,683.7695922851562,687.5592851734141,675.1074024949456,684.3109337121664,6651077
2012-01-04,682.145263671875,689.1832461767017,681.6039223421528,684.3108107302431,6182396
2012-01-05,663.7380981445312,684.852102854144,661.5726120131292,684.3107010313852,9541663
2012-01-06,659.9483642578125,669.6932935439701,655.617331692708,665.9036021871206,6148675
2012-01-09,675.648681640625,675.648681640625,658.3243052104995,665.3622877003681,9011550
2012-01-10,683.7695922851562,688.6420286072716,675.6488045017932,679.9798388170611,10360001
2012-01-11,682.686767578125,687.0178623419479,677.814331403701,682.1453655876883,6745161
2012-01-12,682.686767578125,691.8902985163719,682.686767578125,683.7695715589986,6221088
2012-01-13,676.7311401367188,688.6416136310752,672.9414495321328,688.6416136310752,6164734
2012-01-16,680.5211181640625,684.3107494520725,674.3623312329248,676.7313657164103,2657655
2012-01-17,681.6039428710938,688.1005236620396,676.1900447722012,686.4764390441314,4138067
2012-01-18,675.1072998046875,684.3108296219635,669.5461927369016,683.2280257729733,6684921
2012-01-19,668.6106567382812,677.164467101342,667.527913569994,676.1899800759368,6309084
2012-01-20,669.6934814453125,672.4003699855199,665.362326505355,672.4003699855199,5709441
2012-01-23,664.82080078125,671.3173799400207,662.6553147815351,671.3173799400207,5815620
2012-01-24,673.4832153320312,677.2727864849787,662.1140172345633,663.7382230083891,5939827
2012-01-25,670.2348022460938,677.2727849305396,669.1520589791897,677.2727849305396,4668343
2012-01-26,669.6934814453125,675.1073191055572,665.8366665736096,671.8590286253764,6426281
2012-01-27,661.0314331054688,672.9419148352829,660.4900916303628,670.2349651403823,6997887
2012-01-30,664.2796630859375,665.9038691011712,659.9486287848259,662.6555782303782,6369274
2012-01-31,684.3108520507812,684.3108520507812,665.9037918129235,666.9865351175733,13650923
2012-02-01,686.4765014648438,700.5524681783606,684.3108935645072,690.8075355260154,10497815
2012-02-02,676.7311401367188,688.6416136310752,675.1069956747249,687.5588708496796,10080259
2012-02-03,694.5971069335938,695.679910694733,676.1899882126353,676.7313900932049,7945026
2012-02-06,689.7247314453125,698.3869199648675,687.5591843154237,692.4316805026306,4536816
2012-02-07,697.3041381835938,698.3870027466359,689.7248132003273,692.4317625785076,6851205
2012-02-08,700.5523071289062,702.717853951573,694.055666660906,695.679872212771,13219507
2012-02-09,692.9730224609375,702.1765523362043,692.4316811128597,699.4696638563291,7920791
2012-02-10,684.8521728515625,687.0177197841177,671.3174893781365,671.3174893781365,8826439
2012-02-13,691.89013671875,694.0556835942511,685.0471006734953,688.6418466954092,4217194
2012-02-14,694.5971069335938,694.5971069335938,685.9349191637725,689.1832092875438,6115342
2012-02-15,692.9730224609375,698.3869205803448,690.8074753291403,696.7627147966256,5140255
2012-02-16,700.5523071289062,702.1764521009513,690.4013101838946,692.4315822686808,4882822
2012-02-17,698.386962890625,703.2593382176511,696.2213550478006,703.2593382176511,5531574
2012-02-20,697.8453979492188,700.0109448944416,692.4316214558966,699.4696035930034,3128171
2012-02-21,696.7626342773438,698.3868398733666,691.3488579432203,696.7626342773438,4450851
2012-02-22,699.4696655273438,701.0937501552858,693.5144260456316,696.7627164611732,4393651
2012-02-23,700.5523071289062,704.7296491912838,696.7626153341944,700.0109052782846,5236462
2012-02-24,698.9280395507812,705.4246788791398,695.6797501765066,702.1763289250559,4307031
2012-02-27,700.0109252929688,700.5523271590702,690.8073964683531,696.7626352560036,3858583
2012-02-28,694.5971069335938,702.7178928228453,692.9729618717081,702.1764909422757,5188897
2012-02-29,694.5971069335938,698.9282008185044,692.4316205709617,694.5971069335938,8453648
2012-03-01,698.386962890625,700.552449573785,691.3489797207743,697.3040983893806,5146497
2012-03-02,700.5523071289062,705.4248026248614,697.3039566049962,701.093648399708,5273123
2012-03-05,702.7180786132812,705.2723063771489,692.5400598146332,696.7628380919891,5259529
2012-03-06,702.7180786132812,711.921610117155,700.0111290745706,700.0111290745706,7420298
2012-03-07,698.9280395507812,706.5074218106283,697.8452360394834,700.5521842379186,6034124
2012-03-08,697.3041381835938,703.8007803433252,695.6800533684554,701.6352935365837,4183642
2012-03-09,704.342041015625,704.342041015625,694.0556484430938,696.7625970453294,4494924
2012-03-12,708.6732177734375,709.7559610861541,697.8454817471189,701.6352347912034,4387214
2012-03-13,711.380126953125,712.6610268198351,705.9662289542528,710.8387250372723,3996010
2012-03-14,713.5457153320312,715.1698000139261,709.2145603343785,714.0870566993859,5736916
2012-03-15,703.25927734375,714.087012721466,700.5523889341912,714.087012721466,6019269
2012-03-16,697.3041381835938,710.2974830828923,695.1385907970166,704.3422429147641,11275057
2012-03-19,684.3108520507812,694.0557841119502,681.6039634992417,692.9730408073003,5797839
2012-03-20,683.2279052734375,692.9728958763324,681.603820946045,689.1831436530857,9292326
2012-03-21,688.6419677734375,690.2661130706675,680.7507176910885,683.2280693428947,5361058
2012-03-22,690.807373046875,694.9414005160478,683.7693913454625,685.9348775768052,5894260
2012-03-23,689.7247314453125,694.1229481550835,689.1832689380547,690.2660727929133,5919147
2012-03-26,694.5971069335938,696.2212519954794,690.4013483738697,691.8901581105688,3927180
2012-03-27,683.2279052734375,695.1383820327341,682.6865640242459,694.5970407835424,6396609
2012-03-28,683.2279052734375,692.2853149476925,682.2805580873521,684.8521107604649,5156521
2012-03-29,677.814208984375,685.9349344750725,676.1900033064109,683.7694480641029,6354645
2012-03-30,682.686767578125,688.4146516105503,674.0245780504794,678.3556728143022,6670346
2012-04-02,696.7626342773438,696.7626342773438,681.6038666863692,687.0177036003142,6233954
2012-04-03,692.9730224609375,699.9699320806384,691.8902186051247,697.8454580726099,5521229
2012-04-04,687.017578125,694.5969605362062,684.3106298725075,694.0555587697456,7906123
2012-04-05,687.017578125,687.5589798914606,679.4382562936042,685.3934939852393,6240871
2012-04-10,685.393798828125,692.4317826031577,678.8970959006776,683.2281302192469,8060362
2012-04-11,693.5144653320312,695.6800125916765,680.5212423539924,682.1453270739361,12933842
2012-04-12,700.5523071289062,702.1764521009513,688.1004280435274,692.9729235394826,7684977
2012-04-13,695.6798706054688,700.5523055103467,691.3488375499617,700.0109036609759,6172339
2012-04-16,698.9280395507812,704.883277123491,686.4762232295221,693.5142037337204,4407884
2012-04-17,703.8006591796875,704.8834629764825,697.304018138393,700.0109670505553,4981220
2012-04-18,702.1764526367188,706.9070701980316,694.0556671904772,703.2591957589683,4539995
2012-04-19,701.6351928710938,707.5904321848078,698.9282438812867,704.3421418609009,4375471
2012-04-20,709.214599609375,709.214599609375,700.0110688967015,701.6352748282034,5385762
2012-04-23,707.0487670898438,709.7557153039887,701.6349918211732,708.1315706074256,4001111
2012-04-24,722.7492065429688,724.3733517170723,710.2973864882899,710.2973864882899,7244357
2012-04-25,721.6664428710938,730.3286317215069,717.8767503939956,726.5389392444089,6937960
2012-04-26,718.4180908203125,724.3733300000364,709.214500809941,724.3733300000364,5788030
2012-04-27,717.8767700195312,721.6664626002331,712.4629321299333,718.9595133655179,3774493
2012-04-30,720.5834350585938,722.2075191471241,708.1315583016469,718.9592298104461,4735018
2012-05-01,723.2904663085938,723.2904663085938,714.6282796426998,723.2904663085938,3306829
2012-05-02,723.2904663085938,725.9973542068238,717.3352281207456,725.4560129750672,4530517
2012-05-03,724.914794921875,728.7889965917722,721.6665041172108,725.456257495767,4247229
2012-05-04,722.7492065429688,730.328591075337,718.4181123588077,724.3733517170723,5608571
2012-05-08,725.4561767578125,735.7424500210744,722.749227668632,723.8319709564066,8475990
2012-05-09,728.1630249023438,733.0355212821715,721.706547683743,726.5389402155091,5390557
2012-05-10,725.4561767578125,732.4941595779211,721.9392753518666,730.8699537765152,5228751
2012-05-11,738.9906616210938,740.6148672492127,725.6585571263615,726.5388425309416,4987825
2012-05-14,728.7044677734375,737.7228657978917,723.8319715250504,736.2838525333024,8573708
2012-05-15,724.373046875,731.9524282176936,719.5006134031835,730.3282837270881,6014018
2012-05-16,720.5834350585938,725.4559296434194,714.0867958054291,720.0420333092112,5629348
2012-05-17,730.8698120117188,733.57676057584,715.7110454442018,723.2904893077778,6495066
2012-05-18,721.6664428710938,735.7424694630997,718.9594937103819,730.3286317215069,7114060
2012-05-21,724.373046875,727.0799341660752,716.2523244219725,719.5006134031835,4082000
2012-05-22,724.914794921875,729.2459502944872,720.5837607089347,725.456257495767,5074008
2012-05-23,722.7492065429688,731.411394911291,722.7492065429688,723.8319497990954,14834107
2012-05-24,727.6216430664062,731.411395917632,720.0422585236096,727.0802411476843,5870986
2012-05-25,741.1561279296875,742.7802120887612,728.1627882791747,728.7042506318846,6188141
2012-05-29,736.824951171875,738.7479966389025,704.7749607323339,735.7422082399136,8458202
2012-05-30,704.0416870117188,734.369606771942,701.8754589721929,710.5406135325834,9255623
2012-05-31,704.0416870117188,710.5406135325834,701.3338110614537,705.6664489422208,9096073
2012-06-01,704.0416870117188,710.3347533901823,700.2506970416908,705.6664489422208,9809662
2012-06-06,706.2080688476562,714.4963495458048,700.7923768330079,700.7923768330079,9711270
2012-06-07,707.832763671875,710.5406397219479,702.9585989018586,710.5406397219479,7480133
2012-06-08,717.0394287109375,719.7473046984334,707.832747314368,708.3742740314091,7319970
2012-06-11,714.33154296875,724.6213988600318,710.5406135989399,724.6213988600318,5665686
2012-06-12,712.165283203125,718.1225620553441,709.4574071428165,714.8731592634334,9847665
2012-06-13,711.6237182617188,716.4978827884465,708.9158423468065,714.33153357606,7026629
2012-06-14,714.8729858398438,717.039274042448,709.9988222338441,712.1651104364485,4476814
2012-06-15,703.5001831054688,717.0395038613849,698.6261391384044,714.8732149644615,18791440
2012-06-18,707.832763671875,709.4574044611151,699.1676087921011,708.9158777315597,4882589
2012-06-19,709.45751953125,710.5407549677776,702.9587129179226,708.9159927138619,6606185
2012-06-20,711.0821533203125,714.7464275621016,704.0416999603651,708.3742773202446,4973649
2012-06-21,711.6237182617188,714.8731208791565,708.4251595233565,711.0821309586221,6177035
2012-06-22,713.248291015625,713.7899388676875,706.2078991484211,709.4573014562744,5296508
2012-06-25,715.9562377929688,717.0394124035619,709.4573719311238,711.0821338470136,5877028
2012-06-26,715.4148559570312,719.0845246032544,713.7902147756821,717.0396183395577,4758855
2012-06-27,722.455078125,722.9967260571615,714.3315711540615,717.5810345430111,5268697
2012-06-28,729.4954833984375,729.5679616743623,721.3718564383438,722.9966181907016,5974863
2012-06-29,731.661865234375,737.6191439520707,726.2461132360532,736.5359693121771,8025926
2012-07-02,737.619140625,738.1606673419313,729.0753082936131,734.3696167199766,5143883
2012-07-03,735.9944458007812,742.4933124018562,732.7450428005328,737.6192079014836,5981165
2012-07-04,739.2437744140625,740.234836169354,733.8280830917471,737.6191336779971,3432617
2012-07-05,740.326904296875,740.8685522214529,733.2865114871097,737.6191494785725,6871351
2012-07-06,742.4932861328125,744.5035890405633,737.6191818048833,739.78540999469,4257367
2012-07-09,739.7854614257812,746.7424686351754,735.9944709291996,745.201153477958,4964782
2012-07-10,739.7854614257812,741.951750366768,734.3697087730244,740.8686361965647,6677297
2012-07-11,748.4505615234375,748.5252820332867,735.5611220730203,739.7854064039648,4753697
2012-07-12,746.2841796875,749.5337036168457,743.5764248814311,747.9089416521729,5424864
2012-07-13,750.616943359375,753.1742273707509,739.7854981172298,744.659663626341,6332418
2012-07-16,739.2437744140625,739.3174647096743,731.390970486219,738.7022477022314,18457601
2012-07-17,717.0394287109375,734.9112647870355,714.8731400410554,732.7449761171533,18747380
2012-07-18,726.24609375,726.4031704307247,705.2331486659411,719.2056405813147,8146030
2012-07-19,721.371826171875,726.1550285788333,715.9561356929361,722.4549400274377,7270140
2012-07-20,708.374267578125,721.1554130343942,705.1248649031902,719.2056502282892,16965581
2012-07-23,698.6259765625,707.8326567815215,696.4596275691246,706.2078950364898,11954159
2012-07-24,694.2935791015625,707.2912533494342,693.2104648311506,702.417148231702,7451068
2012-07-25,702.4169921875,703.5001062172946,688.4033522314835,693.2103108322426,5950606
2012-07-26,711.6237182617188,716.4978827884465,700.2506878995441,704.0416778200787,12711081
2012-07-27,716.4979858398438,717.8518633914523,707.8328301463024,712.1653473924933,7911178
2012-07-30,724.079833984375,724.1524334716463,717.0394411356926,719.2056692425382,4540930
2012-07-31,717.5810546875,729.49561271345,717.5810546875,724.6214477934814,7063395
2012-08-01,720.83056640625,724.621557205043,715.9564007503247,721.3720932342311,4607613
2012-08-02,725.1627807617188,731.6617059854182,721.3717915483605,725.1627807617188,6515948
2012-08-03,733.8279418945312,734.9111163109219,722.9965613339868,728.4121910136987,6395066
2012-08-06,735.4528198242188,739.2437490794055,726.2460782311781,730.5786553807773,4644911
2012-08-07,741.95166015625,742.0535297192075,733.2865054458598,734.9112674044876,5347137
2012-08-08,747.9088745117188,748.0205007572993,738.1606066016576,740.3268344922777,6544499
2012-08-09,745.7427368164062,751.700016221646,740.3269841930392,746.284263598279,5843082
2012-08-10,745.2010498046875,747.3305538972238,740.3268852154221,745.2010498046875,4255529
2012-08-13,750.0751342773438,750.6167215295415,743.1701240639426,746.284084112525,5094043
2012-08-14,757.6571044921875,760.3649801207533,751.6998265897944,753.8661149725341,9686296
2012-08-15,754.4078369140625,758.7404144531017,752.2414875439675,757.6572397680543,5327862
2012-08-16,757.1155395507812,758.7933268317113,753.3245499194463,756.0324256277854,4921304
2012-08-17,761.9899291992188,764.6978057088921,758.1988778454422,759.8236401115969,6003075
2012-08-20,758.7404174804688,764.8362899868106,755.4910146135119,761.9898203474255,5515863
2012-08-21,755.4909057617188,761.4481838931935,754.9492578944995,759.8234220932366,6049174
2012-08-22,751.1582641601562,757.6571295230799,749.8758349697329,753.3245526144641,6503123
2012-08-23,743.0347290039062,753.8661717331332,740.86850105863,753.8661717331332,13777723
2012-08-24,747.9088745117188,749.0310152225846,742.4931835840331,744.1178848022821,4008997
2012-08-28,746.2841796875,753.32463306603,743.5764248814311,750.0752303378304,3308874
2012-08-29,746.8258666992188,752.7831457464432,743.5764638009422,747.9089807984521,3473460
2012-08-30,750.616943359375,754.9494608556499,744.1180762140879,744.659663626341,3763596
2012-08-31,740.326904296875,749.5337070032317,740.326904296875,749.5337070032317,6105945
2012-09-03,744.6595458984375,747.3673613304409,740.3269078859702,742.4932571924907,2329248
2012-09-04,743.5764770507812,747.477881618401,740.8686008535815,746.2842320468263,3653220
2012-09-05,747.9088745117188,749.5336363305353,741.410069638723,744.659472075221,5726935
2012-09-06,757.6571044921875,757.6571044921875,745.5594743817461,748.9919509612286,6852199
2012-09-07,750.0751342773438,758.7402879102463,744.1178563048646,758.7402879102463,6340213
2012-09-10,737.619140625,749.7296802585026,737.0774927069235,746.2841741016266,8202412
2012-09-11,734.3695678710938,739.2437322032633,730.5786387024498,735.9943297155294,10117462
2012-09-12,734.9111328125,738.1605349335127,731.6617306914872,737.0773604928007,3948970
2012-09-13,742.4932861328125,743.0348128799761,734.3696577184451,734.9113056667608,5954213
2012-09-14,741.4100341796875,748.4504259889048,738.1605712980324,747.3672514948316,8037565
2012-09-17,735.4528198242188,756.327049754595,733.2864706488492,740.3268630665203,5650235
2012-09-18,742.4932861328125,745.201101670359,735.0683823597608,735.9944197616642,7259907
2012-09-19,746.8258666992188,747.4778682990426,739.2438256022798,743.5764638009422,5778405
2012-09-20,751.7000122070312,752.7452510033448,740.8686282193042,744.6596186750667,6664398
2012-09-21,743.5764770507812,746.8258800069591,739.7854261344706,741.951714972115,17976173
2012-09-24,744.6595458984375,747.3673613304409,737.0775051273366,740.3269078859702,5342706
2012-09-25,751.1582641601562,751.6998514238749,743.5763454709285,745.2009860609512,16708243
2012-09-26,748.9918823242188,750.6166439128052,741.9514911759139,748.4503557285824,5523023
2012-09-27,750.616943359375,762.5315028254431,749.2629445284507,760.3652137770141,8470454
2012-09-28,739.7854614257812,753.3247218565131,738.702347255578,753.3247218565131,7432113
2012-10-01,753.8661499023438,758.7403141394899,739.2437177914726,741.9515935455057,6048221
2012-10-02,752.7830200195312,759.8234119901301,752.7830200195312,752.7830200195312,4339551
2012-10-03,759.2816772460938,759.3574885395892,750.5515613860142,752.2412260424819,5891257
2012-10-04,756.0324096679688,763.6316599316383,754.4077085174893,761.4481609703206,4433288
2012-10-05,757.1155395507812,757.6571268125623,751.1582614728883,757.1155395507812,4688932
2012-10-08,755.4909057617188,758.1986602932795,752.4516055284846,756.0324324278042,3247995
2012-10-09,749.5338134765625,757.1157340867916,747.909051273747,755.49109308514,3773665
2012-10-10,747.9088745117188,752.7830387670332,746.2841126929022,751.1582769482166,3257830
2012-10-11,746.2841796875,748.9920556947151,741.4101361957736,746.2841796875,5197237
2012-10-12,748.4505615234375,750.0752629581947,743.5764572191658,744.6595713088121,3660485
2012-10-15,752.2413330078125,754.9492085635654,747.908816959396,749.5335786531855,2460911
2012-10-16,760.9066772460938,763.6145534813555,752.783169741465,756.0325727433166,5266499
2012-10-17,758.7404174804688,760.3651189139472,752.8372548047296,758.1987695352084,8926384
2012-10-18,763.6143798828125,764.5232065471224,758.7402764881041,759.823390375629,5934723
2012-10-19,765.78076171875,766.7025570163428,759.8885075224288,761.9897717488919,3943387
2012-10-22,764.156005859375,766.8638818310321,759.8234891455248,765.7807678027126,3155770
2012-10-23,760.9066772460938,769.0302453513007,760.9066772460938,767.947131217543,5500979
2012-10-24,759.8236083984375,767.9471769878157,757.1157320017842,761.4483705967785,7112160
2012-10-25,758.7404174804688,761.9898203474255,757.1156554464146,759.8235315692624,6092877
2012-10-26,759.8236083984375,761.4483705967785,753.8663288062656,754.9494430045779,5923635
2012-10-29,766.8639526367188,767.4056006017481,756.0325689511571,759.8235593011615,4754866
2012-10-30,760.9066772460938,767.4056044509531,758.1988010108321,766.3224297166172,3605036
2012-10-31,765.2391357421875,769.5717128032697,761.9897332466602,763.6144344944239,5534368
2012-11-01,770.1132202148438,772.0250469094301,759.2818384337418,762.5313014485262,9733615
2012-11-02,766.322265625,768.4885540292291,758.0914362588768,766.322265625,4217062
2012-11-05,764.156005859375,766.3223551171585,759.2819018310789,763.6144791455014,3684185
2012-11-06,767.9472045898438,773.3629575778067,763.614626439707,765.7809155147754,6247386
2012-11-07,760.9066772460938,773.7495153768357,758.7404489785782,770.6550074528046,5779692
2012-11-08,758.1986083984375,762.8020089490525,756.5739679108128,760.9064839457918,5980556
2012-11-09,746.2841796875,761.4482610876752,743.5764248814311,758.7403850804601,6143687
2012-11-12,744.1177368164062,749.533487267606,743.5762102517307,748.9918395018194,5670768
2012-11-13,749.5338134765625,749.5338134765625,735.994492056592,744.1180606683415,8952002
2012-11-14,751.7000122070312,754.4078885042528,743.5765045165258,752.2415389860118,7496193
2012-11-15,748.4505615234375,755.4910152081529,740.3269331485001,749.5337362136594,7703997
2012-11-16,745.2010498046875,752.0584893067713,744.6595230952139,746.8258117348239,6296793
2012-11-19,757.1155395507812,757.6571268125623,745.7425706567765,749.5336208886778,6366742
2012-11-20,754.94921875,756.0323932271415,746.2840653351232,754.94921875,17252400
2012-11-21,762.5313720703125,763.6740564716005,753.8662173624544,753.8662173624544,5938959
2012-11-22,765.78076171875,767.4055236491793,761.0420394065704,762.531359059035,3934387
2012-11-23,770.1132202148438,773.3627438301953,764.1559420550675,765.239116593518,4733668
2012-11-26,773.3629150390625,776.61231817264,766.8639875707462,767.9471623489925,5190504
2012-11-27,771.7380981445312,778.7784913015458,769.030221991523,774.9875010476801,5687228
2012-11-28,756.715576171875,759.9655865401932,750.7571834220214,755.0905103758105,5359280
2012-11-29,764.8405151367188,779.2262632159972,754.0070483126849,757.7987465481234,18182801
2012-11-30,763.7571411132812,767.007150867161,757.7987494899055,765.3821459902211,10539893
2012-12-03,759.4238891601562,768.6323527837543,756.715567421843,764.840653860592,6938448
2012-12-04,760.5071411132812,767.0071607044069,758.3403871003798,759.4237641068305,5267654
2012-12-05,763.7571411132812,766.2054979577091,760.5071313594013,763.7571411132812,4174195
2012-12-06,763.7571411132812,767.548899975333,758.3403773742896,764.2987689976652,5917929
2012-12-07,765.924072265625,767.3540891236559,759.9656787924816,763.7573782197626,3781017
2012-12-10,765.3822021484375,768.3830972383454,762.2675991371266,764.8405742243127,3741094
2012-12-11,770.2572021484375,772.0090072019781,765.54474836314,769.17388570937,4962098
2012-12-12,776.75732421875,779.4657061679751,770.2571832958514,771.3405603202998,7115863
2012-12-13,777.298828125,785.3913634818529,775.6738234594427,778.9238327905574,6740194
2012-12-14,767.00732421875,781.6324926404366,765.9240075932473,780.0074873962287,8795345
2012-12-17,761.5906372070312,771.3406681182984,754.0071788117609,768.63234640247,6701759
2012-12-18,765.924072265625,768.3615803377529,760.5073674569254,764.8407555486501,5270577
2012-12-19,770.2572021484375,770.2572021484375,762.132177325688,769.17388570937,4800013
2012-12-20,760.5071411132812,771.3405475064205,759.4237641068305,768.6322262140831,6168997
2012-12-21,763.2156372070312,764.8407030889008,755.0905502453181,757.7989327698587,10708437
2012-12-24,769.174072265625,776.7575316259865,764.9219648084261,767.5491275188566,1441895
2012-12-27,763.7571411132812,771.3405376135969,762.1321362363414,771.3405376135969,2642744
2012-12-28,763.7571411132812,768.090527859717,758.8821264824614,764.8405181058372,2508520
2012-12-31,761.5906372070312,763.8385508984783,758.3405056794671,761.0488880071997,1409753
2013-01-02,765.3822021484375,772.4239106691449,763.7571971522665,769.1739006768028,4072523
2013-01-03,765.3822021484375,769.0081271346719,762.9859107450947,765.9238906844606,4245980
2013-01-04,770.2572021484375,770.3341792579108,763.2154937647555,765.9238757802701,7033927
2013-01-07,751.8406372070312,769.0224790059831,749.6740036407116,767.0074358427678,6805922
2013-01-08,746.4237670898438,754.8197285860466,745.6535715748838,750.2155268305271,4961390
2013-01-09,746.4237670898438,750.5665303897568,740.1458281068036,747.5071443334413,7241633
2013-01-10,744.2568359375,756.7153055809183,742.6318313344201,751.840231159795,4095004
2013-01-11,744.2568359375,748.0485335486475,735.048436112125,745.8818405405798,7429695
2013-01-14,744.7987670898438,752.9238533652825,742.6320733755998,746.4237116106474,3844481
2013-01-15,752.9237670898438,754.9820864847811,738.8402898669965,742.6319882794672,5762187
2013-01-16,750.2153930664062,754.5487800443334,746.9653831389095,751.8403980301546,5359614
2013-01-17,739.3820190429688,753.18165264432,739.3820190429688,751.298804432013,8869906
2013-01-18,740.46533203125,745.0371061563367,738.7049198752711,742.0903978043511,7640352
2013-01-21,752.9237670898438,754.0070835168797,742.090299760001,743.7153653183998,4304910
2013-01-22,754.5489501953125,765.9240481185357,742.0904749773571,765.9240481185357,5729994
2013-01-23,757.257080078125,758.882145607914,753.4653817324083,755.632135772127,5143293
2013-01-24,756.1737670898438,762.3455733752896,754.007073652222,756.1737670898438,5787169
2013-01-25,758.3404541015625,758.719702760412,749.8925493030223,750.757117445875,7568154
2013-01-28,758.8822631835938,761.0488963352038,753.4654984688541,758.340513977834,5138703
2013-01-29,759.965576171875,761.5906419457684,754.0180330342338,761.0488927425661,7192972
2013-01-30,751.2986450195312,762.1321115344917,750.2153286739812,759.9654182314996,8822133
2013-01-31,749.1319580078125,757.1216964533431,747.5069531698946,752.3819676836486,7078575
2013-02-01,754.5489501953125,756.7156441728661,746.2288744152239,752.3821956058481,5051640
2013-02-04,750.2153930664062,759.9654834607936,749.6737651530883,756.7154735332969,4936212
2013-02-05,755.0903930664062,757.7987750271726,751.298694688471,751.8403832030034,5640112
2013-02-06,753.4655151367188,759.9655965710557,749.484282688933,758.3405307535418,5723864
2013-02-07,746.4237670898438,755.090542590992,744.7988224482634,750.7572154523258,5853308
2013-02-08,747.5070190429688,751.8404060672191,745.8820140618493,750.2154010860996,6447834
2013-02-11,748.5904541015625,751.7321508457604,745.123695724059,749.1320820626328,4063516
2013-02-12,749.1319580078125,751.0061989476894,742.0902501728704,749.1319580078125,6577989
2013-02-13,753.4655151367188,756.1738975540023,745.8821171026121,749.6738767315717,5584773
2013-02-14,743.715576171875,755.6323633073248,738.840499338321,755.0906140223688,14900425
2013-02-15,738.8403930664062,743.1737199917152,734.5069449172872,741.0070868350133,8936650
2013-02-18,750.2153930664062,752.3160195874293,737.7569812697374,739.9236141468037,7288816
2013-02-19,758.8822631835938,759.9655797593988,749.673860147584,749.673860147584,6152620
2013-02-20,769.174072265625,770.3712181380344,761.0489848603113,762.6740508309036,8809008
2013-02-21,765.924072265625,770.0082241720311,763.2156895553188,767.0073889825998,9486265
2013-02-22,775.1324462890625,775.6741349323927,767.1969531425115,768.6324250167412,5226607
2013-02-25,777.298828125,780.3322105752978,769.1737441853272,776.2154512733711,11966160
2013-02-26,774.0490112304688,777.2990213695696,771.8823176004346,775.6740163000192,8266951
2013-02-27,781.63232421875,782.1739521088406,771.3405457405034,774.5906161405203,5348481
2013-02-28,790.2991943359375,796.2575872068717,784.9637706415115,786.5075559037865,11283767
2013-03-01,785.424072265625,789.6219308033884,778.3822430609293,789.2157098914347,6495443
2013-03-04,793.5489501953125,795.7156431616081,781.6321691866281,781.6321691866281,5183522
2013-03-05,796.79931640625,799.50769898079,791.9838820136379,799.50769898079,5536579
2013-03-06,793.007568359375,797.8826445711038,790.840874555485,796.7992673632058,4235842
2013-03-07,793.007568359375,797.8826445711038,791.924251763383,794.090884955367,5164536
2013-03-08,795.7156982421875,800.049023862855,791.924000441674,796.7990144943827,6404546
2013-03-11,798.4244384765625,799.3344051413983,793.0076729464857,795.7160557115242,4559153
2013-03-12,802.7576293945312,806.3543397588585,793.5698345872145,796.2575482320639,7119310
2013-03-13,805.4659423828125,811.424334449339,802.2158717753173,803.8409373850142,5407258
2013-03-14,806.0075073242188,808.1742006892724,801.6741812060051,807.0908843126924,5588900
2013-03-15,795.17431640625,807.0911028345977,794.6326883772598,806.007725552797,12047549
2013-03-18,796.257568359375,803.1866607512336,777.8407621847107,789.7575476445077,7779164
2013-03-19,808.7159423828125,809.7993194425534,796.799158397049,798.4242239866604,6742799
2013-03-20,808.7159423828125,815.215962293667,806.007560345358,811.9659523382397,8754239
2013-03-21,805.4659423828125,813.591027983703,801.6742438506501,811.424334449339,6567908
2013-03-22,816.2994384765625,820.0910765288438,806.1289433960163,807.6326640373464,7804047
2013-03-25,817.9244995117188,824.4246418796071,812.5078556329332,819.5495654096454,4597541
2013-03-26,813.5912475585938,821.7163353523117,812.0334001238551,821.7163353523117,5855138
2013-03-27,813.5912475585938,822.7996521059139,806.5495371303927,821.7163353523117,5398976
2013-03-28,828.7578735351562,834.1745167893107,814.6743949938871,815.7577721342398,7354373
2013-04-02,842.8414306640625,846.0913805524434,829.8412674390916,830.3830166716835,6584104
2013-04-03,848.2579956054688,850.2750988119742,845.0078646478308,845.5496137526641,6247293
2013-04-04,842.2996215820312,852.6129779375808,841.7578724659016,852.0495903749915,6057760
2013-04-05,846.09130859375,857.2162596667071,843.3830475563864,845.007992056424,5752845
2013-04-08,850.4246215820312,853.6746312900042,846.6329233854318,849.3413052166713,4075495
2013-04-09,842.2996215820312,855.8413492927393,840.6745560693272,855.8413492927393,7870333
2013-04-10,852.5914916992188,853.1331196882522,841.330102685961,843.9247165318154,6294659
2013-04-11,852.0497436523438,852.9869249390375,847.1747280729375,851.5081762744749,4389932
2013-04-12,858.5499267578125,859.633243401139,849.8831511635665,850.9664678068929,3572268
2013-04-15,869.9248046875,869.9682028061641,858.5497698695251,858.5497698695251,5268859
2013-04-16,854.75830078125,866.1182462853556,850.9665406751475,864.5083938537229,7659099
2013-04-17,855.8416137695312,862.8356830889991,853.6749196949239,861.2583792620064,5346932
2013-04-18,855.8416137695312,865.0500181276773,854.3845033671602,864.5083900679606,4465564
2013-04-19,861.7998657226562,861.7998657226562,850.4247691589019,857.4665388973476,5860166
2013-04-22,863.966552734375,869.9249456793249,858.5499090177573,862.3416081089156,4350276
2013-04-23,874.7999267578125,875.8832432608065,854.2164889176229,860.1748812138413,6161720
2013-04-24,874.2584228515625,876.4251167768604,869.9249743890572,876.4251167768604,3589249
2013-04-25,866.6749877929688,873.7166972936697,860.1749669036776,872.0916314594401,6478842
2013-04-26,874.7999267578125,875.8832432608065,863.7975939127415,865.5915243407115,4842190
2013-04-29,885.0919189453125,888.4556375699244,874.8000770334542,876.9667710235436,5548392
2013-04-30,887.7999877929688,888.8833648589782,879.2470428570516,887.7999877929688,6459631
2013-05-01,894.3001708984375,894.8417988449407,882.9250142314548,890.5084722134103,2568944
2013-05-02,887.7999877929688,897.1254919816193,884.5500384306348,893.2168125111176,4931796
2013-05-03,893.7583618164062,897.0083717251698,886.3699534268396,888.3417190430647,4348901
2013-05-07,888.341796875,894.8418172620256,880.3520571568264,894.3001893043748,5955347
2013-05-08,886.1751708984375,891.59187517201,884.0084164547204,889.9668093392221,4227078
2013-05-09,889.4251098632812,891.0501755654739,881.3000844118278,884.5500945924092,3037099
2013-05-10,891.5918579101562,893.2169237114816,885.6334651410133,888.3418475313166,4173490
2013-05-13,904.05029296875,905.4964929741024,891.8605119345317,893.7584524528721,4622106
2013-05-14,917.5921020507812,917.5921020507812,904.4414393783446,906.7586932424698,6265856
2013-05-15,914.8834838867188,920.3003081194232,908.9250923933396,915.425232983071,4260010
2013-05-16,904.5919799804688,912.1754387181256,878.8982895661586,912.1754387181256,7623707
2013-05-17,897.5499267578125,903.060941062745,893.758168535053,893.758168535053,5429359
2013-05-20,918.1337890625,918.6754170378724,901.8835557275344,904.5919380520128,4727479
2013-05-21,913.80029296875,916.5086751509406,905.1336396990628,916.5086751509406,8211248
2013-05-22,910.5502319335938,914.3419910214354,907.3002219861838,911.0919810740256,4965476
2013-05-23,898.6333618164062,912.7168379246906,895.924980045312,902.9666877935084,5381738
2013-05-24,905.67529296875,909.467052628357,891.658971379103,901.3419659227402,6387962
2013-05-28,909.467041015625,916.5087504108956,905.675281404434,907.8419752057264,5773146
2013-05-29,863.4248046875,903.8226931283858,855.2997195887692,902.4251646718922,17582030
2013-05-30,854.2164306640625,871.0081686808045,842.2996468842945,861.2581389830633,9203847
2013-05-31,849.8831787109375,865.0499758805627,848.7998620324973,850.4248673561128,11450434
2013-06-03,847.7164916992188,850.1539997046461,837.2200239921468,845.5498583245572,7591333
2013-06-04,856.3829345703125,858.0078786633594,844.8561294693727,850.9661714046812,7572362
2013-06-05,801.9200439453125,831.7211387446264,801.9200439453125,826.8445683999738,10787782
2013-06-06,801.9200439453125,815.4659244726121,798.8640251011868,801.9200439453125,11309729
2013-06-07,810.0474243164062,813.8402844955357,798.12698928758,804.629061293431,15327532
2013-06-10,805.712890625,811.6731094781969,800.1134837671987,804.0873874160338,8368089
2013-06-11,803.0037231445312,806.5852265176145,793.2506427142431,803.5455171575304,8840780
2013-06-12,810.0474243164062,819.2586475185109,801.3779949752716,801.9198494667095,9819892
2013-06-13,803.545654296875,808.0407385834841,800.2946471420985,802.4620054554479,10102687
2013-06-14,808.4220581054688,811.1312705932662,802.0554330113376,808.9639127291248,5109066
2013-06-17,806.7965087890625,816.5495875725218,806.7965087890625,811.6730178655548,4683141
2013-06-18,817.6333618164062,819.1591885762775,805.7129236218277,806.796632892508,6323858
2013-06-19,817.0914306640625,827.3863039885513,815.465866910269,826.8445100344318,8885171
2013-06-20,791.625244140625,809.5057814362631,788.3741160986234,808.4221327194175,10915643
2013-06-21,789.4577026367188,802.1908913889239,788.3739934579684,794.8761272695133,16475736
2013-06-24,777.5371704101562,795.4178239995658,776.9953765174866,791.0831090753809,8337177
2013-06-25,778.6209106445312,780.7883289926872,770.493334360861,778.6209106445312,10434244
2013-06-26,787.29052734375,790.1568945255011,777.5374456273679,779.7048644871115,9259999
2013-06-27,800.8363647460938,801.3781587177665,786.6813303008623,789.9995758554363,12748098
2013-06-28,808.4220581054688,811.6731252169222,795.4179715511025,798.6690386625561,12279191
2013-07-01,806.254638671875,816.0077786309566,803.5454263909658,812.7567723982481,6713676
2013-07-02,808.4220581054688,811.1312705932662,799.2108326557294,809.5057067222981,5231851
2013-07-03,801.9200439453125,806.254699036636,795.9598249854497,803.0036925605227,5303138
2013-07-04,814.9241333007812,817.0914911691858,801.3781920961152,805.7129078329242,5089662
2013-07-05,811.6731567382812,823.0517404940498,805.1710828933485,814.3823087008061,5836316
2013-07-08,818.1752319335938,819.603504377607,812.6008647177946,816.0079344515842,4875725
2013-07-09,821.4261474609375,824.6772752139602,814.8157878039159,821.9680627169241,6063855
2013-07-10,823.5936279296875,825.7609859642906,817.0915538258781,821.9681245613571,4749925
2013-07-11,825.2191162109375,832.3442290734398,823.0517582159591,830.6375415136265,5395257
2013-07-12,824.1353759765625,828.5611587909369,822.5098120684553,826.3027338902214,3376385
2013-07-15,827.386474609375,829.6448997614245,825.2191770850076,826.3028258471913,4104721
2013-07-16,825.7609252929688,857.035765441051,825.7609252929688,830.0955804132064,5564532
2013-07-17,818.1752319335938,826.3028096978431,818.1752319335938,824.6773669015807,11002689
2013-07-18,828.4701538085938,832.8049309080557,815.4660650321802,815.4660650321802,5896146
2013-07-19,839.3068237304688,839.8487389989183,829.5538040299992,829.5538040299992,8890425
2013-07-22,838.2230834960938,839.8810845379143,832.1414828049196,838.764938074853,3782696
2013-07-23,828.4701538085938,845.8090803149623,828.4701538085938,842.0161579317448,6139124
2013-07-24,833.3465576171875,838.2231278229477,825.7608962658021,832.8047636402548,5831670
2013-07-25,829.5536499023438,837.1393709025249,822.5096621785076,833.8883649397253,3546591
2013-07-26,824.1353759765625,835.2799258819406,821.9680786933876,831.1793043535748,3337644
2013-07-29,826.8445434570312,839.3067749931796,823.9879383562954,828.4699860155715,3599347
2013-07-30,833.8885498046875,844.2864357091314,829.5538338063418,830.6375431211715,5444470
2013-07-31,852.3109741210938,857.1875449650926,832.8048726365649,833.8885819932264,7101991
2013-08-01,856.6455688476562,885.4789373387287,853.9363566623016,856.1037142844901,4908493
2013-08-02,849.0599365234375,886.1801610929807,846.892578673965,859.3548105203288,3872780
2013-08-05,845.2671508789062,857.7295059923331,844.1835020949733,850.6855766900469,3592006
2013-08-06,846.3507080078125,850.6854845655884,840.1955011241787,847.4344173048778,6032935
2013-08-07,836.0557250976562,848.5180772460892,833.8884280454253,844.1833012501943,5183320
2013-08-08,833.8885498046875,840.3905025412333,830.6375431211715,838.2232051725468,5259434
2013-08-09,832.2630004882812,838.7650746002989,830.0956424509419,837.1395712299163,3368661
2013-08-12,821.4261474609375,832.8047914441026,818.7170562248672,832.2629368185989,4571927
2013-08-13,821.9682006835938,828.4701541285723,815.4660653471361,823.051849486008,3839601
2013-08-14,811.6731567382812,825.8497767476264,810.5895080793683,821.4261765599529,4693648
2013-08-15,801.9200439453125,817.6333429639977,800.2944800767732,813.2986272421916,6533455
2013-08-16,797.585205078125,830.4856063073885,795.4179080175777,801.9199810906531,7121519
2013-08-19,794.876220703125,800.7009308592777,793.7925113969901,797.5853120770043,3921821
2013-08-20,805.712890625,807.2712152604662,788.3740280480768,791.0832404833415,5104336
2013-08-21,801.9200439453125,806.796614289965,799.7526860844094,806.254699036636,7330028
2013-08-22,799.2109375,809.4733149741228,794.8762818335591,803.0037991021925,4394610
2013-08-23,804.62939453125,807.0676498068239,799.7528233496095,800.8365327813043,4262537
2013-08-27,801.9200439453125,807.8802629051753,796.0812072115814,807.3384082823288,4664111
2013-08-28,804.62939453125,807.338546849501,797.0436104008655,801.9201815825061,4134446
2013-08-29,809.5059204101562,816.008056349453,800.8366079260896,804.0876152652393,3914277
2013-08-30,804.62939453125,812.1825594564061,803.2010613774028,810.047759798245,6511481
2013-09-02,814.38232421875,817.6333915184075,807.8803108804073,807.8803108804073,2213549
2013-09-03,809.5059204101562,820.3427125914862,806.7968284681965,814.9243468160706,4308426
2013-09-04,798.6692504882812,811.1314857242671,797.0436861861755,810.5896915873973,5395128
2013-09-05,800.2944946289062,806.7966289603295,792.7088329235357,802.4618525292194,4908605
2013-09-06,804.0873413085938,807.8802021221876,795.3908693240512,798.6689773792422,3888281
2013-09-09,798.6692504882812,807.3386236136846,791.2806966490657,804.6294710378393,10435417
2013-09-10,798.6692504882812,807.2714450210647,796.6286704222013,802.4620519683649,5367234
2013-09-11,800.8363647460938,809.4731766602357,798.1271523658094,801.9200133199193,4850952
2013-09-12,805.171142578125,807.4068312487874,798.6691288817036,800.2945716753194,4286012
2013-09-13,803.545654296875,810.7868149739007,801.3783566140208,805.1712185047585,4645486
2013-09-16,808.4220581054688,813.377751237297,803.7427793441503,806.2547002413272,3698970
2013-09-17,810.0474243164062,819.3420750423129,808.4218608420925,808.9637153335304,6097882
2013-09-18,810.0474243164062,813.8402844955357,803.0034978191173,811.672927160252,4995903
2013-09-19,825.2191162109375,832.2629842217524,819.8310667819017,821.4261942468606,7840985
2013-09-20,821.9682006835938,831.1794277108405,819.9113112066227,820.3426365342328,12058651
2013-09-23,809.5059204101562,812.2151336131135,801.9202568289733,801.9202568289733,4891688
2013-09-24,808.9639282226562,812.7568500304092,806.2547156829711,810.0476374907239,3544397
2013-09-25,799.2109375,816.5498026877262,791.6252749261057,810.047728242329,7558970
2013-09-26,805.171142578125,808.9640041112006,797.0435648271088,802.4619297842897,5552617
2013-09-27,800.8363647460938,807.2191172953213,797.0434431615034,805.1710196718765,3857461
2013-09-30,791.625244140625,800.95566998046,788.3145163286542,793.7925415743163,6289095
2013-10-01,792.1669311523438,794.2139374207321,788.3740095796337,791.6251371823681,3698237
2013-10-02,805.171142578125,808.9640041112006,785.8438401719741,789.9996964458225,6302354
2013-10-03,801.3782348632812,808.963957492283,798.1272282024194,807.880308815491,4345867
2013-10-04,805.712890625,808.9638970429323,798.669023175986,801.3781749807691,3849229
2013-10-07,802.4619140625,806.4769862610135,797.9744697293694,802.4619140625,3225253
2013-10-08,797.0435180664062,807.5335015957643,795.959869390741,804.087446664931,8098430
2013-10-09,805.712890625,807.8802484471154,790.5413858701921,794.3342469012738,5502696
2013-10-10,808.9639282226562,810.0476374907239,796.5016354227816,807.3384249510386,5096378
2013-10-11,810.5895385742188,813.8405453037474,804.3962555565408,813.2986906386635,4157933
2013-10-14,813.2986450195312,819.5926349235908,811.6731417459439,811.6731417459439,3385216
2013-10-15,820.3424072265625,822.3006503439478,812.756746469072,817.09140109757,3849525
2013-10-16,814.9241333007812,821.426146275512,810.5894781944551,820.3424976565511,5216234
2013-10-17,814.38232421875,818.2185969710529,810.9882902326713,812.7568815146506,4000180
2013-10-18,824.1353759765625,824.6772912430823,811.673143761129,818.1751568716215,6332048
2013-10-21,830.0956420898438,834.9722128293577,824.677337944584,828.4700780896809,5063811
2013-10-22,836.59765625,837.1394502081442,821.4260915514278,826.8445161767006,6068880
2013-10-23,841.4741821289062,843.6415398953479,832.7603695518231,836.0557573975623,5390809
2013-10-24,844.1832885742188,847.976149304387,842.0159309240544,845.2669370840625,3989148
2013-10-25,847.4343872070312,849.4066968289105,840.9323741775095,841.4742288067973,3744027
2013-10-28,849.0599365234375,852.8527976023937,844.183366204504,850.6854397529213,3350256
2013-10-29,853.9365234375,856.6457361519683,848.0434825504831,853.3946687685087,3735414
2013-10-30,851.7691650390625,858.4456726107281,849.0599525185635,854.4783775595614,4150174
2013-10-31,850.143798828125,854.4785762471573,845.4568794795907,850.143798828125,6316722
2013-11-01,845.8088989257812,855.5619785741038,843.6415411561007,852.8527662043831,4912059
2013-11-04,845.8088989257812,853.9364147739834,841.6096318788102,845.8088989257812,4413081
2013-11-05,853.9365234375,855.5620874444736,842.1244918147106,849.0600133080422,5125894
2013-11-06,849.0599365234375,853.9364462118888,842.5579236055024,852.3108823519227,5280857
2013-11-07,840.390380859375,851.7690844955947,837.1394352770565,851.7690844955947,5209442
2013-11-08,838.76513671875,846.3507994654958,832.2630621251925,836.5978391513895,6333651
2013-11-11,843.099853515625,845.2671510840167,836.0559242116296,839.3069311947093,4424870
2013-11-12,846.3507080078125,846.3507080078125,835.8315613028979,841.4742586929603,4437285
2013-11-13,841.4741821289062,849.7534560562542,836.0557573975623,842.0159760976568,6434428
2013-11-14,846.892578125,849.2549842343827,839.4423044692935,847.9762267337927,5918524
2013-11-15,838.76513671875,846.8861667099369,837.6814879350698,844.1835018981353,4539596
2013-11-18,839.3068237304688,844.725248849153,830.0955980374803,836.5977324320951,4491378
2013-11-19,844.7252197265625,850.14358402796,838.7650008058806,839.8487100444494,4279072
2013-11-20,832.2630004882812,847.1646404497092,832.2630004882812,841.4742873045949,6457194
2013-11-21,838.2230834960938,842.55785949569,816.5496279114564,834.4301620752568,5920972
2013-11-22,845.2671508789062,850.8329087856637,832.8049170264635,840.390579774978,5683667
2013-11-25,850.143798828125,851.7693630966987,843.2213117756315,845.2672272833989,4889343
2013-11-26,839.8486938476562,853.3945740246716,836.4892801555555,851.76913145913,8868591
2013-11-27,840.390380859375,849.0598722312794,837.2206801171375,842.0159445962507,4211903
2013-11-28,840.9324340820312,843.0326135428069,836.0558633320201,842.5579980856934,3825708
2013-11-29,839.8486938476562,844.725203435724,836.0557722162955,840.3904271955288,4509256
2013-12-02,836.0557250976562,842.926310188625,834.4301613627666,840.390379832596,5462536
2013-12-03,827.9282836914062,838.2231578177683,826.3027198109967,834.9721513179153,4496026
2013-12-04,811.2726440429688,820.2904533158639,809.1049084263362,812.35648153076,5478277
2013-12-05,808.56298828125,811.6791500323349,804.7695266177775,809.1049373650542,4312821
2013-12-06,813.4403076171875,815.0660940254114,807.4790503596699,809.6467251432721,4611191
2013-12-09,813.4403076171875,816.1499920582572,807.5463012782348,814.5241450089886,4084764
2013-12-10,811.2726440429688,818.3177393162368,809.6467968497068,810.1888065551775,4130355
2013-12-11,808.56298828125,816.6920426151559,805.3114150605295,811.8146221430228,4804845
2013-12-12,812.898681640625,819.9437785640587,805.8535240761272,807.4793110091454,6238719
2013-12-13,819.9436645507812,820.4855530257281,804.7695744311517,810.7308327840142,5842696
2013-12-16,835.1178588867188,835.1178588867188,818.8599291472746,821.0276045996831,6227551
2013-12-17,830.2402954101562,835.1177159459025,828.0726203287724,831.3241935919012,5362831
2013-12-18,834.5758056640625,836.7436629269325,830.7824041401362,834.5758056640625,5401091
2013-12-19,853.5433349609375,853.5433349609375,837.4208809414599,839.9950935106273,7303008
2013-12-20,853.0015258789062,853.9639600717289,839.995171640937,848.1241051390081,9137754
2013-12-23,854.6273193359375,855.7111568536599,844.8724784711768,852.4594623773373,3531633
2013-12-24,852.4595947265625,854.0854422171459,847.0403456555291,847.0403456555291,727059
2013-12-27,856.7948608398438,861.6722805120779,850.7294831491955,853.5432275113402,3509895
2013-12-30,852.4595947265625,864.3821124778071,847.0403456555291,860.0467010927682,3482202
2013-12-31,854.0853881835938,858.2853878133649,851.3757031784436,854.0853881835938,1074204
2014-01-02,854.0853881835938,858.9628090646524,848.1241296851093,854.0853881835938,2146883
2014-01-03,856.7948608398438,860.5884431632716,849.749766469997,851.3754921726853,3076627
2014-01-06,851.3756713867188,861.6724618935792,850.2918338097653,855.7112036176976,4207883
2014-01-07,848.666015625,854.0852635624533,847.5820568836222,852.4594164119592,3384751
2014-01-08,838.9111938476562,848.666034402259,833.4918245081992,847.040187215792,7925643
2014-01-09,839.9951782226562,845.9564365953211,836.2015950390913,839.9951782226562,4413630
2014-01-10,847.040283203125,848.3420041258674,841.0790247670271,845.956445597042,4769338
2014-01-13,842.1627807617188,847.7718353970497,839.4530960475136,847.5820895490784,3963195
2014-01-14,845.9563598632812,850.8337195579417,836.2015191918593,837.8273663977967,5146189
2014-01-15,848.666015625,850.7524315386139,836.7435003676671,845.9563310152249,4846856
2014-01-16,845.9563598632812,854.0852926877152,843.7886242297486,848.1240348557633,3550128
2014-01-17,854.0853881835938,860.5886564523769,848.7874215700419,850.291865561018,6276024
2014-01-20,859.504638671875,873.642615088329,854.0853296738856,854.6273394070537,3169886
2014-01-21,858.4207763671875,868.7175669835342,855.9138751246609,861.1305219410216,5261293
2014-01-22,864.9241333007812,866.6171104676285,858.420864537724,858.420864537724,5576607
2014-01-23,864.3821411132812,877.3885576224613,860.5887394071625,866.0079886577262,5720849
2014-01-24,856.2532348632812,863.8403417313026,854.6275085472937,863.2983318908648,8404193
2014-01-27,849.75,867.0918268341128,849.75,856.7950963059943,7105885
2014-01-28,848.1242065429688,855.2018069069799,843.7887950393294,850.2919426153197,5724537
2014-01-29,842.7048950195312,856.2531383481958,839.4532001898199,849.7499912530061,8164389
2014-01-30,847.5821533203125,850.2918382383917,839.9951689600126,842.1628441252095,5099750
2014-01-31,855.169189453125,860.1148309627557,843.2466738083474,855.7111385209014,7206041
2014-02-03,858.4207763671875,862.7563086442663,851.9176901952642,854.08536537222,7380709
2014-02-04,848.1242065429688,861.130622977075,847.5822573646153,856.2532016540194,6811738
2014-02-05,844.3305053710938,851.9176103435093,842.7047794612869,848.1240275367765,5504745
2014-02-06,854.6273193359375,856.7949943713824,844.053096580086,848.6660613858347,5112114
2014-02-07,858.4207763671875,862.4863953053576,853.6648196509592,855.7112127165204,4468961
2014-02-10,867.6336669921875,867.6336669921875,856.9683614474496,860.046561854307,4583469
2014-02-11,881.7239990234375,881.7239990234375,868.7175838626544,871.4272082070248,6158371
2014-02-12,877.3884887695312,887.6852798453904,870.5330171170134,883.891696513783,7621092
2014-02-13,878.4721069335938,881.7238009549214,873.5948084657754,877.3882695675278,4445060
2014-02-14,880.64013671875,883.3497611737217,876.846613968942,882.2658628788855,4356209
2014-02-17,888.7689819335938,891.4786665740351,876.8464665413309,879.014202125474,3524618
2014-02-18,894.1884155273438,896.8981613712606,883.3497959980468,888.2271565939119,5876504
2014-02-19,901.2333984375,906.2593286622692,892.6709428172393,896.3559781442034,6282446
2014-02-20,906.1107788085938,907.3464615128876,891.4786995172815,896.8980083573772,5596670
2014-02-21,903.4010620117188,913.155902475222,900.6914986493941,911.5301765860372,8366504
2014-02-24,910.4462280273438,910.4462280273438,898.0630232525618,904.484970652744,6582416
2014-02-25,906.6528930664062,913.1560401679376,901.58584750962,910.4464157559856,13156118
2014-02-26,899.6077880859375,903.4011894565454,893.1045197654719,902.8593616051126,4892844
2014-02-27,904.4852294921876,906.6529655797578,892.6840540986219,901.2335950403004,6570934
2014-02-28,904.4852294921876,908.4402396365726,900.1496966759837,904.4852294921876,6301177
2014-03-03,895.8141479492188,905.1212762685566,892.5625746363689,894.7303103919535,6964124
2014-03-04,907.1947631835938,908.6309253402992,899.1470278469154,901.7754538284316,5263977
2014-03-05,905.5690307617188,909.9044418309549,902.317336017414,907.7367059758084,4269917
2014-03-06,900.1495971679688,905.5690277493924,896.8980843576502,905.027017986088,4220896
2014-03-07,890.9365234375,903.40086388875,888.7687883255729,899.6074638852085,6825107
2014-03-10,893.6464233398438,897.9818339698411,884.4053336400788,890.9367386351761,4774779
2014-03-11,905.5690307617188,905.5690307617188,891.4787780237953,895.8141890930315,6406568
2014-03-12,902.859375,906.6528977090044,897.4399442251703,902.859375,6154103
2014-03-13,890.9365234375,899.0654543059318,888.5736454719017,899.0654543059318,6888841
2014-03-14,893.6464233398438,896.8979964726044,888.2269932894579,892.5625252015565,6319824
2014-03-17,895.272216796875,897.4398919548593,888.2270602897329,893.6464907489144,5033310
2014-03-18,897.9819946289062,900.691679818367,889.8529997015855,893.1045734160892,5580439
2014-03-19,899.6077880859375,899.6077880859375,890.7504339017199,895.2722556586078,5377343
2014-03-20,886.601318359375,894.1883025585187,883.4038975008851,892.0206274393657,7404097
2014-03-21,891.478759765625,893.1044858223678,884.4335425793696,885.5175014463276,9123794
2014-03-24,882.2657470703125,892.5625369554346,880.6400211235741,892.5625369554346,5225315
2014-03-25,887.143310546875,888.227148233178,875.7628025969792,880.0982139832524,5533733
2014-03-26,884.9755249023438,890.3947732996572,881.7239516075341,888.2270375560996,5004691
2014-03-27,887.685302734375,889.1462671511035,878.1472523353218,882.8078816401571,5112777
2014-03-28,899.6077880859375,900.062899224718,886.0280115256335,890.9368445133937,4906345
2014-03-31,890.9365234375,908.2782830508452,888.7687883255729,903.40086388875,7305984
2014-04-01,897.9819946289062,897.9819946289062,888.9967479140288,894.1884111072367,8247446
2014-04-02,892.5626831054688,900.2461481390066,890.9368962514693,896.8981551435082,4688096
2014-04-03,886.601318359375,896.3560383187258,883.8916334988527,892.0206274393657,3730442
2014-04-04,889.31103515625,893.1045579712551,884.9756238255729,890.9368826264468,5763473
2014-04-07,885.5175170898438,889.8529281468766,881.9786263107981,883.3497205997426,6265892
2014-04-08,884.9755249023438,888.2270375560996,879.5562158639765,883.891626710038,5475115
2014-04-09,884.9755249023438,888.2270375560996,880.6400534152285,883.3496776138853,6224074
2014-04-10,887.143310546875,888.227148233178,880.7755746365286,885.5175843379511,5689091
2014-04-11,877.3884887695312,885.5175439306398,876.8466002716374,885.5175439306398,6838621
2014-04-14,881.7239990234375,883.3497251172142,873.8290791877519,876.3045684115259,4961973
2014-04-15,893.1045532226562,900.1496496584758,883.4581372329891,886.0594567868367,29833423
2014-04-16,898.5238037109375,902.6283539557616,894.1882716990933,897.9818546293255,4805018
2014-04-17,893.1045532226562,899.6078217867453,892.5626647098657,896.8981366585515,4609505
2014-04-22,900.6917724609375,903.9433465098888,894.1885030808995,896.356239327223,5384688
2014-04-23,892.0206909179688,902.127675479712,892.0206909179688,898.5238986613758,5627030
2014-04-24,885.5175170898438,896.5273860377514,881.1819847506979,896.356075052954,6632535
2014-04-25,892.5626831054688,893.1045716294277,883.8917390293899,886.0594750484096,3689423
2014-04-28,899.0656127929688,900.691459894295,890.2321528117677,895.8140398724097,8840552
2014-04-29,910.4462280273438,910.5328840819122,900.6914487453664,905.0268590387652,4765365
2014-04-30,910.98828125,915.3236923278596,908.2785962654132,911.5302910161856,6252277
2014-05-01,906.6528930664062,915.5654913408688,906.6528930664062,910.9883042537408,2753501
2014-05-02,908.8206787109376,916.4077245052566,905.9592695732651,910.4464655752828,5246298
2014-05-06,910.4462280273438,911.853100291857,907.1945945059874,910.4462280273438,6234807
2014-05-07,915.3236083984376,917.4914653412304,909.5249897913784,911.5302074345948,5943488
2014-05-08,916.4075317382812,920.7430028919404,913.8192504869808,915.8655826838116,5308848
2014-05-09,926.7041625976562,927.2459903127464,909.362219175345,914.2396388678376,5071545
2014-05-12,922.9107055664062,931.5816481343354,920.1338305694092,927.24611620932,5488242
2014-05-13,922.9107055664062,926.7042884206634,914.7817727102862,926.1622787088544,5116213
2014-05-14,933.2073974609376,933.2073974609376,920.2010439240124,923.4527384300852,4560560
2014-05-15,935.9170532226562,938.6267985603656,922.9107000890052,932.1235310319644,6598768
2014-05-16,950.0072631835938,950.0072631835938,921.679343484312,927.7880800731082,9782316
2014-05-19,964.097412109375,965.1812494419164,947.2974786471756,950.0071629400908,11392837
2014-05-20,958.136474609375,968.9750941124228,952.7171648578512,968.9750941124228,13731486
2014-05-21,956.5106201171876,963.5557157852868,947.8396165236546,959.2201836679938,8056794
2014-05-22,954.884765625,961.9298612399206,949.465456641134,958.6782879778116,10402583
2014-05-23,954.2994995117188,956.5106543231911,945.6719752449876,954.3429185075504,4405667
2014-05-27,964.097412109375,969.3812479677264,959.219992510336,960.84583947071,6299807
2014-05-28,967.3491821289062,970.600755227198,956.5105647072336,962.4718224814684,5798441
2014-05-29,961.3881225585938,967.8901785567704,957.5945996148145,961.3881225585938,9932212
2014-05-30,964.6397094726562,967.0025885032792,957.594612664221,960.3042979357302,8342150
2014-06-02,971.1427001953124,973.2215967907268,964.8162010088648,968.9749644565494,3804339
2014-06-03,951.09130859375,970.802503560303,947.8397349010024,968.9750851859844,10037068
2014-06-04,900.4091796875,922.092789420368,897.1567292153858,919.3823230391235,14970099
2014-06-05,901.4935913085938,907.7699322569706,898.7831849821579,900.9515464384413,9494647
2014-06-06,919.9246215820312,922.296795761274,901.4935797688328,904.2040467191304,9483287
2014-06-09,909.6248168945312,923.7181646567152,907.9986217221478,922.6349848591376,5094709
2014-06-10,900.9515991210938,909.0829398929924,900.4094329021232,903.6619449474582,7758207
2014-06-11,900.9515991210938,935.645323791765,899.3252824398652,905.2882616286868,13888704
2014-06-12,909.0829467773438,935.2756169446614,901.032888416336,902.577801320289,7943558
2014-06-13,905.2882080078124,916.1300152810296,903.6618914229118,908.5407198604988,7375788
2014-06-16,910.1670532226562,912.8775202555624,904.231188652808,906.9145413100158,8646800
2014-06-17,909.6248168945312,912.8774498735138,907.9986217221478,908.540666560091,5057994
2014-06-18,913.4194946289062,916.2828210084896,906.9144713057448,912.877449791012,5038497
2014-06-19,915.5878295898438,918.8404626903558,911.3054568392944,916.129995765152,4819429
2014-06-20,914.503662109375,918.2982793385496,912.8774669066488,914.503662109375,8801616
2014-06-23,915.5878295898438,921.0088240988076,914.503679214896,918.2982965150476,5097589
2014-06-24,914.503662109375,921.00880687161,909.4958737789092,919.3824903517736,4948173
2014-06-25,910.1670532226562,911.793369837535,907.4565861897502,911.2512036406836,4834651
2014-06-26,912.3353271484376,915.0458547599524,907.998664945684,913.4195381930434,7113378
2014-06-27,907.4564819335938,912.877415376604,905.2881206881,912.877415376604,5644018
2014-06-30,910.7091064453124,916.1299795411644,906.3723230466538,906.3723230466538,6119861
2014-07-01,927.5138549804688,927.5138549804688,911.2512342130982,913.9617013369402,6282094
2014-07-02,929.1400756835938,936.187204555735,925.8875639977678,927.5137591821264,5964083
2014-07-03,925.345458984375,936.7293712078672,922.634992139057,932.9347540195548,6085567
2014-07-04,922.0929565429688,925.3454682631208,915.0458275964542,923.1771068968344,4213352
2014-07-07,921.0088500976562,930.2242801912424,919.3825335014916,923.1771509087602,3908618
2014-07-08,921.5507202148438,925.345397810849,919.3824196721984,921.008736067008,5242302
2014-07-09,915.5878295898438,929.0967933481804,913.9616343567,928.055953182359,6355120
2014-07-10,918.2984008789062,922.0930792688762,913.9617382277006,914.5037831474992,4350301
2014-07-11,922.6350708007812,924.803492988754,911.2512182652824,921.5508597067948,3645539
2014-07-14,924.8035278320312,929.6823566216672,922.1472287492528,928.59808482827,3394505
2014-07-15,925.8875732421876,931.3084463255398,922.635000865332,925.8875732421876,4766800
2014-07-16,930.7664794921876,934.0731595772452,924.8035004031348,929.6823290480688,3617246
2014-07-17,930.2241821289062,951.7494757202226,918.2982256322554,926.9717312551172,5121090
2014-07-18,936.7294311523438,940.5239879249284,926.4296686127294,931.3084971148038,6602778
2014-07-21,939.4396362304688,943.7764192064682,935.6451406844355,938.3554859803808,2978262
2014-07-22,942.150146484375,945.9448241818272,939.9818458837624,943.2343574432332,3503321
2014-07-23,946.487060546875,946.487060546875,936.7295238937924,944.3186988488908,3283355
2014-07-24,945.9448852539062,949.197397023366,942.1502073114622,947.57108048008,3653100
2014-07-25,944.3184814453124,948.1130983785368,940.5238645120884,944.860647568195,3616155
2014-07-28,952.9921264648438,953.5341713845096,936.1873388082508,945.9449965821196,4331974
2014-07-29,953.533935546875,960.0390189010304,948.6552291837176,959.4969134568804,3920666
2014-07-30,937.2715454101562,955.1604834777148,936.7295004931244,952.9921218338992,4008069
2014-07-31,927.5138549804688,940.6650555381366,922.662201324434,934.019000341114,6785694
2014-08-01,910.7091064453124,928.0559367471714,907.998639568109,926.4296202257162,6562669
2014-08-04,915.5878295898438,924.2612752236512,906.1088989882676,910.7091225733004,5327993
2014-08-05,921.5507202148438,923.8319063197858,913.9615469984844,917.7562245944896,4980818
2014-08-06,917.214111328125,928.597962796517,917.214111328125,919.9245781504555,14569016
2014-08-07,918.8405151367188,922.093027105768,909.0829185710112,913.961686524585,5495381
2014-08-08,917.214111328125,923.1770898104096,910.5550759398732,913.9615996681712,5275828
2014-08-11,925.8875732421876,927.5137684427826,919.0572986337568,922.0929560179854,4152655
2014-08-12,922.6350708007812,926.4296883126142,914.0701428462232,923.7193425533272,3553263
2014-08-13,933.4769287109376,934.5611399337566,924.2614366098086,934.5611399337566,4716435
2014-08-14,943.7765502929688,947.0290621535416,930.2242760039472,935.1031044533642,4724080
2014-08-15,948.6553955078124,956.1469701427872,946.4869733510316,947.5711237708632,5359051
2014-08-18,950.8236694335938,961.123309778337,946.4868861780154,955.1603313720656,4575123
2014-08-19,955.702392578125,956.78660350642,945.3376660861376,956.78660350642,3697502
2014-08-20,961.6654052734376,965.459961683208,955.7565950165132,957.8707882051144,5295209
2014-08-21,962.2074584960938,968.7126030393524,957.3286304179262,964.9179252793596,5567841
2014-08-22,959.4970092773438,966.544259437973,956.7866637615688,964.9179429431103,4064665
2014-08-26,967.0863037109376,967.0863037109376,954.2453124183652,963.833792040227,4574256
2014-08-27,963.291748046875,968.1705768302204,956.271732690898,965.4601096551884,7030127
2014-08-28,971.965087890625,975.217599617131,962.8309406822616,964.3758534230744,4690835
2014-08-29,974.675537109375,977.3858824522734,969.7967092530868,974.675537109375,5394569
2014-09-01,978.4700927734376,980.6385754199148,973.0492804378448,973.0492804378448,2785447
2014-09-02,978.4700927734376,982.2647705937494,966.002090952756,981.1805595997878,6680710
2014-09-03,986.6015625,989.3390224067056,978.5243906978968,979.5543729535608,4557033
2014-09-04,987.685791015625,988.2278359016713,981.722812000644,984.9753239511576,4886378
2014-09-05,993.1065063476562,993.1065063476562,984.487350524821,988.7698443921626,3671236
2014-09-08,991.4804077148438,992.0224526004548,984.4331569577498,988.227835108382,4216822
2014-09-09,986.059326171875,991.480259486015,982.8068147102312,986.6014922935492,4511398
2014-09-10,978.4700927734376,983.252413169764,973.5913859348258,980.6385754199148,7478172
2014-09-11,979.5542602539062,980.0963050346886,970.338710419488,978.4699887166988,6552023
2014-09-12,973.0492553710938,983.4681503111428,970.8808940975836,979.5543391916244,5796277
2014-09-15,970.8809814453124,974.133493318922,966.544319166686,970.3388759135248,4580583
2014-09-16,961.6654052734376,974.675572929304,958.4128330301946,974.675572929304,6903361
2014-09-17,958.412841796875,964.6772325458156,957.675597743128,963.8337753656814,4285918
2014-09-18,963.291748046875,963.8339142721557,956.7867845390584,963.291748046875,6726919
2014-09-19,961.1233520507812,971.452290930974,960.9791060051087,970.3388424808636,12739732
2014-09-22,967.0863037109376,968.170454048323,959.090535744015,962.2074755463176,4480025
2014-09-23,955.1602783203124,964.1589741764042,947.0289390671616,963.2915569149136,9279801
2014-09-24,956.24462890625,963.2917587174092,951.365800068861,955.7025839920886,6396339
2014-09-25,951.36572265625,961.4648265573632,949.1974218589144,958.412912552542,4516763
2014-09-26,952.9921264648438,955.4846474802858,949.1975087343671,951.9079759669488,3472539
2014-09-29,961.1233520507812,963.2916527861076,950.8237112530358,955.1603733822444,5525858
2014-09-30,962.7496948242188,969.2546578660084,959.4970616569304,966.5443122022735,6427556
2014-10-01,960.5813598632812,968.1163660768448,956.027721830338,963.8338718031564,5586752
2014-10-02,942.6925048828124,962.2076388782672,942.6925048828124,962.2076388782672,8643994
2014-10-03,959.4970092773438,974.675599278069,949.197368761206,972.5071166263648,7558286
2014-10-06,955.1602783203124,962.7495727728566,953.5339619428426,960.5812115947796,5135899
2014-10-07,949.1974487304688,957.7558861712586,945.6174412224742,954.6183828529456,5745941
2014-10-08,950.8236694335938,956.7594728080657,947.5710364979952,948.1131419872617,6450285
2014-10-09,949.7395629882812,959.8321161434986,947.0290959021744,958.9550540273492,7452621
2014-10-10,943.7765502929688,954.6183575924746,943.7765502929688,948.1132125542134,6686745
2014-10-13,945.4026489257812,951.3656271663352,937.8134755797278,941.6081532405816,14997156
2014-10-14,952.9921264648438,954.6184431995306,938.3557004626036,940.5240621169564,8900231
2014-10-15,942.6925048828124,957.8709761340352,936.7295253686086,957.8709761340352,11100728
2014-10-16,937.2715454101562,951.9079713412724,925.6502746593112,949.7396096974568,13157844
2014-10-17,946.487060546875,948.113316655722,931.8506949086868,936.7295238937924,8782286
2014-10-20,945.9448852539062,950.769424159086,934.606587977752,948.6553521674932,6125551
2014-10-21,951.9077758789062,951.9077758789062,938.8976693460368,947.0289480174864,7366754
2014-10-22,959.4970092773438,963.291626448248,943.039312345614,950.281519099227,9106522
2014-10-23,969.2545166015624,969.7966827089832,956.244410438475,962.2073884004212,5694334
2014-10-24,966.001953125,971.9649307653384,961.6652917435636,971.9649307653384,5917882
2014-10-27,969.2545166015624,974.675510431734,964.9178549862324,974.675510431734,4016539
2014-10-28,975.7598266601562,976.8439770837796,970.3388925663633,974.133510036883,8750355
2014-10-29,979.0123291015624,980.9637755817485,972.5071839886316,979.0123291015624,4708617
2014-10-30,990.938232421875,994.1907441408443,973.5914021564472,980.638591758954,6937587
2014-10-31,1003.9483032226562,1005.0324535364596,995.2748580780192,1000.1536861365156,8030659
2014-11-03,991.4804077148438,1002.864260191062,986.60163979299,1002.3220939883328,5874567
2014-11-04,988.7698974609376,997.9853880164816,983.3489635731524,988.7698974609376,10339442
2014-11-05,1002.8640747070312,1003.13509709971,992.0222691216624,993.6485854533788,5356967
2014-11-06,994.190673828125,1002.996354317242,988.7698011270412,1002.8641186766991,8486591
2014-11-07,996.3590698242188,1000.424770233403,990.3960910842602,997.9853863830264,4694638
2014-11-10,1007.7429809570312,1008.8813600855284,994.6244762753128,998.5275510887165,4665496
2014-11-11,1019.126708984375,1021.0239870816604,1008.2849032193556,1013.1637309782516,12070819
2014-11-12,1015.8743286132812,1019.6690066143937,1012.4244338494578,1019.6690066143937,6158346
2014-11-13,1020.7531127929688,1022.3793687290496,1011.5376827080296,1019.669023046992,9592965
2014-11-14,1019.126708984375,1022.3846796540212,1013.7058364311398,1020.7529646844908,5240038
2014-11-17,1019.126708984375,1021.8371755902672,1010.4533856894576,1012.6216861839124,5150779
2014-11-18,1035.931640625,1035.931640625,1020.8344526292622,1022.921592405215,5727520
2014-11-19,1041.352294921875,1046.2310616924574,1034.9013799831969,1042.4365057543678,7557604
2014-11-20,1014.932861328125,1028.1237664358027,1013.8484978385828,1024.6918293985757,7783215
2014-11-21,1010.0535888671876,1017.1017105688936,1008.9692857850404,1016.5596500284704,8731776
2014-11-24,1019.8123168945312,1021.4386800338112,1014.3905604265246,1021.4386800338112,6314210
2014-11-25,1021.4386596679688,1028.4868398018082,1018.1856907859388,1020.3544175967336,7834454
2014-11-26,1016.0173950195312,1026.860668376348,1016.0173950195312,1026.860668376348,6014724
2014-11-27,1016.0173950195312,1017.1016980883732,1006.800606599527,1009.5113946051814,7074300
2014-11-28,1008.4270629882812,1023.06560988714,1005.6295816083816,1018.1860335870856,11996314
2014-12-01,1008.4270629882812,1014.9331242769528,1004.3717099278896,1006.258456781526,7786336
2014-12-02,1013.3064575195312,1013.848639339974,1006.8005183425968,1013.848639339974,8560102
2014-12-03,1007.8848876953124,1015.9089607647865,1006.8005846501096,1015.4751910130268,7926801
2014-12-04,1005.7161865234376,1010.5219302489072,1001.3787927513936,1009.5112771564046,8861207
2014-12-05,1008.4270629882812,1012.764457403096,1004.0095879996144,1011.6801542997184,6178176
2014-12-08,1005.1740112304688,1012.7643750049688,999.7524354875766,1008.4269809430426,4990257
2014-12-09,986.1982421875,1008.4269694144584,984.6259937334293,1003.0053937335468,8470386
2014-12-10,983.4873657226562,994.2222260133666,983.4873657226562,989.9933655555784,6072091
2014-12-11,976.4393310546876,989.993453071141,975.897209854341,984.57175573088,15327951
2014-12-12,956.92138671875,974.3790714040496,956.92138671875,973.72847747377,7335091
2014-12-15,933.066162109375,961.2315298999828,932.9912989098954,954.210526597084,10369087
2014-12-16,950.9576416015624,952.5840658850558,932.551061464866,939.57206494611,13379622
2014-12-17,961.2584838867188,966.13793747307,944.9935779317968,949.873031518148,11729788
2014-12-18,985.6560668945312,985.6560668945312,962.8851590830578,975.8970977371724,10461243
2014-12-19,988.9089965820312,993.2462688474076,979.1500278175268,991.0776630482644,18880938
2014-12-22,993.7885131835938,1000.6197488647464,990.4270710544904,993.8969252736296,8989883
2014-12-23,994.3307495117188,1000.6198648043076,990.5355372485488,996.2825920281508,6631395
2014-12-24,996.28271484375,1000.1862183565228,992.812859794824,1000.1862183565228,1506828
2014-12-29,1000.07763671875,1011.8968000379984,991.6361138768608,1011.7884486075076,5707275
2014-12-30,986.7406005859376,1004.306699563318,985.981473127359,999.101886804281,5115966
2014-12-31,995.5234375,998.2343466619958,987.065655716374,990.643983009694,1563091
2015-01-02,984.8971557617188,1000.5115331460396,979.9092279676412,1000.5115331460396,4386804
2015-01-05,986.415283203125,1011.4741344147088,984.1382040698968,985.8731012823688,11465215
2015-01-06,972.4273681640624,989.0176360605168,971.99359839744,988.0417450862664,19587785
2015-01-07,994.873046875,1003.113944973786,975.24663199891,976.330935152075,11158423
2015-01-08,1011.0294189453124,1013.3064977476394,998.0174794077774,1003.76441279792,10170239
2015-01-09,1000.2944946289062,1016.0172817098012,995.5233917902132,1008.6438032624338,6994706
2015-01-12,998.234375,1007.7764600522106,990.5355383624054,1001.0536356745756,3582080
2015-01-13,1009.5113525390624,1016.9932436037312,996.3909401503334,998.4512554296088,6609752
2015-01-14,981.3185424804688,993.4630614300812,966.021943828459,989.3425530599516,12321474
2015-01-15,987.7164306640624,991.9452917375944,967.5478949791664,987.391133658406,10026518
2015-01-16,994.22216796875,995.7402405745132,980.197453320734,985.6560354562152,6223556
2015-01-19,999.1016235351562,1003.7642531669522,990.1017218586794,995.0896484105036,4454499
2015-01-20,1005.4993286132812,1005.932977001468,997.4753167544776,1001.4872316832384,5855501
2015-01-21,1011.4632568359376,1013.7403357916888,1003.0054743331888,1007.5596322446916,6389954
2015-01-22,1013.8486938476562,1021.8727061529696,1002.4631783417116,1013.1980392278874,7361387
2015-01-23,1015.9089965820312,1021.3306333333888,1006.2584382709606,1019.8126211500048,7813486
2015-01-26,1010.3789672851562,1013.9572342635716,1005.4994516474884,1012.2222764959693,6313952
2015-01-27,1018.1859130859376,1019.7040464517794,999.9691620351545,1013.523343559412,7657180
2015-01-28,1031.6318359375,1031.6318359375,1011.271349417226,1024.5836532166263,8867531
2015-01-29,1027.402587890625,1034.4507687893365,1020.5713524970332,1030.4388542888992,8175782
2015-01-30,1014.3909301757812,1031.1980840841688,1014.3909301757812,1031.1980840841688,8662610
2015-02-02,1012.7642822265624,1021.547299645908,1004.6318586901316,1019.2702210557072,7611777
2015-02-03,1008.4270629882812,1018.6198033621178,1007.4511719951108,1013.1981058439254,8748129
2015-02-04,1001.0536499023438,1009.7282562547992,994.7645345132968,1008.1017713554072,12146341
2015-02-05,994.3307495117188,999.969210187432,987.9332221165324,997.8006041329024,9055917
2015-02-06,985.9814453125,996.2826584270924,984.3550209967556,996.2826584270924,7509966
2015-02-09,965.1622924804688,981.5172315242714,960.3911893917924,981.31872878654,12951729
2015-02-10,967.005615234375,967.7646819488356,958.6562453778896,962.77675458874,9707052
2015-02-11,974.4876098632812,979.8007740938148,972.4274157059526,972.8610641595756,9057707
2015-02-12,970.0416259765624,976.3306796867,967.6561353969424,971.2344015999169,6097667
2015-02-13,965.2708740234376,973.593066363438,956.3793208886234,972.535881364992,11476686
2015-02-16,953.7767944335938,963.0891337446348,948.5721031858754,962.3430497385684,7411766
2015-02-17,956.8128662109376,956.8128662109376,947.2729659468748,953.12612701191,5516485
2015-02-18,947.7044067382812,962.6682480172166,941.415352771482,960.716466372304,8426343
2015-02-19,966.24658203125,969.9333213967676,947.2566892763452,947.7044731048278,12124710
2015-02-20,974.8128662109376,983.201123696198,965.9983010358528,966.5719084369184,12547523
2015-02-23,973.1864013671876,975.8972501492492,964.29490957602,974.704474258458,9661695
2015-02-24,983.1621704101562,984.3278280038012,972.8686021325182,974.2706187344302,11026443
2015-02-25,978.2825927734376,987.174083214995,975.1379746899802,985.6560712212404,5970721
2015-02-26,965.379150390625,979.1500954349086,964.8369079027584,979.1500954349086,5767252
2015-02-27,961.3671875,967.9978591511014,959.7406418108834,966.0298183411747,7503274
2015-03-02,960.6080932617188,971.343014756496,955.4574567193074,969.2826994724344,7826345
2015-03-03,959.090087890625,969.1742948107408,956.3792391340316,961.6925245371112,8161099
2015-03-04,945.535888671875,961.1502656164666,940.0058398098616,959.9574897571948,9637971
2015-03-05,954.2105102539062,955.620170929202,947.3792737519414,954.2105102539062,9744211
2015-03-06,938.48779296875,957.775866707416,937.1866049651552,955.9456009073205,6155066
2015-03-09,942.1743774414062,945.1021106339656,933.7329155929332,935.5600264025294,6170285
2015-03-10,923.4155883789062,947.7045101669572,923.4155883789062,943.367237371718,8828341
2015-03-11,925.3672485351562,936.4274663347434,922.8732849921624,926.6684970217084,7510612
2015-03-12,927.6444702148438,931.4396828294188,923.4156698168296,926.451754974546,11319125
2015-03-13,922.4396362304688,927.1022663596812,913.6564971185338,927.1022663596812,8699836
2015-03-16,922.9817504882812,924.2829382974954,918.752890108335,922.764865631048,12726040
2015-03-17,937.0779418945312,937.4922374499262,918.4274831851812,921.6804525335884,10091994
2015-03-18,955.2948608398438,955.2948608398438,937.8804921030594,940.6563757738054,10164966
2015-03-19,963.21044921875,968.014130836553,958.3223189982268,964.6201099463397,9983686
2015-03-20,964.1863403320312,968.7404975965524,961.367019231205,965.0537584138788,12132320
2015-03-23,967.005615234375,968.3068031253396,936.654109401754,963.6441727379852,6876590
2015-03-24,967.1141357421876,971.4514089758784,963.1022201848044,968.6322693412797,7723615
2015-03-25,970.0416259765624,972.860825570544,929.74897260151,969.8247411358376,5144359
2015-03-26,956.487548828125,973.5115232358128,953.9545157774672,966.571814695954,19975245
2015-03-27,955.8370971679688,963.969582594115,951.7165877339186,957.355109344924,7389761
2015-03-30,958.9816284179688,965.3792166074584,955.9129045820882,965.3792166074584,5716179
2015-03-31,937.6201782226562,968.6320415877332,937.6201782226562,958.9814850276572,10226301
2015-04-01,952.583984375,955.728602566537,936.4274876921088,939.0299240574744,7709856
2015-04-02,950.8490600585938,961.3670353140056,948.5719813882396,961.3670353140056,5323412
2015-04-07,968.6322021484376,971.5598143610888,957.4505277356438,964.511692761545,5957179
2015-04-08,963.1021728515624,973.212405827436,959.8490815851898,967.1140882117736,4916556
2015-04-09,981.3185424804688,981.3185424804688,965.5014202446,969.8246780106804,7746299
2015-04-10,984.0296020507812,987.716341560367,977.9573716039498,987.282571813888,6717794
2015-04-13,978.8248291015624,985.7645386531608,978.39118067185,983.8127567168552,1800292
2015-04-14,982.186279296875,986.1983159747608,975.3549818003534,975.8972243429492,4379853
2015-04-15,974.3789672851562,979.3668939957043,968.0897921860004,979.3668939957043,4952281
2015-04-16,974.8128662109376,986.9356081792648,974.3790964681964,981.1018601426208,14649873
2015-04-17,962.4512939453124,982.4029393257,960.716397274755,975.8970009772512,6848652
2015-04-20,970.3670043945312,971.3430166543218,961.068922408919,965.5959618692513,3905962
2015-04-21,972.5358276367188,980.0176588036848,966.0298268244276,975.8972704898011,4296502
2015-04-22,958.3311767578124,973.896657827202,952.6925937985176,971.7768277618534,6524606
2015-04-23,963.7526245117188,968.3067820308833,958.4393396275344,959.306879092074,4906649
2015-04-24,982.5114135742188,983.8126013262367,965.2706151928896,967.3308089112212,4280219
2015-04-27,976.9814453125,983.1761624047796,969.3910816948272,980.8850695540308,7107472
2015-04-28,973.1864013671876,979.8007534878984,967.8732372483936,977.5236744845436,5026078
2015-04-29,952.4755249023438,985.6561188538424,952.4755249023438,978.0657551827958,7205434
2015-04-30,953.1260986328124,967.7645822320342,947.4876385753084,967.7645822320342,6304025
2015-05-01,961.041748046875,965.704317529846,943.027807260354,949.005639333798,6302574
2015-05-05,961.3801879882812,961.3801879882812,961.3801879882812,961.3801879882812,4977741
2015-05-06,942.8251953125,954.2105904391918,941.0902375151264,952.6925175332652,6554571
2015-05-07,943.6925048828124,945.1021655142514,923.3070867800092,942.6082018846326,15114783
2015-05-08,982.294677734375,982.9453323761744,954.210542714227,956.5960943995268,9916361
2015-05-11,981.8610229492188,987.9332535627972,974.6609909638248,978.9332894149284,6004194
2015-05-12,965.7044067382812,974.8129043541876,955.4901299041496,974.2706618209952,8144576
2015-05-13,956.487548828125,972.1018627092618,953.7766398666458,970.5837900910882,5673652
2015-05-14,958.6563720703124,963.3190030738627,947.9215098840784,953.2347955861958,6356559
2015-05-15,968.9574584960938,970.6923554630386,960.6167640279162,962.7767553420788,6533202
2015-05-18,970.4754638671876,975.7886881673644,964.5116456255276,972.2104214892069,5463868
2015-05-19,976.2224731445312,979.9092128776588,971.3029172501912,974.9213458274936,5994281
2015-05-20,979.4757080078124,982.9455635780686,969.608262625409,976.8733314968988,8419396
2015-05-21,985.7645874023438,987.2826603169108,973.294828414543,977.1984531473012,6340768
2015-05-22,995.9571533203124,998.4511774809248,982.5114450074768,986.7404266710128,8955301
2015-05-26,981.8610229492188,999.5084753993268,978.3911682175884,998.6681754100304,10933294
2015-05-27,1007.3428955078124,1010.9211629645278,985.1141632254592,986.84912122497,9973637
2015-05-28,1014.2824096679688,1014.2824096679688,1001.161997090068,1005.7162761232304,13717917
2015-05-29,1012.7642822265624,1020.246111880079,1007.5594704961558,1014.1739427509376,11631002
2015-06-01,1008.1018676757812,1016.9933597534038,1005.3910188063847,1014.8246927913074,5861370
2015-06-02,1000.07763671875,1012.3305697625268,995.4150065161828,1011.6800365099228,17579357
2015-06-03,992.7042236328124,1007.3425860035824,981.5355335265754,1004.4149741965192,8546740
2015-06-04,942.5493774414062,956.2158966264736,936.343077237171,950.792666058458,11684270
2015-06-05,929.533935546875,941.5734514560024,929.3169892910277,940.2718346051844,7767755
2015-06-08,931.919921875,936.9092596823832,928.8829784979964,932.787585306,7044794
2015-06-09,919.88037109375,933.7637136275828,919.88037109375,933.5468888051622,7622008
2015-06-10,926.27978515625,928.991339514103,916.7350021575868,917.6026655689196,8766312
2015-06-11,933.004638671875,936.8008638423574,918.6874015206066,922.4836873753476,6984342
2015-06-12,927.6898803710938,934.6315520364424,922.7005424833272,930.943770000397,6330854
2015-06-15,920.4228515625,923.6767413042924,917.60273287394,918.687342559786,6986505
2015-06-16,930.6182250976562,941.3062380089012,921.2903888870082,926.2797262640798,10510550
2015-06-17,927.3643188476562,933.0043729275504,923.893483660822,932.787426764548,5454538
2015-06-18,933.004638671875,933.004638671875,925.5206311011784,926.27991254583,8213779
2015-06-19,928.9912719726562,933.0695567201138,926.2797178119442,931.1606123960192,14045699
2015-06-22,933.8721923828124,942.3866783489484,922.9174712934456,942.3323659438134,13389551
2015-06-23,928.9912719726562,937.0176130758142,926.8219922335392,937.0176130758142,7961441
2015-06-24,926.388427734375,933.3301001731407,922.8090880590912,931.7030944929612,6859171
2015-06-25,920.7481689453124,929.4252890663104,912.067832558849,927.3645124823385,8045252
2015-06-26,919.4466552734376,922.6267528598362,912.5048622213172,922.5920414672056,8346584
2015-06-29,902.9599609375,913.8063594547068,894.8251772206562,894.8251772206562,10074455
2015-06-30,886.3651733398438,902.0924693552148,886.3651733398438,898.6216333057363,11027079
2015-07-01,886.9076538085938,893.9946653777125,885.606097751442,892.7646560657763,11577261
2015-07-02,904.0446166992188,905.346233135272,884.7381659246105,888.425947677557,9803506
2015-07-03,898.0791015625,909.0340039381445,894.2829984725423,904.044605809246,5055417
2015-07-06,893.7406005859375,904.1531071349171,889.4021017037147,889.4021017037147,7010082
2015-07-07,895.801513671875,902.6348036821448,895.259239156478,897.6454654875481,10032232
2015-07-08,910.6610107421876,912.1795734502758,895.6973666530794,897.2114994108124,9140574
2015-07-09,918.578857421875,925.3741585911796,912.05803112432,914.6742505961008,9371551
2015-07-10,927.5814819335938,928.77453439851,917.06047048904,926.388368784422,8669056
2015-07-13,923.1343383789062,931.2691840397174,921.5074542047,928.9914005536184,9981200
2015-07-14,925.3037109375,925.4012912218122,918.063715041878,922.7005990744034,6578058
2015-07-15,930.7269897460938,934.1978261976196,920.4229838546736,923.8938203061996,5630421
2015-07-16,936.6924438476562,937.6686108565792,929.2084360949868,937.6686108565792,8300259
2015-07-17,931.2691650390624,938.861614679806,927.5814436632106,938.2108367496996,25132793
2015-07-20,932.136962890625,937.5600722808882,930.5099572524366,932.6792374190966,4717098
2015-07-21,921.9412841796876,935.8247501400812,919.663561232264,932.6792423003428,6265310
2015-07-22,908.05810546875,919.9891174878765,907.515830874619,916.4097774715792,8034881
2015-07-23,909.0341186523438,914.89112020403,906.5393889309524,914.89112020403,5056526
2015-07-24,907.6239624023438,919.5549711276471,905.7421438569556,908.6001899076535,3987632
2015-07-27,906.430908203125,914.5657536082635,906.430908203125,908.8171343767058,6906104
2015-07-28,903.1771240234376,910.0374795601564,899.2485464317868,909.1426294695376,6523776
2015-07-29,910.2271118164062,912.5048344937004,901.8754417715768,903.827836179223,11485493
2015-07-30,914.0232543945312,918.5993923637906,909.0339174247192,912.5046919345764,5235966
2015-07-31,925.3037109375,926.2798778861612,910.7695887895354,917.3858112134872,7464158
2015-08-03,924.4358520507812,928.3405802170292,920.639627326312,923.351242422755,12520507
2015-08-04,924.7613525390624,928.5575774722638,916.7350709344458,922.0497372935238,4571065
2015-08-05,927.4729614257812,930.943797360462,921.1820675014066,924.6528427518328,6411770
2015-08-06,935.8245849609376,938.4276964413838,923.676630245109,925.6289031711964,4415002
2015-08-07,933.3300170898438,936.692349554017,927.6899011498869,936.692349554017,5549011
2015-08-10,933.004638671875,941.681759452554,924.8698531110532,938.8617012672591,3729400
2015-08-11,928.8829956054688,931.160718351234,918.2535418795608,928.9913776810253,6335419
2015-08-12,933.9805908203124,933.9805908203124,919.9888065667934,926.171256735136,12073590
2015-08-13,940.5972900390624,953.504469681372,937.9941170058968,944.068126732349,7314285
2015-08-14,943.091796875,945.9117943102156,938.2109013787264,942.549400983544,4474263
2015-08-17,953.6126098632812,956.2157820703968,943.200103087564,947.8640516888668,7512117
2015-08-18,952.8533325195312,957.3003956353044,947.6471094520878,954.4802772281074,7979223
2015-08-19,948.6232299804688,953.5041245522378,947.213170845687,950.467060104036,5992894
2015-08-20,949.5995483398438,953.6127195219156,940.597099726628,943.5255398423548,6097062
2015-08-21,926.6051025390624,949.165564653742,926.6051025390624,939.7292245212652,10734715
2015-08-24,887.9921875,928.0249850443896,874.651117689409,908.3833722438392,18586814
2015-08-25,916.5181274414062,919.0127964831092,896.9946068472835,899.2723296771086,13251128
2015-08-26,895.6929931640625,909.793343025676,895.6929931640625,905.4547224892746,6667939
2015-08-27,923.6766357421876,924.6527418689165,910.7694603291636,917.277239069009,10560603
2015-08-28,932.8960571289062,932.8960571289062,903.7735036658931,921.9411543281246,6334877
2015-09-01,921.2904052734376,935.0652439953722,920.4227419018376,931.0521340200416,10325348
2015-09-02,921.0736083984376,935.6077914661332,918.5334260680868,925.737557684886,7941112
2015-09-03,931.2691650390624,935.499221584754,925.7722033416708,934.9568864149144,6482148
2015-09-04,915.43359375,927.581550991351,915.43359375,926.2799342962784,6451742
2015-09-07,922.8088989257812,928.2320680287686,922.04961762713,922.04961762713,3282275
2015-09-08,931.702880859375,939.8919163734917,924.0019894163654,927.2558786621096,6956099
2015-09-09,936.6924438476562,948.7318976419664,934.7401098298104,943.3086666800474,5928808
2015-09-10,934.3059692382812,936.2583027376296,928.2320225677825,930.9436373285956,6864848
2015-09-11,922.2667846679688,934.4147421972724,921.8328921979064,933.3301323906392,4477332
2015-09-14,916.8436279296876,933.1132000614753,913.5896770927724,927.5815868019658,6418775
2015-09-15,916.9520263671876,920.639687205475,905.0210162616384,917.6027436389252,5824083
2015-09-16,924.3274536132812,927.933918856065,920.2059004186088,920.639671469516,6810438
2015-09-17,922.5921020507812,926.7137160908144,915.2165981592104,923.3513227880544,6443231
2015-09-18,923.2427368164062,930.7267429983513,893.7406044577012,925.3035738588936,11220688
2015-09-21,927.4729614257812,935.9331353948633,920.3533026380456,924.6528427518328,4950128
2015-09-22,923.6766357421876,929.0997442358936,920.070170892234,925.6289086798932,9812490
2015-09-23,934.9569702148438,939.8378051281096,922.4836849803252,923.3513485087336,5243966
2015-09-24,942.6578369140624,946.128672759859,929.6422176633888,935.4992190182782,7186377
2015-09-25,966.302978515625,968.1469303557958,952.5281375986216,953.6127473280818,8552203
2015-09-28,974.0038452148438,977.3662382393763,959.3612207260423,965.3267254164056,8804203
2015-09-29,977.1494140625,985.1756962625255,964.7694003566214,969.5569029486118,9007584
2015-09-30,996.6727905273438,996.6727905273438,983.5487881193314,988.429562299738,9418344
2015-10-01,997.4321899414062,1007.5258644397336,993.3105146558228,1000.577637454328,9340257
2015-10-02,1010.88134765625,1010.88134765625,1000.360278222296,1004.3734483851016,8450774
2015-10-05,1013.484619140625,1027.1510779032164,1007.085342880522,1027.1510779032164,9179060
2015-10-06,1015.003173828125,1021.0012057333064,1007.8445555187894,1018.4739491901744,7175051
2015-10-07,1005.458251953125,1019.4500378298,1004.9160381636058,1016.3046516923224,9174567
2015-10-08,1013.8099975585938,1013.8099975585938,995.3712087596672,1003.8313217899848,8193055
2015-10-09,990.8156127929688,1013.0507470998746,990.8156127929688,1011.098352696776,10851551
2015-10-12,985.826416015625,991.7223765783968,978.7762409784516,989.9479690478234,9471379
2015-10-13,985.934814453125,988.212537067989,974.1121876274984,985.6094255081445,9270957
2015-10-14,983.982421875,992.6595413358098,979.8532228052086,983.7654756832048,5571626
2015-10-15,998.1912231445312,1017.4880269234792,983.9824906164392,990.273384459736,7311660
2015-10-16,1006.976806640625,1007.7317187265612,998.1911834771596,1001.2282482010224,4781127
2015-10-19,1004.0482177734376,1013.2676723960212,997.4319354065389,1008.4952809536396,3234442
2015-10-20,1010.3392333984376,1011.5323465744073,1002.6382798224802,1006.5430083361756,4435846
2015-10-21,1006.0006713867188,1017.1723389773582,1002.9636065674204,1013.2677320744846,4021889
2015-10-22,1008.0614624023438,1010.9965170341392,1003.7229630269362,1006.0006858187696,4922392
2015-10-23,1013.0507202148438,1019.2331101604552,1008.7120998143502,1016.1961669064837,4945997
2015-10-26,1018.4738159179688,1019.2330972350196,1003.9396956686894,1009.7967572797676,3957170
2015-10-27,1011.9662475585938,1016.63019685043,1010.7731343725472,1015.1116339915912,4131189
2015-10-28,1014.7859497070312,1016.860865234535,1011.965953083169,1013.1590659220276,6196991
2015-10-29,1005.349853515625,1011.9661970929776,994.3950105355844,1011.9661970929776,5939345
2015-10-30,1003.0722045898438,1010.3392659628066,1000.0352608527044,1006.0007662405704,5643877
2015-11-02,1001.3367309570312,1010.3391793099318,996.8495551853138,1002.2043944165072,3548309
2015-11-03,994.2864990234376,1004.9160743134564,990.27338862561,1004.9160743134564,5125103
2015-11-04,1000.7943115234376,1006.0005952632366,991.6833604919756,996.347309102072,5131115
2015-11-05,1005.78369140625,1014.2502974424644,995.154237974794,1002.204352220662,4658539
2015-11-06,969.8822631835938,1004.8076312189172,966.5199305231524,1003.289129041174,9983304
2015-11-09,971.8346557617188,979.969502351418,965.9775929182103,968.5807656732482,7233477
2015-11-10,986.2601928710938,1001.87898439297,985.175583227416,995.8049761987668,7639189
2015-11-11,983.548583984375,1000.035037017832,978.9930176876774,986.47702361112,6844853
2015-11-12,993.5272216796876,1001.878952337373,983.440164195042,984.4163310483948,8237312
2015-11-13,985.0670776367188,990.9241396157176,977.2577425770568,989.839469290152,6102938
2015-11-16,989.2971801757812,989.2971801757812,975.048276084156,978.7761701032216,4302235
2015-11-17,1003.6143188476562,1004.846391085038,989.2971454795209,998.5165388003104,4371153
2015-11-18,1001.0112915039062,1004.916019611632,987.9956120571547,1002.6381755794368,5283093
2015-11-19,1019.0161743164062,1020.3177300301356,1005.8920530625576,1010.8814511055976,6880437
2015-11-20,1030.4049072265625,1030.4049072265625,1020.426231342849,1023.8971278974044,6615051
2015-11-23,1021.0770263671876,1028.886360764652,1017.6333167098198,1024.9816935659198,3911705
2015-11-24,1020.1007080078124,1021.6604142963762,1010.0135312079444,1020.3175934749096,6884051
2015-11-25,1025.9580078125,1031.9235129018462,1018.2570543736958,1023.2463925230678,5811006
2015-11-26,1011.13720703125,1013.3069245185654,1003.4352531544888,1008.8591523676538,4739952
2015-11-27,1011.6796875,1015.8019626000269,1006.906600328454,1010.3779419707688,5236856
2015-11-30,1004.3030395507812,1013.6322359907904,1000.8045681258668,1012.6559875457376,6206674
2015-12-01,1007.0150146484376,1011.1371681811654,998.1196527676811,998.1196527676811,5275491
2015-12-02,1004.1945190429688,1009.7269978442924,1001.3957784915405,1004.8454524546762,3624834
2015-12-03,982.7156372070312,1012.0051552963016,982.6181033982654,1004.5200575777792,7054704
2015-12-04,977.5086669921876,985.2106207673272,975.2306123586486,979.6782023715898,6384381
2015-12-07,990.3092651367188,992.6556603380792,979.0273284578536,981.7393388866584,6589598
2015-12-08,987.1634521484376,996.3841301005172,984.8853366100968,987.5972864329202,6062517
2015-12-09,990.8516845703124,1000.9402735927196,990.8516845703124,992.5873251271174,6127287
2015-12-10,988.2483520507812,991.3941972717334,982.6073524294862,986.1871533791352,4603866
2015-12-11,980.9802856445312,990.4179432205452,980.9802856445312,984.8855232621922,8718646
2015-12-14,970.0235595703124,989.2244888485042,968.6404852457548,985.3191914369862,4363255
2015-12-15,986.29541015625,987.380177803064,970.9379334309324,977.7256061523054,5262561
2015-12-16,992.912841796875,996.2756644085885,981.3055291251958,986.5125115913844,7236437
2015-12-17,1004.4115600585938,1012.9814251884292,992.9127675106594,1007.232028914462,6046369
2015-12-18,991.9364013671876,1007.12351247536,991.9364013671876,1003.4351932543152,7966955
2015-12-21,993.3466186523438,1005.930300502064,988.79050925782,991.1770225191572,4720380
2015-12-22,989.8754272460938,997.7944816462716,984.9938200320966,997.7944816462716,3117887
2015-12-23,1012.5475463867188,1013.9578112682134,994.6484227539352,994.6484227539352,4269842
2015-12-24,1014.2832641601562,1021.876760157168,1007.6659560062618,1015.4765512270258,905322
2015-12-29,1037.0635986328125,1050.6995125164792,1020.1407904050686,1044.657152421218,5126034
2015-12-30,1031.6396484375,1035.9886719405422,1029.5785113636566,1035.436486278062,3056946
2015-12-31,1016.995361328125,1032.9417458136218,1010.26953373741,1025.4565868117743,2137125
2016-01-04,1004.4115600585938,1011.5711604139472,998.9876001644152,1009.2931057554256,5670823
2016-01-05,1012.43896484375,1014.3916437265748,1000.072322282356,1007.6658172336151,6215877
2016-01-06,1030.5552978515625,1030.5552978515625,1008.7509337837628,1014.2834142617512,8651270
2016-01-07,1030.338134765625,1031.4228417757056,1013.415382298876,1018.622303689981,8694850
2016-01-08,1019.815673828125,1033.0501678414105,1019.815673828125,1030.7721131293426,6261568
2016-01-11,1020.7919311523438,1027.9515313124048,1011.5711328213504,1020.6834118999768,4391965
2016-01-12,1029.47021484375,1031.531230734283,1018.0798822802236,1023.2868030136216,4665610
2016-01-13,1022.2024536132812,1028.9183889482665,1019.3819234301208,1028.1688290463464,5289707
2016-01-14,1016.6697998046876,1020.574975881024,1003.8692610428044,1014.2832257612996,10028259
2016-01-15,1013.8492431640624,1025.782052370841,1008.3168245543616,1020.6834680220846,7852612
2016-01-18,1004.52001953125,1019.9240486506112,1001.3741749858378,1016.344309162786,5189470
2016-01-19,1025.022705078125,1026.4329699532418,1010.8119619155872,1018.9479326839762,6883615
2016-01-20,995.6246948242188,1023.2869702526226,991.3940217237666,1016.1273696210884,8962116
2016-01-21,1003.8692016601562,1003.9700128918224,982.9325721211324,1000.3977386754434,10719612
2016-01-22,1021.7682495117188,1023.2869121276548,1001.8079900669064,1014.283152219914,8138487
2016-01-25,1026.541015625,1031.6395984469962,1018.6220254066492,1031.0972450901245,7279873
2016-01-26,1028.385498046875,1034.026435665691,1010.7033538811264,1019.2732795628896,6129281
2016-01-27,1047.5865478515625,1047.5865478515625,1026.6499756045318,1032.3994334775518,7480545
2016-01-28,1041.7283935546875,1049.755782758495,1032.3991376134827,1045.742027463503,6927743
2016-01-29,1069.3907470703125,1069.3907470703125,1041.7285332609,1050.8407519414902,11708987
2016-02-01,1073.621826171875,1076.6592740098451,1059.1941006743143,1074.9236935763522,7175452
2016-02-02,1068.8482666015625,1075.5739105572277,1062.664854702315,1073.404375400666,9066326
2016-02-03,1057.4581298828125,1076.5504808848707,1054.3122849343154,1067.5467803442843,8150792
2016-02-04,1059.410400390625,1070.6922735637324,1052.9016740931274,1068.5227385932892,7196446
2016-02-05,1040.318115234375,1061.5801175386598,1036.629796325859,1057.5663622966326,7786567
2016-02-08,1030.1209716796875,1048.4540473990053,1026.8666082706195,1044.2233749672173,9424088
2016-02-09,1023.7210693359376,1040.535487606459,1016.8869041392248,1033.809598912037,9054865
2016-02-10,1021.659912109375,1030.6636118568863,1014.2169960779032,1026.7583751394795,9469039
2016-02-11,1010.92041015625,1026.758395865117,1004.0297404871736,1024.046385405665,11081020
2016-02-12,1016.88671875,1019.5986076476074,1006.3641139934134,1016.1273267378504,8479845
2016-02-15,1033.3759765625,1039.8847066564128,1024.372152341762,1030.4470480202392,4504108
2016-02-16,1036.521484375,1036.521484375,1026.6498731555978,1036.4130864996014,5962704
2016-02-17,1036.3043212890625,1043.627791688204,1022.2344503422268,1040.6435127025431,7624398
2016-02-18,1045.8507080078125,1047.8034477219944,1036.196014239746,1037.6062790498015,5689994
2016-02-19,1046.28466796875,1046.28466796875,1040.209774443607,1044.65748602205,5242490
2016-02-22,1057.675048828125,1061.0379323209827,1048.5628290027626,1055.7224302941188,3373662
2016-02-23,1045.7420654296875,1059.8444690948163,1043.681049472878,1056.5901055986114,6314429
2016-02-24,1036.3043212890625,1048.5625036509484,1033.7008307182082,1048.5625036509484,5980102
2016-02-25,1058.21728515625,1061.7970849946655,1048.2371561977593,1048.2371561977593,6204103
2016-02-26,1052.251220703125,1071.126655872419,1052.251220703125,1066.353507095083,5637944
2016-02-29,1045.2000732421875,1046.176382628504,1039.6676533863947,1045.2000732421875,6623638
2016-03-01,1046.8270263671875,1050.4068266666093,1040.318298550057,1045.091446540083,5879577
2016-03-02,1033.0501708984375,1049.430509576701,1029.144812851427,1046.827018469491,6080494
2016-03-03,1018.0801391601562,1037.064031556011,1012.439140036324,1034.3520209167016,9317373
2016-03-04,1024.588623046875,1028.927815013932,1015.8019019423524,1021.6598171671886,8409160
2016-03-07,1020.2495727539062,1034.0264195182835,1015.5849443312172,1026.649780888982,6037554
2016-03-08,1029.2532958984375,1031.9653061684326,1011.028858789137,1014.3916811199404,6845969
2016-03-09,1041.837158203125,1045.6338759097878,1026.9753596323224,1030.5551601914117,6001269
2016-03-10,1040.318115234375,1064.400646686538,1040.318115234375,1041.4029434748031,13103931
2016-03-11,1047.36962890625,1050.9494296418984,1040.4269445932252,1045.1999717786864,4536605
2016-03-14,1049.5386962890625,1051.9252695098858,1044.224288976064,1048.996342942303,4702905
2016-03-15,1055.0716552734375,1057.2413125476376,1043.2474237035688,1047.9120533182584,4627321
2016-03-16,1052.4678955078125,1059.736014052544,1050.94911170075,1059.1935392416617,4728413
2016-03-17,1067.004150390625,1067.763542393211,1053.5527397821577,1059.736152284033,6090909
2016-03-18,1056.807373046875,1069.065560537099,1056.156500131862,1067.0044225108177,7905654
2016-03-21,1062.6649169921875,1062.6649169921875,1050.7321694661966,1053.0102239992805,4319136
2016-03-22,1056.481689453125,1063.9668476110376,1053.1188063834766,1059.1936997600153,5143060
2016-03-23,1066.895751953125,1067.2210669412711,1056.1562302138516,1064.292260958438,4469603
2016-03-24,1063.9666748046875,1073.838283898601,1059.8584811819635,1060.0613174762425,6043030
2016-03-29,1070.258544921875,1073.7298254940636,1065.702436064424,1069.0651973922324,5742059
2016-03-30,1077.74365234375,1082.8421149887108,1071.712215462106,1076.9842603551097,6205459
2016-03-31,1070.9095458984375,1075.3572579346148,1067.9904503757718,1074.8149043586309,7882841
2016-04-01,1062.3394775390625,1065.810879646355,1052.7933038232848,1059.085113929841,7632610
2016-04-04,1069.3907470703125,1079.153838513802,1060.230702229972,1063.6412900739072,5217127
2016-04-05,1069.0654296875,1076.4419480260483,1063.3811564436169,1067.872203284763,6665876
2016-04-06,1078.2860107421875,1078.2860107421875,1067.980566153738,1071.668764089796,6629531
2016-04-07,1082.8421630859375,1088.5916201095297,1074.4893363846302,1081.4320196837823,6114508
2016-04-08,1085.337158203125,1088.049168278356,1075.57394620953,1088.049168278356,4619955
2016-04-11,1075.465576171875,1085.3371862812585,1074.1637093376917,1085.3371862812585,3983402
2016-04-12,1078.1776123046875,1080.8896225154472,1062.7734622838382,1075.0316464720738,5523648
2016-04-13,1083.1676025390625,1084.6862650317255,1072.4280816873434,1084.0353923368443,5694610
2016-04-14,1086.964599609375,1087.506953199498,1071.8858831101204,1084.7949424764613,5390687
2016-04-15,1085.337158203125,1090.2187035068316,1082.7336673744817,1088.049168278356,4337159
2016-04-18,1090.760986328125,1092.9306428022724,1077.3095774558726,1080.0215873554698,3849302
2016-04-19,1092.388427734375,1097.2699733402226,1082.8421322569093,1088.0492356226696,5802555
2016-04-20,1085.879638671875,1094.0155475535084,1082.8420708411552,1092.9307192405631,4836625
2016-04-21,1048.020263671875,1076.8097921831634,1039.55903880699,1071.2350096977648,9107297
2016-04-22,1033.5921630859375,1048.4537107534277,1030.7716347795977,1038.6906236610316,5994112
2016-04-25,1047.5865478515625,1051.817221455455,1033.3757427707578,1036.196151377949,6127934
2016-04-26,1057.566650390625,1070.34873942094,1045.9593370759765,1052.7935019414172,6575101
2016-04-27,1063.532958984375,1063.532958984375,1050.2983429974229,1056.0479217410411,5025742
2016-04-28,1057.675048828125,1063.9669815081995,1047.619051239372,1062.7736337021686,5021405
2016-04-29,1057.4581298828125,1061.3633669442054,1044.9830265857388,1049.6476557600272,5389829
2016-05-03,1071.560546875,1073.40464615392,1056.807267098806,1064.1839069869031,6094074
2016-05-04,1065.4852294921875,1073.9466945645258,1057.8916754656152,1073.9466945645258,5158362
2016-05-05,1071.2349853515625,1082.299943891545,1067.5466658382352,1070.909427578492,5108089
2016-05-06,1075.899658203125,1080.1302100200312,1067.5467096728607,1071.7773828759662,4650015
2016-05-09,1086.422119140625,1087.9385968957974,1075.8996352948811,1079.6963527547614,4539133
2016-05-10,1090.2188720703125,1094.558064584347,1084.5780553268885,1092.930882564859,3910660
2016-05-11,1081.432373046875,1091.8464620915522,1078.7203618404108,1089.1344508850882,4004837
2016-05-12,1087.507080078125,1095.8156030222165,1076.6591573065698,1076.6591573065698,4949271
2016-05-13,1095.642822265625,1096.1851757750103,1084.252427478987,1088.5916197126496,4073960
2016-05-16,1090.760986328125,1093.4729962277222,1085.8795627267284,1091.845935951373,2736991
2016-05-17,1089.67626953125,1101.609015871623,1088.591441304078,1095.6426427014364,4122899
2016-05-18,1083.927001953125,1088.5916306163797,1076.3335672008984,1085.8797416560965,4365811
2016-05-19,1052.9019775390625,1077.0929124314698,1051.4917126394444,1071.7774106278655,8213031
2016-05-20,1070.258544921875,1073.187350658343,1059.0850684946488,1063.6411773521,6719284
2016-05-23,1069.82470703125,1074.602103419343,1067.0041774564925,1072.6452366060073,4736597
2016-05-24,1075.6827392578125,1077.059380296752,1033.820518834837,1064.292463983244,5577733
2016-05-25,1078.503173828125,1089.6765309514178,1073.6215063277953,1084.7948634510883,5948803
2016-05-26,1084.794921875,1084.794921875,1072.7537741449837,1074.8149119662453,3477909
2016-05-27,1094.557861328125,1095.1003361580188,1082.082761033241,1086.4219527415005,3844236
2016-05-31,1092.388427734375,1096.727498459891,1087.506760742338,1092.388427734375,7972109
2016-06-01,1090.760986328125,1097.269834364393,1085.3370879151046,1094.015471039346,10048570
2016-06-02,1041.23876953125,1060.1190900916415,1041.23876953125,1060.1190900916415,8874974
2016-06-03,1062.2894287109375,1065.5446358269237,1045.0486085079694,1046.230245048543,6015185
2016-06-06,1061.6380615234375,1074.333488249784,1049.7022234504957,1057.1893197937766,6444884
2016-06-07,1063.3746337890625,1069.1223035354285,1059.3598370542334,1065.544853254324,5812854
2016-06-08,1067.0633544921875,1074.6588758328778,1058.0572033748751,1059.7933537601325,6400444
2016-06-09,1067.6064453125,1071.5128162179524,1062.7236334527802,1065.653320568612,5003644
2016-06-10,1059.68505859375,1068.6912118542773,1056.2128784145616,1066.521114419489,6625257
2016-06-13,1052.957763671875,1063.157575795012,1052.6323643374226,1052.6323643374226,5967413
2016-06-14,1041.23876953125,1056.9723092894264,1041.23876953125,1055.7787739540954,8101736
2016-06-15,1041.3472900390625,1048.9429350327289,1041.3472900390625,1045.0365651618697,7584865
2016-06-16,1043.7344970703125,1046.4472101180895,1031.364710127271,1036.247520762682,6567544
2016-06-17,1040.370849609375,1040.6963703138929,1025.3967757839112,1036.7900004420346,10893407
2016-06-20,1058.599853515625,1063.3741154602349,1040.6960980337096,1058.057238204965,8834490
2016-06-21,1065.2191162109375,1067.9318295921369,1051.764218111501,1057.8406863719745,5668003
2016-06-22,1067.49755859375,1077.1722373983002,1060.3361034758425,1069.776324821631,5994862
2016-06-23,1062.83203125,1077.4805861848872,1056.9725364254496,1076.286929175414,5566699
2016-06-24,1068.14892578125,1085.076004753565,1041.6730762676707,1085.076004753565,16820800
2016-06-27,1081.7122802734375,1093.7565469903473,1061.7468474290797,1064.4595605856184,11180410
2016-06-28,1111.6600341796875,1122.5108841319052,1087.2458646224395,1090.5010710410563,10388522
2016-06-29,1151.2657470703125,1151.2657470703125,1114.915606357088,1118.170935261268,9792406
2016-06-30,1189.2432861328125,1189.2432861328125,1144.2126357745178,1155.0634885202485,13607671
2016-07-01,1199.5516357421875,1205.5195567442415,1177.8500496357806,1191.956110959361,8799066
2016-07-04,1198.4661865234375,1213.1147378177095,1194.6217401296033,1206.061830571869,5555645
2016-07-05,1226.678466796875,1232.7929386172714,1191.413558062956,1195.7537536524617,8742970
2016-07-06,1210.4022216796875,1245.6672493054157,1205.519410927981,1224.5082812970384,10321896
2016-07-07,1196.8388671875,1226.1359767276076,1196.2963730914455,1220.1680560003754,10652831
2016-07-08,1204.4344482421875,1208.232271346083,1193.0412217658286,1195.7538137912811,5955915
2016-07-11,1212.572509765625,1215.8277171187408,1198.4664493452483,1209.8597964988098,4939270
2016-07-12,1185.4459228515625,1213.657808066029,1184.9033072089503,1210.402599881105,6818122
2016-07-13,1197.9241943359375,1204.4346103414923,1178.3928249015928,1182.7331427111894,7090753
2016-07-14,1177.3074951171875,1206.6046045034373,1177.3074951171875,1204.4343852953002,5793343
2016-07-15,1182.190185546875,1185.987886256965,1170.5504842049484,1174.052047309312,6325881
2016-07-18,1185.9879150390625,1193.0409440659234,1174.0553540779026,1181.6475988238892,7613637
2016-07-19,1185.9879150390625,1192.4332488003922,1177.849776603999,1180.562489415687,3990667
2016-07-20,1192.49853515625,1202.2642786859185,1188.7008336963531,1192.49853515625,5296206
2016-07-21,1186.5306396484375,1193.472937141054,1183.817926309507,1189.243352987368,4126612
2016-07-22,1196.8388671875,1223.249636161043,1180.957680353179,1191.9560560700347,4987289
2016-07-25,1209.3175048828125,1209.3175048828125,1195.118193325426,1196.8390460497849,6899608
2016-07-26,1202.806640625,1214.5775954584544,1201.72153114811,1207.6894511445405,3698828
2016-07-27,1194.6688232421875,1204.4344459173597,1189.785890486938,1203.8919517968488,4358539
2016-07-28,1194.6688232421875,1202.8068421381645,1189.785890486938,1196.8389211418937,5109640
2016-07-29,1175.1370849609375,1194.668445554211,1163.2012467418467,1190.328129709303,6915293
2016-08-01,1183.2755126953125,1189.8402017147537,1174.5948779873404,1177.30759151079,3813975
2016-08-02,1166.4566650390625,1184.3604256180915,1165.9140495739225,1181.1052184978405,5274930
2016-08-03,1151.807861328125,1176.2221522608347,1151.807861328125,1171.881715153346,6412550
2016-08-04,1173.509765625,1177.3074670221265,1136.6171327259842,1151.8081811497982,9503242
2016-08-05,1159.9459228515625,1189.7855185036458,1158.3184409988585,1177.8496802428124,6043177
2016-08-08,1164.286865234375,1164.286865234375,1143.6703863092755,1149.0958138425158,6909010
2016-08-09,1168.6265869140625,1174.465439270126,1163.2012830020246,1168.0840929481474,4662554
2016-08-10,1168.0841064453125,1170.7968191414911,1157.2333770782282,1169.7117097794935,6300518
2016-08-11,1188.7008056640625,1188.8309653887572,1168.084330912457,1172.967141853315,6994297
2016-08-12,1193.0411376953125,1195.211235446286,1184.3605038561077,1187.0732171080665,5113634
2016-08-15,1195.7535400390625,1198.4662528611384,1186.596707607334,1191.955839222265,3508519
2016-08-16,1172.9669189453125,1195.7534870899954,1172.9669189453125,1192.498280414702,5654042
2016-08-17,1161.031005859375,1179.477254854431,1161.031005859375,1174.0518303652452,7237738
2016-08-18,1173.509765625,1180.0201802587333,1164.8291318349193,1166.4567354933529,5398129
2016-08-19,1172.4244384765625,1180.1718547365251,1170.780565157486,1176.7647545661575,4519797
2016-08-22,1172.9669189453125,1178.3923443492215,1168.0841089323728,1169.7117122700197,4187474
2016-08-23,1167.541748046875,1179.4775881619344,1159.9461030485245,1165.914023106054,3509653
2016-08-24,1153.97802734375,1169.7116878358463,1151.2654361160896,1161.0311773556025,4000164
2016-08-25,1166.4566650390625,1167.5417745516952,1154.520824653043,1159.40363533342,3308408
2016-08-26,1165.9141845703125,1171.3396113440172,1159.4580432705588,1166.999415626247,3461344
2016-08-30,1142.5848388671875,1164.828913248427,1142.5848388671875,1162.1162005208753,5432003
2016-08-31,1135.5321044921875,1148.010440573286,1135.5321044921875,1139.329927579027,8503467
2016-09-01,1129.0216064453125,1146.9253680729275,1127.936496869127,1146.382873993662,6998352
2016-09-02,1161.5736083984375,1166.456418044892,1132.8190016170893,1136.0743294656802,10149074
2016-09-05,1171.3394775390625,1175.2208354717266,1153.5388005148163,1163.743953774128,4128663
2016-09-06,1163.2012939453125,1172.966913929432,1158.3184839532528,1171.3393105987452,4635771
2016-09-07,1157.7760009765625,1159.403604493394,1145.8401609080354,1145.8401609080354,6135628
2016-09-08,1156.6907958984375,1169.169250386393,1154.5206985278903,1155.6058079219808,4895208
2016-09-09,1144.212646484375,1171.8820298426083,1139.8723296289877,1167.5418344048746,6319571
2016-09-12,1130.6490478515625,1140.9572838019467,1125.0261970893357,1129.021444429674,6809722
2016-09-13,1131.1920166015625,1142.0427499426205,1129.5642912536127,1138.244926493529,5420861
2016-09-14,1128.4791259765625,1142.042570880678,1128.4791259765625,1136.074650266161,4007145
2016-09-15,1136.6171875,1139.3299008673337,1123.5962361873942,1126.308949554728,5275436
2016-09-16,1142.042236328125,1142.042236328125,1131.1915078670015,1135.531702117355,11571800
2016-09-19,1159.4039306640625,1164.8293581915782,1141.500165524474,1150.180801001428,4857478
2016-09-20,1163.7437744140625,1171.8817909730744,1155.6057578550506,1160.4885677904576,5749184
2016-09-21,1147.468017578125,1166.916942908324,1144.2128098263013,1164.2867933253324,5962072
2016-09-22,1172.4244384765625,1177.8497425253324,1149.6378700694124,1157.7758868513831,6249772
2016-09-23,1165.9141845703125,1175.1374343691427,1158.318781355384,1174.0523247308697,4640367
2016-09-26,1170.7967529296875,1177.1878123743943,1159.810400690866,1163.2012306605134,5075158
2016-09-27,1186.5306396484375,1186.5306396484375,1170.797096550894,1173.509809889825,9068302
2016-09-28,1188.1583251953125,1191.956026609145,1181.1052950326389,1183.817886863524,6241482
2016-09-29,1200.093994140625,1213.7680484871642,1189.2431427035667,1191.413361558033,7573679
2016-09-30,1184.9027099609375,1194.6684510109928,1180.019900144723,1189.7855197771523,8711413
2016-10-03,1195.7535400390625,1199.0088682761352,1176.5694321435824,1179.477505941879,6828158
2016-10-04,1195.2113037109375,1209.3173648597283,1189.7858768971469,1197.9240171178328,15691355
2016-10-05,1170.7967529296875,1190.3281132529387,1161.0311334768735,1187.0729067686675,13094922
2016-10-06,1148.01025390625,1177.8498539592588,1148.01025390625,1177.307359928347,8922470
2016-10-07,1127.9364013671875,1157.7760015533718,1117.6281648103563,1153.4356850337774,15193251
2016-10-10,1132.8192138671875,1135.531926873802,1124.1387022307226,1128.479018757777,7366853
2016-10-11,1142.5848388671875,1149.095373696838,1126.8511778979666,1131.1916153961547,9059506
2016-10-12,1135.5321044921875,1143.670244784988,1132.3039730810233,1140.4150372349332,6065292
2016-10-13,1146.9254150390625,1151.265732103884,1131.7343660210165,1136.0746830858382,7047286
2016-10-14,1158.861328125,1163.2016454576578,1148.0104740845218,1149.0957051897697,9150434
2016-10-17,1151.2657470703125,1157.7761620433505,1144.2127165710808,1152.893350813572,4858744
2016-10-18,1148.01025390625,1162.1163128863868,1147.4677598753383,1155.0634048139618,6083519
2016-10-19,1158.318359375,1159.9458411130192,1142.5847003136932,1151.8078253348378,5964435
2016-10-20,1160.489013671875,1164.8022551686,1149.6382802849296,1160.489013671875,4894967
2016-10-21,1157.233642578125,1163.5758939519626,1154.5209292595785,1154.5209292595785,4791895
2016-10-24,1136.0745849609375,1165.371570845973,1136.0745849609375,1158.8611565198871,5556058
2016-10-25,1147.468017578125,1149.0957428717077,1138.7873826281475,1143.670315673554,4395126
2016-10-26,1139.329833984375,1145.2977544751056,1133.904407568201,1144.21264490834,3918980
2016-10-27,1148.01025390625,1160.4887093760085,1140.4148518029133,1143.67005882367,6774233
2016-10-28,1149.0955810546875,1151.808172854103,1137.7022341100585,1150.1805692073924,6990257
2016-10-31,1155.60595703125,1160.4887678082414,1141.0409386255226,1145.2977200013909,5344784
2016-11-01,1139.329833984375,1161.1593924379065,1139.329833984375,1156.1484858898011,4674011
2016-11-02,1115.457763671875,1143.127258776442,1113.0162983510684,1133.9040127965125,6487918
2016-11-03,1107.3199462890625,1118.1706758661758,1101.291196575047,1113.2878657691197,6597880
2016-11-04,1103.5223388671875,1117.6282779202318,1100.8096255906946,1105.149942549552,6288683
2016-11-07,1094.299072265625,1112.5826263024624,1088.8628402297427,1108.9475035516464,8144820
2016-11-08,1106.2349853515625,1112.202905632454,1096.4692424293542,1101.3521745992828,9794428
2016-11-09,1091.043701171875,1109.913216004779,1082.36319011114,1089.416219177021,7082641
2016-11-10,1024.2030029296875,1107.8622902691243,998.0526231293984,1098.6391653064916,17528733
2016-11-11,1037.007080078125,1052.4151003399795,1024.203225414463,1029.0860359110743,13127684
2016-11-14,1005.8653564453124,1041.8204601051093,1000.2230177749,1040.153760092655,12518255
2016-11-15,1009.5546875,1039.828418393184,1009.1206193952048,1012.701408070048,12640665
2016-11-16,1007.2760620117188,1014.4375787917958,997.8054849957224,1009.3376730686816,13519735
2016-11-17,1010.748291015625,1019.9714187398991,1004.8889179380596,1014.5460530614336,8472750
2016-11-18,1007.9270629882812,1012.3759880484688,998.3784142291332,1009.2292066452816,7849853
2016-11-21,1013.2438354492188,1016.607589648732,1002.284558167878,1007.4929498087754,6872570
2016-11-22,1021.9246215820312,1034.489769665298,1013.4609616301506,1023.1181570566176,15991816
2016-11-23,1010.96533203125,1033.5348704075557,1007.0590225771472,1020.7310146032668,9593298
2016-11-24,987.4583740234376,1001.6749864430388,982.053812312676,995.9232397342192,8772523
2016-11-25,1002.1089477539062,1006.3414714737296,985.3962836923196,985.3962836923196,6977906
2016-11-28,1009.271728515625,1020.6668420757306,1002.0006365681965,1002.1091394851418,7835631
2016-11-29,1007.2095947265624,1012.2016993317612,1000.9152125231212,1007.5352248440269,8863694
2016-11-30,991.039794921875,1017.3026015880988,989.9545835796451,1002.3262236091526,15418249
2016-12-01,975.3037109375,986.5901381799216,968.4667528490726,981.9236024981028,9854291
2016-12-02,979.753173828125,987.0242649257192,965.4279974414638,968.358183035682,7776962
2016-12-05,967.4901733398438,988.3266805295058,964.668490256238,977.1486939861549,14746257
2016-12-06,978.7765502929688,981.598233227266,965.753711219311,976.7146306259476,9141649
2016-12-07,987.0242919921876,987.4584250569668,972.3735457730684,978.0168505898198,7871168
2016-12-08,994.7294311523438,1022.2943889704426,983.0088108937908,1021.2092385551744,17990386
2016-12-09,1000.2642211914062,1002.2176378767592,991.9079184647592,994.6210376730244,9502374
2016-12-12,1000.1557006835938,1003.1401074730094,984.0942344080214,1001.89211151863,9318307
2016-12-13,998.9618530273438,1003.4113219807516,994.0782510378572,997.8766418729618,9374384
2016-12-14,1000.6982421875,1009.5971799026923,995.1635014809842,999.2874616453915,9330551
2016-12-15,1004.1712036132812,1005.6904873569264,974.9782715211364,988.8693775140586,9362124
2016-12-16,1010.3569946289062,1010.4579685236022,999.070566205714,1006.1245915599488,9706629
2016-12-19,1019.2560424804688,1023.922578869774,1003.9541553839877,1013.1786645232716,7584178
2016-12-20,1017.9534301757812,1019.255768472156,1012.9613256463708,1018.4961267906816,5755334
2016-12-21,1014.372314453125,1017.9535783150916,1008.761615113854,1013.2871032191056,4448116
2016-12-22,1013.0701293945312,1014.6675570769904,1008.2950295177086,1009.7058710407472,4176633
2016-12-23,1032.3873291015625,1032.3873291015625,1010.3569870030018,1011.3337561140744,2225760
2016-12-28,1025.5504150390625,1029.5656909842342,1017.9536926758364,1020.4497455841996,4927546
2016-12-29,1029.9998779296875,1030.4340110690848,1020.449798913848,1020.449798913848,3980674
2016-12-30,1032.712890625,1041.8289569935305,1024.155793384796,1034.1237321050994,4149962
2017-01-03,1022.9457397460938,1043.000865858373,1019.0387850236574,1039.6583448396595,8278709
2017-01-04,1014.6979370117188,1020.731779792782,1007.9694205676803,1010.5740369579122,7760632
2017-01-05,1020.9923095703124,1028.2634016563393,1010.4655227346972,1011.6592977155188,13629313
2017-01-06,1024.8992919921875,1025.1043971237973,1012.9854647263728,1017.5195753548368,5309856
2017-01-09,1031.7362060546875,1045.991922847281,1023.379842049604,1029.0232081002666,6503167
2017-01-10,1014.2637329101562,1037.2709028491354,1013.9381634739104,1031.084962124645,9799156
2017-01-11,1013.3954467773438,1016.1085655126392,1000.8066219911776,1005.7987264620964,7049548
2017-01-12,1031.62744140625,1032.3870223068704,1010.7908197238496,1014.372082767846,8699938
2017-01-13,1038.4647216796875,1046.3869525724156,1013.3956904072936,1041.8289800053894,9700469
2017-01-16,1048.7745361328125,1051.9216672895284,1025.0241150944396,1039.7670329089588,4982163
2017-01-17,1033.2552490234375,1048.991264959002,1027.394999939696,1045.0844322365076,8115394
2017-01-18,1030.216796875,1043.2396955006914,1018.8217453980426,1040.6350186268985,10131289
2017-01-19,1016.3256225585938,1023.1626408282282,1009.5971679033044,1023.0541986496931,8039328
2017-01-20,1017.9534301757812,1025.1160175752789,1014.9148027319814,1023.4881706021891,7575325
2017-01-23,1014.480712890625,1018.9031622444712,1008.403397026549,1016.6511958530604,7484927
2017-01-24,1013.5043334960938,1015.6194422883848,1009.814505412054,1014.8066114744792,6515339
2017-01-25,1000.58984375,1016.6513101860712,1000.5811003706468,1014.697893515569,6627816
2017-01-26,991.148193359375,1003.6283949455149,990.0629821980224,1002.1089900273874,9860918
2017-01-27,1000.806884765625,1004.423001089696,993.691048366278,997.768256559598,7084645
2017-01-30,998.2024536132812,1002.3262934317744,993.8614257882105,1000.4814400932618,4805804
2017-01-31,1006.775634765625,1010.1399536692028,998.0938230969977,1003.4114372978754,8260587
2017-02-01,991.5820922851562,1013.6124896080834,988.6520285542492,1009.2714633022376,7101066
2017-02-02,999.6130981445312,1003.3137944852928,984.09432710083,989.0863113885468,5745841
2017-02-03,1007.1011962890624,1009.7057517556916,999.612977886684,999.9386080379226,5570142
2017-02-06,1013.0701293945312,1017.30259324573,1007.3075133130822,1010.1400041484133,4869311
2017-02-07,1022.7283325195312,1025.387169128803,1012.635682625346,1014.589098733898,6223182
2017-02-08,1039.3328857421875,1044.9761304561423,1018.3878149798657,1019.9070380005436,8757479
2017-02-09,1039.2242431640625,1054.6346923967287,1037.704959540874,1039.0072373424146,9601294
2017-02-10,1040.092529296875,1042.9140907757912,1034.7748543598514,1039.00725729614,6745136
2017-02-13,1036.5111083984375,1042.8056129259858,1033.3639775704878,1038.1390770617918,5212540
2017-02-14,1039.3328857421875,1047.7978135310375,1035.1004825656803,1038.1391714787076,6976659
2017-02-15,1033.47265625,1046.0614238349049,1029.8913919507463,1042.3715958964551,5996971
2017-02-16,1039.658447265625,1040.309586210877,1030.5423805962662,1037.8134726301887,4751745
2017-02-17,1043.131103515625,1054.8516026678249,1036.4025878599298,1039.5498398857862,8417814
2017-02-20,1042.8056640625,1046.8210612325868,1038.3561337985084,1046.8210612325868,6766551
2017-02-21,1051.4876708984375,1051.7860387547616,1040.7437564823078,1046.60400719883,5491509
2017-02-22,1052.68115234375,1061.0916752538706,1050.5107300741158,1052.68115234375,7878006
2017-02-23,1054.7432861328125,1056.3711334312047,1045.4102139981435,1054.417595237304,7397114
2017-02-24,1061.03759765625,1063.9329919499892,1047.580565652936,1052.6812344664215,5565364
2017-02-27,1061.797119140625,1067.2233570872677,1054.4174646777865,1065.5955099904377,4273412
2017-02-28,1060.8204345703125,1064.232416733754,1053.6579071843244,1063.5335536042169,6320987
2017-03-01,1055.8284912109375,1062.457187758269,1050.9449490636666,1061.6887417876626,7760262
2017-03-02,1068.6341552734375,1068.6341552734375,1047.797710906797,1055.1773659105313,7194196
2017-03-03,1059.9525146484375,1069.7195995183858,1052.681422099973,1068.960018319063,7104984
2017-03-06,1061.4716796875,1062.6653938927284,1053.006873747557,1060.7120985731865,4326699
2017-03-07,1059.626708984375,1065.3783949805786,1050.5682042785477,1065.3783949805786,5391530
2017-03-08,1058.64990234375,1060.9288880937,1041.7201724797446,1058.5413387341982,7221575
2017-03-09,1063.9674072265625,1064.0628557540265,1050.7273849608457,1058.866861360741,7202797
2017-03-10,1062.1231689453125,1070.0454022116187,1059.084479178263,1063.4255686476506,5702171
2017-03-13,1064.1849365234375,1066.7894925338671,1056.8052802033233,1062.557089016919,3924729
2017-03-14,1068.5255126953125,1074.0601921922466,1064.1845471210777,1064.40167433306,4530137
2017-03-15,1060.060791015625,1069.1767344238212,1057.2347368381386,1068.2000262015144,4997857
2017-03-16,1068.2001953125,1073.3007430245418,1059.8200301522625,1067.006481108191,6391815
2017-03-17,1068.6341552734375,1068.6341552734375,1056.8050916908514,1066.680860049889,8848984
2017-03-20,1075.037109375,1075.796811893057,1066.3551765383663,1070.2621313199288,3193357
2017-03-21,1085.781005859375,1092.2925161048977,986.8202824058428,1083.0678867100592,8582779
2017-03-22,1086.8663330078125,1096.0908414353378,1076.8820005994671,1090.6646028611094,8284408
2017-03-23,1093.3775634765625,1095.5481071655947,1082.3082035442562,1087.951325689793,5928404
2017-03-24,1099.3465576171875,1109.6563382494005,1093.377743642529,1095.5482876892218,6433982
2017-03-27,1101.5172119140625,1104.8922783081389,1089.0368859860089,1099.3466676501212,5118651
2017-03-28,1099.8890380859375,1109.2655835470716,1095.0054965556517,1101.5170066985204,7168433
2017-03-29,1099.3465576171875,1103.687524274742,1089.4144424199758,1103.687524274742,6202725
2017-03-30,1091.75,1099.889237358437,1085.781185458532,1099.3466620131555,7642438
2017-03-31,1099.8890380859375,1106.1618054052694,1089.579379778385,1091.2071055193262,7634490
2017-04-03,1095.00537109375,1108.8746760249942,1092.2923737338729,1104.2298778504298,5372549
2017-04-04,1095.00537109375,1104.2298778504298,1092.2923737338729,1098.8037616948689,3757850
2017-04-05,1098.803955078125,1104.230072188652,1091.7498692550291,1098.2612583619928,3979042
2017-04-06,1106.4007568359375,1115.4950871644137,1096.0909751486988,1098.2613979816654,9880824
2017-04-07,1120.5086669921875,1125.3923302608546,1103.1448007832114,1105.8579200578424,7283018
2017-04-10,1113.9970703125,1120.5084582096958,1109.1134079537976,1112.369223338201,4588041
2017-04-11,1118.8807373046875,1122.6791282965703,1105.8578386071422,1111.284076756741,4585108
2017-04-12,1129.7333984375,1130.8186706487995,1111.7075819696574,1117.2531930330367,9973887
2017-04-13,1124.3067626953125,1129.1632230617402,1117.2526787228826,1123.7640661215585,4904974
2017-04-18,1098.803955078125,1125.0015491628592,1095.5482605246434,1121.051241672193,7459701
2017-04-19,1080.57177734375,1100.9743314154346,1078.184349061975,1098.8039089495055,7816864
2017-04-20,1074.7115478515625,1082.3407535818633,1069.068303609735,1080.8974887970703,7692157
2017-04-21,1087.4090576171875,1090.1221772768754,1070.8050130290217,1086.3239069019887,10527683
2017-04-24,1104.22998046875,1104.22998046875,1094.0395723577112,1097.175895231583,7725159
2017-04-25,1096.633544921875,1106.4007512101691,1073.055683080932,1106.4007512101691,5934087
2017-04-26,1091.2071533203125,1096.6333917710992,1086.8663082826745,1096.6333917710992,7855937
2017-04-27,1092.8350830078125,1097.175927890553,1085.7809975606706,1086.3236942478795,3963004
2017-04-28,1085.2384033203125,1093.9203367770149,1075.037186154812,1093.9203367770149,6437583
2017-05-02,1092.8350830078125,1094.4629301977957,1082.850751182879,1090.1219638792331,6283496
2017-05-03,1102.059814453125,1103.144965176026,1090.122185014442,1092.292729331937,4681611
2017-05-04,1100.974365234375,1101.5170619443948,1085.2383464886846,1087.951465731303,6091211
2017-05-05,1107.4857177734375,1108.0282929702578,1089.036582416024,1093.377548298015,5145926
2017-05-08,1116.16748046875,1127.9825770492791,1106.4003987279416,1107.4856705110774,6732000
2017-05-09,1119.966064453125,1122.1364869585077,1101.5170481319835,1111.826706827333,4859204
2017-05-10,1128.105224609375,1131.9036155325668,1114.5397509165196,1116.1675980447967,4886991
2017-05-11,1120.5086669921875,1129.7331753772703,1116.7103971563663,1118.3382444339795,10087715
2017-05-12,1131.9034423828125,1131.9034423828125,1117.6868320133922,1121.5936645236209,5493517
2017-05-15,1135.1593017578125,1144.3838092313924,1126.477369511214,1134.0740298680337,7085594
2017-05-16,1142.755859375,1147.0968251080242,1131.3609305821417,1132.9886561167446,12862961
2017-05-17,1151.43798828125,1151.43798828125,1134.0741223717243,1140.0429360986454,10174725
2017-05-18,1138.9576416015625,1168.2591343855993,1129.1905582974327,1152.52323747256,10805214
2017-05-19,1143.8414306640625,1148.7249728539662,1127.020138505777,1143.2988553437967,10252833
2017-05-22,1058.686279296875,1062.1704372447257,1044.749647505473,1048.7315423030163,13512341
2017-05-23,1071.6273193359375,1073.1205297205208,1055.2020051055215,1062.668057028438,8631307
2017-05-24,1076.6048583984375,1080.5867533902024,1064.161436549172,1070.6320159107902,9251282
2017-05-25,1079.59130859375,1088.4500773492196,1077.1026241571576,1082.5777299176607,5952256
2017-05-26,1086.061767578125,1091.616466877632,1077.8819196499016,1083.5730834177718,8333458
2017-05-30,1084.0711669921875,1090.0440108874611,1078.5960600881865,1088.05306292237,8845465
2017-05-31,1084.5684814453125,1092.034533405698,1081.5820606611585,1087.5549022294667,11435920
2017-06-01,1045.504150390625,1064.9206560407367,1045.006291271391,1064.9206560407367,9895003
2017-06-02,1029.572509765625,1050.9804487984693,1029.572509765625,1050.4825897511937,20813218
2017-06-05,1029.572509765625,1050.4825897511937,1029.4798904799743,1035.5468183329303,14599207
2017-06-06,1022.6025390625,1029.5725661057693,1020.113243689904,1027.5811298076924,14171819
2017-06-07,1016.1305541992188,1023.4172141202622,1012.6455400495888,1020.6112866773144,12163273
2017-06-08,1016.6281127929688,1019.007893480127,1007.168791469234,1011.649522622582,11026587
2017-06-09,1015.6324462890624,1032.5596537272136,1013.0545428642308,1026.5853452196309,12273636
2017-06-12,1006.1731567382812,1015.1346197869152,1005.4263681508952,1013.1431835538854,9191160
2017-06-13,1013.6412353515624,1018.5202793597384,1009.160502975254,1017.1262494220248,8899176
2017-06-14,1011.15185546875,1019.1176012528464,1011.15185546875,1014.6368692492922,11460723
2017-06-15,1006.6708984375,1016.6280784418274,998.705154434038,1016.130219441611,10224538
2017-06-16,1013.6412353515624,1016.1305311161784,1009.6583621281771,1010.1562212811004,13121549
2017-06-19,1016.1305541992188,1020.6112866773144,1013.6412583780544,1020.1134275130814,813404
2017-06-20,1013.6412353515624,1029.0748690921805,1013.6412353515624,1021.6069817983332,1296212
2017-06-21,1003.6839599609376,1014.636860317654,1002.3297977752776,1017.624014960395,1827380
2017-06-22,996.7138671875,1006.1731896033654,995.6186015330828,1004.1817533052885,1305117
2017-06-23,995.7180786132812,999.2030918884276,992.575586522892,997.2116557312012,1218196
2017-06-26,997.895751953125,1003.1859905752992,988.4055568620915,995.718104789379,1267724
2017-06-27,980.9815063476562,1000.1988539553004,980.3840390099268,998.2074177104917,2406123
2017-06-28,967.2406616210938,981.0811078195916,967.2406616210938,983.4708557543466,2780958
2017-06-29,952.90234375,969.2470365763955,947.5254410117896,967.6389613627392,2385347
2017-06-30,947.7244873046876,959.8284425142928,946.529613414948,952.3048270863866,1123687
2017-07-03,949.9152221679688,953.1015327618704,943.3435059467748,947.9237856435076,9438876
2017-07-04,937.966552734375,952.404466762664,937.8729610570296,950.0147187519036,6083285
2017-07-05,935.9750366210938,939.316684634504,926.4161669395944,937.8669253663418,8676027
2017-07-06,928.40771484375,942.558837729148,925.6196551420098,941.4515995282148,7715998
2017-07-07,930.6978149414062,940.3562936491066,928.4076752331018,936.5725158649856,6450955
2017-07-10,927.1131591796876,935.875527651284,927.1131591796876,931.5938909224664,5489140
2017-07-11,927.1131591796876,927.1131591796876,927.1131591796876,927.1131591796876,0
2017-07-12,927.013671875,931.1957005946132,917.2556453784478,918.052207807465,13024579
2017-07-13,931.295166015625,940.7544883641964,928.5071673729138,940.7544883641964,19708730
2017-07-14,926.1172485351562,935.1783184183022,926.0376348556435,932.0915562838586,9999679
2017-07-17,928.3079833984376,932.2908558453032,925.6195323420412,926.1173913978994,4591491
2017-07-18,937.2695922851562,940.85421450955,926.2171438343707,927.909877042516,9145283
2017-07-19,941.4515991210938,945.0361604877544,936.2738521007248,940.5554283925192,7690553
2017-07-20,951.40869140625,955.1924082178336,944.4386643629808,946.9279597355768,9028884
2017-07-21,949.9152221679688,953.3006885690806,947.9237856435076,949.5169105535488,9236588
2017-07-24,930.9965209960938,953.0417366244336,927.9117636344888,951.5082916946096,12796879
2017-07-25,933.6849975585938,940.5554168896388,932.09181192437,934.1828566741978,11775438
2017-07-26,940.6549682617188,945.9322624130498,935.078910040048,936.7716430854448,10052375
2017-07-27,941.15283203125,945.9760850411044,934.7802113958572,938.8626923814044,8840500
2017-07-28,930.6978149414062,942.546825072988,928.1089111536488,938.5639522676532,8409006
2017-07-31,932.7888793945312,939.2610482620274,925.0222889083,928.8060062453028,10558073
2017-08-01,940.1570434570312,946.6292111158584,935.4074486659342,938.4643105299606,11628070
2017-08-02,941.8499755859376,955.4016872259014,937.7674940426364,942.9452414195569,10310689
2017-08-03,953.8980712890624,954.9744363830566,938.6635944138442,941.451593323391,10681527
2017-08-04,950.9107055664062,956.0884514059268,949.9149875501064,953.798312123198,8415388
2017-08-07,952.3047485351562,954.1965763285358,944.9364108010526,950.7115632223148,9420240
2017-08-08,953.4000854492188,957.5821136445936,948.72019820139,954.196647778383,5385619
2017-08-09,958.577880859375,958.577880859375,948.3219960081572,953.0018227219326,10265553
2017-08-10,955.5906982421876,963.7555990349792,952.8026996425008,957.5821344953654,5386001
2017-08-11,950.9107055664062,958.0798874385264,950.7115498083854,957.6815759224846,6599607
2017-08-14,959.6732177734376,961.266403405486,949.218176360026,951.4087686204568,4239835
2017-08-15,961.565185546875,965.2493554540996,955.5908756780206,959.3745931068638,4945229
2017-08-16,960.1710205078124,965.3487671537558,957.3830217827089,964.2535014747626,7351647
2017-08-17,962.06298828125,966.4441121305132,958.2792710743076,959.3745368431684,6446322
2017-08-18,956.1881103515624,961.7641683570716,953.8421804426716,958.7770139599884,8440097
2017-08-21,955.889404296875,958.0082832387805,952.2052350630518,954.495374606084,7136283
2017-08-22,967.9375610351562,969.5307464929122,958.2113810819308,960.0714243441882,6881143
2017-08-23,966.3445434570312,971.2235870998292,962.1625147308926,968.73429152163,5183720
2017-08-24,968.1368408203124,974.2107586001936,965.6475451991691,967.1411225718552,7514390
2017-08-25,966.0458374023438,972.31289425272,965.5041603655868,969.7300070023928,4525138
2017-08-29,957.6817016601562,966.1453059099242,955.789873645084,962.6602923953138,9816599
2017-08-30,961.565185546875,962.1625922242312,952.0062532924144,959.7729047409832,10503948
2017-08-31,970.5266723632812,970.8253757087344,957.8810373659512,961.6647548806154,9350861
2017-09-01,964.6516723632812,977.5681123404764,964.1538133188355,970.82513666917,6745183
2017-09-04,964.55224609375,968.9333697712289,959.7728108211292,960.3702174400256,3438664
2017-09-05,965.5478515625,971.1238486004892,963.6559628672128,968.4353975817478,7794207
2017-09-06,966.2448120117188,972.3186677567958,961.8636283185508,966.7426710325876,10301467
2017-09-07,977.2972412109376,977.3967887038822,963.3571888655956,964.4524543832076,5227210
2017-09-08,970.2278442382812,977.197871680298,965.6475040263804,977.098263395408,5014460
2017-09-11,967.7384643554688,975.7320437144632,967.6388560792628,975.5050535304302,3884894
2017-09-12,954.4954223632812,971.3230839029036,954.4954223632812,971.0243806038776,8129601
2017-09-13,952.0061645507812,955.279138468378,946.6293226343104,951.3092104167732,10187951
2017-09-14,947.923583984375,958.5777792784564,945.546781174729,951.5081446563058,12671583
2017-09-15,949.8154907226562,955.9888941339708,940.256560792006,948.5210086133728,19746378
2017-09-18,943.4429321289062,952.42827944454,942.546761498626,948.9193818668576,7048616
2017-09-19,947.0274047851562,949.1184491362014,937.7403771333334,939.559519475294,10570231
2017-09-20,947.0274047851562,951.010276950416,944.4385621872598,944.4385621872598,5921731
2017-09-21,943.84130859375,947.525417324472,939.0618126020162,939.2609683973078,8640226
2017-09-22,940.057373046875,945.9321337661024,939.2608107732016,941.8497141298976,7552725
2017-09-25,943.74169921875,945.9322914167942,937.9665458048634,939.7588264127846,8070641
2017-09-26,939.161376953125,947.226669707708,938.4643620891184,945.932248259589,8672749
2017-09-27,921.3380126953124,940.2248124907856,919.4461846321882,937.169955944767,15200959
2017-09-28,916.9568481445312,920.2386947397488,910.6837753207252,919.047831903259,9241172
2017-09-29,920.6409301757812,924.3250992974432,915.7619479541728,918.8486497520512,5765328
2017-10-02,933.1870727539062,933.1940009686504,917.2555821760292,919.44617428525,6061748
2017-10-03,927.013671875,934.1828552837916,924.5243763006848,933.2866845675107,8466618
2017-10-04,925.8186645507812,932.4899878842128,922.8315102916754,928.009256495554,7910037
2017-10-05,932.4900512695312,936.5784879991168,926.2449342339866,930.1999116699748,5407471
2017-10-06,933.7845458984376,935.2781232465712,928.4077039094468,935.2781232465712,5434762
2017-10-09,938.46435546875,938.9622145432692,931.2951726409106,933.0874531544172,10381435
2017-10-10,937.966552734375,938.9622709432224,929.4034004478128,935.8755688053218,5833765
2017-10-11,938.962158203125,940.2565795644438,935.9849708399488,938.2651433858582,13169431
2017-10-12,935.47705078125,942.5466241945036,932.987755808442,940.2564849742809,7651829
2017-10-13,927.8102416992188,936.771705838182,927.8102416992188,934.1828627297864,6337543
2017-10-16,912.2770385742188,928.731245573781,906.4022768101244,927.8102183818536,10408782
2017-10-17,921.0393676757812,924.9226931030768,908.3548994626386,912.0779035578548,8523122
2017-10-18,930.6978149414062,930.6978149414062,924.2256466327368,926.0179272403744,5564706
2017-10-19,930.7971801757812,932.9877719444992,924.0263098874016,924.325013134544,5380511
2017-10-20,921.8358764648438,934.8798210528277,921.138861585914,931.1956516417538,5329001
2017-10-23,931.195556640625,935.0788206719504,921.8357824186048,922.3336414565036,6361015
2017-10-24,919.2470703125,932.0917988506304,916.6751223783156,932.0917988506304,7831362
2017-10-25,899.233154296875,922.1346747353062,896.6722062623263,918.7492690478308,11671546
2017-10-26,903.8134765625,909.787786121216,894.453700610984,903.9130240789508,11087883
2017-10-27,913.0736083984376,915.3139743950532,905.7052692555972,908.8915797166584,8549878
2017-10-30,900.92578125,911.3808219559572,900.7266254627428,909.7876972055273,8675418
2017-10-31,902.12060546875,907.2983517829354,900.1291692535872,904.6099007377036,8338755
2017-11-01,894.8519287109375,905.5061252510916,894.8519287109375,902.31981496238,20123747
2017-11-02,911.2810668945312,920.4416840576018,892.0637228905526,892.5615818583956,8998417
2017-11-03,914.4675903320312,918.4504630063452,907.8709574651986,910.783420953528,7270939
2017-11-06,916.0606079101562,920.4417916488144,911.9781882061664,912.6751422235742,4855789
2017-11-07,914.9655151367188,918.6496240060312,909.5338551203082,915.861625088517,8633607
2017-11-08,924.3251342773438,924.524290059475,910.285532857371,910.285532857371,11006783
2017-11-09,900.3284301757812,923.0307935251974,890.7705319172579,920.2427946531318,14108581
2017-11-10,890.9686279296875,907.1988223388232,890.9686279296875,907.1988223388232,11324835
2017-11-13,884.1975708007812,900.22860605195,880.2246657638971,891.8646114410891,8671936
2017-11-14,879.7169799804688,887.3840218419089,879.5178241969614,886.189147914677,5972183
2017-11-15,886.189208984375,892.9600806735373,879.3187290096886,880.6132113047865,9683016
2017-11-16,885.69140625,889.6942131660037,879.6175490776563,888.2802494573352,15259931
2017-11-17,879.0199584960938,885.0938755912942,874.8379301692272,883.6998458910681,8631352
2017-11-20,876.2320556640625,878.7213512767445,872.946197610086,877.0286181053569,4076720
2017-11-21,874.4397583007812,876.232038952967,869.5607146834479,874.3401500138824,8059565
2017-11-22,887.4835205078125,887.4835205078125,869.3614391345396,871.4524835855764,11215921
2017-11-23,862.5292358398438,868.7036867599128,855.7572829012449,868.504499159229,10089927
2017-11-24,863.0271606445312,867.0106694603999,859.5415904306462,862.0312834405642,6159369
2017-11-27,874.1810302734375,875.1769075147569,861.4338137412541,863.3260048131701,9508676
2017-11-28,879.8574829101562,882.3919732976825,858.4461236769152,858.4461236769152,9296039
2017-11-29,876.3720703125,878.1646373905241,868.7038025405596,871.6914345984433,11640013
2017-11-30,881.351318359375,887.2270181285122,872.0896725943364,876.3719323799435,15298163
2017-12-01,881.351318359375,885.7332023346828,876.0731813778816,879.8575025655456,10706160
2017-12-04,881.351318359375,884.1397623511526,878.2641233655355,883.4426361573281,8646518
2017-12-05,877.0691528320312,883.0444166495082,872.3885173516356,872.3885173516356,15856474
2017-12-06,874.2806396484375,881.8492822407653,873.3843258330336,874.5793906590648,10720522
2017-12-07,872.1892700195312,879.1604106626389,870.6954541674368,875.9735913547994,8940316
2017-12-08,874.1810302734375,875.7744703296622,868.2057668255212,871.3925861544478,9940727
2017-12-11,875.3760986328125,877.965355157225,870.6954634231223,871.6913406684384,7362710
2017-12-12,880.6541748046875,880.6541748046875,873.5834711666919,876.3719151034993,10317313
2017-12-13,870.7951049804688,879.9571271932385,870.7951049804688,878.363747882372,15017433
2017-12-14,858.2468872070312,869.4007230732653,858.2468872070312,868.0064707961678,26533658
2017-12-15,865.0188598632812,866.9110507435032,857.1514669240017,857.1514669240017,16213602
2017-12-18,867.5087280273438,870.0980455858391,863.2264676148093,865.2182222981769,8266084
2017-12-19,869.5003051757812,876.3718817437698,867.7077384834633,871.8904346212164,7473826
2017-12-20,866.6124267578125,871.2930621604671,864.8198597990477,865.8157370854199,8233433
2017-12-21,863.5252075195312,867.7079044573445,861.0355141974434,863.1268930581142,8398572
2017-12-22,863.0271606445312,866.6123550489255,860.8362794226201,861.1350304271061,4195826
2017-12-27,864.0228881835938,871.5915900928161,858.0476259948178,858.0476259948178,6178529
2017-12-28,866.4132690429688,870.5959659467783,864.1227633619745,866.5128324616315,4432127
2017-12-29,871.4921875,872.0897503409166,864.7202341209593,866.0148624343233,2463616
2018-01-02,858.3467407226562,876.0733459833817,856.8529246481535,872.3885875095688,7159166
2018-01-03,850.77783203125,861.8321048006536,841.3169991624854,861.8321048006536,10337939
2018-01-04,856.0559692382812,859.9399144158709,849.5827677979765,852.9687744032351,9511991
2018-01-05,864.8197631835938,865.6164527669822,854.960554836544,856.0559954157633,9034287
2018-01-08,861.035400390625,867.1102877636919,855.8568875919717,865.4172843717381,9036218
2018-01-09,847.1927490234375,866.9111054925255,843.0100526127775,863.3259718739715,11768981
2018-01-10,835.0430297851562,850.8775015327731,834.4455277802923,844.4042997514928,14478089
2018-01-11,841.317138671875,849.0849695270812,838.1303191256674,838.528694362766,12959317
2018-01-12,838.8274536132812,844.8027175271123,835.2423195783937,841.0183958717248,14299116
2018-01-15,838.5286865234375,842.2134446898065,829.7649784409431,837.6323726401088,9078961
2018-01-16,837.93115234375,840.8191599326893,834.0472067095436,838.8274054092038,7905027
2018-01-17,840.1221313476562,849.981341698343,838.2300008005204,839.624192658905,7181340
2018-01-18,827.1755981445312,841.5162544870689,824.586341674903,840.1220020597169,12270620
2018-01-19,827.0760498046875,830.8603711690639,823.789667061506,829.5657429106619,9100119
2018-01-22,824.5864868164062,832.7526936493139,823.291858353715,826.5782416154797,7000226
2018-01-23,817.1171875,822.1961365641072,796.7017062766605,819.308129348964,15112639
2018-01-24,802.5774536132812,819.8061168839104,802.5774536132812,815.5238571135894,11915527
2018-01-25,792.3199462890625,805.7642896816384,790.4278159113339,802.0795923416049,9517711
2018-01-26,803.673095703125,808.1545441921759,797.7973944818442,803.573532272338,7710595
2018-01-29,801.1832885742188,807.7560544467494,795.2080247688175,806.1626750787198,9175409
2018-01-30,797.8968505859375,801.7807353213582,794.4112802732786,798.6935402149836,8605676
2018-01-31,801.382568359375,805.9635801569747,798.6936871809867,802.0796947068881,9810379
2018-02-01,794.3116455078125,812.7353740580791,793.7141434898612,804.0712908801764,8409780
2018-02-02,788.1372680664062,795.2079721212639,780.5685646105424,793.7141562688132,7695265
2018-02-05,777.9793701171875,788.9340205749004,777.9793701171875,781.1661896797731,8542861
2018-02-06,745.61328125,769.1159591545718,745.61328125,759.7547498259975,16398026
2018-02-07,766.0288696289062,768.7177506300934,750.891521755121,752.7837130331677,15875232
2018-02-08,757.4641723632812,761.5473053445353,751.3893457698688,759.8543019515041,10638098
2018-02-09,746.409912109375,753.4806154490392,742.5259669724506,750.8913592134339,9948835
2018-02-12,745.8125,753.8790814457858,743.8207454915567,751.8873269373426,11065767
2018-02-13,733.7623291015625,748.1029854916802,733.7623291015625,748.0033612988119,12481159
2018-02-14,741.1318969726562,744.1195288652225,731.4718750299864,737.0487635826997,17034686
2018-02-15,737.845458984375,743.5219105298135,729.9780046076639,743.1235961106455,14525568
2018-02-16,746.509521484375,750.0947158585319,742.5260127021029,742.9243878937382,9400020
2018-02-19,744.3186645507812,751.0906175447512,741.6297838783678,748.9992388957531,7521286
2018-02-20,744.916259765625,750.9910873032429,741.1319379823452,744.8166963437742,11011862
2018-02-21,743.5218505859375,751.8872428998191,742.8247852127115,746.3103552129094,10364268
2018-02-22,747.90380859375,751.6881299558952,736.9491589339215,738.3434113858543,12290609
2018-02-23,754.8749389648438,757.0658810235569,748.2025493792944,748.9992390051386,10861992
2018-02-26,762.543212890625,764.7341549697726,756.368761861581,761.0493970344139,8424496
2018-02-27,753.3811645507812,764.8337533046927,751.6881610130632,762.5432477106156,12699702
2018-02-28,737.1484375,751.4890350814129,737.0488132934128,747.4059621995975,17449097
2018-03-01,740.3352661132812,746.7088448537075,732.4678105243522,735.9533813426191,14766026
2018-03-02,736.1522827148438,744.5176129556272,735.4551566655682,736.4510336549597,11941673
2018-03-05,746.609130859375,746.609130859375,734.5589805619962,735.8536695173608,9919393
2018-03-06,754.7753295898438,760.4517808179909,751.0905719132525,753.3810772418842,14462809
2018-03-07,776.2861328125,777.5807607746644,738.940744768281,745.2147578030078,19508371
2018-03-08,788.3363647460938,793.5149383266348,771.5060765887355,772.4023295958259,15507638
2018-03-09,780.4691162109375,795.0089016706419,776.4856066840562,788.3365110564092,14448518
2018-03-12,780.5685424804688,789.8301883463796,777.5809108602703,786.7429933189163,10045149
2018-03-13,772.9002685546875,783.5561667231021,772.1035789535066,783.3569791269268,10214791
2018-03-14,775.290283203125,779.0746038353398,769.414584296402,776.7840987776975,11428489
2018-03-15,766.825439453125,782.261535961597,766.825439453125,776.9833989895977,12419166
2018-03-16,777.4813232421875,780.2697671775028,765.8295481295465,765.8295481295465,31422305
2018-03-19,762.742431640625,777.7801542271247,757.962172078734,777.5809666147917,14898245
2018-03-20,758.1613159179688,763.9373916409874,754.7753698378995,758.9580055377779,8490695
2018-03-21,756.8667602539062,761.0494571383308,754.5762545835277,758.9580783043547,7461860
2018-03-22,754.078369140625,755.7713728542155,744.5179097610426,751.6882390998464,11476410
2018-03-23,752.1862182617188,761.0495517909728,748.4018961464941,748.8998348664851,10985480
2018-03-26,750.8912963867188,758.9578761856915,748.5011671511284,754.476429456593,10867449
2018-03-27,760.3523559570312,760.3523559570312,751.8873984905811,757.165536283544,8186489
2018-03-28,801.9798583984375,801.9798583984375,760.2526421971704,762.7423350773242,17618380
2018-03-29,798.8927612304688,806.9593428351559,794.5108769121665,802.0795806634591,15213109
2018-04-03,792.3199462890625,800.2869645957741,790.1290648815375,792.7183215178084,11697804
2018-04-04,799.4902954101562,803.3742412476215,793.4154681090208,803.3742412476215,13639473
2018-04-05,820.702392578125,820.702392578125,801.5815985835161,807.1584867013568,14565385
2018-04-06,821.1007080078125,827.5739094657273,814.7270699512279,821.0011446064823,7396547
2018-04-09,830.3624267578125,830.3624267578125,818.3123365223302,821.7979068463897,8538404
2018-04-10,821.5987548828125,833.6488456410169,810.5445414032539,833.6488456410169,14645661
2018-04-11,824.08837890625,828.9682014754171,816.9180509451653,817.7147405445036,13289295
2018-04-12,820.2045288085938,829.2670488064059,820.2045288085938,829.2670488064059,11647785
2018-04-13,822.8933715820312,823.1921226047062,812.6358479133592,817.3164832136827,6687872
2018-04-16,812.3370361328125,822.4949956286807,806.6605239924579,822.4949956286807,7444476
2018-04-17,816.7188720703125,817.2168106731559,805.3659083955959,814.1296156489352,6320702
2018-04-18,822.5946655273438,827.4744887040526,814.2292717339935,818.3124052121757,7574321
2018-04-19,806.859619140625,817.9138303709394,803.5732369464921,817.5155160106428,9914098
2018-04-20,809.5487060546875,812.4367138422278,804.9676338655277,811.2416488892501,8783785
2018-04-23,793.2161254882812,810.3452240962065,786.2449856534815,807.9550946965833,14039879
2018-04-24,798.2952270507812,800.6853569071986,793.8137791576439,795.8055337768161,10753501
2018-04-25,802.5774536132812,804.6687714037691,793.9133098832941,795.4071256717912,11049221
2018-04-26,822.8933715820312,822.8933715820312,802.4778876577373,805.1667684288614,9185229
2018-04-27,838.2297973632812,838.7277359311835,823.291640326215,825.6817089820356,7835283
2018-04-30,839.325439453125,846.8941439728816,834.7444278417568,840.7196920914708,7740510
2018-05-01,842.5120849609375,848.6865355653455,840.9187058039696,845.0017778833989,7666373
2018-05-02,841.5162963867188,844.4043647942369,838.3294769537563,843.2092999089355,9351517
2018-05-03,842.31298828125,845.1014324986597,839.4249806496033,840.5204213403098,6993616
2018-05-04,847.491455078125,851.1762126916899,844.8025746150631,847.5910184797683,6911295
2018-05-08,838.5286865234375,853.4668460220736,833.5493000238922,847.7903332558866,6832663
2018-05-09,840.819091796875,840.819091796875,820.7023605831271,833.7483881248861,10877063
2018-05-10,840.4208374023438,843.7072201777322,832.652946208759,843.7072201777322,6922403
2018-05-11,842.7113647460938,842.8109281604773,831.2587760498305,841.6158632702491,8487305
2018-05-14,846.7943725585938,850.2799427649957,842.9104879415726,844.0059285501763,5613229
2018-05-15,833.54931640625,850.0808555962365,833.54931640625,845.9977828997722,12277153
2018-05-16,829.0678100585938,840.7195860323382,825.4826762744525,835.2422611610803,13606166
2018-05-17,860.5375366210938,862.0313525467989,833.5492865434323,835.5410411110391,14629617
2018-05-18,878.4633178710938,878.7621296797018,858.1474579796127,861.4338408225776,16609698
2018-05-21,884.139892578125,886.1316472632676,877.2683753845002,878.3638161479171,9833226
2018-05-22,882.8451538085938,886.7290992724294,874.6789484638122,882.0484641908515,8150962
2018-05-23,881.5505981445312,891.4097469447264,879.2600925111642,884.3390424279139,11056072
2018-05-24,876.2723388671875,882.1479776509319,871.2929530588356,879.4590971577182,10568841
2018-05-25,876.3720703125,883.3432117808949,874.2807521853935,880.8535183993254,10630343
2018-05-29,875.9736938476562,879.7580764092368,867.5087363620161,874.3803143990652,11348442
2018-05-30,870.8947143554688,878.8617328973141,867.6083313636631,876.6707906416011,11226977
2018-05-31,830.130126953125,851.747592634383,830.130126953125,849.5559492412775,21768212
2018-06-01,825.2488403320312,843.4792160673768,823.7545462421999,834.2146048710191,12230611
2018-06-04,836.6054077148438,846.0692699306293,827.4403921452765,829.8312869209827,9352389
2018-06-05,823.7545166015625,837.5020095727467,821.8617198346906,836.107310817896,20826107
2018-06-06,821.7620849609375,828.53620543745,817.8768963331702,818.8730923092154,10230668
2018-06-07,826.6433715820312,839.7931700349889,824.2525378288408,838.4981274849723,10151781
2018-06-08,825.3483276367188,828.5361667718911,817.8768581650526,823.8540337423855,6124850
2018-06-11,829.1339111328125,830.2297632046783,823.7544892633024,825.7468812452643,6934798
2018-06-12,832.62060546875,835.9080401114288,826.2449875441865,832.7202615506363,7202717
2018-06-13,828.4365234375,834.2145085601596,828.4365234375,834.0152572105894,9511026
2018-06-14,831.1262817382812,834.2145257126795,818.5742368959504,824.8502593171158,18839225
2018-06-15,821.7620849609375,830.2297507573223,821.7620849609375,824.850268165487,27390296
2018-06-18,824.0533447265625,827.3407793714161,821.1643520005823,823.5552467257369,8539944
2018-06-19,823.8541259765625,825.8465180587308,819.869341812226,819.9689370951421,14338162
2018-06-20,829.2334594726562,833.7163408496164,825.1490199585328,825.1490199585328,13058993
2018-06-21,820.765869140625,832.8198158381448,819.5704218376785,831.7240246121795,14266182
2018-06-22,830.8274536132812,830.9270488908447,819.9688930278398,821.8616897253681,7905952
2018-06-25,827.6397094726562,831.1263958300424,826.8427647515649,828.9347522448027,5986299
2018-06-26,829.7317504882812,832.2222407217039,827.6397022104157,830.8275418697935,7663387
2018-06-27,832.8198852539062,832.8198852539062,827.1415556938516,830.5286465340191,9368076
2018-06-28,835.210693359375,837.5019318414184,830.0304623545547,831.8236028708071,12710013
2018-06-29,835.210693359375,842.2836601524161,833.6167433870595,841.9848135335365,10791061
2018-07-02,838.5977172851562,842.2836543672873,828.8350093833035,828.8350093833035,12334308
2018-07-03,854.536865234375,854.536865234375,839.0958281632372,839.0958281632372,8591130
2018-07-04,852.04638671875,854.6365326791818,847.2646583033825,852.04638671875,3314627
2018-07-05,855.8319702148438,858.1232696865053,845.5711634443243,851.7475908838439,5772695
2018-07-06,873.1657104492188,873.1657104492188,858.2227718790667,858.2227718790667,8685302
2018-07-09,864.4988403320312,874.5604559912489,864.4988403320312,873.5642600330873,9693587
2018-07-10,848.559814453125,860.5141674929989,847.4640230789967,860.1157255401267,9104901
2018-07-11,847.1651611328125,851.1499454075614,840.3909792233532,846.5674070098106,6078647
2018-07-12,858.123291015625,860.5141250238141,847.165134603228,847.3643251683416,8582109
2018-07-13,853.3414916992188,862.2076606533569,852.9430497705373,859.4183239406665,5419739
2018-07-16,837.1034545898438,854.5368839223829,835.8881247018038,854.5368839223829,5821157
2018-07-17,842.0843505859375,844.0767423113523,833.5170904878423,840.1916149285756,5175274
2018-07-18,836.8045654296875,844.6745374495607,835.2106762929154,843.5786854654284,7560968
2018-07-19,837.8006591796875,840.4903999726055,830.2295954987744,836.206770237274,6666415
2018-07-20,841.8851928710938,845.272283502134,837.4023109904107,837.8008137009955,5565730
2018-07-23,834.214599609375,842.7818613491787,821.26405091252,839.0959237902467,7641824
2018-07-24,814.8882446289062,835.8083584885726,814.8882446289062,835.8083584885726,9321473
2018-07-25,816.282958984375,818.9726393187971,807.4167909989162,816.382554254919,8629319
2018-07-26,822.8579711914062,824.6511119946648,811.9994094779773,815.5857518874785,5720403
2018-07-27,822.7583618164062,825.8465453245328,819.4708661299053,823.6549018011932,6636348
2018-07-30,807.4169311523438,820.9651736586293,801.1409079443289,819.3712842354136,11756044
2018-07-31,810.2061767578125,814.5894633822629,800.2442169776772,809.3096368593866,11577677
2018-08-01,787.4928588867188,811.0030578036406,786.5962582556018,811.0030578036406,11507009
2018-08-02,795.8610229492188,801.937794336665,785.7994066875548,787.19410543368,11683809
2018-08-03,805.7232666015625,805.7232666015625,794.2670132561559,799.1483976984322,8030328
2018-08-06,803.8304443359375,807.9148229420775,801.2402986807293,805.6235846800241,4976372
2018-08-07,806.5203247070312,812.1986545423573,803.0336384155307,803.0336384155307,6419625
2018-08-08,808.5126342773438,810.2061796065167,801.8381698435672,805.2251996989359,11238928
2018-08-09,807.3172607421875,809.6084993759752,803.6313233906272,808.2138006582027,5871447
2018-08-10,815.5856323242188,818.773471508783,807.6160647642957,809.9073032771786,9270029
2018-08-13,813.2943725585938,816.0837089710818,807.8152950043242,813.7924705180728,11218356
2018-08-14,815.2867431640625,821.6623603975705,815.1870870929779,816.482129593302,5171162
2018-08-15,818.0762329101562,818.7735823266281,806.7195732789959,818.7735823266281,8118130
2018-08-16,821.363525390625,822.8578192512507,815.6851965596525,820.2677342140219,7689432
2018-08-17,826.2450561523438,826.4442467266994,818.0762361053045,821.0648243564419,5525409
2018-08-20,827.6397094726562,829.930948346913,821.1644348089392,827.042016132584,6730118
2018-08-21,824.7505493164062,834.0151583449123,823.1565995117696,823.8539487511127,8465160
2018-08-22,815.0875854492188,826.8426861764325,813.7925428001406,818.574271475264,5998886
2018-08-23,816.0836791992188,821.662351820677,812.2981470058741,814.7886367124129,6128097
2018-08-24,811.2024536132812,818.6739241932936,808.3135214707997,817.1796300772911,4589221
2018-08-28,813.49365234375,818.7735399358332,811.4016650056275,814.7887558228529,5702773
2018-08-29,806.1217041015625,823.057033764188,805.7232014353715,815.1870621291916,7328250
2018-08-30,805.7232666015625,807.01830916697,798.9491463492215,803.8305307914977,5310628
2018-08-31,806.918701171875,814.2905753556224,803.2327640800012,804.0297086613045,7860073
2018-09-03,807.5162963867188,811.202233031175,804.8266163516786,807.5162963867188,4593398
2018-09-04,805.1256713867188,815.3864786891623,801.0412310410006,810.6047497407693,5634715
2018-09-05,799.8457641601562,804.5278365505852,793.2708343131479,800.5430526928745,9171573
2018-09-06,807.2176513671875,811.6009383312561,797.2556908151971,799.7461809531947,7559044
2018-09-07,801.8382568359375,809.5089180834292,797.1561230542458,807.1180839501924,7342639
2018-09-10,803.0335083007812,807.4167946782127,797.2555841145115,801.9377171079102,5479469
2018-09-11,804.8267211914062,805.1255678116767,798.749889498694,801.9377286551853,9809559
2018-09-12,799.7461547851562,801.8382029144107,784.0062697886235,800.7423508077593,12332168
2018-09-13,793.5696411132812,798.6502767586553,789.9833601425247,798.5506206854284,6475284
2018-09-14,788.2897338867188,795.4623558938187,787.0942867517075,794.8646627277966,10531712
2018-09-17,793.9682006835938,796.6579420058526,786.7955774252292,786.895233505596,8288056
2018-09-18,792.2748413085938,800.344067169366,789.1866573489474,793.669540337268,5722086
2018-09-19,770.9561157226562,792.0754224720691,770.756864360251,792.0754224720691,10320589
2018-09-20,778.92578125,778.92578125,766.4733295789295,769.5615132721603,9087922
2018-09-21,784.3050537109375,787.592488162023,771.6533530750872,779.2244787231667,19748624
2018-09-24,772.4503784179688,785.4009260105121,772.0518757093153,783.209282718871,8125253
2018-09-25,761.7908935546875,773.5459911109125,761.7908935546875,772.3505440638639,19576170
2018-09-26,761.890625,764.1818634480211,757.9058413328421,760.6951777392579,10489926
2018-09-27,777.0328369140625,777.0328369140625,758.8024632855198,758.8024632855198,12778369
2018-09-28,788.3895263671875,789.0868149138782,771.2549432750894,773.7454332360636,10568329
2018-10-01,784.4047241210938,792.6731384379422,780.3202841986431,785.8990180628005,9680189
2018-10-02,788.5886840820312,789.186438129559,779.9218280211419,785.4009057071167,9388980
2018-10-03,795.7614135742188,799.9454492552037,790.5811818169508,791.6770339826519,7409751
2018-10-04,774.0442504882812,785.400908600419,770.358313325361,783.5081119807377,9973864
2018-10-05,783.4085693359375,783.4085693359375,772.4504131874606,774.4428052144564,7013324
2018-10-08,783.508056640625,791.9757215884258,781.5156648882013,782.9103634360863,9944791
2018-10-09,782.113525390625,783.8070709030369,770.3584236974459,782.6116234352766,9621027
2018-10-10,804.7271728515625,806.6199697049705,779.6230197373804,780.9181232702293,13669798
2018-10-11,795.9606323242188,807.5164820142417,793.0716395002227,797.5545216597459,14126695
2018-10-12,784.4047241210938,802.1370000687513,784.0062214154482,795.9605729491017,11853952
2018-10-15,794.66552734375,796.0601652022633,780.3202812366283,788.8876029516784,8963721
2018-10-16,812.8959350585938,814.2906337781699,800.742331712073,802.8343797914373,8532827
2018-10-17,811.2024536132812,812.8959991053473,799.5469473478653,812.7964038188071,6518383
2018-10-18,815.9840698242188,819.6700069614197,806.5202083977978,810.90349485333,6663563
2018-10-19,824.651123046875,828.6359074644033,815.2869161474746,816.3827075411009,8022505
2018-10-22,826.145263671875,833.1186351066118,825.0494724818915,828.436502125551,5542782
2018-10-23,827.4403686523438,848.0616378976398,820.2678061348305,822.6586400396754,16384048
2018-10-24,835.907958984375,841.58628779953,826.8426005763534,831.126230804287,9724580
2018-10-25,837.4021606445312,849.7550128191258,829.3329990292171,836.8044674889398,8435880
2018-10-26,829.0343017578125,838.2989121558016,822.1605252157364,834.9118215228704,12052654
2018-10-29,840.6898193359375,841.0882612497022,821.2639975528026,826.0457261388249,6860949
2018-10-30,846.0692749023438,855.4335418920766,840.0920987309348,842.3833374360455,7466387
2018-10-31,826.0457153320312,852.5445039683419,824.8502680004208,852.5445039683419,15770278
2018-11-01,826.4442138671875,842.2837552896278,817.8769522090887,822.9575277128247,11422750
2018-11-02,820.6663208007812,830.1301835868131,814.5895490172594,828.735545552767,6712960
2018-11-05,832.62060546875,834.5134021918267,819.2716155372406,819.3712108161484,6413569
2018-11-06,831.7240600585938,834.4137406011328,820.7659041200246,833.5172006879458,8471863
2018-11-07,835.310302734375,845.8699554662371,831.2259236671204,835.0114561104497,9835221
2018-11-08,836.8045654296875,846.866119811879,828.8349981398809,838.7969572521391,6720910
2018-11-09,852.44482421875,852.5444194852744,836.5056901847071,842.184018844929,9373241
2018-11-12,857.6251831054688,859.916421804675,846.6670268194575,850.7514062048697,15060120
2018-11-13,848.4600219726562,863.7018063955126,847.6630774491482,858.6212318555504,14505691
2018-11-14,855.7322387695312,864.3991548617839,843.5786371875307,858.9200776636088,12038761
2018-11-15,836.904296875,858.621419915764,827.0419922309211,850.4525999539428,17335372
2018-11-16,819.869384765625,836.7051230631723,815.6853490132717,826.8427574185525,11133419
2018-11-19,822.7583618164062,824.3522512135717,815.4860818340089,818.5743261451184,10136468
2018-11-20,843.5787353515625,844.1764894154308,821.8616753631675,821.8616753631675,14105066
2018-11-21,850.0540771484375,862.0084297462441,843.1803608864876,846.766642344637,11950163
2018-11-22,823.00048828125,837.6471193031956,823.00048828125,835.1561977284945,10709830
2018-11-23,816.32470703125,824.3953284399831,810.7450677078234,823.1000007278416,9000417
2018-11-26,823.29931640625,827.7829748578539,817.2214926083687,824.7938692234513,7699907
2018-11-27,837.4478149414062,839.4405521572097,825.4913916465855,830.971418990045,11718130
2018-11-28,834.1597290039062,843.0273722576634,831.1706234729415,841.8317786960837,10951711
2018-11-29,830.9713134765625,835.9531558834964,827.8825955096659,834.4586031614161,7833526
2018-11-30,829.87548828125,835.3555159577503,826.5874230245358,827.8827509443407,12695702
2018-12-03,826.38818359375,837.8464230820379,818.217948491572,833.8609484774161,10597305
2018-12-04,827.5836791992188,834.8572181410564,819.9116901457886,832.2666234671045,10429082
2018-12-05,822.5022583007812,834.956865482804,821.5058897262194,834.956865482804,7852695
2018-12-06,817.1217651367188,826.8862248797424,814.6308439397241,823.9967319658263,10137806
2018-12-07,826.1888427734375,829.6761328206367,810.1472720682139,810.1472720682139,10366769
2018-12-10,810.7451171875,825.6906457304175,810.0476470261283,815.7269600351392,8731139
2018-12-11,823.7974853515625,827.6833469293917,812.8374315626693,815.1290670103725,6553875
2018-12-12,835.8536376953125,845.4187518707431,820.7088229062867,828.6797716569831,9287446
2018-12-13,847.81005859375,850.002020843622,833.4623265547897,843.326399933264,7211705
2018-12-14,840.4368896484375,846.2158151976035,833.3626971196584,838.2448666295093,7582887
2018-12-17,832.2666015625,842.9277567478996,832.2666015625,835.9531772003401,8718786
2018-12-18,755.9448852539062,820.0113754501916,753.4539637002908,816.3247993881379,23423942
2018-12-19,774.5769653320312,775.0751496264785,742.2945987264427,742.2945987264427,17426066
2018-12-20,793.1094970703125,796.7960734781926,767.2039104825888,767.2039104825888,14194907
2018-12-21,783.5443115234375,791.1166887528448,777.9646107317822,787.0316017131541,21145806
2018-12-24,775.6728515625,776.9681184069041,767.6022913051709,767.901189682571,1864179
2018-12-27,745.9811401367188,781.7507343341574,741.7963800943709,781.7507343341574,9457470
2018-12-28,765.2109985351562,768.9971866256237,749.1694902089755,749.1694902089755,7060996
2018-12-31,761.4248657226562,765.3106666185904,757.3397181385071,757.3397181385071,2706298
2019-01-02,770.790771484375,770.9900573791906,742.9921223428407,743.9884910034015,9553125
2019-01-03,771.388427734375,780.7542542098158,763.2181946885855,769.7942018056716,8737441
2019-01-04,780.45556640625,781.5516084304588,771.0897374040653,777.0679494191473,8438013
2019-01-07,776.0714721679688,783.6438486688631,772.4845089726697,780.8540289481921,6241521
2019-01-08,781.2525634765625,786.3340796200573,773.0823899363545,776.1711081465784,7401021
2019-01-09,786.9319458007812,789.9210517439193,778.5624856481043,789.8214392045545,7298258
2019-01-10,798.4898071289062,798.4898071289062,783.3449924972579,783.942789321943,7710485
2019-01-11,798.5894775390625,803.2724223835295,795.6003715719793,801.0803991782985,11020987
2019-01-14,783.643798828125,800.08387852382,781.8503477512957,795.0024236705526,5247613
2019-01-15,794.8031616210938,795.8991426415656,780.0569200392994,788.7252773058664,6974449
2019-01-16,797.4934692382812,800.6818001773263,785.5370457763191,791.0170731963851,12196550
2019-01-17,792.212646484375,796.6963051671117,785.7362506093108,791.1166653540001,4873939
2019-01-18,801.7778930664062,807.8557177201372,794.2054545715,794.2054545715,6614527
2019-01-21,794.3049926757812,803.1726359751406,791.4154996555864,800.681714686527,4392715
2019-01-22,796.197998046875,801.5784119615772,791.5151150181011,793.8067502730656,7652330
2019-01-23,801.1798095703125,804.9660581574444,791.5150846994267,796.9951109230635,7330228
2019-01-24,800.7813720703125,801.9770264277247,793.9064051253222,796.9951839497627,6448032
2019-01-25,793.5079956054688,807.5567688629972,789.6221336507407,807.0585845515457,6585617
2019-01-28,786.0350952148438,791.6147342143007,782.8467040093667,788.3267304891384,6417883
2019-01-29,804.2687377929688,807.2578435621596,791.4155586600433,791.4155586600433,11095942
2019-01-30,820.609130859375,825.2920753064003,802.2759856386426,804.8665195981828,9071083
2019-01-31,822.203369140625,826.4877418967362,817.5204246248006,819.911733556055,8425505
2019-02-01,830.5726928710938,834.5581665620558,819.612640220948,825.5908507573911,6094384
2019-02-04,827.683349609375,835.753910372834,821.0076682990956,828.8790040074638,6655859
2019-02-05,844.2230224609375,844.2230224609375,828.4804122383522,828.9785964910511,7040437
2019-02-06,840.83544921875,854.1867513887439,834.8572378793021,846.1161904058936,6881870
2019-02-07,841.8318481445312,849.9024094185284,838.9423549008217,839.9387234933405,6897492
2019-02-08,839.1416625976562,844.6216899989769,836.0528833924396,839.1416625976562,5409717
2019-02-11,840.9349975585938,845.2193698621271,837.5473203994246,840.636099177139,5167709
2019-02-12,842.2302856445312,844.223022655787,837.248443116392,840.1379361081157,6446224
2019-02-13,839.7394409179688,841.7321781108512,836.6507225944061,840.636196980171,6007287
2019-02-14,846.5147094726562,853.8878611875448,842.3300101456499,846.5147094726562,6788779
2019-02-15,839.1416625976562,846.7140397722573,834.5583304648068,842.628952762133,7000098
2019-02-18,839.2413330078125,841.2340703820747,833.8609785854158,839.2413330078125,3475541
2019-02-19,842.2302856445312,844.223022655787,837.0491572525649,837.0491572525649,5099376
2019-02-20,844.6216430664062,847.3118503493632,840.2375970635495,842.0310483143505,6012093
2019-02-21,851.8951416015625,855.8806159482365,839.8391060282787,846.4151143748858,7421645
2019-02-22,858.4710083007812,860.6630309924715,843.52548196676,848.8062832555827,6596782
2019-02-25,854.6849365234375,860.9620462734454,849.6034812052193,855.6813050810105,5594487
2019-02-26,855.6812744140625,857.4747255907159,849.3045523622382,849.9023491499532,6347777
2019-02-27,849.6033935546875,855.8805026571087,849.0055359937162,854.4855624950131,5100583
2019-02-28,844.8208618164062,850.6993993832582,840.9350004038297,847.3117830261332,10458277
2019-03-01,846.2158203125,853.3896862298491,843.4260004595064,852.891501941332,4750086
2019-03-04,845.518310546875,849.5037846683564,842.1306940317212,849.3045596130894,4231846
2019-03-05,846.9132690429688,849.7030888253495,843.2266932385503,847.0128815727462,6829378
2019-03-06,843.2267456054688,849.7031415944716,837.34820727279,847.2122200602398,8647752
2019-03-07,863.9511108398438,863.9511108398438,836.6506501493902,836.6506501493902,7290979
2019-03-08,870.2283325195312,873.7156225111496,858.9693190386402,861.7591996827439,7959837
2019-03-11,872.021728515625,878.1992254148303,868.2355403559532,872.1213410408108,5980902
2019-03-12,878.1993408203125,883.978266751177,868.8334513087796,872.6196399660001,7420794
2019-03-13,870.6268310546875,880.4909040729873,869.8297483735192,876.0072455762165,7412719
2019-03-14,870.3279418945312,875.3097847216321,869.4311858602487,871.4239229910891,7133978
2019-03-15,873.1176147460938,876.0071074248382,867.9364869153281,869.5307128397565,18523790
2019-03-18,882.1847534179688,882.3839784805307,870.8261274304283,875.9075827959795,4380920
2019-03-19,880.3912963867188,887.7644485677944,879.1957026825572,879.1957026825572,5220635
2019-03-20,881.3876342773438,884.4764134080792,878.1993034260867,880.2916531489132,6952685
2019-03-21,883.1810302734375,888.4617709666984,879.7933531725129,879.7933531725129,10851304
2019-03-22,883.08154296875,884.8749944179574,878.9964557336934,882.2844601928265,6042715
2019-03-25,876.804443359375,884.0779226018116,872.1214983741837,878.8967932738025,6828017
2019-03-26,885.9708862304688,888.0632357642003,877.4020806049568,877.4020806049568,6143881
2019-03-27,880.9891357421875,888.7607987252889,869.7301826295587,888.7607987252889,5462270
2019-03-28,851.99462890625,879.2951484936642,849.7029936564459,877.2027990946048,10197535
2019-03-29,847.7103881835938,857.3751757146074,840.636195486833,852.4929452753132,12531522
2019-04-01,839.7394409179688,853.7882746158979,834.5583120537717,852.5926201374658,8248472
2019-04-02,842.8281860351562,845.9169042340459,836.8499746978131,840.8354489227086,13053318
2019-04-03,839.4405517578125,848.108970805136,834.7576071401998,846.7140304293317,14376813
2019-04-04,837.0491943359375,845.4187144794051,836.9495818063646,838.7430330332476,13531356
2019-04-05,831.7683715820312,840.9349735032989,822.203258768059,840.9349735032989,11721157
2019-04-08,829.5763549804688,836.2520358212256,829.3771299393902,833.9604005272804,10633885
2019-04-09,828.9785766601562,830.6724152415139,823.00036577078,828.9785766601562,7865421
2019-04-10,830.9713134765625,832.964050439336,825.2920009699568,825.391674306199,7190238
2019-04-11,822.5022583007812,828.8790415033816,815.926250034078,825.1924656148005,7299226
2019-04-12,814.3319702148438,825.8898814069487,810.9443537724654,824.8935128979831,6830143
2019-04-15,817.4208374023438,825.7902972938625,812.9371786275434,825.7902972938625,4128645
2019-04-16,816.12548828125,822.0040872915278,813.0367699756201,817.5204286335739,4523763
2019-04-17,816.7233276367188,816.7233276367188,804.4680064087531,812.9371392397024,6206689
2019-04-18,815.7269897460938,820.5095468913186,807.8556534347242,815.6273163974038,3337092
2019-04-23,816.12548828125,819.4135532812262,812.0404013849637,818.7160831050642,4446031
2019-04-24,825.9896240234375,827.7830754593374,812.0404627009668,818.616471570439,7570311
2019-04-25,828.1815795898438,831.868155515155,822.5022664955547,829.0782748277763,6107312
2019-04-26,833.4622802734375,836.4513858811126,824.8935351901722,831.2702573317738,7187318
2019-04-29,830.9713134765625,835.7538700245178,824.8934900655056,830.3735167131329,5093333
2019-04-30,833.063720703125,833.8608641942906,827.8826528916101,828.8790214420568,6151989
2019-05-01,824.1961669921875,840.436963973247,820.0114064611525,835.9533050071774,5699941
2019-05-02,820.2106323242188,824.8935768420707,818.3175076850299,822.2033694966228,8876277
2019-05-03,826.089111328125,829.0782168726438,818.2178365489967,821.4062279591851,4209810
2019-05-07,831.4696044921875,833.4623417108626,813.0367852194428,817.5204439614618,7364343
2019-05-08,821.0076904296875,831.7684586755299,814.9298665613768,831.7684586755299,8296593
2019-05-09,822.0040283203125,830.2738748667728,821.1072723276507,822.6018251064148,5021130
2019-05-10,832.4657592773438,834.4584959841716,821.4060948798483,825.1922824601216,4492906
2019-05-13,846.5147094726562,848.1089356665973,835.5546552450448,838.8427201641372,6367795
2019-05-14,847.2120971679688,851.5961427576951,841.3335596880006,849.6034058193659,4842288
2019-05-15,839.7394409179688,845.6180399623772,829.6761424193174,836.0528649484336,8230755
2019-05-16,811.5421752929688,842.5292125410596,805.6635765854551,819.4135110791638,10301937
2019-05-17,815.1290283203125,822.4025668676013,808.3537348260146,809.350103304985,6452978
2019-05-20,814.8302612304688,829.1779939648524,810.8447866724194,821.70522916851,5606679
2019-05-21,812.2396850585938,819.0149792939434,808.951680881065,814.3320347678814,11837387
2019-05-22,810.6454467773438,817.8193126666191,801.6781296191275,814.5313085379754,19001231
2019-05-23,803.0730590820312,813.7342148330432,794.6039263249627,808.0549018803068,7386947
2019-05-24,813.6345825195312,815.4280946681637,799.4861969097519,810.5458641542446,8682672
2019-05-28,809.15087890625,819.1145644527548,806.9589167368273,816.0258462587425,10552348
2019-05-29,812.8373413085938,818.5166534403875,804.6671081377239,805.6634765533544,9712832
2019-05-30,775.4478759765625,786.810504148755,769.9659179844402,786.810504148755,7935974
2019-05-31,790.1991577148438,790.1991577148438,773.5539309451509,779.2352439046771,14884640
2019-06-03,791.5946655273438,799.1697096465799,790.3985899203769,791.195953380044,11143618
2019-06-04,780.4314575195312,794.2858844838019,780.4314575195312,792.0930891666957,19306238
2019-06-05,798.0733642578125,798.0733642578125,780.5310634920855,783.3219269294275,11056314
2019-06-06,812.62548828125,813.3232041773111,797.6746940868142,797.6746940868142,12468037
2019-06-07,820.2006225585938,829.1710993893406,809.1369979663757,810.3330737107965,11957937
2019-06-10,814.2201538085938,820.0011145280725,810.4325711805539,816.6122440192773,5560593
2019-06-11,813.4229125976562,814.1206285458627,808.2400188908462,813.4229125976562,12186375
2019-06-12,820.1008911132812,821.4963229151615,813.9212173027137,813.9212173027137,12009262
2019-06-13,815.8150024414062,822.1940322923328,815.1172865460022,819.6025248001089,6226349
2019-06-14,830.6660766601562,835.7493219048533,817.6090143786919,817.8083704507242,23453794
2019-06-17,826.4799194335938,835.1513922774017,825.4831998155685,833.8556081060186,7202367
2019-06-18,838.1416015625,849.8031731271236,827.0779766357574,831.0648553477494,8737872
2019-06-19,831.463623046875,842.2281841207188,829.4701835578319,841.0321082603039,10034618
2019-06-20,839.7362670898438,842.3277137284905,832.161222426925,837.3441157042184,8791309
2019-06-21,844.3211669921875,847.710038039076,839.0385651655159,842.0287240298512,22488681
2019-06-24,843.1251831054688,849.2051486857924,839.3375997368054,846.0156336129422,9728984
2019-06-25,836.3473510742188,844.2214598626371,832.958541101114,840.4339377350807,7179709
2019-06-26,827.4765014648438,834.6528936883753,815.515868037267,833.2574621211871,6019775
2019-06-27,830.3671264648438,830.9651947632864,822.5927252646121,830.9651947632864,6629247
2019-06-28,833.0582885742188,835.3507316497585,826.7789668160219,828.4734024231394,10719370
2019-07-01,836.3473510742188,841.5303049074223,826.3801555622632,841.5303049074223,10119691
2019-07-02,859.8699340820312,861.4646609652422,834.9519463135415,841.2312670642146,9013272
2019-07-03,864.1559448242188,872.4287058314418,863.2588727966536,863.956588725322,8431075
2019-07-04,862.1624145507812,865.8502890690256,858.374892411071,865.1525732139631,6645686
2019-07-05,851.2982177734375,867.8438002514329,845.6169645095162,863.4582095139067,5977565
2019-07-08,846.9127197265625,853.1920415099395,843.7232046006586,851.2982497941069,11550272
2019-07-09,851.4974975585938,855.6837318265373,848.2083352176857,848.2083352176857,9734986
2019-07-10,851.0989379882812,852.5940174712201,836.2477907904464,852.5940174712201,8613447
2019-07-11,837.742919921875,857.1789543519483,837.742919921875,852.0957081426758,15097589
2019-07-12,835.7494506835938,838.8392573539335,828.8720605658167,837.6432424073125,5959230
2019-07-15,835.1513061523438,839.6365439709172,828.9716329908786,834.3538818722079,6716551
2019-07-16,827.2772216796875,838.0417805899788,823.4896995787431,836.8457049699613,7345820
2019-07-17,827.2772216796875,831.8621072489993,826.1808545150492,829.5696644643434,8254164
2019-07-18,829.2706909179688,833.656281405836,823.3900210594561,825.1841649721788,9522605
2019-07-19,832.0614013671875,835.6496279600505,824.5860053423836,832.5597611021744,6082527
2019-07-22,830.7659301757812,836.845896452567,827.1777633296367,831.0649339404688,7712245
2019-07-23,839.2379150390625,846.214952337487,832.4602338304377,833.058241264899,13468710
2019-07-24,837.9423217773438,843.6236366263588,836.6465982449238,841.032128726572,7223175
2019-07-25,837.5435180664062,839.3376012872798,828.6727495940546,839.3376012872798,8205480
2019-07-26,843.6234130859375,843.6234130859375,830.9650632096532,838.8391107955811,4955774
2019-07-29,853.7901000976562,856.7802593006622,842.6268877410565,842.6268877410565,7590293
2019-07-30,849.10546875,856.6805135292562,849.0057602870212,856.0825060911342,6212799
2019-07-31,841.5302734375,853.6105090794422,835.4503087365473,846.8128746943012,7831976
2019-08-01,853.1920166015625,853.1920166015625,839.9356574825681,841.7297406775929,5758964
2019-08-02,853.7901000976562,866.2490967768478,853.192092591033,858.8734072437333,7301581
2019-08-05,839.2379150390625,854.6870690570025,836.048400107081,849.0057550898694,6867290
2019-08-06,828.27392578125,836.8456893675163,822.9913244625076,833.8555307906887,10178765
2019-08-07,840.3341674804688,841.031883281982,827.8751740067639,832.5597677198627,5028316
2019-08-08,843.9225463867188,846.115341800764,834.054997440985,845.2182697748101,5097777
2019-08-09,847.0123291015625,851.0989160840518,837.1448412690839,841.0320113237192,7151692
2019-08-12,844.6202392578125,848.4077616868958,838.9389251967183,844.0221709785225,10399761
2019-08-13,834.3538818359375,848.0089513610982,833.1578670856484,841.92898665238,6929481
2019-08-14,840.0353393554688,844.8195816822011,831.3638659186117,836.0484606107016,8033313
2019-08-15,848.2083740234375,850.2018132103316,831.27807213521,837.7428182922436,12067440
2019-08-16,854.8863525390625,861.1656734073379,850.4011146567326,854.0889890825237,7630908
2019-08-19,865.0530395507812,865.2523348199674,852.7933387487494,858.574361593748,6166961
2019-08-20,847.5105590820312,867.0462973311725,847.5105590820312,863.557779161854,5057829
2019-08-21,853.690185546875,853.690185546875,848.2082287219972,848.3078763302975,3190312
2019-08-22,845.018798828125,855.6837098835847,841.3309244286759,851.497475722992,5752160
2019-08-23,850.2017822265625,858.2751863052913,846.8029953041414,847.3112711769301,4716310
2019-08-27,851.2982177734375,856.2818159592905,843.7231728649165,844.6202448723456,10765928
2019-08-28,851.7965698242188,858.2752474067465,844.7198847988175,853.2916492663405,5410050
2019-08-29,850.9991455078125,859.3716141196829,844.4208207662957,845.4175403231882,5491410
2019-08-30,855.683837890625,861.2654437164476,849.7035198622688,852.4943227751802,6611012
2019-09-02,858.0759887695312,872.1297117912773,855.0858297576755,872.0300641581917,10165899
2019-09-03,866.2490234375,867.9434590094028,856.3157119993425,857.1788989569316,6919623
2019-09-04,863.85693359375,873.7244216366017,862.3618541174143,870.9336187810964,5357752
2019-09-05,842.5270385742188,871.6312621237245,838.1773407529018,868.1427436360939,8806533
2019-09-06,838.2410888671875,840.3372172031476,828.5728976728393,838.6398009961022,10200614
2019-09-09,817.3101196289062,842.4274671796119,816.6124037012595,839.1383044749226,9342022
2019-09-10,813.721923828125,817.8084499448187,806.2465266622675,817.3100901337615,11576052
2019-09-11,823.3899536132812,823.3899536132812,809.236585398462,815.3165500070854,6964258
2019-09-12,829.171142578125,833.8556764991208,817.1107977098626,823.1908243794654,15644192
2019-09-13,825.7821655273438,831.0976787924983,817.9080565733747,826.8785327227363,7429007
2019-09-16,830.1678466796875,839.1383238091285,819.0045740849504,819.0045740849504,7987917
2019-09-17,840.7329711914062,840.7329711914062,828.971692237992,829.2706959469472,5501606
2019-09-18,843.8228149414062,850.102197282207,835.2510504521259,836.7461298980426,6214030
2019-09-19,848.40771484375,849.0057222550838,842.2280413085816,842.2280413085816,4478273
2019-09-20,848.7067260742188,856.9794864573386,844.0221318607856,846.2149271133432,16105683
2019-09-23,857.4779052734375,861.0661325250528,849.6038565160271,850.7998714316258,13568680
2019-09-24,865.0530395507812,868.0431986078736,856.580922222353,860.6674485997358,6415345
2019-09-25,860.4679565429688,866.747277403751,854.6710566940739,859.7702407062302,5099717
2019-09-26,884.09033203125,886.4824835319396,856.7353538600339,857.6772612321203,8727408
2019-09-27,880.1033325195312,887.7780849587716,878.2095411053921,883.2928471373244,5235550
2019-09-30,879.0070190429688,885.3859878330129,878.7079545020048,879.1066666666666,8192461
2019-10-01,880.2030639648438,881.2994920376877,873.0267314350226,879.6050565323377,5744412
2019-10-02,861.4647216796875,883.9906207109448,859.8699946840832,881.5984693826028,7378227
2019-10-03,855.7835083007812,862.9599022927991,850.9992659177501,861.8635349590634,6960734
2019-10-04,867.2456665039062,870.2358251897052,849.902782627233,851.4975095923521,14626943
2019-10-07,876.714599609375,877.711319281889,862.9598802956694,862.9598802956694,8747912
2019-10-08,877.6116333007812,885.1368543324544,875.9171977645586,879.6050725587046,7640687
2019-10-09,876.3158569335938,881.7978145612283,872.727629985454,880.7013865347407,6970735
2019-10-10,867.9434814453125,876.4155986888868,865.7506859917521,874.6215154395887,10732344
2019-10-11,888.6751708984375,888.6751708984375,858.6739352767194,861.1657342763616,10455033
2019-10-14,880.9007568359375,891.4660209352594,859.3008871091961,890.5689489750092,8965655
2019-10-15,890.5690307617188,891.964462642496,879.306110586673,884.9874249084925,16632518
2019-10-16,892.3630981445312,896.2503291469033,882.3959015589005,884.9874091721285,8529715
2019-10-17,896.0509033203125,904.4233721346988,894.3564678656229,895.8515472371251,7691447
2019-10-18,897.0477905273438,901.234025716794,892.8615553378935,895.9514231173446,4602008
2019-10-21,894.5558471679688,903.4266760031078,891.9644005240754,897.0476461851497,3991817
2019-10-22,907.7125244140624,910.602974665618,892.0640150006947,892.9610869475184,5981861
2019-10-23,919.1748657226562,919.1748657226562,903.426707551128,903.426707551128,6497956
2019-10-24,922.7630615234376,923.660133563529,915.4870200741584,916.9820995843504,4952050
2019-10-25,900.9349365234376,915.9764365115096,893.161508602111,912.09814819017,5725866
2019-10-28,897.645751953125,915.9754421319255,893.161547424879,901.9316954001544,5657085
2019-10-29,891.565673828125,893.4594653843167,874.4220847021173,889.6718822719332,15156712
2019-10-30,898.9412841796875,898.9412841796875,884.887503623044,891.0671762967855,5184493
2019-10-31,898.3433837890625,912.5964622269472,896.1505884520946,903.5263379941856,7831600
2019-11-01,897.4463500976562,904.2240311949882,895.1847505026933,904.2240311949882,3941094
2019-11-04,894.0574951171875,904.2240473624306,888.7748933219441,896.9480063361568,4835343
2019-11-05,888.0772094726562,895.2536031303324,886.6817776266022,893.0608077300786,4274740
2019-11-06,894.8547973632812,896.4495851398576,880.3027163072546,885.286314043556,5921102
2019-11-07,883.3926391601562,894.3565556270395,8.87479230146416,886.1834420938292,21947021
2019-11-08,886.9808349609375,891.2667172604021,882.6948918265339,882.8942479221939,5685190
2019-11-11,883.8908081054688,889.7714772743606,874.6213292614781,886.0836030922553,7781488
2019-11-12,884.489013671875,895.5525771017614,880.10342301709,884.8876650182588,9044864
2019-11-13,888.7749633789062,888.7749633789062,876.1166110970908,884.0903686497377,7413910
2019-11-14,890.9676513671875,904.2240095319396,885.1866291711126,889.073859842965,8432873
2019-11-15,892.1636962890625,896.5492868957904,883.0935721952977,894.0574878771806,6105763
2019-11-18,903.8253173828124,912.0382771193268,887.6984016215627,896.2502727880502,5770915
2019-11-19,895.8516235351562,905.5198164612796,892.6621084373194,900.3368620316623,6684470
2019-11-20,890.1703491210938,899.2405349876864,882.2962999090432,895.2536561456527,5955200
2019-11-21,885.1866455078125,888.0771566591962,876.7145289740267,886.1833651000226,6711324
2019-11-22,895.552490234375,898.4430011812354,883.2928522846304,885.1865828748737,6708198
2019-11-25,907.41357421875,909.2076573832568,894.0575068614266,898.9414573755815,19374283
2019-11-26,906.9152221679688,916.184702626386,906.9152221679688,913.6929035335352,14189107
2019-11-27,919.473876953125,922.4002200509636,910.9419591841174,914.4902787040564,9276907
2019-11-28,893.2081298828125,918.0006319239036,893.2081298828125,902.180086544582,14614518
2019-11-29,886.9279174804688,911.9198125936672,885.2332021092355,892.8094979694737,6959937
2019-12-02,876.0618286132812,890.0182075060349,874.9652803239868,885.6319535038738,30282836
2019-12-03,875.2643432617188,878.8531021079417,869.8811441474002,875.2643432617188,12524787
2019-12-04,875.5632934570312,877.3576726692573,867.7876096407334,874.2673562951444,6145514
2019-12-05,879.94970703125,884.0369079667755,876.8593294637942,878.5540447949817,10760743
2019-12-06,889.8187866210938,889.8187866210938,880.7471650037561,886.6288059501494,6184329
2019-12-09,888.0244750976562,890.638314841843,885.5322644800466,889.220748363106,12316949
2019-12-10,887.9248046875,889.320406116431,880.4481728879167,888.124193704486,7557931
2019-12-11,894.2052001953125,894.2052001953125,884.2363573837706,885.1335775748045,47861285
2019-12-12,885.233154296875,895.8001022962098,882.9403328455079,895.0026071189928,10018508
2019-12-13,925.2081909179688,957.0088208659876,914.5415787780524,957.0088208659876,29762535
2019-12-16,930.0928955078124,934.9776520944516,924.11159071355,924.5103687044924,18207646
2019-12-17,946.2425537109376,948.6529887039516,932.0867850207692,932.4855630635856,14708457
2019-12-18,946.342041015625,956.2112177043238,945.345156939796,949.0336401893588,13326110
2019-12-19,949.7315063476562,955.1146440493028,945.9433588883544,951.0274435251836,22596257
2019-12-20,959.002685546875,960.3983478887848,948.601173949883,957.0089169698545,24862559
2019-12-23,962.6909790039062,966.778179439679,954.5165172873844,957.008727515289,9249371
2019-12-24,956.2113647460938,961.933470486076,950.8281655708226,958.803239403826,1828285
2019-12-27,958.3048706054688,962.431986232594,954.018280261276,959.401479848395,4270347
2019-12-30,950.5291748046876,959.8001865745294,949.8313436295406,959.002691307928,4188066
2019-12-31,941.3577270507812,951.1271799292844,941.3577270507812,947.7378101953044,3407479
2020-01-02,947.4387817382812,954.7160243346696,938.0680457845864,942.5540247495496,4221868
2020-01-03,947.8375244140624,950.628788120573,939.0350195272052,939.2643442772836,6667548
2020-01-06,943.3515014648438,949.4294893115932,939.6630177747172,943.8499435622938,5712709
2020-01-07,939.6630859375,950.1303707432425,938.1677595366796,946.0431695856616,6732331
2020-01-08,936.9715576171876,941.7565899845664,932.0618538700196,941.7565899845664,6456832
2020-01-09,933.58203125,940.7596094894716,931.5583271662056,940.7596094894716,9697875
2020-01-10,932.086669921875,937.170754692548,925.6069230186748,930.0929016439673,5693174
2020-01-13,938.3671264648438,941.220208683672,925.8064093316956,933.582094263882,5591028
2020-01-14,935.5758056640624,960.8667525169724,935.5758056640624,938.6661222931008,6630057
2020-01-15,953.6194458007812,955.0151080837832,932.9839905755858,937.569633771188,10680636
2020-01-16,957.307861328125,960.9963449455638,952.8218825394788,953.2206605475732,7640227
2020-01-17,973.6568603515624,973.6568603515624,956.211385954926,959.7004808342532,9843668
2020-01-20,984.323486328125,984.722203502314,970.2673825595788,972.7595930669468,8886569
2020-01-21,984.2236328125,984.2236328125,975.9495071780448,981.930811614274,9158536
2020-01-22,991.9994506835938,992.8966708084622,982.8281646493016,986.1178703655136,7694323
2020-01-23,991.102294921875,991.102294921875,981.7315589988112,986.915369065932,6374391
2020-01-24,1011.2393798828124,1014.2300325510248,991.2019704988002,994.3920121805568,7380373
2020-01-27,1003.264404296875,1015.1283255663913,999.8749732698286,1007.2519415781106,6401361
2020-01-28,1015.625732421875,1015.625732421875,999.6755833116924,1003.8625096221134,6385212
2020-01-29,1018.6162719726562,1022.95275478618,1009.4449250863928,1010.6411983054678,7680619
2020-01-30,1013.2332153320312,1029.920075069189,1008.4481220704726,1016.4231963797528,7493261
2020-01-31,1002.6661376953124,1016.5228527104924,999.4760960178988,1013.8312531437688,12270513
2020-02-03,1005.856201171875,1008.2487476930332,1001.021336931392,1003.862432685905,5261515
2020-02-04,1006.6536254882812,1016.8218562194722,994.990068497944,1016.8218562194722,9779965
2020-02-05,1017.8186645507812,1019.4136547703628,995.4884364067792,1001.8685189750588,15045369
2020-02-06,1024.7969970703125,1028.5852058522028,996.829417063532,1015.2269327197124,8227378
2020-02-07,1019.6131591796876,1033.569598983296,1019.0150529908829,1022.0056447798902,5820439
2020-02-10,1021.0087890625,1026.5914381537225,1012.036891755126,1017.8188081732048,5693427
2020-02-11,1026.7906494140625,1032.5726260187846,1022.0055569349852,1025.1956591510225,7697283
2020-02-12,1024.996337890625,1033.5696397985964,1018.0132196918798,1027.1895562561417,7186109
2020-02-13,1016.2238159179688,1031.5758575115362,1010.0431214772474,1023.800111784024,9166352
2020-02-14,1036.759521484375,1041.1458361055702,1015.8249542236327,1021.0087031550706,11052577
2020-02-17,1041.5445556640625,1043.3388740288983,1030.5788305713472,1036.75946331126,3496607
2020-02-18,1050.5167236328125,1059.2892324556258,1037.1584496796893,1037.1584496796893,7497176
2020-02-19,1064.0740966796875,1070.454179161754,1045.2558408459076,1045.9307333185,8011817
2020-02-20,1053.7066650390625,1062.8779515743877,1047.29968793951,1048.921571904996,6676581
2020-02-21,1060.4854736328125,1068.061769307671,1054.703496525965,1055.8997089046388,10937821
2020-02-24,1041.34521484375,1054.1053813270564,1034.566475272591,1047.3265200659312,7952433
2020-02-25,1031.376220703125,1048.323249666685,1026.1924722843685,1039.1519650212083,13651024
2020-02-26,1044.9339599609375,1044.9339599609375,1018.4168648277016,1029.980697101222,11448828
2020-02-27,1036.5601806640625,1065.270370971165,1022.4043528181668,1028.7844356719538,15254233
2020-02-28,979.7377319335938,1004.2611185676916,958.9028896740532,1004.2611185676916,20938035
2020-03-02,1003.0648193359376,1008.049239963879,976.2486120196212,983.8249678810791,16054131
2020-03-03,1010.2423706054688,1038.952559652384,1005.0585611199244,1017.0211703119608,11554526
2020-03-04,1046.728271484375,1046.728271484375,999.475942319376,1002.4665945236172,12430770
2020-03-05,1050.915283203125,1050.915283203125,1031.775155089054,1048.921514787494,9987585
2020-03-06,1012.0369262695312,1041.8896066501648,1000.4730321940142,1028.385791842177,12628573
2020-03-09,974.2549438476562,1006.0555750585972,954.6163123872154,973.4574486342595,14778501
2020-03-10,930.2923583984376,990.6038531979244,930.2923583984376,978.5415177310368,19671341
2020-03-11,922.3172607421876,957.8063134137122,917.2331148883292,951.4262911324736,17116660
2020-03-12,832.9964599609375,913.8438096281058,832.9964599609375,885.9310504605972,18405092
2020-03-13,857.7192993164062,911.146312098245,843.6631937982594,865.9934270617745,19286038
2020-03-16,861.108642578125,866.292453085494,797.3080476443257,825.6195859841946,29386155
2020-03-17,945.544677734375,955.2144667868968,856.5229295220541,898.6911196389447,21435122
2020-03-18,944.8467407226562,966.678526917924,877.656788682589,943.550803557658,17645025
2020-03-19,911.94970703125,940.5602974042778,892.2114108922402,936.373371351764,26389258
2020-03-20,874.6661987304688,966.2798178271596,865.4948521593631,943.2518177424644,42032674
2020-03-23,797.208251953125,858.4169011066924,789.8312850436661,826.6163338258671,35022730
2020-03-24,838.6787109375,838.6787109375,786.6672606604127,810.3672346235901,21767483
2020-03-25,902.2799072265624,902.2799072265624,830.0057993507141,858.8157784143914,13957122
2020-03-26,938.765869140625,938.765869140625,873.5696177176318,880.3484181507451,16434191
2020-03-27,934.08056640625,934.08056640625,897.2955122919577,914.740987118115,17421760
2020-03-30,951.127197265625,953.3203546893412,897.295450104326,932.0867332558256,7902920
2020-03-31,943.6505126953124,978.4417938920222,897.2953996887113,954.31718527658,12813865
2020-04-01,908.7595825195312,934.8779598702596,901.5820651913758,916.9340448599092,10331904
2020-04-02,868.2861328125,921.918490270728,861.307943455798,915.1396899217852,11019679
2020-04-03,839.1771240234375,877.0587243742483,827.0151243733909,870.080534835941,13090901
2020-04-06,863.3016967773438,863.3016967773438,839.3764765433295,843.3640132489986,9653059
2020-04-07,853.9310302734375,895.2020628543847,843.5634705068373,895.0026738339722,10309895
2020-04-08,869.4825439453125,869.4825439453125,840.9088229404314,849.3454678667962,6110214
2020-04-09,905.3701782226562,905.3701782226562,869.3427711939868,881.8436762687782,8739238
2020-04-14,895.0025024414062,908.86517810673,888.024313978193,897.9931546399263,12792572
2020-04-15,885.0338134765625,905.093127342752,872.4730964278319,889.8188456453653,6891529
2020-04-16,895.2019653320312,908.5602372596104,880.0493141061902,884.6350176961707,6327335
2020-04-17,901.3826904296876,919.1272167179354,898.0630490637317,913.74401779179,13488208
2020-04-20,905.1708984375,913.9434676630513,889.0213614285386,912.54786622091,5596757
2020-04-21,892.610107421875,914.342170092312,892.610107421875,894.0057087486115,28386181
2020-04-22,936.67236328125,936.67236328125,902.1801945459928,902.1801945459928,7081974
2020-04-23,932.086669921875,939.8623540367194,920.9215553965956,934.479216193356,12454912
2020-04-24,936.273681640625,943.451260270648,917.9309874577866,922.7160195961404,9090813
2020-04-27,939.6630859375,950.0686130814246,930.491799355125,946.840664830435,10676184
2020-04-28,944.2486572265624,953.069049527888,936.4171175150424,939.8623427299424,6477228
2020-04-29,941.45751953125,957.008889650069,896.1989497868875,897.3952230679474,6304253
2020-04-30,930.890380859375,955.214377771678,930.890380859375,948.0367999250166,17371454
2020-05-01,927.102294921875,935.0773684265793,918.7284434039426,919.3266104237848,3735060
2020-05-04,936.0742797851562,941.0587008702742,905.5696470822278,919.526026120558,8664704
2020-05-05,940.26123046875,943.4512722163722,931.0898832612056,931.8873784868648,14259175
2020-05-06,936.0742797851562,946.4418999801952,930.292363495416,941.0587008702742,11144505
2020-05-07,918.3297729492188,931.8873742588702,915.9372264381108,931.8873742588702,18926241
2020-05-11,922.7158813476562,931.6878380796904,917.5321328006836,924.5103213700436,6759059
2020-05-12,939.4638061523438,942.2550700753238,920.1242260342136,922.1179946713409,8392157
2020-05-13,939.8624267578124,949.4125945845212,928.4979832014112,933.0836262574178,8741780
2020-05-14,903.3765869140624,936.8718758749344,901.5822072991928,931.4887370303248,7165013
2020-05-15,913.943359375,929.8935054752444,908.5602215731548,911.3514849717018,4901720
2020-05-18,930.49169921875,931.2891943776996,915.3390478187838,925.5072784190888,7280531
2020-05-19,910.9528198242188,944.56778853388,908.5603341198037,940.0618522320012,6030859
2020-05-20,915.339111328125,924.2542401743232,899.7876808471826,907.1646484805124,8957228
2020-05-21,906.1676635742188,917.731495009012,900.1863588641579,907.1645476925622,7056079
2020-05-22,877.8561401367188,896.3912242806475,872.3224718670984,891.4138008054775,9017067
2020-05-26,889.2207641601562,901.9808705800042,879.8500277334782,899.787713028549,6674351
2020-05-27,899.1895141601562,903.9745459689526,879.0524419179504,889.2206725397555,13332198
2020-05-28,924.3109741210938,934.8779215224168,899.0300072796423,907.3639439731368,10784774
2020-05-29,923.1146850585938,933.8810212682514,916.7346024221416,923.1146850585938,19222374
2020-06-01,926.3047485351562,933.2829374660248,921.120938874658,927.3016326681376,3556521
2020-06-02,935.27685546875,940.0618879041424,924.9501223202222,933.0836978560736,11156538
2020-06-03,958.2051391601562,958.2051391601562,926.304843629864,936.0742969670188,10332940
2020-06-04,940.8594360351562,961.3952901232126,936.8718986407754,950.4295622886654,5773450
2020-06-05,915.7376708984376,946.0429705849872,911.1520285718424,940.6597723363982,9283186
2020-06-08,936.8717041015624,938.2673662377866,901.1832640014736,903.9745274289425,6151488
2020-06-09,923.1146850585938,943.4511452229297,919.6076414083004,940.0617149138812,9467733
2020-06-10,930.49169921875,938.8654896551924,923.5135100992244,923.9122272562088,6886412
2020-06-11,902.9777221679688,932.4855318438424,902.9777221679688,926.3048374570392,6238517
2020-06-12,913.3453979492188,922.317356552168,891.0151655327722,895.9995869788551,5818220
2020-06-15,912.149169921875,926.3049397005898,893.8682922628082,897.59468291467,3921367
2020-06-16,930.6911010742188,932.0977154439864,917.1334997635344,925.7066798798515,7717989
2020-06-17,948.2362060546876,954.6162280431462,928.8966294023744,931.488564673137,16403185
2020-06-18,946.4419555664062,956.41079832213,929.6942510608004,954.8157469742216,6384824
2020-06-19,970.3671264648438,977.7440332039378,948.435673571079,948.435673571079,21085727
2020-06-22,969.9682006835938,982.5289156350316,960.3981379439244,960.5974660820624,10002310
2020-06-23,976.9464111328124,977.9432952258052,946.8404993554389,947.0398883430324,11025957
2020-06-24,957.806396484375,968.856880545026,955.812627940134,965.781470661339,18756258
2020-06-25,970.167724609375,974.3546504572142,950.2300404244104,957.6069470658572,11762570
2020-06-26,963.3888549804688,977.1836894882967,960.7969197155442,971.9620342264228,8471410
2020-06-29,974.7533569335938,974.7533569335938,953.8487245007304,959.999482967677,8368378
2020-06-30,986.1178588867188,986.5165760581432,967.7751653416836,972.1614801422302,12928617
2020-07-01,987.9122314453124,995.6879159516676,970.7259577596044,975.9496211755408,12673100
2020-07-02,936.5516967773438,956.554095353616,925.9576305000112,952.3071324505116,9130340
2020-07-03,919.5994873046876,943.9306448805758,919.5994873046876,937.3492806594604,6994014
2020-07-06,914.6135864257812,939.9628609615764,914.6135864257812,927.3774793452365,10638224
2020-07-07,890.4817504882812,913.017994408503,890.4817504882812,912.4197107466712,18204491
2020-07-08,896.6643676757812,900.0547435341903,890.0829424276159,890.0829424276159,13189750
2020-07-09,847.6030883789062,880.5100318100873,840.8222758444837,869.9399470531678,21712308
2020-07-10,868.5439453125,874.9259228724152,846.0076973683251,847.8026095373485,10457251
2020-07-13,867.5468139648438,878.9146931137419,859.3699237755532,878.5157966701464,13454877
2020-07-14,876.5213623046875,876.5213623046875,862.1619436281974,863.9569166100439,9708816
2020-07-15,868.7433471679688,884.6982293533748,866.3500904949396,881.3077925437578,13916941
2020-07-16,874.9259033203125,877.3190992045131,860.7659327690316,861.5636647304318,5363260
2020-07-17,889.0857543945312,894.0716549033904,882.3049418750916,887.4902905769137,8767332
2020-07-20,893.6727905273438,897.487990274745,886.8919782268297,888.8863383659833,7860567
2020-07-21,900.4537353515625,908.4311770822518,887.8892889709468,899.6560033511035,7738031
2020-07-22,900.2542114257812,900.2542114257812,887.6099746495642,899.2570312933062,8435617
2020-07-23,903.04638671875,908.0322878399072,900.0548460460557,907.4340040505886,6413698
2020-07-24,900.4537353515625,909.0294608668332,898.0604784871355,898.4593749188901,4096590
2020-07-27,897.66162109375,913.1677609081696,896.46499269063,904.6418824383934,4046790
2020-07-28,913.2175903320312,913.4170385392564,895.6672436310812,898.2598877358644,4383443
2020-07-29,916.6079711914062,921.5938717517784,911.0237260459631,916.209074801359,5217748
2020-07-30,893.27392578125,919.0011603146132,891.8779101522405,917.4056964920184,5400870
2020-07-31,897.8610229492188,909.6277364357912,896.8638428086101,900.0547705681212,7956802
2020-08-03,916.208984375,917.0067162133176,887.4902121542999,899.655820493517,5039316
2020-08-04,920.3971557617188,920.3971557617188,909.827071925922,909.827071925922,4843858
2020-08-05,904.8412475585938,927.9757772002622,904.8412475585938,922.391592982558,6525684
2020-08-06,895.4678344726562,904.0435599898692,880.9090276560714,904.0435599898692,7381832
2020-08-07,901.4508666992188,904.6418553911176,887.2799408738007,897.4621460501072,5828190
2020-08-10,899.2570190429688,908.0321919165976,895.8666431565672,904.4423678338088,3554412
2020-08-11,885.2965698242188,912.6193316629202,881.9061936603754,902.4480814452916,6883031
2020-08-12,921.5938720703124,921.5938720703124,883.9103966696478,887.0914036627863,8210094
2020-08-13,901.6502685546876,918.9273999593776,898.4592800268225,909.2288130532036,4241413
2020-08-14,889.28515625,900.8524813456468,877.7178920173934,899.0575085655526,4297893
2020-08-17,887.0914916992188,894.2712013937711,880.9219869087495,884.0999510650761,2598722
2020-08-18,868.7433471679688,889.8835782362409,868.7433471679688,881.1083443438312,5207920
2020-08-19,870.5382690429688,877.9174264820222,866.7489966538789,872.3331811364275,4326920
2020-08-20,872.1337280273438,875.125268453959,862.5608230073933,868.5439038606238,4555814
2020-08-21,874.1280517578125,881.30776065406,869.9399440261244,873.3303198500168,5153903
2020-08-24,885.0969848632812,893.7904180365863,869.9398968480247,886.2936130916015,2596802
2020-08-25,870.9371948242188,898.4593434870375,868.9428344613175,887.6898096999801,3512641
2020-08-26,857.5748291015625,869.1420931488796,852.788377111743,867.3471812605771,6281890
2020-08-27,850.3953247070312,865.1257052973231,850.3953247070312,859.968291846398,4663509
2020-08-28,840.8223266601562,857.9738376577014,837.8307861674349,856.3783128770884,5920958
2020-09-01,831.249267578125,851.9906613645331,828.4571756031978,847.6030447874759,12151184
2020-09-02,861.1647338867188,861.1647338867188,837.8307554177146,837.8307554177146,6398809
2020-09-03,850.3953247070312,863.3586682570258,849.5975926611808,860.9654721194744,4873999
2020-09-04,831.0499267578125,852.987889144514,830.4515821748944,844.2126554993985,5816691
2020-09-07,859.7687377929688,863.9569065969923,838.2296100278668,838.4290582305434,4956502
2020-09-08,848.999267578125,865.7518831789619,845.4093822516987,860.1676374033157,5571403
2020-09-09,856.777099609375,868.743260048436,848.4007629568166,850.3951230299934,8321512
2020-09-10,847.6030883789062,860.6471949892491,845.0104444537882,857.3754412252543,5213099
2020-09-11,851.7913208007812,859.9682104385641,847.6031518777171,849.5975122350764,4579239
2020-09-14,847.0048217773438,859.1703706012381,845.4092970609163,857.9738031427233,4728107
2020-09-15,854.9822998046875,855.9794799720066,842.2183449725641,848.9992188007724,10160386
2020-09-16,849.9964599609375,856.5778251922815,843.4150338665419,852.3896560164028,5443487
2020-09-17,838.8279418945312,847.6031149115952,836.4346852248568,847.0048311756992,5585986
2020-09-18,845.8082885742188,847.0049170303494,829.6539565740842,834.6398577554188,11192298
2020-09-21,832.8447875976562,840.8222279752907,824.8673472200217,840.8222279752907,6241704
2020-09-22,834.0414428710938,843.414899100929,825.2662094807226,834.4402783850838,4390092
2020-09-23,847.6030883789062,857.7743376120618,844.2126516801733,846.4064600815274,4937881
2020-09-24,835.8364868164062,855.6982916148617,832.8449461054406,837.6313990703753,6309898
2020-09-25,852.190185546875,854.5834424029083,838.0302752150031,838.6285589974864,5351465
2020-09-28,848.999267578125,864.3558065192876,848.999267578125,859.7688018313022,4633891
2020-09-29,882.5043334960938,889.8834901213899,855.3810242940013,858.5720125877251,8941945
2020-09-30,887.2908325195312,899.6558899892511,881.9060965476541,883.9004567290254,9933283
2020-10-01,907.433837890625,911.8214544190482,895.8665737528395,901.0518612789256,6843364
2020-10-02,923.9869995117188,924.5853440527608,898.0603185055885,903.6445632401172,6418944
2020-10-05,918.4028930664062,930.767950933908,909.8271683558464,927.1780659741278,4224388
2020-10-06,917.2062377929688,927.3156500673824,904.0434483866728,924.7848430210992,5585473
2020-10-07,929.3718872070312,934.5572360893792,917.6051737690792,922.3916262516136,9743867
2020-10-08,938.9446411132812,941.3378974010404,926.5796459279534,931.7649939760748,4884369
2020-10-09,932.3633422851562,942.335142737404,926.658466969052,941.936246374098,8131861
2020-10-12,940.1414794921876,940.939211478818,926.1809567054806,927.776481541791,5349076
2020-10-13,934.9560546875,950.1132046601272,931.1967270279182,940.1414034759048,4775819
2020-10-14,938.5458374023438,945.5260974709882,934.7565655376872,940.7396455965252,4997272
2020-10-15,927.3775634765624,936.7650191120804,916.8074779585004,934.7567211225628,5812673
2020-10-16,941.5374755859376,943.7312840088208,930.3451269628904,936.7510232124926,5590017
2020-10-19,934.55712890625,954.5007293487092,933.0703057397192,942.734017260266,4668456
2020-10-20,935.155517578125,945.5262153178916,934.9560693786976,937.3493260457346,3372867
2020-10-21,929.7708129882812,937.3493579198612,927.3775562398628,935.7538939962805,6758030
2020-10-22,932.1639404296876,934.3577488108168,918.8017636774332,926.38030805256,4973590
2020-10-23,942.335205078125,948.3182857452877,930.5684919386472,932.3634039661872,4303513
2020-10-26,942.9334716796876,952.9092895714012,930.5684750432104,935.953211028065,3791462
2020-10-27,940.3408203125,950.711517543454,937.1498318673572,947.3210809086692,4523426
2020-10-28,917.6051635742188,936.5515859569948,909.0293779778722,927.7764130260024,8320665
2020-10-29,922.192138671875,928.177227715726,915.2118780145312,919.2005983901564,7240077
2020-10-30,916.4086303710938,924.585520420791,914.2148216948748,918.40299082892,6624849
2020-11-02,921.5938720703124,922.5910521827316,911.4226227510292,915.610791395798,5969049
2020-11-03,938.3464965820312,941.5374851510934,926.779231490106,938.147048384644,6467727
2020-11-04,947.9194946289062,948.7970180932556,918.0040879707706,921.3945250705794,6830793
2020-11-05,947.5205688476562,960.0850141026336,943.7312965376666,948.118852578638,4628424
2020-11-06,932.3633422851562,946.12441473665,928.972905786176,944.3295028278534,18897901
2020-11-09,938.14697265625,964.0736537845986,934.158252482658,937.149792612852,10380394
2020-11-10,941.5374755859376,950.6556725307088,928.7735823024028,930.9673298622424,6235645
2020-11-11,958.090576171875,959.0877562180287,935.1554351103396,941.5374117509394,7872856
2020-11-12,950.9109497070312,964.8714715576306,938.545952585756,938.545952585756,6421000
2020-11-13,950.9109497070312,956.6946431641444,942.5346731144988,948.5177539076128,5814036
2020-11-16,942.7340698242188,951.9629763125852,939.7425295910508,948.3182539142488,5079902
2020-11-17,933.5599975585938,949.5148787444256,920.3972084076742,939.9419135151014,7696288
2020-11-18,939.3436279296876,945.5261565493914,923.9870304739432,925.5825551071476,6528810
2020-11-19,930.369140625,939.3437625602894,923.987162903574,925.1837913342227,6757615
2020-11-20,927.3775634765624,937.9476489946246,925.383203125,926.579831508547,5532369
2020-11-23,916.4086303710938,929.3719733469636,916.4086303710938,926.77932909701,5417782
2020-11-24,909.228759765625,925.9813724762834,906.6361159741452,919.7989048407484,6540872
2020-11-25,906.2373046875,920.9955586785458,901.6503003602312,911.2232054184644,6099411
2020-11-26,879.065673828125,895.4222025995177,877.4698748361674,894.4248510571093,6243157
2020-11-27,871.48583984375,882.6561902452854,870.0895840895033,876.472597980729,21121855
2020-11-30,846.1531982421875,880.6615423707281,846.1531982421875,874.6774322300436,24940016
2020-12-01,852.735595703125,864.5043321007003,848.9456718969241,852.735595703125,14836820
2020-12-02,861.3128051757812,866.6985280886822,851.1398676990948,851.9377367930591,10277521
2020-12-03,855.7276611328125,867.4963976776527,855.7276611328125,864.1054388079923,9649264
2020-12-04,850.7409057617188,861.7117732451642,850.7409057617188,855.5281812161566,17901619
2020-12-07,857.7224731445312,859.7171765704487,853.7330662926962,857.7224731445312,6002027
2020-12-08,869.8900756835938,876.2730893847303,865.302221810094,869.6905931893527,8835307
2020-12-09,897.01806640625,900.0101212496685,876.4725866240032,877.6694207360729,11906659
2020-12-10,887.6428833007812,913.773506197371,887.6428833007812,907.5899143861922,8202698
2020-12-11,872.4832763671875,897.0181653125725,872.4832763671875,891.8319241707703,16803572
2020-12-14,878.4672241210938,885.1744497506581,871.6852458248468,873.6799489045375,12834160
2020-12-15,865.102783203125,880.461960981933,865.102783203125,878.6667403160346,16431400
2020-12-16,875.0762939453125,880.8609208903466,864.5043307541035,866.1001297939982,8391266
2020-12-17,873.2810668945312,880.6614933398764,848.7462410331086,875.674735166944,9576867
2020-12-18,865.3021240234375,880.2623962982099,863.9058684685609,879.6640097566205,17514195
2020-12-21,847.7489624023438,879.6642174574908,839.5706661197587,853.7330727251839,6498585
2020-12-22,850.1425170898438,853.5334759614645,842.9615734888969,847.7488489316916,8477970
2020-12-23,856.72509765625,861.9113385944136,847.7489324887224,850.5415050328055,3954459
2020-12-24,854.9298706054688,866.2996432112134,842.1637813010377,853.9325189274115,1468969
2020-12-29,880.6614990234375,883.8530364494143,860.7144662029746,862.7091694850209,4850512
2020-12-30,869.4910888671875,880.8609211448746,867.8953507003408,877.8688664269054,3134734
2020-12-31,862.7091064453125,866.698512717892,853.5334598436779,857.9218310929189,2555825
2021-01-04,880.2625732421875,892.6297584913625,871.685373096593,875.6747798384539,4506111
2021-01-05,866.4989624023438,877.8687937385988,863.3074254594034,875.2756433403018,4923098
2021-01-06,880.0631103515625,888.440827592661,865.5017399022149,871.8848147393965,21893161
2021-01-07,877.4698486328125,893.2279903575871,871.4857395570622,886.8449772008901,11972240
2021-01-08,877.6694946289062,885.6074012131854,871.6853844382547,883.2546397907744,6236401
2021-01-11,875.2757568359375,881.0604449272663,870.4884812375204,878.2678116941371,7958277
2021-01-12,853.73291015625,877.4698644087903,853.73291015625,873.0815541984462,5714573
2021-01-13,872.0841674804688,873.6799055155705,851.7381727286497,854.1318406548063,5738615
2021-01-14,870.0895385742188,876.8715171110354,867.6958704442791,876.8715171110354,8550841
2021-01-15,873.0816040039062,873.4805081147806,861.1133849544956,869.8900667493614,7214106
2021-01-18,870.2889404296875,875.4751806777919,864.3048311142227,873.679960057854,2135641
2021-01-19,876.4725952148438,880.8609667109419,871.1976010132294,875.4752435905953,5080383
2021-01-20,871.2862548828125,875.8741083534223,859.717001714937,873.081536299815,6874880
2021-01-21,866.4989624023438,877.669311265883,862.5095564420443,873.280940360152,4245922
2021-01-22,873.4805297851562,877.9347054941331,866.6985509969367,871.0869224399966,3756052
2021-01-25,885.6482543945312,886.246641027825,869.2916631846865,874.6773863783828,3855338
2021-01-26,879.8635864257812,893.6270262173737,878.3037027258996,886.6455650750504,5772626
2021-01-27,874.0790405273438,892.3035972089896,870.4885379395183,883.0552056866334,10972484
2021-01-28,859.717041015625,871.0868731000376,855.5281523069725,867.6958534612456,6305548
2021-01-29,847.7489624023438,856.3261628490073,840.5680178402321,849.9431483620888,7943014
2021-02-01,861.5122680664062,863.3074887053582,846.352512131963,850.1424967707052,4266353
2021-02-02,865.3021240234375,869.2915299633768,857.1238905453648,863.5069035251655,4899347
2021-02-03,869.0921630859375,878.9749161639849,865.7011434740783,866.8979775061173,6013270
2021-02-04,869.8900756835938,878.4672750743597,856.725022419328,871.0869097755289,7098792
2021-02-05,849.1451416015625,872.5349957848621,848.147790042657,868.4937253202246,9145898
2021-02-08,845.5546264648438,856.7249759275411,845.5546264648438,855.72762438397,5859712
2021-02-09,852.735595703125,854.7302988509686,840.9269262835471,842.7620799639071,7309063
2021-02-10,852.735595703125,868.0948342909242,851.1398575342538,859.5175742310913,6307025
2021-02-11,851.538818359375,861.3128522601396,847.3499292951864,850.3419842162477,7516244
2021-02-12,854.1318969726562,856.7249866690498,848.1477876362019,849.9430082624366,2988866
2021-02-15,863.1080322265625,867.8953073615567,852.3365870809431,852.3365870809431,6277782
2021-02-16,846.3525390625,865.5017018588243,846.3525390625,863.7064811627492,4955092
2021-02-17,862.3101806640625,862.9086281562566,843.1610783840855,846.3525548484073,5383945
2021-02-18,852.735595703125,867.4963868224655,849.354559257888,865.7011661641081,5861471
2021-02-19,842.3630981445312,855.7276333173049,842.3630981445312,853.533447723841,8702354
2021-02-22,824.21142578125,848.1478653194449,823.8124607728746,838.7727354842464,7591777
2021-02-23,834.5838012695312,835.9242359673439,819.4240448735668,828.2007875952112,7671730
2021-02-24,826.4054565429688,837.9747708589525,824.894515233153,832.9880131900388,7664411
2021-02-25,822.8150634765625,828.9986555222399,819.0251396013118,826.2060832390821,6358898
2021-02-26,804.2643432617188,830.3949061148734,803.266991675766,823.8124099969891,13225040
2021-03-01,821.019775390625,823.0144784110719,807.8547232809748,807.8547232809748,6175878
2021-03-02,826.0065307617188,833.9853428224482,813.0409611630333,813.0409611630333,7730413
2021-03-03,808.0542602539062,837.5758425980898,803.6658889635638,837.5758425980898,8747335
2021-03-04,827.0039672851562,833.9854285559875,806.2590659693889,806.2590659693889,7868067
2021-03-05,825.80712890625,827.6023496204745,816.6075586760821,821.618239990719,5403274
2021-03-08,829.3974609375,831.3921638843179,809.649913938703,829.7964258762648,5813072
2021-03-09,831.9907836914062,845.953707212425,831.7913011806886,834.7833562209069,6046054
2021-03-10,839.3709716796875,840.7672880852206,824.0117955863367,834.5836968047925,4224837
2021-03-11,836.1796264648438,843.9589569624939,831.1928683415408,840.9669020885121,4702949
2021-03-12,836.1796264648438,840.4662174502777,830.1955167168802,832.3896415923238,3730129
2021-03-15,842.5626831054688,843.7595172905129,835.5812213784786,841.3658489204245,4099641
2021-03-16,848.1477661132812,943.9932238705446,839.7699889054396,847.9482836324266,5270281
2021-03-17,829.1982421875,852.336753332135,827.5216637573025,847.7489597815479,5458181
2021-03-18,826.804443359375,839.9694961279774,803.26697088938,812.8415215173591,12989222
2021-03-19,839.7699584960938,853.4097628603179,833.9853320018192,851.538693958274,19169593
2021-03-22,844.1583251953125,846.5519322463875,835.5810658601577,840.7673057810762,5532378
2021-03-23,858.7196655273438,860.3154036225914,839.3710215365586,840.9668205053125,7548250
2021-03-24,859.9165649414062,861.7117856534821,848.1478281916743,858.52024834673,9953019
2021-03-25,870.6879272460938,874.4778510662775,859.5175774022553,863.7064662028833,7695697
2021-03-26,857.7224731445312,870.727917567047,852.3567160589317,869.2917286654457,7889672
2021-03-29,867.6958618164062,870.7277886604741,852.3565898721159,858.3207327531244,4275558
2021-03-30,854.7302856445312,869.4910765358029,850.7408794104845,868.6932074636951,6839836
2021-03-31,861.7117919921875,862.5096611063668,854.9298132113956,858.5202546619586,8305859
2021-04-01,861.213134765625,868.0948853800941,856.6253416049874,864.4046721647051,5265875
2021-04-06,872.0841674804688,873.0206454667358,861.074402917922,863.4071973400311,5218974
2021-04-07,885.6482543945312,889.8371434481269,873.5803239261732,875.6747380162145,6747419
2021-04-08,901.1071166992188,904.8970403778178,884.8502987663416,886.146843594085,10845136
2021-04-09,898.1151123046875,902.5034836770128,892.562839411501,902.5034836770128,5120585
2021-04-12,897.01806640625,900.7192367865944,891.1336675314558,893.3278532579983,5225672
2021-04-13,890.9341430664062,898.1210521309127,886.9447367964359,895.5219968009773,5271512
2021-04-14,885.7479248046875,893.98404987131,881.2918012320671,893.72673754338,3370520
2021-04-15,895.7214965820312,895.7214965820312,883.4540834060418,886.9448141968892,4893068
2021-04-16,899.9102172851562,900.6083754873664,891.9314055421895,897.5166102863678,7051145
2021-04-19,905.0965576171876,907.0912607744706,898.0752244180145,900.5087647048402,8712706
2021-04-20,908.8863525390624,909.4847999254788,898.155876184622,903.600402096641,4920765
2021-04-21,901.7055053710938,911.9782749593156,900.8079255068026,909.4848961026612,5358605
2021-04-22,912.5767211914062,915.3692935187104,901.6058535049522,903.1018809167414,4486225
2021-04-23,901.1071166992188,915.5687140341812,897.1177105378497,914.9703274593788,4922825
2021-04-26,897.616455078125,902.5892731276982,895.3225585342943,897.7161658903956,3321399
2021-04-27,898.21484375,903.401084343664,896.9990779702582,897.9156504389931,3819495
2021-04-28,895.3225708007812,900.8000303379288,893.3278675399456,898.2148540048854,5173318
2021-04-29,889.6375122070312,899.5113161201651,879.7637082938974,895.3224277669112,4150782
2021-04-30,908.1883544921876,912.4770151271036,890.3357971427336,895.5220377052859,6519223
2021-05-04,912.8759155273438,916.26693534729,903.8997510464976,907.9889291674344,7524762
2021-05-05,907.6895141601562,921.5527234181192,906.4927411402318,912.875753782664,7513184
2021-05-06,931.3269653320312,931.3269653320312,912.7762488572504,915.5688213227478,7246784
2021-05-07,929.2324829101562,937.909453864936,922.2510218227374,932.623441771368,4614418
2021-05-10,927.5369873046876,930.0303663028184,918.4611121008954,926.4399248949142,4967317
2021-05-11,911.8784790039062,927.4371991793124,909.4848718893476,924.445144630985,6070264
2021-05-12,917.2642822265624,930.963865871841,907.9889244855506,909.983627693231,7067419
2021-05-13,921.552734375,921.552734375,904.5977598248106,913.873116080508,3862610
2021-05-14,933.6207885742188,939.119188315184,927.5369682928842,927.5369682928842,7098076
2021-05-17,928.6339721679688,939.6048388436116,922.1511873141798,936.912038449304,5151475
2021-05-18,927.0382080078124,938.7072325910032,926.9384972084237,932.5236411912908,5117727
2021-05-19,928.13525390625,931.4265624570228,917.563352670534,928.13525390625,5940354
2021-05-20,948.3816528320312,948.3816528320312,924.9438904286852,937.5104961338412,7915749
2021-05-21,942.8961791992188,952.1715364344,938.26845340013,950.476026625634,6652041
2021-05-24,947.7832641601562,953.9668565866492,944.0930508674496,947.4840708388048,5040147
2021-05-25,944.491943359375,955.5625215139725,940.3030545615376,946.0876815330704,5013030
2021-05-26,953.5678100585938,955.6622848760333,941.9985562162468,944.6914176252352,4898827
2021-05-27,940.8016967773438,959.15298948752,940.6022142943732,953.9667492978176,10837068
2021-05-28,936.712646484375,944.0930118915836,936.4333588136344,943.0956602792436,8583967
2021-06-01,947.583740234375,955.21947000377,936.3136792169956,936.3136792169956,5162873
2021-06-02,958.0558471679688,963.0426047752838,945.9879181076686,947.9826211505948,9110791
2021-06-03,919.142822265625,934.9058153886156,906.9713756139122,934.9058153886156,9609182
2021-06-04,912.1593017578124,925.6276936840288,910.5630722567917,919.5420002076024,7607690
2021-06-07,913.8552856445312,917.077703465378,910.8623098181844,916.7485199668994,5240943
2021-06-08,912.5584106445312,924.0314855131876,912.0994657285736,916.9480723197952,12657157
2021-06-09,910.8623046875,914.154565899487,907.6697849789298,911.4608754924982,6334877
2021-06-10,911.8599243164062,922.8341684821398,909.76486569621,915.9503000576448,7530470
2021-06-11,916.4492797851562,919.6517862113716,912.2591618569008,913.6558475355672,8630006
2021-06-14,917.845947265625,922.9339819642188,915.8506299889608,919.9410060492224,4340687
2021-06-15,924.82958984375,927.3237365261764,920.6394112388228,923.0338164108534,11464763
2021-06-16,929.21923828125,932.5114994611324,921.5372549333592,924.2309453140804,11052071
2021-06-17,927.4234008789062,928.1217740703346,916.5489587835856,919.6416760555924,8043422
2021-06-18,922.7344970703124,930.1171344435784,922.2356677521628,928.2216195699598,11375818
2021-06-21,924.7296752929688,926.9244752489988,917.2472366458431,919.3422951101418,12755269
2021-06-22,928.0220336914062,933.010326647292,924.6299701245048,928.5208629869948,4395058
2021-06-23,916.7484741210938,927.124086598204,915.7508155622036,924.6299402009786,6489375
2021-06-24,921.7368774414062,924.8295949879164,915.2321233719356,917.8459842382774,6539420
2021-06-25,921.0384521484376,924.5302573259668,917.3151955290872,923.133510898055,3885269
2021-06-28,923.3330078125,925.1287810625352,920.1404882056336,923.1334639197746,3713681
2021-06-29,921.6370849609376,925.4281758016788,919.1429382377848,923.6324023394596,3768793
2021-06-30,918.6441040039062,923.2333704854344,912.4586079849574,919.4422187726166,6444470
2021-07-01,923.3330078125,923.7320955979508,913.456163598936,920.8388613840492,4884965
2021-07-02,921.7368774414062,925.7275121554856,917.945725749228,923.0338215450314,5766294
2021-07-05,921.8364868164062,925.5278355762628,918.264852209432,925.5278355762628,2811510
2021-07-06,927.8224487304688,927.8224487304688,918.2449510359556,919.7414388564886,6344174
2021-07-07,938.7967529296876,951.067941666259,925.128817780848,931.713401148648,6489422
2021-07-08,933.4093017578124,938.8964237048316,928.8200968499308,938.8964237048316,5047303
2021-07-09,937.3999633789062,938.0983365529016,931.1147265974412,933.808416901568,4614092
2021-07-12,942.8870849609376,944.3835728077016,935.8037335098194,935.8037335098194,4490023
2021-07-13,940.3928833007812,943.6852050840326,936.9010785301448,942.8870295655216,4585125
2021-07-14,928.919921875,936.901190879248,925.1288312764324,936.901190879248,6907496
2021-07-15,925.6276245117188,936.635785946805,922.7224553729932,927.423397789232,7464071
2021-07-16,940.7919311523438,940.7919311523438,930.017231924169,934.0078657784736,6827758
2021-07-19,928.8201293945312,939.9939175656968,927.1240976457588,938.0983419243196,7480312
2021-07-20,919.8412475585938,932.810809617446,917.9456718238616,932.0126948999664,10151312
2021-07-21,919.3424682617188,924.1312177193572,914.1546309775048,919.8412975988114,4908621
2021-07-22,916.3494262695312,917.44682637523,907.071213446014,917.44682637523,6320893
2021-07-23,927.3236083984376,927.3236083984376,913.5379695800152,919.641625499528,5109722
2021-07-26,925.9269409179688,931.2145803180704,921.8814425207078,926.82485803292,5535976
2021-07-27,928.8201293945312,928.8201293945312,917.6463412233658,924.1311219334242,3473466
2021-07-28,927.7227172851562,933.9081516299198,925.4280538883452,930.815434457538,4845793
2021-07-29,924.82958984375,929.862760799056,921.7368723144424,928.6206806225877,3347434
2021-07-30,921.936279296875,924.0912559524176,916.7485033391016,920.8388792040188,5803258
2021-08-02,925.9269409179688,927.6229727505156,918.7438475673584,922.4351357477692,2747341
2021-08-03,925.7274169921876,929.3189635087524,921.6369802953944,926.9245585695444,4213796
2021-08-04,925.1288452148438,926.8248770822496,920.9386667460324,924.3307304808444,4240886
2021-08-05,931.8131713867188,937.7991232371688,928.6206515546952,929.8178541032354,3696351
2021-08-06,939.19580078125,939.19580078125,928.1217541350986,933.0103054778476,4686375
2021-08-09,942.8870849609376,946.0796045458168,936.0032774011704,937.799050638838,19345950
2021-08-10,949.2720947265624,949.7709239933656,938.9962240088648,940.8917386873704,4528248
2021-08-11,945.580810546875,947.6759301458696,929.3189875170287,944.383608046342,4406614
2021-08-12,948.2745361328124,951.9658852746412,946.2582719210008,947.9752507196374,7572996
2021-08-13,953.2627563476562,953.2627563476562,946.7201280583034,949.0725782072392,2752961
2021-08-16,954.6595458984376,957.4529778210602,950.0702797684688,952.7639701872388,6856443
2021-08-17,960.4459838867188,964.3368160432371,949.6712827646088,951.2675122300136,4240846
2021-08-18,966.5316162109376,969.4248504381184,957.752232920945,962.5409819071002,7166379
2021-08-19,976.0094604492188,977.2066630264766,965.2347590384034,965.2347590384034,5296270
2021-08-20,976.7078247070312,981.3968325710006,971.8192729333128,977.1069125265294,5833142
2021-08-23,965.7334594726562,979.9999643091444,963.3390546377271,978.3039326254232,5178951
2021-08-24,961.3438110351562,969.5246238053608,951.0679395434752,965.3344454701586,6443199
2021-08-25,948.2745361328124,962.4413009815268,948.2745361328124,960.1466982908496,4965726
2021-08-26,941.3906860351562,948.3742966463732,936.1031073222566,944.2839205024184,4801054
2021-08-27,935.7040405273438,945.7803681944566,933.2098939867466,941.1911629166576,6915342
2021-08-31,939.0960693359376,945.0820211994096,931.512852830836,933.1101174724654,7415250
2021-09-01,944.0843505859376,950.5691316891484,940.49280387029,942.0890333234112,6689898
2021-09-02,941.7897338867188,946.6782854640052,939.0960434439742,945.3812805488784,3601460
2021-09-03,939.295654296875,944.283947734458,932.611328912063,943.7851183906996,5002734
2021-09-06,934.2074584960938,943.3858681271096,932.81071221716,939.1957510747952,2843419
2021-09-07,928.3213500976562,935.8955544022056,926.9246036664556,933.4093847257084,6985286
2021-09-08,945.8800048828124,946.2790926419837,922.9338592520631,927.3235810339733,7694574
2021-09-09,940.7919311523438,943.7849065430725,937.7989557616152,940.8916726418051,10679173
2021-09-10,933.7088012695312,943.6853882650718,933.3097134328078,941.9893562973788,6279504
2021-09-13,957.4530029296876,960.7452642424108,937.799115667566,938.3976864908792,770875
2021-09-14,964.0375366210938,964.536365943664,955.3768926123212,955.856723552489,7457359
2021-09-15,957.4530029296876,965.2347280940108,952.7639951728996,964.1373279538532,7979905
2021-09-16,964.7359008789062,967.1303059618762,956.8543732986932,956.8543732986932,17628825
2021-09-17,962.9400634765624,974.7124224184176,953.5620485662012,969.5245856784782,27473301
2021-09-20,954.4600219726562,957.7522832679398,946.6782968495544,957.0539100496068,7059004
2021-09-21,955.4577026367188,959.647881151104,949.9765474946108,953.1630999169192,7015421
2021-09-22,944.7826538085938,958.2510443327924,940.7920195792016,954.0608662134812,6400259
2021-09-23,932.7110595703124,945.9799069151684,931.2145716541502,944.7827044037886,30093691
2021-09-24,917.2473754882812,930.4164207868084,916.050172945074,928.8201913240327,7930611
2021-09-27,906.7719116210938,921.138158699569,905.973736039861,920.0407586137452,5674681
2021-09-28,893.2037353515625,904.1779799878076,889.0135570392737,901.9831188821088,8203733
2021-09-29,896.1966552734375,900.5863772110862,887.7724567551141,892.7048503796586,9361126
2021-09-30,882.52880859375,902.4450806898084,881.7306938601942,901.3845812467924,11051493
2021-10-01,893.10400390625,898.4913238893656,879.5937187424844,882.5287860568759,8438484
2021-10-04,900.7860107421876,903.080613436576,888.9138485649472,890.6098804320173,8323362
2021-10-05,908.2684936523438,911.720353740794,902.3822830379256,905.3752591010696,8186274
2021-10-06,901.4842529296876,905.67443107162,894.5006429905484,904.47722861789,9094174
2021-10-07,894.3011474609375,915.7508062591714,894.3011474609375,913.5559452734612,5349440
2021-10-08,887.9161987304688,899.0899877918193,885.8211399218255,891.5077455145004,8172447
2021-10-11,884.823486328125,889.8297428222522,879.0370174097535,886.9185451487409,5270682
2021-10-12,887.81640625,887.81640625,878.5381326214854,883.7259694834322,4103864
2021-10-13,899.8880004882812,900.0875443741555,881.7306029341264,884.3245516660027,5746926
2021-10-14,899.2894287109375,904.6767482700124,896.8661000514311,902.7812335869515,4640875
2021-10-15,895.0993041992188,904.3825101247094,887.3175793315671,901.78362896855,10419430
2021-10-18,903.7789916992188,905.1756772681612,890.2726641066646,894.0018882553651,4530346
2021-10-19,901.6837158203124,906.6720081858732,896.6954234547517,904.8762351127197,6106305
2021-10-20,911.76025390625,913.9510962004192,901.883409030104,903.5794408936772,6242631
2021-10-21,905.3751220703124,912.6580172098948,902.9807172252948,912.6580172098948,4253974
2021-10-22,910.0641479492188,912.3587504520596,902.5817087710992,906.372799109564,4698135
2021-10-25,909.3657836914062,918.8435400765608,907.5700104495104,911.361100825123,3918771
2021-10-26,920.6393432617188,920.6393432617188,907.1709521710792,907.4702375724214,3870625
2021-10-27,934.5069580078124,936.5022754965056,920.7392795142824,923.732255747322,5707384
2021-10-28,943.086669921875,943.424865472936,926.3260174866724,930.2169104145986,5501723
2021-10-29,933.2098388671876,943.9845391077154,933.2098388671876,938.7967024312402,7046108
2021-11-01,944.7826538085938,947.5760855907192,933.2098389002548,937.200473129647,2957745
2021-11-02,946.0796508789062,950.0124376954968,941.3457656298526,944.2838775532928,2879665
2021-11-03,944.8824462890624,950.2698271463192,936.6018919947412,942.9869314631752,2879926
2021-11-04,953.46240234375,958.151410267494,942.8782327536022,946.2792477469776,5402238
2021-11-05,947.775634765625,958.051505785161,946.9775200937454,949.9704957824788,4238483
2021-11-08,948.9728393554688,954.9587907464088,946.2791490510964,948.8730369636052,2925476
2021-11-09,940.3928833007812,949.770897613102,940.3410031099228,946.7779220954136,7869699
2021-11-10,962.4412841796876,966.930747975692,938.5972187728968,938.5972187728968,6980416
2021-11-11,966.5316162109376,974.6126872115562,964.3367551653776,966.93070399822,4582643
2021-11-12,975.510498046875,977.5058151060392,964.8355396018984,971.220578548121,8762009
2021-11-15,979.3016357421876,980.8979260022288,970.32270854079,970.32270854079,12008895
2021-11-16,972.1184692382812,983.4917396319668,968.2275767214526,980.5985665099272,6429924
2021-11-17,972.717041015625,974.3132702644972,945.6006901946894,973.1161287739644,8283015
2021-11-18,984.1901245117188,989.1784170840032,970.6219930720024,988.2805000640948,7524362
2021-11-19,981.1972045898438,984.9882949812384,972.3180189509424,975.310994663977,11121123
2021-11-22,982.693603515625,990.4354430688214,977.106740380453,984.9882058428476,6585734
2021-11-23,990.0763549804688,996.8604208433744,979.1021110900424,981.7957404220786,6293629
2021-11-24,995.9625854492188,998.6562758943168,983.7911381399888,987.6820311042692,7928017
2021-11-25,1004.6422119140624,1006.6375291174668,991.6467099940144,996.9602285025062,3043926
2021-11-26,999.8533935546876,1013.8206130111506,988.2805180411284,995.7629570356625,12671867
2021-11-29,998.8557739257812,1007.5104498547612,992.8698224970118,1001.050634961446,8008044
2021-11-30,1004.2431030273438,1007.0365957672452,988.9789389202986,998.0576685404836,20728063
2021-12-01,1004.6422119140624,1005.4403266169744,988.180844985977,996.6609431004454,11116173
2021-12-02,983.6463012695312,987.437987193358,974.8655388928242,984.0454517464866,9201819
2021-12-03,1000.2101440429688,1000.6092336470034,986.6398185676424,992.826285997437,11400965
2021-12-06,1022.5610961914062,1028.148837117404,1003.4029706976208,1006.5959916132516,7716740
2021-12-07,1025.75439453125,1028.1491762332996,1013.9801831168018,1020.565741444695,4931204
2021-12-08,1035.732421875,1042.7171299223266,1024.467046632932,1030.344194163477,7126800
2021-12-09,1046.7081298828125,1048.3046098193374,1039.1047830393163,1042.1182043889485,5265584
2021-12-10,1048.50439453125,1048.50439453125,1041.9187159289022,1043.1161674037055,3473740
2021-12-13,1048.703857421875,1051.0986384503565,1041.5196361400533,1047.1073773374285,3813075
2021-12-14,1053.0943603515625,1057.8838010203356,1046.7083176562314,1051.0987296219987,5078910
2021-12-15,1056.6865234375,1061.276449981222,1050.5001165920885,1053.493562834121,9460715
2021-12-16,1041.5196533203125,1064.469405098214,1010.3877430437664,1063.8706184784994,15899773
2021-12-17,1071.4541015625,1071.4541015625,1036.480627108066,1044.7126032078413,30043179
2021-12-20,1072.4520263671875,1072.4520263671875,1048.7039714418174,1056.2873440201558,9930372
2021-12-21,1082.43017578125,1082.43017578125,1065.46731427681,1075.245831944247,6010947
2021-12-22,1083.228271484375,1083.228271484375,1061.8749995821197,1075.4453851822548,11577434
2021-12-23,1082.03076171875,1085.6228718605084,1071.2543094898688,1083.2280911648008,4394110
2021-12-24,1079.63623046875,1085.623122689464,1075.0512980759254,1077.8401140810822,1580151
2021-12-29,1087.61865234375,1091.0112486475653,1082.0658687908715,1088.2173171494533,5274055
2021-12-30,1076.6429443359375,1090.2132110252244,1075.24597824947,1087.0202500878577,3240399
2021-12-31,1057.48486328125,1076.6928107055526,1057.48486328125,1071.0551290488595,3460586
2022-01-04,1075.6448974609375,1077.6405280684717,1067.6623750308008,1070.655820942102,6263409
2022-01-05,1061.2762451171875,1070.4341717817333,1059.2806146743933,1068.460587793416,6063195
2022-01-06,1052.096435546875,1060.677622430651,1047.661078501754,1054.6907308647203,3827099
2022-01-07,1051.497802734375,1060.677654693243,1043.0742294795991,1047.306905428577,4683665
2022-01-10,1051.0987548828125,1053.693050532867,1045.3113769065374,1048.9034879453538,5089001
2022-01-11,1047.506591796875,1057.6842595351002,1047.506591796875,1054.690813517548,7023473
2022-01-12,1052.096435546875,1055.4890317949596,1043.515248663099,1049.5021402290292,5700102
2022-01-13,1064.269775390625,1064.269775390625,1049.5021820220973,1052.295991781947,6305287
2022-01-14,1078.6383056640625,1080.6339362018314,1058.8815146187023,1066.2653719691714,7623748
2022-01-17,1078.2391357421875,1078.5385290388997,1056.7322706484124,1066.8640175214107,3410494
2022-01-18,1084.22607421875,1097.4082715094007,1073.2501059835445,1078.2391824540923,6772159
2022-01-19,1086.6207275390625,1087.618542715866,1071.2543494555655,1076.8420900849435,4809751
2022-01-20,1089.81396484375,1095.91766712096,1083.8270722587004,1093.20656166934,5707310
2022-01-21,1081.432373046875,1091.610041347121,1074.8466940016883,1087.6187797699831,6624724
2022-01-24,1076.6429443359375,1086.0224345694742,1070.8555656078515,1074.6473132991705,7693547
2022-01-25,1078.837890625,1080.4344926026376,1059.8793992750343,1067.6624076033145,5948278
2022-01-26,1071.8531494140625,1086.8203789542158,1068.6601891669468,1084.226083527981,6221930
2022-01-27,1094.802978515625,1100.1912058904609,1059.8794404612158,1064.4694886198456,6278794
2022-01-28,1089.614013671875,1100.190828638008,1082.4297941712998,1096.000054229938,15264567
2022-01-31,1077.241455078125,1099.792058204725,1073.8488584405436,1097.996063610924,11228874
2022-02-01,1090.213134765625,1101.7877696085077,1083.4280627974183,1088.816168776874,6963157
2022-02-02,1102.386474609375,1102.386474609375,1084.824826573032,1099.1933923283875,4570906
2022-02-03,1094.6036376953125,1103.2786157160128,1085.4237835299946,1096.2001181844564,6347382
2022-02-04,1072.0528564453125,1098.5947208908497,1067.630531910423,1098.395206538572,6402156
2022-02-07,1072.0528564453125,1079.237078378186,1067.462930110219,1076.0441179199386,5370204
2022-02-08,1075.6448974609375,1084.0265703733064,1072.6224622866605,1076.0440479431695,4886843
2022-02-09,1077.6405029296875,1087.2195052616712,1075.245721895786,1080.234798298238,5171942
2022-02-10,1088.61669921875,1092.145959938097,1077.640728832493,1086.221917682837,5665508
2022-02-11,1093.406005859375,1095.9284370274895,1077.2413256357224,1083.228217169604,5449112
2022-02-14,1072.6513671875,1093.805001242216,1071.6754766131555,1090.6120412427326,3939672
2022-02-15,1073.649169921875,1079.8355755252576,1066.9608116212776,1071.6535394945108,4959667
2022-02-16,1078.438720703125,1080.0352006680598,1064.2696717307458,1064.8683364921449,4186324
2022-02-17,1076.24365234375,1088.0179226349362,1064.4695038561997,1088.0179226349362,6963621
2022-02-18,1087.219482421875,1093.0068596485903,1080.2347756051734,1083.6273718482953,6359185
2022-02-21,1077.041748046875,1088.21722953229,1073.2500015766736,1087.4190504568248,3555221
2022-02-22,1069.4586181640625,1072.6515787934334,1055.8882309801356,1067.662501682766,5474890
2022-02-23,1077.6405029296875,1080.43443443651,1062.473759387682,1072.0527617196656,3718772
2022-02-24,1050.30029296875,1072.5316456579176,1047.7059977160814,1057.684150075282,7101297
2022-02-25,1098.1954345703125,1102.7853603377755,1050.3003027979248,1057.0854951871274,8966639
2022-02-28,1128.329833984375,1129.5271638818704,1094.6036208289856,1097.5970673763757,10189200
2022-03-01,1135.713134765625,1144.8931070641656,1118.1516127993627,1129.7262439723352,8676504
2022-03-02,1125.1363525390625,1137.509284911098,1103.3840550852085,1128.3294341402764,10420769
2022-03-03,1108.173583984375,1128.3024845621928,1101.7875420715095,1120.3470030253163,6521512
2022-03-04,1105.3798828125,1118.7505109309066,1086.4213913449698,1111.7658035481322,9119631
2022-03-07,1109.9697265625,1120.1473935570332,1058.881511847164,1087.6186402372666,15553925
2022-03-08,1111.5660400390625,1126.7327810919423,1097.5966284048193,1107.574779572136,7563197
2022-03-09,1135.314453125,1141.500860113951,1110.1694310263183,1119.9480710319683,7791314
2022-03-10,1130.9239501953125,1143.6959136851135,1114.811156674152,1134.5160611204556,6242210
2022-03-11,1110.9677734375,1136.5118252186471,1109.7703217861615,1127.5314859500188,6255364
2022-03-14,1120.74609375,1121.145244229839,1098.794157198743,1116.7548325588623,5448033
2022-03-15,1152.8758544921875,1152.8758544921875,1103.1846024294282,1109.969795382223,6754503
2022-03-16,1116.5552978515625,1167.64339144468,1116.5552978515625,1165.44824655105,12408134
2022-03-17,1136.3121337890625,1141.5007247254543,1111.9654156492277,1120.945753518571,8327847
2022-03-18,1129.7265625,1142.0994979887494,1120.7462237780487,1134.9152757326442,21545602
2022-03-21,1126.9326171875,1138.3077358976363,1125.435894246788,1131.92169365654,5270300
2022-03-22,1117.3536376953125,1131.1234159507317,1114.160555607317,1126.7330042070048,6511388
2022-03-23,1105.5794677734375,1130.12570235425,1103.3843226058118,1122.941480165986,7347438
2022-03-24,1117.3536376953125,1120.7461123210935,1107.9741493799932,1110.169294350043,7508869
2022-03-25,1124.138671875,1127.331753858252,1112.3645246344493,1115.756999148946,4210108
2022-03-28,1130.125732421875,1137.1104404366006,1113.562020633397,1124.1388398378244,5058826
2022-03-29,1143.8955078125,1150.2815502245962,1132.240971275152,1150.2815502245962,7933099
2022-03-30,1164.849609375,1164.849609375,1139.3055619725203,1145.2924537920214,5957311
2022-03-31,1169.838623046875,1177.0228441228858,1163.0534306278275,1171.4351030855862,7646968
2022-04-01,1160.459228515625,1175.5312095831307,1155.4701518668046,1173.430827802558,13015293
2022-04-04,1166.4461669921875,1171.7075967654598,1159.960367090178,1164.4505362531077,4127155
2022-04-05,1208.3543701171875,1208.853277784453,1166.945033734146,1166.945033734146,13715579
2022-04-06,1218.8314208984375,1218.8314208984375,1194.8838530707155,1198.8751143753357,9460739
2022-04-07,1213.3433837890625,1232.7857999564517,1210.2701565675854,1227.811705388521,8207115
2022-04-08,1223.3214111328125,1227.3874592713732,1212.8443517389344,1219.3301504113351,4582242
2022-04-11,1216.835693359375,1230.3061991899217,1212.8444323725464,1226.314938203093,3751440
2022-04-12,1191.3916015625,1211.3479097963775,1182.411262857255,1207.3566481496025,5251942
2022-04-13,1182.4112548828125,1200.3719321721717,1182.4112548828125,1185.9036088001878,6327771
2022-04-14,1180.9141845703125,1191.8901507978355,1176.922924123941,1182.9098147934983,6258474
2022-04-19,1165.4482421875,1192.3892546353277,1165.4482421875,1192.3892546353277,6828564
2022-04-20,1177.9208984375,1182.4110670465377,1158.9624087548973,1168.4416535961986,8053585
2022-04-21,1159.9603271484375,1175.9253725113408,1151.4788967993952,1167.4439421622983,10907676
2022-04-22,1169.9383544921875,1179.4175991554505,1146.9886042548142,1152.4765880072296,10863197
2022-04-25,1178.4200439453125,1184.905844356527,1159.461550435608,1168.4418894665207,5665722
2022-04-26,1199.3739013671875,1201.3695318187135,1182.4110425292156,1183.4088577549787,6742433
2022-04-27,1206.3585205078125,1210.3497811215689,1177.9207886347997,1187.4000325924706,6687105
2022-04-28,1222.822509765625,1225.8159553219668,1191.391331424036,1202.8662060566796,6936313
2022-04-29,1191.3916015625,1220.1287341407397,1190.393786150806,1214.341356031459,8893882
2022-05-03,1191.890380859375,1197.8772726845373,1161.955921733564,1193.3871038156656,7901943
2022-05-04,1180.9141845703125,1189.8945205746495,1172.9316636775686,1182.9098147934983,4490017
2022-05-05,1197.8770751953125,1207.8552265921917,1180.4153102507744,1185.9032935190578,7151298
2022-05-06,1176.92333984375,1203.835368105394,1174.9277089156556,1197.3785568567191,7249288
2022-05-09,1176.4241943359375,1193.885961427438,1164.45041118748,1183.4089011725375,5292874
2022-05-10,1184.905517578125,1194.38476171875,1179.6919576615032,1184.4066099917763,5267985
2022-05-11,1196.3804931640625,1196.3804931640625,1162.454774425465,1182.9099871943254,7925466
2022-05-12,1188.398193359375,1199.8730709610818,1173.4309617049748,1182.411300697615,6014152
2022-05-13,1217.334716796875,1217.334716796875,1191.890425585137,1196.879502293321,8270314
2022-05-16,1225.816162109375,1227.8117928169197,1207.3565780645858,1214.8401932178788,4451180
2022-05-17,1234.2974853515625,1236.4378185879827,1216.835718178036,1227.8116861156811,6605642
2022-05-18,1242.779052734375,1268.6773070092902,1228.3107297599483,1252.7572065098418,9327396
2022-05-19,1204.363037109375,1240.721418412243,1196.8794225457293,1219.8291738742428,8095155
2022-05-20,1207.8553466796875,1225.8160209797572,1203.36517810467,1224.8182057408644,7055370
2022-05-23,1222.32373046875,1224.319361049107,1205.7350512695311,1220.328099888393,6767243
2022-05-24,1220.328125,1229.3084627964024,1194.8838345768602,1214.8401407910876,10315542
2022-05-25,1224.3193359375,1243.776733696898,1224.3193359375,1224.8182435723563,6999465
2022-05-26,1183.907958984375,1223.32166684774,1183.907958984375,1217.8336822085373,5810601
2022-05-27,1161.45703125,1179.87069468277,1155.4701393363405,1175.4264457152062,9160437
2022-05-30,1159.9603271484375,1166.4461268271168,1153.474527469758,1163.9515884891632,3748855
2022-05-31,1168.4417724609375,1170.936310830837,1160.459249677259,1162.4548803731786,13999748
2022-06-01,1118.847412109375,1146.248673400131,1114.855093065274,1140.3061269714192,9166126
2022-06-06,1125.3349609375,1177.235109912001,1124.7720790258268,1177.235109912001,10773406
2022-06-07,1104.3751220703125,1119.346316675875,1098.885684048273,1107.8684008116104,9562515
2022-06-08,1092.3983154296875,1132.860508558357,1091.849322818223,1103.3771929716945,7469218
2022-06-09,1082.4176025390625,1093.3964809419483,1076.823384446612,1092.8974410145445,20346292
2022-06-10,1079.92236328125,1085.4118022812934,1063.45404628112,1081.4194830085346,15777932
2022-06-13,1075.929931640625,1084.41360920922,1070.9395330708633,1076.9280113545774,11170316
2022-06-14,1048.48291015625,1082.417625953787,1048.48291015625,1080.9205061391897,8766752
2022-06-15,1055.968505859375,1068.4445042745376,1036.5059483317211,1049.4809866834903,15157894
2022-06-16,1041.496337890625,1062.9550549626408,1035.0088187758297,1055.968495915938,8457738
2022-06-17,1031.515380859375,1050.4788953599343,1030.5173011488191,1034.5096199910422,15336830
2022-06-20,1036.0068359375,1045.98763397158,1030.7738616166778,1035.008756134092,7192899
2022-06-21,1026.5252685546875,1039.9993484044574,1018.0415886492768,1036.506068443406,5987465
2022-06-22,1031.016357421875,1039.500035096692,1018.540360841262,1025.5269189264052,6932714
2022-06-23,1021.03564453125,1030.0183628115835,1020.037564722324,1027.0241233848058,9637397
2022-06-24,1048.9818115234375,1049.979891267989,1026.0259773987573,1028.02213688786,10585952
2022-06-27,1057.9644775390625,1061.956796322229,1044.989441493772,1052.475039212209,6159349
2022-06-28,1067.9456787109375,1068.4447187477183,1051.9763975339515,1064.452398453472,6667676
2022-06-29,1076.4290771484375,1088.905074797353,1073.1464521029811,1078.9242766782206,16224818
2022-06-30,1049.9798583984375,1076.4289708010597,1045.9875395452111,1059.461615674849,13200392
2022-07-01,1069.94140625,1074.9318046000467,1041.4961356547342,1044.9894144997668,7031030
2022-07-04,1074.4327392578125,1077.3920112950852,1069.5421246236915,1073.4346596114976,4946320
2022-07-05,1063.953125,1078.9243228189491,1063.4540850727017,1077.4272030370544,12529159
2022-07-06,1081.91845703125,1092.0290098472385,1067.9453404275253,1067.9453404275253,13737403
2022-07-07,1075.929931640625,1092.8972867778148,1069.4623945879582,1088.4059280650292,12432090
2022-07-08,1066.4483642578125,1084.4138023080145,1059.4618050160675,1079.423402849625,5501474
2022-07-11,1082.4176025390625,1082.9166424664663,1062.9550453703102,1065.4502450073298,6354094
2022-07-12,1086.908935546875,1095.891654022469,1079.922376732524,1086.4098956315645,8002058
2022-07-13,1090.9012451171875,1091.8993249388866,1079.4233271676471,1083.9146863652934,9092637
2022-07-14,1094.8935546875,1099.3849138452883,1080.4213974012937,1089.9031556232908,20168174
2022-07-15,1103.377197265625,1107.868556277561,1094.3944792417528,1100.881997814549,10959779
2022-07-18,1104.3751220703125,1139.2281069729834,1093.3962460262337,1107.8684008116104,7998836
2022-07-19,1104.874267578125,1106.3713871818893,1098.885789163067,1100.8819486347531,15026769
2022-07-20,1098.8857421875,1107.3694195795017,1096.8895828011466,1101.3809414204416,8983345
2022-07-21,1078.9241943359375,1099.8489018816924,1069.9414767142691,1097.3886694471446,5377262
2022-07-22,1101.381103515625,1101.381103515625,1076.4291075139115,1077.9262272740143,4073824
2022-07-25,1106.8704833984375,1114.3560817983368,1094.8935259585987,1102.8781642518245,7119312
2022-07-26,1120.843505859375,1125.334864520432,1105.3732704712893,1109.8646291323464,4092416
2022-07-27,1109.3658447265625,1124.8360836768654,1106.420461137352,1122.8399238123102,11092155
2022-07-28,1112.35986328125,1114.855062615663,1084.413630735826,1109.8646639468373,7818762
2022-07-29,1129.3272705078125,1134.3176694053284,1113.857033925514,1123.8378317205452,4691633
2022-08-01,1116.851318359375,1130.325395926713,1116.851318359375,1124.3369170078963,4148802
2022-08-02,1144.797607421875,1148.7899268897804,1117.3504110800252,1118.8475308804898,4452306
2022-08-03,1131.3233642578125,1153.2811181296006,1129.826244675645,1153.2811181296006,8526607
2022-08-04,1136.31396484375,1139.8072444897343,1115.8533269172706,1134.317805046045,4716601
2022-08-05,1119.8455810546875,1135.8148585028828,1112.359982250846,1132.32157906109,3575527
2022-08-08,1132.820556640625,1140.8051949253163,1119.8455194280011,1125.3349582487265,8828902
2022-08-09,1150.286865234375,1151.783984798671,1131.3233507532875,1139.307988429535,4628102
2022-08-10,1136.81298828125,1154.7784261996542,1136.313948339072,1151.285146604409,4251914
2022-08-11,1129.826171875,1146.1837373885585,1124.5633485266685,1143.3002472463008,3575010
2022-08-12,1137.31201171875,1143.7995308729155,1126.8321730850976,1127.3312130200334,4946533
2022-08-15,1149.2889404296875,1157.7726191041577,1141.304301677245,1143.7995012873832,2748854
2022-08-16,1165.757080078125,1173.2426777669828,1154.7782034678005,1159.2695620811148,3896445
2022-08-17,1162.7630615234375,1169.2505807508214,1158.2717020583254,1167.7534609291174,4197806
2022-08-18,1165.258056640625,1173.4113151756546,1155.1325185305045,1164.259976934723,4721454
2022-08-19,1166.25634765625,1170.747707146582,1158.7707485056962,1165.2582677695095,11465636
2022-08-22,1182.724609375,1182.724609375,1164.260132351002,1171.2466912249472,10552666
2022-08-23,1152.283203125,1181.7265591165008,1151.2851232608814,1175.2390399997294,4256365
2022-08-24,1144.797607421875,1155.2385803662442,1142.8014476879223,1153.780326224662,6037272
2022-08-25,1133.8187255859375,1149.2889634790556,1130.824485993721,1146.7937638188753,5074453
2022-08-26,1135.31591796875,1144.797677283654,1130.0889129557977,1138.310157752404,4141959
2022-08-30,1122.3408203125,1153.281296461622,1121.342740436722,1143.3004977038406,8492875
2022-08-31,1075.929931640625,1116.3521600556949,1070.440493213887,1115.853120198719,10451468
2022-09-01,1072.935791015625,1078.9242698492003,1061.4578732512718,1069.9415515988371,7188516
2022-09-02,1071.9376220703125,1074.9318612381066,1060.958745121734,1067.4462633186213,5352891
2022-09-05,1088.406005859375,1089.9031255373109,1062.830211361304,1071.9376894020804,4361810
2022-09-06,1076.9281005859375,1092.8973773323462,1068.943462212733,1084.9127389591415,5840789
2022-09-07,1070.4405517578125,1093.8954263184733,1066.4482326836576,1072.9357511791593,6652500
2022-09-08,1063.953125,1075.9300832551594,1051.9761667448404,1068.943524272983,6093760
2022-09-09,1068.9434814453125,1079.4233194986978,1056.9665236700148,1056.9665236700148,4598856
2022-09-12,1075.929931640625,1078.0908132088207,1064.4520149301732,1072.436652641792,9203869
2022-09-13,1077.92626953125,1086.9089884440104,1070.191150467484,1078.9243494104455,5678849
2022-09-14,1051.47705078125,1077.9261650154249,1045.4885720867198,1077.9261650154249,8811696
2022-09-15,1032.513671875,1048.9819904694298,1028.5213522157444,1036.006951576849,9784525
2022-09-16,1034.0107421875,1037.8034944163785,1018.0414643158784,1027.5232230521538,29587518
2022-09-20,1017.0433349609376,1045.4886097856547,1014.049095505704,1044.4905299672434,6438609
2022-09-21,1035.0087890625,1040.997268073469,1015.5462322768504,1022.5327911229808,10296541
2022-09-22,1025.0279541015625,1035.0087520967093,1022.532754602776,1025.52699400132,7333189
2022-09-23,1011.0548095703124,1032.5135246796528,987.1008950296537,1025.5269662719606,9435283
2022-09-26,986.302490234375,1019.5385360543164,968.137425328132,1006.5634983952796,10989044
2022-09-27,946.3792724609376,989.695898951755,946.3792724609376,984.7054999838298,12325711
2022-09-28,967.53857421875,979.5155317163968,929.4258642129122,937.7957476985624,18988591
2022-09-29,935.6000366210938,955.9608281586274,930.6096375798418,945.1815784131146,14427990
2022-09-30,929.2122802734376,951.2239479445536,922.4253499158262,923.0241734199266,15532799
2022-10-03,931.6077270507812,937.3965778150844,914.6403701345384,918.4330612616365,8435761
2022-10-04,929.6115112304688,946.1796108507582,925.219935926849,937.3965211614728,8369590
2022-10-05,923.024169921875,940.6462723954896,910.8475844016848,931.0088081753825,8737311
2022-10-06,907.8533935546876,925.8188305848035,904.0607023652548,921.6269440121436,5689874
2022-10-07,906.2564086914062,921.8264283502008,900.2679302198771,901.4656380977736,6448144
2022-10-10,899.0703125,904.2932964953544,891.1475663839276,903.062631881366,5810038
2022-10-11,882.1029052734375,900.8667931217452,877.7113907529156,897.8725537549527,10773645
2022-10-12,856.7517700195312,885.0972012885674,855.1548057042589,882.5022180384445,9002597
2022-10-13,858.9474487304688,878.5098492978751,842.6668203073148,847.5693755980992,9951340
2022-10-14,869.5271606445312,887.8917929776879,869.5271606445312,874.3179316480522,18754203
2022-10-17,904.26025390625,907.8533166406828,868.3293828901076,868.3293828901076,11626421
2022-10-18,901.06640625,915.4387793383204,897.4733434368974,904.0606455669038,5626864
2022-10-19,902.6635131835938,910.8477198763502,889.2892177525647,908.4523645947988,4888188
2022-10-20,897.6730346679688,907.2545767883184,893.4810871460811,904.4599654130463,6963182
2022-10-21,898.8706665039062,901.4657106010555,887.8019953528502,896.275683324715,4634867
2022-10-24,919.2314453125,930.2103225095004,900.2679301540445,905.0587007473268,8476730
2022-10-25,938.1950073242188,938.5942636094117,915.803089559534,930.2103689640126,11914989
2022-10-26,926.4176635742188,944.5827277458612,925.2199556551518,939.3927007085412,20583273
2022-10-27,938.3945922851562,938.3945922851562,923.621988576894,933.204565406258,5148321
2022-10-28,946.3792724609376,946.4810663656664,933.4042351443318,933.60386328664,5088243
2022-10-31,946.578857421875,952.9665312586504,938.5942194374406,947.7765043851776,18649470
2022-11-01,960.9512939453124,963.1470818595692,949.7758330309476,951.1701233286728,5386558
2022-11-02,963.5462036132812,968.3369741729902,953.3657781001792,960.3523362674912,6080445
2022-11-03,961.7496948242188,964.9435624472172,948.135932311395,959.1547116468838,7326131
2022-11-04,965.54248046875,973.127863033933,956.7593289705884,966.540560328272,5706510
2022-11-07,953.9646606445312,975.722788100669,953.9507104324832,968.1374059879462,5358206
2022-11-08,976.1220703125,978.4476133652626,954.5635704273826,961.1508729150688,13653011
2022-11-09,984.7055053710938,985.7035851701391,964.4764186432596,976.72086697873,4170817
2022-11-10,1016.0452880859376,1021.5347272651836,978.3178819103464,978.3178819103464,6415183
2022-11-11,995.2852172851562,1020.0375848513828,989.496366462742,1010.5558264794768,11072297
2022-11-14,1007.0625,1012.0528989098116,990.6939672086354,1003.5692207631316,11720999
2022-11-15,1001.073974609375,1021.0355693174384,999.5768550062704,1010.0566922280036,10558576
2022-11-16,1009.0587158203124,1013.051035170739,991.6921022787734,1011.553915414329,5387505
2022-11-17,1003.5692749023438,1014.0491131783006,989.296745433918,1011.0548736708844,10525963
2022-11-18,1015.5462036132812,1019.538522841245,1005.565405543372,1015.0471637097858,7440900
2022-11-21,1030.0184326171875,1030.0184326171875,1012.5520347772642,1015.5462744069654,5226506
2022-11-22,1029.5191650390625,1036.0066828022752,1023.5306871037892,1029.5191650390625,6578619
2022-11-23,1030.0184326171875,1038.5021115680074,1023.5309134195016,1032.513632308605,22124784
2022-11-24,1014.210205078125,1018.4327339744708,1006.723417146938,1014.7093242735374,5768102
2022-11-25,1017.7041015625,1023.069633240674,1013.2120285296102,1016.7058631107468,5023440
2022-11-28,1014.210205078125,1022.6952314001368,1012.2137282964752,1012.2137282964752,6453598
2022-11-29,1006.7234497070312,1019.700549207469,1004.72697286081,1016.7058339381372,4818035
2022-11-30,1012.7128295898438,1022.196094135042,1006.7233993507712,1020.1996173886844,13952781
2022-12-01,1023.1943969726562,1028.1855891530106,1016.20672792016,1023.1943969726562,7063998
2022-12-02,1018.2031860351562,1025.6899741677678,1015.7075899909524,1021.6970204970416,6907773
2022-12-05,1024.192626953125,1028.3203526006223,1016.2067195304884,1016.7058387444032,6942327
2022-12-06,1017.2049560546876,1028.185578740263,1015.7075984157456,1027.1873403143018,4658371
2022-12-07,1017.7041015625,1026.1891284024032,1016.7058631107468,1020.69881691776,5216533
2022-12-08,1015.2085571289062,1018.7023918879536,1008.2208876108116,1016.2067956314912,4746816
2022-12-09,1015.2085571289062,1025.3286386278908,1011.7147223698588,1018.2032726366612,9518105
2022-12-12,1008.719970703125,1031.0205839319965,1008.719970703125,1016.2067592041376,4746755
2022-12-13,1013.7110595703124,1022.6952048545398,997.2401265492292,1009.718106110656,5838042
2022-12-14,1025.6900634765625,1028.6847789903627,1011.2156051598616,1013.2120821690618,9440772
2022-12-15,1018.7024536132812,1024.192765710168,1013.2121415163944,1020.698930739422,4575160
2022-12-16,994.0457763671876,1017.7040383907338,991.2507210613032,1014.2102040264692,16715017
2022-12-19,994.6448364257812,1002.7305436661692,986.2596089021158,991.6501210141352,6836278
2022-12-20,992.2489624023438,996.4415758374583,983.2648168675136,988.0563489672292,12004343
2022-12-21,998.7374877929688,1000.2348453458818,989.2542232911863,994.4450749934784,3673079
2022-12-22,995.8426513671876,1004.7269979255632,992.9278121587272,1002.7305210295364,3086894
2022-12-23,987.8567504882812,1000.2349316987228,987.8567504882812,998.737574016539,1953684
2022-12-28,999.7357788085938,1023.1943817062491,999.7357788085938,1023.1943817062491,9941800
2022-12-29,1003.2296142578124,1004.7269718910331,988.2560379256064,996.042285432826,3597918
2022-12-30,995.6430053710938,1007.001927477064,994.8443659083106,1001.2331160447555,2567194
2023-01-03,997.240234375,1013.2120499405656,993.6466002438042,1005.7252613942068,5128669
2023-01-04,1027.686279296875,1029.6827557986658,1001.732084773593,1004.7267995262794,5756398
2023-01-05,1027.686279296875,1053.126366498315,1023.6933262932932,1024.1924454187408,6485112
2023-01-06,1042.6600341796875,1045.6547494525828,1027.2232859096014,1028.1855770273603,4860086
2023-01-09,1035.67236328125,1052.6424164627258,1022.6952637895332,1051.1450588290663,10226284
2023-01-10,1020.69873046875,1034.6740676096424,1018.0733586887858,1030.1819949572127,14417047
2023-01-11,1026.1890869140625,1032.1785173824326,1015.707583594415,1015.707583594415,7450044
2023-01-12,1034.175048828125,1038.1680026846043,1030.1820949716457,1032.1785718998854,7893689
2023-01-13,1031.18017578125,1040.1643205847652,1026.1889842237415,1038.1678439617615,5697315
2023-01-16,1020.1996459960938,1031.1802684089675,1016.2066923914124,1029.1837916066268,4700062
2023-01-17,1035.67236328125,1036.17148249247,1017.2049524661144,1020.6987869446536,11723253
2023-01-18,1030.68115234375,1041.1626555879238,1023.6934835143009,1037.1697019710955,12654858
2023-01-19,1033.1766357421875,1041.162542105412,1023.1942527881567,1036.1713506283968,6618605
2023-01-20,1033.1766357421875,1046.652852730129,1029.6828017082769,1032.1783974467844,5723609
2023-01-23,1028.684814453125,1034.9737659910245,1022.196263949539,1030.6812915311514,4063304
2023-01-24,1029.1837158203125,1038.1678607692777,1026.1890008373243,1029.1837158203125,19968808
2023-01-25,1034.674072265625,1037.1696681948715,1025.6899269203373,1033.6758338939264,5744731
2023-01-26,1030.68115234375,1038.6670595774062,1027.9169873094445,1038.6670595774062,9425633
2023-01-27,1026.1890869140625,1038.1679478508026,1018.7022988286,1033.6758749995251,7210507
2023-01-30,1030.68115234375,1034.537384343205,1019.1515109606864,1023.1943643121972,10186429
2023-01-31,1023.1943969726562,1033.6759005514004,1019.7005624464082,1029.1838275890816,6617143
2023-02-01,1017.2049560546876,1031.1802940181474,1013.7111215638224,1028.185578740263,5331690
2023-02-02,1040.6634521484375,1040.6634521484375,1006.9030247396058,1026.1889964590828,8281889
2023-02-03,1032.178466796875,1038.1678969717118,1021.6969639909106,1037.6687777904754,6077790
2023-02-06,1038.1678466796875,1040.663442464975,1026.9576499090172,1030.1819401667667,5656928
2023-02-07,1033.6759033203125,1048.201296188387,1031.679426442823,1038.6670955140369,3989130
2023-02-08,1023.693603515625,1041.162777637052,1023.4440438853188,1034.1751079884812,3637180
2023-02-09,1029.1837158203125,1034.674026622458,1018.203094216022,1025.689881673493,8399741
2023-02-10,1032.677734375,1032.677734375,1023.1944685687532,1026.6883033394756,6983856
2023-02-13,1052.143310546875,1056.1362642870909,1034.288831545291,1036.1714955860116,6008854
2023-02-14,1052.6424560546875,1068.614271414455,1051.644217594702,1053.640694514673,5212221
2023-02-15,1055.63720703125,1056.1363262780733,1045.155702847961,1056.1363262780733,4832377
2023-02-16,1046.6529541015625,1059.5052733996622,1037.6688085727938,1057.1344572184594,12291687
2023-02-17,1068.1153564453125,1073.6056690251717,1044.1576288241092,1046.653225451318,8466992
2023-02-20,1068.6142578125,1080.0939999562122,1060.004451204716,1077.5984038380138,10527911
2023-02-21,1069.1134033203125,1089.078172756733,1066.8383652015505,1068.614284084402,6870412
2023-02-22,1068.6142578125,1069.6124962597794,1056.660376777386,1067.116900141581,6560631
2023-02-23,1062.125732421875,1066.617805538321,1058.1327785405897,1064.6213285976785,3370805
2023-02-24,1053.640625,1070.2263461699818,1053.640625,1061.6265321530082,4329242
2023-02-27,1068.1153564453125,1069.6127144216375,1055.1372791413949,1056.6356119601526,4188143
2023-02-28,1046.15380859375,1064.1220991993678,1030.9316483394791,1058.6317881809846,10842387
2023-03-01,1015.2085571289062,1044.1574737038702,1012.712960872444,1036.670684934483,6916039
2023-03-02,1024.691650390625,1029.1837228959905,1010.13232234762,1012.2136712090538,7683702
2023-03-03,1029.6827392578125,1030.680977492672,1019.7003569092152,1025.6897863183735,5575056
2023-03-06,1032.178466796875,1038.2826846349749,1022.196083172147,1030.1819900719297,5198226
2023-03-07,1029.1837158203125,1037.668741605446,1026.6881200011555,1032.677549967132,4137716
2023-03-08,1042.1610107421875,1044.1574877742607,1021.6971211634376,1029.183910033712,5490032
2023-03-09,1041.661865234375,1045.654819197899,1032.178599571005,1045.1556999524587,4851827
2023-03-10,1048.150390625,1071.109875372024,1042.6600790550597,1068.1151599702382,7654713
2023-03-13,1062.125732421875,1072.6072363602489,1033.9064862113023,1044.656559191252,12594244
2023-03-14,1057.134521484375,1076.101052087022,1056.6354022579897,1062.624832974615,8065842
2023-03-15,1046.6529541015625,1071.608913903698,1043.1591197292637,1058.1326956105447,18004369
2023-03-16,1056.1363525390625,1063.2488019831464,1034.1751051327683,1052.6425177244248,8970622
2023-03-17,1037.169921875,1062.625006579343,1032.178728795717,1058.6320521159168,16861357
2023-03-20,1052.143310546875,1072.6071984654814,1034.1750187159037,1034.1750187159037,6367852
2023-03-21,1040.1644287109375,1058.6318393934257,1038.0512145266596,1046.65297841019,6872447
2023-03-22,1045.155517578125,1045.155517578125,1028.185466194335,1039.6652068363103,6535510
2023-03-23,1054.139892578125,1054.139892578125,1041.1627916278262,1045.1557457663796,6395360
2023-03-24,1056.63525390625,1057.134373062559,1041.1625600606694,1045.155513311142,8177245
2023-03-27,1066.1187744140625,1072.6073250074064,1055.1062242464905,1061.626700926363,5640230
2023-03-28,1068.6142578125,1072.607211601617,1062.1257079051843,1069.1133770361396,4197636
2023-03-29,1071.60888671875,1075.601840185797,1063.8925236405246,1068.1150524350835,5269322
2023-03-30,1083.088623046875,1084.5859805902578,1073.3267974609057,1078.097431235599,4000357
2023-03-31,1094.5684814453125,1227.0396736286652,1075.601950531075,1081.0922621115124,12838632
2023-04-03,1090.076416015625,1100.5579200157752,1080.0940312535772,1096.0658468728536,4847723
2023-04-04,1101.0567626953125,1101.0567626953125,1080.592879073142,1091.573499553331,11564447
2023-04-05,1127.0111083984375,1128.5084659383822,1102.6290877142292,1104.5507452992658,7420774
2023-04-06,1137.991943359375,1148.9725673742462,1125.513961524294,1131.0042735317295,9688082
2023-04-11,1139.98828125,1144.854693571448,1136.4944467628063,1136.4944467628063,7001774
2023-04-12,1151.468017578125,1159.9530441489217,1139.6169827214092,1145.4785870575624,9209715
2023-04-13,1141.9847412109375,1154.4627213378053,1137.876999901595,1149.4715292870585,4087555
2023-04-14,1116.529541015625,1138.490783664122,1115.7479613683668,1128.0092814909756,6001901
2023-04-17,1116.529541015625,1123.0180899799536,1114.5330644112162,1115.5313027134207,3919961
2023-04-18,1114.533203125,1120.5226336836654,1107.046414926668,1119.5243952572212,5039605
2023-04-19,1121.520751953125,1126.5119435506022,1108.5436537996843,1108.5436537996843,5019667
2023-04-20,1128.5086669921875,1130.505144067804,1117.028923807393,1122.5192357653382,10134332
2023-04-21,1143.48193359375,1155.4607927846057,1127.510121339276,1133.998670067656,5801376
2023-04-24,1136.99365234375,1149.0513547225098,1133.4998175911571,1140.9866063467132,14064804
2023-04-25,1151.468017578125,1152.9653752082656,1130.5050107561565,1133.0006068063908,6533790
2023-04-26,1139.98828125,1159.4539305357926,1135.496208337894,1151.468023136493,13830240
2023-04-27,1140.9864501953125,1143.5808707288322,1134.4979008284974,1139.4890926491244,4153518
2023-04-28,1142.48388671875,1147.974198100972,1137.4926945530935,1147.974198100972,3950456
2023-05-02,1139.4892578125,1147.673790000376,1125.7634783162916,1146.476927374206,7720139
2023-05-03,1141.485595703125,1149.9706219938785,1136.4944037673877,1137.9917613481089,3405987
2023-05-04,1153.4644775390625,1156.9583119582635,1135.9953054430578,1137.4926630512866,4838246
2023-05-05,1148.473388671875,1159.953131366118,1147.974269424299,1157.9566543758149,4366432
2023-05-09,1150.96923828125,1152.2570052171725,1138.1069226913212,1150.96923828125,11022362
2023-05-10,1153.4644775390625,1156.4591927555205,1144.4803318896886,1153.4644775390625,6838167
2023-05-11,1152.46630859375,1161.9495740174318,1148.8377020226872,1160.4522163189558,5221285
2023-05-12,1159.953125,1165.4434366932014,1153.4676211992353,1157.956648020654,5273463
2023-05-15,1158.4556884765625,1178.9195761230678,1154.7332535023731,1177.9213377012873,7279344
2023-05-16,1159.4539794921875,1168.9332237049805,1157.457502558064,1157.956621791595,7808303
2023-05-17,1138.4908447265625,1157.9564926635796,1138.4908447265625,1157.9564926635796,6691084
2023-05-18,1106.04833984375,1134.99725848587,1096.065954105088,1129.506946329606,10059868
2023-05-19,1101.0567626953125,1140.1178293322312,1095.566452455218,1102.055000920784,9605127
2023-05-22,1103.053466796875,1111.5384934645433,1098.062274639423,1104.051705228365,32636320
2023-05-23,1109.5421142578125,1119.524499451315,1088.4562752211464,1101.0570868433354,5831004
2023-05-24,1096.56494140625,1105.5490874896875,1086.582556869097,1101.0570144479689,7374187
2023-05-25,1081.5914306640625,1103.0535587298468,1072.10816477453,1096.5650083843773,9062860
2023-05-26,1087.5806884765625,1095.5665953217324,1077.963627013634,1084.0868542318008,8102665
2023-05-30,1098.062255859375,1104.0516863458806,1085.5842756791549,1088.5789909224077,6979883
2023-05-31,1104.0518798828125,1108.5439535351386,1091.57389751524,1094.0694939887544,18997776
2023-06-01,1053.969970703125,1066.4449030598269,1047.600189280222,1065.4533005591989,12982324
2023-06-02,1053.470703125,1058.9567577124772,1039.990272326718,1055.967079198756,9869489
2023-06-05,1060.46044921875,1068.948127013815,1054.4691472457628,1056.9655230678406,8583030
2023-06-06,1065.9525146484375,1069.4474409259733,1053.4706350858094,1053.4706350858094,12061469
2023-06-07,1053.470703125,1067.4504091380331,1049.4765014069906,1064.9540330642774,9083606
2023-06-08,1048.47802734375,1058.9628076171875,1045.9816510881697,1058.9628076171875,16296415
2023-06-09,1052.9715576171875,1054.9686587221988,1047.4795295784063,1050.9744565121762,4808949
2023-06-12,1045.9815673828125,1061.459098928811,1044.224108888056,1061.459098928811,4311378
2023-06-13,1034.4981689453125,1047.479323574935,1032.7607010771237,1045.981498040748,7855334
2023-06-14,1030.0045166015625,1037.4936429946906,1026.7792190045218,1033.0001671588136,13714674
2023-06-15,1033.0003662109375,1040.4894940471695,1026.5097887528698,1028.5068895091983,9401081
2023-06-16,1047.9786376953125,1087.5042657117267,1031.212937587099,1033.0003817968563,25962355
2023-06-19,1045.9815673828125,1051.9728699167474,1043.4851913270063,1046.4808425939736,6748805
2023-06-20,1049.9757080078125,1053.7102766186354,1042.486580275945,1045.981506550817,6496727
2023-06-21,1045.482177734375,1047.4792783604196,1029.006097569507,1035.4966746041516,7172919
2023-06-22,1034.4981689453125,1043.9843973284983,1030.5039675208131,1042.9858469723736,6032157
2023-06-23,1036.9945068359375,1046.9800100312764,1031.502480078501,1033.000305557802,3925284
2023-06-26,1034.99755859375,1040.489586159853,1032.5011824273397,1035.496833827032,4373330
2023-06-27,1041.488037109375,1044.4836882228246,1036.3804617124115,1037.99311081035,5226672
2023-06-28,1045.9815673828125,1051.9728699167474,1040.0402411273385,1042.985916115845,12145798
2023-06-29,1036.495361328125,1049.9757923280572,1025.5113064392913,1044.98304010586,9941095
2023-06-30,1038.99169921875,1043.4851760534298,1031.003295957097,1035.4967727917767,8025366
2023-07-03,1044.9830322265625,1049.4765091926586,1039.491004823556,1041.4881056973766,7232062
2023-07-04,1046.9801025390625,1049.9757537623502,1042.7112751672057,1044.9830017235374,6037902
2023-07-05,1026.0107421875,1048.4781307025546,1026.0107421875,1044.4839282998782,11405718
2023-07-06,1018.5214233398438,1033.4996795654297,1010.5330200195312,1024.512725830078,6603499
2023-07-07,997.7515869140624,1013.5666410646412,992.958557111126,1011.53157045251,4825810
2023-07-10,987.3665771484376,1003.0438298844992,986.3680267951428,999.0496284713206,5470274
2023-07-11,986.7675170898438,991.7602690879236,978.8829670350636,989.9628905579508,11296376
2023-07-12,1007.0380859375,1008.036636344974,984.3709794985048,987.9657975334192,7412697
2023-07-13,1014.5272216796876,1016.025047302246,1007.0380935668944,1009.5344696044922,6804200
2023-07-14,1020.019287109375,1025.0120393712907,1012.03088349031,1012.03088349031,6213451
2023-07-17,1016.0250854492188,1029.006241332108,1016.0250854492188,1021.0178377118684,4135287
2023-07-18,1012.0308837890624,1016.5243608261133,1011.6614249973064,1015.5258103734352,4956674
2023-07-19,1038.4923095703125,1047.9785373981183,1010.5329012357272,1011.531451533391,11806995
2023-07-20,1042.98583984375,1051.972792987449,1040.4894639705003,1042.98583984375,4740628
2023-07-21,1052.47216796875,1056.965644966719,1044.149289023944,1054.9685440787327,13916223
2023-07-24,1058.46337890625,1061.9583051573557,1045.981499438016,1045.981499438016,9081934
2023-07-25,1049.4765625,1057.4649664010467,1040.4896081113225,1053.9700396943388,6655510
2023-07-26,1049.4765625,1055.9671406696004,1033.4997546979068,1051.972938719077,3657392
2023-07-27,1041.9874267578125,1050.9743810853834,1040.9888762769713,1049.9758306045424,9015566
2023-07-28,1030.0045166015625,1044.583324934852,1029.5052415086873,1041.4878437376924,4321630
2023-07-31,1030.0045166015625,1040.489293551942,1027.4292761505922,1030.0045166015625,5809830
2023-08-01,1016.0250854492188,1031.502617463433,1011.032333186569,1031.502617463433,6154301
2023-08-02,994.3564453125,1012.0307990340534,990.9614106257304,1009.5344231114236,7345612
2023-08-03,971.1901245117188,990.9614717967524,969.1930236503362,989.9629213660612,13790803
2023-08-04,978.179931640625,978.179931640625,963.0020145634504,971.1900789536762,6737550
2023-08-07,964.0005493164062,977.3810876750266,961.5540887263068,976.9817040959698,10936429
2023-08-08,974.385498046875,978.9788665959114,959.6069638624708,961.6040647237872,16890635
2023-08-09,975.384033203125,979.3782348632088,965.3985290529156,975.983200020146,16937791
2023-08-10,988.1654663085938,988.1654663085938,977.3811340158942,980.5765075332408,8857510
2023-08-11,979.577880859375,990.7616568261056,977.58078018484,983.7718044652336,18797001
2023-08-14,973.7864379882812,984.9702155272367,970.9905088402136,982.1742254324846,6134123
2023-08-15,958.6083984375,972.9855375522748,953.0165404919536,970.9904479626566,4699030
2023-08-16,954.4144897460938,961.4043427629886,952.0180052797388,957.609863314582,8361003
2023-08-17,945.0281372070312,954.0150909427194,942.831314104527,954.0150909427194,3535305
2023-08-18,950.0209350585938,953.615692347408,939.8357081447087,941.8328090710908,4739054
2023-08-21,944.6286010742188,956.211760387368,941.0338443071516,945.826873645466,4290176
2023-08-22,941.4334106445312,949.0224311047128,938.2380368163856,947.0253300804576,5588474
2023-08-23,962.0034790039062,967.7950591301468,944.0295718176344,944.4289554093216,10429596
2023-08-24,969.1929321289062,975.3000937779984,964.3999027035326,964.3999027035326,2927592
2023-08-25,976.382568359375,976.9817351670324,966.3970643652176,967.3956147646334,4891632
2023-08-29,985.3695678710938,990.7617646578802,979.1785429168864,983.5721892577258,6523262
2023-08-30,991.7603759765624,995.9543002962928,979.5780475989408,987.7661739476168,5629509
2023-08-31,988.7646484375,1001.546081758138,988.7646484375,989.3637543171076,9907986
2023-09-01,984.1712646484376,990.3593030234435,982.1741638184312,987.965804982794,4089406
2023-09-04,976.781982421875,990.9614098405114,976.781982421875,987.566314209754,2895638
2023-09-05,967.5953979492188,980.5765539588574,967.5953979492188,973.7864230046908,3946733
2023-09-06,971.789306640625,973.7864075334554,957.4101558335728,968.3942107441402,7154403
2023-09-07,993.35791015625,993.35791015625,963.4013986259248,970.1915290501294,5197970
2023-09-08,994.9556884765624,1001.0468218166744,986.3681180755124,999.0497209252694,3429400
2023-09-11,995.5548095703124,1005.0410389493676,990.5620572655466,999.5490114141252,3617107
2023-09-12,998.1509399414062,1008.036613126369,994.5561829359718,997.751556355624,10408826
2023-09-13,1000.5475463867188,1004.5417481687016,984.1712947019158,997.7516173286672,12640517
2023-09-14,1025.011962890625,1028.0076140242556,1001.5460290105182,1006.039505710964,10066165
2023-09-15,1021.0177612304688,1035.9960168964417,1020.0192108527372,1031.003265007784,15384556
2023-09-18,1016.5244140625,1027.5084696172028,1012.530212042608,1023.5142675973108,2929967
2023-09-19,1014.5272216796876,1020.0192489624023,1012.0308456420898,1017.5228729248048,5439096
2023-09-20,1033.0003662109375,1034.4981917781838,1016.5242849712272,1019.5199361057198,5109498
2023-09-21,1027.5084228515625,1037.9932026765784,1021.0178448646478,1028.007698081325,14913798
2023-09-22,1021.0177612304688,1032.001815385515,1016.0250093418113,1023.5141371747976,14143681
2023-09-25,1001.5460205078124,1019.2892439814576,995.7544405546304,1017.5228264182064,3983465
2023-09-26,1004.04248046875,1013.0264481580832,991.5605998065328,997.9513470842612,6732583
2023-09-27,981.3753662109376,999.5489965187976,978.7791594298214,999.5489965187976,5454389
2023-09-28,964.9991455078124,988.7646331972776,963.2017060033318,984.5707092646236,5933350
2023-09-29,978.5794677734376,988.7646948314368,967.994857092521,974.784988148959,8772428
2023-10-02,948.423095703125,985.5691803430808,948.423095703125,981.3752567480304,9032638
2023-10-03,930.6490478515624,946.6238442994096,919.8647148512032,946.426133254559,7045107
2023-10-04,935.8414916992188,952.8168493087665,931.2481230721552,937.2394257578776,15348916
2023-10-05,946.2264404296876,951.4189152794336,935.641829385221,942.6316829665406,4993557
2023-10-06,934.2437744140624,950.2205815759733,916.6693109146336,948.8226475173155,7265546
2023-10-09,947.4246215820312,954.4144744871742,937.8385619765075,939.036834663868,6072943
2023-10-10,963.6011352539062,968.5938872500404,941.2335819325532,957.0107269976808,13940537
2023-10-11,967.1959838867188,976.9818274830108,958.2090294427908,966.596877969131,6040072
2023-10-12,963.2017211914062,975.18432636126,957.6098631574804,974.7849427569404,5599813
2023-10-13,977.9803466796876,986.7675785543174,959.2075492402302,962.6026451890724,4795019
2023-10-16,972.1885986328124,986.7674703445816,967.1958468712498,975.7834164691436,8290803
2023-10-17,974.984619140625,985.5692288304468,971.8571403231368,973.9860687568048,11737888
2023-10-18,969.5924682617188,980.975967550982,966.596816969458,968.793640106452,4747318
2023-10-19,970.3912963867188,977.5808716772566,961.4043425102168,964.000610198104,3930629
2023-10-20,962.6026000976562,979.1785126086324,957.410125750117,961.8037719549612,6465935
2023-10-23,955.8125,960.9840088546248,944.0296169154484,959.0078736195436,4648815
2023-10-24,967.9948120117188,970.1915742021688,943.8298793966349,950.2205655858484,6034879
2023-10-25,974.984619140625,976.7819976421656,960.4057469688444,968.1944277733052,3893111
2023-10-26,986.16845703125,994.356583383772,968.7937147651866,975.1844014464898,6057066
2023-10-27,979.7776489257812,994.7559046851032,977.7805481578716,988.365157849121,5196463
2023-10-30,974.984619140625,998.550383820108,971.6794198080476,986.1683346820672,8571640
2023-10-31,977.1814575195312,987.1669621373344,969.1930538252888,978.9788971080826,5945648
2023-11-01,990.76171875,993.3579254104912,975.9831850240992,976.1828463466912,4052022
2023-11-02,998.5504760742188,1003.54322845459,993.9571682629512,997.3522033135928,8915678
2023-11-03,995.3551025390624,1012.0309076818146,988.7646937744704,998.3507539678196,17553953
2023-11-06,981.7747802734376,996.9527587716408,976.7820281981524,992.1596680220224,4964827
2023-11-07,988.7646484375,994.95567329573,982.7733458546996,982.9730681301291,10199704
2023-11-08,968.3941650390624,984.9701382352322,963.5192839210596,980.3767698305048,19657558
2023-11-09,979.9774169921876,996.3536074863976,971.7892912717416,993.5576784699892,11464100
2023-11-10,982.9730224609376,987.5663298490056,972.590085328296,980.7761994266392,10170031
2023-11-13,978.5794677734376,990.7617957860764,976.382644533997,982.9731142523184,41196370
2023-11-14,986.9672241210938,987.5663299729416,967.7950445551348,979.9773714317,6678825
2023-11-15,987.7659912109376,1004.0423492784284,982.5735173445784,991.959914754792,5559948
2023-11-16,1008.5358276367188,1010.5329282855042,979.5778682293278,994.1566785867924,13834626
2023-11-17,1014.5272216796876,1017.5228729248048,999.5489654541016,1010.5330200195312,6399432
2023-11-20,1019.0208129882812,1026.010666678549,1009.0353077164704,1015.5258861431474,6319789
2023-11-21,1035.9959716796875,1036.1357833536704,1012.0307636601092,1022.0162670016,27565899
2023-11-22,1032.0018310546875,1046.9800869480791,1028.5069046795627,1034.4982070369194,8056282
2023-11-23,1003.2169189453124,1015.2015909486412,993.129844392055,1013.2041456147532,10770118
2023-11-24,1008.2106323242188,1011.206800622359,997.923800025377,1001.7189343449148,9279394
2023-11-27,1013.2041625976562,1015.7009693068668,1002.2182130771296,1009.7086332047614,6659820
2023-11-28,1022.6920776367188,1029.183775395155,1007.2118752896786,1013.7035730481148,27616794
2023-11-29,1024.1903076171875,1027.1864762401533,1016.6998860597728,1022.1928618685434,6291131
2023-11-30,1026.187744140625,1027.1864670059686,1011.9519201338726,1021.1941298139066,18648918
2023-12-01,1031.6805419921875,1033.1786260318663,1021.1939537144352,1025.1888444869123,6545030
2023-12-04,1034.6767578125,1038.1722873997044,1025.6882531596889,1032.6793123340976,5387531
2023-12-05,1033.677978515625,1041.1683986497962,1023.1913903277854,1029.6830877774005,6939634
2023-12-06,1050.156982421875,1052.154427942411,1027.1863589357094,1035.675502397988,35209694
2023-12-07,1064.6385498046875,1071.1302482791064,1043.6653701181035,1053.1532371191772,13758285
2023-12-08,1058.6461181640625,1071.629513952867,1055.1505885286151,1065.6371774349573,13073459
2023-12-11,1062.1417236328125,1067.6346991664095,1051.6551339777636,1061.1430008085222,16799009
2023-12-12,1066.635986328125,1074.6257689972497,1055.6500351580787,1065.1379020776642,8273400
2023-12-13,1072.1287841796875,1075.124952183916,1047.6600788118233,1054.6511374883555,14284874
2023-12-14,1078.1212158203125,1098.5950323319537,1065.6371813619949,1088.6078047652993,31786154
2023-12-15,1064.6385498046875,1079.1200310168526,1059.644935593596,1077.122585332416,25836188
2023-12-18,1047.1607666015625,1063.8543826455466,1047.1607666015625,1057.1479937508384,5317920
2023-12-19,1053.1531982421875,1057.14808946359,1040.6691631753054,1051.6551140341617,10834728
2023-12-20,1064.6385498046875,1069.1328025946698,1046.6615386447586,1063.14046554136,23753459
2023-12-21,1060.144287109375,1071.1302382711303,1055.6500343613843,1062.1417327751487,8610868
2023-12-22,1059.6448974609375,1066.1365957017445,1055.6500062358257,1062.1417044766324,2103000
2023-12-27,1059.6448974609375,1066.1365957017445,1053.1531992201308,1060.6436202672155,3628076
2023-12-28,1056.1494140625,1063.1404740137411,1055.1506912123227,1061.6423897384752,2457586
2023-12-29,1056.648681640625,1062.6410182094755,1056.648681640625,1062.141656828738,1744489
2024-01-02,1056.1494140625,1063.1404740137411,1051.1557998116134,1057.1481369126773,4496011
2024-01-03,1061.142822265625,1064.1389902343751,1051.155595703125,1057.64729296875,23222468
2024-01-04,1077.1224365234375,1077.6217978755578,1062.1415959598291,1063.1403186640698,11483505
2024-01-05,1073.6270751953125,1077.6219666378995,1063.1404851585212,1071.6296294740189,5213113
2024-01-08,1066.635986328125,1072.128961913148,1064.1391792440236,1069.1327934122264,16136431
2024-01-09,1072.628173828125,1072.628173828125,1064.1390309253884,1065.137753619828,5605728
2024-01-10,1067.13525390625,1071.6295062624297,1062.4253349805692,1065.6371697875234,8530704
2024-01-11,1054.15185546875,1075.1250330763708,1054.15185546875,1070.6307807318806,8761489
2024-01-12,1062.1417236328125,1067.914370816669,1056.1493866870703,1056.1493866870703,13809545
2024-01-15,1069.1328125,1073.6270653316208,1063.639836816908,1068.6374742498135,3360031
2024-01-16,1065.1378173828125,1067.6346242683794,1060.144203611679,1063.6397332514723,13625229
2024-01-17,1035.675537109375,1054.6512701904533,1025.188947775095,1054.6512701904533,6955178
2024-01-18,1023.1914672851562,1029.703159184529,1016.6997693472806,1028.185081083522,26751025
2024-01-19,1025.18896484375,1029.183856085226,1021.194073602274,1023.6908806281964,26203591
2024-01-22,1029.6832275390625,1034.67684163964,1021.1940835680808,1025.1889748485428,8763025
2024-01-23,1028.18505859375,1032.1799495450614,1021.6933607978692,1031.1812268072335,9044183
2024-01-24,1032.179931640625,1044.16460428667,1032.179931640625,1038.6716293238994,6392361
2024-01-25,1024.689453125,1032.179873103984,1022.692007797271,1027.6856211165937,6779100
2024-01-26,1042.167236328125,1042.167236328125,1029.183839996294,1031.1812855858066,8479771
2024-01-29,1044.1646728515625,1059.1455146428332,1040.1697817072238,1045.1633956376472,6291339
2024-01-30,1045.163330078125,1050.8790426566106,1039.1709937374956,1044.663968716406,7814055
2024-01-31,1053.652587890625,1058.646202051244,1044.1647209854489,1048.658973730006,8547008
2024-02-01,1049.657470703125,1055.1504450978607,1043.4654392420848,1046.1619415428386,6833639
2024-02-02,1039.1710205078125,1064.6384506115598,1038.172297758646,1063.639727862393,4788848
2024-02-05,1045.6627197265625,1075.6244022402177,1041.667828724742,1069.1327043622591,22418602
2024-02-06,1035.17626953125,1053.6526428899842,1025.189040688691,1048.6590284687047,9318375
2024-02-07,1034.1773681640625,1043.0010443110216,1033.1786454521707,1039.170981723522,23959757
2024-02-08,1011.7061767578124,1036.174884882755,1011.6662497911803,1032.179993760315,5753578
2024-02-09,996.5255737304688,1012.7048948935816,996.5255737304688,1004.715112685348,7969281
2024-02-12,1000.7201538085938,1004.7150446421608,992.1311628993028,998.72270839181,10982049
2024-02-13,995.7266235351562,1010.7074654138196,994.9276574930678,1002.7176830785324,5839840
2024-02-14,1000.7201538085938,1009.70865818412,997.923742416536,1003.7163219337692,4022206
2024-02-15,1007.7113037109376,1016.2004474983934,1000.720244121268,1004.2157739161028,5628169
2024-02-16,1014.7023315429688,1016.6997770775022,1003.2170197194016,1010.2080790902686,9921124
2024-02-19,1020.1953125,1023.6908422050906,1011.8879433023656,1014.7023372491434,3428465
2024-02-20,1037.6729736328125,1040.669141987864,1018.1978793249782,1021.6934090725382,9013811
2024-02-21,1038.671630859375,1042.6665217472955,1034.1773786104643,1035.1761013324444,7972893
2024-02-22,1027.186279296875,1040.1696741737435,1022.5122644560656,1037.1735061252357,5376659
2024-02-23,1033.1787109375,1038.6716862010633,1022.1927604103734,1026.187651511147,18020945
2024-02-26,1022.1926879882812,1035.1760831459244,1019.695881227196,1035.1760831459244,16971112
2024-02-27,1028.6845703125,1028.6845703125,1018.6973414745146,1019.196702916414,5112380
2024-02-28,1028.18505859375,1037.6729246031143,1022.692083535697,1033.1786722828892,8405816
2024-02-29,1036.1748046875,1047.1607544239455,1029.6831071159638,1032.6792752259037,14474781
2024-03-01,1033.677978515625,1045.662650730299,1027.18628106601,1038.6715919384058,5248711
2024-03-04,1038.1724853515625,1039.6705697460093,1028.9502690415104,1035.1763165626692,5901461
2024-03-05,1058.146728515625,1058.6460898787752,1036.1748285370088,1044.1646103474147,6161623
2024-03-06,1055.150634765625,1066.1365855298673,1048.6589365867546,1050.656382180253,12563505
2024-03-07,1052.6536865234375,1065.137719807634,1052.0225357391378,1057.1479385057482,24195430
2024-03-08,1051.6551513671875,1056.6926547585504,1045.163452901958,1052.653874207992,8542339
2024-03-11,1053.1531982421875,1055.1506438528886,1044.504224611818,1049.6576684234606,16318227
2024-03-12,1034.6767578125,1057.6473808141288,1034.6767578125,1054.1518512269245,9009717
2024-03-13,1044.1646728515625,1050.6563709611132,1037.672974742012,1042.167227279393,15880301
2024-03-14,1041.6678466796875,1051.6550743563864,1038.172316992843,1041.6678466796875,9201400
2024-03-15,1047.1607666015625,1051.1556574612728,1039.170984882142,1041.667791669461,28934963
2024-03-18,1043.1658935546875,1048.6588685805857,1038.17227989478,1046.162061750632,17505439
2024-03-19,1040.1697998046875,1045.6627752237234,1031.181294573538,1037.6729927960348,4827109
2024-03-20,1055.64990234375,1058.6460704677152,1039.6703390159355,1040.6690617239235,6014417
2024-03-21,1056.648681640625,1069.632077539801,1052.1544292139872,1052.1544292139872,10351368
2024-03-22,1065.1378173828125,1068.1339856454929,1052.154421577865,1061.1429263659056,5798192
2024-03-25,1068.134033203125,1068.633394602472,1059.6448894142268,1063.1404192096554,7052975
2024-03-26,1056.1494140625,1070.1315339649825,1055.6500526374114,1063.6398354388298,6865935
2024-03-27,1060.144287109375,1062.6410941915922,1038.1723847858648,1057.647480027158,9191037
2024-03-28,1064.6385498046875,1069.632164015779,1057.6474899091595,1062.641104120251,9508663
2024-04-02,1071.62939453125,1084.1134275523505,1062.3612191569327,1079.1198143439103,7147811
2024-04-03,1068.6334228515625,1070.131507089205,1058.6461946006134,1066.136615788825,5831290
2024-04-04,1070.6307373046875,1077.1224348723,1064.139039737075,1065.6371237911394,5567116
2024-04-05,1031.6805419921875,1064.1390295185631,1030.6818192990684,1061.6422227857652,8384438
2024-04-08,1036.1748046875,1039.6703341490963,1029.183745764307,1033.6779979292169,5940417
2024-04-09,1031.1812744140625,1038.1723339016155,1028.185106062254,1034.676804157839,5579078
2024-04-10,1019.6958618164062,1043.665206266547,1015.700971074716,1039.670315524857,22506655
2024-04-11,1012.2056274414062,1024.6896633003284,1009.608972365633,1013.7037117444768,10517279
2024-04-12,1036.1748046875,1043.165863610693,1015.2016279179217,1018.1977960278614,9675718
2024-04-15,1023.6907958984376,1036.674191358613,1023.0915866446932,1034.1773845393484,7239159
2024-04-16,1005.2144775390624,1022.6921261798312,999.7215022519638,1017.1991508927324,6615137
2024-04-17,1011.7061767578124,1015.701067880252,999.2221420001888,1002.7176717323237,7719064
2024-04-18,1028.6845703125,1042.6666906856797,1025.6884016611043,1032.180100405795,24824183
2024-04-19,1038.671630859375,1042.1671603863056,1026.686958195613,1033.1786558884842,8708294
2024-04-22,1044.6639404296875,1051.654999304456,1037.1735202067212,1047.160747170676,20667085
2024-04-23,1058.146728515625,1062.141619420828,1048.1595012526177,1053.1531148841214,9498099
2024-04-24,1054.15185546875,1059.6448305564602,1048.6588803810398,1058.6461078132402,5796207
2024-04-25,1045.6627197265625,1061.1429223586176,1039.6703832238315,1053.652501730204,5284838
2024-04-26,1047.1607666015625,1054.1518256060556,1045.6626825291712,1050.6562961038092,5238886
2024-04-29,1052.6536865234375,1059.6447451625877,1045.1632665529196,1046.6613505470232,5464830
2024-04-30,1046.661376953125,1060.144133240212,1040.6690408255308,1056.6486038324488,7901497
2024-05-01,1053.652587890625,1053.153226474563,1051.6551422263774,1050.6564193942536,379505
2024-05-02,1057.6474609375,1069.1327733083983,1054.1519310854876,1055.1506539003483,6015663
2024-05-03,1072.628173828125,1073.8465862558874,1051.1556358976736,1061.1428628420697,5704615
2024-05-07,1094.100830078125,1097.096998485459,1082.6155178500114,1091.6040230720132,6539000
2024-05-08,1100.0931396484375,1102.5899465927146,1094.1008029821728,1098.5950554818712,8029535
2024-05-09,1111.0791015625,1112.0778243504212,1093.1020913799157,1102.0905964712078,5744053
2024-05-10,1115.5733642578125,1126.5593150248992,1104.0880520922217,1111.578473069781,5088915
2024-05-13,1112.5770263671875,1128.0572273624225,1108.582135787772,1119.5680848811644,5148505
2024-05-14,1118.0701904296875,1126.5593343498772,1107.0842394741478,1110.5797693236375,6891476
2024-05-15,1135.0484619140625,1139.043353113056,1120.0676199178365,1122.065065517333,12102681
2024-05-16,1141.0406494140625,1143.038094752205,1126.5591707125277,1134.0495907305628,6835689
2024-05-17,1134.549072265625,1144.0369386270013,1131.053542553539,1141.040770302356,28739968
2024-05-20,1037.731201171875,1047.8286391792471,1034.518512985235,1039.567231988921,4323422
2024-05-21,1034.9774169921875,1044.15671675694,1020.74927681521,1029.928698494347,7667844
2024-05-22,1034.9774169921875,1041.4029146360756,1021.2082844734822,1028.5517974339148,20828859
2024-05-23,922.5298461914062,973.016613329516,908.0264207886077,973.016613329516,58567926
2024-05-24,888.2640380859375,915.828761598498,888.2640380859375,903.444575117667,25451919
2024-05-28,875.4803466796875,901.4471384292046,873.2832053743342,893.8568698391488,29869062
2024-05-29,837.3292236328125,866.6916375092878,829.6320357688375,860.2998481351365,31235302
2024-05-30,841.92333984375,845.1192650689985,644.1762208768906,837.9284485514902,37307889
2024-05-31,881.2730102539062,884.2691786102221,847.2285352647772,849.5135769111976,65268120
2024-06-03,884.868408203125,906.640553233838,881.4727262718346,903.8441415618828,32928592
2024-06-04,910.6353759765624,912.233368924065,883.4701054410018,886.466273640721,21335483
2024-06-05,900.448486328125,919.024767688633,897.6520745732583,913.831396739764,19915174
2024-06-06,863.2710571289062,876.060245778528,857.2761192321777,861.2727444966634,18955644
2024-06-07,868.4666748046875,877.0593946569988,862.5816295165599,865.0695189652185,14067063
2024-06-10,871.6640014648438,881.0560343203948,861.0489412607736,866.6682198447647,11406808
2024-06-11,862.072021484375,882.8544597982678,860.4733958385599,876.2600527797064,14340470
2024-06-12,876.8594970703125,890.2482151597812,834.2954653854291,864.2701527645463,26673886
2024-06-13,872.0635986328125,882.0551615433252,865.2693480503959,869.2659732146011,25778208
2024-06-14,881.2559204101562,885.4523893707473,868.4667310408463,869.4658874131934,13881314
2024-06-17,875.0611572265625,885.4444192520576,870.8646881771483,884.6530951943186,39446231
2024-06-18,893.445556640625,893.445556640625,873.8620569872439,877.2592127284032,33498664
2024-06-19,900.2398681640625,900.2398681640625,887.8503050744434,887.8503050744434,25074140
2024-06-20,904.2364501953124,908.233075389546,894.4447306661727,903.0374504403104,17482605
2024-06-21,898.0416259765625,911.8299700401684,898.0416259765625,906.2347194294368,24874399
2024-06-24,888.0501098632812,909.8317050708112,885.6521713264032,897.8418294354375,14061313
2024-06-25,894.244873046875,901.838436402189,882.6546845606252,895.2440293296089,10194338
2024-06-26,886.8511352539062,897.8418548980264,882.0551970604773,896.0433856984484,19046059
2024-06-27,878.6581420898438,891.647174987334,874.8612990713373,888.649705857144,8152529
2024-06-28,881.8553466796875,890.4481276515177,880.2567209556394,884.2533462494221,11848623
2024-07-01,884.6530151367188,897.6420470767033,876.4599212547655,892.6462655613246,7441560
2024-07-02,892.2466430664062,898.8410507493547,886.0518613433443,886.0518613433443,13914678
2024-07-03,911.430419921875,912.8292021990476,892.4464495789922,892.8460755223288,14255267
2024-07-04,921.8215942382812,921.8215942382812,905.8350931564388,911.8300310621296,9792207
2024-07-05,927.217041015625,929.615040515164,916.2263217794484,921.8215726334925,12622809
2024-07-08,927.8165893554688,934.4110580485574,921.0223381734676,925.01896369037,12143230
2024-07-09,929.0155639648438,942.604126943295,926.2179383757598,935.4101890116048,9912451
2024-07-10,940.8055419921876,944.20269778509,923.4202590676108,932.412665713183,10979643
2024-07-11,957.5914306640624,968.5821500599062,935.0104614969504,942.004555657942,9709052
2024-07-12,949.9978637695312,970.1808346268854,941.604986857294,963.9860529402588,7808591
2024-07-15,928.6159057617188,955.7929088073872,928.6159057617188,943.6032505223426,4769541
2024-07-16,923.6201171875,934.2111496780864,919.2238050308443,924.4194300386206,5990586
2024-07-17,932.8123168945312,935.6100033802682,921.4219714252994,922.021440824436,7480212
2024-07-18,940.2061157226562,942.6041153315672,925.6184575554936,932.0130215398176,5809849
2024-07-19,933.8114624023438,941.604930402848,927.0172116949336,935.4101490876328,39070612
2024-07-22,946.2010498046876,953.5948310815264,943.4034242617652,947.59989306798,20995283
2024-07-23,948.1993408203124,955.7929044039124,939.8064033995656,944.4025590285124,17613206
2024-07-24,954.7937622070312,954.7937622070312,939.80641729388,944.802198931597,5577894
2024-07-25,962.3873291015624,965.4027880835924,951.9960795255716,953.594766143848,15775862
2024-07-26,973.3780517578124,975.7759902188864,960.3890202301036,962.5871762238322,8603351
2024-07-29,978.1741333007812,986.9666975831558,975.3765075268896,979.5729766795612,5775131
2024-07-30,979.1731567382812,988.964876108932,977.1748441735092,984.1689381502111,8692626
2024-07-31,985.1681518554688,991.3629333640716,982.1706828335962,986.167308196093,16306873
2024-08-01,979.1731567382812,991.3628755801224,968.7819070080028,989.3645630153504,7526678
2024-08-02,996.1588745117188,1005.650859775371,975.8410083116664,977.3747474498554,12144666
2024-08-05,962.7869262695312,989.1646753386924,960.3889878892074,984.1688941501131,33433596
2024-08-06,965.9843139648438,967.3831572004954,953.5948122385292,963.1866884772026,16611666
2024-08-07,975.1765747070312,978.9733565511664,965.7844808440518,970.9801059388136,9413908
2024-08-08,977.5745239257812,991.3628683250694,967.1832742715488,973.1782119219922,10112247
2024-08-09,977.9741821289062,983.3696505858755,971.779400822224,975.1765566630804,4982996
2024-08-12,977.5745239257812,985.9674000462064,973.8136616525996,978.7734626689424,16369025
2024-08-13,985.5678100585938,991.1630610095376,979.972498123988,981.3713413535548,15097513
2024-08-14,987.9657592773438,995.5593839168968,979.5728827603584,990.9632282441949,5145108
2024-08-15,981.371337890625,992.162213820032,980.1123911851896,991.1630575120562,14196130
2024-08-16,981.9708862304688,984.7685119209924,977.2638619487668,981.7710427560744,9171602
2024-08-19,986.7667846679688,990.1639406438652,977.7743775380044,981.1715335139008,4027479
2024-08-20,988.16552734375,989.5643704816836,981.9707464215064,984.9682151596576,4864870
2024-08-21,984.9683227539062,993.1614170632332,977.9742282675456,985.767635641329,12182306
2024-08-22,987.1664428710938,991.9623810040994,981.7709743566736,981.7709743566736,10821040
2024-08-23,994.1604614257812,994.959774223161,986.3670549299288,987.7658370794288,5659188
2024-08-27,992.3621215820312,1001.1546854652324,989.9421677745198,999.1563727197928,9404477
2024-08-28,1003.6524658203124,1003.6524658203124,990.7633256388132,993.1613250626089,6754769
2024-08-29,990.7633056640624,1006.6499143131877,989.1646800695344,1002.6532893432096,5922940
2024-08-30,997.7574462890624,1004.6516490799924,992.9615082962532,992.9615082962532,14420662
2024-09-02,995.15966796875,1000.1554494344566,991.3628862515452,998.7566062305946,3999328
2024-09-03,996.3587036132812,1001.6542199609808,988.7650789216336,995.5593907467032,8889751
2024-09-04,1002.1537475585938,1002.1537475585938,988.7650290302496,989.564402840155,8064307
2024-09-05,1019.6390380859376,1023.6356634189544,1002.6563686200986,1004.152114920497,7002821
2024-09-06,1018.639892578125,1024.1132983505404,1009.1479073113352,1015.1428453745708,5978420
2024-09-09,1034.6263427734375,1037.1242335092495,1016.2648334044196,1019.1394202114014,5448139
2024-09-10,1042.1199951171875,1045.617042080668,1035.1259011902264,1037.6237918784268,6780806
2024-09-11,1041.1209716796875,1047.115910096269,1033.1277204575786,1039.622237075542,6372113
2024-09-12,1036.624755859375,1052.5363701760052,1034.6264430769954,1048.1150543580573,18126897
2024-09-13,1042.6197509765625,1043.408025892074,1034.12692118902,1041.6205945309694,7896891
2024-09-16,1046.11669921875,1048.1150119202184,1040.1217611143445,1042.1200738158132,14746647
2024-09-17,1055.109130859375,1061.104069102894,1042.120097998417,1052.611239924575,9840979
2024-09-18,1049.6136474609375,1057.606897512996,1043.6187099218937,1054.6094287434742,11770073
2024-09-19,1022.1369018554688,1051.1124347526425,1011.1461824806788,1046.116653218647,24571993
2024-09-20,1035.1259765625,1037.9296395229787,1021.6373658640504,1022.136944038067,42393203
2024-09-23,1043.1192626953125,1046.116731840989,1032.4691972521443,1036.125168022068,18282181
2024-09-24,1043.61865234375,1044.7446545472608,1027.132575020943,1040.621183739603,10483776
2024-09-25,1039.12255859375,1039.62213674692,1029.6305736835186,1031.1293081430288,9024366
2024-09-26,1036.624755859375,1048.6146325536522,1031.1293957078317,1047.1158979668676,9681642
2024-09-27,1034.126708984375,1040.1216464277627,1030.6296621423987,1033.1275527438104,13603392
2024-09-30,1029.131103515625,1037.1243548050668,1024.20728218758,1028.631525310035,8984470
2024-10-01,1046.6162109375,1047.1157890811455,1027.6322414789677,1029.1309759099045,8006424
2024-10-02,1028.1318359375,1049.114118303571,1024.634788876488,1042.6196023331206,9479487
2024-10-03,1012.1453857421876,1026.6331528628805,1009.1479166827338,1019.139480214246,7646851
2024-10-04,996.1588745117188,1012.6449541801676,986.9666239543964,1007.6491724624558,10143507
2024-10-07,990.9632568359376,1000.1555074628988,987.3663183654006,997.5577253434736,7569210
2024-10-08,991.7625122070312,993.3611988662994,984.1689487724038,988.3654174004496,7088729
2024-10-09,989.3646240234376,1004.1521257178734,984.368842303448,995.959031500358,5171913
2024-10-10,994.5602416992188,998.3570235810092,984.0470850640736,987.9657732884282,6042081
2024-10-11,995.9590454101562,1000.1555143102888,984.7684820043572,993.9607326942516,5773787
2024-10-14,1007.6491088867188,1008.14868702697,993.8857067293336,998.1571242219457,5409416
2024-10-15,1016.6415405273438,1022.13690020587,1010.147024543631,1015.142806069564,9430421
2024-10-16,1030.629638671875,1035.6254197609292,1017.1410297314288,1019.6389202759558,19288158
2024-10-17,1023.1360473632812,1034.1267666220665,1020.1385784745216,1033.62718847394,9614690
2024-10-18,1027.1328125,1027.6323907161966,1012.2943271500592,1015.6425135274806,7235395
2024-10-21,1018.1403198242188,1028.6314614907096,1015.6424289512448,1027.6323051415202,5654898
2024-10-22,1004.6517333984376,1015.6174502024332,992.1622787316244,1012.644984385198,5946938
2024-10-23,1007.1495361328124,1010.6465831332736,1003.6524891323512,1007.1495361328124,5724159
2024-10-24,1006.150390625,1018.6398443318644,1003.6524998836272,1007.1495469215492,17293686
2024-10-25,997.7574462890624,1006.1503835142242,994.4602427304848,1001.654180211529,12346033
2024-10-28,1002.1537475585938,1010.6465759277344,995.5593405124896,1000.6550131405102,9055343
2024-10-29,991.1630249023438,1007.1495253039944,987.9657126252818,1005.6507908913396,7895790
2024-10-30,986.7667846679688,1004.1521295126988,984.5686894897974,986.3671587190576,14191108
2024-10-31,975.3764038085938,983.9691236968972,966.3839970020924,981.1714982204958,15756286
2024-11-01,986.3671875,988.5653437259746,971.179998373962,971.7794678066526,8476544
2024-11-04,982.3705444335938,996.3587334605628,982.3705444335938,982.9700138555696,9083277
2024-11-05,990.5635986328124,993.9606935257844,981.2404163827896,981.9708177028348,13384228
2024-11-06,982.3705444335938,996.9582028825388,974.9767629830158,989.7642649005072,9207489
2024-11-07,981.1715087890624,997.9573228119392,977.9732206214272,985.1681340794456,10187654
2024-11-08,974.9767456054688,985.9674653593364,972.5788069766412,980.971683653033,8478770
2024-11-11,987.9657592773438,991.5627586277624,980.771821560169,982.5703517272094,10452203
2024-11-12,974.9767456054688,985.9674653593364,974.5771196591623,984.5686830717696,9283378
2024-11-13,959.78955078125,975.1765827300876,959.78955078125,972.1791137257942,13879833
2024-11-14,972.3789672851562,972.3789672851562,957.7912480559414,961.3882474886368,7008432
2024-11-15,973.9775390625,980.9716330908284,968.6820229234976,970.580444267508,7031405
2024-11-18,974.7769165039062,983.5695412234912,966.7836656560391,979.9725417517526,5749362
2024-11-19,986.966552734375,987.7658655547974,979.372989464874,980.5719891873372,6241280
2024-11-20,981.77099609375,990.363777214978,978.5737445900648,987.1664647276295,16145882
2024-11-21,963.3419799804688,969.5377601002036,960.14415208059,965.3406147937062,9722487
2024-11-22,993.1216430664062,999.8170820011449,970.7369693808184,974.1346120239056,10981849
2024-11-25,987.7254028320312,995.919757217286,982.9286302245196,991.7226726759592,21890302
2024-11-26,984.5275268554688,990.1236799672852,981.3296989372188,986.3262859990172,12904676
2024-11-27,988.7246704101562,988.7246704101562,977.8730738657706,984.9272154552148,10389637
2024-11-28,993.9210815429688,995.3201503283784,980.5312406068708,987.525486651012,11167464
2024-11-29,991.9224243164062,997.918328701136,989.5240991586104,994.5206861458852,5905321
2024-12-02,995.7199096679688,999.3174280114116,987.9251849346834,989.7240050999004,13966125
2024-12-03,989.3242797851562,997.918385494982,989.3242797851562,992.5221078377068,8585011
2024-12-04,974.3345336914062,983.1285152326906,972.3358987505007,980.9300045989952,9852159
2024-12-05,972.5357666015624,976.1332850687857,969.7376899055558,973.734959755136,10160136
2024-12-06,957.5460205078124,972.335906997252,956.9463934243564,970.3372720393952,6115272
2024-12-09,964.1414184570312,965.5404872189788,955.14756182778,958.7451410755768,11420326
2024-12-10,950.950439453125,961.3433650947912,946.9531697437912,959.3447302401242,6522198
2024-12-11,938.9586791992188,952.349557819899,938.9586791992188,952.1496821253296,12962334
2024-12-12,939.5582275390624,942.7560554036718,933.5623231654802,933.5623231654802,8391279
2024-12-13,943.7554321289062,943.7554321289062,934.561699312746,934.561699312746,6220845
2024-12-16,935.1613159179688,944.355049230874,934.2919145616488,941.3570966936333,6001199
2024-12-17,935.960693359375,940.7574658838672,924.7683867848832,924.7683867848832,13399903
2024-12-18,925.56787109375,938.1592470656848,923.968926514243,932.7629692177838,6948266
2024-12-19,920.970947265625,922.5698917986384,914.3754764232496,917.5733044957792,11738353
2024-12-20,927.9661865234376,930.7643242591994,918.1728874287662,919.1722049076816,21581221
2024-12-23,938.9586791992188,938.9586791992188,924.1687927035484,925.567861572037,8028559
2024-12-24,943.5555419921876,945.5541768784268,928.365904658071,928.365904658071,2710417
2024-12-27,944.5548706054688,944.5548706054688,931.3638680015964,935.7608892007196,5031230
2024-12-30,942.9559326171876,944.9545675409148,937.959345307869,941.1571733845324,5554336
2024-12-31,949.3516235351562,949.3516235351562,940.157890350642,942.9559671476248,2928154
2025-01-02,959.3447265625,962.7424301998068,949.351552327474,951.7499385412784,4098784
2025-01-03,951.1503295898438,960.5439379469104,950.5507635217316,958.5453030618748,4362089
2025-01-06,941.556884765625,951.3501832771318,932.3631523083654,947.153037916916,6182181
2025-01-07,939.1585083007812,944.3549711342934,931.3638445472608,937.1598734412378,4999670
2025-01-08,931.3638305664062,937.3597350550313,919.501937732556,934.1619071290656,5344665
2025-01-09,934.1619262695312,942.1564657515016,927.1667042228072,934.9613680190292,4260323
2025-01-10,917.773193359375,933.8662058789909,912.1769789037518,931.3638866208204,6767355
2025-01-13,915.1749267578124,924.9682257643692,911.7772839561692,913.1762918179644,6573966
2025-01-14,910.1782836914062,919.3720160506113,909.1789662826556,915.3747464156086,6611363
2025-01-15,934.96142578125,936.7602460706216,918.9723458294987,923.3693672136302,8526481
2025-01-16,948.3522338867188,948.3522338867188,926.3672505932436,932.9627211838882,8107643
2025-01-17,962.5425415039062,971.1366468324478,958.112584015638,967.3392528731736,11483250
2025-01-20,965.3406372070312,980.9299647148398,965.3406372070312,975.533687189904,6543134
2025-01-21,976.13330078125,979.7308802998796,965.1408085179622,967.7390705581112,22532886
2025-01-22,962.742431640625,984.3376665563964,961.3433628482296,980.9299599807954,7062488
2025-01-23,969.1380615234376,969.9375032935744,960.9436461441632,960.9436461441632,6897608
2025-01-24,954.34814453125,972.1359825656988,949.7513087560368,970.7369747614362,7167788
2025-01-27,960.5439453125,973.9347625488248,953.3488474724988,953.7485988499698,6875061
2025-01-28,969.7376098632812,986.3262539724112,966.9394724047356,970.337175893831,6247073
2025-01-29,967.9389038085938,972.1360494973466,958.1456045305038,967.7390891038672,6507539
2025-01-30,975.3338012695312,979.9306370010676,961.3433573988616,967.339261914863,5381218
2025-01-31,979.1312255859376,984.127812837339,975.9333975463412,976.7329003013627,8698246
2025-02-03,985.5269165039062,988.7247446565472,972.934503693182,977.5323766190536,6124905
2025-02-04,983.5281982421876,986.9258408094196,975.1339076765668,984.327639964272,5382053
2025-02-05,991.123046875,991.123046875,977.932044174412,980.5303061723976,4815190
2025-02-06,976.5330200195312,997.118935001082,976.1332686439008,990.7233399454674,7933859
2025-02-07,981.7294921875,986.9258941586924,974.3345186231156,978.3317884431078,4713517
2025-02-10,976.5330200195312,985.5278529256948,972.535750237211,980.7301654896668,7248600
2025-02-11,967.5391845703124,981.729504812471,966.5398671024632,980.5303116523525,10671930
2025-02-12,953.7485961914062,971.9361249392022,948.5521332662518,968.5384822141564,9688649
2025-02-13,961.3433837890624,962.5425769238813,945.7540560169087,953.9484102855944,13262450
2025-02-14,956.5466918945312,962.7424723904668,949.9032191250392,962.3427210061492,14931762
2025-02-17,954.7478637695312,957.3460645996486,951.3501602284608,952.549353301397,3762611
2025-02-18,942.9559326171876,956.9463770832792,939.5582898429492,954.3481760798326,8009524
2025-02-19,952.3494873046876,952.3494873046876,940.7574297999504,940.7574297999504,9779843
2025-02-20,952.1495971679688,957.3460597956208,944.754685076708,957.3460597956208,6670955
2025-02-21,957.5460205078124,957.5460205078124,943.6554831533095,949.1517292874152,9898112
2025-02-24,976.3331298828124,976.3331298828124,961.14349273609,964.5411963981778,7508377
2025-02-25,979.3310546875,980.7171318345532,971.9360815098092,976.1332268000256,9288344
2025-02-26,977.132568359375,987.1257426338492,974.7342431295984,984.527541719884,5280038
2025-02-27,965.7404174804688,979.5309862260432,962.5425894106332,975.9334067749168,10072878
2025-02-28,974.3345336914062,977.5323617955544,963.7417929020064,964.5412346796692,10948942
2025-03-03,956.5466918945312,970.337260744518,944.7547579791368,969.337943277222,10233347
2025-03-04,971.3366088867188,977.5323895783176,954.3482114061898,958.1456057031374,11870264
2025-03-05,932.9627685546876,956.1469461309454,928.7156692937124,953.3488694047672,22542849
2025-03-06,919.1721801757812,932.9627488150552,909.978447418433,931.963431363028,12321809
2025-03-07,929.1653442382812,929.7649712988468,915.7745271279308,921.7704317726092,6124256
2025-03-10,954.94775390625,960.1442169705618,928.5658091846256,929.16537527172,13711206
2025-03-11,956.1469116210938,964.9408928688978,951.1503244355806,958.944988246282,10609748
2025-03-12,952.3494873046876,958.0835466671732,944.155072382066,955.1475638409868,14252395
2025-03-13,955.7471923828124,960.1441523771967,947.3529017672242,953.7485575689576,6476884
2025-03-14,965.54052734375,966.1400934132186,950.1510142967614,956.7465460283978,14521852
2025-03-17,975.9334106445312,979.73086580136,965.5405456182295,973.9347757171464,8634375
2025-03-18,969.1380615234376,979.1312361338946,965.3406673701631,974.3345245195746,9006799
2025-03-19,973.1353149414062,974.5343837606532,963.9415822562736,972.5357488722982,11407416
2025-03-20,993.1216430664062,995.5200292796992,974.469405318366,975.5336808139092,10412955
2025-03-21,981.1298217773438,996.319458621017,977.5323034956684,994.32082379931,21667907
2025-03-24,966.5398559570312,984.1278187909668,961.7431443653668,975.5337130639635,6137883
2025-03-25,964.5411987304688,976.5330079289572,964.5411987304688,965.3406404783354,9038257
2025-03-26,978.9313354492188,978.9313354492188,961.942939045184,967.339277594452,6730240
2025-03-27,980.7301635742188,985.3269994175104,973.3351900939708,977.7322112433338,7780981
2025-03-28,1008.8109741210938,1011.3092677667628,984.7274477742446,985.5268895421592,10516181
2025-03-31,1008.8109741210938,1015.3065375998328,1003.814386829756,1007.3119979336924,10020573
2025-04-01,1011.8089599609376,1012.808277452257,998.318173828125,1008.8110074869792,12295722
2025-04-02,1007.3119506835938,1017.3051247975184,1004.8136571551128,1008.8109268006824,6344028
2025-04-03,1052.2813720703125,1063.2738650359092,1014.3073054618872,1016.8055993177046,12245628
2025-04-04,1033.2943115234375,1077.7639409845526,1030.7960177334871,1055.279296875,19218747
2025-04-07,971.1366577148438,1012.3085476666174,966.3399462918252,1001.3160560335148,21054553
2025-04-08,990.5234375,996.519342011509,948.9517962907736,976.3331179573962,12834330
2025-04-09,972.5357666015624,984.7274518414816,966.7397375183708,979.1312374559708,13340200
2025-04-10,995.52001953125,1004.813659278137,971.936091976462,994.1209507549468,10209632
2025-04-11,1011.3092651367188,1019.8034635099028,995.1203101561864,1003.3147254913692,12786873
2025-04-14,1035.7926025390625,1035.7926025390625,1013.8076172463858,1023.3011336227688,9477518
2025-04-15,1053.7802734375,1059.2765195293978,1036.7918764261794,1042.7877812537045,13509248
2025-04-16,1075.76513671875,1075.76513671875,1062.2743523753193,1070.2688912455003,11891055
2025-04-17,1078.263427734375,1082.2606971606376,1062.274350029324,1067.2709368121525,9887470
2025-04-22,1092.25390625,1095.7515171117338,1073.266875857731,1075.765169330398,7684462
2025-04-23,1067.27099609375,1102.7467642223344,1056.2785045609492,1100.748129398189,12487882
2025-04-24,1075.2655029296875,1080.7617485301646,1063.2736943468285,1070.268916020163,11089282
2025-04-25,1071.268310546875,1075.7652390892829,1063.7734296428623,1071.268310546875,6665927
2025-04-28,1071.268310546875,1080.7618263586244,1063.7734296428623,1075.2655803623484,9041338
2025-04-29,1079.2628173828125,1079.762476094564,1060.275786336263,1068.7699844360352,7425170
2025-04-30,1082.2608642578125,1088.2567693229528,1073.7666654155305,1079.2629117252425,17231139
2025-05-01,1070.7686767578125,1080.3031804215614,1064.2731131563885,1080.2621927906628,4733875
2025-05-02,1065.7720947265625,1071.767999619539,1059.2615266918326,1061.27516605683,11320850
2025-05-06,1071.268310546875,1073.766604181546,1064.2730883697966,1070.2689930930069,11769736
2025-05-07,1075.2655029296875,1077.7637963844495,1062.774035655876,1074.765844238735,14522848
2025-05-08,1054.2799072265625,1077.7638672453534,1054.2799072265625,1076.764549797745,12866531
2025-05-09,1053.280517578125,1061.275056610976,1048.283930682593,1051.7815415094651,7011406
2025-05-12,1023.8007202148438,1059.7761481579714,1012.3085696219002,1055.7788783865128,10013046
2025-05-13,1005.8130493164062,1032.794621429216,1004.3140730879168,1021.3024703441304,10007633
2025-05-14,1014.8068237304688,1021.8020455582516,999.31740396895,1003.8143322868104,28086318
2025-05-15,1045.2860107421875,1055.314195106764,1020.3030754950032,1055.2791848410611,25277420
2025-05-16,1060.7755126953125,1060.7755126953125,1044.1897944926343,1052.7809727974677,19648547
2025-05-19,1069.269775390625,1069.269775390625,1050.7854504445168,1065.2725052022488,7357500
2025-05-20,1086.7576904296875,1089.33198186525,1073.7665640153557,1078.2634923895473,8891813
2025-05-21,1093.7529296875,1102.247127862323,1080.2621443510163,1081.2614617833483,11910306
2025-05-22,1087.7569580078125,1100.2484251415724,1072.7671974473008,1090.2552514345646,12107303
2025-05-23,1090.25537109375,1094.7522997554563,1078.7632200693886,1094.7522997554563,8177094
2025-05-27,1084.759033203125,1102.7467463285568,1084.2593745051963,1097.2505006513416,9829368
2025-05-28,1070.7686767578125,1089.2560500849422,1069.2697005420991,1084.2594626992316,9761002
2025-05-29,1030.59326171875,1041.089119379319,1025.0954315155946,1031.5928672102327,13991115
2025-05-30,1046.087158203125,1049.9675847876033,1028.0942591609307,1041.0891306914043,17813626
2025-06-02,1043.08837890625,1054.0840398242842,1040.0895622922403,1050.0856176722718,9591848
2025-06-03,1040.089599609375,1056.5830915781926,1040.089599609375,1051.08526092192,11364869
2025-06-04,1040.089599609375,1046.0872330525815,1034.5917689531025,1043.588219117912,15139436
2025-06-05,1035.59130859375,1040.0895333897654,1032.0926893079602,1036.5909141039756,7067418
2025-06-06,1037.0906982421875,1041.5889229574548,1034.0918817653426,1039.0899092267507,4285510
2025-06-09,1036.091064453125,1036.5908671856157,1027.594418000784,1034.591656255653,5549015
2025-06-10,1040.58935546875,1043.5881720551151,1036.091130589202,1040.0895527043558,6182150
2025-06-11,1046.087158203125,1048.5861719589852,1038.090314184372,1043.5881444472648,9709214
2025-06-12,1059.581787109375,1059.581787109375,1046.0871134056235,1047.5865215949293,9596236
2025-06-13,1062.5806884765625,1065.5795050950287,1054.5838441606522,1059.581871858096,8112170
2025-06-16,1052.5845947265625,1060.0816359995438,1051.0851864719664,1058.0824249934155,11056039
2025-06-17,1048.0863037109375,1053.084330910322,1041.5888683517376,1042.588473791615,13465559
2025-06-18,1044.587646484375,1055.0835032193854,1044.587646484375,1051.085081606048,10742196
2025-06-19,1045.5872802734375,1045.8521903551705,1037.5904368296635,1044.5876748429655,6517654
2025-06-20,1048.586181640625,1049.0859843964115,1038.5901265248897,1047.0867733732648,20476411
2025-06-23,1076.5750732421875,1076.5750732421875,1038.090263288776,1040.0894741954469,6788042
2025-06-24,1067.078857421875,1078.5743205229069,1065.0796464477826,1076.5751095488145,18799237
2025-06-25,1064.080078125,1071.0773167787106,1060.0816560371654,1065.0796836469588,13598349
2025-06-26,1070.5775146484375,1076.075345022449,1065.5794870356997,1068.0785008420687,8924839
2025-06-27,1063.0804443359375,1083.572356991214,1063.0804443359375,1072.0768937943517,13995171
2025-06-30,1061.0811767578125,1069.0780202943763,1057.582557710566,1067.0788094102354,9975510
2025-07-01,1072.57666015625,1085.5715311553472,1066.0792246567014,1067.5786328489048,14379095
2025-07-02,1031.093017578125,1078.574276264466,1031.093017578125,1075.0756572033674,11305440
2025-07-03,1041.0892333984375,1050.0856838070654,1027.0947549850164,1027.0947549850164,7958878
2025-07-04,1046.5869140625,1049.585730435172,1037.5904649444842,1039.5896758595989,5882258
2025-07-07,1035.0914306640625,1047.5864986344156,1031.0930089135495,1046.087090477973,10066900
2025-07-08,1030.59326171875,1036.0910919219052,1018.0981930752152,1032.5924727017157,9114160
2025-07-09,1033.09228515625,1033.5920879066884,1026.095046650112,1029.0938631527424,6360570
2025-07-10,1025.59521484375,1041.5889024046662,1020.0973847446852,1039.5896914595517,9463492
2025-07-11,1027.594482421875,1031.093101768642,1021.0970464921648,1025.0954686027558,14000762
2025-07-14,1048.586181640625,1051.0851954195589,1029.7236305181189,1032.592493455449,12385151
2025-07-15,1044.587646484375,1051.085081606048,1042.0886329760392,1049.5856735010466,10405557
2025-07-16,1044.587646484375,1051.085081606048,1040.0894221693704,1051.085081606048,14928626
2025-07-17,1049.5858154296875,1055.5834486607143,1038.5901545061383,1038.5901545061383,8577694
2025-07-18,1059.08203125,1062.080847761326,1049.8957152409394,1055.0836092348986,7936648
2025-07-21,1072.57666015625,1072.57666015625,1056.5829727727455,1060.5813946186215,6676907
2025-07-22,1084.072265625,1084.72300984223,1070.077787322787,1074.076209694848,9264584
2025-07-23,1062.080810546875,1084.072130859375,1061.081205078125,1083.572328125,13111699
2025-07-24,1060.0816650390625,1066.2781943416944,1051.085215265039,1056.0832429172744,7833893
2025-07-25,1061.5810546875,1065.0796739826094,1047.5865775070622,1063.5802657132767,4900714
2025-07-28,1054.083984375,1067.578658428165,1051.5849706614508,1065.5794474573256,4660147
2025-07-29,1043.5882568359375,1051.0852989109085,1039.589834395953,1043.5882568359375,10152594
2025-07-30,1055.0836181640625,1055.1365757803112,1041.0891409927722,1051.5849988712398,14338980
2025-07-31,1059.581787109375,1059.581787109375,1046.586916135392,1051.0851407033092,8129288
2025-08-01,1079.07421875,1080.073824325498,1049.5858542728115,1055.583487725799,13042412
2025-08-04,1087.0709228515625,1090.0697391904637,1072.0768411570582,1075.0756574959591,6272141
2025-08-05,1083.5723876953125,1093.068640170502,1079.0741628386438,1088.570415313833,5151546
2025-08-06,1082.072998046875,1087.57082852194,1074.0761537195078,1085.0718146696377,7658369
2025-08-07,1067.078857421875,1078.0745177793838,1055.08359157732,1076.0753068052911,6501733
2025-08-08,1051.5849609375,1074.5718601585115,1051.5849609375,1069.0780567705858,6747250
2025-08-11,1056.083251953125,1056.083251953125,1049.0860131801276,1052.5846325666264,4149607
2025-08-12,1033.592041015625,1064.5798101369833,1029.5936191935143,1056.5829664927617,8392088
2025-08-13,1032.5924072265625,1044.587672363754,1031.0929990844136,1037.590434367059,6496430
2025-08-14,1051.085205078125,1051.085205078125,1036.590925027119,1041.5889526309145,7990625
2025-08-15,1043.5882568359375,1057.0829325708849,1043.5882568359375,1054.0841157408966,4903489
2025-08-18,1039.5897216796875,1058.0824234595666,1039.5897216796875,1049.5857766958384,7124714
2025-08-19,1040.58935546875,1044.5877775839035,1037.0907361179904,1040.58935546875,4263409
2025-08-20,1060.0816650390625,1064.5798899260742,1039.0899488996752,1047.5865959084747,4198385
2025-08-21,1059.08203125,1062.080847761326,1053.0843982273475,1058.5822284981125,4768111
2025-08-22,1048.586181640625,1059.082039512147,1048.586181640625,1054.5838147100662,3768661
2025-08-26,1046.5869140625,1053.5841522654011,1040.589281317156,1053.5841522654011,14462811
2025-08-27,1057.5826416015625,1067.578696815188,1048.0863891486183,1049.5857974306623,5985964
2025-08-28,1047.5865478515625,1060.0816164089524,1044.0879286554934,1059.0820109243612,12548232
2025-08-29,1040.58935546875,1051.0852135210284,1039.5897499399616,1045.087580348298,8628492
2025-09-01,1019.0978393554688,1042.5885693455164,1017.8733469838238,1039.5897527510422,3702827
2025-09-02,1010.1013793945312,1019.097829087308,999.6055214196252,1015.5992097623392,8891292
2025-09-03,1017.5984497070312,1018.5980552568416,1005.603183109306,1010.6012108583582,11267131
2025-09-04,1020.0974731445312,1032.5925426342976,1015.5992481282152,1016.5988536873966,8576146
2025-09-05,1033.592041015625,1034.0918437433888,1013.5999319050712,1017.598353727182,7213557
2025-09-08,1031.5928955078125,1035.0915148239726,1025.595262394395,1035.0915148239726,6458379
2025-09-09,1031.093017578125,1036.5908475312804,1024.5955821789414,1033.5920311931957,6073878
2025-09-10,1036.091064453125,1038.5900781155783,1031.592839860709,1033.0922480581812,5927083
2025-09-11,1037.590576171875,1041.0891956483697,1029.5937316541726,1039.5897873013007,5580880
2025-09-12,1048.0863037109375,1056.5829499498914,1043.5880792314915,1045.5872901112452,5355084
2025-09-15,1048.0863037109375,1059.581766269522,1043.088276511553,1052.5845281903837,13108978
2025-09-16,1038.09033203125,1049.085992746073,1036.0911209921912,1049.085992746073,8141703
2025-09-17,1038.590087890625,1048.586142634519,1033.092257781483,1034.5916659930672,5039947
2025-09-18,1031.093017578125,1040.5892693153933,1028.5940039630543,1037.0906502542944,13641572
2025-09-19,1034.5916748046875,1042.0887159264605,1025.5952254585598,1025.5952254585598,23651117
2025-09-22,1038.09033203125,1046.6639749290396,1030.093487875015,1033.0923044336032,4207477
2025-09-23,1038.590087890625,1052.5845645320771,1038.0902851534302,1044.087917999767,8667891
2025-09-24,1049.0859375,1058.082386702001,1045.087515632444,1050.085542966889,7873853
2025-09-25,1049.5858154296875,1058.5822652762276,1041.0891683523996,1045.5873932756697,9908891
2025-09-26,1055.58349609375,1057.582707260594,1047.086848634662,1051.0852709683504,6216517
2025-09-29,1056.083251953125,1065.5785283963376,1047.0868021021283,1061.0812796481232,7213368
2025-09-30,1067.078857421875,1073.5762930876756,1049.0859586550423,1054.583788833797,14343480
2025-10-01,1074.575927734375,1081.0733635764898,1063.5802670784883,1074.575927734375,7867370
2025-10-02,1069.5780029296875,1074.5760309807608,1058.0825384122188,1069.0782001245802,6442541
2025-10-03,1077.074951171875,1078.574359456569,1067.578698702146,1073.0765290793577,3533866
2025-10-06,1081.0733642578125,1082.5727725300146,1069.0780980801946,1080.5735615004116,4395899
2025-10-07,1092.0689697265625,1092.0689697265625,1075.0756768337922,1090.5695615301415,10706956
2025-10-08,1090.569580078125,1096.5672129658142,1087.0709608936395,1096.0674102251733,15807358
2025-10-09,1098.066650390625,1101.0654669142225,1091.569214589497,1095.5676366209605,10936286
2025-10-10,1105.0638427734375,1105.163778915617,1097.796691511347,1100.065815442938,8830204
2025-10-13,1095.06787109375,1111.0615597633073,1093.0686600100553,1111.0615597633073,12981948
2025-10-14,1101.0654296875,1109.5620762170904,1094.869876911572,1096.0674023171528,15170393
2025-10-15,1108.5625,1108.5625,1085.821474864743,1107.0630917493238,8941160
2025-10-16,1122.0572509765625,1127.6550177574024,1109.0623785821792,1115.559814779371,6936236
2025-10-17,1129.55419921875,1131.5534101908186,1114.0603141852184,1125.5557772746129,8288104
2025-10-20,1131.553466796875,1136.051691709053,1124.5562280445974,1132.5530723329146,12660634
2025-10-21,1138.55078125,1146.0478232687665,1130.0541336287313,1131.5535420324843,8129343
2025-10-22,1144.54833984375,1150.046170297148,1141.049720464315,1142.549128769787,11051577
2025-10-23,1146.5474853515625,1151.0457100107449,1138.0508387731072,1139.550246992835,4674940
2025-10-24,1150.5460205078125,1153.0450344533117,1139.0505563585164,1145.547992616814,4949512
2025-10-27,1148.5467529296875,1159.542413749728,1142.5491197551198,1146.5475418714982,7617909
2025-10-28,1151.0457763671875,1155.5440012856873,1141.5495237614662,1151.5455791359095,7009076
2025-10-29,1146.0477294921875,1151.0457570957296,1135.5518715247492,1148.0469405336044,6436630
2025-10-30,1153.0450439453125,1153.0450439453125,1143.0489880810271,1145.5480020470984,5960288
2025-10-31,1139.55029296875,1153.5447702508222,1137.551081928454,1151.0457564504522,8278395
2025-11-03,1134.052490234375,1141.0497290458698,1127.55505419513,1138.050912412372,6039783
2025-11-04,1144.0484619140625,1144.0484619140625,1126.555366166141,1135.0520126722745,6625773
2025-11-05,1151.0457763671875,1155.5440012856873,1143.5487348363547,1146.0477486799657,7394289
2025-11-06,1160.042236328125,1183.5329666630762,1138.55071708551,1179.5345444784036,14952122
2025-11-07,1170.0382080078125,1170.0382080078125,1148.5466903041236,1163.5407724229765,17676244
2025-11-10,1164.5404052734375,1171.0378410110145,1147.0473090568837,1169.5384327638817,8606454
2025-11-11,1162.541259765625,1176.535737527206,1160.5420486568278,1173.0371180868108,8467312
2025-11-12,1176.5357666015625,1179.0347805493143,1155.544049440447,1169.038724758307,14089141
2025-11-13,1181.53369140625,1181.53369140625,1166.0398062820564,1176.035861200891,18728252
2025-11-14,1169.03857421875,1174.286502833242,1157.0433088141967,1170.5379823943192,7286242
2025-11-17,1177.5352783203125,1177.5352783203125,1167.0394205763707,1168.0390260757938,23003838
2025-11-18,1171.53759765625,1183.0330604318872,1165.040162174368,1167.5391758212456,10455062
2025-11-19,1155.5439453125,1170.0382249033576,1155.5439453125,1166.5396056917712,8904710
2025-11-20,1139.211669921875,1148.2093926329735,1136.712302502125,1137.7120494700252,13581123
2025-11-21,1138.2119140625,1142.710775382905,1131.2136853418697,1141.7110284228152,10429343
2025-11-24,1115.717529296875,1134.7127202078434,1115.706545749499,1134.7127202078434,18105776
2025-11-25,1123.2156982421875,1127.2146860418927,1111.7186083180352,1117.2172165426298,7701936
2025-11-26,1134.212890625,1134.212890625,1111.2187112645988,1119.7165601586605,16152788
2025-11-27,1143.71044921875,1145.2100695630054,1130.713739568537,1134.2128537051328,9592897
2025-11-28,1146.2098388671875,1146.709712325045,1139.2116104571828,1144.710218493615,7734712
2025-12-01,1143.71044921875,1150.7086774919417,1138.7117147378988,1143.71044921875,11177715
2025-12-02,1150.2088623046875,1159.7064582993808,1145.2101275706384,1147.7094949376628,10164908
2025-12-03,1143.2105712890625,1148.2093057503178,1133.9729197678162,1148.2093057503178,6983847
2025-12-04,1142.2108154296875,1144.2103091984925,1131.2135997012615,1143.710435756291,11177683
2025-12-05,1134.212890625,1142.2108660547046,1132.7132702319304,1135.212637553713,5412287
2025-12-08,1135.212646484375,1141.2111281038433,1132.2134056746409,1134.712773016086,4842975
2025-12-09,1128.7142333984375,1137.212081922695,1126.2148661854203,1130.713727168851,8757795
2025-12-10,1116.71728515625,1131.2415622047472,1116.71728515625,1129.21412138226,7994859
2025-12-11,1115.717529296875,1118.716769967028,1102.220946281187,1109.2191745115438,6585512
2025-12-12,1118.2169189453125,1124.7152738609536,1110.2189436645235,1118.2169189453125,6597912
2025-12-15,1125.715087890625,1130.7138227391624,1119.71660607238,1121.2162265269412,11972785
2025-12-16,1121.2161865234375,1136.2634030118406,1119.2166926553618,1130.2139089297782,9370385
2025-12-17,1144.2103271484375,1151.2085554490395,1127.2146298469754,1132.213364347405,8137190
2025-12-18,1141.7109375,1151.708406304729,1135.2125827769264,1151.708406304729,7128526
2025-12-19,1141.2110595703125,1145.2100470764722,1129.2140970518335,1143.7104267616623,27109960
2025-12-22,1127.7144775390625,1131.7134650480662,1121.7159962755568,1123.7154900300586,7302696
2025-12-23,1137.7120361328125,1141.2111504794425,1127.7145665710127,1129.2141870052828,4153948
2025-12-24,1137.212158203125,1139.7115255837912,1134.7127908224588,1139.7115255837912,926167
2025-12-29,1140.711181640625,1144.710169131039,1133.7129535324002,1140.711181640625,4671240
2025-12-30,1147.2095947265625,1147.2095947265625,1136.2123785679637,1138.711745876736,3913846
2025-12-31,1141.2110595703125,1151.7084017739817,1141.2110595703125,1151.7084017739817,2448313
2026-01-02,1157.20703125,1163.805336350756,1136.7122198974082,1137.7119667926563,6238455
2026-01-05,1149.708984375,1162.7056946331522,1135.2126537024456,1160.7062007472823,8360265
2026-01-06,1171.703369140625,1185.1999523175862,1140.7112151787144,1147.2095700416955,12829001
2026-01-07,1184.2001953125,1190.69855012004,1173.519915846945,1177.201967058226,18557562
2026-01-08,1182.7005615234375,1195.0454584788515,1179.5033729471147,1184.2001818465862,5864068
2026-01-09,1192.1982421875,1192.6981156643085,1174.7026704992138,1181.7008991745283,6923611
2026-01-12,1178.2017822265625,1192.698113021883,1175.7024148480589,1192.1982395461823,3748948
2026-01-13,1153.2081298828125,1179.201551102538,1149.2091420028548,1179.201551102538,6336562
2026-01-14,1166.7047119140625,1167.7044588822837,1148.2093930019716,1163.2055975252886,9275054
2026-01-15,1180.701171875,1183.2005393006457,1163.7054733806096,1169.7039552021592,6233352
2026-01-16,1201.1959228515625,1201.1959228515625,1174.5326285948988,1181.2009844770046,12369408
2026-01-19,1195.697265625,1207.6942281563545,1190.6985312369357,1206.194607839935,4275561
2026-01-20,1190.19873046875,1192.6980978153874,1174.2027794502703,1192.19822434606,24267500
2026-01-21,1190.19873046875,1197.6968325086625,1185.6998692448026,1187.6993631221126,7084627
2026-01-22,1186.19970703125,1208.19413902003,1182.2007193969264,1194.1976822998972,8470260
2026-01-23,1191.198486328125,1194.697600639622,1177.7019025552088,1177.7019025552088,7162942
2026-01-26,1203.6953125,1211.6932879983387,1193.4569373099114,1195.697337001661,6091599
2026-01-27,1222.1905517578125,1223.6901720667177,1182.700550289973,1204.1951080509489,8396127
2026-01-28,1230.1885986328125,1231.6882190293582,1212.6930273397818,1217.6917619949336,7707437
2026-01-29,1229.688720703125,1237.186822658632,1214.192643328411,1222.190618747618,6942010
2026-01-30,1234.1876220703125,1239.6862303500911,1222.490631454553,1222.690532030775,10167472
2026-02-02,1240.18603515625,1255.1822387252494,1236.6869209901502,1236.6869209901502,10784110
2026-02-03,1255.68212890625,1255.68212890625,1231.1883294172349,1232.6879497941131,10208358
2026-02-04,1277.676513671875,1300.6706919304454,1257.6815760557267,1264.6798042213786,9403597
2026-02-05,1281.675537109375,1287.1741451078942,1260.68085202412,1280.6757902005534,12245413
2026-02-06,1284.6748046875,1295.6720209143969,1275.6770823200388,1275.6770823200388,6508774
2026-02-09,1285.674560546875,1292.6727891035064,1263.9801008370855,1290.1734217618523,9972727
2026-02-10,1291.6729736328125,1293.672467400046,1276.176896936753,1287.174112656537,7056405
2026-02-11,1328.6636962890625,1332.1628106133753,1294.672299995738,1299.6710347447563,7284243
2026-02-12,1352.15771484375,1352.15771484375,1310.668217493646,1323.1650540448825,11610723
2026-02-13,1365.654296875,1366.6540437980416,1333.6623953376647,1351.157966490895,24806282
2026-02-16,1372.6524658203125,1373.6522127000069,1343.659806309177,1358.6560095045918,6271878
2026-02-17,1376.151611328125,1398.6459166349778,1366.154142302857,1380.1505989382322,17187753
2026-02-18,1348.15869140625,1375.6517310901002,1346.6590710598582,1365.6542621141546,6124833
2026-02-19,1342.1602783203125,1348.6586334853644,1329.6634414644436,1338.1612905264344,10572627
2026-02-20,1345.6593017578125,1355.6567705673058,1331.6628454245215,1342.6600611149645,12854185
2026-02-23,1359.1558837890625,1362.1551244300094,1342.660060263855,1346.1591743449596,6181068
2026-02-24,1372.6524658203125,1387.1487955758805,1360.6555032639806,1365.154364222605,11250752
2026-02-25,1387.648681640625,1387.648681640625,1336.161716867936,1353.1574139773677,9610722
2026-02-26,1385.649169921875,1394.6468918044843,1373.1523339738062,1383.649676170184,6739655
2026-02-27,1390.64794921875,1407.6436466570813,1376.65149250483,1386.6489615862015,13876271
2026-03-02,1399.6456298828125,1428.1384159197128,1381.6501860700334,1428.1384159197128,15715152
2026-03-03,1345.159423828125,1383.35580770786,1336.161701929609,1380.650437983382,22449253
2026-03-04,1344.6595458984375,1361.6552427610943,1338.9809299552198,1345.6592927727115,13406156
2026-03-05,1351.6578369140625,1370.1531549487595,1341.6603677061182,1345.159481928899,16750340
2026-03-06,1337.1614990234375,1358.6560576993284,1331.1630175324913,1348.6585885477512,11195788
2026-03-09,1332.1627197265625,1335.1619603713502,1306.6691742458663,1321.1655040290073,10011740
2026-03-10,1348.15869140625,1355.6567931382092,1340.6605896742908,1342.1602100206826,14697142
2026-03-11,1334.1622314453125,1345.659320738397,1330.1632438651093,1339.1609659205667,11326383
2026-03-12,1367.65380859375,1368.6535555298565,1327.6639311494882,1331.6629188939146,7214922
2026-03-13,1373.15234375,1386.149053228522,1349.658292000364,1358.1561405055515,5683900
2026-03-16,1355.6568603515625,1375.6517992948009,1345.6593908799432,1349.658378668591,14002935
2026-03-17,1360.655517578125,1373.652227150877,1355.6567831270663,1357.65627690749,11292954
2026-03-18,1320.6656494140625,1353.657296977018,1315.1670414869031,1348.1586890498586,13964826
2026-03-19,1271.6781005859375,1316.166839167757,1270.1784801843032,1305.1696228891049,15488416
2026-03-20,1232.68798828125,1285.1747031107436,1222.1906453153513,1276.1769805685446,65757152
2026-03-23,1210.6934814453125,1244.6848756394832,1206.9484579157695,1222.6904441020786,13858928
2026-03-24,1231.688232421875,1236.187093660429,1216.6920282933618,1222.6905099447672,10134719
2026-03-25,1261.6806640625,1261.6806640625,1236.187116571538,1238.186610492398,10492919
2026-03-26,1236.6868896484375,1255.6820803544365,1232.6879021313853,1247.6841053203316,16517503
2026-03-27,1236.18701171875,1247.1842273507002,1217.1918210817455,1243.1852398481728,29030840
2026-03-30,1272.177978515625,1272.177978515625,1234.6874683432588,1236.6869622191184,9756360
2026-03-31,1269.1787109375,1283.1751677733607,1265.679596728535,1270.6783313127708,10193773
2026-04-01,1294.17236328125,1298.1713508850544,1281.175653568885,1283.675020821263,11884900
2026-04-02,1322.6651611328125,1324.6646549516074,1293.172627305588,1298.671235307274,8389436
2026-04-07,1316.06689453125,1321.6654529801654,1310.0684128989649,1316.8666188585687,6827572
2026-04-08,1331.262939453125,1339.6608377694135,1312.6676716352538,1336.6615970878402,12990265
2026-04-09,1350.2581787109375,1351.6578488202626,1335.861798516802,1344.2596971333328,5821672
2026-04-10,1347.2589111328125,1354.457162106458,1339.8607595929898,1341.8602534124327,7714200
2026-04-13,1319.466064453125,1345.7813029315917,1311.068165722348,1342.2602215344664,12191155
2026-04-14,1308.86865234375,1320.8656156907666,1304.4698634147148,1317.6664742806645,17685441
2026-04-15,1293.6724853515625,1311.0681057757652,1291.273068389704,1303.6699543264588,7789438
2026-04-16,1286.8741455078125,1317.7613451410386,1284.2748280067135,1294.0723963255648,6720869
2026-04-17,1274.4774169921875,1285.6745336326296,1257.681619992106,1282.6752928854305,10194166
2026-04-20,1276.0770263671875,1288.6738134797413,1273.077785528988,1282.675331803342,6386262
2026-04-21,1253.4827880859375,1284.27492125048,1253.4827880859375,1275.4772212203638,12694299
2026-04-22,1274.4774169921875,1282.8751934528098,1257.0817962505496,1257.0817962505496,14133687
2026-04-23,1286.8741455078125,1286.8741455078125,1259.0812552431182,1261.880473306065,5706497
2026-04-24,1294.6722412109375,1302.6702164462174,1290.073429858535,1299.2710525633402,6990922
2026-04-27,1293.2725830078125,1297.6714938354771,1282.6752901316777,1292.0729355272756,6202723
2026-04-28,1299.6710205078125,1302.270338140944,1284.874716997032,1292.4728913638455,16237776
2026-04-29,1279.4761962890625,1298.2713657380905,1269.2787041685283,1295.0722243117011,31839753
2026-04-30,1311.8677978515625,1320.265695992112,1273.47761556233,1273.47761556233,15012119
2026-05-01,1308.668701171875,1322.4652573032813,1300.8706264820512,1322.4652573032813,4458178
2026-05-05,1291.8729248046875,1310.0683920229933,1278.2763910627198,1294.4723644354592,16192587
2026-05-06,1297.8714599609375,1303.4701405913595,1280.475960417377,1296.871712996851,11662426
2026-05-07,1273.6776123046875,1297.2716158798412,1271.078294646644,1294.0724744606218,26055823
2026-05-08,1277.276611328125,1280.568746618187,1256.881750219385,1256.881750219385,8435878
2026-05-11,1277.676513671875,1280.6757543142971,1253.1827150920933,1276.176893350664,6604757
2026-05-12,1276.6767578125,1281.175618744494,1263.6800484534065,1270.6782765698415,12580341
2026-05-13,1275.6771240234375,1298.171430677456,1267.1792748430305,1280.1759853542412,10283587
2026-05-14,1290.17333984375,1310.168277307427,1267.1791617605215,1286.1743523510147,12887586
2026-05-15,1187.6993408203125,1284.1749185889655,1187.1994673603713,1279.676057449495,45232884
2026-05-18,1231.1883544921875,1231.1883544921875,1186.699615738714,1194.6975912449566,24708954
2026-05-19,1250.683349609375,1260.6808184311924,1235.6871463766486,1235.6871463766486,17970577
2026-05-20,1254.682373046875,1260.680854511641,1238.1865490187688,1250.6833854036977,28022180
2026-05-21,1278.67626953125,1281.6755101947322,1245.6846222329457,1249.1837363403415,12954989
2026-05-22,1280.67578125,1294.672237875683,1270.678312231655,1277.1766670935792,11536897
2026-05-26,1293.6724853515625,1304.1698277752034,1281.1756491329422,1297.171599492776,7243820
2026-05-27,1269.6785888671875,1301.1706168587752,1264.6798542653482,1297.1716291773037,18449065
2026-05-28,1223.0,1242.0,1222.3900146484375,1235.0,10406541
2026-05-29,1195.5,1226.5,1194.9000244140625,1223.0,39113124
2026-06-01,1184.0,1207.5,1179.5,1193.5,12267318
2026-06-02,1187.5,1201.0,1181.0,1186.0,10607159
2026-06-03,1198.5,1208.0,1190.5,1190.5,11937212
2026-06-04,1199.0,1211.0,1190.0,1191.0,19201229
2026-06-05,1217.5,1219.5,1202.5,1209.5,5139540
2026-06-08,1202.5,1220.0,1193.0,1215.0,10129459
2026-06-09,1199.5,1205.0,1194.0,1197.5,6703730
2026-06-10,1199.5,1201.5,1186.5,1198.0,8682185
2026-06-11,1208.0,1221.5,1194.0,1203.0,8751332
2026-06-12,1209.0,1217.0,1199.998046875,1212.5,9754069
2026-06-15,1209.0,1213.0,1194.948974609375,1213.0,11225961
2026-06-16,1224.0,1224.0,1206.0,1213.0,11041549
2026-06-17,1216.0,1220.0,1201.0,1219.5,11887266
2026-06-18,1190.5,1215.0,1190.5,1210.0,29451977
2026-06-19,1212.0,1212.0,1174.5,1196.5,41967099
2026-06-22,1221.0,1221.0,1193.5,1210.5,9305883
2026-06-23,1225.5,1230.0,1199.5,1218.0,16047264
2026-06-24,1241.0,1241.0,1216.5,1218.5,17408744
2026-06-25,1253.0,1266.5,1240.0,1243.5,22738067
2026-06-26,1245.5,1262.0,1245.5,1257.0,12664576
2026-06-29,1254.5,1257.0,1239.5,1248.0,10548300
2026-06-30,1248.0,1262.5,1247.5,1257.0,11014757
2026-07-01,1211.0,1249.050048828125,1210.0,1248.5,19600580
2026-07-02,1230.0,1235.5,1200.449951171875,1207.5,17206708
2026-07-03,1244.0,1251.0,1236.5,1242.0,6035975
2026-07-06,1231.0,1252.5,1222.5,1244.0,9819214
2026-07-07,1247.5,1252.0,1220.5,1230.5,16320117
2026-07-08,1247.5,1250.0,1235.5,1243.5,6545075
2026-07-09,1230.0,1253.0,1226.5,1248.5,5087845
2026-07-10,1226.0,1239.0,1226.0,1229.5,8108671
2026-07-13,1240.5,1244.0,1225.5999755859375,1226.0,7733938
2026-07-14,1249.0,1251.0,1235.0,1240.5,7565268
2026-07-15,1235.0,1251.0,1227.5,1246.0,8563492
2026-07-16,1216.5,1227.5,1204.5,1224.5,6129827
2026-07-17,1257.0,1262.5,1222.0,1225.0,8764670
2026-07-20,1236.0,1256.0,1231.5,1250.0,7592222
2026-07-21,1224.0,1237.0,1217.5,1228.5,5254501
2026-07-22,1249.5,1251.5,1216.0,1221.5,9353805
2026-07-23,1234.0,1249.0,1218.5,1244.0,7652418
2026-07-24,1237.5,1241.0,1226.89501953125,1231.0,4219349
2026-07-27,1222.5,1245.5,1222.5,1244.5,8008031
2026-07-28,1218.0,1229.5,1208.0,1218.5,5652456
2026-07-29,1193.0,1218.0,1189.0,1214.5,9992654
2026-07-30,1184.5,1206.5,1181.0,1187.5,11305326
2026-07-31,1190.0,1204.5,1184.0,1192.0,9178895
2026-08-03,1189.0,1189.5,1177.5,1184.5,9032222
2026-08-04,1188.0,1202.5,1174.5,1190.5,5957755
2026-08-05,1187.5,1209.0,1186.0,1196.5,6578033
2026-08-06,1196.0,1203.5,1188.0670166015625,1200.0,4391333
2026-08-07,1200.0,1206.0,1183.0,1193.5,13133113
2026-08-10,1175.5,1202.0,1170.0,1200.0,6750368
2026-08-11,1185.5,1188.5,1174.5,1177.5,4221316
2026-08-12,1196.5,1205.0,1187.0,1188.0,12272078
2026-08-13,1200.5,1201.5,1189.5,1200.0,7856895
2026-08-14,1193.5,1206.5,1186.5,1205.0,8694250
2026-08-17,1189.5,1201.0,1182.0,1195.5,4084105
2026-08-18,1211.0,1215.0,1187.5,1197.0,7834750
2026-08-19,1179.0,1215.5,1178.824951171875,1209.0,8928825
2026-08-20,1186.5,1194.5,1175.5,1186.5,8218796
2026-08-21,1171.0,1191.5,1171.0,1182.5,10307463
2026-08-24,1169.5,1174.5,1163.5,1169.0,9769617
2026-08-25,1185.5,1185.5,1169.0,1174.0,8298140
2026-08-26,1182.5,1190.0,1177.0,1188.5,7456585
2026-08-27,1160.0,1185.0,1154.68603515625,1183.0,8656901
2026-08-28,1170.0,1175.5,1161.5,1161.5,14591717
