Date,Close,High,Low,Open,Volume
2009-01-02,11.761836051940918,11.821261598343872,11.497723631829443,11.647386944749256,13199200
2009-01-05,11.845470428466797,12.171209761634998,11.66499324170594,11.66499324170594,16600000
2009-01-06,12.679631233215332,12.761065879340634,11.995137908158036,11.995137908158036,32506400
2009-01-07,12.404516220092773,12.754466228416655,12.323081555396573,12.477146910337163,28441600
2009-01-08,12.272455215454102,12.391306313940492,11.724420993977322,12.327478778872658,34683600
2009-01-09,12.241640090942383,12.393505637720102,12.056760915433754,12.329678113410417,16702400
2009-01-12,11.6561918258667,12.358293053676503,11.568154625488276,12.169011855453082,31520400
2009-01-13,11.695809364318848,11.739828386203026,11.337055469413354,11.609972733420854,23133200
2009-01-14,11.2182035446167,11.579157959478483,11.053132866630428,11.447100913333735,25246800
2009-01-15,10.868249893188477,11.191787738575977,10.454472635882365,11.088344053943894,47446400
2009-01-16,10.43466567993164,10.883658036160138,9.95045828632793,10.791218038304757,69204800
2009-01-20,9.336393356323242,10.214569376373792,9.25716016829107,10.135335348749075,59766000
2009-01-21,9.723759651184082,9.937251246166424,9.398020408695155,9.508067484114086,50503200
2009-01-22,9.723759651184082,10.053900877440872,9.514670039969603,9.635721655011915,31927600
2009-01-23,9.754575729370117,9.78318821295678,9.195536211008514,9.39582191692952,22617200
2009-01-26,9.373811721801758,9.95706166960827,9.358405195445455,9.750172590664683,24009200
2009-01-27,9.71716022491455,9.72596335569293,9.3848174799406,9.571898072160979,26436000
2009-01-28,10.392853736877441,10.450077888882408,9.959267671249366,10.104529884362314,32089600
2009-01-29,10.183760643005371,10.588734080473845,9.959264416187672,10.111129140391013,26097600
2009-01-30,10.861649513244629,10.861649513244629,10.313615370970542,10.355432970871643,30315200
2009-02-02,10.9981107711792,11.002512757262563,10.463281636149084,10.621748937185158,28544000
2009-02-03,10.650357246398926,11.213798650009558,10.606338242436856,11.050928587227698,28953600
2009-02-04,10.813225746154785,11.05753038521759,10.687772148732137,10.753800225334707,33166400
2009-02-05,11.827862739562988,12.127190147877714,11.334851359551958,11.497721437828465,96728400
2009-02-06,12.195419311523438,12.325274920158819,11.814656454919657,11.87408198832155,45907600
2009-02-09,12.175610542297363,12.402307289675216,12.017142456584772,12.219629548283384,31874400
2009-02-10,11.852075576782227,12.325278572083329,11.799253424502506,12.133796800781639,38071600
2009-02-11,12.120010375976562,12.179552013606221,11.798045231371526,11.930359420837593,23668000
2009-02-12,12.437568664550781,12.481672843791298,11.709837929816102,11.970056625254974,34827600
2009-02-13,12.33833122253418,12.779379696324618,12.186168960687228,12.55444487374351,40788000
2009-02-17,11.963438987731934,12.17293716590198,11.835534535776254,12.06046934211569,35581600
2009-02-18,12.382433891296387,12.545621324579068,11.963437584115262,12.034005259248266,36329200
2009-02-19,12.2677640914917,12.768354232939387,12.236890831520753,12.55885603012238,35102400
2009-02-20,12.274381637573242,12.369207147175645,12.01857350128693,12.051652480444377,42908000
2009-02-23,11.963438987731934,12.534596753698784,11.906103060421792,12.358177545167798,31967200
2009-02-24,12.426542282104492,12.56547280779564,11.822306253195903,11.983288869400988,43590800
2009-02-25,12.22144889831543,12.470641441897122,12.159702400916862,12.373611111523237,34394800
2009-02-26,12.362587928771973,12.494902122702497,12.08252207176034,12.404487227228909,35902400
2009-02-27,12.505926132202148,12.768350446602138,12.128829983695885,12.128829983695885,47237200
2009-03-02,11.94359016418457,12.563263444427154,11.879637946827568,12.333918083636338,39060000
2009-03-03,11.987692832946777,12.267758602160061,11.734089725977142,12.069286532250533,42195600
2009-03-04,12.19278621673584,12.320689846731817,11.886257637992099,12.128833981121216,35775200
2009-03-05,11.780402183532715,12.23688804462103,11.617214749070618,12.029594761340732,44144800
2009-03-06,11.068108558654785,11.941384971881783,10.851994957983525,11.855379832969021,60701600
2009-03-09,10.982110023498535,11.264381700867277,10.748354802786537,10.95344162881809,33554400
2009-03-10,11.659111976623535,11.659111976623535,11.15631716649624,11.244527166028318,38644400
2009-03-11,11.328328132629395,11.833328762072929,11.140882895578759,11.833328762072929,36124400
2009-03-12,11.9281587600708,11.9281587600708,11.085756048021535,11.312895795247888,43276000
2009-03-13,11.478286743164062,12.20601658082818,11.40110359418197,11.965645120984084,49564400
2009-03-16,11.504751205444336,11.848769382745099,11.436389217499334,11.68337617387166,33474400
2009-03-17,12.19278621673584,12.212633433263369,11.319510371991097,11.467261218514604,25730400
2009-03-18,12.417716979980469,12.459616271678518,11.789222557111756,12.007541867235897,45296400
2009-03-19,11.619415283203125,12.503717452908907,11.562079383609863,12.433149803609785,41743600
2009-03-20,11.584135055541992,11.987694713936303,11.577519599251264,11.73188669548788,33476000
2009-03-23,12.247918128967285,12.256739301642593,11.665734192130188,11.879642161489782,44656800
2009-03-24,11.820098876953125,12.082523259820015,11.747326315505639,11.970055426810429,43555600
2009-03-25,11.632652282714844,12.073700710495501,11.308481419101463,11.897281507629861,58624800
2009-03-26,12.239091873168945,12.303044086654392,11.581929923989993,11.771580851576914,59466400
2009-03-27,11.963438987731934,12.417719185778221,11.954617816997098,11.970054445166488,32687200
2009-03-30,11.798047065734863,12.095754458937684,11.689989815924763,11.75394204864435,38596400
2009-03-31,12.261147499084473,12.400078006867437,11.873025203928226,11.99651908209455,47446400
2009-04-01,11.972262382507324,12.349358668525227,11.826716403277608,12.073703341102789,44144400
2009-04-02,12.258942604064941,12.594139551694557,12.155295941488493,12.230274217158712,47396800
2009-04-03,13.249093055725098,13.266734552574139,12.188371453683505,12.188371453683505,57694800
2009-04-06,13.039596557617188,13.240273551755545,12.735272917295005,12.944771081583704,44927600
2009-04-07,12.602960586547852,12.958003904454175,12.585318243648222,12.874205299380568,27122400
2009-04-08,12.750710487365723,12.761736530252493,12.439771367053154,12.746299901964385,23815600
2009-04-09,12.964621543884277,13.127809026409405,12.708813434027803,12.977852461193544,45785600
2009-04-13,13.476232528686523,13.540184741616407,12.79040220679392,12.825686041301275,38124400
2009-04-14,12.863180160522461,13.434337171727,12.81907514140411,13.255713064085919,35712000
2009-04-15,13.035184860229492,13.072673568319857,12.625009736803317,12.797018333891836,29687600
2009-04-16,12.805839538574219,13.092520814922668,12.680140818627338,12.812454995024154,36114000
2009-04-17,12.7904052734375,13.039597887585968,12.627216973944149,12.83009970192958,37814400
2009-04-20,12.12883186340332,12.719836828773259,12.120010692879442,12.569880294799804,42577200
2009-04-21,12.929337501525879,12.944774132310426,11.963441014488238,12.0935503605532,37746000
2009-04-22,12.682344436645508,13.21821822817462,12.616187354987098,12.746296646782909,34680000
2009-04-23,12.841124534606934,13.004312818716706,12.591931943949577,12.845535119716182,35890800
2009-04-24,13.315252304077148,13.396846027878626,12.79922560861324,13.079291461913574,39686000
2009-04-27,12.982264518737793,13.169710667118743,12.929339161035763,12.962417299291184,29496800
2009-04-28,13.388022422790527,13.681319978465615,12.81245419314414,12.823481074847928,42287600
2009-04-29,14.00549602508545,14.056217347498043,13.56444748484838,13.648246943038757,59240400
2009-04-30,14.32525634765625,14.995650328964793,14.095910905434907,14.144426513929163,101753600
2009-05-01,14.336277961730957,14.620754366717579,13.813635029434694,14.14662702507321,60616800
2009-05-04,15.039743423461914,15.119132236574123,14.27232047333112,14.572233393429372,78935200
2009-05-05,14.861128807067871,15.105910854786547,14.76850902751661,14.9559543001703,56786000
2009-05-06,14.596501350402832,15.044165330315105,14.499470137330249,15.011086354725215,41830400
2009-05-07,14.45095157623291,14.775122442295789,14.411257150134062,14.69352787685198,34731200
2009-05-08,15.090472221374512,15.099293391941558,14.44433619891815,14.547982849998117,37834800
2009-05-11,14.539156913757324,14.984614945349355,14.539156913757324,14.731013525154351,25980000
2009-05-12,14.382589340209961,14.830253220266536,14.270121521277996,14.739837485986705,36373600
2009-05-13,14.240123748779297,14.461003591793887,14.028078459117094,14.206991435291215,47555600
2009-05-14,14.251165390014648,14.379276091361994,14.028077140282793,14.131890926368426,32861600
2009-05-15,14.372648239135742,14.46762661869618,14.14072377957355,14.235702159133988,24682000
2009-05-18,14.668628692626953,14.699551730583643,14.193736773750384,14.427868828330803,59304400
2009-05-19,14.31301212310791,14.646539417310452,14.200362950038471,14.58469334117168,45784400
2009-05-20,14.348357200622559,14.79011697287761,14.271049577513882,14.414621840532734,33858000
2009-05-21,14.639915466308594,14.64875086209436,14.240123496784381,14.24895889257015,55723600
2009-05-22,14.522845268249512,14.909384876149689,14.407988526237913,14.779066617229242,21735200
2009-05-26,14.748144149780273,14.774650333604459,14.41903370523123,14.531682880010003,20556800
2009-05-27,14.560399055480957,15.050752583620467,14.412409962986093,14.650960601299285,27156800
2009-05-28,14.688511848449707,14.796742516535328,14.522851940384486,14.642127276413014,20184000
2009-05-29,14.955768585205078,14.997736279529674,14.533889113189346,14.71721803616873,32198400
2009-06-01,14.723855972290039,15.229669495695173,14.538315967024646,15.130274207818012,43628000
2009-06-02,14.756980895996094,14.79894860293345,14.467628858091658,14.666421042032606,31043600
2009-06-03,15.070631980895996,15.187698024573622,14.549355432113826,14.730476830576823,35362800
2009-06-04,15.355554580688477,15.735467899139303,15.090499639302339,15.1192133909794,56221200
2009-06-05,15.302557945251465,15.647130021686971,15.196536545661969,15.46380100048435,74260800
2009-06-08,15.417415618896484,15.594118504004435,15.141315781059367,15.165612701603406,20636000
2009-06-09,15.158984184265137,15.543316353972383,15.123644282960555,15.477051721904349,21773200
2009-06-10,15.300341606140137,15.443913800054125,15.010989633842904,15.247330930835227,33797200
2009-06-11,14.737093925476074,15.373226857913188,14.723841682668546,15.318006932643975,43948800
2009-06-12,14.215825080871582,14.843122948909134,14.20478041600897,14.774650745262864,80963200
2009-06-15,14.231284141540527,14.551559145064678,13.930887509119172,14.131888073079125,25564400
2009-06-16,13.79615306854248,14.379275646421336,13.721053897598106,14.379275646421336,29788400
2009-06-17,13.55097770690918,13.937517422914132,13.429493964682708,13.796154461589532,32063600
2009-06-18,13.564229011535645,13.718845046063457,13.391943030467582,13.575272833447002,32168400
2009-06-19,13.55539321899414,13.716635373416894,13.442744890662205,13.628283958130366,25469200
2009-06-22,13.526680946350098,13.906593674990205,13.407405637811959,13.41624103309397,30168000
2009-06-23,13.842537879943848,13.886714012350039,13.544350460733938,13.54655973077855,19989600
2009-06-24,13.493548393249512,13.948561131033655,13.451581530297391,13.915428820615375,22798800
2009-06-25,13.683504104614258,13.756394002204747,13.3124259643638,13.449371207702312,20882800
2009-06-26,14.096551895141602,14.096551895141602,13.597363807163447,13.654792197161383,19751600
2009-06-29,13.911009788513184,14.112010374046783,13.804987584971352,14.112010374046783,22680800
2009-06-30,13.751973152160645,14.120842780529472,13.69896248290091,13.860204602665815,49253600
2009-07-01,13.42949104309082,13.820448371907936,13.425073346186785,13.75639303068371,26167600
2009-07-02,13.270458221435547,13.628283246221661,13.270458221435547,13.429491097679636,21514800
2009-07-06,13.400778770446777,13.495757163965747,13.230702044237129,13.268251210582468,23382400
2009-07-07,13.188737869262695,13.546563893375165,13.120265643453074,13.546563893375165,30361600
2009-07-08,13.140142440795898,13.323472275268944,12.811031098727042,13.190944704386977,64080400
2009-07-09,13.349973678588867,13.396359073030403,13.197566932822385,13.283709912716027,26616400
2009-07-10,13.221868515014648,13.325682318534032,13.122472409792879,13.224076942868557,16654800
2009-07-13,13.330095291137695,13.345556809380442,13.05399554738928,13.277084612188148,30640000
2009-07-14,13.31684398651123,13.365436971894031,13.173271772550718,13.363228544526926,13291200
2009-07-15,13.83812141418457,13.860209059713984,13.400778617913094,13.473669364821562,36492400
2009-07-16,14.226873397827148,14.295345619050499,13.738728239192147,13.793948207321865,50086000
2009-07-17,14.158398628234863,14.357190838418108,14.136310979365522,14.191530944128669,18075600
2009-07-20,14.825455665588379,14.860795564167342,14.202574575871525,14.215826827191202,32220400
2009-07-21,14.832076072692871,14.843119049475126,14.531679467282979,14.825449949587755,17742800
2009-07-22,14.765810012817383,14.922634423137392,14.648744022379818,14.715008617243438,25328400
2009-07-23,14.84091567993164,14.98448621512558,14.71501424964296,14.843123264807739,19396000
2009-07-24,14.863001823425293,14.942518685593365,14.633286631070762,14.637703485556044,13194800
2009-07-27,15.061793327331543,15.088297823455003,14.823242751146083,14.854165786742822,14245200
2009-07-28,14.644332885742188,15.08609253013647,14.606782035232401,14.955772558746917,22644800
2009-07-29,14.750351905822754,14.774648817206405,14.516219870866532,14.710593476756694,22032400
2009-07-30,14.845335006713867,15.390908523866337,14.761401267605631,14.951358079695469,57776000
2009-07-31,14.458794593811035,14.836498930257624,14.434497675807497,14.785697509108044,33046800
2009-08-03,15.265007019042969,15.265007019042969,14.555982881829214,14.620038242442114,30334400
2009-08-04,15.26279354095459,15.265002810761032,14.99773846027097,15.09271683979877,18686400
2009-08-05,15.10375690460205,15.282670650466963,14.988900174512148,15.282670650466963,19874400
2009-08-06,15.163396835327148,15.393112002708461,15.008779982285276,15.134681386167646,20892800
2009-08-07,15.278257369995117,15.38428042941144,15.181071391141128,15.29371889062048,15380400
2009-08-10,15.21419906616211,15.348935870552857,15.152352995657312,15.249540640838582,10038800
2009-08-11,15.15456485748291,15.295927810010175,15.136894067122173,15.139103337212095,14537600
2009-08-12,15.142399787902832,15.275132186729458,15.016305359227585,15.10700571924161,14430400
2009-08-13,15.193273544311523,15.237516531049572,15.029572468066632,15.153454181142576,14968400
2009-08-14,14.99860668182373,15.193278246587903,14.932240493414753,15.10921587066384,12207600
2009-08-17,14.695533752441406,14.817204509236857,14.60925873862715,14.786232390247353,19771200
2009-08-18,14.823844909667969,14.896845696275243,14.72208465195377,14.744206153585136,17076800
2009-08-19,14.865870475769043,14.874719411128366,14.633592251693747,14.673411616929776,15451600
2009-08-20,15.000818252563477,15.040637629654807,14.766327302893613,14.841540744198154,12149200
2009-08-21,15.26406478881836,15.275126380436765,15.009663371452337,15.118059880712638,27450800
2009-08-24,15.031789779663086,15.37467897875469,14.989759430852883,15.319374378111688,19978400
2009-08-25,15.259642601013184,15.264066225419729,15.020726376769801,15.076030964543062,17574400
2009-08-26,15.529526710510254,15.580407671055605,15.14239461756401,15.175577705940372,18964400
2009-08-27,15.42113208770752,15.540590207850933,15.326008122839369,15.41449580677103,20604000
2009-08-28,15.595897674560547,15.595897674560549,15.326010948306294,15.496350066636438,14021600
2009-08-31,15.72862434387207,15.777292650902938,15.396796818947504,15.41891831639006,21521200
2009-09-01,15.525106430053711,15.927723825920655,15.516257492063383,15.657837124383914,22288400
2009-09-02,15.507406234741211,15.675532655887253,15.359190343036115,15.434403773061232,13335200
2009-09-03,15.686594009399414,15.717564443379976,15.441041505866338,15.575984834393958,17066400
2009-09-04,15.564922332763672,15.695440341521783,15.496345188349204,15.629075853051582,9894400
2009-09-08,15.695443153381348,15.761809341503112,15.520682121001096,15.640138559200635,12220400
2009-09-09,15.591469764709473,15.772868740872617,15.525103585821624,15.764019804503436,16388000
2009-09-10,15.996294975280762,16.036114337394544,15.545009433911801,15.56934358230143,17001600
2009-09-11,15.991874694824219,16.038330345707923,15.872416583510946,16.038330345707923,15394000
2009-09-14,16.12018394470215,16.148941726483653,15.817114156761384,15.819326813132976,13099200
2009-09-15,16.19318962097168,16.24849423263861,16.011790562214667,16.14894660674326,15351200
2009-09-16,16.39006996154785,16.502891814787457,16.073729279147663,16.204247321164882,16601600
2009-09-17,16.330337524414062,16.560404796785672,16.215304732109242,16.359095300549775,14236400
2009-09-18,16.323705673217773,16.429889558344964,16.18433869107743,16.352463457155885,15210000
2009-09-21,16.235214233398438,16.436523737832182,16.15115186974329,16.16442443038304,12940400
2009-09-22,16.460857391357422,16.53164719222477,16.219728524559216,16.281669389347897,15248400
2009-09-23,16.352462768554688,16.589166375229407,16.317068704256872,16.460860993417185,14976400
2009-09-24,16.266185760498047,16.35024981756784,15.98302652939636,16.235215325081434,16050400
2009-09-25,15.631291389465332,16.20424617798774,15.314949041620064,16.186548302696274,48175200
2009-09-28,15.737472534179688,15.89453735266501,15.598105587914059,15.72862359806984,18369600
2009-09-29,15.390167236328125,15.958698575614585,15.31052846066628,15.74854172680643,41892400
2009-09-30,15.288398742675781,15.485282919054233,15.177789578968252,15.429978337200469,30467200
2009-10-01,15.290613174438477,15.520680464202536,15.213185400640906,15.213185400640906,28217200
2009-10-02,14.996390342712402,15.286185806222603,14.719867438519657,15.140182590445004,35416400
2009-10-05,15.07824993133545,15.264072613900273,14.972064335753561,15.014096380136799,19902400
2009-10-06,15.100361824035645,15.19769672960473,14.910113948577298,15.195485761764818,36431200
2009-10-07,15.675539016723633,15.78172292428911,15.244163727683668,15.297255681466407,49056800
2009-10-08,15.867997169494629,15.934361679325113,15.63350450902521,15.728628492101834,24105200
2009-10-09,16.13566780090332,16.213093889746375,15.781717072885659,15.828174413953645,20736800
2009-10-12,16.303796768188477,16.57810882231491,16.22637065926674,16.4431654520102,19282400
2009-10-13,16.518383026123047,16.586961900648927,16.19982957167376,16.31264977807144,23606000
2009-10-14,16.547134399414062,16.646681988693402,16.323703377889416,16.55377068033106,27132800
2009-10-15,16.609073638916016,16.777198364826567,16.37458104707316,16.412189448176065,22272400
2009-10-16,16.434309005737305,16.60907167905258,16.37015549114599,16.531645605498174,14942000
2009-10-19,16.580320358276367,16.59138195468455,16.190977143595546,16.42989176104339,14582800
2009-10-20,16.602436065673828,16.790471305496315,16.471916375506854,16.690922045993666,16502800
2009-10-21,16.633405685424805,17.03159764073705,16.551554301081303,16.551554301081303,16275600
2009-10-22,16.744009017944336,16.786039335596254,16.427666869269387,16.72409849883661,21757600
2009-10-23,16.396705627441406,16.832504383616204,16.28830741468485,16.79711032327121,25499200
2009-10-26,16.100276947021484,16.77499382866741,16.029487117452295,16.58474584524471,34836400
2009-10-27,16.348039627075195,16.46970873091623,16.04054619494549,16.283886090389966,40189600
2009-10-28,16.93869400024414,17.25946002748003,16.53828920844053,16.57810859072439,77930400
2009-10-29,17.095754623413086,17.29927510993892,16.77498867590524,17.036026408714342,41498400
2009-10-30,16.759498596191406,17.144417959086667,16.62676795599597,17.02495987658228,27308800
2009-11-02,17.097959518432617,17.292630979644226,16.774981061354516,16.832496593768006,25322800
2009-11-03,17.177614212036133,17.18203783873775,16.768360387736895,16.98294088190589,26090800
2009-11-04,17.3236141204834,17.586864583260265,17.281583767900102,17.321403151448177,24364000
2009-11-05,17.606767654418945,17.642163400520705,17.314759500127707,17.37006408759015,16350400
2009-11-06,17.624460220336914,17.675341168096246,17.39881831405144,17.476244375631673,15763600
2009-11-09,17.954084396362305,18.06026827281958,17.631104078752177,17.666499829412796,26318800
2009-11-10,17.940807342529297,18.027082361580245,17.821349234359825,17.89656434887928,19660000
2009-11-11,17.878875732421875,18.13327729702125,17.78153907068506,18.055851174168286,14662800
2009-11-12,17.707157135009766,17.966383134757578,17.576436938519958,17.875543991334858,12969200
2009-11-13,17.72488021850586,17.766977349945225,17.447928965091705,17.70937101592972,13697600
2009-11-16,17.625185012817383,17.81129551309956,17.552069448973555,17.74704259551349,23030400
2009-11-17,17.846742630004883,17.875544956962802,17.567575243454787,17.627395981098648,15734000
2009-11-18,17.81128692626953,17.917636939714335,17.649548358576205,17.766975406720267,11470800
2009-11-19,17.764768600463867,18.068307908051757,17.332725142927274,17.718240973527386,36533600
2009-11-20,17.72488021850586,17.82236760062806,17.6429020389598,17.662843408201297,12538400
2009-11-23,17.822362899780273,17.902124974955512,17.704935869765574,17.89769280945919,17463600
2009-11-24,17.862258911132812,17.86668938996731,17.636265611896274,17.802436459414853,12153200
2009-11-25,18.12147331237793,18.145845156154895,17.806857116826784,17.902128408761417,11494800
2009-11-27,17.79799461364746,17.910989500722724,17.636254348261012,17.742604366517007,9295200
2009-11-30,17.946439743041992,18.030632308609732,17.769190279305928,17.79799428912933,15704800
2009-12-01,18.38292121887207,18.478192541251715,17.94644566495547,18.043933071216518,24410000
2009-12-02,18.216753005981445,18.478195158586974,18.185734588755107,18.40064911552113,12852800
2009-12-03,17.73153305053711,18.307591523340065,17.709377280501784,18.245554691090394,19122800
2009-12-04,17.78470802307129,18.07716859544905,17.439073262182205,17.966388049997214,21865600
2009-12-07,17.709379196166992,17.86668737792417,17.689437817714264,17.78249476653186,9660800
2009-12-08,17.722665786743164,17.815722701248255,17.625180085912604,17.64068928993404,10418800
2009-12-09,18.11261749267578,18.152498552935278,17.614105084620483,17.640693021585754,16743600
2009-12-10,18.238901138305664,18.336388517547313,18.03063326097169,18.141413759064015,14546800
2009-12-11,18.02178192138672,18.25663787409795,17.977470370508463,18.232266014001716,11518800
2009-12-14,18.78173065185547,19.034311819966685,18.498132760390597,18.8238277949368,70498800
2009-12-15,19.08526039123535,19.098553507519465,18.588964328909285,18.662079849223765,38040000
2009-12-16,19.282453536987305,19.382157001096463,19.023227572980797,19.107420144346868,33778800
2009-12-17,19.282453536987305,19.364431715426885,18.943465477843986,19.162810394282083,38240000
2009-12-18,19.712282180786133,19.871806369144892,19.362215399707328,19.364431482983495,337533600
2009-12-21,19.3887996673584,19.734434216630337,19.193824944896534,19.710062376322604,44560800
2009-12-22,19.120718002319336,19.49072452518866,19.02323060596994,19.422041145238794,28816800
2009-12-23,19.087488174438477,19.275814762200678,18.97670762982813,19.156171571176266,23111600
2009-12-24,19.118497848510742,19.231494425643742,19.009933437746355,19.184965130654245,6912400
2009-12-28,19.222644805908203,19.275819005721782,19.074197558763572,19.149529224678698,13439600
2009-12-29,19.501798629760742,19.559404963519604,19.19826113921199,19.19826113921199,18743200
2009-12-30,19.52839469909668,19.559413117041082,19.37994917173748,19.37994917173748,12350800
2009-12-31,19.377729415893555,19.537253643882888,19.31347650793248,19.49294210960882,12643600
2010-01-04,19.52839469909668,19.667977579846482,19.377733087490878,19.49737628115228,20180000
2010-01-05,19.304611206054688,19.393235952781833,19.05424786014872,19.342277864417827,25833600
2010-01-06,19.045387268066406,19.293536247558496,19.032094146257116,19.27802704198878,16254000
2010-01-07,19.222644805908203,19.275819005721782,18.954556031777354,19.04761130404545,27841200
2010-01-08,19.27581024169922,19.36221891100085,19.105208986774006,19.23592918737719,11907200
2010-01-11,19.22041893005371,19.484077090879243,19.091913129787784,19.388805782458153,12912000
2010-01-12,19.12957763671875,19.28688744829623,19.02101321033028,19.1827534985378,12842000
2010-01-13,19.306833267211914,19.320126391704946,19.043175028920317,19.156171658242,13428800
2010-01-14,19.373302459716797,19.393242146651165,19.165034491947253,19.269168475832025,18379600
2010-01-15,19.08526039123535,19.395446064080115,19.036516711025698,19.382152947796,21295200
2010-01-19,19.46413230895996,19.58820761074746,18.987775850325527,19.09190978434982,15239600
2010-01-20,19.36886978149414,19.439769261578665,19.122936840180998,19.42647613730561,12771200
2010-01-21,18.710834503173828,19.475221324015465,18.637720623749363,19.375517813274172,28140800
2010-01-22,18.329750061035156,18.697540598292797,18.088247589438808,18.617778469176297,29776400
2010-01-25,18.174650192260742,18.569028537229546,18.03728344176121,18.47818939806467,16147200
2010-01-26,17.979677200317383,18.287646884415874,17.944226625560734,18.023988728386747,12437600
2010-01-27,18.591184616088867,18.639926616945452,17.8600326283481,17.91985335553082,19335200
2010-01-28,18.312021255493164,18.717478385670855,18.037286024774456,18.690890450939367,13070800
2010-01-29,18.174650192260742,18.828256215203254,18.139201308071858,18.300939905990937,20281600
2010-02-01,18.535804748535156,18.77730556626593,18.21232401466986,18.232265395152332,16098000
2010-02-02,18.613346099853516,18.71526398995214,18.50034948002331,18.668736367757777,14441600
2010-02-03,18.504779815673828,18.71969432395328,18.1901635020826,18.664304056474116,32197600
2010-02-04,18.4006404876709,19.094125762459488,18.345250241399015,18.888073978713024,66486800
2010-02-05,18.292083740234375,18.580113844261902,17.844531065299527,18.46047064829864,38687200
2010-02-08,18.4006404876709,18.695315313151443,18.29207438790716,18.367406001832535,23966800
2010-02-09,18.449390411376953,18.63993307565025,18.323100663230875,18.542447349782137,17968000
2010-02-10,18.559221267700195,18.619133619115722,18.392800702751007,18.52593681612685,14572800
2010-02-11,18.892065048217773,18.90759756874226,18.472685301138853,18.59250832786394,18044800
2010-02-12,18.812179565429688,18.847683430327866,18.561439868026763,18.75004949477533,22114800
2010-02-16,19.05626678466797,19.06958158330955,18.90537871243332,18.91203695821302,16065600
2010-02-17,19.17609214782715,19.202720055431946,19.029642888295825,19.085116426117303,14976800
2010-02-18,19.295917510986328,19.404645184162494,19.08289930330888,19.08289930330888,15289200
2010-02-19,19.262624740600586,19.300348021204716,18.969724619713656,19.082891075691048,13672000
2010-02-22,19.28481674194336,19.47342638540956,19.262625977956365,19.315881780024025,11572800
2010-02-23,19.10952377319336,19.435706733988358,19.09620897372974,19.30922714305048,19129200
2010-02-24,19.000791549682617,19.21824851687108,18.805525347267544,19.1317099515914,16210000
2010-02-25,18.912038803100586,18.958636370597215,18.5814153067534,18.805528868166878,14140800
2010-02-26,18.923128128051758,19.02076207146836,18.865435189403982,18.989697033639004,12476400
2010-03-01,19.264841079711914,19.291468974783996,18.923124044414415,18.971941005587947,13495200
2010-03-02,19.182748794555664,19.300354117358843,19.13837064125041,19.264850240380216,12901200
2010-03-03,19.260406494140625,19.35138218507884,19.136144660266606,19.21602666314367,13658000
2010-03-04,19.31365966796875,19.40463535452414,19.111735255724742,19.304783702196964,14576800
2010-03-05,19.639842987060547,19.650936673893536,19.326971561609827,19.393540454276827,19503600
2010-03-08,20.110265731811523,20.176834652412218,19.546654400924353,19.626536428477998,31258400
2010-03-09,20.003753662109375,20.34103195274152,19.93940416928846,20.025942733757155,36690800
2010-03-10,20.307748794555664,20.37209829148243,19.87061880715842,19.912777538103864,28438800
2010-03-11,20.578468322753906,20.698291397914648,20.147994711530263,20.185716320492407,55125200
2010-03-12,20.69162940979004,20.77594857702288,20.55849325887365,20.673877471556384,28641200
2010-03-15,20.505245208740234,20.669446453726874,20.219001468407676,20.607316344430227,20734000
2010-03-16,20.336599349975586,20.616186455245813,20.270030427271905,20.565150055450587,19068000
2010-03-17,20.305530548095703,20.505235586347816,20.24561819016121,20.440886091082263,14785200
2010-03-18,19.99931526184082,20.374316844542882,19.98822157223734,20.303310797993383,18766000
2010-03-19,19.713077545166016,20.136896228808336,19.67979477350254,19.713077545166016,24224000
2010-03-22,19.801834106445312,19.915000600588275,19.566626841642897,19.61322441148575,16674400
2010-03-23,19.96603775024414,20.037043815464905,19.804054264596516,19.85952780595393,13516400
2010-03-24,19.693105697631836,19.957160276325393,19.65760182123828,19.88171538544809,15611600
2010-03-25,20.061450958251953,20.365444860953456,19.857307053184982,19.899467483511533,20353600
2010-03-26,20.02593421936035,20.2478282273311,19.892798153161287,20.13244408806976,13536000
2010-03-29,20.02372932434082,20.22787324631422,20.001540246037973,20.096954806366558,11134400
2010-03-30,20.192367553710938,20.37875782622147,20.045916602808653,20.07476392563862,16330800
2010-03-31,20.199024200439453,20.458639949598084,20.085857709940303,20.125798724650707,12504400
2010-04-01,20.536298751831055,20.542955303678887,20.261148860725296,20.34325028365618,17464400
2010-04-05,20.5185489654541,20.680530720427075,20.43644753393172,20.64724795770505,15363200
2010-04-06,20.50301742553711,20.709379028869265,20.372099011872415,20.420915990089153,13813600
2010-04-07,20.128015518188477,20.525206198035736,20.11026358220342,20.525206198035736,14750400
2010-04-08,20.301095962524414,20.43201439555314,20.081421220975006,20.116925098717736,10770000
2010-04-09,20.529644012451172,20.549615364322282,20.33659720423159,20.400946704610735,9567200
2010-04-12,20.678314208984375,20.744881431243922,20.52520671982709,20.647249166679686,9323200
2010-04-13,20.589555740356445,20.811449861891163,20.44976305323998,20.727130705158377,11436000
2010-04-14,20.915746688842773,20.95568771050252,20.605094486257883,20.671663419996896,17329200
2010-04-15,20.957901000976562,21.137636406891275,20.842516792206307,20.937931340829344,20639200
2010-04-16,20.824769973754883,21.059978972899724,20.591782083507443,20.875806383762438,18766400
2010-04-19,20.66277503967285,20.897982196565135,20.43200501900311,20.6805252774803,12586400
2010-04-20,20.869138717651367,20.87801299100595,20.525202219508827,20.780380747848376,9090400
2010-04-21,20.665002822875977,20.942370527057317,20.60509214365678,20.935713973023862,11365600
2010-04-22,21.111005783081055,21.124318888132233,20.5163294923076,20.596211508450136,14658400
2010-04-23,21.43275260925293,21.48378900262032,21.130978158312836,21.346214036388158,12498800
2010-04-26,21.301837921142578,21.565892495440494,21.19976681758726,21.53038861963796,18274800
2010-04-27,20.625057220458984,21.352871336476678,20.611744115351804,21.290739562501784,17868400
2010-04-28,20.771514892578125,20.87136659913814,20.480834050572426,20.79592338847827,20395200
2010-04-29,20.596216201782227,20.99118754220285,20.43645213309116,20.807014980077422,29408000
2010-04-30,20.021503448486328,20.71825071956199,19.974904202232683,20.69827937217936,25059600
2010-05-03,19.80847930908203,20.252267368989404,19.619869722204818,20.092505089473114,31020000
2010-05-04,19.608779907226562,20.181265330898583,19.55330638878768,19.824015736718785,30622800
2010-05-05,19.178314208984375,19.515592620582197,18.63911127926047,19.251539695310424,37174400
2010-05-06,18.39945411682129,19.207148318871774,16.84397805391899,19.049603747402738,63938000
2010-05-07,18.25967025756836,18.67683066041955,17.917953054979574,18.430528012403723,45519200
2010-05-10,19.08068084716797,19.34917261283547,19.067367737555497,19.138373810352537,35106800
2010-05-11,18.674617767333984,18.916481646756147,18.44828472217715,18.88985373176167,47244000
2010-05-12,19.040178298950195,19.455738354828224,18.83350962988443,18.897954881037936,37131600
2010-05-13,19.05128288269043,19.551287371289188,18.782390087948993,19.084615158914698,31835600
2010-05-14,17.169042587280273,17.753491637239442,16.87126127035931,17.482377835328695,169829200
2010-05-17,16.602367401123047,17.609042611699465,16.371254062765665,17.50459698138609,90552000
2010-05-18,15.575692176818848,16.89126062906139,15.175689664573643,16.684592070998775,189331200
2010-05-19,16.215694427490234,16.48902914766608,15.713467437857256,15.713467437857256,131631200
2010-05-20,16.1823673248291,16.760149946753682,15.802364119308285,16.000143535712052,101612800
2010-05-21,16.48903465270996,16.889038883385627,16.00236481672998,16.00236481672998,79601200
2010-05-24,16.56681251525879,16.93348103860412,16.38903250147522,16.764591890489182,41148000
2010-05-25,16.215694427490234,16.41125104417846,15.949024464258471,16.235693784628978,45448000
2010-05-26,16.31125259399414,16.709034017286797,16.302363424735372,16.475697986692193,44406000
2010-05-27,16.37570571899414,16.70904209794219,16.202371073210998,16.666818947402426,39094800
2010-05-28,16.102365493774414,16.333478867598206,16.000142564177835,16.304590331658773,26581200
2010-06-01,15.886805534362793,16.355698671524717,15.85791700244553,16.10902970570263,25082000
2010-06-02,15.833471298217773,15.971250886888969,15.560134837183112,15.88013816806549,37608800
2010-06-03,16.186809539794922,16.269033102250113,15.924586617478708,15.98458640409905,39125600
2010-06-04,16.029033660888672,16.311259392316718,15.789032772615315,15.789032772615315,42138400
2010-06-07,15.9757080078125,16.39571188373846,15.900152544410336,16.000152821369014,30615200
2010-06-08,16.300146102905273,16.331257357889037,15.797918893910419,16.024588546433545,30502800
2010-06-09,16.400146484375,16.773483204691317,16.262366871310093,16.471258159890674,35586800
2010-06-10,17.211259841918945,17.22014901142422,16.66681134934787,16.806811954325532,36380000
2010-06-11,16.90682029724121,17.08682138602613,16.744595858820897,17.002376786626023,30177200
2010-06-14,16.395706176757812,17.109045871627035,16.377927828461832,17.100156697479047,37456800
2010-06-15,17.095705032348633,17.102371486009822,16.4223660855951,16.549033791465213,31226400
2010-06-16,17.14903450012207,17.16681283617731,16.802365424222103,16.929033101603665,28142000
2010-06-17,17.386829376220703,17.584608874626383,17.169050503912768,17.29127285600157,29133200
2010-06-18,17.12015151977539,17.61126676815425,16.946816925692968,17.446821344978105,29732800
2010-06-21,17.977941513061523,18.620169436669944,16.76015192116865,17.324601699180903,115862800
2010-06-22,17.50237274169922,18.00015431215285,17.473482520070103,18.00015431215285,46870800
2010-06-23,17.28014373779297,17.546811937135473,17.069029859164676,17.546811937135473,27933600
2010-06-24,16.995704650878906,17.324595461100557,16.83570298301505,17.140148999788845,26277600
2010-06-25,17.035709381103516,17.20237754475432,16.81126244599829,17.117931256758723,24130400
2010-06-28,16.7157039642334,17.175707973050294,16.700148338638083,17.109040037392642,20523600
2010-06-29,15.877920150756836,16.54903825770112,15.800142011325883,16.50681511253734,39851600
2010-06-30,15.722363471984863,16.02236582812277,15.713474299785103,15.92458832479788,24716400
2010-07-01,16.191251754760742,16.22458571645108,15.580135340368809,15.77791469884625,30360000
2010-07-02,16.26237678527832,16.397933764281028,16.1290425243319,16.27570970274183,18801200
2010-07-06,16.060142517089844,16.51570281459898,15.953475848348395,16.40681342908988,23726000
2010-07-07,16.62681770324707,16.649039788339238,16.033479384560493,16.15125796144175,20873600
2010-07-08,16.684593200683594,16.844594894589502,16.453479831201296,16.777926956983347,16231600
2010-07-09,17.195711135864258,17.244600740090515,16.804597692927015,16.942375637088567,22479600
2010-07-12,17.002368927001953,17.193481817426512,16.862366637833038,16.886811428150292,15832800
2010-07-13,17.020145416259766,17.289038107334118,16.771255474080704,17.289038107334118,19931600
2010-07-14,16.951257705688477,17.111259363211595,16.811257103073594,17.01570291193727,12814800
2010-07-15,16.72903823852539,17.031263299416946,16.50237029057481,16.975707246980058,16489200
2010-07-16,15.877920150756836,16.389036544908144,15.837919722558592,16.355702572170227,39060000
2010-07-19,15.826801300048828,16.055691860843787,15.749023201055696,16.046802693039517,20019200
2010-07-20,16.3557071685791,16.369041778683435,15.66681221862072,15.713479115393987,19106400
2010-07-21,16.08014488220215,16.44681518856187,15.984588398671265,16.442369754665773,15907600
2010-07-22,16.546810150146484,16.56681120544784,16.22680682881062,16.255697053641942,19493200
2010-07-23,16.797929763793945,16.88237606146076,16.455705920554966,16.54903969598378,12660800
2010-07-26,16.90682029724121,17.000154069541807,16.744595858820897,16.820152980756887,15792800
2010-07-27,17.02460289001465,17.171270038904307,16.86015739112722,17.111270226957803,17352400
2010-07-28,16.70682144165039,17.075712864899103,16.68904309234193,16.922379264564558,25205200
2010-07-29,15.995697021484375,16.640145779041283,15.855694704763813,16.613479962855212,58866800
2010-07-30,16.300146102905273,16.362368612872803,15.860143099314186,15.909031003262788,30784800
2010-08-02,16.051250457763672,16.086805438713398,15.771247565253615,15.773470281386613,53846800
2010-08-03,16.222366333007812,16.33792216911408,15.873474412567415,15.917918573661503,34164800
2010-08-04,16.100141525268555,16.311255518282675,16.08458590013581,16.269032380592655,20499200
2010-08-05,15.889032363891602,16.08903450895792,15.849031934878337,16.029033017719865,30787600
2010-08-06,16.03125762939453,16.044590542162606,15.746810854098838,15.811256091538723,19362800
2010-08-09,16.609031677246094,16.637921900400304,16.18013902107841,16.249029657077532,28612400
2010-08-10,16.726816177368164,16.829040809842894,16.457925076485907,16.457925076485907,31068400
2010-08-11,16.36287498474121,16.549853010385565,16.24935164159636,16.471945499700418,23113600
2010-08-12,16.244897842407227,16.51423616266639,16.144729603765597,16.20037805914781,24677200
2010-08-13,16.075733184814453,16.27606805259908,16.06015167833436,16.236001079042154,14566800
2010-08-16,16.21150779724121,16.302770377415424,15.982236441729585,16.04456243760583,10700800
2010-08-17,16.329483032226562,16.420745616793017,16.12469712213277,16.34951566118404,13334000
2010-08-18,16.222637176513672,16.333934087791704,16.142503264533,16.26715695997854,12232000
2010-08-19,15.944398880004883,16.189253504567304,15.915462287218649,16.12024824752857,18442400
2010-08-20,15.603833198547363,15.935497658440822,15.48808510926305,15.868720502481075,31538400
2010-08-23,15.608275413513184,15.870936124149152,15.49252570468749,15.703990800395502,18389600
2010-08-24,15.72849178314209,15.797495374996565,15.358984953163336,15.472508360937901,26747600
2010-08-25,15.772997856140137,16.05791766742733,15.641666622285427,15.650570578670157,22398800
2010-08-26,15.561531066894531,15.89319530422918,15.554851827349442,15.850901945055295,14099200
2010-08-27,15.828649520874023,15.833100650841335,15.492532316753458,15.668381669948817,15654000
2010-08-30,15.479183197021484,15.89320807213153,15.479183197021484,15.797492607493036,14000000
2010-08-31,15.35452938079834,15.603833484832972,15.138613006227748,15.479181432815656,23217200
2010-09-01,15.69954776763916,15.746292283659294,15.374560871791996,15.54373271423871,17290400
2010-09-02,16.02230453491211,16.082404121420357,15.72848074899772,15.799710706241932,16776800
2010-09-03,16.1380615234375,16.28052151688728,16.044572471159288,16.24935849946121,14072000
2010-09-07,15.915465354919434,16.244905105303225,15.879849512388496,15.997825717079593,14419200
2010-09-08,15.25881576538086,15.730713846731003,15.203167278560734,15.659483851531526,45012000
2010-09-09,14.864815711975098,15.352296743651483,14.706774296292577,15.31000337246315,53064000
2010-09-10,15.156414985656738,15.243228152727578,14.842558528771256,14.878172662980505,31392000
2010-09-13,14.575450897216797,15.136386838712534,14.446346013657895,15.136386838712534,60549200
2010-09-14,14.940506935119629,15.125258627887462,14.591034492199451,14.608840718000504,39616000
2010-09-15,15.343395233154297,15.470273668693903,15.047344984143074,15.074056859403777,43076400
2010-09-16,15.220962524414062,15.405715774971512,15.149732580594492,15.316677920633094,29800400
2010-09-17,15.245453834533691,15.358977184890344,15.178676691814138,15.307779847041196,41961600
2010-09-20,15.6505708694458,15.652797283147356,15.15196119042943,15.247676600523542,29386800
2010-09-21,15.56821346282959,15.828647843862392,15.474722760857441,15.681735096660587,25300000
2010-09-22,15.719581604003906,15.775230078206086,15.570442402467007,15.599380695936402,25826400
2010-09-23,15.799707412719727,15.906551477185834,15.559305720287307,15.592695127278885,26984000
2010-09-24,16.109121322631836,16.109121322631836,15.884301005771722,15.97111249181793,21028800
2010-09-27,16.249357223510742,16.35842777593743,16.004504235136626,16.198159871326897,20098400
2010-09-28,16.3094539642334,16.382910357276764,16.149187786125122,16.23377285498143,29212800
2010-09-29,16.563201904296875,16.583234526817613,16.222632037144344,16.251570311792815,27882000
2010-09-30,16.529821395874023,16.68786284106597,16.429653134607147,16.636665503317595,23144000
2010-10-01,16.320587158203125,16.643347682908715,16.287197728481907,16.63667013661586,18121600
2010-10-04,16.30277442932129,16.55208017304496,16.155863359421875,16.307227257708313,23152000
2010-10-05,16.692312240600586,16.692312240600586,16.396263712467135,16.49865667909126,20658000
2010-10-06,16.523151397705078,16.80584499677526,16.427435921183882,16.707903105007365,15120800
2010-10-07,16.3851318359375,16.647792621244335,16.369550335887777,16.53426929330714,9975200
2010-10-08,16.47194480895996,16.483075180700965,16.287191506899575,16.40294125928336,9381600
2010-10-11,16.536495208740234,16.647792119528695,16.43410225460558,16.438553383804443,10399200
2010-10-12,16.527599334716797,16.58992536351718,16.374008979275196,16.49866273513288,13899200
2010-10-13,17.126361846923828,17.13971692706164,16.538714545285,16.62997708998566,29848000
2010-10-14,17.177560806274414,17.3022144721646,16.981678900240823,17.064039206431154,21303200
2010-10-15,17.273284912109375,17.34006375604509,17.05514385866493,17.30890074841017,14348000
2010-10-18,17.44245719909668,17.44468361348847,17.084080903565273,17.253252733952813,20168800
2010-10-19,17.26215934753418,17.70957190845327,17.19315407683104,17.27551443942524,28970400
2010-10-20,17.700664520263672,17.79192882586535,17.197603576200745,17.308900515759955,19824000
2010-10-21,17.629430770874023,18.003388475626195,17.49142368226416,17.68507922873443,19506400
2010-10-22,17.64946937561035,17.778574236712615,17.520364514508085,17.618306367517608,14815600
2010-10-25,17.947736740112305,17.965544650956996,17.729595776160327,17.809729676705583,16515600
2010-10-26,17.814184188842773,17.880963018066137,17.669497857696268,17.847573603454453,15630400
2010-10-27,17.789705276489258,17.941069206596307,17.620535123860105,17.872065636399068,20665600
2010-10-28,17.017301559448242,17.696213577249097,16.76577108475404,17.660597741049983,44460800
2010-10-29,17.397937774658203,17.458037372602735,16.992815299062283,17.006172086138317,22865200
2010-11-01,17.210962295532227,17.535949223798504,17.07295344999851,17.491431117887956,13677200
2010-11-02,17.4558048248291,17.5114532730324,17.24656781439869,17.397931661441895,15381600
2010-11-03,17.584915161132812,17.63388608266965,17.36232129833366,17.489199732198923,14124400
2010-11-04,17.805286407470703,17.82977187346161,17.59827400298369,17.742960384314486,20202000
2010-11-05,17.762983322143555,17.912120738756474,17.618297033647224,17.867600966312242,23766400
2010-11-08,17.520366668701172,17.76967246235275,17.495881202438216,17.673957011940313,12224800
2010-11-09,17.433549880981445,17.696210686139935,17.371223876072015,17.582687349622756,10806400
2010-11-10,17.64946937561035,17.65392050608507,17.364549474044367,17.47362000236897,11910800
2010-11-11,17.63388442993164,17.693984020021755,17.371223628516304,17.56488088237332,9205200
2010-11-12,17.126361846923828,17.54261102826904,17.11968430685492,17.489189009462425,13316000
2010-11-15,16.997270584106445,17.33116143890436,16.988366624187694,17.255478628723345,13310000
2010-11-16,16.692312240600586,16.98391133724854,16.529819682052672,16.81919066644529,20359200
2010-11-17,16.890823364257812,17.029107103157944,16.696777912421837,16.70569971842515,14880000
2010-11-18,17.160701751708984,17.196387274346797,16.988959962679193,17.011263627035387,17200800
2010-11-19,17.185232162475586,17.29898133385038,17.120550360226726,17.129472164156926,10312000
2010-11-22,16.830595016479492,17.16961670536754,16.790447755996954,17.10047316129994,19955600
2010-11-23,16.649934768676758,16.76145475814993,16.61870930775707,16.72799842097598,14625600
2010-11-24,16.910886764526367,16.951034018425865,16.76145042565696,16.841744933455953,17354800
2010-11-26,16.835065841674805,16.90420772134597,16.779305822156573,16.79491855955525,4349600
2010-11-29,16.54734230041504,16.779304162871743,16.264080476343825,16.779304162871743,21576400
2010-11-30,16.47150421142578,16.567411482704863,16.337680547275024,16.402362353640935,18542000
2010-12-01,16.777063369750977,16.83505422650476,16.605321675196198,16.714612463243633,22343200
2010-12-02,17.174072265625,17.189684990527375,16.841743291754806,16.855125141197018,26758800
2010-12-03,17.25213623046875,17.294514356750923,17.000101751598724,17.11385257907963,20678400
2010-12-06,17.466262817382812,17.47518462207338,17.207537287997383,17.240993630171946,18351200
2010-12-07,17.147319793701172,17.79190545327857,17.131707057027214,17.617934472722826,25374800
2010-12-08,17.383743286132812,17.430581495786964,17.17408507959081,17.17408507959081,14308800
2010-12-09,17.646926879882812,17.662539613114554,17.240994114197218,17.430577789628458,14858400
2010-12-10,17.887807846069336,17.89672965053127,17.62685144678352,17.62685144678352,23734800
2010-12-13,18.041704177856445,18.23351870031674,17.731678736087837,17.910111404033238,40988400
2010-12-14,17.985952377319336,18.108625105136422,17.87666321177554,18.014946975866643,24787600
2010-12-15,17.160701751708984,17.92795835585734,17.11832359826985,17.88558190407872,45802000
2010-12-16,14.986063003540039,17.731685749236267,14.852237598821011,17.21423284952624,202230800
2010-12-17,14.921378135681152,15.296085448832565,14.832161784614556,15.233634513584056,167890800
2010-12-20,15.164488792419434,15.21578874002977,14.943679673705631,15.0551996712706,64190800
2010-12-21,15.17786979675293,15.356300741853593,15.139951710695936,15.318384357456434,43468400
2010-12-22,15.289398193359375,15.33846558165642,15.180107328758506,15.22694554144712,23286800
2010-12-23,15.329538345336914,15.374145660007148,15.224709284035889,15.240322014336467,16600800
2010-12-27,15.793463706970215,15.873758252516128,15.311698135355089,15.318389063873855,31037600
2010-12-28,15.775620460510254,16.014273200186025,15.724320510115554,15.916135052471057,19129600
2010-12-29,15.746622085571289,15.875985681038012,15.6864020403216,15.815765635788322,12998000
2010-12-30,15.677482604980469,15.780080806021806,15.639566211442196,15.773389877945668,11019200
2010-12-31,15.69756031036377,15.717634802545739,15.601653007331816,15.675256642564408,11102000
2011-01-03,15.728775978088379,15.817992295316628,15.655174090410311,15.702012274081707,25710000
2011-01-04,15.746622085571289,15.824685737435695,15.670789309948717,15.820225686612009,18138000
2011-01-05,16.078947067260742,16.132477873426264,15.764461663921173,15.80014716637197,38512800
2011-01-06,16.319833755493164,16.40459003086516,16.17262826413424,16.22169732847384,28358800
2011-01-07,16.272998809814453,16.404593299643064,16.17040061014243,16.380058762584515,28248400
2011-01-10,16.01650619506836,16.335453549552103,16.00981526552111,16.215011712719715,18202400
2011-01-11,16.03211212158203,16.174857563494246,15.958510226164096,16.070030209011755,20593600
2011-01-12,16.194936752319336,16.1993968041992,16.056651320798093,16.05888219756822,18545200
2011-01-13,15.867064476013184,16.344369910164218,15.817995406802508,16.31091357191512,28109600
2011-01-14,15.862603187561035,15.958510442174596,15.777846910387241,15.896057821540252,25165600
2011-01-18,15.882682800292969,15.913908273212622,15.77785369763671,15.896064659641205,19341600
2011-01-19,15.416524887084961,15.844761264088964,15.267086798917232,15.826917656298773,42852800
2011-01-20,15.766695022583008,15.956278644711704,15.05742789495791,15.320615110910865,81365200
2011-01-21,15.646258354187012,15.8358420382566,15.592729223762035,15.726552900654664,24783600
2011-01-24,16.01204490661621,16.020966712544077,15.65295030090695,15.664102983731903,22922000
2011-01-25,15.965202331542969,16.14363329627643,15.681940601267819,15.873755122059803,30279600
2011-01-26,15.835833549499512,16.090098909795337,15.824680873378332,16.036569808064495,17839600
2011-01-27,15.746622085571289,15.884907484345371,15.726549304374721,15.849220271115936,19417200
2011-01-28,15.49235725402832,15.820226306362954,15.483435450371454,15.791231720723177,25048400
2011-01-31,15.579338073730469,15.693088909410198,15.467818113715705,15.590490750395762,24602800
2011-02-01,15.76892375946045,15.998656336992253,15.65963466059759,15.65963466059759,25448800
2011-02-02,16.078947067260742,16.078947067260742,15.780074390304563,15.851447096865707,27162400
2011-02-03,15.976346969604492,16.16593224053509,15.835832449201897,15.998652320297042,33462800
2011-02-04,16.259611129760742,16.28191478228126,15.969658542015177,16.0544148039166,28833600
2011-02-07,16.489349365234375,16.53618756699219,16.26407846011886,16.27746201894993,22240400
2011-02-08,16.632097244262695,16.634328121332782,16.464817198879206,16.498273548288026,15376000
2011-02-09,16.377307891845703,16.699133270404285,16.337079719525878,16.48905262550195,18674400
2011-02-10,16.703609466552734,16.79524100585535,16.292389488944053,16.292389488944053,24752400
2011-02-11,16.74607276916504,16.790769999049385,16.600804214405876,16.672320805274843,17280400
2011-02-14,16.927101135253906,17.195289667355,16.649974519997343,16.75948394209957,28970800
2011-02-15,16.898042678833008,16.965090216611888,16.781827174028244,16.920391289729395,15855200
2011-02-16,16.97626495361328,17.03213733762534,16.864520185589164,16.927096982868296,20147200
2011-02-17,17.016490936279297,17.146115259634747,16.862282630732654,16.929330164906748,23475600
2011-02-18,16.94721221923828,17.226574144103385,16.889104461441175,17.114829374157342,26009600
2011-02-22,16.48011016845703,16.784055931096855,16.339312440725408,16.614203486071297,31588800
2011-02-23,16.287921905517578,16.661150844186963,16.265573285888905,16.45777448385817,28714800
2011-02-24,16.518117904663086,16.591868180144022,16.232049771394568,16.238755891975025,19613200
2011-02-25,16.690187454223633,16.851100085339038,16.578442760958904,16.578442760958904,24869600
2011-02-28,16.32591438293457,16.822059814669707,16.32144363651641,16.73042997417945,24857200
2011-03-01,16.247690200805664,16.734897505936292,16.205228344204425,16.50917427979546,26993600
2011-03-02,16.531517028808594,16.587389398539546,16.20522259419056,16.22086678951165,21544000
2011-03-03,16.94721221923828,16.962856418827133,16.663379548725004,16.69466794790271,20388000
2011-03-04,16.692440032958984,16.971802054101875,16.542700693757645,16.95392247552702,19520000
2011-03-07,16.571754455566406,16.810888263324582,16.538230673992942,16.672324095196437,18637200
2011-03-08,16.576221466064453,16.74160498020249,16.38402029402631,16.63879827461824,33497600
2011-03-09,16.473413467407227,16.68572954931905,16.38178364444158,16.627621792627515,17861600
2011-03-10,15.95715045928955,16.386249885181247,15.91915765394373,16.386249885181247,28557600
2011-03-11,16.20522689819336,16.265568323289738,15.916925189199857,15.952682628678117,17335600
2011-03-14,16.059959411621094,16.25439593652273,16.00855606420228,16.068899198350017,13971600
2011-03-15,15.912458419799805,16.046553540348178,15.744841224204622,15.845412564615904,24180400
2011-03-16,15.858819961547852,16.080074162314514,15.796243153661534,15.961624960945391,24056800
2011-03-17,15.963851928710938,16.091240850574415,15.89680440979785,15.999609355065813,13790400
2011-03-18,15.961626052856445,16.122538829909143,15.849881258246546,16.118069788364455,25268400
2011-03-21,16.082307815551758,16.16276418996977,16.00855585482025,16.055488455715768,14807600
2011-03-22,16.00185203552246,16.082308412929027,15.91245587117183,16.046550970242784,15354400
2011-03-23,16.089014053344727,16.173941183242405,15.945980861516173,15.945980861516173,17580000
2011-03-24,16.238754272460938,16.281216134693263,15.988445320223555,16.140418308172993,20558800
2011-03-25,16.111360549926758,16.29462361450157,16.102422468567426,16.1985230415345,29466800
2011-03-28,16.258869171142578,16.33709019383446,16.08231217415781,16.17841277491938,23174800
2011-03-29,16.135950088500977,16.196293241524028,16.035380440249895,16.17170924660212,23558400
2011-03-30,16.589635848999023,16.837707767579936,16.464480497764516,16.52482365222003,59673200
2011-03-31,16.45330047607422,16.74383585373905,16.448829730443606,16.652206029389866,18555200
2011-04-01,16.587385177612305,16.643257533125638,16.372835537051785,16.53598186030089,17270000
2011-04-04,16.815343856811523,16.817579228486075,16.547157228891198,16.580680983653487,15529200
2011-04-05,16.90027618408203,16.96732200936308,16.717014866837253,16.801940260895726,18078800
2011-04-06,16.985210418701172,16.985210418701172,16.880170028823684,16.92039822696633,18132000
2011-04-07,17.07684898376465,17.108137405702404,16.92264054343491,17.00980139098882,22079200
2011-04-08,17.14612579345703,17.36961543788668,17.05672959466704,17.16847441688186,23977200
2011-04-11,17.367368698120117,17.3785438550644,17.14164382754412,17.163994141432685,19004400
2011-04-12,17.21539878845215,17.33831871602485,17.157291031318703,17.19081480293761,20512000
2011-04-13,17.320436477661133,17.429945856675452,17.253388944744028,17.289148083657043,18258400
2011-04-14,17.054489135742188,17.266805257699474,17.02096706314539,17.239985894531877,18609200
2011-04-15,17.090242385864258,17.20869154838295,16.99861087216364,17.090242385864258,20256000
2011-04-18,16.913686752319336,17.052250866999298,16.86228341305573,16.891338141587653,15332000
2011-04-19,16.96732521057129,16.98073574222927,16.79747439040876,16.871224641623346,14261200
2011-04-20,17.291383743286133,17.412068281487493,17.07683402151359,17.121531240807595,14838400
2011-04-21,17.380786895751953,17.427721216157742,17.219875802566797,17.28915703873362,10989600
2011-04-25,17.378551483154297,17.4031354751509,17.275746473482272,17.38078515145195,7126400
2011-04-26,17.60427474975586,17.655678107142972,17.298095094092314,17.387491273627553,15200000
2011-04-27,17.63109588623047,17.648975464951626,17.407606267487438,17.610982638987025,8982400
2011-04-28,17.35619354248047,17.619909487546295,17.331609563687994,17.619909487546295,11416000
2011-04-29,17.459003448486328,17.53275370069068,17.333848146841316,17.3651365459801,10877600
2011-05-02,17.686962127685547,17.80541131152986,17.534989171693436,17.534989171693436,13503600
2011-05-03,17.879167556762695,17.917160378599146,17.722725522677138,17.796475792980164,18944800
2011-05-04,17.827760696411133,17.91268781687426,17.66684965229722,17.845640269675997,17334400
2011-05-05,17.58863639831543,17.738375773521668,17.47689156298918,17.678032607594606,20991600
2011-05-06,17.747304916381836,17.84787452579625,17.492525276024953,17.543928619672442,29754400
2011-05-09,17.847871780395508,17.874691134489197,17.664610456812582,17.68472369356566,19093200
2011-05-10,17.957386016845703,18.03560702275056,17.816588206216963,17.872460596876152,19706400
2011-05-11,17.73166275024414,17.935039089830692,17.644501949018537,17.92833467513491,17667600
2011-05-12,17.863525390625,17.890344758851302,17.673559554687532,17.675793223221863,25078400
2011-05-13,17.859052658081055,17.919394092758207,17.812118347110886,17.87916590127673,21474000
2011-05-16,17.86575698852539,18.16970294382601,17.682495607102084,17.689200021469137,18763200
2011-05-17,18.013259887695312,18.057958826949708,17.823294084862155,17.834469245948302,22112000
2011-05-18,17.91473960876465,18.008779824136745,17.7960695691376,18.008779824136745,20127200
2011-05-19,17.831893920898438,17.943847047829376,17.78039643914093,17.941607506975394,14941200
2011-05-20,17.51618194580078,17.87666933907412,17.51618194580078,17.764716244390733,17216000
2011-05-23,17.22286605834961,17.40646909069532,17.151216136172476,17.26092970582239,18258400
2011-05-24,17.375123977661133,17.415427169412986,17.1646532725295,17.24302011530559,14828400
2011-05-25,17.632619857788086,17.706509341462514,17.153460546885615,17.231827404599688,18002800
2011-05-26,17.753528594970703,17.769201965753293,17.384082902787593,17.592315805053033,21110800
2011-05-27,17.867717742919922,17.87667248879593,17.547531767380573,17.612464778729834,15344800
2011-05-31,18.149839401245117,18.161035396635082,17.91473887247739,17.916976704940136,15274400
2011-06-01,17.72890281677246,18.082675218958975,17.72890281677246,18.082675218958975,17732800
2011-06-02,18.06923484802246,18.09610421471883,17.722181163274435,17.73113761883989,19466400
2011-06-03,17.71769905090332,17.993104460560517,17.679635402462495,17.869955352935563,18954400
2011-06-06,17.50946617126465,17.81621831553512,17.498271884937918,17.688591835181658,17628000
2011-06-07,17.8721981048584,17.941608500754068,17.581119275407556,17.643814464907628,27764800
2011-06-08,17.175851821899414,17.619187041185562,16.65191190737617,17.619187041185562,80785200
2011-06-09,17.1131591796875,17.18033175535967,16.99001002704504,17.079572891851413,32074000
2011-06-10,16.723562240600586,17.086289356495485,16.692215494986694,17.063899067952637,29456800
2011-06-13,16.761621475219727,16.824314949890216,16.63623452587875,16.759381934476046,20820000
2011-06-14,17.001197814941406,17.07732510288559,16.75490133687605,16.81759479948155,30033600
2011-06-15,16.757144927978516,17.023593943893246,16.75042801300072,16.91388034662749,22775600
2011-06-16,16.766103744506836,16.878056898616638,16.654150590397034,16.748192538134138,21041600
2011-06-17,16.66534423828125,16.902684344868273,16.613845043016674,16.88477314102215,25859200
2011-06-20,16.58025550842285,16.645186805946885,16.48845314249437,16.631752980013474,22546800
2011-06-21,16.790729522705078,16.835511798502736,16.602649089162373,16.694449765076556,25295200
2011-06-22,16.71683692932129,17.01015349094282,16.69668448396504,16.779530389063112,17722000
2011-06-23,16.862388610839844,16.88254107295749,16.56907180525805,16.611614563296357,20405600
2011-06-24,16.42800521850586,16.871338718941722,16.419048761855613,16.862382262291476,39700800
2011-06-27,16.544431686401367,16.580257504227987,16.36978509516914,16.522041404394237,20880000
2011-06-28,16.85565948486328,16.893723131187095,16.616079904665085,16.631753271284822,23297600
2011-06-29,19.383563995361328,19.551493682871655,16.745948643522173,16.99896209106085,132109200
2011-06-30,18.86634635925293,19.560455585969603,18.792456866183617,19.28505007010652,119880400
2011-07-01,19.69703483581543,19.911984649920456,18.754389644557968,18.83051695635236,61742400
2011-07-05,19.775402069091797,19.88287783234672,19.332066894535544,19.47088939951704,33089600
2011-07-06,19.7485294342041,19.979154293424877,19.44625635569191,19.66792305216498,33615200
2011-07-07,20.185152053833008,20.337408396864635,19.70375319658085,19.748533770538046,48524000
2011-07-08,20.091110229492188,20.1851504523026,19.793314482323286,19.92094098707149,20818800
2011-07-11,19.68136215209961,19.981395744257718,19.632102497680975,19.840335404279266,25733600
2011-07-12,19.63657569885254,19.882873918607693,19.611945876877023,19.708225624162502,18421200
2011-07-13,19.869449615478516,20.14261564397895,19.70823676532941,19.735106143110904,18855600
2011-07-14,19.690319061279297,20.014982488117308,19.654493236052534,19.759729462319434,17211600
2011-07-15,19.871688842773438,19.900796053706813,19.638826030496716,19.858255008230326,15998000
2011-07-18,19.71942901611328,19.905271666816603,19.638822606368937,19.775405594642983,13515200
2011-07-19,19.974681854248047,19.988115686298723,19.748536001200662,19.813469036561578,21594800
2011-07-20,19.8470516204834,20.03737160817942,19.7530113971422,20.03737160817942,9474400
2011-07-21,19.714948654174805,20.23664898873644,19.71270911305747,19.93885493436637,21060400
2011-07-22,20.04408836364746,20.102304471654254,19.72614187300981,19.72614187300981,9035200
2011-07-25,19.94556999206543,20.20306253196122,19.786596752925746,19.847050691309327,13357200
2011-07-26,19.972442626953125,20.14932882090407,19.860489469384397,19.9321394218976,10704000
2011-07-27,19.647777557373047,19.927660428560696,19.535824408897987,19.775404078303836,24094800
2011-07-28,19.46192741394043,19.9209358289443,19.40371302914225,19.732853723754307,19224800
2011-07-29,19.15294075012207,19.309674441160823,18.718562080287366,19.22011159988049,16708400
2011-08-01,19.184297561645508,19.553743408247797,19.0454749993544,19.479853897273337,13512800
2011-08-02,18.709611892700195,19.34326719980496,18.709611892700195,19.032037546008283,17327200
2011-08-03,19.58731460571289,19.647768526463786,18.765577575324727,18.926790308352036,35308800
2011-08-04,19.02979278564453,19.43730211536538,19.005162960089763,19.428345659866444,38827200
2011-08-05,18.676010131835938,19.182036728819956,18.109526218062953,19.10814729985807,33626800
2011-08-08,17.74233627319336,18.317775445793643,17.482605830956597,17.95280876010237,58529200
2011-08-09,18.530485153198242,18.55511498191196,17.041507973845338,17.990870170995134,58702000
2011-08-10,17.751283645629883,18.27970242569109,17.693067554058725,18.20133559565421,38429600
2011-08-11,18.924556732177734,19.186528360041915,17.845328605146527,17.94608744917713,37359600
2011-08-12,18.770069122314453,19.208925349102657,18.68050624356241,19.05666896770513,16598800
2011-08-15,19.226835250854492,19.307441658261556,18.92232253582105,19.056665978742966,18328800
2011-08-16,19.217876434326172,19.338786030593624,18.944710499233338,19.03203381182605,20360000
2011-08-17,18.838809967041016,19.32105155776682,18.690774008527445,19.25824832013925,19090000
2011-08-18,18.008907318115234,18.560680826768277,17.932645020633487,18.28255146634168,32999600
2011-08-19,17.85413932800293,18.320680071797355,17.79357955695007,17.79357955695007,31170000
2011-08-22,17.896753311157227,18.28030302197264,17.77563207964824,18.21974326184786,19341200
2011-08-23,18.789459228515625,18.793946150765393,17.894509900743778,17.99320165512544,20076000
2011-08-24,19.3748836517334,19.419744331806786,18.64142907294822,18.751334744423072,29150800
2011-08-25,18.86573028564453,19.49825142774527,18.827599985072627,19.395074414354113,24273200
2011-08-26,19.25600242614746,19.278431906572752,18.542733996561253,18.731145396904985,21498800
2011-08-29,19.419742584228516,19.722544874619892,19.305349999410506,19.509462225041467,18568800
2011-08-30,19.72254180908203,19.812261435949573,19.35693634032676,19.428711699568886,16622800
2011-08-31,19.711336135864258,19.928905784374166,19.457879645299123,19.85040171307173,24092800
2011-09-01,19.67768669128418,19.953572587009717,19.520676885811383,19.675443229578317,20800800
2011-09-02,19.18871307373047,19.540861204591433,19.087777849719874,19.226843359768885,15807200
2011-09-06,19.25824737548828,19.34572355378723,18.672828821481588,18.672828821481588,15809200
2011-09-07,19.845909118652344,19.85712300394762,19.446656812173536,19.47357321714979,16552800
2011-09-08,19.617124557495117,19.98497354717869,19.612639345491097,19.684414716374235,18386400
2011-09-09,19.36815643310547,19.830212060656212,19.28068023946326,19.487034249528975,26492400
2011-09-12,19.614883422851562,19.621613808545785,19.17525901013053,19.226848366226072,19608400
2011-09-13,19.68665313720703,19.71805646096335,19.437683698485266,19.661981908467734,17469600
2011-09-14,20.09263801574707,20.231701838101902,19.63955458409715,19.78983571492235,26147200
2011-09-15,20.29899024963379,20.321419730862104,19.816748702556293,20.18908459373325,21478400
2011-09-16,20.37749481201172,20.52777422248006,20.10385068473518,20.32590717498994,50275200
2011-09-19,20.193578720092773,20.3371295168373,19.888532849195528,20.06797220075643,22088000
2011-09-20,20.823850631713867,21.252261150183045,20.24516239382849,20.276564014827695,36064000
2011-09-21,20.50535011291504,21.113198298714583,20.500864899883183,20.77899431188418,28070400
2011-09-22,19.8055362701416,20.18684261276772,19.332266823097036,19.90422633703621,35689200
2011-09-23,20.204784393310547,20.395437541125414,19.729271543208124,19.729271543208124,21526000
2011-09-26,20.249637603759766,20.527766842907777,19.776368349428218,20.40888909195174,19095600
2011-09-27,20.070209503173828,20.568150213966327,19.989461990881,20.440300271379343,20066800
2011-09-28,19.655254364013672,20.153196735906633,19.617124073510823,20.14198285054333,17090400
2011-09-29,19.668718338012695,19.955819886217267,19.28965366604186,19.955819886217267,15552000
2011-09-30,19.226850509643555,19.65301762100549,19.121430035062104,19.338999659409318,17952400
2011-10-03,18.899375915527344,19.433205272634943,18.890403777854072,19.058627508892297,26223600
2011-10-04,19.016010284423828,19.085542212322423,18.327414547097497,18.625731707533863,31600000
2011-10-05,19.063108444213867,19.166285437412494,18.66610128100916,18.975632260605035,25114000
2011-10-06,19.543106079101562,19.57675115915077,18.935258021582662,19.038435012143005,19486000
2011-10-07,19.345722198486328,19.73824409816576,19.238058295905713,19.61039417643485,17553200
2011-10-10,20.01862144470215,20.027593581233052,19.603669969893108,19.69114616199436,13322400
2011-10-11,20.301240921020508,20.3797449888298,19.83918522957376,19.897503270486524,17626800
2011-10-12,20.449275970458984,20.70946282457365,20.34609895594256,20.406660456344536,19065200
2011-10-13,20.77001953125,20.844038371307214,20.29002136869838,20.298993504880464,13193600
2011-10-14,21.066085815429688,21.229824248804142,20.897862171162235,20.953936719251388,15800400
2011-10-17,20.453752517700195,21.066085618813354,20.417863985853586,20.888889843154335,13842800
2011-10-18,21.063854217529297,21.196189393395322,20.319182217194903,20.43581829173942,14400000
2011-10-19,20.204784393310547,21.191696919437653,20.159923721833163,21.131135440758097,21662400
2011-10-20,20.489643096923828,20.628708616450652,20.24740059630021,20.366280096404918,17646400
2011-10-21,20.95619010925293,20.95619010925293,20.613013986153913,20.74534916093946,14128800
2011-10-24,21.13113784790039,21.175998524488055,20.90235438671273,20.924783869376647,12138400
2011-10-25,20.33936309814453,21.001042176957807,20.310204944967083,20.971884023780355,16824000
2011-10-26,20.639923095703125,20.799176350498325,20.097121770763746,20.666839500300853,26746400
2011-10-27,21.17376136779785,21.19394739482826,20.321427082689116,20.41114675132062,41568000
2011-10-28,21.330768585205078,21.476562826540697,20.915817060834673,20.915817060834673,23299600
2011-10-31,20.918054580688477,21.503473130681776,20.91356765753171,21.14683803514964,17826000
2011-11-01,20.193578720092773,20.73862373972795,20.186850043879822,20.447036932517083,30528400
2011-11-02,20.523286819458008,21.08178889965451,20.43805411320114,20.86870627838255,24565200
2011-11-03,20.90011215209961,21.039177690796055,20.24964684909872,20.64889748223956,18410800
2011-11-04,20.778987884521484,21.00104265300703,20.556933116035943,20.70945598084392,13608400
2011-11-07,20.850767135620117,20.933758112217603,20.52777707671099,20.814880301996883,9647200
2011-11-08,21.205154418945312,21.23207082202683,20.949454579079667,20.95618325203513,19602000
2011-11-09,20.888887405395508,21.106456898361643,20.700477768966596,20.700477768966596,19594800
2011-11-10,20.86870765686035,21.162537792420157,20.7677724259646,21.162537792420157,11248800
2011-11-11,21.344219207763672,21.454124855232635,21.01898576549488,21.036930033604797,13648400
2011-11-14,21.04365348815918,21.469820338165842,20.98757894766512,21.220849241471498,10432000
2011-11-15,21.449642181396484,21.492259398784412,21.050391548793588,21.08852184263545,14153200
2011-11-16,20.99776268005371,21.357467045141266,20.9460543735697,21.256300782062354,12999600
2011-11-17,20.548137664794922,21.134906274766088,20.426737085296796,21.062965381197518,17227200
2011-11-18,20.415491104125977,20.604336979939102,20.330061847928263,20.57510987279334,12906000
2011-11-21,20.505420684814453,20.65379973185881,20.031059862593597,20.15695770362683,15844400
2011-11-22,20.422237396240234,20.72573966664785,20.37502635122718,20.4469672362765,13469600
2011-11-23,20.073781967163086,20.629076686108473,20.053547674443443,20.3143345526553,21064400
2011-11-25,20.013072967529297,20.321070787872927,19.959117733415674,20.01757023757558,6933600
2011-11-28,21.01349449157715,21.076442525487092,20.487425594234246,20.608826109005683,14792400
2011-11-29,20.885347366333008,21.020236239804102,20.804413699209334,21.01349205341131,14513600
2011-11-30,21.80035400390625,21.813842381757635,21.276533604738336,21.323744642423904,21504000
2011-12-01,21.97795867919922,22.09036640321181,21.526079148410997,21.5642973629259,19042400
2011-12-02,21.852062225341797,22.166804215255333,21.762137412685806,22.11959317404918,12928000
2011-12-05,21.595773696899414,22.097112954276437,21.40243225371419,22.09486431929821,16731600
2011-12-06,21.440649032592773,21.645230190153768,21.37545234946512,21.591274965057174,14135200
2011-12-07,21.822839736938477,21.908269006412958,21.368713197849363,21.418171165309694,16055200
2011-12-08,21.537317276000977,22.002685112832545,21.4901045298364,21.793606709896306,14238000
2011-12-09,21.84981346130371,21.910512876243388,21.472123448329853,21.72391564684195,11974000
2011-12-12,21.78911781311035,21.897030007626526,21.544069741805625,21.72616974764514,13644400
2011-12-13,21.562042236328125,21.92849065965544,21.476611300864082,21.906009466450993,13564000
2011-12-14,21.663219451904297,21.74864871549679,21.368711726566794,21.517089049143852,19150800
2011-12-15,21.541818618774414,21.879041829284475,21.48561475035607,21.879041829284475,21020000
2011-12-16,21.906021118164062,21.97571336872838,21.674461446103006,21.73291223648327,17556800
2011-12-19,22.16229820251465,22.339902539550287,21.921745840242085,21.921745840242085,23541200
2011-12-20,22.785045623779297,22.81876828448225,22.337663356390415,22.375881571424397,27454400
2011-12-21,22.643415451049805,22.764816016240818,22.369140290641145,22.731093351153426,15244000
2011-12-22,22.602943420410156,22.924429552245527,22.50402408285909,22.618680431820046,13439200
2011-12-23,23.039087295532227,23.043582849690434,22.596200599500385,22.690622673674135,7803200
2011-12-27,22.910953521728516,23.25716795931548,22.910953521728516,23.04134523715977,8719200
2011-12-28,22.643415451049805,22.931178991411024,22.616436975938694,22.861486741381476,9969600
2011-12-29,23.189714431762695,23.212195634129895,22.665894012098555,22.706360862441834,8637600
2011-12-30,22.825511932373047,23.20095331512302,22.816519108718435,23.194209126183495,8586800
2012-01-03,23.15374755859375,23.245922735673922,22.89745802919901,23.245922735673922,16829200
2012-01-04,22.74008560180664,23.03459332470527,22.48154746294162,22.86148616393124,16522000
2012-01-05,22.910953521728516,22.978397157598504,22.40511853427423,22.64117383262898,12096400
2012-01-06,22.64117431640625,22.980646284386946,22.531015174820247,22.922193759885438,13089200
2012-01-09,22.459068298339844,22.74683185756835,22.207274326411845,22.70861363505965,18002400
2012-01-10,22.436582565307617,22.69511896028839,22.357895785750934,22.677135027869436,18711600
2012-01-11,22.281463623046875,22.36914152800044,22.106107813139744,22.25223822646438,19016000
2012-01-12,22.78279685974121,22.85923500458124,22.342158783951945,22.342158783951945,16708800
2012-01-13,22.647911071777344,22.88396801286904,22.544496156359894,22.64341551684876,16623200
2012-01-17,23.050329208374023,23.142504371748437,22.74907731045016,22.77380714866252,17018800
2012-01-18,23.33135223388672,23.35383344076679,22.95591076185057,22.967152222893674,11752400
2012-01-19,23.014366149902344,23.425777261353264,22.98738766914886,23.41678614964179,14567600
2012-01-20,22.611936569213867,23.048077341089144,22.43658080663245,23.018851952394115,20032800
2012-01-23,22.391616821289062,22.681628936169822,22.211765503711,22.65015491271352,16166400
2012-01-24,22.708608627319336,22.767059408193763,22.25448046695199,22.267970560020167,12140800
2012-01-25,22.607444763183594,22.69961993590513,22.43658622847047,22.618686223585843,15088400
2012-01-26,22.67487907409668,22.96489111641323,22.477042159700094,22.643405058515523,13939200
2012-01-27,22.717605590820312,22.825516063796012,22.459067438373378,22.573723816715347,11362800
2012-01-30,22.454566955566406,22.598448709086284,22.369137700415788,22.51301945393567,12476000
2012-01-31,22.625431060791016,22.656905092570167,22.443331060467912,22.5917083938259,13240400
2012-02-01,23.04583168029785,23.088545448383943,22.61643335829579,22.746826727666587,15376800
2012-02-02,23.843923568725586,24.082229086985492,23.288629191233568,23.331344671103903,33740400
2012-02-03,24.061994552612305,24.23959894336985,23.96307521720163,24.008039331118102,16533200
2012-02-06,24.136178970336914,24.340760071147603,24.010282908299565,24.041756923808904,13349600
2012-02-07,24.050758361816406,24.178903103790166,23.8439268376715,24.158668820738615,13045600
2012-02-08,24.358749389648438,24.423946064531513,24.059744481972572,24.228356039882282,22742000
2012-02-09,25.273754119873047,25.831297226797894,25.19057349569889,25.417635880007353,39601200
2012-02-10,25.606481552124023,25.628962755359485,25.044442895208245,25.13212078847064,21888800
2012-02-13,25.33894920349121,25.891995005535538,25.260264138908724,25.685165202859924,22078400
2012-02-14,25.907739639282227,25.909988274704816,25.199570419318455,25.204067690163633,17960800
2012-02-15,25.925752639770508,26.38750652973774,25.822139932240887,26.178028178855577,21701200
2012-02-16,25.632938385009766,26.067662265316873,25.587888254273388,26.00684501844446,15971600
2012-02-17,25.905479431152344,25.95953785744502,25.63293264554851,25.770332506177457,15512800
2012-02-21,25.723031997680664,26.128474531249854,25.644196426844033,25.961793364554325,10819600
2012-02-22,26.209564208984375,26.297409808768137,25.52031358960819,25.6306833937107,14381200
2012-02-23,26.23659324645996,26.308671728518096,26.05189202878058,26.2095631712557,10890800
2012-02-24,26.475353240966797,26.527158737674984,26.105950800795668,26.238844805686455,11094000
2012-02-27,26.322187423706055,26.421295986679635,26.196050502457258,26.369488769174357,15812800
2012-02-28,26.792945861816406,26.797451733214487,26.364980877265477,26.38975801449566,11937200
2012-02-29,26.211811065673828,26.88529441397767,26.130722574143828,26.80871007487212,15217600
2012-03-01,26.394262313842773,26.57671058128958,26.252358296771526,26.455077830162896,11174000
2012-03-02,26.164522171020508,26.34697050445846,26.038383502846674,26.243357764574743,12213600
2012-03-05,26.182531356811523,26.31542706962968,26.10594872654982,26.164513026358826,10153600
2012-03-06,25.867191314697266,26.015854163361524,25.574373208019857,25.952785700953676,13302000
2012-03-07,26.047386169433594,26.150998880036198,25.894219180176137,26.065406219578367,10694000
2012-03-08,26.57220458984375,26.61950592559476,26.137480825862035,26.28163776867072,9520400
2012-03-09,26.392011642456055,26.666811394301927,26.35597326041163,26.5947329117265,8457600
2012-03-12,26.24785614013672,26.477607497609796,26.144243423065465,26.358225946812475,7709200
2012-03-13,26.414535522460938,26.446071469282533,26.056396049875918,26.333448734232668,12785600
2012-03-14,26.297409057617188,26.554188760186943,26.234340599931507,26.423545972988553,14996000
2012-03-15,26.353727340698242,26.459593016084614,26.196056155114523,26.268134656879514,13293200
2012-03-16,26.281644821166992,26.466346061109306,26.18929334195245,26.450578944961308,16006400
2012-03-19,26.76817512512207,26.9663922703592,26.162265882169315,26.22758728516911,15918400
2012-03-20,26.24559783935547,26.71410876568352,26.128470967016618,26.612749005361174,10588000
2012-03-21,26.297409057617188,26.500130327668728,26.25911773952039,26.373991693810776,8427200
2012-03-22,26.41678237915039,26.466336646126457,26.128468518729097,26.162255675166065,9368000
2012-03-23,26.754653930664062,26.804208203982185,26.33119310878566,26.468592968990865,10151200
2012-03-26,27.042966842651367,27.187123786059043,26.41002770929935,26.8852957228262,16363600
2012-03-27,26.986665725708008,27.092531397123174,26.928103126680572,27.024958770902217,10662000
2012-03-28,26.883047103881836,27.09703133627417,26.693841729710854,26.957378523086117,8992000
2012-03-29,26.804201126098633,26.84474536460864,26.47759600145231,26.70058845401438,8691200
2012-03-30,26.57896614074707,26.84926002427528,26.488867606742133,26.82448288446176,12002000
2012-04-02,26.79970932006836,27.006934759697604,26.3762466964497,26.578967982385578,11777600
2012-04-03,27.11054801940918,27.16235352110482,26.662309963820423,26.76817390334661,15691600
2012-04-04,26.79970932006836,26.957380476636978,26.62401639326612,26.914583283359757,10308800
2012-04-05,27.256956100463867,27.288490330282684,26.594733837295475,26.65104520747002,13395600
2012-04-09,26.916837692260742,27.10829602670917,26.738893538118592,26.95287779772656,13295600
2012-04-10,26.295154571533203,26.97764804173306,26.261367408768695,26.912328370471226,10679200
2012-04-11,26.439313888549805,26.79294922427713,26.346964135136496,26.583470858624214,14171200
2012-04-12,27.259201049804688,27.290736990858566,26.396512363152656,26.45958080828792,17164000
2012-04-13,27.741228103637695,27.85835497161025,27.09927725057264,27.11955023297316,21497200
2012-04-16,27.21640968322754,27.71645488561363,27.0384655613928,27.714201949809354,18308400
2012-04-17,27.49796485900879,27.59256753526439,27.31101072368006,27.39660337574659,10328800
2012-04-18,27.43039321899414,27.58806607999055,27.32678050841816,27.392101901311257,8480000
2012-04-19,27.297494888305664,27.538507435640785,27.14432792336929,27.315513217102776,8522400
2012-04-20,27.256956100463867,27.513735810980872,27.160100475024183,27.439404389913676,7841200
2012-04-23,26.601491928100586,27.21190699755172,26.236595335465417,27.085770073528373,17347200
2012-04-24,26.788450241088867,26.85827580362093,26.464096136576355,26.65780742471722,9430800
2012-04-25,27.43265151977539,27.570051421613236,26.930353264427488,26.970897525928606,12150800
2012-04-26,27.74798583984375,27.81781137516133,27.369573438227608,27.455166085342267,11107600
2012-04-27,27.822317123413086,27.977737033245244,27.673656020584133,27.87187139718487,9787200
2012-04-30,27.70069122314453,27.964228035023886,27.54977543821272,27.95521800917074,9375200
2012-05-01,27.725461959838867,28.234517164334996,27.7142007182909,27.81105633173282,17178000
2012-05-02,27.522735595703125,27.747980992591476,27.18036163008067,27.39209285307124,25366800
2012-05-03,26.220823287963867,27.594820169804358,25.988819034221553,27.48219744639962,47838000
2012-05-04,26.53166389465332,26.77943356587475,25.973054377611536,26.17802857846331,23403600
2012-05-07,26.693849563598633,26.82449067141904,26.34471828741167,26.34471828741167,13476800
2012-05-08,26.61050796508789,26.822239322659193,26.162269821546925,26.60149793726708,14596800
2012-05-09,26.44831657409668,26.79970059481334,26.25685831245791,26.423539440633128,17672800
2012-05-10,26.617259979248047,26.914583966673625,26.497880140745718,26.64654299370189,13468000
2012-05-11,26.560941696166992,26.797450093992605,26.41228060036605,26.434804800519366,8139600
2012-05-14,26.2906551361084,26.660057620050694,26.09018677781606,26.315432278682668,16246400
2012-05-15,26.26587677001953,26.55644365882071,26.22983666668603,26.22983666668603,12589200
2012-05-16,26.523136138916016,26.674335431286735,26.24556152417391,26.358397125358263,17339600
2012-05-17,25.95444679260254,26.687878237774086,25.95444679260254,26.403532026175704,17814800
2012-05-18,25.41960334777832,26.008605306337397,25.388009518116764,25.918336483703843,25934800
2012-05-21,26.22751235961914,26.250079139763752,25.424123278673246,25.561781154075863,13272000
2012-05-22,26.717212677001953,26.911290042721774,26.27038467442624,26.27038467442624,18594400
2012-05-23,26.893238067626953,26.958682926072363,26.49154358355176,26.543448720158366,16558000
2012-05-24,27.028642654418945,27.306219026883664,26.802971422791806,27.017360125878504,12749600
2012-05-25,26.938383102416992,27.1708242607759,26.843599850003613,26.942895770753182,11780000
2012-05-29,27.143726348876953,27.294925610073076,26.8548675448801,27.114389718442183,18006400
2012-05-30,26.51411247253418,27.021872742752027,26.50734261107552,26.789431650085437,18346400
2012-05-31,25.997323989868164,26.710445875191972,25.889002767878967,26.572786292540666,21004000
2012-06-01,25.33159637451172,25.92736830295298,25.26163884193817,25.645279256466214,18650400
2012-06-04,25.76262092590332,25.825808576388088,25.27968305062472,25.281940244351844,16646400
2012-06-05,25.683643341064453,25.846126909769826,25.53244402308276,25.672360812075702,11374800
2012-06-06,26.254587173461914,26.29069539270857,25.91382489342855,25.945418724402046,12384000
2012-06-07,26.360660552978516,26.62920991579646,26.301987262304888,26.590846213032513,9158000
2012-06-08,26.308753967285156,26.31326663458952,26.05374436034736,26.265875880086423,10376800
2012-06-11,26.256845474243164,26.613406406525872,26.2275088361698,26.46446257845788,10942800
2012-06-12,26.439640045166016,26.439640045166016,26.114672948675093,26.27038663603278,10398800
2012-06-13,25.92962074279785,26.39676004925304,25.87320294384561,26.132725163372843,14891200
2012-06-14,26.2884464263916,26.405796453937064,25.785200445710494,26.010871721429247,13152800
2012-06-15,26.719478607177734,26.74204538974188,26.387741566105845,26.48703747547026,12551600
2012-06-18,27.103116989135742,27.188873166705797,26.507345022291744,26.6314648994405,10931600
2012-06-19,27.38519859313965,27.441616390703487,27.193378425769513,27.274620192000203,10270400
2012-06-20,27.665037155151367,27.665037155151367,27.312990563180776,27.328787481493944,12702800
2012-06-21,26.963199615478516,27.72822495588111,26.924834197436702,27.6627800918508,13061200
2012-06-22,28.19762420654297,28.19762420654297,26.92935278415388,27.136969937192895,37216000
2012-06-25,27.36714744567871,27.823004263487075,27.340068001828328,27.725965572308837,16164000
2012-06-26,27.79366683959961,27.96517571825209,27.457415499596475,27.47772680364473,13128800
2012-06-27,27.856853485107422,28.0103099700107,27.65149186662945,27.838799375887124,13768400
2012-06-28,27.423566818237305,27.850087022363887,26.98350861314576,27.757560992622427,11514800
2012-06-29,27.899734497070312,27.992260530960213,27.425825242246546,27.81623724103152,15931200
2012-07-02,28.574491500854492,28.615112390752046,27.983232263842318,28.041907265190964,17042400
2012-07-03,28.511293411254883,28.660237202677642,28.357838675948,28.545144429463175,6364400
2012-07-05,28.662504196166992,28.766312758226448,28.36010384431128,28.37590076197826,11298000
2012-07-06,28.272092819213867,28.599317151961902,28.15925719862522,28.452630500849676,9631200
2012-07-09,27.90424919128418,27.994518031698895,27.315247116703443,27.791413571199516,17684000
2012-07-10,27.595075607299805,28.152483778021555,27.489009861876998,28.057702281925106,18204000
2012-07-11,27.24753761291504,27.58830157457209,26.985759941128993,27.51157420030643,11644000
2012-07-12,27.67631721496582,27.854597678493725,26.8774409203882,26.879698114586823,15067600
2012-07-13,28.0035400390625,28.12765989510285,27.56573905592914,27.644723636257215,12112800
2012-07-16,28.694087982177734,29.56292159304636,28.405229176440724,28.931041664195927,30607600
2012-07-17,28.937828063964844,28.940086980647898,28.443609117988853,28.91526300142818,10766800
2012-07-18,28.845294952392578,29.066453503109027,28.750513454257565,28.773080231660934,11903600
2012-07-19,28.296916961669922,29.028093027079382,28.28337723807399,28.953621103831857,13832400
2012-07-20,28.378156661987305,28.47519535801101,27.90424743185973,28.1208916021542,11816800
2012-07-23,28.089292526245117,28.22243769826964,27.813973406500416,27.99451104225466,11391200
2012-07-24,27.678577423095703,28.154743868508035,27.369407210137137,28.096068865097564,13504000
2012-07-25,27.577022552490234,28.00354102298253,27.428080441743372,27.843314662477443,15305200
2012-07-26,28.60834312438965,28.928797602525435,28.028368090501147,28.20213591425389,21036000
2012-07-27,29.143186569213867,29.224428361083874,28.366876878782744,28.64445328796111,13937600
2012-07-30,29.52682113647461,29.867586877164463,29.04614378695321,29.0777376195202,12652800
2012-07-31,29.12738609313965,29.49071345254285,28.9987518445436,29.43429564739782,8961600
2012-08-01,28.76405143737793,29.204111317945575,28.660242890210522,28.99874969600041,11612000
2012-08-02,29.172523498535156,29.177034444244,28.47745563420218,28.61511523466212,11112400
2012-08-03,29.558408737182617,29.684784040806623,29.07998696104353,29.41849371438015,12934400
2012-08-06,29.5696964263916,29.919487467584077,29.47717040994323,29.562926566014323,9227600
2012-08-07,29.427522659301758,29.65996371632261,29.188311741860424,29.524563064443896,13179200
2012-08-08,29.59678077697754,29.680281474595787,29.42752735253397,29.513283522829028,7962800
2012-08-09,29.001007080078125,29.556159793294583,28.82949819348801,29.535850210041055,14203600
2012-08-10,29.131895065307617,29.177028617673074,28.88591427796694,28.928792357928387,5984800
2012-08-13,28.95813751220703,29.11159231495509,28.750518646093354,29.030350524244316,6454000
2012-08-14,29.312429428100586,29.37787255516452,29.007771957758333,29.138661655355136,8732400
2012-08-15,29.174535751342773,29.454844020957857,29.068290069675587,29.201661134130603,7735600
2012-08-16,29.314697265625,29.375732845164293,29.093165188998203,29.093165188998203,9121200
2012-08-17,29.09090232849121,29.39607329020736,29.00047861999948,29.38477334479371,9582400
2012-08-20,28.97109031677246,29.097680043548415,28.934920837890374,29.072813957980898,8674400
2012-08-21,28.826417922973633,29.217492272784845,28.708870550434625,29.09542457711799,7605200
2012-08-22,28.957530975341797,29.047951233698647,28.60036336634638,28.67948367939244,8866000
2012-08-23,28.742773056030273,29.047945681291722,28.65235109030137,28.919094940641084,7000000
2012-08-24,28.63201332092285,28.71339121077115,28.439865954942587,28.616187878149766,10650800
2012-08-27,28.858068466186523,28.966573473012797,28.717914297325265,28.774427824738613,8820400
2012-08-28,28.799287796020508,28.989174104606857,28.75859799594169,28.903272457409567,7862800
2012-08-29,28.939441680908203,28.946223026752502,28.64557071351408,28.83319599693255,8583600
2012-08-30,28.64105796813965,28.731479966292675,28.523510577800035,28.731479966292675,8573600
2012-08-31,28.991439819335938,29.018565208954303,28.54159262005265,28.824160259617326,13784000
2012-09-04,29.05247688293457,29.194888635035262,28.8490278270991,29.016307395383336,10200800
2012-09-05,28.846757888793945,29.160972885008803,28.69756138573365,29.129325455509147,12698800
2012-09-06,29.274009704589844,29.274009704589844,28.889718375164243,28.97561659864923,15698400
2012-09-07,29.32147789001465,29.377991413205454,29.086379701926337,29.27626431201263,10789200
2012-09-10,29.088638305664062,29.359905969943963,29.02986548470296,29.02986548470296,11633600
2012-09-11,29.723857879638672,29.93860860665959,29.118031036262252,29.133856480544555,15890400
2012-09-12,30.169185638427734,30.173704237512542,29.744202771220763,29.76002476664215,14656000
2012-09-13,30.51277732849121,30.890287210554575,29.97024894153687,30.053887843453563,15745200
2012-09-14,30.347763061523438,30.585120557453585,30.23473601101497,30.573817162540372,13289600
2012-09-17,30.261857986450195,30.48339346396673,30.205344467569507,30.395232512485318,10649200
2012-09-18,30.21439552307129,30.257346359205563,29.958953255101505,30.08554301466847,13192400
2012-09-19,30.469831466674805,30.63485344775778,30.230214665916634,30.261862102822207,11976800
2012-09-20,30.429149627685547,30.481141116990067,30.17144803162438,30.356810643163925,12779600
2012-09-21,30.51730728149414,30.732058013242202,30.494700488968128,30.58512420975991,29225600
2012-09-24,30.232467651367188,30.51051314648305,30.180472740211158,30.316106539897866,10530000
2012-09-25,30.417837142944336,30.607721746617138,30.205345751034084,30.25507792570719,15398400
2012-09-26,29.956684112548828,30.417832863636672,29.92503668305565,30.322890575157146,10637200
2012-09-27,30.270896911621094,30.34549515772158,29.9566819382765,29.999632757180798,8432800
2012-09-28,30.35455322265625,30.43141081148429,30.1194584070314,30.286736282796806,9431600
2012-10-01,30.908376693725586,31.172859581655985,30.487915922046305,30.487915922046305,14700800
2012-10-02,30.743356704711914,30.992017587195303,30.62580761032779,30.87672779199313,10041600
2012-10-03,31.313016891479492,31.33110163454835,30.74110025801101,30.890293352033012,11717600
2012-10-04,31.572967529296875,31.606877705072897,31.240667812695275,31.376301617177496,8475600
2012-10-05,31.706344604492188,32.00699695036099,31.534544742272125,31.81485304840005,11280800
2012-10-08,31.35597038269043,31.53455163049905,31.32206019307023,31.421524563723068,6803600
2012-10-09,30.910640716552734,31.50742343812006,30.906118668476125,31.459950556595736,9978000
2012-10-10,31.064348220825195,31.190937941351763,30.81569082673692,30.885767032791897,8050400
2012-10-11,31.432817459106445,31.60913934842592,31.23841083122713,31.240670130055417,14057600
2012-10-12,31.448637008666992,31.64530636942145,31.292659168841734,31.505150518788554,8116000
2012-10-15,31.62270164489746,31.701821943944275,31.331093431377678,31.50289327158278,9694400
2012-10-16,31.909793853759766,32.04768697661331,31.652092347856094,31.692780425430207,8324400
2012-10-17,32.226261138916016,32.27373400169597,31.82840729806532,31.909786884751902,10126000
2012-10-18,32.072540283203125,32.348326419021745,31.90299979557578,32.18104522947782,11241600
2012-10-19,31.640779495239258,32.181048431597866,31.593306636283472,32.169745041435974,10134400
2012-10-22,31.421520233154297,31.658877730533302,31.202247477884455,31.6046235042058,9782800
2012-10-23,30.888032913208008,31.19094458748513,30.72753298021262,31.184163240248473,11923200
2012-10-24,30.854114532470703,31.27909374592953,30.842811141571612,31.082427851665663,11478000
2012-10-25,31.093738555908203,31.353699361177835,30.860903135727874,31.157033420657527,15875600
2012-10-26,31.265527725219727,31.396639457195835,30.940009418149423,31.15702277263304,12148800
2012-10-31,31.36726951599121,31.64079652818896,31.059835764365424,31.105049349352477,14271200
2012-11-01,32.524658203125,32.63316318260345,31.715384280619563,31.832933353819357,21310000
2012-11-02,32.41615295410156,33.09657792696645,32.41615295410156,32.565349471338855,18498000
2012-11-05,31.986642837524414,32.52691179058862,31.92334798983316,32.26921035375696,13864000
2012-11-06,32.5201416015625,32.74167364447425,32.077074066427315,32.2081858528519,9089200
2012-11-07,32.226261138916016,32.45909650790333,31.993425769928702,32.22173909262491,10431600
2012-11-08,32.113250732421875,32.3822557122179,32.0725626426943,32.13359477728566,10133200
2012-11-09,32.30990982055664,32.50883852595312,31.710867854503675,31.855542335888828,11799600
2012-11-12,32.380001068115234,32.502068804161155,32.10421470037906,32.10421470037906,8943600
2012-11-13,32.201412200927734,32.73037807133387,32.201412200927734,32.23532239219736,10149200
2012-11-14,31.70972442626953,32.45290313064971,31.641750047521967,32.3101607383324,13608000
2012-11-15,31.72106170654297,31.829818664343996,31.38799028203856,31.72106170654297,13717600
2012-11-16,32.3350830078125,32.52540849330148,31.725585087961043,31.725585087961043,16632400
2012-11-19,33.00121307373047,33.003481075255024,32.55032330722676,32.62735929803491,15120400
2012-11-20,33.157562255859375,33.393206296708264,32.89020075806122,32.976298406895694,9566400
2012-11-21,33.230079650878906,33.28445640258067,33.02162736893877,33.13038432966375,6565200
2012-11-23,33.560874938964844,33.560874938964844,33.171158845487966,33.3750819868583,4454400
2012-11-26,33.363746643066406,33.44531519420474,33.17568572079415,33.44531519420474,8623600
2012-11-27,33.257259368896484,33.49743251257907,33.15529952867735,33.33429538530023,9981600
2012-11-28,33.372825622558594,33.386423269248304,33.05561634623488,33.08733727386725,10358400
2012-11-29,33.57448959350586,33.60847853311715,33.36150814229293,33.51784481814309,12572800
2012-11-30,33.921146392822266,33.97099059617412,33.53595929537923,33.60620169528902,14048000
2012-12-03,33.6787109375,34.14999579154475,33.63339581750613,33.98685859370918,11736800
2012-12-04,33.44077682495117,33.81689860400531,33.352411198047555,33.75572133697376,9100800
2012-12-05,33.54729080200195,33.64925067456456,33.103197837006974,33.64925067456456,11971200
2012-12-06,33.640174865722656,33.73760214857664,33.320697736574125,33.635642318958226,9124000
2012-12-07,33.65829086303711,33.82369246533612,33.48608871409981,33.787439017421,7557200
2012-12-10,33.68324279785156,33.82145615826564,33.594877105607935,33.70363408283348,9288800
2012-12-11,33.73760986328125,34.0616196132848,33.6243203695062,33.6243203695062,14492800
2012-12-12,33.50651168823242,33.941543058025324,33.4951820440422,33.91661922373564,18319600
2012-12-13,33.35243225097656,33.78293447883853,33.28219330542412,33.558619996342586,13042800
2012-12-14,33.26633834838867,33.46346101891064,33.13718662816946,33.27993253844922,9579200
2012-12-17,33.789730072021484,33.789730072021484,33.284456372440495,33.30031856322011,13903200
2012-12-18,34.14997863769531,34.33803957566107,33.692288203818656,33.7625271231258,11869600
2012-12-19,33.7965202331543,34.17717124592318,33.79425223075306,34.168109608280425,8640400
2012-12-20,34.54423141479492,34.55555759748012,33.832773584664416,33.959657255160955,10863200
2012-12-21,34.16130065917969,34.43545918355875,33.977772309055624,34.206615746307186,13930400
2012-12-24,34.25421905517578,34.35391439016012,34.03896964954428,34.03896964954428,3272000
2012-12-26,33.93246841430664,34.279133993611595,33.80558473264222,34.27686944833938,7614400
2012-12-27,33.850894927978516,34.13411862535893,33.511026491122024,33.91660476187027,11976800
2012-12-28,33.680965423583984,33.97098625370759,33.590335210665735,33.63791831970647,6973600
2012-12-31,34.3448371887207,34.35163428054262,33.61298815822501,33.61298815822501,12868000
2013-01-02,35.20585250854492,35.33273621837532,34.87731013312903,34.92942580184793,15826400
2013-01-03,35.2330322265625,35.81760642372096,35.07896017601827,35.59782453131685,14937200
2013-01-04,35.520790100097656,35.61595286334925,35.069896654321695,35.25569309018512,10376000
2013-01-07,35.77456283569336,35.97395348803101,35.52759252325253,35.55931344909519,10242400
2013-01-08,36.10762405395508,36.10762405395508,35.57516210249139,35.72017250201247,11800400
2013-01-09,36.65822219848633,36.83042448550928,36.186940826954704,36.56985650915892,17552800
2013-01-10,36.36819076538086,36.88026147188364,36.08723504340531,36.71259178236986,16313600
2013-01-11,36.51544952392578,36.53584079135509,36.139327790518685,36.202769594066986,9578000
2013-01-14,36.39989471435547,36.66272703787398,36.150660027421075,36.54264051127521,8877600
2013-01-15,36.35459518432617,36.39991028703565,36.04644764565269,36.21185278365734,6696000
2013-01-16,36.29795837402344,36.42937462072463,36.096303184174694,36.27756709194605,5464400
2013-01-17,36.2254524230957,36.499611083025776,36.16427512370023,36.47921980233436,7833600
2013-01-18,35.860660552978516,35.9195698504044,35.45961474089416,35.91730530496078,13812400
2013-01-22,36.03739547729492,36.18013791547103,35.74963914063119,35.95355888506656,6918000
2013-01-23,36.03739547729492,36.243583224720176,35.81761354121686,35.86519320150168,7108800
2013-01-24,36.152950286865234,36.29116363656711,36.00340729394417,36.094040982375894,6794000
2013-01-25,36.21638870239258,36.28436309793371,36.03286025455648,36.23451543835831,6701600
2013-01-28,35.42561721801758,36.38404512737395,35.414287580012115,36.316070756661276,13532000
2013-01-29,35.495880126953125,35.59330747355219,35.14694640151461,35.287427784565,11664000
2013-01-30,35.12200927734375,36.046452005167744,35.063099982428916,35.57063818319144,18708000
2013-01-31,35.779075622558594,36.139335250787774,35.42561308487565,36.02604579859094,16685600
2013-02-01,35.926353454589844,36.134805648737306,35.65219489403546,36.026048733816886,12738400
2013-02-04,35.49359893798828,35.89011218766338,35.47320765776207,35.74736976875874,10532000
2013-02-05,36.146141052246094,36.16200323888976,35.52758146223334,35.71337441080441,11105200
2013-02-06,36.43843078613281,36.45202497085231,35.939954297613944,36.07590305945011,15056800
2013-02-07,35.58649826049805,36.2050579811105,35.56384243420721,36.0215295387447,20182800
2013-02-08,35.75416564941406,36.012465562148236,35.595561046388,35.66353197816985,12914000
2013-02-11,35.42109680175781,35.83800134750034,35.33273112676542,35.70432056228746,11032400
2013-02-12,35.527591705322266,35.73151144428442,35.44149056973661,35.53665334507372,9805600
2013-02-13,35.141597747802734,35.73648572330041,34.99855079064188,35.52305168074719,13917600
2013-02-14,35.41633224487305,35.56845994332659,35.034878337935176,35.10299609692069,12760000
2013-02-15,35.872718811035156,35.89315309935039,35.36184081547536,35.50034565507832,17884400
2013-02-19,35.78643798828125,36.05436346607417,35.57073462716412,35.87725936203162,13210000
2013-02-20,35.28919219970703,35.786447494927174,35.23697006915846,35.67518833760572,15688800
2013-02-21,35.74783706665039,35.940833343036616,35.14613423357846,35.22106342250952,14220800
2013-02-22,36.19966506958008,36.23372566939025,35.57753163587917,35.94309323365875,11738000
2013-02-25,35.39590072631836,36.408576045459064,35.39590072631836,36.14745852635078,11183200
2013-02-26,35.83639144897461,36.008953448151395,35.423146222122746,35.423146222122746,11354000
2013-02-27,36.299583435058594,36.35180901361746,35.71604903676128,35.75010618398389,8318000
2013-02-28,36.020301818847656,36.40629780600346,35.94537263578478,36.40629780600346,11228000
2013-03-01,35.89314270019531,36.07024674350878,35.568449644379186,35.85908209825833,13212000
2013-03-04,36.21556091308594,36.22464166098598,35.772800829954924,35.820480819501064,6570000
2013-03-05,36.394935607910156,36.733251511900086,36.29730283978722,36.34952493751316,10267600
2013-03-06,36.56978225708008,36.71509852852478,36.374513192518776,36.524371571868585,7516000
2013-03-07,36.44490051269531,36.733263735825105,36.24963144685664,36.52664113245599,8687200
2013-03-08,36.48122024536133,36.64697076019312,36.30411619617399,36.63334790481136,9571600
2013-03-11,36.59701156616211,36.692378466343435,36.422180333256854,36.640152910384224,6742000
2013-03-12,36.2836799621582,36.5493360216551,36.10884524339779,36.48348760470089,8340800
2013-03-13,36.18605041503906,36.41991870202532,36.067983343190555,36.21556891530754,11021600
2013-03-14,36.47894287109375,36.57203698180025,36.17014551370039,36.19284911278709,14853600
2013-03-15,35.999874114990234,36.47442222988552,35.99533200665536,36.33591737488684,17599600
2013-03-18,35.8908805847168,36.14291038074256,35.51169256844279,35.71150371982844,15162800
2013-03-19,35.420875549316406,36.181517531893824,35.34821568004703,35.8749893384102,17652400
2013-03-20,36.17697525024414,36.32229152347204,35.58435661973706,35.647932272735936,16070400
2013-03-21,35.82957458496094,36.26779267867448,35.82957458496094,35.97716016381683,14883200
2013-03-22,36.34952926635742,36.36542490842601,35.81140565561347,35.92266475625615,18790400
2013-03-25,37.2373161315918,37.30089176001337,36.442617311710265,36.49938151313037,19336800
2013-03-26,38.02294158935547,38.095597979687994,37.359932539125424,37.44167314363238,17264800
2013-03-27,38.2953987121582,38.42481927977616,37.58016775088173,37.829931603634456,13371200
2013-03-28,38.56333923339844,38.81764529207135,38.17507391315432,38.31584806849277,12456400
2013-04-01,37.99795913696289,38.824445799777095,37.89578079916629,38.54289410368864,13235200
2013-04-02,38.13420486450195,38.34990822206785,37.98888859012577,38.24092188243904,9582000
2013-04-03,37.40761184692383,38.265886366606885,37.30089486220976,38.24090997732036,16624800
2013-04-04,37.80043411254883,37.81178765118353,37.46666017144725,37.55975433779282,8903600
2013-04-05,37.50071334838867,37.559746887119736,37.14423240073231,37.28501001557234,7962400
2013-04-08,37.75727844238281,37.7754434043949,37.34630613761962,37.60969288987647,6125600
2013-04-09,37.40761184692383,37.891243991921115,37.23958854948606,37.87989045777047,6004400
2013-04-10,37.916229248046875,37.986616325784034,37.457573385077886,37.457573385077886,8996400
2013-04-11,38.05927276611328,38.12284841475823,37.741394522888534,37.918498610487035,6590000
2013-04-12,37.63465118408203,37.87987285641936,37.487065702537706,37.67098109063806,7076800
2013-04-15,36.621978759765625,37.437115060302744,36.621978759765625,37.378078092664225,10774000
2013-04-16,37.39853286743164,37.41896715110208,36.89673573697929,36.93079287643002,10092000
2013-04-17,36.83544158935547,37.24414472083457,36.76959660979576,37.17829974127486,9543600
2013-04-18,36.64925003051758,37.09882166072361,36.61746220746489,36.91717547273128,21010800
2013-04-19,37.22823715209961,37.2622942887246,36.72644006328172,36.80136922846876,7620400
2013-04-22,37.130611419677734,37.316799724845815,36.89447378820507,37.13969563508805,5403600
2013-04-23,37.61425018310547,37.618788826981756,37.1306178350297,37.29864120302092,6324000
2013-04-24,37.932125091552734,38.04792632769735,37.60062395833143,37.61424681796884,7447200
2013-04-25,38.318111419677734,38.70864946519903,38.01839818975003,38.12511518268971,9322800
2013-04-26,37.970726013183594,38.50885324474334,37.95029172283175,38.31812280761896,6127200
2013-04-29,38.12284469604492,38.25908019534522,37.95482484013557,38.08424544631946,10694400
2013-04-30,38.250003814697266,38.576962814062476,38.15463687552605,38.27951885338068,12161600
2013-05-01,37.695980072021484,38.20458521033932,37.1465028981673,37.916225498744,12252400
2013-05-02,39.825775146484375,40.79303966730149,38.599669387092526,38.599669387092526,30677200
2013-05-03,40.765785217285156,41.060959814430845,40.05963827705905,40.17998159468591,15026400
2013-05-06,40.618202209472656,41.04507022191278,40.44564024031801,40.72037710521702,13084000
2013-05-07,40.822566986083984,40.83846263539239,40.23903243375916,40.75445267365957,11876400
2013-05-08,40.70220947265625,40.756704363634164,40.348001342831196,40.74762361411079,14449200
2013-05-09,40.54781723022461,40.84299186120752,40.46834593797857,40.695402813409586,11501200
2013-05-10,40.5864143371582,40.64772066037444,40.31394679397117,40.570518693704344,13837600
2013-05-13,40.62726593017578,40.970123868008315,40.44562328704033,40.54779813995685,12480000
2013-05-14,40.94287872314453,41.20853473019703,40.56142154520999,40.6386200160571,16074800
2013-05-15,41.34551239013672,41.35233630595204,40.872367891476735,40.94516095479256,13624400
2013-05-16,40.899681091308594,41.34097964427377,40.89513065554536,41.34097964427377,9913600
2013-05-17,41.98471450805664,41.98698798965985,41.06344769797239,41.14533815822353,13248800
2013-05-20,41.3113899230957,42.05977489656094,41.127137267034016,41.83457874846957,21192000
2013-05-21,41.29775619506836,41.55707547936937,41.033886475333226,41.29547924186868,13422800
2013-05-22,40.976993560791016,41.95057790082471,40.96789616635395,41.418291816696254,19563200
2013-05-23,40.51297378540039,40.83370832365882,40.28777409299473,40.57666599661236,16906000
2013-05-24,41.04753875732422,41.19539842174613,40.24000819306799,40.46293443094122,12306400
2013-05-28,40.95199203491211,41.52294840745328,40.87010155983771,41.50020317441116,9937200
2013-05-29,40.52207946777344,40.99067374788325,40.50615814719876,40.76775096307649,7490400
2013-05-30,41.179466247558594,41.39784201034761,40.56756288629973,40.56756288629973,9628000
2013-05-31,40.52207946777344,41.26364091900912,40.512982066154464,41.07484119994677,12514400
2013-06-03,40.98838806152344,41.09984768525839,40.37875820558373,40.660826165312834,15232400
2013-06-04,40.99067687988281,41.343261093719875,40.64946702216298,40.80869759490567,13528400
2013-06-05,40.31278991699219,40.98838541658994,40.23089944822384,40.9155923461449,12176800
2013-06-06,40.79731369018555,40.813235006895795,40.12626507404741,40.19223423589502,14664800
2013-06-07,40.931514739990234,41.172635697560864,40.842800359922464,41.09301871528478,13899200
2013-06-10,41.47517395019531,41.65942662010445,40.86099722684342,41.067995125934885,13779200
2013-06-11,40.867828369140625,41.38874037335148,40.84507966497144,41.070279340772565,7856400
2013-06-12,40.75182342529297,41.09075975143777,40.651738130365366,41.09075975143777,9994800
2013-06-13,41.45698165893555,41.57299171608811,40.65172823377251,40.75181350433453,9760400
2013-06-14,41.15672302246094,41.50930716476773,40.970196809651206,41.41149535812864,7427200
2013-06-17,41.4797248840332,41.79136194820279,41.28637134335077,41.47290096809988,14779200
2013-06-18,41.85733413696289,42.13485166463488,41.33642213755787,41.33642213755787,7579200
2013-06-19,41.54342269897461,42.11210557676394,41.520673995477104,41.91192809307335,12220800
2013-06-20,40.594844818115234,41.50928404282169,40.594844818115234,41.29318532467356,15534000
2013-06-21,40.83144760131836,41.286394092697954,40.67221702352876,40.945184224163256,17923200
2013-06-24,40.551631927490234,40.82687244437912,39.962473939947,40.5152353971856,15527600
2013-06-25,41.052066802978516,41.25906813768889,40.603944560128014,40.89966025671945,12721600
2013-06-26,41.5479621887207,41.65942526226334,41.05434595611338,41.37508387451966,10392800
2013-06-27,41.9141960144043,42.08252737344525,41.513844571101394,41.727669860136984,11102400
2013-06-28,41.57071304321289,42.018835371205384,41.450152566236675,41.914196207866816,12656400
2013-07-01,42.1325798034668,42.64212094145913,41.7708983049683,41.83231356028425,11616000
2013-07-02,42.13713836669922,42.54658736497995,41.91421212340823,42.100741820329375,8749200
2013-07-03,42.54658126831055,42.63757262119663,41.83913955283531,41.89600784677717,4533200
2013-07-05,43.39959716796875,43.41552195321336,42.651212093656454,42.962849172645456,8495600
2013-07-08,42.787689208984375,43.84998811262925,42.77858834173146,43.583845016385204,19588000
2013-07-09,42.582969665527344,43.11298248021696,42.446487868747994,42.9810476469884,23330400
2013-07-10,42.469234466552734,42.72172979033201,42.26678351115959,42.61709408986256,15523200
2013-07-11,43.21079635620117,43.23354158612461,42.655761375795784,43.06976065843238,14235200
2013-07-12,43.38367462158203,43.3859481032819,43.02654014973088,43.19714499326029,7782800
2013-07-15,43.27675247192383,43.63616034655058,43.17439028247732,43.56109381536617,14529200
2013-07-16,43.0788688659668,43.38595555448081,42.9241853096996,43.26312157326821,7515200
2013-07-17,43.13800811767578,43.208524238969375,42.79679839195984,42.865041031295995,11118000
2013-07-18,43.44963455200195,43.53834892006148,43.208513627069074,43.26765885308474,5938400
2013-07-19,43.20169448852539,43.6725655124939,43.083407494379564,43.46556414047979,9048400
2013-07-22,43.497413635253906,43.517885384599666,43.049291276652006,43.26766701590068,7930400
2013-07-23,42.89689636230469,43.554293769777075,42.88779549058735,43.38596235266194,11710800
2013-07-24,42.48060607910156,43.18577415474417,42.232661205968526,43.17212285163876,13993600
2013-07-25,44.2685546875,44.58474226163934,43.44737638761793,43.44737638761793,21923200
2013-07-26,43.94780349731445,44.26626792910676,43.6361664520066,44.12978267677232,8709200
2013-07-29,43.66800308227539,44.01376310119932,43.50422220336213,43.870453964409364,5776400
2013-07-30,43.54745864868164,43.94781012711313,43.48148949408129,43.83407355666462,13911200
2013-07-31,40.26502227783203,44.334516918411644,38.89563637155519,44.07292417620337,90073600
2013-08-01,40.7563591003418,41.34551365687701,39.41654254244381,41.34551365687701,74287200
2013-08-02,41.855064392089844,41.87553614490215,41.13624832275926,41.313677122396335,21698400
2013-08-05,41.977909088134766,42.11439441696347,41.5821078822705,41.85507506896181,11479600
2013-08-06,41.60255813598633,41.925569544886166,41.138514505571365,41.902824315815764,19986800
2013-08-07,41.261356353759766,41.40011512019903,40.92242009581075,41.26590678882998,15556400
2013-08-08,41.12259292602539,41.527494827254024,40.929239373555326,41.49337524550734,9626800
2013-08-09,40.901947021484375,41.25225762029578,40.84507873332348,41.12714669214885,10028400
2013-08-12,40.89057159423828,40.940615964180886,40.5812079759407,40.80868112260172,13622400
2013-08-13,40.77001953125,41.090757567369366,40.644908580533354,41.0589114590929,11407200
2013-08-14,40.64467239379883,41.36025547280873,40.64467239379883,40.90902533475805,15338800
2013-08-15,39.63739013671875,40.44869136638855,39.52800257437986,40.43957370772903,17288400
2013-08-16,39.455074310302734,39.81970063672848,39.27959591295757,39.58953020297159,12612400
2013-08-19,39.87666702270508,40.31194295084419,39.24540669437167,39.27275270791191,11982000
2013-08-20,39.47557830810547,39.942759092259905,39.40265096658981,39.792349058409144,14135200
2013-08-21,40.653804779052734,41.36255167130315,39.3160748818353,39.48471336285786,30930800
2013-08-22,40.774566650390625,41.34657614825826,40.34157185629061,40.93864969343985,10586400
2013-08-23,40.81558609008789,41.15514400528625,40.478302372789535,41.11184383364884,9807200
2013-08-26,39.88123321533203,40.897636460461655,39.87439671068452,40.897636460461655,13789200
2013-08-27,39.692073822021484,39.89945702759354,39.32744756381918,39.42088093432985,12762400
2013-08-28,39.92908477783203,40.06125949460958,39.509759532579345,39.509759532579345,15672000
2013-08-29,39.96554183959961,40.40081773283786,39.83336365580841,39.90629098922424,9404800
2013-08-30,39.74905014038086,39.99517470972476,39.61003543391904,39.97466519828789,9886400
2013-09-03,40.341583251953125,40.656072942161735,39.938212034065835,40.115968134687066,12550400
2013-09-04,40.152400970458984,40.5375400517242,39.93818135290091,40.314202782110456,9753200
2013-09-05,40.156982421875,40.26864764223129,39.93364502642772,40.138750584856815,7406800
2013-09-06,40.261817932128906,40.539847408180364,39.8926327329715,40.18205754375318,6697200
2013-09-09,40.69025421142578,40.71304140168732,40.40082942389972,40.40082942389972,10801600
2013-09-10,42.06672286987305,42.08039587881343,41.32379373938351,41.569918332412755,19507200
2013-09-11,42.45869445800781,42.508831137373534,41.6838605580475,42.16015553465468,11006000
2013-09-12,42.173824310302734,42.80052926212038,42.173824310302734,42.48603620990543,14212000
2013-09-13,43.071720123291016,43.140088628483845,42.20572717137057,42.271818001424734,16403600
2013-09-16,43.158329010009766,43.545745979682195,43.04438263790803,43.518399963135316,11380800
2013-09-17,43.66423416137695,43.732599176097594,42.9714385417028,43.14463918530432,10400800
2013-09-18,44.13142395019531,44.21118779334658,43.33835825622483,43.395331436370896,10474800
2013-09-19,44.37300109863281,45.122766753536204,44.213473383771706,44.33197859335301,14966400
2013-09-20,45.311912536621094,45.311912536621094,44.18156305047679,44.50745146701959,57707200
2013-09-23,44.72166061401367,45.77452367906519,44.666965119158746,45.11363630039151,19551600
2013-09-24,44.06077575683594,44.84928606419324,43.89669272729762,44.72166670285605,15296400
2013-09-25,43.65513610839844,44.21119499356225,43.45458936886591,44.04483425410505,10594800
2013-09-26,44.11091613769531,44.32513585966833,43.67792134286647,43.857955069015894,9326400
2013-09-27,43.99470901489258,44.14511910867269,43.71212066997556,43.753143185264875,7258400
2013-09-30,43.55031204223633,43.746299973900946,43.35660178653985,43.48194351214534,9561600
2013-10-01,44.03343963623047,44.12231767408244,43.315578828762064,43.593604798494,9384800
2013-10-02,43.714378356933594,43.98329006748486,43.5275046781845,43.732606712423035,8712400
2013-10-03,42.991973876953125,43.78048446836233,42.7845940787574,43.753138446043785,19646000
2013-10-04,43.40900802612305,43.56169574423302,42.846112681630274,42.98968622020607,9365600
2013-10-07,42.46324920654297,42.83243428515896,42.460971531287775,42.83243428515896,11785200
2013-10-08,41.5972785949707,42.930453061072875,41.59271976464028,42.44276253677769,16039600
2013-10-09,41.89807891845703,42.09178564845446,41.04575887436727,41.79552441022466,13448000
2013-10-10,43.07855987548828,43.099069385383174,42.2854941965837,42.37437221682847,10865600
2013-10-11,43.80097198486328,43.80097198486328,42.72987709450105,43.02613827116285,11915200
2013-10-14,44.08356857299805,44.16332893904797,43.3041758832885,43.383936249338426,8922400
2013-10-15,43.6118278503418,44.306901328056135,43.6118278503418,43.99013059262132,10567600
2013-10-16,44.582664489746094,44.62368351992898,43.71894892897238,43.85112715517464,10382800
2013-10-17,45.18657684326172,45.29368672023609,44.5461987345645,44.591776591765424,12605200
2013-10-18,45.68109893798828,45.80416296464579,44.88347434972629,45.28684547231018,14387200
2013-10-21,45.58766174316406,45.96140569409166,45.40990568585504,45.81783563387573,11526000
2013-10-22,45.57398223876953,46.18929184769446,45.46687238907383,45.58993639727885,12202800
2013-10-23,45.32558822631836,45.37572490875326,44.935890099641114,45.27772921949691,7476400
2013-10-24,46.24171829223633,46.348828161895355,45.48967152899732,45.54892239157508,8885600
2013-10-25,46.27589416503906,46.46732321112693,45.92494091387796,46.4308630195151,11014400
2013-10-28,46.28046798706055,46.60407533001414,46.1368944172959,46.39213670547394,6854400
2013-10-29,46.54481506347656,46.774985481961885,46.37161435335106,46.37161435335106,8599600
2013-10-30,46.44911193847656,46.69523310119157,45.95230382866942,46.68611891927804,11946400
2013-10-31,44.81966781616211,45.32786768736923,44.270445440725425,44.9062681760276,24035200
2013-11-01,45.38711929321289,45.79960459950809,45.24126807754994,45.33926028739144,13233600
2013-11-04,44.7626953125,45.57855180713176,44.71028095158471,45.505624455103934,11089200
2013-11-05,44.97919845581055,45.1159355195608,44.43909366099619,44.52569403319589,11058000
2013-11-06,45.3552131652832,45.62184724837195,44.98374689388667,45.29140347757139,8878800
2013-11-07,44.68976593017578,45.66058771216919,44.68976593017578,45.5717096861935,10832400
2013-11-08,45.18885040283203,45.227595229159576,44.61456319514991,44.61456319514991,11462400
2013-11-11,45.41218948364258,45.51018169747551,45.17290139952314,45.26861593769743,8385200
2013-11-12,45.184295654296875,45.391675410042,44.8606883727536,45.307356206907905,9016400
2013-11-13,45.620445251464844,45.620445251464844,44.87144632439461,44.90569794309734,8181600
2013-11-14,45.704952239990234,45.72322093836131,45.38982677518361,45.65471419056928,10909600
2013-11-15,46.12739181518555,46.250701131457916,45.61131432945788,45.615878889188785,12391600
2013-11-18,45.64784622192383,46.289522244365074,45.50398593999845,46.12738978673266,16380800
2013-11-19,45.07467269897461,45.762015105585185,44.944513086685745,45.75060022431472,14462800
2013-11-20,45.24138259887695,45.716358174105736,45.13862424734505,45.16374326522147,10197200
2013-11-21,46.03833770751953,46.1273954107684,45.088386549933574,45.50627376806966,12776400
2013-11-22,46.15478515625,46.20502317980515,45.63413971612941,46.05887715248001,8150800
2013-11-25,46.11140441894531,46.275819160064444,45.96982641358032,46.24613558486006,6742000
2013-11-26,46.47449493408203,46.49276362813675,46.040621290176,46.27811082849021,11246000
2013-11-27,46.581825256347656,46.77364133347848,46.36260439362857,46.46993080248931,5939600
2013-11-29,46.460792541503906,46.828441720118335,46.460792541503906,46.7005608665332,4139200
2013-12-02,46.84214401245117,47.152704841831074,46.60694023921461,46.60694023921461,8762000
2013-12-03,46.07029724121094,46.264399019876656,45.654692391605295,45.654692391605295,17032800
2013-12-04,46.296363830566406,46.431091483607766,45.917296397308,46.077143060610965,11739200
2013-12-05,46.06118392944336,46.34205774607543,46.01779620890716,46.17079262884163,13260000
2013-12-06,46.097713470458984,46.54757008117376,45.89904706830483,46.515600735029444,9106800
2013-12-09,46.03376007080078,46.287232478676216,45.981239765571466,46.077147773362675,12667200
2013-12-10,45.5405158996582,46.05659680245476,45.5405158996582,45.87848143307784,15647200
2013-12-11,46.963172912597656,47.47696819204806,45.89904496423615,45.89904496423615,40328000
2013-12-12,46.45623016357422,46.96088937741891,46.241577345798774,46.80561069143513,11469200
2013-12-13,47.35136795043945,47.49751400801131,46.56583158434192,46.700559273397865,17674400
2013-12-16,47.4404296875,48.08438809511894,47.33538556636886,47.50665065549341,14779600
2013-12-17,48.69637680053711,48.8242541844558,47.4609837087558,47.639099134127896,20647200
2013-12-18,49.17591094970703,49.20559452525469,47.95421874506224,48.66211574886708,16142000
2013-12-19,49.342613220214844,49.751364356997456,48.99094696075545,49.08000466566323,13394800
2013-12-20,49.3174934387207,49.82672064175662,49.30150702517574,49.48875852123205,23263600
2013-12-23,49.78791046142578,49.97059394779366,49.44994827650371,49.550424368225926,7994800
2013-12-24,49.94775390625,50.1441380313545,49.557271420773134,49.88838325797094,5207600
2013-12-26,50.2834358215332,50.29485419246323,50.007130060773704,50.007130060773704,4898800
2013-12-27,50.16239547729492,50.557445919240585,50.04365072297027,50.466105944773425,5242000
2013-12-30,50.445552825927734,50.60768179636532,50.16924366567134,50.37247806194714,5940000
2013-12-31,50.84973907470703,50.85887516298146,50.47295731671026,50.5848517494932,6448400
2014-01-02,50.46839904785156,50.70132056240994,50.1235865632347,50.58942610795405,10654000
2014-01-03,50.502655029296875,50.80636556714218,50.29028448708134,50.63738274238989,7809600
2014-01-06,50.19892883300781,50.76524429493722,50.144122762087,50.5072038353968,8577600
2014-01-07,50.582557678222656,50.71957110466391,50.342789408544725,50.409010357873754,8178000
2014-01-08,50.74468994140625,50.9228053045269,50.38389117179372,50.56200653491437,8487200
2014-01-09,50.67390060424805,51.26990307968113,50.61681225788241,51.04840001703077,8386400
2014-01-10,50.495784759521484,50.863433845976736,50.24002660085951,50.65791371038785,6429600
2014-01-13,49.98656463623047,51.19455623709819,49.92034367439616,50.69902971011354,13554400
2014-01-14,50.84288787841797,50.84288787841797,49.8564029099054,49.950028648929944,10851600
2014-01-15,51.09636688232422,51.356689676787475,50.65564639491419,50.8885678902962,11288000
2014-01-16,50.64194107055664,51.09636216555914,50.5323289155558,50.96620252254127,13514000
2014-01-17,53.019100189208984,53.03736888259262,50.70359643988714,50.70588220430821,38344400
2014-01-21,52.962005615234375,53.77722897539725,52.70853667081691,53.52375654658321,19752400
2014-01-22,53.20408248901367,53.39361630953956,52.90493648122604,53.06935127772083,7254400
2014-01-23,52.12166976928711,53.05335217058533,51.98694208346619,52.900355792456985,13662400
2014-01-24,50.523193359375,51.82709289965993,50.523193359375,51.699212059631186,16043200
2014-01-27,49.37458801269531,50.71045721814411,49.12339779964423,50.71045721814411,19470800
2014-01-28,50.45698547363281,50.776678945535906,49.64404417405528,49.69428221741113,17852400
2014-01-29,49.5800895690918,50.40673125441924,49.43851157473911,50.03223181419892,16800000
2014-01-30,50.438720703125,51.60788947353587,49.39514356648106,51.55080110022443,20040400
2014-01-31,49.19417953491211,49.986566244475526,49.121108246550754,49.354029729221644,24457200
2014-02-03,48.74660110473633,49.74450435853799,48.42690773503221,49.44079391512088,21662400
2014-02-04,48.99094009399414,49.29693631806709,48.26934595113281,48.9041681657316,14913600
2014-02-05,49.23529052734375,49.493331056749135,48.666689147428315,48.69409393250681,13520800
2014-02-06,50.011695861816406,50.011695861816406,49.27411507549476,49.34262181837613,12721600
2014-02-07,50.644222259521484,50.694460291715465,49.88609070127943,50.28114115044414,12537200
2014-02-10,50.36336135864258,50.72416027981081,50.235483965701455,50.66935418952277,10316800
2014-02-11,50.76982116699219,50.89769853698097,50.249175598096706,50.495797733530935,9809600
2014-02-12,51.28226089477539,51.44925840406526,50.98944190971466,51.11526338548551,14650800
2014-02-13,51.254798889160156,51.41493369084053,50.89106337734113,50.9802815876114,13158800
2014-02-14,51.70088195800781,51.755786806111125,51.13125593996858,51.30511954695757,12682000
2014-02-18,51.71461486816406,52.26822574421581,51.61395771057705,51.81069574840344,13427200
2014-02-19,51.215904235839844,52.11037264418439,51.17014844783782,51.67114430664186,9322000
2014-02-20,51.11982345581055,51.46525731551475,50.92079555153955,51.27995824207486,8810000
2014-02-21,51.09694290161133,51.39662444830636,51.01001109758936,51.18158482194237,9136000
2014-02-24,51.74435043334961,52.02801676930118,51.122109419935846,51.181587056998744,10817200
2014-02-25,51.954811096191406,52.25677903341815,51.58421297165249,51.74434774826336,11339600
2014-02-26,51.726051330566406,52.13553912124326,51.53159969541953,51.982266998892634,10413600
2014-02-27,51.764957427978516,52.112681296100995,51.60939886291292,51.744369410368854,8097600
2014-02-28,51.68715286254883,52.15612170365688,50.4884232794773,51.808398005624305,14004000
2014-03-03,50.657718658447266,51.25250552294591,50.23450204141754,51.06949632813195,16422800
2014-03-04,51.58651351928711,51.69403336108704,50.91852006022462,51.50644436367362,14884800
2014-03-05,50.971126556396484,51.65513512902038,50.8544576688428,51.6139556159165,11328400
2014-03-06,51.21133804321289,51.71691027850748,51.08780646704111,51.188460144706866,9120400
2014-03-07,51.600242614746094,51.63913225323069,51.138136249832115,51.4606957986884,8971200
2014-03-10,51.58651351928711,51.78553797549335,51.4080770777207,51.58879991291022,7350400
2014-03-11,51.9708366394043,52.24764385520837,51.387488618920884,51.68945663639353,11062800
2014-03-12,51.72377014160156,52.08521578549628,51.53846755138899,51.72834292851272,9394800
2014-03-13,50.50674057006836,52.041755382073546,50.42667141721962,51.85187999759333,11996400
2014-03-14,50.504459381103516,50.767537783556385,49.998887101570816,50.47014253034171,13692000
2014-03-17,51.19302749633789,51.21590539085484,50.643992934697096,50.78353971362665,8800000
2014-03-18,51.794677734375,51.87703326326393,51.07177959086955,51.380613696872146,8304800
2014-03-19,51.20218276977539,51.95024178887215,50.78582880405512,51.84043556884748,7888800
2014-03-20,50.74464797973633,51.27080462502622,50.536471016571255,51.27080462502622,11890000
2014-03-21,51.09923553466797,53.22675067458452,50.259668426523696,51.007730933442716,38092400
2014-03-24,50.49987030029297,51.75350143726639,50.12240947234852,51.56133968815564,18228400
2014-03-25,49.9622802734375,51.02374985426575,49.9622802734375,50.829301676605944,11675200
2014-03-26,49.34003448486328,50.37176688897883,49.34003448486328,50.316862031266446,10657200
2014-03-27,49.360618591308594,49.45212318310665,48.73837759318781,49.15930430054116,10489600
2014-03-28,48.518768310546875,49.49101956652459,48.15960907349062,49.065516524281385,14950000
2014-03-31,49.38121795654297,49.38121795654297,48.42269195259369,48.67890766108863,11639200
2014-04-01,49.11585235595703,49.90738091359315,49.081538996950336,49.660314256712695,9090400
2014-04-02,49.10669708251953,49.5276238562839,48.811588269659104,49.13414776625465,9344800
2014-04-03,49.186763763427734,49.47729630481661,48.81387916912051,49.36520019277157,14210400
2014-04-04,47.51448059082031,49.34689011962696,47.068389625433824,49.314863165462704,24449200
2014-04-07,46.533084869384766,47.45500744863041,45.98633671327623,47.3040217258532,40124000
2014-04-08,46.34550476074219,47.107292699456714,46.210534236131856,46.39812322885309,21745600
2014-04-09,47.477882385253906,47.53278723706504,46.352359103200016,46.800739999632825,19142800
2014-04-10,46.10758590698242,47.82789966418107,45.78731281633526,47.64259708418734,20403600
2014-04-11,44.982051849365234,45.75298859009196,44.57256064670534,45.57683860663082,29939600
2014-04-14,45.98405456542969,46.19909423877186,45.297759518087666,45.70725085111426,20925600
2014-04-15,46.679500579833984,46.88310129732384,45.563126223794114,46.631458392256825,19214000
2014-04-16,47.89423751831055,47.939989817288975,47.00662825728708,47.35435201274112,15832800
2014-04-17,47.571685791015625,48.39295138506868,47.571685791015625,48.1184340558563,13364000
2014-04-21,47.84162139892578,47.92626332453495,47.672334057030874,47.80730455750943,10012400
2014-04-22,48.033775329589844,48.17332208435574,47.70435325337685,47.88965229857766,9840000
2014-04-23,47.77070617675781,48.109277379532244,47.583117212223286,48.109277379532244,8819600
2014-04-24,47.90339279174805,48.155035704765886,47.48932867269997,47.99490089224413,13547200
2014-04-25,45.50822448730469,46.62231252633987,45.423582545555774,45.75300473817902,38239200
2014-04-28,46.07785415649414,46.194523070803676,45.526529569716274,45.63862569649191,24263200
2014-04-29,46.36381912231445,46.67951605502619,46.162504731521096,46.18538263617604,12760000
2014-04-30,46.350074768066406,46.58570242853534,46.187650089252735,46.27000562528787,12145600
2014-05-01,47.146175384521484,47.42526894822021,46.52164794671936,46.69093529392772,14273200
2014-05-02,46.76414108276367,47.37723310055927,46.6680602012306,47.066112559590664,10908800
2014-05-05,47.384098052978516,47.55567181197997,46.439297436393844,46.6108711953953,13792800
2014-05-06,46.979164123535156,47.35891472860004,46.942560898563094,47.28570827865592,10873200
2014-05-07,47.74325180053711,47.81188199435812,46.768714218444025,47.356638416332835,14732000
2014-05-08,48.24653625488281,48.521057042594414,47.722665949997584,47.79586893355768,14613600
2014-05-09,48.225955963134766,48.23968130658216,47.61744013866582,48.081832875582286,11795600
2014-05-12,48.429542541503906,48.6079789354993,48.27627043336307,48.28770937978356,8732800
2014-05-13,48.51191329956055,48.65603639021962,48.36092753702985,48.495901562085905,7137600
2014-05-14,48.0993537902832,48.5623333951455,48.0993537902832,48.406477385758436,6838000
2014-05-15,47.5469856262207,48.060388906784254,47.31091265502431,47.90224218879811,12685200
2014-05-16,48.0879020690918,48.15207705615138,47.57908360220905,47.57908360220905,12279600
2014-05-19,48.21393585205078,48.356037034414015,47.867849247761455,47.989323516027966,7039600
2014-05-20,47.65471267700195,48.20478841634376,47.53552907555346,48.20478841634376,8740000
2014-05-21,48.154354095458984,48.28499473778614,47.80826393444451,47.867857470658,9096400
2014-05-22,47.98703384399414,48.19560421009344,47.83347208462839,48.16122601668058,16870000
2014-05-23,48.60587692260742,48.65171568676748,48.06497111206225,48.12914608134104,11117600
2014-05-27,49.1628303527832,49.16741527890594,48.777780493047295,48.81674362190577,9676800
2014-05-28,49.00239562988281,49.16283308034052,48.82132775936516,49.16283308034052,7223200
2014-05-29,49.201805114746094,49.20639004195288,48.93364457818265,49.04824327742898,5260400
2014-05-30,49.23845291137695,49.495152750173105,48.894656985586536,49.47911075888485,6136400
2014-06-02,48.93821334838867,49.4355711192416,48.78235735028681,49.362226297246934,6364000
2014-06-03,48.4339714050293,48.871735556572325,48.31478783892131,48.825896799537865,9011600
2014-06-04,48.45918655395508,48.45918655395508,48.005376850220266,48.39730579704134,12589600
2014-06-05,48.640254974365234,48.704429943450016,48.273537867646326,48.61733384371774,6597600
2014-06-06,48.81903076171875,48.9107082938172,48.500446616357166,48.711307738002546,10002400
2014-06-09,48.72277069091797,49.04593977789967,48.50503391856127,48.93134110852521,5516400
2014-06-10,49.10552215576172,49.2269964465402,48.76172620134565,48.81902552708166,6835600
2014-06-11,48.745689392089844,49.02760464295132,48.617339439148324,48.8167435063654,6758000
2014-06-12,48.537113189697266,48.85798801071829,48.41334468925112,48.67921439653897,6218000
2014-06-13,48.42709732055664,48.60587443700358,48.32625344347087,48.56003217791427,7085200
2014-06-16,48.18645095825195,48.35834896659682,48.1245666960111,48.33313711881528,7899200
2014-06-17,48.317081451416016,48.57149059008398,48.108511072532515,48.16351968263779,5722400
2014-06-18,48.41793441772461,48.41793441772461,47.90911608157657,48.234575860119925,10326000
2014-06-19,48.20478057861328,48.626502795448026,47.67762605893312,48.46835608981664,15331200
2014-06-20,48.01455307006836,48.61733970935995,47.925166245396284,48.47982340070427,18358800
2014-06-23,48.00996780395508,48.08789406136887,47.71430127248229,47.90224477277029,14765200
2014-06-24,47.624900817871094,48.26665389520084,47.530932591895365,47.96411530707018,13089600
2014-06-25,47.91598892211914,48.24374289299637,47.51489363084896,47.51489363084896,8244800
2014-06-26,47.893070220947266,48.099346395802925,47.57219189672662,48.09247075645929,8580400
2014-06-27,47.96643829345703,48.10853958218162,47.64097835966103,47.69598700236503,12961200
2014-06-30,48.29418182373047,48.530254847035586,47.78765407150985,47.8243264919178,9961600
2014-07-01,49.10552215576172,49.357640587909486,48.55086510230993,48.57836765953576,10993600
2014-07-02,49.240753173828125,49.38973353559097,49.10552758947351,49.24992302543361,5768800
2014-07-03,49.62351608276367,49.73582404123023,49.300350483096786,49.34847996724392,5571600
2014-07-07,49.67622756958008,49.8618768361285,49.424109122864,49.60517346385209,6612400
2014-07-08,49.33701705932617,49.71060983439963,48.853410542720056,49.68310727333491,12149200
2014-07-09,49.543296813964844,49.57079937506,49.165119112537454,49.392025733393886,5177200
2014-07-10,49.40118408203125,49.71060183330262,48.7456796697288,49.0023830216861,8536800
2014-07-11,49.73582077026367,49.74498712469278,49.13303067129371,49.49516287353346,5696800
2014-07-14,50.659481048583984,50.964313889949445,49.88479302319999,50.136911462607024,13716400
2014-07-15,50.83136749267578,51.5120836272876,50.629672786932254,50.80615565445784,10900800
2014-07-16,51.035362243652344,51.147670179389756,50.6709393769096,51.09724649373404,8853200
2014-07-17,49.93751525878906,50.881807136978374,49.92605469286203,50.86805585677541,9806000
2014-07-18,50.46924591064453,50.85658991603509,50.175873639740985,50.235463680080564,11068000
2014-07-21,50.24462890625,50.45319927415171,50.08189729571923,50.315679504765896,6168400
2014-07-22,50.71218490600586,51.017017683987724,50.563208084688654,50.63425867630986,7699200
2014-07-23,50.69844436645508,51.00556792307835,50.57926078579776,50.764913544951305,8189200
2014-07-24,51.05142593383789,51.305835166792754,50.84285547765585,51.2004028326682,11947600
2014-07-25,49.22471237182617,49.66706154747986,48.438563698112354,49.07115057781445,27530400
2014-07-28,49.09865188598633,49.26825916773192,48.84653342626636,49.1444906521335,10401600
2014-07-29,48.93362808227539,49.44015570099065,48.89466495733938,49.13990427247157,10577200
2014-07-30,49.06197738647461,49.22929044956545,48.92216688244706,48.931336733650504,10422800
2014-07-31,48.36294174194336,48.90155702669877,48.36294174194336,48.88093010020382,13874000
2014-08-01,48.546287536621094,48.83278420873398,48.08101722089167,48.10164414193808,14100000
2014-08-04,48.626495361328125,48.85798335319224,48.47980924323418,48.784642042781726,8079600
2014-08-05,48.25519561767578,48.67921200062358,47.94119645132596,48.47522655359865,11151200
2014-08-06,48.28958511352539,48.44773182782947,48.087890347772515,48.126853473470476,7528400
2014-08-07,47.91140365600586,48.46377000683005,47.81055977834181,48.40188575452329,9568000
2014-08-08,48.23686599731445,48.25749291526842,47.721172064825346,47.87473383838264,9256800
2014-08-11,48.264381408691406,48.41106758199719,48.1383221588331,48.369810237828,9018400
2014-08-12,48.20020294189453,48.40647915600536,48.00538379735453,48.152069960055876,6442000
2014-08-13,48.55153274536133,48.70539066525617,48.32879090728811,48.44130936603698,6451200
2014-08-14,48.801849365234375,48.81792193329946,48.52399050868474,48.70310486106124,7136800
2014-08-15,48.26679992675781,48.985555898467744,48.20709280848075,48.886811397284305,8999600
2014-08-18,49.21518325805664,49.240439645924624,48.51479853427854,48.56531831789128,8352400
2014-08-19,49.37131881713867,49.529766866065515,49.17153832271998,49.313910306886186,8212400
2014-08-20,49.64689636230469,49.70200981287681,49.24044298618951,49.27489020677407,7296800
2014-08-21,49.54355239868164,49.823706254553535,49.534368577281334,49.71577795742561,5544000
2014-08-22,49.621620178222656,49.81910559801588,49.44021082354558,49.646880063449835,7145600
2014-08-25,49.60554885864258,49.90407382681645,49.56651149030302,49.876515357918635,4962400
2014-08-26,49.76860046386719,50.060236769268,49.64230100058822,49.71349051911891,6944000
2014-08-27,49.860450744628906,49.95230297843038,49.43792135890302,49.85815216122409,8035600
2014-08-28,49.27947235107422,49.541255048206686,49.08887565432916,49.37132457661839,11083600
2014-08-29,48.801849365234375,49.37134106243302,48.70540344502695,49.27030147823315,14646000
2014-09-02,49.30931091308594,49.36442433793922,48.84545272700118,49.00619583623536,8066400
2014-09-03,49.34837341308594,49.637714661034735,49.212890116568936,49.387414298871704,7788400
2014-09-04,49.2014045715332,49.628524168655595,49.141700962622664,49.472374651225614,9492400
2014-09-05,49.18992614746094,49.22666494348874,48.935032135344294,49.22436986371781,8202800
2014-09-08,49.54814910888672,49.65148374970126,49.026878737924136,49.14399086365553,10266400
2014-09-09,49.205997467041016,49.47926262221735,49.14170019569817,49.43792665981781,7328800
2014-09-10,49.80304718017578,50.20949703434249,49.150883641088306,49.157775888050715,12646800
2014-09-11,49.35984420776367,49.77318624763194,49.24502716913015,49.761703842981,8861200
2014-09-12,49.1508903503418,49.54356627600059,48.85466384806084,49.34378569315852,8710800
2014-09-15,49.288665771484375,49.511411140945434,49.107256364325224,49.107256364325224,7036800
2014-09-16,49.899497985839844,50.009721388983756,49.061331294933346,49.350672546101976,9211600
2014-09-17,49.49304962158203,49.94313411143255,49.072818693428395,49.83061211298513,12321200
2014-09-18,49.70201110839844,49.75712105646842,49.40578112176742,49.584895460872296,9215200
2014-09-19,49.65838623046875,50.094689725253275,49.483865533342765,49.98905997570884,20475200
2014-09-22,49.11414337158203,49.826006992877126,49.08428981674899,49.826006992877126,9074000
2014-09-23,48.788063049316406,49.11873321422114,48.788063049316406,49.11873321422114,7959600
2014-09-24,49.235843658447266,49.37132692394461,48.73983320747555,48.86153898888,8336000
2014-09-25,48.386199951171875,49.20369673920868,48.31960410382233,49.150878376431294,11729600
2014-09-26,48.66865539550781,48.732952668055646,48.35175919228026,48.55613341657983,7178800
2014-09-29,48.43671417236328,48.5584234567777,48.02107705368648,48.2713808605713,8788800
2014-09-30,48.99700164794922,49.14626583870211,48.457363892282146,48.49180758802855,11456000
2014-10-01,48.2254638671875,49.09807428888713,48.16576025296415,48.87762747949411,11686000
2014-10-02,48.15886688232422,48.22316415421476,47.71796980195831,47.99353003919469,11411600
2014-10-03,48.68014144897461,48.75132747006119,48.26450072209377,48.45969113805405,9960800
2014-10-06,48.63420867919922,48.94651122221085,48.60435862631053,48.81791667578346,8937200
2014-10-07,47.775386810302734,48.4734731021332,47.72946067993506,48.409175818830626,8949600
2014-10-08,48.765106201171875,48.806438664558,47.69501026583811,47.77078995265159,14038800
2014-10-09,47.69730758666992,48.73066119122539,47.667454027944565,48.73066119122539,10996800
2014-10-10,47.07039260864258,48.12441569595455,47.07039260864258,47.738628620561244,11744400
2014-10-13,46.909645080566406,47.70647554201642,46.7810505687366,46.96016485363349,12188800
2014-10-14,46.551422119140625,47.28165682955237,46.487124855479394,46.939504284484684,14018000
2014-10-15,45.98421859741211,46.37918944445644,45.2264255302253,46.12429550832827,19668000
2014-10-16,46.61573028564453,46.66395499663866,44.8222882180438,45.25859168121073,15625600
2014-10-17,47.304630279541016,47.435523414146836,46.74662103143507,47.03825385061384,12731600
2014-10-20,47.72944259643555,47.80981241814407,47.10713272832296,47.196689874987655,7628000
2014-10-21,48.98324203491211,48.999318101414715,47.74092089748829,48.172634062626386,12986000
2014-10-22,48.43441390991211,49.13020480834291,48.399970203628435,48.978645492819595,11042000
2014-10-23,49.205997467041016,49.5780036089444,48.83858148456321,49.11184663973953,9729600
2014-10-24,49.02227783203125,49.176132230768026,48.65027177848675,49.05672504317205,10896000
2014-10-27,49.0062141418457,49.30932933192088,48.73065392252146,48.92584080523775,6658800
2014-10-28,49.763999938964844,49.79844364725815,49.15546756226013,49.281766999231884,10497600
2014-10-29,49.29325866699219,50.15208799192438,49.08429078690738,49.6721535451754,16095200
2014-10-30,54.3429069519043,54.94684574047765,52.361167103056694,52.478279229597,50857600
2014-10-31,55.44055938720703,55.686269557454025,54.489874348115656,54.489874348115656,24956000
2014-11-03,55.465816497802734,55.847009927741965,54.882547451556626,55.33722196816977,12716000
2014-11-04,55.7942008972168,55.8033847200337,54.90551799827952,55.0318139576891,16644400
2014-11-05,57.30060577392578,57.94587713656097,56.03072927998548,56.06747158275375,21939600
2014-11-06,57.4291877746582,57.615190823843136,56.84362015408256,57.29599958419463,13212000
2014-11-07,57.96653366088867,57.96653366088867,57.18807420903249,57.43607945527936,9507600
2014-11-10,57.456748962402344,57.95964469161436,57.0709618573253,57.86319879132966,13145200
2014-11-11,57.34653091430664,57.38097813653661,56.98600714841667,57.22023144067431,8467600
2014-11-12,57.96772384643555,58.016041414773724,57.13714825206746,57.25448941345199,10897200
2014-11-13,57.730743408203125,58.07125534115104,57.42474151516405,58.07125534115104,12473200
2014-11-14,57.25218963623047,57.78596837452966,57.22688110104066,57.78136586521716,8532800
2014-11-17,57.47306442260742,57.8480864303144,57.09573940490207,57.192371036312295,9876800
2014-11-18,57.45697021484375,57.91712294937974,57.30512248056881,57.47077423516995,7647200
2014-11-19,57.486873626708984,57.71004795415675,56.872570229019225,57.57200074786603,6642800
2014-11-20,57.90330505371094,57.95392212323549,56.946186752665085,56.95078926189984,6704000
2014-11-21,58.49001693725586,59.028394817749685,58.16791141320492,58.70168678315889,11886800
2014-11-24,58.58203887939453,58.726988102734765,58.347363531026936,58.6694690154647,10724800
2014-11-25,59.18943405151367,59.35968827492059,58.62804729061475,58.75228695393023,12966400
2014-11-26,59.18943405151367,59.57826357905526,58.807506532451505,59.24005112082003,7977200
2014-11-28,59.40339660644531,59.70479597819008,59.33667251778831,59.49312270651348,5186800
2014-12-01,59.394203186035156,59.969394011043,58.961658562209685,58.961658562209685,10925600
2014-12-02,59.822147369384766,59.87736344041578,59.4126117927029,59.62888409940399,8535200
2014-12-03,60.18797302246094,60.25239411795576,59.51845001854711,59.73702535399713,9382000
2014-12-04,60.082130432128906,60.33751176371117,59.83134107764042,60.298395701953645,7362400
2014-12-05,60.59061050415039,60.622817543273555,60.04992965660743,60.19718189652264,7838000
2014-12-08,60.5330810546875,61.115173862071096,60.39963285743127,60.62511017819783,12342000
2014-12-09,60.7723503112793,60.908094470211005,59.70479303094967,59.70479303094967,10454000
2014-12-10,60.215576171875,60.93341318379085,60.04992093671194,60.68953284054693,8528000
2014-12-11,60.537696838378906,61.10368277519909,60.39735361485347,60.49858778519516,13383600
2014-12-12,59.079010009765625,60.84369885713036,59.079010009765625,59.941796397295136,15325600
2014-12-15,59.06058120727539,59.55524378257769,58.2300022230135,59.39879360439873,12825200
2014-12-16,58.303646087646484,59.46323280575274,58.05976572926717,58.19090741734311,12050400
2014-12-17,59.60816955566406,59.71860871632709,58.37036134840197,58.46699298096761,9714400
2014-12-18,60.77696228027344,60.84368637987718,60.08213431303298,60.24318352618787,10318000
2014-12-19,60.204071044921875,60.8735869273008,60.13734694912886,60.592893548629085,15563600
2014-12-22,60.7884407043457,60.811449732354646,60.28687619205069,60.3766092948747,5680000
2014-12-23,61.03004837036133,61.29693775059955,60.753953971115656,60.972529288966165,5537600
2014-12-24,61.57530212402344,61.85599540349846,61.05763061017462,61.082935625038864,5236800
2014-12-26,61.34294128417969,61.9641500956557,61.34294128417969,61.57532059137287,4768800
2014-12-29,61.06916427612305,61.59144208755804,60.98173413915826,61.31074865795306,5262400
2014-12-30,60.86669158935547,61.057658879291424,60.52847909619695,60.99323778637421,4781600
2014-12-31,60.32601547241211,61.48789810990634,60.32140945221489,61.08066554067038,5904800
2015-01-02,60.97481918334961,61.372853714515195,60.39272641866474,60.59749769822362,8389600
2015-01-05,59.62889099121094,60.625118501856285,59.55986387307192,60.622815491506415,12751200
2015-01-06,59.244659423828125,59.99930956204178,58.6372580074443,59.77153622507687,11070000
2015-01-07,60.03840637207031,60.082121425740375,59.23313941490485,59.460912678807325,9346800
2015-01-08,60.843711853027344,60.997859121888446,60.42497108504253,60.55611632908861,10443200
2015-01-09,59.94178771972656,60.84828904803634,59.76692745699496,60.65041974736017,10523600
2015-01-12,59.82445526123047,60.28000900199347,59.62199395337608,60.05913765255092,6425600
2015-01-13,59.999298095703125,61.15658162048553,59.61506757977593,60.28459046496566,10284000
2015-01-14,58.798301696777344,59.49773565081044,58.46699124599176,59.04678804555244,12225200
2015-01-15,58.23923110961914,59.237761686246465,58.062071326447615,59.062901402866416,10569200
2015-01-16,58.657958984375,58.692472539906035,57.864196356767316,57.95622548347777,11137200
2015-01-20,59.092803955078125,59.74852290207679,58.499206600382294,58.95015775341385,14933200
2015-01-21,59.19404220581055,59.73472302490036,58.554430242756375,58.93635782089274,9784000
2015-01-22,59.267662048339844,59.58976749539186,58.29443667699527,58.77299584881974,11566000
2015-01-23,59.426414489746094,59.96939123314301,59.40110244350461,59.47932754951746,6166800
2015-01-26,59.02149963378906,59.19635994765864,58.3933920338985,59.115831801988456,8552400
2015-01-27,57.746849060058594,58.3910598609344,57.19236436081104,58.3910598609344,11027600
2015-01-28,56.68160629272461,58.211612523264094,56.66780227427068,58.10117686494637,11430800
2015-01-29,57.05893325805664,57.242995035219906,56.40781678386983,56.95079709562396,15668400
2015-01-30,58.648773193359375,60.652736576617166,58.648773193359375,59.91189032279308,22151600
2015-02-02,58.74769592285156,58.9708702691191,57.4500654149006,58.9708702691191,13665200
2015-02-03,59.77153015136719,59.92338136770434,58.6096440135466,59.062891141793855,15075600
2015-02-04,60.944923400878906,61.36826301230017,59.61277946284096,59.72551461950889,22170800
2015-02-05,62.53474426269531,62.53474426269531,61.17729530743948,61.48789976008108,16565600
2015-02-06,61.527000427246094,62.68428380733416,61.20949404495974,62.52322760660696,11242000
2015-02-09,61.0760383605957,61.738659073182916,61.03462632140146,61.524689849309496,7834400
2015-02-10,60.86669158935547,61.630546706354245,60.6550252932157,61.37286233468539,9396800
2015-02-11,61.309234619140625,61.38068735702162,60.90817640856544,61.076439939068614,8795600
2015-02-12,62.443267822265625,62.443267822265625,61.55586256225526,61.684938923623946,11641600
2015-02-13,62.148250579833984,62.86739249593899,61.95232879309279,62.86739249593899,8476000
2015-02-17,62.43405532836914,62.692208089378106,62.20356078687754,62.57466065642931,6810400
2015-02-18,62.030696868896484,62.46402778117971,61.80711685709657,62.434062361948385,6429200
2015-02-19,62.02607727050781,62.2496572381897,61.77253188950754,62.2496572381897,5654800
2015-02-20,62.925025939941406,62.925025939941406,61.55588745016557,62.01226929146984,9034800
2015-02-23,62.92729949951172,62.998752224745104,62.29113249123183,62.91577055516662,6654800
2015-02-24,62.802852630615234,63.11171449488315,62.50321251824454,63.11171449488315,9045200
2015-02-25,62.92729949951172,63.20850304318714,62.523934164230845,62.523934164230845,6842800
2015-02-26,63.0979118347168,63.270782826044794,62.69915354909699,62.971142588065064,13459600
2015-02-27,62.53548049926758,63.1993059786365,62.53548049926758,63.033349608794275,7965200
2015-03-02,64.14431762695312,64.14431762695312,63.25691237780006,63.78013237072754,11653600
2015-03-03,63.45515060424805,64.227308799851,63.04026320303779,64.227308799851,8807200
2015-03-04,63.0979118347168,63.42060294503465,62.75216985206082,63.42060294503465,8021200
2015-03-05,63.18547058105469,63.4182723218191,63.09788152872213,63.385999709218574,6756000
2015-03-06,62.08141326904297,63.26615886174086,62.06066959962419,63.01722076044192,11590800
2015-03-09,62.560821533203125,62.74290712725959,62.021458202404155,62.353370851757035,8902000
2015-03-10,61.127159118652344,62.201257560518314,61.127159118652344,62.15055551092389,11125600
2015-03-11,61.023433685302734,61.629635492888504,60.631590126549284,61.22627001999226,12105200
2015-03-12,62.13670349121094,62.2335142751022,61.38068182138245,61.40373267794074,9530800
2015-03-13,61.08796691894531,61.96615054303556,60.965805095582326,61.96615054303556,12578800
2015-03-16,62.007633209228516,62.245042283352554,61.45675496443507,61.5166857905302,9849600
2015-03-17,60.96580505371094,61.85551059039729,60.88283039675233,61.78636504293178,14290800
2015-03-18,61.696495056152344,61.76794782217674,59.700410899083174,60.87132041721537,50658000
2015-03-19,61.597354888916016,61.947711070348205,60.62006034941509,61.615798390114925,15407500
2015-03-20,62.150550842285156,62.41791831735695,61.569700102439626,62.00303096101166,15372000
2015-03-23,61.846290588378906,62.888123274593944,61.83706883812654,62.722166940723596,8128000
2015-03-24,61.86474609375,62.408716979896575,61.625029752356426,61.86474609375,6534800
2015-03-25,60.601619720458984,62.16897957625985,60.601619720458984,61.864725134585285,13054300
2015-03-26,60.472557067871094,61.12716789147472,59.947029685671595,60.15908780283196,9487200
2015-03-27,60.42644500732422,60.6753759972008,60.06687411409437,60.4080015063647,6521100
2015-03-30,60.537086486816406,61.14558838576575,60.3895666118379,60.86899213724845,11237100
2015-03-31,60.30658721923828,61.044165433772,60.28814371924775,60.36190365094139,7400500
2015-04-01,60.09454345703125,60.40801269003119,59.421496230096196,60.3434744929938,7633000
2015-04-02,60.195953369140625,60.50020784234243,59.75340076865301,59.919357114568996,5083000
2015-04-06,60.112972259521484,60.51864489437409,59.38461571477796,59.67964843990667,8351200
2015-04-07,60.66615676879883,61.02572763528553,60.21438247264141,60.27892065293046,6660800
2015-04-08,61.311546325683594,61.62501551697899,60.6661644411725,60.749139097408936,6604200
2015-04-09,61.256229400634766,61.60657855884725,60.62928398889905,61.376084025622866,5408500
2015-04-10,61.164031982421875,61.486729988017714,60.78602456846436,61.486729988017714,4628500
2015-04-13,60.49099349975586,61.58814986735452,60.39879708165233,61.05340079456393,5059800
2015-04-14,60.417236328125,60.79525080409787,59.81794903170779,60.408014575650114,5621800
2015-04-15,60.55553436279297,60.76759246449265,60.205185144915376,60.481774411407336,5347100
2015-04-16,60.52787780761719,60.85979056386346,60.25128149936651,60.417237877489654,4121300
2015-04-17,59.486019134521484,60.38956069489929,59.3292845583147,60.02076807772194,11212900
2015-04-20,59.6704216003418,60.122188883452445,59.54134523373875,59.92857433354788,5948900
2015-04-21,60.25127410888672,60.6938267409766,59.91936139335317,59.95624136553862,9619700
2015-04-22,62.70372772216797,64.52002556476872,60.65693537231605,60.68459358772473,20912400
2015-04-23,62.43634033203125,62.89732925115832,62.25194054390082,62.87888575527894,7193400
2015-04-24,62.215084075927734,62.86046591975223,62.05834245602647,62.81436420199282,6219900
2015-04-27,61.86474609375,63.25693537665954,61.70801146189661,63.05409901349088,7122400
2015-04-28,61.56049346923828,62.233540783097915,61.228587723134304,62.05836263959948,6297500
2015-04-29,62.08601379394531,63.11863199642689,61.569708209772536,61.6434681601218,9812400
2015-04-30,60.89665603637695,62.23352146152625,60.3158053342232,61.93848875225922,11780600
2015-05-01,60.63848876953125,61.45905564475749,60.06686692264612,60.131405100008436,10142800
2015-05-04,60.46332550048828,60.97963098568726,60.361907346733524,60.896656333052285,7426400
2015-05-05,60.81367492675781,61.21012579304538,60.481762246417766,60.638496835985364,8099800
2015-05-06,60.54631423950195,61.44985608294802,60.14064856423763,60.98886692558777,7084600
2015-05-07,61.38530349731445,61.569696303393606,60.42644543060659,60.46332539864935,6660300
2015-05-08,64.0498275756836,64.68599479350854,61.78176201604377,61.901616651432086,18359000
2015-05-11,63.63493347167969,64.26187894089436,63.42288242078777,63.893093281232666,10998500
2015-05-12,63.330692291259766,63.616503316104165,62.66686678336905,63.2016158907406,7438200
2015-05-13,63.40457534790039,63.61699750539952,62.97972398645625,63.49693311404983,5129800
2015-05-14,64.65140533447266,64.67911195218497,63.58927369468895,63.690869323930066,6491100
2015-05-15,64.2542953491211,65.28872092891685,64.01415945540198,64.74379798314436,7121000
2015-05-18,64.65140533447266,64.8730653226151,63.84787818859581,64.41126957022601,5553800
2015-05-19,64.7991943359375,65.16862536328333,64.65141628784303,64.7807185567031,4351000
2015-05-20,64.44823455810547,64.94697497476227,64.1711612464825,64.88232383073895,4870100
2015-05-21,64.0695571899414,64.53135302858362,63.986430274834255,64.23580397371042,6483800
2015-05-22,64.30046081542969,64.51288297404656,64.00491173432879,64.00491173432879,4511700
2015-05-26,63.30295944213867,64.1896063971593,63.09053030614454,64.01412176509646,6228100
2015-05-27,64.18038940429688,64.41128734420658,63.2660355352593,63.5892912418437,7064800
2015-05-28,64.24504852294922,64.44823986273146,63.54312377190647,64.17116652830305,3893900
2015-05-29,63.43228530883789,64.2819880764098,63.28450723807082,64.03262139004818,6678100
2015-06-01,63.82942581176758,64.1434436215491,63.20138314575875,63.8478945461594,6309400
2015-06-02,63.764747619628906,64.15265429530047,62.81344965700649,63.478436556125054,4457400
2015-06-03,63.681663513183594,64.1896419152647,63.62625024984658,63.967981815469095,4906400
2015-06-04,62.99814987182617,63.86632778530563,62.83190318725438,63.386056453679984,6460000
2015-06-05,63.14598846435547,63.45076847333943,62.80425688283061,63.07209941216936,4413100
2015-06-08,62.50868225097656,63.07207371305449,62.453269007639385,62.97971595867753,4864300
2015-06-09,62.75804138183594,62.88734363177836,62.37013463200867,62.49943688195109,4439700
2015-06-10,64.30970001220703,64.34664453294879,62.90584345625457,63.007439126682684,6807800
2015-06-11,64.31892395019531,64.66988625143144,64.11573265342086,64.37433719606278,5238700
2015-06-12,64.03260803222656,64.41127692829224,63.74628984145566,64.12496578396613,4900700
2015-06-15,63.330692291259766,63.71859917355155,62.96125414536193,63.46923247677728,5995100
2015-06-16,63.73705291748047,63.88482389687562,63.07206589409197,63.21983687348713,5937400
2015-06-17,63.496910095214844,64.10648381442171,63.27525012752295,63.829403569974346,7818300
2015-06-18,64.18961334228516,64.50363109001167,63.61698403905846,63.63545981624495,7596800
2015-06-19,63.441505432128906,64.03260345675884,63.247552053401364,63.97718317251935,8728800
2015-06-22,63.81093215942383,64.13419481553387,63.63545456928719,64.02336130088668,5511700
2015-06-23,64.11572265625,64.27273152602326,63.810935758611876,63.820173646964484,3888700
2015-06-24,63.598541259765625,64.09728175064669,63.50618347547963,63.82943924370423,4670600
2015-06-25,63.3768196105957,64.0787437265516,63.27522403262623,64.0787437265516,4705100
2015-06-26,63.496910095214844,63.92176130264236,63.182892394854946,63.450727705659176,7025600
2015-06-29,61.62202453613281,63.256778351665815,61.594317919225375,62.79498261269173,9706700
2015-06-30,62.019168853759766,62.32395573115608,61.658968742816384,62.19464644214004,6811000
2015-07-01,62.66570281982422,63.08132336166548,62.37015372285648,62.74882974677099,6260800
2015-07-02,63.025875091552734,63.09976409461534,62.45325293392546,62.94275524793968,5053000
2015-07-06,62.915077209472656,62.915077209472656,62.21314545444637,62.38863015481453,5270600
2015-07-07,62.5918083190918,62.988953044071906,61.446556549139316,62.905833170828615,6500700
2015-07-08,61.631282806396484,62.17619857630551,61.557393772577804,61.889887378315755,5973500
2015-07-09,61.92683029174805,62.74882639397005,61.89911661994906,62.48098393814718,4837800
2015-07-10,63.19213104248047,63.30296456324064,62.72110443374914,62.785755559248194,5110200
2015-07-13,64.20809173583984,64.28198076281676,63.57081825588894,63.77400955685273,6832300
2015-07-14,64.7437515258789,64.92847402174787,64.16189151838779,64.62368718839612,5635400
2015-07-15,64.66988372802734,64.91001952815849,64.36510384120342,64.77147937245033,4506200
2015-07-16,65.1778335571289,65.19630228150356,64.62368022214363,65.04853134718041,6512500
2015-07-17,65.46416473388672,65.53805374700916,64.91001122835664,65.0208447480403,6287600
2015-07-20,67.1451187133789,67.42219906235051,65.78744473346674,65.84285798468268,10198500
2015-07-21,66.51707458496094,67.31136405189018,66.27694580394201,67.27441953639976,10919600
2015-07-22,66.47088623046875,66.63713299445168,66.14763059118097,66.443179610879,6303200
2015-07-23,66.26769256591797,66.72948833292786,65.75971440362942,66.68330593764918,10755700
2015-07-24,69.08464813232422,71.0426576341661,68.71521011707955,70.91335538579708,21196100
2015-07-27,68.21647644042969,69.00152789460144,67.95787191872085,68.60438322299294,10293800
2015-07-28,69.02922058105469,69.43560305967605,68.20722478307478,68.62284514887664,10054300
2015-07-29,70.20218658447266,70.5900932940211,68.96457040381942,69.22317487685171,13746900
2015-07-30,70.5439224243164,70.8948917348421,69.49102858562844,70.09136452260357,6507000
2015-07-31,69.58338928222656,70.66399683313773,69.56492055025866,70.60857654434429,8526300
2015-08-03,69.98054504394531,70.22991876689821,69.27862037487975,69.81429824412537,5810800
2015-08-04,69.51874542236328,70.26685950454636,69.2970853833384,69.7588812417335,6957900
2015-08-05,69.25090789794922,70.3499772155827,69.19548760506134,70.23915072269769,6976400
2015-08-06,67.95787811279297,69.65728343688447,67.93017148957665,69.54645694401917,7767800
2015-08-07,68.53973388671875,68.63209164025457,67.71773790129353,68.05023145117843,6484600
2015-08-10,68.69673919677734,69.43561527949603,68.20723678671514,69.16777287567163,6183500
2015-08-11,67.75468444824219,68.59514919105527,67.6253821801171,68.17029787486638,6476000
2015-08-12,68.0322265625,68.30050787529399,66.96835433810769,67.4124078698336,7625100
2015-08-13,68.39298248291016,68.8555347769761,67.88417213624247,67.93043018884421,5992000
2015-08-14,68.66127014160156,68.82778926550313,67.94893558902707,68.31897887080707,3861500
2015-08-17,68.8370590209961,68.8648110387274,67.99521017386529,68.45776262402764,3473500
2015-08-18,68.8925552368164,69.13308445983687,68.46700787792759,68.69828407675779,6325500
2015-08-19,68.8277816772461,69.3458379798293,68.15245223310347,68.64275652776082,5886900
2015-08-20,68.41148376464844,68.94804613768594,67.35686506343026,68.05069352781001,12082300
2015-08-21,65.85822296142578,68.10622824877379,65.64544571963152,67.07010817471537,15752200
2015-08-24,63.240196228027344,64.1653014893408,55.506315678807404,59.35475695370803,20950600
2015-08-25,61.95427703857422,66.42253545403734,61.61198568051926,66.32077334915589,14485000
2015-08-26,65.39566802978516,65.67319526664706,62.81462449642475,64.17452983681801,12220000
2015-08-27,66.97757720947266,67.06083323906658,65.4974112001228,66.55202992290883,9122200
2015-08-28,67.03308868408203,67.22735983272807,66.23749804220449,66.70005041269195,6411400
2015-08-31,65.95994567871094,66.68152597197594,65.51589246701674,66.52425991995385,8313300
2015-09-01,63.795249938964844,65.11815057835923,63.36970241931246,64.21155148892349,11491500
2015-09-02,64.40582275390625,64.71110208776815,63.55472065619266,64.70185611806988,9218000
2015-09-03,65.12736511230469,65.75643652127877,64.74806883928169,65.17361610741298,9035200
2015-09-04,63.980262756347656,64.67409147997958,63.499204222154695,64.10052386090052,9469400
2015-09-08,65.24765014648438,65.69170362223085,64.34105125973822,65.45117436211856,7984900
2015-09-09,64.38726043701172,66.0339450274254,64.22999439365445,65.45113183605001,9022200
2015-09-10,64.97013092041016,65.35867334840957,64.25779607775316,64.29480112679948,7244200
2015-09-11,65.46044921875,65.50670024627938,64.25780957509967,64.62785308529924,6452100
2015-09-14,64.76659393310547,65.49742762745645,64.3965505734608,65.4234175439295,7059300
2015-09-15,65.2291488647461,65.4511720658346,64.30404395922193,65.20139684685881,6962600
2015-09-16,65.67321014404297,65.78422529873093,64.80361613529232,65.17365253493502,8207600
2015-09-17,65.64544677734375,66.90359008111845,65.21989934488917,65.95998613228276,7663300
2015-09-18,64.56304931640625,65.50665288002526,64.48903925628262,64.59080132445565,14508100
2015-09-21,65.47893524169922,65.97849282276852,64.96087866488284,65.33092210174804,12756500
2015-09-22,64.98860931396484,65.11812341557417,64.11900858202571,64.75733312423543,11394000
2015-09-23,65.63616180419922,65.82118693998493,64.66480630877643,64.90533545630423,10655800
2015-09-24,64.97936248779297,65.34015281354347,64.42430099109912,65.081124585619,8406700
2015-09-25,65.39566802978516,66.10799570152004,64.9516145696197,65.85822048254529,7756600
2015-09-28,62.16703796386719,65.01636236052501,62.00977184626973,64.93310631873435,15261200
2015-09-29,63.39743423461914,63.554700365185184,62.167043090329706,62.463076359979276,11326700
2015-09-30,64.44282531738281,64.44282531738281,63.14767675244874,64.12828590998838,9309200
2015-10-01,64.74810028076172,65.46968108833778,63.81374926479342,64.8406093738884,8679900
2015-10-02,65.37714385986328,65.43265493824296,63.240154378936985,63.647202683108986,7460400
2015-10-05,66.82030487060547,66.92205987793747,65.60841310852307,65.73792718111392,7286800
2015-10-06,66.68157196044922,67.1071194254021,66.4502957039754,66.81108609943526,5782500
2015-10-07,67.7361831665039,67.7454361919132,67.02384842778694,67.23662566425823,6208900
2015-10-08,68.36528015136719,68.39303217989877,67.3754178051138,67.53268400545475,5713100
2015-10-09,68.43927001953125,68.54102507471354,67.90270743334351,68.49477406017449,5947800
2015-10-12,69.37361145019531,69.7806598470056,68.1524733177544,68.21723037561149,5586300
2015-10-13,69.38285827636719,69.61413447062174,68.59652062749956,68.88330084981862,7439400
2015-10-14,68.64278411865234,69.62340016011237,68.19873769737927,69.23485071901017,7568300
2015-10-15,69.69739532470703,69.76215943923945,68.9943207273844,69.34585802604572,6856200
2015-10-16,70.30796813964844,70.8075256023363,69.1885921254365,69.68814958812436,9117400
2015-10-19,71.22380065917969,71.53833989104326,70.2431920488757,70.2431920488757,9952600
2015-10-20,70.56703186035156,71.13134666363386,70.24324641371255,70.90007033632122,8148800
2015-10-21,69.80841827392578,71.1775766974765,69.66965112063494,71.1775766974765,7277900
2015-10-22,70.69652557373047,71.09432102387385,69.97494477067768,70.20622103104031,9093400
2015-10-23,71.2978286743164,71.8158851184419,69.33660390185756,71.65861899190233,11971300
2015-10-26,72.32470703125,72.44496813679645,71.31633894108539,72.2321979455996,8019400
2015-10-27,71.714111328125,72.32468380169483,71.28856402441961,72.18591668879363,9527400
2015-10-28,72.9630126953125,72.98151168442254,71.64011264729186,71.99164990429443,10850200
2015-10-29,72.6300048828125,72.8150230834511,72.09344221977186,72.70400792827277,7648600
2015-10-30,71.7696304321289,72.90750535756156,71.75112438407916,72.8242493153057,11186500
2015-11-02,69.58638763427734,70.50223945543382,68.9480630320826,69.55863561818016,29966000
2015-11-03,72.06563568115234,72.69470696864893,69.20705935512095,69.50309248700248,18899900
2015-11-04,72.48198699951172,72.9260405764684,72.06569250573348,72.50049305496401,8640800
2015-11-05,73.32384490966797,73.74013945361742,72.54675282083785,72.54675282083785,9392600
2015-11-06,72.85200500488281,73.61059067943947,72.45420964761593,73.61059067943947,8221600
2015-11-09,72.19520568847656,72.52824410220545,71.50137683620673,72.52824410220545,10157300
2015-11-10,73.65950775146484,73.70584189899334,71.92644942245933,71.96352098288844,8440300
2015-11-11,73.38146209716797,74.3731031902104,73.3721924409687,74.00239471967541,8024400
2015-11-12,72.57518768310547,73.35367634969825,72.41763884640989,73.08491282615297,8939800
2015-11-13,72.38983154296875,73.18685239591635,72.07472682240302,72.30641876638367,9913200
2015-11-16,73.1219482421875,73.13121789584544,71.89861557427898,72.09323587705147,7805000
2015-11-17,73.05709075927734,73.47413334617953,72.72345386148537,73.15903575975132,6942600
2015-11-18,74.5677261352539,74.60479769066208,72.97368460608311,73.17757462549001,7212400
2015-11-19,74.28041076660156,75.0774313203169,74.00237770993832,74.69745328092209,6082200
2015-11-20,74.31745910644531,75.06813822609114,74.12283885582129,74.68816030534508,6764300
2015-11-23,74.24332427978516,74.8642566346083,73.7335994687077,74.68816859611373,5910600
2015-11-24,73.94676971435547,74.32674066143016,73.40924293978742,73.42778224686849,6040800
2015-11-25,73.7336196899414,74.22480533131889,73.7336196899414,73.93750967028863,4268700
2015-11-27,73.99310302734375,74.2804057185507,73.77995049297208,73.80775238261414,3139500
2015-11-30,73.22389221191406,74.26186714573832,73.17755101493665,74.1969937123743,8874600
2015-12-01,74.0579605102539,74.07649274069668,73.0014395375521,73.70578449579608,6702100
2015-12-02,73.251708984375,74.28042154434637,73.18683553783065,73.98385620719,7310000
2015-12-03,72.55663299560547,73.92824502245905,72.36201265682254,73.54827400026629,8689600
2015-12-04,74.51212310791016,74.51212310791016,72.70492188412551,72.82540620811693,9944600
2015-12-07,73.724365234375,74.59552196826073,73.27951367632699,74.26188506739364,15262400
2015-12-08,73.2795181274414,73.8355773057706,72.62151394150632,73.19611243249626,11344000
2015-12-09,72.1766357421875,73.90969316176796,71.73179139182548,73.05706893134618,15361500
2015-12-10,72.39910888671875,73.31660710249812,71.94498753741776,72.20448848159451,8717100
2015-12-11,70.5362777709961,71.49084720231455,69.98948124769196,71.49084720231455,15625800
2015-12-14,71.24060821533203,71.66692034471185,70.04507749415498,70.61966872169253,10361000
2015-12-15,72.86245727539062,73.6316688620681,72.48247923838278,72.63076541985149,11355300
2015-12-16,74.01166534423828,74.1228800080567,72.4268935058752,73.63168721253241,10497500
2015-12-17,72.92736053466797,74.40091794456248,72.87174965853882,74.12289184662548,7555300
2015-12-18,70.73090362548828,72.46396159950268,70.69383207265273,72.3249450440383,16271200
2015-12-21,71.51862335205078,71.69471138322002,70.80501571690158,71.26839931835947,8442100
2015-12-22,71.7132568359375,71.81520181270477,71.04599026619798,71.75959803289496,5699100
2015-12-23,72.80683898925781,72.8995213785511,71.8800716617136,72.3619946316138,6335900
2015-12-24,72.52881622314453,72.94585871061112,72.4546731367186,72.6122218923683,2188800
2015-12-28,72.77906036376953,72.89027502406587,72.12105619937013,72.32494620790885,3680900
2015-12-29,73.40924835205078,73.5760667747098,73.12195270717811,73.21462803739435,4627100
2015-12-30,72.61225891113281,73.39074757414197,72.52885319938763,73.27953288780424,4230400
2015-12-31,71.8708267211914,73.02928616498446,71.8708267211914,72.51029152610596,6538300
2016-01-04,70.15633392333984,70.78653643854607,69.51686881913432,70.48997096495953,13476800
2016-01-05,70.68453979492188,70.906969040749,70.00800361654971,70.666007559773,8972700
2016-01-06,69.7577896118164,70.29531648187915,69.36854894205035,69.50756548715972,16092000
2016-01-07,68.38619232177734,69.59098614029128,67.97841225392634,68.35839042091054,12470800
2016-01-08,67.54281616210938,69.0534517863167,67.4223389266526,68.63640214848895,9977600
2016-01-11,68.50664520263672,68.65493138205731,67.33892335773353,67.75596586367408,13069500
2016-01-12,69.2851333618164,69.50755555981905,68.59932038940744,69.06270409313956,10236900
2016-01-13,67.74671173095703,69.86901043309423,67.64476672691774,69.75779577304887,12659600
2016-01-14,68.39547729492188,69.06274427717796,67.3389624013352,67.79307671542954,10426200
2016-01-15,66.56973266601562,67.60770807514587,65.48541603868757,66.67167768950908,18470500
2016-01-19,66.16192626953125,67.67255463515939,65.48539000513236,67.59841861446351,16009600
2016-01-20,65.50395202636719,66.18049566905536,63.98405331557253,64.83667804198366,16586000
2016-01-21,66.31947326660156,67.03308812832411,64.96639370322308,65.54099204000333,11931200
2016-01-22,67.37600708007812,67.8208586747521,66.84774978865815,67.3482051811628,8652600
2016-01-25,66.48628997802734,67.57061318824145,66.33801087371774,67.43159666686283,9126200
2016-01-26,66.61605072021484,66.9774895086733,66.31022279429455,66.89408382087926,7500200
2016-01-27,65.71707153320312,67.17209588693902,65.41123663237802,66.70871224472155,9020500
2016-01-28,64.25279235839844,66.5882433431737,64.25279235839844,66.18973303605105,15295600
2016-01-29,69.03490447998047,69.04417413414973,63.72453101957589,65.27223094414464,40427800
2016-02-01,68.93296813964844,69.30367657548338,67.88572334878941,68.65494211577872,12623500
2016-02-02,68.02473449707031,68.77541389381649,67.7745033177051,68.11740983100476,9572700
2016-02-03,68.93296813964844,69.16466002821086,67.12577423713168,68.35837678124584,9941900
2016-02-04,68.28424072265625,69.16466716172891,67.43161618177047,68.67348143862462,14735700
2016-02-05,66.30093383789062,68.21934187611593,65.38343618587157,68.17300068260377,12939400
2016-02-08,62.80701446533203,64.91078011737602,61.44467252455358,64.82736738673965,30542600
2016-02-09,63.32603073120117,64.39181486726478,61.27787521841093,61.52809935507082,14882800
2016-02-10,65.01274108886719,65.82829393777584,64.01183049883736,64.07670394056106,11369500
2016-02-11,63.45576477050781,64.01182379428039,62.491925829654086,62.825562658052455,13962100
2016-02-12,65.26298522949219,65.30932644666278,64.05819136050404,64.35475676663557,8710200
2016-02-16,65.89317321777344,66.49557355611023,65.24443874305719,66.18047597429819,8780700
2016-02-17,66.88677215576172,66.97034948402688,66.20890100859992,66.60819759233758,8494100
2016-02-18,66.15318298339844,67.09106701112464,65.94889071155453,66.75677185440294,6938100
2016-02-19,66.42249298095703,66.59892854709777,65.28032348601336,65.95819482553624,7750900
2016-02-22,67.84324645996094,67.9639685185481,66.95179482205222,67.11894244694935,7481500
2016-02-23,66.9981918334961,67.89893093937239,66.8496130972334,67.74106426093726,6177000
2016-02-24,66.7196273803711,67.03535373370266,65.35459000003867,66.16247114554432,7728600
2016-02-25,68.03821563720703,68.10321706411018,66.80318852604704,66.82175732603757,6840900
2016-02-26,67.53678894042969,68.63253248342379,67.4996442509659,68.47466578204639,6714100
2016-02-29,67.22106170654297,68.62324360504253,67.22106170654297,67.65750294601551,7786100
2016-03-01,69.31039428710938,69.31039428710938,67.69463947758669,67.77820970420248,8705300
2016-03-02,68.99467468261719,69.27324918762508,68.40037390371806,69.18039101928912,5739100
2016-03-03,68.63252258300781,69.18039073316093,68.12179203233619,69.16182193342019,6588300
2016-03-04,68.62324523925781,68.94825241959687,68.35395155136969,68.9203956733714,9475300
2016-03-07,66.8031997680664,68.20537465360388,66.25532443371951,68.1496611596323,16671900
2016-03-08,65.57744598388672,66.41317663861808,65.4752998665974,66.39460783757666,12394400
2016-03-09,65.63316345214844,66.0046032571253,64.90885972898731,65.93031387920492,9291600
2016-03-10,65.20600891113281,66.3017524183509,64.61170806836621,66.06031548703169,10135100
2016-03-11,66.51533508300781,66.8682061298128,65.63317163524712,66.06961292916326,9466400
2016-03-14,66.38533020019531,66.59891041076249,65.88388747873934,66.48747633334148,7916500
2016-03-15,66.77532196044922,66.77532196044922,65.61457730463239,66.097443964218,6442800
2016-03-16,67.2024917602539,67.62964504905847,66.4038986728204,66.56175828473461,7561800
2016-03-17,67.91751098632812,68.40966573360764,67.01677173128816,67.11891785822827,7411700
2016-03-18,68.51181030273438,68.80896073308762,67.90822149852855,68.25180456175343,15026200
2016-03-21,68.50253295898438,68.66039968440043,67.92680789619169,68.32610451294768,7397400
2016-03-22,67.7503433227539,68.39107664081065,67.72248658451198,68.01034899250935,6796800
2016-03-23,68.63252258300781,68.87395240275795,67.57391679755898,67.74106433372205,7287100
2016-03-24,68.84610748291016,68.86468337046479,68.16823636429727,68.3910974225758,6303900
2016-03-28,68.79043579101562,68.96686432224224,68.45614045814573,68.84614931828408,7283300
2016-03-29,69.99755096435547,70.1925552380811,68.64180190562685,68.7346600715023,10541500
2016-03-30,71.29759216308594,71.50188439489699,70.42470974884762,70.48043032046621,9691900
2016-03-31,71.0190200805664,71.4275974735847,70.52685828493972,71.14902294443014,7490800
2016-04-01,72.04974365234375,72.66262027186959,70.3875634294752,70.80542869942563,10183400
2016-04-04,72.27262878417969,72.71835089928031,71.99404714877284,72.40263165813614,6905800
2016-04-05,71.47406005859375,71.9383582197283,71.11190805967901,71.63191973306884,6012000
2016-04-06,72.62548065185547,72.6904820780363,71.50188052237307,71.57616989075805,6220400
2016-04-07,72.04043579101562,72.41187538319481,71.67828413691169,72.16115064750996,7542100
2016-04-08,72.45832824707031,73.0062034463195,72.25403604004939,72.5047608703473,5327500
2016-04-11,72.2633285522461,73.15477971548373,72.21689592603227,72.76477115993427,5957200
2016-04-12,72.9133529663086,72.941216796692,72.10547900081653,72.17048043579435,5962900
2016-04-13,74.01837158203125,74.22266379492223,73.2754991806195,73.38692614428817,9187300
2016-04-14,74.5941390991211,74.90985842619324,73.64696694865022,74.06483951549109,11470300
2016-04-15,74.36195373535156,74.92839774294782,74.1948062071326,74.51981332182953,7186700
2016-04-18,75.63410186767578,75.72696708687889,74.1297816674386,74.47335747385252,7761200
2016-04-19,74.9841537475586,75.89418126940915,74.63128969215373,75.68060099598793,8324700
2016-04-20,75.3555679321289,75.81057799516763,74.79841174080848,75.10484304102823,8521300
2016-04-21,75.02124786376953,75.83840953377785,74.91910176944062,75.68054996422335,9536900
2016-04-22,73.4612045288086,73.69335344791503,71.76187274064006,72.43046276120623,18216000
2016-04-25,72.56048583984375,73.21050016090336,72.26333542384153,73.07121643826541,11184600
2016-04-26,72.92264556884766,73.08050519464737,72.53263693406288,72.84835618566231,6071800
2016-04-27,73.13623046875,73.35909154798532,72.58835508837346,72.81122325223475,6319400
2016-04-28,72.13333129882812,73.60979540998167,72.05904192496988,72.75548886448561,8322600
2016-04-29,71.7247543334961,72.43977723361853,71.37189039767779,71.98476008458593,8092700
2016-05-02,72.85763549804688,72.86692344100105,71.65046504511709,72.25404672926965,7636800
2016-05-03,71.67832946777344,72.76478511718236,71.43689251747409,71.90119053017452,7666300
2016-05-04,71.56688690185547,71.85474936849073,70.89829670936429,71.09330100140345,8854000
2016-05-05,71.83621215820312,72.15193150759588,71.51120486187891,71.63191983347713,6002300
2016-05-06,72.17051696777344,72.24480638381694,71.29763404083408,71.7155066926072,6172600
2016-05-09,72.63479614257812,72.76479904424656,72.04049513934335,72.1426412884581,9242300
2016-05-10,73.54480743408203,73.66552945984404,72.81122275805201,72.82050361801376,6802600
2016-05-11,71.90760040283203,73.79598766385423,71.89829600972931,73.61923968076482,8432500
2016-05-12,72.45642852783203,72.73550350341498,71.69363163803297,72.37271029346002,7512800
2016-05-13,71.4703598022461,72.81920532005448,71.4703598022461,72.28896866373057,7562700
2016-05-16,72.37269592285156,72.61455328334975,71.59129040468116,71.64710254984689,8597900
2016-05-17,71.43316650390625,72.48433567944979,71.1819976027275,72.1587529345621,7169900
2016-05-18,72.02850341796875,72.4471086949517,71.07035708834604,71.35872929706008,6288500
2016-05-19,71.51688385009766,71.86107537451069,70.90292883839798,71.50758655548188,5552200
2016-05-20,72.25177001953125,72.59596152182137,71.79595421165483,71.9447889848269,6302100
2016-05-23,71.8238525390625,72.54943883577486,71.7587360021055,72.33548754170339,5934300
2016-05-24,73.84249877929688,73.95413021006786,72.24249085461614,72.24249085461614,7582300
2016-05-25,73.54480743408203,74.11225467425844,73.44248041718652,73.95411550166406,5846700
2016-05-26,73.48897552490234,73.86107302294333,73.36804685433604,73.86107302294333,4284000
2016-05-27,74.1029281616211,74.1029281616211,73.34012448292269,73.34012448292269,4374600
2016-05-31,73.43317413330078,74.29829792658526,73.26573058953053,74.28899353605067,8639600
2016-06-01,73.69363403320312,73.78665663913857,73.08897644886791,73.20060783429238,4507000
2016-06-02,74.37271118164062,74.37271118164062,73.42386917242665,73.74014747644117,5627500
2016-06-03,74.36341857910156,74.60527596901444,73.63783221502112,74.00062539706134,7628000
2016-06-06,74.92156219482422,75.2564493044844,74.57737069401487,74.68900209629193,7620100
2016-06-07,74.97736358642578,75.34946111010721,74.92155144188305,75.07038619305365,5515700
2016-06-08,75.9541244506836,76.00993659945279,74.85644057614307,74.97736926419982,8860900
2016-06-09,75.5913314819336,75.85179763974742,75.33086532411977,75.56342540747791,6670900
2016-06-10,74.58668518066406,75.11692199319977,74.27039971332118,75.11692199319977,7859900
2016-06-13,72.93082427978516,74.58665049999615,72.91221550362063,73.48896691285412,10424600
2016-06-14,73.08899688720703,73.2564404635821,72.52154960600109,72.67039149485531,7891700
2016-06-15,72.71688842773438,73.3401477758117,72.60526412489713,73.0889859972571,7424000
2016-06-16,72.88433074951172,73.04246990731035,71.75874076614446,72.45642103578976,9650800
2016-06-17,71.61920928955078,72.86573516621905,71.4703745100931,72.85643077463692,14602200
2016-06-20,71.94477844238281,72.9122291663342,71.92617675990122,72.8378153392379,9957500
2016-06-21,71.93549346923828,72.56805723949296,71.7680499095482,72.38200489696442,9201000
2016-06-22,71.1912841796875,72.33548279359258,71.1912841796875,72.16803926709842,9626700
2016-06-23,72.77271270751953,72.78201000195152,71.50758514197925,72.33549856539102,13566200
2016-06-24,69.8145523071289,70.73548841417235,69.2564023298451,69.58199218231792,18375000
2016-06-27,68.22380828857422,69.3773111692213,68.14009008282689,69.0052136947277,16318400
2016-06-28,69.91687774658203,70.23315610252054,69.29361123235162,69.80524633421877,14815200
2016-06-29,71.38665008544922,71.40525886884947,70.42850355830656,70.67967245401023,12178100
2016-06-30,68.99591827392578,71.75873297739022,68.65173392044808,71.61919551917254,24877300
2016-07-01,69.28428649902344,70.64243620763914,68.93079071511974,69.30288817846473,13821400
2016-07-05,69.46102905273438,69.74010393160219,68.67963074737487,69.07032990005462,11081000
2016-07-06,68.89356994628906,69.53543779704779,68.67961872748131,68.94938917059487,11263800
2016-07-07,69.31222534179688,70.03781183497807,69.08896249991638,69.13547736626785,8806700
2016-07-08,71.08895874023438,71.20989451583928,69.57266967622844,70.04709419453015,10975000
2016-07-11,71.1819839477539,71.80525033660116,71.06105526489975,71.45175448381642,8185900
2016-07-12,72.07501983642578,72.1587380547742,71.20989609430829,71.33082477542382,10245500
2016-07-13,72.0564193725586,72.35409601188051,71.81455488524362,72.26107339281197,6559200
2016-07-14,72.68896484375,73.06106232364722,72.27035961459633,72.61454392833673,6607400
2016-07-15,72.83781433105469,73.2564196042108,72.6052542688191,73.16339699875054,8153400
2016-07-18,72.84713745117188,73.20993070911236,72.77272359872252,72.88434792598274,4864200
2016-07-19,73.228515625,73.3866547685187,72.21455003414758,72.326181422192,9395500
2016-07-20,73.82388305664062,74.18667626621895,73.25643581147013,73.25643581147013,7922100
2016-07-21,73.29362487792969,74.16805292113574,72.93083177429513,73.89828241637707,9018000
2016-07-22,74.33549499511719,74.49363411985365,72.86571383103082,74.40061152278334,12532400
2016-07-25,73.43317413330078,74.57736576808865,73.23782451509724,74.57736576808865,7979900
2016-07-26,73.01454162597656,73.54477818575799,72.50291384214174,73.47036437347722,9673200
2016-07-27,73.0517807006836,73.29364520256647,72.12154025962627,72.98666415369644,10194400
2016-07-28,73.66571807861328,74.41921031192749,73.07036496389138,73.20059801416375,8709700
2016-07-29,72.60525512695312,73.81456320656929,72.5587402750883,73.71223621020262,7777700
2016-08-01,72.80060577392578,73.05176752495596,72.30757956463577,72.84711352928764,8908800
2016-08-02,72.81919860839844,72.99594650993905,72.32617245901588,72.62384902640737,7910000
2016-08-03,73.21920776367188,73.21920776367188,72.7540876479602,72.81920418027305,7272700
2016-08-04,73.93550109863281,74.09364024402737,73.25642256668833,73.33084349293405,5954400
2016-08-05,74.54945373535156,74.64247634175128,74.10294238576498,74.16805891996177,6662500
2016-08-08,74.37271118164062,74.7355043407963,74.23318081055803,74.63318443439255,5119700
2016-08-09,74.47502136230469,74.86572760459202,74.37269438184477,74.38199877020536,4455700
2016-08-10,74.12155151367188,74.62388215529324,73.96341235719034,74.3913220673484,5945500
2016-08-11,74.53086853027344,74.67970331398348,74.27039523873073,74.41923711961228,6577700
2016-08-12,74.4378433227539,74.49366258005715,74.09365887238161,74.23319636988181,4420400
2016-08-15,75.2657699584961,75.48902571411864,74.43784929943294,74.5401763326709,6290300
2016-08-16,75.17272186279297,75.2657515773244,74.62388345234555,74.80992868706686,6182600
2016-08-17,75.33111572265625,75.34975679430356,74.92110456973036,75.20997719489179,4655400
2016-08-18,74.79999542236328,75.09818872881681,74.46453417340614,74.55771824864364,7453900
2016-08-19,74.986328125,74.986328125,74.30607125380598,74.55767593459103,8480900
2016-08-22,75.53614807128906,75.55478914866605,74.51110920968112,74.86521147547647,7954500
2016-08-23,75.29383850097656,76.18841787346827,75.29383850097656,75.82499522556492,10007800
2016-08-24,74.8186264038086,75.46160852228688,74.72544234114943,75.29387436570508,5028000
2016-08-25,74.84656524658203,75.0329333328943,74.54837204279033,74.81861074458386,5773700
2016-08-26,75.07953643798828,75.61069335767667,74.70679311849929,75.12613201898222,7932200
2016-08-29,75.35910034179688,75.47091836788246,75.05158655108566,75.05158655108566,4766700
2016-08-30,75.63861846923828,75.6572595381869,75.21928684119551,75.48020493059855,4128700
2016-08-31,75.38700866699219,75.66656067044332,75.20995408816798,75.4335971128256,7386100
2016-09-01,75.75977325439453,75.99273687804337,75.45225956490154,75.6106731227062,6240600
2016-09-02,76.41212463378906,76.55190433245635,75.94619704455864,76.01142662267127,6408900
2016-09-06,76.90597534179688,76.90597534179688,76.23503874971554,76.41209343637253,8140400
2016-09-07,77.56758880615234,77.58622988280345,76.74755917069534,76.85938430213898,9304700
2016-09-08,77.31597900390625,77.93099935653112,76.9618696980288,77.36256746924143,7961100
2016-09-09,75.78775024414062,77.16689132413379,75.78775024414062,76.7848345648947,11563000
2016-09-12,77.31597900390625,77.46507204626,75.64795837999728,75.79705142235103,9882700
2016-09-13,76.3095703125,76.82209317076135,76.05797270629927,76.79413867112639,8834300
2016-09-14,75.93685150146484,76.61710868595647,75.89957645345956,75.908896992833,10999500
2016-09-15,76.42142486572266,76.533242907346,75.65730410684463,75.8716267596153,10580300
2016-09-16,76.47731018066406,76.6543648376708,75.87160324149758,76.16979644254292,11702000
2016-09-19,76.88735961914062,77.38124164176162,76.62644135130233,76.81280951133266,8361700
2016-09-20,76.85936737060547,77.5582582918206,76.71026722819292,77.31597411514325,6473300
2016-09-21,77.54895782470703,77.5769123312723,76.66369149637512,77.26939854007844,7536200
2016-09-22,77.67938995361328,78.08008766404221,77.53028982439066,77.73529894732903,6599400
2016-09-23,76.91529083251953,77.76327494611716,76.89664975646961,77.65145692776744,8283700
2016-09-26,76.23502349853516,76.6543623394392,76.1232054952166,76.5518577634062,8486800
2016-09-27,76.56118774414062,76.76618981200753,75.94616021207784,76.21639893590961,7969500
2016-09-28,77.31597900390625,77.35325404186632,76.3561698822656,76.76618108085333,7974300
2016-09-29,76.33756256103516,77.39987672939435,76.21642396621866,77.083049430879,5885400
2016-09-30,77.06436920166016,77.38120344871933,76.11388067945478,76.56117399604243,9776800
2016-10-03,77.21350860595703,77.44647236421554,76.69167206249469,76.80349011638536,8155400
2016-10-04,77.09236145019531,77.83784112814534,76.9525817888644,77.60487739575679,5772000
2016-10-05,77.6700668334961,77.76325085641656,77.2507351756114,77.30664416746663,6163400
2016-10-06,77.67938995361328,77.79121505053024,77.23209667543091,77.45574686926483,7687100
2016-10-07,77.23210906982422,77.99622958100431,77.00846594958499,77.80054096210915,8238100
2016-10-10,77.45577239990234,77.8471497038876,77.28803825398184,77.4650858289345,7371500
2016-10-11,76.44935607910156,77.14824706422434,76.01138325757341,77.04574248431406,6227400
2016-10-12,76.64503479003906,76.91527345581093,76.24433705934089,76.26297102169357,3923600
2016-10-13,76.29093933105469,76.53321641035106,75.58272783818221,76.0859301797374,6810900
2016-10-14,76.8314208984375,77.52099852872092,76.44936414983655,76.44936414983655,6698100
2016-10-17,76.5518798828125,77.05508237160413,76.44937527716114,76.95257776595277,8473700
2016-10-18,76.02069091796875,76.75685681740802,75.80636125732772,75.94614085257312,11680400
2016-10-19,77.1668930053711,77.22280912731014,76.08594514421672,76.08594514421672,8440900
2016-10-20,76.87799835205078,77.43710964544125,76.57048465236598,77.39052118485878,6945200
2016-10-21,76.73825073242188,76.91530544108696,76.02072557694392,76.43073690457899,8043200
2016-10-24,77.50237274169922,77.89375010561727,77.07372032748104,77.5955568127051,16267000
2016-10-25,76.44005584716797,77.50236985798394,76.13254202575055,77.50236985798394,15085900
2016-10-26,76.17913818359375,76.65438617392805,75.86231092969668,76.05799960583698,8748400
2016-10-27,76.33756256103516,76.6637104005332,76.04868977597826,76.37483761547632,7039200
2016-10-28,76.61710357666016,77.67941749075956,76.51459897885337,76.89665575382485,10919600
2016-10-31,76.88735961914062,77.25078250784247,76.74757994437309,76.82213005218105,10024000
2016-11-01,76.0579833984375,77.05506764600794,75.78774468149952,77.00847206707523,10881500
2016-11-02,75.0888442993164,75.8343237029524,75.03292818966615,75.37771694614531,9170900
2016-11-03,75.15408325195312,75.60136952827735,75.051578665819,75.24726730039674,7563100
2016-11-04,74.88384246826172,75.70387202521727,74.85588796544882,75.15408117793146,7588100
2016-11-07,76.88735961914062,76.90599359134782,75.89958846440904,76.07664319308056,7277900
2016-11-08,77.23210906982422,77.4930343378377,76.55185917216296,76.7755022924022,7152000
2016-11-09,77.56758880615234,77.623504926618,75.68524530518764,76.23503620510493,12158500
2016-11-10,76.29093933105469,78.23851204959594,75.87160049168213,77.62349170513055,17171600
2016-11-11,76.30027770996094,76.99916889464625,75.96480937255289,76.0300389320773,7368000
2016-11-14,73.03877258300781,76.61709851197635,72.03237485845847,76.43072329669869,21773500
2016-11-15,73.21581268310547,74.11971274614774,72.49828779823413,72.89898554444402,18523400
2016-11-16,74.77996826171875,74.88268856594918,73.54733173540247,73.57534506847459,9997700
2016-11-17,75.70446014404297,75.8258536549257,74.87336450354103,75.00409816893793,8081800
2016-11-18,75.47100067138672,76.10599576767785,75.20019320574565,75.77916162792137,7920800
2016-11-21,76.28341674804688,76.36745675225708,75.54570139403232,75.85386232503511,8942100
2016-11-22,74.63988494873047,76.28340248227482,74.01423017511601,76.28340248227482,18133900
2016-11-23,74.3037109375,74.695911800379,73.7247426700729,74.6865787734876,12802600
2016-11-25,74.82666015625,75.05078108584175,74.46247255122516,74.69592650954618,6495700
2016-11-28,73.84616088867188,74.71460993485735,73.81814755241585,74.38777580445415,11793100
2016-11-29,73.9115219116211,74.31306299014668,73.72475447716201,73.88350857756451,8575200
2016-11-30,72.20263671875,74.19166178997963,72.16528323215354,74.19166178997963,15353900
2016-12-01,70.43771362304688,72.48277214323042,70.26962652379277,72.43607851170788,21053000
2016-12-02,70.70854949951172,71.20347084547635,70.19494784363289,70.40972866094152,13629600
2016-12-05,72.19329071044922,72.46409812297169,71.4835958960267,71.55829573871166,12119200
2016-12-06,72.00655364990234,72.80963599457964,71.6330258181651,72.78162265397823,13896600
2016-12-07,74.06095886230469,74.22904605947018,72.13729981376235,72.15597300257983,13919800
2016-12-08,74.03291320800781,74.58386821778272,73.74343259873137,74.40644094141385,13320100
2016-12-09,73.90218353271484,74.63989888652556,73.61270290791609,73.91152368577428,10728300
2016-12-12,73.3045425415039,73.79946379072572,72.76292765107462,73.76211030264963,11942300
2016-12-13,73.95820617675781,74.2383537576985,73.07108404452715,73.59401859620426,12995100
2016-12-14,73.89285278320312,74.68660203193308,73.8835197534053,74.03292659912313,20146200
2016-12-15,74.23833465576172,75.06942990773838,73.89282034476413,74.11694120162872,14070900
2016-12-16,73.16446685791016,74.20100297086428,72.99637972812168,73.97688917262937,19141700
2016-12-19,72.93099975585938,73.39790757391795,72.8562927951025,72.87497309751568,8699100
2016-12-20,73.17381286621094,73.37925349955292,72.54815793699656,73.2205065099522,6917400
2016-12-21,72.9683609008789,73.3512287716386,72.8189540881193,73.28586195522216,9343600
2016-12-22,72.74424743652344,72.89365424993414,72.08123911728192,72.8563007654693,12074000
2016-12-23,72.97769165039062,73.28585251284177,72.74423774691813,72.91232484239625,6192900
2016-12-27,73.16446685791016,73.63137476016159,73.0524135210173,73.08975988368212,3776000
2016-12-28,73.1177978515625,73.44463203651426,72.80963685241474,73.2111780294843,7587100
2016-12-29,73.14579772949219,73.62203868657313,73.11778439371679,73.29520456177751,6241100
2016-12-30,72.85630798339844,73.34189620510037,72.78160813151686,73.23917589375762,7127300
2017-01-03,74.23833465576172,74.6212024429034,73.29517897535277,73.54731315821365,13785200
2017-01-04,74.8453369140625,74.94805722080956,74.1076215858105,74.1823285587991,8033100
2017-01-05,75.72309875488281,76.13397987250134,74.91068379434259,75.02273709954969,7805100
2017-01-06,76.76900482177734,77.03047213569674,75.58306175522864,75.91923605153929,8898300
2017-01-09,76.3394546508789,76.99312297242126,76.24607447986577,76.83437596925388,7305300
2017-01-10,75.92857360839844,76.47952873082328,75.76048645022057,76.29276126370875,6017500
2017-01-11,76.3861312866211,76.3861312866211,75.55503583813214,75.87252977375769,7499200
2017-01-12,75.98458099365234,76.07796113251949,75.18149897538864,75.68576027460873,6884000
2017-01-13,75.79779815673828,76.43279294595774,75.44295085152163,75.65772441473686,7291200
2017-01-17,75.88188934326172,76.09666303127226,75.41498134825547,75.41498134825547,6326500
2017-01-18,76.19002532958984,76.41414624421377,75.62040426382195,75.89120456787354,8512300
2017-01-19,76.32073974609375,76.43279304027598,76.02191908753034,76.37676639318487,6479400
2017-01-20,76.42349243164062,76.83437372141832,76.20871875703877,76.65694641456884,9048500
2017-01-23,76.71295928955078,76.8530330659888,76.10597767461817,76.29273796023672,7414200
2017-01-24,77.72149658203125,77.96428357421408,76.43282614520898,76.94642771415258,8397500
2017-01-25,78.34716033935547,78.69266768433599,77.92693888338,78.24444001396927,9360900
2017-01-26,77.73082733154297,78.36582237795709,77.58142050415401,78.36582237795709,8428200
2017-01-27,78.22573852539062,78.25375898109604,77.43199660049966,77.80552430763906,5445900
2017-01-30,78.1603775024414,78.19773098836798,77.18921536614634,77.94560386392482,8792800
2017-01-31,77.23589324951172,77.76816789670082,76.66626512057012,76.69427845077246,7479400
2017-02-01,76.98377227783203,77.590746812367,76.61958470733155,77.41332666548776,7534400
2017-02-02,76.85302734375,77.22654788717591,76.1713388155471,76.70361342682148,11142300
2017-02-03,80.3828353881836,81.07385682412337,79.47703326467588,80.06533443148923,28079600
2017-02-06,80.1493911743164,80.40151824060119,79.85057048028203,80.37350491373037,9665300
2017-02-07,80.10273742675781,80.63501227564551,80.00001709412591,80.2708245961145,8600300
2017-02-08,79.45838165283203,80.15874349093787,79.44904862459393,80.12139712908737,7587700
2017-02-09,79.91595458984375,80.09337473992751,79.26227928203605,79.7198541348361,6554700
2017-02-10,80.21475982666016,80.43887357123774,79.58910509730536,80.12137969345679,10432000
2017-02-13,80.71904754638672,80.96183454738565,80.30816627631188,80.49492660391873,6046300
2017-02-14,81.10189056396484,81.2139510106161,80.5509427312714,80.79372967901008,5952000
2017-02-15,81.90182495117188,81.90182495117188,81.11592299586728,81.41531251740969,8049700
2017-02-16,81.78018951416016,82.0327964894843,81.20011927058965,81.91117196625538,8680600
2017-02-17,81.82699584960938,82.0328275345148,81.37791502618936,81.64923082391633,5887200
2017-02-21,82.25735473632812,82.36962849315832,81.55565981666152,81.87376522534217,9301300
2017-02-22,82.14509582519531,82.47255205749637,81.87377290757144,81.96733081137023,8389900
2017-02-23,82.5006103515625,82.79064196534077,82.21057873778423,82.54739286772471,6040500
2017-02-24,82.73448944091797,82.73448944091797,81.67727191848736,81.73340521443698,5151300
2017-02-27,82.33221435546875,82.68773725686532,82.24801438066855,82.63160394033184,6131600
2017-02-28,82.27609252929688,82.68774880471723,82.10768541816662,82.48192423601293,8521900
2017-03-01,83.25843811035156,83.39877852004531,82.72515026392313,83.02453980686523,11131400
2017-03-02,82.82806396484375,83.38941845121626,82.42575860764171,83.26779390620524,10544200
2017-03-03,83.07133483886719,83.18360861114007,82.50062232133227,82.62224688778645,5700600
2017-03-06,83.211669921875,83.52041028426444,82.58481698948468,82.82807324477032,7347600
2017-03-07,83.32391357421875,83.54846104241942,83.12743989304946,83.25842234716232,5688400
2017-03-08,83.23038482666016,83.54849028226907,83.14618485012335,83.42685857659026,5866800
2017-03-09,83.37071228027344,83.73559306448571,82.99647356523244,83.28650517883456,5953900
2017-03-10,83.95079040527344,84.07241496524966,83.36136205474831,83.73560080438115,12246700
2017-03-13,84.30630493164062,84.49342071889728,83.83850832548926,84.01627331998989,8944100
2017-03-14,83.78236389160156,84.23144457658879,83.49232518045481,84.13788669538384,6009400
2017-03-15,84.12853240966797,84.29693945833449,83.65138505345375,83.9694832909299,6350700
2017-03-16,84.24081420898438,84.51213709877747,83.70752636022132,84.49342123713117,9174400
2017-03-17,84.42794036865234,84.79282119747015,84.36244912086481,84.43729830062503,8613400
2017-03-20,83.43624877929688,86.12140534289453,83.2397749533771,84.47475838631118,9438000
2017-03-21,82.38835906982422,83.93208973015516,82.33222574552511,83.72625802370946,11092100
2017-03-22,82.81871032714844,83.30522280842963,82.1918645705072,82.1918645705072,7828600
2017-03-23,83.1368408203125,83.63270424420078,82.72517738704127,82.77195991828104,7710700
2017-03-24,83.44556427001953,83.83851172198356,83.23973261289265,83.32393257916635,7597600
2017-03-27,83.22100830078125,83.25843288355078,82.39768889387925,82.62222925248719,5230000
2017-03-28,83.38008117675781,83.66075489644378,82.79065280319692,83.38008117675781,7045500
2017-03-29,83.43624877929688,83.63272260521666,82.85617809942872,83.25848368717313,4738000
2017-03-30,83.27714538574219,83.36134534007127,82.89354878133011,83.34263661844558,6227100
2017-03-31,83.14617156982422,83.59525231564743,83.14617156982422,83.24908739449407,6429800
2017-04-03,83.60462951660156,83.69818743204489,82.70646067992503,83.39879781981938,9125800
2017-04-04,83.0619888305664,83.57656810484026,82.949722180188,83.27717847381143,4859900
2017-04-05,83.2958755493164,84.39051806543041,83.22102636752804,83.38943345754642,7251600
2017-04-06,83.35197448730469,83.51103071750335,83.06194295001475,83.26777454603003,8473900
2017-04-07,83.02454376220703,83.49234039146582,82.81871210325154,83.23973335239052,5439500
2017-04-10,83.1368408203125,83.50172172234396,82.8187353115087,82.91230037398823,5999400
2017-04-11,83.12747192382812,83.12747192382812,82.4538435356796,82.8935735744994,7058500
2017-04-12,82.9684066772461,83.46426993962568,82.85613292164685,82.98711540084109,5912500
2017-04-13,83.14617156982422,83.997557683536,82.73450827114482,82.77193285629838,7242700
2017-04-17,84.02562713623047,84.1098342401328,83.0339005796675,83.35199885705185,6122800
2017-04-18,83.95079040527344,84.12854827939094,83.49234454641824,83.86658329605109,6823500
2017-04-19,83.9695053100586,84.7834741150601,83.82916487636717,84.28760363094894,7301300
2017-04-20,85.27933502197266,85.60679126587932,84.10984333801255,84.33438374268988,12178300
2017-04-21,85.27933502197266,86.82306547240213,85.15770331851391,86.79499167605805,19442600
2017-04-24,85.93424224853516,86.54237931456389,85.14834731127489,86.21492309070544,11705400
2017-04-25,86.17750549316406,86.40204590230853,85.68164215138167,86.06523171958636,7769200
2017-04-26,85.90617370605469,86.52366869006956,85.84068246272071,86.09328950472032,11295200
2017-04-27,85.70030212402344,86.07454068503802,85.40091270281314,86.02775818815863,5856800
2017-04-28,85.34478759765625,85.65353497543866,85.12024729472701,85.5038366814808,6888500
2017-05-01,85.38224792480469,85.7658374721859,85.26997415732187,85.41031458217276,9042100
2017-05-02,86.5798110961914,86.77628484683046,85.63485979625133,85.71906691110289,11627700
2017-05-03,86.48624420166016,86.58916003244703,86.05587215382882,86.44881961428219,4909000
2017-05-04,86.65465545654297,86.86983792183511,86.30848336010321,86.7294974968995,5257000
2017-05-05,86.15876770019531,86.9914521507833,85.85002739295359,86.91660298744812,8844500
2017-05-08,85.99972534179688,86.22427284945343,85.62548663371227,86.12135702627992,5223600
2017-05-09,86.07459259033203,86.20557509497208,85.91554342584215,85.98103467816216,3969500
2017-05-10,86.30846405029297,86.45816237353505,85.77517626525866,85.79388498665946,6747600
2017-05-11,86.16813659667969,86.36461032193282,85.71905583553256,86.18685245889999,7052200
2017-05-12,86.75757598876953,86.80435137427315,86.05588096411695,86.25235471445836,5898800
2017-05-15,87.2253646850586,87.40312255451339,86.74821011334257,86.75756804479079,7040100
2017-05-16,87.15052032470703,87.68380823855698,86.98211323938544,87.33763613594851,5497400
2017-05-17,86.00238800048828,86.93964155321603,85.95552246258104,86.67721170256061,8240200
2017-05-18,85.95552062988281,86.6772098544749,85.62748332355777,85.62748332355777,8239800
2017-05-19,86.67718505859375,86.98647320140626,85.9554960404564,86.20855842628245,9361300
2017-05-22,87.45511627197266,87.72692062788315,86.63033581832022,86.72405973226404,9186200
2017-05-23,87.9706039428711,88.16742629710483,87.60507569205473,87.6894250650081,7616100
2017-05-24,88.86100006103516,89.02970597329221,88.12056895450013,88.12056895450013,6825300
2017-05-25,89.07659149169922,89.3952543137448,88.93600200816456,89.12344988575865,7262400
2017-05-26,88.72978210449219,89.15155044601549,88.46735228346063,89.03907745814068,4133900
2017-05-30,88.7766342163086,88.92659102679565,88.42047338388576,88.72040130621035,6292700
2017-05-31,89.25466918945312,89.53584099705063,88.53297986686252,89.11407971031541,9866000
2017-06-01,89.4139633178711,89.4608216909293,88.67353237707195,89.4139633178711,8911900
2017-06-02,90.11692810058594,90.15441909976772,89.42336249241528,89.42336249241528,8570200
2017-06-05,90.4918212890625,90.529305133569,90.07942749272942,90.27624985443126,14510500
2017-06-06,89.77951049804688,90.53868351840512,89.5639390542527,90.22938815800862,7030300
2017-06-07,90.06068420410156,90.18253173394012,89.75139598766336,90.00445128305401,6720300
2017-06-08,90.06068420410156,90.08880781530198,89.31088570431979,89.85449444336831,7720300
2017-06-09,88.62670135498047,90.21066228487463,87.83003719610673,90.06069827108874,16887100
2017-06-12,87.63320922851562,88.13932701690062,86.97713458654097,87.8112896959133,15610000
2017-06-13,89.11404418945312,89.35772489543757,88.07369246946735,88.10180892395208,8700100
2017-06-14,89.3389892578125,89.9763218234221,88.99220294320818,89.3389892578125,6347000
2017-06-15,88.26115417480469,88.59856598314155,87.66131254902275,88.51421660639545,12793900
2017-06-16,88.26115417480469,88.51421660639545,87.85813491210655,88.39236908352721,14705100
2017-06-19,88.84225463867188,88.89848755698395,88.33613692183432,88.80476364290506,5984300
2017-06-20,88.45796966552734,89.00157833124521,88.4111112878676,88.84224697598587,5626700
2017-06-21,88.60795593261719,88.82352025558225,88.16744559784841,88.67356339839057,5611400
2017-06-22,88.05496978759766,88.57983664774638,87.97999493672833,88.56108757202112,5846500
2017-06-23,89.58268737792969,89.64829483406965,87.99872674310947,88.25178918156107,11637300
2017-06-26,89.24526977539062,90.229381553698,89.13279679329437,89.78887846284191,6970800
2017-06-27,88.94537353515625,89.35776028203361,88.69231104322809,89.17968694955304,6283600
2017-06-28,90.19190979003906,90.35124117300822,88.72042204290939,89.17967426762864,5571300
2017-06-29,88.49549102783203,89.77953114771556,88.11122073617578,89.77953114771556,8872500
2017-06-30,87.8956527709961,88.68294961462811,87.8956527709961,88.45800357320273,9036600
2017-07-03,87.49260711669922,88.48610062468286,87.49260711669922,88.4579770149396,6197700
2017-07-05,88.1112060546875,88.47673435807718,87.83940167384034,87.8675181355354,9339600
2017-07-06,87.39888763427734,88.07371128880577,87.34265471329219,87.58633547134563,8215700
2017-07-07,88.02686309814453,88.48612254560003,87.63321827233527,87.63321827233527,6175800
2017-07-10,89.12342071533203,89.38585766901662,88.24240739818494,88.24240739818494,8851800
2017-07-11,89.42337036132812,89.62956014895644,88.97348548223552,89.1140749538693,5554100
2017-07-12,90.14501190185547,90.39806711630187,89.62951978822011,89.95756412453771,5974800
2017-07-13,89.92009735107422,90.58554643560959,89.76075883170842,90.36997499804188,6721700
2017-07-14,90.84797668457031,91.26037048847185,90.0888036825482,90.1075456051454,6195800
2017-07-17,90.7542495727539,91.18538528406276,90.52930360545498,91.0166793839266,5914900
2017-07-18,91.45722198486328,91.61655340505705,90.54808470977869,90.7730236059745,7435000
2017-07-19,92.08513641357422,92.16011839348268,91.4290619660631,91.51341133045374,6390400
2017-07-20,91.95394134521484,92.91931130493244,91.78523542939297,92.8911948440749,8572900
2017-07-21,93.35045623779297,94.18461136176745,92.87245490417114,93.35045623779297,17400200
2017-07-24,94.07213592529297,94.1189943096658,92.91931097943569,93.30358834494702,9186000
2017-07-25,93.71598052978516,94.52201915541967,93.53790721761737,94.33457130555556,6774900
2017-07-26,94.52200317382812,94.65321807668288,93.59412431773356,93.73471375669962,7205400
2017-07-27,93.32231140136719,94.83128979622632,92.36631617545237,94.63446746002842,10543900
2017-07-28,92.92867279052734,93.341059409647,92.32883120755719,92.9005563336187,6558800
2017-07-31,93.31293487548828,93.72532860958648,92.91929021149004,93.25670196653856,7576600
2017-08-01,94.54076385498047,94.72821169616853,93.68785973101815,94.06276256407108,6018100
2017-08-02,94.92501831054688,94.92501831054688,93.9502739667545,94.6907049726355,5955600
2017-08-03,94.27833557128906,94.75633690633333,94.03465478538035,94.6063800496724,5697500
2017-08-04,94.55950927734375,94.98127051095963,94.29707942970035,94.6251167392546,4618000
2017-08-07,95.12184143066406,95.16870695889808,94.27831197718113,94.58760730190416,7047100
2017-08-08,94.92501831054688,95.33741207348709,94.59698106760608,95.13121519201698,6283700
2017-08-09,94.63449096679688,94.94378635079622,94.2877045831603,94.4376685817092,6902100
2017-08-10,93.2473373413086,94.55011897538039,93.19110442638275,94.2314562565661,8560800
2017-08-11,93.80970001220703,94.00652954112341,93.28484033690138,93.30358941140618,5268200
2017-08-14,95.47798156738281,95.70292032261385,94.42825545851446,94.6438268306717,5657600
2017-08-15,96.1903076171875,96.33089704818701,95.57172413173535,95.93725236192877,5386000
2017-08-16,96.99297332763672,97.56561921521346,96.35461432979011,96.46726844547781,13408300
2017-08-17,95.90400695800781,97.1901073548495,95.90400695800781,97.00235766780722,7381600
2017-08-18,96.23257446289062,96.77705143134422,95.69747996544734,95.82890618150769,5670900
2017-08-21,96.89907836914062,97.02111493083167,96.0635802138787,96.33582223198061,5395000
2017-08-22,97.69703674316406,97.81907331932365,96.82398712029152,97.10561880335668,5481000
2017-08-23,96.86154174804688,97.60316518702751,96.68317453195782,97.41540833793601,5057200
2017-08-24,96.89907836914062,97.16193075566927,96.35459433293678,96.99295319830223,4082300
2017-08-25,97.0211410522461,97.5186842267296,96.84278097747551,97.3027727777462,4467400
2017-08-28,97.42481231689453,97.47175332662741,96.93665876175818,97.30277571865857,3919900
2017-08-29,97.41539764404297,97.69702930566802,96.35459842134449,96.61745081902619,7135300
2017-08-30,97.37785339355469,97.63131615914241,97.18070693319787,97.34968449765324,8712700
2017-08-31,97.18073272705078,97.80970931636175,96.72074090923805,97.68766555496775,13766000
2017-09-01,97.53746032714844,97.70643792452205,97.10563028101411,97.66888655152879,4466800
2017-09-05,96.70196533203125,97.1244057590384,95.99789317889115,97.06808227868873,6337500
2017-09-06,96.86154174804688,97.3966362341226,96.78643900841028,97.01174006512862,6372200
2017-09-07,98.15702819824219,98.98314397974278,97.26520647469445,97.35908131472192,6508600
2017-09-08,98.03497314453125,98.35414897290376,97.68762842348777,97.94109832219756,5787200
2017-09-11,99.649658203125,99.649658203125,98.71089553924665,99.02068893725229,6956000
2017-09-12,99.70600128173828,100.10966959308912,99.28356086478159,100.10966959308912,5212400
2017-09-13,99.34925842285156,99.75292667100119,98.79538470460393,99.75292667100119,6215700
2017-09-14,99.58395385742188,100.29740838791085,99.03946974558185,99.03946974558185,8154000
2017-09-15,98.85172271728516,99.64028000760057,98.52315001746217,99.26477346651113,12622900
2017-09-18,98.41050720214844,99.05824867148807,98.21336787128925,98.89866071253424,7330300
2017-09-19,98.95498657226562,99.44314005907512,98.41050244922279,98.6921269816235,9754400
2017-09-20,98.5419692993164,99.29297552426982,98.06319808595477,99.03951262436922,8198600
2017-09-21,98.86109924316406,99.14273092259297,98.24151957548803,98.57008509336102,4777600
2017-09-22,99.09579467773438,99.20844878735063,98.62641329762053,98.76722914409298,4959400
2017-09-25,96.71134185791016,99.18029264026073,96.45787904972785,99.03947678585196,9395300
2017-09-26,96.63622283935547,97.65008098838989,96.57989221393845,96.79581075995837,6263600
2017-09-27,97.52803802490234,97.74395655674046,96.59866513175064,96.7582530418716,8337400
2017-09-28,98.17582702636719,98.55133362349281,97.38726245618412,97.39665209071524,5947800
2017-09-29,98.79537963867188,98.97374683471936,98.27906447661486,98.33538794391801,7676300
2017-10-02,98.98313903808594,99.49945421355598,98.66395600329808,99.07701387342678,4885600
2017-10-03,99.12394714355469,99.41496844229633,98.84232263914153,99.18027777418996,4411100
2017-10-04,98.86109924316406,99.26476749717689,98.47621025428175,99.23660576167222,4146800
2017-10-05,99.73414611816406,99.7435357504717,98.71089822455205,99.13333856991296,4396100
2017-10-06,100.19413757324219,100.41004896499247,99.38680114715335,99.78107972858547,4587000
2017-10-09,100.45699310302734,101.0578006255803,100.01577351192331,100.0720969789781,4787000
2017-10-10,100.7386245727539,101.01086661934525,100.27863284819183,100.99209451642463,4015600
2017-10-11,101.79944610595703,101.94025480420133,101.01088158482803,101.10475643772162,6473100
2017-10-12,101.4896240234375,102.05288014414236,101.29248473930032,101.85574086000517,6496100
2017-10-13,102.00594329833984,102.56919940240373,101.76186302710919,101.85573785075483,5154600
2017-10-16,101.66798400878906,102.3720559003674,100.59779530656515,102.12797563920714,5552200
2017-10-17,100.95452880859375,101.78063730139031,100.72922779459289,101.62104938156429,5979400
2017-10-18,101.19864654541016,101.38639626621122,100.87946342541703,101.0296689318121,4817300
2017-10-19,100.46640014648438,101.17986193984784,100.35375318482177,100.70109086620464,10840200
2017-10-20,100.96394348144531,101.10475217375118,100.41945933055636,101.10475217375118,7848900
2017-10-23,100.9451675415039,101.60230583008875,100.54149923180776,101.43332823156032,6316700
2017-10-24,101.7712631225586,101.98717452292527,100.61658190263839,100.97330913404762,10511200
2017-10-25,102.78511810302734,103.83653482445594,101.38636379314634,102.71002253607494,13261300
2017-10-26,103.07616424560547,103.95859645817347,102.95412049076882,103.62064125772031,7380100
2017-10-27,102.99166107177734,103.38593971025838,102.03412621229602,103.3296162368158,7862700
2017-10-30,103.30142211914062,103.48917174655809,102.25000558391102,102.95407743001024,5148600
2017-10-31,103.24513244628906,103.91165315255982,102.00596587817316,103.8083886750342,8002500
2017-11-01,104.26838684082031,104.57818029245558,103.65818957122741,103.73329231626481,6167300
2017-11-02,104.18389129638672,104.55000818941032,103.45165034814823,104.22143550299162,5506600
2017-11-03,104.54060363769531,104.59692710175604,103.74265686067744,104.14632506488981,3757600
2017-11-06,105.06632232666016,105.28224090449395,104.39041201958715,104.5406174932439,4094700
2017-11-07,105.22592163085938,105.58265608821125,104.72837847949171,105.37612712073215,3697900
2017-11-08,105.58267211914062,105.99573011681464,104.9724747577203,105.15084201347827,4417800
2017-11-09,105.2728271484375,105.34792986805599,104.13692537241862,104.95365133334323,4334700
2017-11-10,105.02877807617188,105.12266008466544,104.46552183616888,104.8691901212395,4198900
2017-11-13,104.57817840576172,105.01000843864814,104.52184776690395,104.71899425961838,7185600
2017-11-14,105.12265014648438,105.17897361650242,104.02429234579564,104.27776228525882,5679600
2017-11-15,103.49858856201172,105.01938672743415,103.39532409115144,104.52183647592956,6895100
2017-11-16,104.40609741210938,104.80108180790344,103.98290855754315,104.15218553434592,5655100
2017-11-17,103.2776107788086,104.30267912513403,103.164757045533,104.09578420157021,8812400
2017-11-20,103.39984130859375,104.0863554819157,103.15533570155316,103.39984130859375,6873200
2017-11-21,104.81048583984375,104.84810374478103,103.72900156614423,103.87005974105688,6456500
2017-11-22,104.21800231933594,105.00796383938514,104.10514862364876,104.85749224513557,4067600
2017-11-24,105.29949188232422,105.47817510388677,104.51893664325455,104.67880732839978,3045600
2017-11-27,105.68510437011719,105.83557602114863,105.2431100386996,105.32774496124236,6620500
2017-11-28,106.60669708251953,106.85120986329486,105.854353376233,105.89197127903546,6671300
2017-11-29,103.315185546875,106.85118878921153,100.53152586244153,106.85118878921153,14505400
2017-11-30,105.88256072998047,105.88256072998047,103.47507244698119,103.91707381844331,18533300
2017-12-01,104.13338470458984,105.7415124667998,103.22117024403572,105.68508202215408,13101800
2017-12-04,101.02996063232422,104.81046981446472,100.59736555401128,104.6976232917887,18909100
2017-12-05,102.1114730834961,102.7321506115241,100.2494261496478,102.40300289401817,12081500
2017-12-06,103.20233917236328,103.60672260778179,101.81051281897895,102.02680676415605,7532100
2017-12-07,104.76347351074219,104.77287978111632,102.92963823141669,103.23057430945053,7384900
2017-12-08,105.8919677734375,105.90137404254705,105.1584366302767,105.44996639874289,7594900
2017-12-11,105.67567443847656,106.59728792003952,105.4781858352845,105.79792723810561,7538600
2017-12-12,106.70071411132812,106.95463310407588,105.32769325664668,105.67565339768338,8754400
2017-12-13,106.55970001220703,107.55655675280492,106.4468534499801,106.9734898733942,8088900
2017-12-14,106.19290161132812,107.2931983032777,106.19290161132812,106.78537457997862,9815600
2017-12-15,107.03929901123047,107.39665834826359,105.69448939374439,107.18036436199257,16388000
2017-12-18,106.78536987304688,107.91387814711676,106.50323921708909,107.85745488587744,8961800
2017-12-19,105.45938110351562,106.53146627156501,105.40295783410723,106.53146627156501,7899400
2017-12-20,105.4405746459961,106.36218818623024,105.31831466370268,106.00482885887763,6201900
2017-12-21,105.71329498291016,106.36218407393916,105.62865290806558,105.8919710522375,8866400
2017-12-22,105.97660827636719,106.37158547454634,105.5628185402475,105.69447760630723,6190100
2017-12-26,106.25872802734375,106.68192401752168,105.39353785947172,105.39353785947172,3948900
2017-12-27,107.22737884521484,107.2744030193256,105.93899970320676,105.97661760751905,7073100
2017-12-28,107.53771209716797,108.07375463232684,107.19915816181701,107.49069510190762,6937100
2017-12-29,107.22737884521484,108.04555212052341,107.22737884521484,107.91389304287121,5249000
2018-01-02,107.68820190429688,108.22424453006325,107.1615583742427,107.74462517809894,6080900
2018-01-03,108.7602767944336,108.89193587068367,107.82925699098485,108.10197423830174,6946100
2018-01-04,109.1646499633789,110.36839407512403,109.11762579421851,109.32452065871486,7805300
2018-01-05,111.77904510498047,111.91070418296991,109.48440316022469,110.02044574200498,8590500
2018-01-08,112.23043060302734,113.30252279813196,111.03609279098161,111.54392367027938,6660700
2018-01-09,112.01412963867188,112.82289648749754,111.59094085318692,112.82289648749754,6562400
2018-01-10,111.89189147949219,111.95772101416931,110.46243990524451,111.61916707157808,7490300
2018-01-11,112.70067596435547,112.83234223745355,111.60978526844512,111.72263899900803,5982100
2018-01-12,112.93574523925781,113.18025798731692,112.57838597277168,112.96396404374492,5585800
2018-01-16,113.21788024902344,114.67554335052044,112.76647980815565,113.96081761511901,8803800
2018-01-17,114.71317291259766,114.88244988885359,113.53764034828743,113.97963456556772,7991500
2018-01-18,115.77587127685547,115.86050619180435,114.76020924817344,115.22101608206557,8661000
2018-01-19,115.3902816772461,116.28369079325785,114.65675045402251,115.71943655807678,8250700
2018-01-22,116.92316436767578,116.92316436767578,115.10814193070702,115.5501432913758,9355000
2018-01-23,117.22410583496094,118.03287279309895,116.81031608664442,117.17708166360454,5683300
2018-01-24,117.13007354736328,117.97645129689722,116.34011189294806,117.6002865970518,6425200
2018-01-25,117.7601547241211,117.99526124379874,117.20529960674342,117.5532598388237,7166400
2018-01-26,118.79463195800781,118.85105523150956,117.32756944790452,118.27739470130103,5604900
2018-01-29,117.40277862548828,119.32124853022312,117.2617204651174,119.18958946395631,6257900
2018-01-30,116.18965148925781,116.88556481803498,115.52194262158015,116.44356338797314,8154400
2018-01-31,116.8291244506836,117.06423094930257,115.71001522129542,116.4059284482409,7338200
2018-02-01,118.2303695678711,118.73820051911096,116.7068767141515,117.30874883972133,11169700
2018-02-02,113.70689392089844,116.3494882855956,113.50939817684814,116.3494882855956,13937700
2018-02-05,109.34333038330078,113.9138014226358,108.15839876190365,111.62856590296829,16623900
2018-02-06,112.82292175292969,113.13326409171914,106.50325713520404,108.33708518281111,19053300
2018-02-07,112.5219955444336,115.16459085354913,112.10820572312092,112.9357781908638,9294000
2018-02-08,107.0769271850586,112.68186644880451,106.77599108951796,112.40914199114543,12673400
2018-02-09,109.39037322998047,110.22735195817444,104.40611159420934,107.72582204438189,17695500
2018-02-12,111.41227722167969,111.76023027428384,109.91699604533589,110.77278720960538,11526300
2018-02-13,111.29940795898438,111.72260393461214,110.1520871704405,110.82919499154052,7803900
2018-02-14,113.6316909790039,113.74453752264878,110.50007024498292,110.61292396350979,9206400
2018-02-15,115.19550323486328,115.22376398487991,113.01933923510893,114.64910477663237,6921300
2018-02-16,114.79041290283203,115.86436450139946,114.52663632597304,114.58315782462206,6371400
2018-02-20,114.94115447998047,115.92090125317927,114.0085065631421,114.31938920208823,6182800
2018-02-21,113.45268249511719,115.71363583243637,113.43384439172907,114.97882761496645,7676100
2018-02-22,113.40557098388672,114.34763423003508,112.68960809172192,113.67877018775441,4994000
2018-02-23,115.8078384399414,115.83609918815246,114.19691110556053,114.52663181364333,5036900
2018-02-26,117.37165832519531,117.38108097027656,116.17524114528082,116.42017960578693,6270500
2018-02-27,116.22237396240234,118.04055676390922,116.20352866789769,117.47531292675247,7287200
2018-02-28,115.8172607421875,117.7390706759439,115.76073205856042,116.486124801567,6780900
2018-03-01,113.42442321777344,116.81584967406201,112.68961499077105,116.11872484169726,8819600
2018-03-02,113.77299499511719,113.9708346363351,111.03159420627412,112.19032817698796,7581900
2018-03-05,114.81867980957031,115.22376734214828,112.52005009697793,113.47152891633414,5810200
2018-03-06,114.04615783691406,116.09985570493413,113.67875379887401,115.71361356713072,7464400
2018-03-07,114.79041290283203,115.15781701879601,112.76497534856095,113.07585796587591,7254100
2018-03-08,115.13896942138672,115.70420592338903,114.14980015235363,114.89403096848264,6948900
2018-03-09,117.29631042480469,117.56008701440781,115.75132709652381,116.10930858421762,6397700
2018-03-12,117.04193878173828,117.73907077721714,116.3259758706548,117.52239306243374,8636000
2018-03-13,116.06218719482422,117.75790388572752,115.77957253792171,117.05135646241315,9479500
2018-03-14,115.47813415527344,116.85354586701153,114.83753075101716,116.85354586701153,7855000
2018-03-15,116.2600326538086,117.21151139021968,115.59116140116177,115.99624889842626,5861900
2018-03-16,117.31513977050781,117.80501670380107,116.18466670307677,116.67453644899757,9447100
2018-03-19,116.0716323852539,117.10790070325777,115.19551312267255,116.75934183997036,17387800
2018-03-20,117.67314147949219,117.91807278595148,116.15641884680014,116.23177845558662,7779700
2018-03-21,116.08106231689453,118.17244437736413,115.9397513584407,117.66372923935472,7359500
2018-03-22,113.03815460205078,115.57230675860637,112.7649554278885,115.12011328717915,10501500
2018-03-23,110.22140502929688,113.35847751279242,109.9953118519575,112.94396736485979,10024300
2018-03-26,113.65052795410156,113.74473285658802,110.97507134914505,112.19032680975491,8735400
2018-03-27,110.59822845458984,114.55489128212716,109.9764632514033,114.47952449615808,9008600
2018-03-28,110.21199798583984,111.22942820895607,109.30761796108325,110.15547648034678,9420400
2018-03-29,112.68960571289062,113.60340100497207,110.2590808641659,110.86200075398368,12918100
2018-04-02,111.53087615966797,112.8874496438312,109.99531553166906,112.35988929589396,9877100
2018-04-03,112.2939453125,113.0381762007237,110.68301789142318,112.00190798210602,7084800
2018-04-04,112.86859130859375,113.16063579218938,109.94819678424096,110.12719109476359,8425700
2018-04-05,114.16864776611328,114.94113934496252,113.39615618726403,113.98965344834272,6816000
2018-04-06,110.88087463378906,113.57517690525304,110.33448324865688,113.21719535121825,8383800
2018-04-09,111.90770721435547,113.67878374081242,111.75697362706227,111.75697362706227,7024800
2018-04-10,113.72589111328125,114.14040129581068,112.7084609492762,113.57515752422579,8947200
2018-04-11,112.84034729003906,114.61143099387526,112.68962089096941,113.0381797317153,5874900
2018-04-12,114.05558776855469,114.91286870367523,113.41498452509953,113.42440716926887,5666000
2018-04-13,113.75413513183594,115.37448503897288,113.6599302462198,114.67736026056701,9174300
2018-04-16,114.81867980957031,115.75132771153056,114.47012096604553,115.03535754496585,6903200
2018-04-17,116.62744140625,117.0607896691643,115.42159432426836,115.78900562992433,5979600
2018-04-18,117.2680435180664,117.63544763249412,116.23176813134965,116.87237146705972,5171000
2018-04-19,116.77818298339844,117.49415320918084,116.01511389811144,117.10790374942532,7294100
2018-04-20,117.00426483154297,117.58834669418262,116.16582902763766,116.87237653794256,7479400
2018-04-23,117.24920654296875,117.72966087567092,116.72165335403973,117.09848014072038,8004300
2018-04-24,114.24402618408203,117.79560925276807,113.56574656855659,117.63546019857624,9434400
2018-04-25,114.1875,114.31938829656157,112.45410685240611,114.12155585171921,8001200
2018-04-26,119.71742248535156,120.19786966004752,116.60861028942904,117.88981713003209,14345800
2018-04-27,118.70941162109375,119.69857388345793,118.12532972281201,119.11449917254957,6842700
2018-04-30,119.52898406982422,120.48989262178947,119.3217361896208,119.3970957881619,8449200
2018-05-01,120.12250518798828,120.17902669157782,118.23837840302203,119.5101625453996,6407300
2018-05-02,119.0579605102539,120.67831776775239,118.6999790339549,120.47105549875337,8515300
2018-05-03,119.81159973144531,120.07537628113796,118.05936158006187,118.52097054202403,6778600
2018-05-04,120.73482513427734,120.92323490240649,118.76590927667954,119.010847725145,5798400
2018-05-07,121.77110290527344,122.01604857502296,120.81962410090775,120.9609278528818,5737300
2018-05-08,122.37401580810547,122.43996713838386,120.87613862465533,121.6580528815196,5044700
2018-05-09,123.25955200195312,123.41028557167398,122.08197294115472,122.47763778061366,6119400
2018-05-10,123.4102783203125,124.11682571527612,123.14650177617223,123.68347032147794,6585800
2018-05-11,124.18282318115234,124.43716998803124,122.68493122245437,123.4103241757453,5437100
2018-05-14,123.60814666748047,124.82340214460345,123.09942437491966,124.75745080585608,5017000
2018-05-15,123.50453186035156,123.78713941343719,122.37404414901553,122.99580951530068,5532300
2018-05-16,123.30670166015625,123.78714891201643,122.97697365659077,123.49511150158675,5124200
2018-05-17,122.59896850585938,123.41989039223459,122.29703131380832,123.21230227364263,4911700
2018-05-18,122.59896850585938,122.98583858122115,121.7875060031653,122.30646190180094,6082700
2018-05-21,123.28779602050781,124.08982797326166,122.65560104674479,123.56142706371914,5591800
2018-05-22,123.33496856689453,124.34458857284773,123.13681104166125,123.60859958971359,6645500
2018-05-23,124.43898010253906,124.46728626997772,122.4763375723249,122.721662489409,6569100
2018-05-24,124.44837188720703,124.75032344286176,123.13680041274742,124.38232898305921,6035200
2018-05-25,123.87281799316406,124.64655823516983,123.54256020248434,124.4389700920876,7509600
2018-05-29,122.37255859375,123.65582446810275,121.77810020848509,123.03305991190607,10401900
2018-05-30,123.26893615722656,123.7029880441564,122.54237761507841,122.85375984742761,10631300
2018-05-31,123.34439849853516,124.1558753727825,122.64614626790805,123.27834119119414,11086000
2018-06-01,123.46707916259766,125.03340633142946,123.00472116341855,124.40121135164074,8323400
2018-06-04,125.56182098388672,126.03360956911601,124.01434060240346,124.49557417395815,7178000
2018-06-05,126.02416229248047,126.08077461802394,125.21268536471975,125.85432531585009,6198200
2018-06-06,128.5907440185547,128.61905019249062,126.07139375330495,126.43938841232232,8065800
2018-06-07,126.28837585449219,128.8737827061966,125.54295616104125,128.66619455908952,8309200
2018-06-08,127.13761138916016,127.30744839326753,125.7128004425285,125.9109580118342,5261000
2018-06-11,126.35443115234375,127.56220886282644,126.26006766958734,127.28856340154049,7988700
2018-06-12,127.25080871582031,127.50557856508534,126.00528002860815,126.47706858021688,5743300
2018-06-13,126.81675720214844,128.10946762703477,126.731838718148,127.55274619250696,4881600
2018-06-14,127.38291931152344,128.04342045801417,127.1470250165021,127.34518255937189,6464100
2018-06-15,127.47728729248047,128.07173114640142,126.43934659857776,127.47728729248047,10044500
2018-06-18,128.5151824951172,128.61897653939516,126.55254063830604,126.78843488458851,8713300
2018-06-19,127.48673248291016,127.60940214201547,126.03362974286289,126.96776207651924,6557600
2018-06-20,127.85472106933594,128.97758033293613,127.85472106933594,127.87359664627829,7192000
2018-06-21,126.93943786621094,128.43972213866,126.68466799422205,127.63769016809538,8689800
2018-06-22,127.69425201416016,128.1849159890189,126.68461791183923,127.9490217854306,6031900
2018-06-25,123.54254913330078,127.29799655051028,122.22154688463317,127.29799655051028,10086200
2018-06-26,125.0711669921875,126.24119356405895,124.18420207619064,124.65599069977654,7733900
2018-06-27,123.6274642944336,126.1185070332384,123.61801930968281,125.50517333598471,7282100
2018-06-28,125.25044250488281,125.60899204975722,123.27835521776915,123.60861299636325,6576500
2018-06-29,124.97679138183594,126.61862081583277,124.97679138183594,125.759962148739,7259000
2018-07-02,125.02397155761719,125.5429418662932,123.75013665430741,124.51444623500004,7554400
2018-07-03,124.03321075439453,125.88262826268736,124.00490459234594,125.50518877229884,3621600
2018-07-05,125.76940155029297,125.8071527019561,124.39178686935037,124.67486291544067,4729300
2018-07-06,126.52430725097656,126.70358928491996,125.0240224372141,126.04308789501043,4839800
2018-07-09,127.87358856201172,128.29819543036743,127.18476682670692,127.32631204805597,8960700
2018-07-10,128.9775390625,129.58142775080213,127.70370438665793,127.92073745743176,6561900
2018-07-11,130.35516357421875,130.97792788210802,128.89263066638614,128.92093682603172,10648700
2018-07-12,132.00643920898438,132.0536209466549,130.83641274268678,131.16665611069067,11816100
2018-07-13,131.5535125732422,132.12909515836265,129.7795830850985,131.90263147971342,7865700
2018-07-16,130.64764404296875,131.67613925209554,130.36456813644466,131.55346966643938,4969900
2018-07-17,131.7610626220703,132.01583238723396,129.66632099258976,130.38343417108683,5412600
2018-07-18,132.95001220703125,133.2047820641968,131.50634034616726,132.01588006049832,7008600
2018-07-19,132.22344970703125,133.0349265034956,132.03472278862927,132.99717536067823,7937000
2018-07-20,133.03497314453125,133.48788623223055,132.02533848891167,132.10082640316946,7153600
2018-07-23,132.12911987304688,133.01608478302504,131.76112532506082,132.72357814204204,7723600
2018-07-24,132.12911987304688,133.4878734034095,131.63845567645012,133.03496035923732,8336700
2018-07-25,134.59188842773438,134.71455810494575,132.00648100201002,132.4216573884029,8376000
2018-07-26,134.4597625732422,134.7333936497422,131.65733689620373,133.61997936887406,10520800
2018-07-27,132.77076721191406,135.063653122572,131.35540127263974,135.00704078865652,7014900
2018-07-30,128.77938842773438,132.49708421240456,127.67540503547856,132.22345321002027,12812400
2018-07-31,129.0247344970703,130.2325120019762,127.97736336727058,129.39272898063,7683300
2018-08-01,130.4495086669922,130.9118665391613,129.65690751285183,129.96828962294435,7087700
2018-08-02,131.08172607421875,131.33649591692023,129.2700598104558,129.69466661639586,12300000
2018-08-03,131.9309844970703,131.96872125387466,130.15705457248083,131.43087528394605,4617500
2018-08-06,131.82717895507812,132.34613490470662,131.2044145381091,131.7705522280254,5143000
2018-08-07,132.3650360107422,132.7519061987369,131.97816582274748,132.08195991226196,10034500
2018-08-08,132.7424774169922,133.0349985397737,131.94044517086604,132.0819760384618,5389500
2018-08-09,132.1102294921875,133.2708397347212,132.00643543142053,132.78960618123594,5679300
2018-08-10,131.84603881835938,132.79906100999514,131.39312579137294,131.98758403781144,6523500
2018-08-13,132.29893493652344,133.27081807582735,131.94037107617524,132.6008720837834,4817500
2018-08-14,132.81793212890625,133.03496526874164,131.98759391692224,132.3838946449287,5888700
2018-08-15,132.02532958984375,132.75188811748532,131.00626441282407,132.43107530189945,5288400
2018-08-16,132.9136199951172,133.7074272258146,132.69627505336678,133.31053082020986,5931700
2018-08-17,133.55621337890625,133.9153162767793,132.83802200264694,133.03646297921813,7699600
2018-08-20,133.18760681152344,133.81130701530154,132.96080280483676,133.75459519901958,4662200
2018-08-21,132.33717346191406,133.67907986232618,132.11038375327163,133.24437555494805,6854300
2018-08-22,133.37664794921875,133.74519557227737,132.15761024817417,132.15761024817417,4191700
2018-08-23,134.2838592529297,134.6145990088368,133.0270135737157,133.25380325331227,4426800
2018-08-24,136.26834106445312,136.4384477436588,134.49175942294303,134.49175942294303,5714000
2018-08-27,137.40235900878906,137.5913696706204,136.75032413563133,137.0149217588084,7194900
2018-08-28,137.21331787109375,138.12996448699644,136.9014676844943,137.61967335768733,4925700
2018-08-29,138.94268798828125,139.1978408121642,137.42124464799525,137.45905254311936,5192900
2018-08-30,138.66864013671875,139.58528689404852,138.30953724471718,138.74424150448152,7804600
2018-08-31,138.8103790283203,139.5191256053768,138.44183138503038,138.66863548070344,5786600
2018-09-04,139.67037963867188,139.7270770785444,138.60252978943538,138.84822350204666,7638100
2018-09-05,134.82249450683594,139.68922955946275,134.7090996709525,138.91432639563055,11363400
2018-09-06,136.55181884765625,136.7408150209881,134.6996217422432,135.40836820685044,9589200
2018-09-07,135.32334899902344,136.4951485778516,134.89810391960154,136.0699034984297,13626200
2018-09-10,136.15493774414062,136.49513666187624,135.3327963677318,136.20219039761494,5362700
2018-09-11,137.48741149902344,137.51576021273527,135.3706162184487,135.56907163391966,9895900
2018-09-12,138.50794982910156,138.72529468206608,137.09045706549628,137.82755214901246,6964100
2018-09-13,139.5096893310547,139.9254896553466,138.99938368961026,139.056081112107,5803400
2018-09-14,139.70814514160156,140.20899165280986,139.2451065290628,139.77430175452906,4928300
2018-09-17,138.13941955566406,139.76481278433897,137.80867981997702,139.6986706049957,7708600
2018-09-18,139.5096893310547,139.94437918318758,137.9220894037116,138.15833827710594,5692100
2018-09-19,139.31121826171875,140.6342204555947,139.15057077622026,140.12391487155452,7432300
2018-09-20,141.03111267089844,141.2673615108205,139.10331406222275,139.84986847128803,7172700
2018-09-21,141.7965850830078,141.99502607348498,141.13509108227106,141.70207976026495,15628100
2018-09-24,140.90823364257812,141.41852470163766,139.16944595013825,140.9554862860701,6706700
2018-09-25,141.3524169921875,141.71151986688227,140.8988232269581,141.47527101131692,4230700
2018-09-26,141.05947875976562,142.14621778952343,140.84211941822474,141.74932141988614,5852400
2018-09-27,141.76820373535156,142.3540962269204,141.33349953808522,141.65479449026915,5868500
2018-09-28,141.83441162109375,142.09900928306445,141.32412025000485,141.56981395912305,6035900
2018-10-01,142.49586486816406,143.22351543943438,142.32577259979507,142.59037018580483,9802100
2018-10-02,141.43748474121094,142.54312782393922,140.96498695784905,142.54312782393922,8047500
2018-10-03,141.1539764404297,142.42028139812373,140.9838841679037,142.42028139812373,7521100
2018-10-04,138.6875457763672,141.0689386693554,138.06385965396757,140.97443334380094,9208900
2018-10-05,137.364501953125,139.30174498439013,136.45730022246795,138.57409464767954,7085700
2018-10-08,134.0854034423828,137.03378462376205,132.4694548829046,137.03378462376205,11637300
2018-10-09,134.48231506347656,135.40840666949677,133.3577680464224,133.6790774937863,10798000
2018-10-10,128.06582641601562,134.8414441252743,127.77288004443464,134.72804925098248,15450100
2018-10-11,126.37423706054688,129.69118030721881,124.98509260022014,126.71443599816743,15657200
2018-10-12,132.3561248779297,133.22551938499052,129.8707810198201,130.863029609447,12993300
2018-10-15,129.68173217773438,132.35607125041048,129.67228741347657,132.20486850536105,7953000
2018-10-16,133.94366455078125,134.3216569750559,131.05196626908207,131.08032939941504,11059500
2018-10-17,134.61463928222656,135.00209099343508,132.989245467904,134.51068917481672,9170600
2018-10-18,131.62835693359375,134.62400399413278,130.362067000682,134.62400399413278,10222600
2018-10-19,132.37498474121094,134.36892602439355,131.71349070829245,132.20487803589563,8696900
2018-10-22,132.9041748046875,133.75466503976008,131.83632520907298,133.21602506941088,6099500
2018-10-23,131.46780395507812,132.3371983136105,128.1319701154683,129.36046747277152,10736100
2018-10-24,126.87507629394531,132.46944729108333,126.6293826827398,132.01585353982495,13849600
2018-10-25,132.79078674316406,133.149875268599,125.21191793699266,127.99965209395629,14985900
2018-10-26,130.16363525390625,132.1764650888067,128.5760359269269,130.39042485813084,12034900
2018-10-29,126.94123077392578,133.7262906621684,124.99454260363858,131.93080521293857,12768200
2018-10-30,125.45761108398438,127.44210761840756,122.65097298905175,125.76001659834884,15107600
2018-10-31,130.26760864257812,131.46774229864158,127.56492149182789,127.56492149182789,13205300
2018-11-01,133.0836944580078,133.12148792674932,129.92741350690807,131.35435126852295,16024000
2018-11-02,132.0914764404297,133.6696172739913,130.2676419555998,133.34832224860486,17063100
2018-11-05,132.11036682128906,132.4978184165461,130.47552872990624,132.11036682128906,6280000
2018-11-06,133.04591369628906,133.15932296460537,132.03477598209403,132.1103773544758,4732700
2018-11-07,136.81642150878906,136.929816333147,134.49174109254557,134.51063061694904,20502100
2018-11-08,137.24171447753906,137.45907385949184,135.74861961731193,136.6463770221401,5927400
2018-11-09,136.01321411132812,136.6180251572677,134.5295784702884,136.26836696889777,8339800
2018-11-12,132.0347442626953,135.73912410255346,131.51499396461284,135.53122398332047,11335100
2018-11-13,132.0347442626953,134.09482709211542,131.36379125617358,132.6300959149974,6287000
2018-11-14,131.81739807128906,134.75633399725226,130.79680142869424,134.20823499922076,6613900
2018-11-15,134.27879333496094,134.3450687104785,130.5772240509869,131.4481934257593,8565000
2018-11-16,132.7073516845703,134.27886474845482,132.46121682754736,132.93456309170185,8628000
2018-11-19,127.57624053955078,133.0765345655401,127.093432699464,132.98185956377696,16253000
2018-11-20,126.26034545898438,127.35851197674518,122.63451227309722,123.36346937743232,12720200
2018-11-21,127.2544174194336,128.54191993184133,126.5065366222196,127.19761817475691,7416300
2018-11-23,125.78697204589844,127.0934117388061,125.42723887835666,125.52189941913092,3676000
2018-11-26,128.693359375,129.24244266719907,127.09344700461243,127.42479510270147,9144600
2018-11-27,128.6649169921875,129.04358802523737,126.97033017266048,128.06849639202866,7877900
2018-11-28,133.8433380126953,133.99479777506735,129.57374725973526,129.7630972421075,11265100
2018-11-29,131.6848907470703,133.1995895992568,131.3156813670286,133.19012787759604,8751500
2018-11-30,134.15576171875,134.67643088681177,131.23994792886995,131.59968115193738,11362800
2018-12-03,137.27037048339844,137.9519900303944,136.18168021978425,137.27037048339844,11285600
2018-12-04,131.24940490722656,136.65502367894226,131.1168685781756,135.5000580491939,13988900
2018-12-06,133.5309295654297,133.5877287827097,126.36446311417325,127.84130054495577,16391900
2018-12-07,129.8009796142578,134.55337892380894,128.74068887888495,133.3132143432472,14007700
2018-12-10,130.52989196777344,130.89910125407695,127.6708782060494,128.98677945163092,15744300
2018-12-11,129.5168914794922,132.58417784262048,128.67433642925513,132.48004117594536,12466300
2018-12-12,130.4541778564453,133.36999133807254,130.40684036106856,131.87421604549507,10387200
2018-12-13,130.20806884765625,131.7133207711338,128.89216696412902,130.9275643305557,8780900
2018-12-14,127.88861846923828,129.43173104760862,127.37741114657719,128.45663944586036,9351200
2018-12-17,124.39533996582031,127.2638159609074,123.7231966436764,127.05555698228396,11796200
2018-12-18,125.58818054199219,127.01768044781869,124.77402473815134,125.23789463352114,12761900
2018-12-19,124.26283264160156,128.62708495224723,122.61559719789673,125.84380713241357,13819000
2018-12-20,121.89608001708984,124.97282960513452,120.37191225065466,123.22145773762718,18091700
2018-12-21,117.6359634399414,123.38238425038016,116.39579186621671,120.40030266367778,25448600
2018-12-24,115.24085235595703,118.53533738657663,115.11777773924302,115.57219320347785,8617700
2018-12-26,123.28768157958984,123.29715774358851,116.44310321575797,116.4620338756974,13499500
2018-12-27,124.9728012084961,124.9728012084961,119.77546433845774,121.16710268385337,10883000
2018-12-28,123.95987701416016,126.49700513615903,122.74811217300004,125.98579771222875,7381300
2018-12-31,124.90660095214844,125.37994716497582,123.2877505483116,124.66045167643499,7976000
2019-01-02,125.83434295654297,126.61063760207455,122.69133192788433,123.07000308229381,8788000
2019-01-03,121.2996597290039,124.28173397571494,121.06297948847049,124.21547304231284,9428300
2019-01-04,126.525390625,127.41528349083505,123.19304490640991,123.48651713974385,11065800
2019-01-07,128.80694580078125,129.85777478080396,126.89462340250859,127.28277069363801,12928000
2019-01-08,129.50746154785156,130.82336277950813,128.71224377736257,130.6150893950411,9243000
2019-01-09,131.03163146972656,132.04458430755164,130.28373676719593,130.92749478122377,9987600
2019-01-10,131.27780151367188,131.41981400643348,129.09094491167872,129.5169534992113,12514900
2019-01-11,130.70033264160156,131.2115545574258,130.08498844351504,130.40686034881023,5860100
2019-01-14,129.79150390625,130.76659569789885,129.36548086812806,129.68736718843428,8666700
2019-01-15,130.0186767578125,130.37842434294592,128.04009393032595,129.65894361805272,7594900
2019-01-16,130.0186767578125,131.46711437270682,129.7630803166243,131.02216797384398,7258000
2019-01-17,129.96189880371094,130.5583194881076,129.30867890087194,129.66842654484148,5864900
2019-01-18,131.11685180664062,131.21152679187108,129.35600397712636,130.93697800192754,10263500
2019-01-22,130.69088745117188,132.0825264214077,129.6779196591395,130.54887492531097,8102300
2019-01-23,129.70628356933594,131.5712682216177,128.89212775948005,131.37247096366917,5465800
2019-01-24,130.35952758789062,130.9464866402011,129.24243760109974,129.8009825944952,4924800
2019-01-25,131.27780151367188,132.4422288383612,130.35950895290944,131.59021166329606,9756300
2019-01-28,128.74070739746094,130.1796694752022,127.62360283025188,130.1796694752022,9857200
2019-01-29,127.80345153808594,129.40336372415638,126.96089602798327,129.308688722644,7457700
2019-01-30,130.26483154296875,130.54882760098218,128.2862341847716,128.84479347140459,8078100
2019-01-31,127.81291198730469,128.4945315443503,126.19407637335408,127.22596743082867,20095700
2019-02-01,132.67892456054688,132.86827458326246,128.04959963457154,128.17267426026095,13248300
2019-02-04,133.95693969726562,133.97587758503764,131.76060696774206,132.338089759093,11882700
2019-02-05,134.93203735351562,135.32964634184017,134.26935570630803,134.43029164596012,8455700
2019-02-06,133.94747924804688,134.82789602523093,133.53093238536263,134.39242571997087,6146900
2019-02-07,132.69786071777344,133.54041630448413,131.78904418028108,132.46118763785046,10675300
2019-02-08,132.8966522216797,132.91557566451917,131.1358041974019,131.29674013379477,5950700
2019-02-11,133.2942352294922,134.70479705112382,132.96288725447388,133.72970545596797,7600100
2019-02-12,134.42083740234375,135.18765581144132,133.72027993896484,134.2314873965708,6090000
2019-02-13,135.84085083007812,136.98634014963054,135.25389192163942,135.27282980781476,6885600
2019-02-14,135.7650146484375,136.06847739179548,135.04426350060595,135.59430509794421,6314000
2019-02-15,137.42459106445312,137.42459106445312,136.39089913697484,137.0831865001701,6536000
2019-02-19,136.97882080078125,137.3960945099654,136.58051802490064,136.95984986747774,8406700
2019-02-20,137.25389099121094,137.35820946165836,136.1064022868774,136.8935299328738,5283100
2019-02-21,136.5615692138672,137.53836261379183,135.78391999885207,136.89349548282917,8573400
2019-02-22,138.33502197265625,138.72384673103926,136.95992519874997,136.95992519874997,9680800
2019-02-25,138.51519775390625,139.59630992380846,138.27811162479972,139.32129638110402,9731200
2019-02-26,139.444580078125,139.78598470428446,137.52893445356509,137.6996295313499,7332500
2019-02-27,139.61526489257812,139.8713219344827,138.38241426815628,138.9324557612241,9731200
2019-02-28,140.46875,141.1326025718869,139.62472417036255,139.65317334109082,6250200
2019-03-01,141.74905395507812,142.18528432272538,140.71536192023058,141.73957571946448,7016800
2019-03-04,140.3170166015625,142.43182015200858,139.3591796819886,142.31802347664706,6979700
2019-03-05,140.3075408935547,141.57831882430094,140.1937442044091,140.3549610042274,9678600
2019-03-06,140.17483520507812,140.84816634474868,139.80498133134148,140.35502302290232,8186400
2019-03-07,139.2454376220703,140.1748112667424,138.49623729386087,139.65321884911367,8761700
2019-03-08,139.7386016845703,139.8618766594066,137.03581341717123,137.92725977822474,5168100
2019-03-11,142.8870391845703,143.17154537912103,140.37393248564237,140.45928000283175,9361500
2019-03-12,143.89227294921875,145.22944185135177,143.0766962930155,143.19998567948576,9465100
2019-03-13,144.5941162109375,146.08300985126996,144.18632046905327,144.43289934992006,8308900
2019-03-14,146.2347412109375,146.69943529591103,144.43289217557071,144.67945657359843,9364900
2019-03-15,147.42967224121094,148.71942160164303,145.43814259902013,145.77954726709308,20162000
2019-03-18,146.95541381835938,148.33050992272229,146.4432998809163,147.86581608623996,9689400
2019-03-19,146.60455322265625,147.89430214940657,146.17780114870956,147.89430214940657,9236100
2019-03-20,145.8079376220703,146.87007861838833,144.82166590700152,146.3674572918746,6391400
2019-03-21,147.75205993652344,148.58659316582663,145.390677178745,145.4001698838901,7027100
2019-03-22,145.16311645507812,147.63828199637467,144.9544794831497,146.98393637051592,8119800
2019-03-25,145.12515258789062,146.1019462309879,143.71211412303322,144.48976353164403,7568000
2019-03-26,147.27789306640625,147.56239928989717,145.826927244249,145.826927244249,15594400
2019-03-27,146.2537078857422,147.80899247767513,145.4381309368877,147.4391386561359,12253800
2019-03-28,146.68043518066406,147.0692598803203,145.67519237323128,146.92699952965708,16902200
2019-03-29,148.1219482421875,148.21677402165975,146.92702476199503,147.68570335072553,12164400
2019-04-01,149.13662719726562,149.58235019919042,148.46331081262954,149.3926842234022,6420100
2019-04-02,149.62982177734375,149.98070467677064,148.65302791900018,149.51602504684666,6215100
2019-04-03,150.27464294433594,150.8910609461764,149.69615234713476,150.35999045771345,8209300
2019-04-04,149.49705505371094,150.4928198636765,148.44439187813447,150.34108124165306,5100200
2019-04-05,149.50650024414062,150.4358882456583,149.10819730231373,149.83842659762382,4178300
2019-04-08,149.6013641357422,149.69620438618807,148.24523827202748,149.41169810544096,5604700
2019-04-09,149.35476684570312,149.82893905230765,148.38745149246546,148.4727990167133,6364100
2019-04-10,150.3695068359375,150.57814379084292,149.38323488868494,149.82895797683838,3918600
2019-04-11,149.70567321777344,151.0712917030924,149.30737023798702,150.89110392091982,5771400
2019-04-12,151.3937530517578,151.3937530517578,149.7057005795979,150.51179939330459,6745100
2019-04-15,152.15234375,152.19027115044113,150.96691351568572,151.57385321683128,8142800
2019-04-16,151.95326232910156,152.7783320314974,151.30839489978104,152.72141919603564,6021400
2019-04-17,152.15234375,152.74980521868125,152.02905437504447,152.56012480472384,4609100
2019-04-18,151.88687133789062,152.77831755798678,150.78678815264047,152.6170862453397,7859400
2019-04-22,152.11448669433594,152.190356008105,150.85320095587693,150.97647592898372,4602600
2019-04-23,153.30935668945312,153.5179936117149,151.61181213746747,152.6834459226678,6522900
2019-04-24,153.14816284179688,153.66026251920783,152.35154244164,153.3947272093519,7376500
2019-04-25,152.70240783691406,153.25244928395068,150.35999618771754,152.22823567263276,8862500
2019-04-26,154.5137481689453,154.60858839842177,152.11443796318156,152.9300147366822,7525400
2019-04-29,155.67071533203125,156.00264163438138,154.67496536615295,154.77928382084133,10003600
2019-04-30,155.93629455566406,157.14069624111514,155.45264402241526,156.45788697618147,6432700
2019-05-01,154.3809814453125,157.1786090549939,154.34305403564946,156.98892859491642,5248100
2019-05-02,152.79725646972656,154.65601799912784,152.14289646973026,153.72664446972132,6054900
2019-05-03,153.66969299316406,154.33354553206172,152.85411637478384,153.91627175466934,4317500
2019-05-06,153.89736938476562,154.24825227636464,150.02812145767945,150.03761416540334,10442400
2019-05-07,151.9342803955078,153.4231737522988,150.48329998148918,152.6360460721067,6413600
2019-05-08,152.4558563232422,153.3473024668562,151.27991840663532,151.51700453118846,5445900
2019-05-09,151.55490112304688,151.59284299878897,149.0512727357404,150.65397692707938,6813700
2019-05-10,152.40843200683594,153.0627774751597,149.14612501727885,150.65398911180267,5192500
2019-05-13,149.2030487060547,150.52124704217246,148.34005169887106,149.070281048841,9730000
2019-05-14,151.9342803955078,153.17660938897876,149.7815343048903,149.93327289951287,9756700
2019-05-15,154.3809814453125,154.73187871998593,150.88160269804652,151.09023962766182,7547000
2019-05-16,156.59402465820312,157.28739132151,154.68492573973347,155.245306062534,9745500
2019-05-17,155.8531494140625,156.9074311791653,155.00782543972542,155.09330421971822,4582500
2019-05-20,155.2642822265625,156.47053597535944,154.18150749327359,155.1503105155349,4747400
2019-05-21,155.63473510742188,156.5845381986443,154.99836877544425,156.31859449252963,9095700
2019-05-22,155.99566650390625,157.3158922343983,155.2453139382276,155.38779309906485,5416400
2019-05-23,153.40274047851562,156.00520698754497,152.74738831265293,155.29285444422285,6138000
2019-05-24,154.47596740722656,155.20731981341498,153.6021503407359,154.58044632239634,4105600
2019-05-28,155.4922637939453,157.44885575936857,155.13133399699927,155.19781267426364,10202300
2019-05-29,154.56143188476562,155.2927842232012,153.37417818275338,155.10282652944787,6456000
2019-05-30,154.58995056152344,155.29281008760117,153.81111953956557,154.62795080230896,4750600
2019-05-31,153.23170471191406,153.9915499360154,152.50035241559286,152.83278923015038,5079000
2019-06-03,150.63876342773438,154.65642610856173,148.88162205924374,153.4311721076797,8034600
2019-06-04,154.18148803710938,154.21947377171108,150.6862062472962,152.2438822370933,6684800
2019-06-05,157.087890625,157.0973834359468,154.52342586377787,155.2927638428604,7769300
2019-06-06,158.54110717773438,158.99700853718446,156.6605013887653,157.55331848345207,13738500
2019-06-07,161.51402282714844,162.99571336973736,159.3769658154501,159.56692354014308,10528800
2019-06-10,162.24537658691406,163.38513743706534,161.95092544450438,163.2141653384776,7565900
2019-06-11,161.760986328125,163.53711373650546,159.96585879708326,163.31866305086575,6082900
2019-06-12,162.97669982910156,163.00519276081698,161.18157266680848,161.8274462689947,6772000
2019-06-13,160.84915161132812,163.5560815962855,160.25077105473432,163.49909573238978,6901400
2019-06-14,161.14358520507812,162.0743881145005,160.3647397655708,161.2480641178695,4999900
2019-06-17,161.04861450195312,161.86544576382013,160.5452200084259,161.21007929300475,6410200
2019-06-18,160.7826690673828,162.10289480864765,159.1395137474708,162.08389468847864,6969300
2019-06-19,162.12188720703125,162.60628155193052,160.7161827312267,160.88714032606953,6323900
2019-06-20,165.018798828125,165.2087565530286,163.12868540714769,163.85053055891944,11474100
2019-06-21,164.73382568359375,166.03505108514656,164.46788201747847,164.57236092151254,11728200
2019-06-24,165.12326049804688,165.95907729886238,164.04997844985635,165.83561276164008,5554900
2019-06-25,162.68228149414062,166.15856448265282,162.02691500532404,166.0350854361089,9899900
2019-06-26,162.47335815429688,163.73659834444595,162.2454146265309,162.786794997824,7129900
2019-06-27,162.63475036621094,163.7460180464258,161.7704407212721,163.48007438754578,5873400
2019-06-28,164.83836364746094,164.83836364746094,161.96046084221496,163.3281798967572,8442700
2019-07-01,165.20877075195312,166.72844717463627,164.0690098117291,166.52899661884157,6103200
2019-07-02,166.48150634765625,166.5195065922464,164.60090004015802,165.36074551064473,5238100
2019-07-03,167.9916534423828,168.10563965851395,166.89938577996185,167.16532946286162,4066600
2019-07-05,167.79220581054688,168.14362829195227,165.75012061187223,167.03236049226896,5840400
2019-07-08,167.34580993652344,167.7447254980201,166.59545737409192,167.45028885688055,6720300
2019-07-09,168.80853271484375,168.9605047177638,166.50051770349307,166.62398227462373,4894300
2019-07-10,170.30921936035156,171.21152955416534,169.61586704209645,169.61586704209645,5110600
2019-07-11,171.6674041748047,171.85736188147808,170.4516574606821,171.07851644341991,6986600
2019-07-12,171.27796936035156,172.24677243666756,169.93874370968578,172.24677243666756,7196700
2019-07-15,171.50595092773438,171.9808524727617,170.90757034328954,171.49644362141302,4490400
2019-07-16,170.30921936035156,171.80041742748864,169.7583317332285,171.31600849194467,6800200
2019-07-17,170.15721130371094,171.1640147148027,170.02423945588288,170.5466340340804,3994200
2019-07-18,171.4679412841797,171.55342007931384,169.6158282587191,169.66332130918613,4736300
2019-07-19,170.2427215576172,172.71220104805394,170.14773544562712,172.71220104805394,5327100
2019-07-22,171.50595092773438,171.89535918009457,170.14772497267683,170.62262651770416,4862100
2019-07-23,171.8193817138672,172.17081872974896,170.07174741978835,171.8098888999201,7193000
2019-07-24,174.12738037109375,174.22235197246522,170.25218251119563,171.71487270933622,8169300
2019-07-25,172.47474670410156,174.75428290924071,172.19931017356393,174.64029667863414,6085800
2019-07-26,174.4693145751953,174.5927936023294,173.06361019974722,173.25356790029258,5056300
2019-07-29,174.013427734375,174.8302589585267,173.5575118235614,174.6592868687604,4621800
2019-07-30,172.41775512695312,174.1748966544377,172.17081153903138,173.37705103798834,5236600
2019-07-31,169.06495666503906,172.9116622293015,167.22233627916032,172.6647041407741,7981200
2019-08-01,170.1762237548828,173.24408378320464,169.22642063218356,170.19522387533354,8417300
2019-08-02,168.5140838623047,169.32142238834226,165.9211251557209,169.06497146351845,8264600
2019-08-05,160.3837432861328,164.7908288497199,158.59810891794726,163.3756170905894,16858300
2019-08-06,163.82203674316406,164.26844536534995,161.59000812507995,163.16667027685517,10281300
2019-08-07,166.51947021484375,166.90887843331865,161.7894408031184,162.8912157699909,8292800
2019-08-08,170.86956787109375,170.91706092354494,167.70673637624125,168.552060535631,7602800
2019-08-09,170.06224060058594,171.05953671103487,168.92247982843483,170.65111385941438,5373700
2019-08-12,167.48826599121094,169.6823087130416,166.78542101117355,168.5330551410562,7394400
2019-08-13,169.6443634033203,169.9388000994992,165.46523479351768,165.6361924263256,6667700
2019-08-14,164.80029296875,168.35256096766284,164.46787065549216,167.3932652735071,7293500
2019-08-15,167.66342163085938,168.3768020312409,165.04769349612707,165.75155286902955,6698000
2019-08-16,169.5276336669922,170.02224790657164,168.54792621078474,169.3088678454252,8312200
2019-08-19,170.9639434814453,171.61073454541068,169.42303242161816,171.61073454541068,5285000
2019-08-20,170.48834228515625,171.81047286123226,169.7749621646745,170.66905305745684,3793600
2019-08-21,172.10536193847656,172.81874217342852,171.43954328860636,171.86756852682592,3695900
2019-08-22,171.29684448242188,173.42747850099542,169.88911166477413,173.0660279005325,6659900
2019-08-23,166.67416381835938,171.68685329418045,165.73251114172885,170.78324117959446,7051900
2019-08-26,168.91893005371094,168.99502568962941,166.78831030302706,167.79655207986974,7754400
2019-08-27,169.67037963867188,170.44082806064208,168.3006871046094,169.6133115353792,4022100
2019-08-28,169.94618225097656,170.2505647639931,167.4350845736182,168.34821759891082,4401900
2019-08-29,172.32412719726562,172.5333865598707,170.55494364035948,171.5917194281478,4679200
2019-08-30,171.99124145507812,173.2848237994066,170.89738295331657,173.1041129816026,4061200
2019-09-03,170.45033264160156,172.40024172664099,170.35522397511156,171.70588895484983,4644000
2019-09-04,172.89483642578125,173.30383412394957,171.2588166055921,172.06730549049158,4154800
2019-09-05,175.7102813720703,176.61389331890564,174.42620582038523,174.75910784618972,6386800
2019-09-06,176.67095947265625,177.59359886795644,175.5390607600454,175.71978603533685,7990900
2019-09-09,172.68557739257812,177.91703241705648,170.7451750376126,177.79337519934808,7290500
2019-09-10,167.7394561767578,170.92587876276954,165.32346730653674,170.65004482782612,15255200
2019-09-11,166.43637084960938,169.24233037681938,165.93224994702203,168.73820947423204,9113600
2019-09-12,169.2898406982422,170.65002623174016,168.0533123533589,168.21502460635713,7748800
2019-09-13,168.61456298828125,170.0413235139576,167.42559588355098,169.92717280254763,6103200
2019-09-16,167.5111541748047,168.54792973538372,166.9404443084513,167.56822225868908,4253600
2019-09-17,167.8345947265625,169.5562167835567,166.49343634013016,168.19604537322735,5924700
2019-09-18,166.73123168945312,168.52894940408623,164.39135251231613,168.4433472542844,9542500
2019-09-19,167.36849975585938,168.74769846362315,167.03558321678432,167.59677211293376,6964500
2019-09-20,165.561279296875,168.95697611399063,165.45664961728932,168.73819572973835,12820400
2019-09-23,166.3697509765625,166.6931464650051,164.35325340104185,164.45788306068565,8803500
2019-09-24,165.9607696533203,168.54796306860885,164.93350039897712,167.5111873029898,10039900
2019-09-25,166.7216796875,167.09263674918483,163.97278902174455,165.31394705774156,7797300
2019-09-26,167.07363891601562,167.83458070733653,166.0844247469287,167.07363891601562,10419000
2019-09-27,165.5042266845703,168.1960500441371,163.94430236993279,168.07239281657908,9212600
2019-09-30,163.61135864257812,166.88339800741804,163.61135864257812,165.66589701311807,16464000
2019-10-01,165.78004455566406,166.284179929086,164.38183268091666,164.57206450298207,8146200
2019-10-02,161.53782653808594,164.49597724003362,160.35836595926386,164.21062223553943,10596200
2019-10-03,164.4293975830078,164.6862185532143,160.39643026833008,161.61393147809233,7242800
2019-10-04,167.38751220703125,167.90115403621368,165.9227113703475,166.15098372664536,6027600
2019-10-07,166.36026000976562,167.11169529581215,165.31397773804994,166.13198763021336,5248300
2019-10-08,164.00140380859375,166.11301104974078,163.4877762832865,165.09526251327125,5336500
2019-10-09,166.34121704101562,167.39702014764222,165.16175674188838,165.60880942303916,6277300
2019-10-10,166.34121704101562,167.31140350696603,165.1141951667916,165.39955010361732,4762400
2019-10-11,168.414794921875,170.45030584082951,168.21505659402018,168.23406961607293,8754400
2019-10-14,168.7001190185547,169.69885401625322,168.4623256626148,168.7191465508812,7240900
2019-10-15,170.0222930908203,170.66908421821213,168.88088759240284,169.4325700612856,4400200
2019-10-16,169.18527221679688,169.55622940301922,167.66340290752353,169.23283380759662,6509000
2019-10-17,169.2517852783203,170.44075194514704,168.8332666893968,170.15539704235798,4887900
2019-10-18,167.13072204589844,169.4991350551587,166.02735717072696,169.21378006830295,6311900
2019-10-21,167.81556701660156,168.10092202610932,166.08443844943633,167.40656929685545,4898200
2019-10-22,162.5175323486328,169.1091588547715,162.44143671407858,168.3577380484057,10094700
2019-10-23,162.95504760742188,163.76353635740284,161.8706959067024,162.64115861728027,7122300
2019-10-24,167.5587615966797,168.23408679243354,164.93351290963994,164.95254044739266,7872600
2019-10-25,169.16619873046875,170.40271256676593,165.02858854361406,166.3887595690428,10130100
2019-10-28,171.05902099609375,171.38241646921506,169.64178191704565,170.19344971766233,10086500
2019-10-29,168.9569549560547,171.21123152675506,168.70964055504558,171.02099972780985,7572800
2019-10-30,170.49786376953125,170.65956153605794,167.7775067572886,169.10914396030654,5374800
2019-10-31,170.12686157226562,170.92584368235097,169.31835844012366,170.49781858864475,6830800
2019-11-01,172.09588623046875,172.46685798353786,170.79278263588515,171.33495872382136,7000200
2019-11-04,170.2125244140625,173.4940706548873,170.07936068154015,173.1897026293041,7154800
2019-11-05,167.75848388671875,170.79273000556492,166.62658497580048,170.32666422842732,7447500
2019-11-06,168.13893127441406,169.48959580327886,167.5396873691501,167.75845319418508,6992500
2019-11-07,169.71795654296875,171.82956381846336,168.21511451294356,168.69070147564483,7227200
2019-11-08,170.23153686523438,170.68809612002792,169.11866551768682,169.67034793603432,3894100
2019-11-11,170.77369689941406,171.55366619582736,169.49912779497745,169.78448276961055,3617300
2019-11-12,170.9639434814453,172.21948505245444,170.14593362694052,171.15417529356708,6118700
2019-11-13,170.65005493164062,172.0482812509211,169.21377354157653,170.6405339070662,6138300
2019-11-14,171.25979614257812,171.2788555452131,169.64961826443795,170.54522119344358,9811000
2019-11-15,171.2788848876953,172.1458915922466,170.6214734957774,171.52659901212897,7808800
2019-11-18,171.17410278320312,171.80293241913967,170.52621373882545,171.08835725232152,7173700
2019-11-19,174.1371612548828,174.33723410611816,171.6885440344304,171.8695720204486,8549900
2019-11-20,173.07958984375,174.56590346345502,171.831467882025,173.69888233927207,6040500
2019-11-21,171.39324951171875,173.22256034805545,170.85017989905904,172.61279006927657,5112200
2019-11-22,170.9930419921875,171.94580869876322,169.9259479330039,171.62187150766334,6865600
2019-11-25,172.42221069335938,172.78426673318276,171.60283065559491,171.87912663362428,5457800
2019-11-26,173.9275665283203,174.28008556027856,172.650862620843,172.8890542993156,7079000
2019-11-27,175.66162109375,175.82358971516763,173.65128244028543,174.35633514945786,11452700
2019-11-29,175.79501342773438,176.1189652188753,174.69933732078619,175.24240688763396,3139100
2019-12-02,173.20347595214844,175.66161612270352,171.3741653797031,175.5377663204587,6883200
2019-12-03,173.30824279785156,173.53691202092898,171.17405486805535,171.40270955306787,4543300
2019-12-04,172.0696563720703,174.03235327160064,171.94579206002032,174.03235327160064,10650400
2019-12-05,173.29872131347656,173.4321080598186,171.56469361103,172.68895125333222,4638600
2019-12-06,173.56552124023438,174.62309293946652,172.774723074316,174.10860527895204,14526700
2019-12-09,174.28013610839844,174.6040733959399,172.73665823640758,173.30830970770356,10233100
2019-12-10,173.65127563476562,174.49923752428944,173.3082789975387,173.92758615428986,8625700
2019-12-11,173.4130401611328,174.43250738099738,172.63177912456467,174.42298494889124,7138800
2019-12-12,174.0133056640625,174.6707169986367,172.28880030123216,173.07959838933834,11192100
2019-12-13,176.39523315429688,176.75728916663599,173.44165045357252,173.87992954946023,8558100
2019-12-16,177.44329833984375,177.9959048417227,176.99549677001198,177.5290438647729,8249900
2019-12-17,176.75729370117188,177.95777458720926,175.40436664412647,177.69100105697873,10208700
2019-12-18,176.1665802001953,177.63384925262076,176.1665802001953,176.75730551782607,8968500
2019-12-19,177.7291259765625,177.7672447927761,175.7854879536625,175.7854879536625,5854200
2019-12-20,179.12014770507812,179.28211630683919,177.50044714940088,178.73904682306,11259500
2019-12-23,178.2435760498047,179.5107573636795,178.16735297775983,179.26302874501758,5831700
2019-12-24,178.71044921875,179.13919130771532,178.0816197346326,178.26264772594507,2420900
2019-12-26,180.22537231445312,180.2444171831435,178.83432638246882,179.01535440150113,5237000
2019-12-27,180.44448852539062,180.92087188540677,179.5679448875289,180.77796269262848,5448600
2019-12-30,178.9581756591797,180.53023493983292,178.2817048878397,180.36826634118904,4833600
2019-12-31,179.0248260498047,179.1201085184974,177.72906298112707,178.22450564981474,5273000
2020-01-02,182.09278869628906,182.11184810321308,179.80615415971457,180.0729277043793,8733000
2020-01-03,180.6446075439453,181.94037109145464,179.04395161440132,179.51081262261602,4899700
2020-01-06,180.2539825439453,180.27304195370505,178.31986678832584,179.12018754139527,10109500
2020-01-07,179.77755737304688,181.12096195718635,179.69181185611882,180.63504161846078,4392300
2020-01-08,182.85498046875,183.40758689070287,179.88235306327397,180.5397644021156,5712000
2020-01-09,184.1221466064453,184.76049848788696,183.42663105473494,183.88395495494925,6748000
2020-01-10,184.61764526367188,185.37986168707457,183.98881562400948,184.3603941314338,6586400
2020-01-13,186.10389709472656,186.36114814098758,185.10348928199076,185.2559354233354,11290500
2020-01-14,186.78994750976562,187.6474318763384,185.92292617014223,187.4473589752368,6236500
2020-01-15,190.36285400390625,190.69631373894,187.04722883625234,187.69510343328093,10831100
2020-01-16,191.45843505859375,191.98245956800503,190.34369994115363,191.50607629364274,9983700
2020-01-17,195.0313262939453,195.07896753306824,190.53426663636492,192.2301900750724,12518900
2020-01-21,197.4989776611328,198.54702671271178,194.17383160651855,194.48824632199225,14861700
2020-01-22,198.08021545410156,200.20489592358163,197.49902711416473,197.7086369769661,8065000
2020-01-23,196.76539611816406,198.55658774810894,195.60301950335636,198.08020436623912,8520800
2020-01-24,195.31719970703125,198.1659777559749,194.56452030978826,197.6228936858339,7812900
2020-01-27,192.16355895996094,193.72609609909634,189.69589617074104,190.55338056806968,7198900
2020-01-28,193.2687225341797,194.21195222193887,192.24925523109053,192.83044347442512,7215700
2020-01-29,195.18377685546875,196.1937071802149,192.94476940867094,194.65022985658894,7041700
2020-01-30,198.37554931640625,198.6518452463791,193.71652100941665,194.36439534897525,8571900
2020-01-31,189.572021484375,194.3453781736229,188.8955506234939,191.97299801927375,16699600
2020-02-03,191.32505798339844,192.70656664118945,190.4104101917575,190.49615569633676,10885900
2020-02-04,193.9451904296875,195.24095374528295,192.67800895253365,193.8880267528043,10205900
2020-02-05,193.23068237304688,195.88891057408085,190.50576803855554,195.79362805420305,8672400
2020-02-06,193.44972229003906,194.96463221905074,192.91617532503105,193.45925926031276,7001200
2020-02-07,193.16392517089844,194.20243738034966,191.59185139973894,192.43981317761308,5691100
2020-02-10,196.2604522705078,196.3938390504354,192.32552045554127,192.43032539248927,6239500
2020-02-11,194.30726623535156,197.86108237839042,194.02143328374083,197.69911376469352,10231900
2020-02-12,197.64190673828125,198.3183628860735,195.31715389750838,195.31715389750838,7355800
2020-02-13,197.8899688720703,198.9109125669299,196.601879893756,197.14573580216796,9495300
2020-02-14,200.64749145507812,201.115028552142,198.47203827046516,198.73919816618098,6548800
2020-02-18,201.5157470703125,201.80199394517948,199.76012092450563,200.37077412996544,7651500
2020-02-19,203.529052734375,204.34961956939998,202.01196280794943,202.77528316410925,5927500
2020-02-20,201.7542724609375,203.89156584048027,198.7296298337985,202.40309964508012,8531900
2020-02-21,199.2353515625,200.58070177853045,197.90908835524837,200.2753678745568,9231500
2020-02-24,189.67478942871094,194.42644980944675,185.11397000845153,188.81606334305184,13316800
2020-02-25,179.76119995117188,190.7243487930534,179.11238730087206,189.67478178919126,18539000
2020-02-26,178.62579345703125,184.63690545922583,178.45403949630239,181.28785609579268,14214700
2020-02-27,171.7559051513672,177.79565420575273,171.74636892771,173.76915483616236,17536600
2020-02-28,173.4257049560547,173.96957558226686,165.04829780469393,165.82115432899647,22659000
2020-03-02,183.51101684570312,183.61597355379382,174.7042478272634,177.77660103596713,17434500
2020-03-03,177.213623046875,185.1425780285432,176.04002694380324,184.34109847323174,15226400
2020-03-04,185.3811492919922,185.57199027245005,177.63348302462697,181.63135988378266,10789100
2020-03-05,178.3872833251953,183.1198430663902,177.127802623009,182.47103026280865,10106900
2020-03-06,175.90647888183594,177.46174259710222,171.72731185064677,175.12407163198188,15183200
2020-03-09,163.2831268310547,171.33612718034036,160.59242619150157,163.35946031293454,20486400
2020-03-10,174.2271728515625,174.236709076162,163.99872026000236,171.2406893711903,16119400
2020-03-11,165.01966857910156,170.53463533121214,162.39576515845948,169.50415514982885,14598200
2020-03-12,152.73976135253906,164.11318498336146,149.79145239557306,151.23220825501622,27467700
2020-03-13,167.76759338378906,168.23513044502369,154.77212174121337,160.9836106792784,19948900
2020-03-16,145.03982543945312,157.72997865753246,141.19461564672372,144.20972252194807,23692000
2020-03-17,150.6502227783203,156.1938128088934,142.40639582356243,148.60834941051826,22298000
2020-03-18,141.6717071533203,143.77082711801572,133.38972024706553,141.65263470064863,22787500
2020-03-19,145.2688446044922,150.0395784174476,134.98314366849027,140.18324061278682,19362800
2020-03-20,140.09732055664062,151.0032071458234,138.99050721556063,147.72095569159828,18692100
2020-03-23,129.5158233642578,136.77687725379684,127.78880634012043,134.84949766075363,30344100
2020-03-24,147.4442901611328,148.13127695813228,136.99638658219067,138.19860619737804,24488300
2020-03-25,154.36184692382812,160.46837978089835,146.53784715098107,152.0146542715354,20619600
2020-03-26,161.13629150390625,161.7564810050396,154.37138066557807,154.64809134820496,17062900
2020-03-27,154.15191650390625,159.43789661998045,150.89827322745808,153.69393022987825,14950700
2020-03-30,157.97808837890625,158.26432076384182,153.32184746229623,153.65579009776252,15714500
2020-03-31,153.73211669921875,160.47794107837544,153.17870984793,158.7986335133272,20613100
2020-04-01,146.08941650390625,150.82199101762697,144.47690608936102,149.1522341247872,12595200
2020-04-02,150.17311096191406,151.08909797077635,144.35281172432568,145.5359585776229,14051100
2020-04-03,144.88722229003906,150.48806030914074,143.69453858517912,148.42709937295217,11994700
2020-04-06,161.6706085205078,162.9014512763593,150.99370532184483,152.68254894607466,16479100
2020-04-07,160.8595428466797,170.60138428525786,160.392020414667,169.6090638467576,15379000
2020-04-08,166.9184112548828,167.929804337913,160.22983416199494,163.16860748500304,11146500
2020-04-09,165.72572326660156,169.06523632596017,164.92424362654467,168.18742321173764,12231800
2020-04-13,161.24122619628906,164.41853586562843,158.5314390054789,164.36127484457538,14043700
2020-04-14,166.61306762695312,167.3859240109948,162.99685857102932,165.1532245550697,9980500
2020-04-15,158.3502197265625,161.5943132358229,157.38652207747504,160.96457281230303,12118700
2020-04-16,154.97247314453125,160.29661237404946,152.47261396761633,159.4474225694327,20308200
2020-04-17,161.76600646972656,163.14953067258486,157.38647711562243,161.87096317699604,15375800
2020-04-20,156.68994140625,159.75274355746168,155.71670788720238,159.657337641709,10505200
2020-04-21,153.1691436767578,155.11561078131777,151.85241678597436,154.57174026238692,10562100
2020-04-22,158.9512939453125,160.0103973559255,155.4495773323438,157.1097978179089,14502500
2020-04-23,158.75088500976562,162.59609389320246,158.5886818664906,160.1821046306712,11411300
2020-04-24,159.64784240722656,161.0122652816784,156.48960441114838,160.7164821163986,8391400
2020-04-27,163.88426208496094,164.44721980640853,160.82145876789647,160.91686471996533,9903300
2020-04-28,163.39759826660156,166.98518408798904,162.567495418998,166.97564786368042,8614400
2020-04-29,173.45428466796875,173.89319846104374,168.0252033489693,168.74081321917936,12862800
2020-04-30,170.5250701904297,173.49246650169965,169.51367719106602,173.44475626304424,11331600
2020-05-01,167.51953125,171.402900473383,166.27913771597298,166.45087712143777,10109600
2020-05-04,168.07289123535156,168.82667508347183,163.84602945295757,165.0196255091465,9386200
2020-05-05,170.2578887939453,172.79592175459615,170.0861348683301,170.8780781406739,13513000
2020-05-06,170.58229064941406,172.23295982959243,169.72356472100458,171.47919058657686,8540500
2020-05-07,174.3416748046875,176.49804096459823,173.37799194189776,173.41615140139183,9262200
2020-05-08,176.6029815673828,177.23272178500713,175.20038497318362,176.5457351038026,6470100
2020-05-11,175.14315795898438,176.15455108553778,173.11082092147294,175.43894109307573,8683100
2020-05-12,171.24066162109375,175.55340757797677,171.14524115407596,175.14311704074328,8219700
2020-05-13,169.2527618408203,173.07573920466606,167.2934830251491,170.60036486161624,13377100
2020-05-14,172.8940887451172,173.0374590993432,166.12743386374675,168.15360653537198,9695100
2020-05-15,175.36947631835938,175.9907041009311,170.9539290080696,172.01480545868188,10785900
2020-05-18,182.91030883789062,184.2961348534108,179.17334594131407,179.67988914296285,11802200
2020-05-19,180.97975158691406,185.8922769866664,180.85550015408424,182.68097537157723,7446800
2020-05-20,185.28062438964844,186.3606203124364,183.89479781847564,184.45868355832818,9545600
2020-05-21,182.18394470214844,185.05117714421434,181.61050696383424,184.93649251325118,11338100
2020-05-22,182.4133758544922,182.90080024599217,180.8555078235675,182.54717948648252,5807600
2020-05-26,184.66891479492188,187.5839378263417,184.22926600022387,187.13473683870484,9662200
2020-05-27,184.28662109375,185.71067075315048,180.17691772791193,185.71067075315048,7650300
2020-05-28,185.66287231445312,189.51452046613505,184.18148039726768,184.97473528940574,8352200
2020-05-29,186.59950256347656,188.03311886121332,184.72623751769424,185.8922466065334,10211900
2020-06-01,185.74888610839844,187.21117352839593,184.95561669371048,186.092954594486,6011300
2020-06-02,187.66998291015625,188.7786499847494,186.2937085532135,187.2685719866318,8462100
2020-06-03,188.15733337402344,189.37113244552555,186.91487773014444,189.2373288569464,8879400
2020-06-04,185.07034301757812,187.76554919631326,184.57335185160883,187.30678138918682,7829800
2020-06-05,190.776123046875,190.92904563711193,186.8288943644521,187.51703143701738,8561200
2020-06-08,190.76654052734375,191.1106090089293,188.4058512810344,190.7474215607283,7628100
2020-06-09,190.26956176757812,192.74493580644457,189.4667401198646,189.58142475996667,6892300
2020-06-10,191.6075897216797,193.23235191605633,190.1453022883908,191.05325634552787,8405300
2020-06-11,180.52093505859375,187.66989624062785,180.39668366934768,186.50388737023104,11974600
2020-06-12,183.7513885498047,186.37013310607318,179.5365673922506,185.6151015476656,11706300
2020-06-15,183.2734832763672,183.96162019471066,177.96911519075775,178.72414661264978,6752700
2020-06-16,184.34393310546875,189.60052583884246,183.31172769144104,188.14779067278516,11057200
2020-06-17,184.99386596679688,186.72376083132517,184.51599381268403,185.08944623101976,5968900
2020-06-18,185.32835388183594,185.65330339675072,183.60801147420108,184.0763313634596,5803200
2020-06-19,183.6940155029297,188.3771704042052,182.90074613954735,188.1764577238443,11483300
2020-06-22,186.33189392089844,187.66992995509128,182.82429990594486,183.49333250654027,6674500
2020-06-23,189.2086944580078,191.2922099682833,187.1538501091765,187.56481314554264,9866800
2020-06-24,182.93896484375,188.74032341338727,182.25082798840475,188.30068933460888,9453100
2020-06-25,185.395263671875,185.64376650782214,181.49582542097122,182.64273017626627,9936600
2020-06-26,180.8937530517578,185.5386715829307,180.71215927599238,184.55425598288915,11836000
2020-06-29,182.91030883789062,182.97720334085494,179.01087119583215,181.50536385716745,8020400
2020-06-30,184.62107849121094,185.1754117965441,181.74429411800483,183.01543546900206,9040100
2020-07-01,185.20413208007812,186.7046576537854,184.13370311465698,185.2710411821674,6394100
2020-07-02,187.01051330566406,189.16093830119374,186.3701662792378,187.3259107216954,6299300
2020-07-06,189.00804138183594,190.3651969245808,187.02009092128569,189.93511478371525,7292200
2020-07-07,185.6055450439453,190.0975404558498,185.2328053404437,188.10003831614884,7660100
2020-07-08,186.43702697753906,186.86710894826354,184.5733141319012,186.44657916942217,8368000
2020-07-09,183.7035675048828,186.83840677506439,181.54357665092468,186.37008694754766,8548200
2020-07-10,184.02854919433594,184.28660421251166,181.0561841398277,183.16837066158323,7674200
2020-07-13,180.65478515625,186.55172552462807,180.3489399911963,185.0416478350507,8564100
2020-07-14,184.77410888671875,184.90791254999903,178.8962707315014,181.1136052470092,8003900
2020-07-15,187.85154724121094,189.01755646729524,185.89226848698726,186.5899577506276,7681100
2020-07-16,184.93653869628906,187.04874020615034,183.99991328136284,186.68555267273933,5064000
2020-07-17,186.4561309814453,186.91489869388258,184.57331375587705,186.2076427414994,6395000
2020-07-20,189.68658447265625,190.65188102709527,185.0990086236806,186.1216620899144,6985300
2020-07-21,187.78465270996094,191.31135182450726,187.0200542851443,191.1488770290528,7218700
2020-07-22,190.05929565429688,190.19309926139204,187.56480266355874,187.7846197501795,6823400
2020-07-23,188.6925506591797,192.05677397449233,187.73680655919864,189.65786153359903,6106700
2020-07-24,186.51353454589844,188.74042099529768,185.44310536570796,187.0105257724885,7160300
2020-07-27,188.1956024169922,189.05576640241944,185.60552910133936,186.52304999149493,5604700
2020-07-28,188.03317260742188,190.54677065114515,188.00450143995187,188.94112693881257,6897300
2020-07-29,189.7916717529297,190.08795010091202,184.5064078621209,184.5446312107162,9471300
2020-07-30,185.47169494628906,187.86105516065123,183.61754908658446,186.56124262069832,10499400
2020-07-31,181.9737091064453,186.07386032515913,181.05620274409722,185.8158052804672,14180800
2020-08-03,182.2509002685547,184.78361707151794,181.7921470442165,183.31177712599444,11405200
2020-08-04,183.78005981445312,184.40130234192225,181.66787313815882,182.67140754137796,8204000
2020-08-05,187.42147827148438,189.40941374331234,184.55424513882627,184.9938793857395,8876800
2020-08-06,189.97332763671875,190.11668347023414,186.1694542410778,187.30679246530948,7480300
2020-08-07,187.66998291015625,189.21828426996532,186.65689611504646,188.84554451358522,5654000
2020-08-10,188.0808868408203,189.5336220474861,186.6855085338967,187.66992385207521,5525400
2020-08-11,189.0175323486328,193.9109379297672,187.65081057489473,189.0653224747843,11549600
2020-08-12,189.94464111328125,191.36869088941145,189.46676892886134,190.193129399119,5432500
2020-08-13,189.12139892578125,191.38036548494256,188.59494206983473,188.69066680929578,7014800
2020-08-14,188.22164916992188,189.59043706966932,187.38889939248554,188.57580443516807,5014400
2020-08-17,190.89222717285156,191.8781454447796,188.28868609469095,188.85342419377352,6256200
2020-08-18,190.49017333984375,191.53352042654907,188.39394174573425,191.41864781736678,6519900
2020-08-19,192.3854522705078,194.15624343241524,190.3849158493498,190.40406372187854,9467600
2020-08-20,195.41018676757812,195.68777983944523,191.05498720355044,191.34213230472415,8849200
2020-08-21,195.3909912109375,196.35774682298762,194.63480373743985,195.7451464598534,9998300
2020-08-24,197.5734405517578,197.6117216960824,195.90792596542923,196.23336681161035,6159600
2020-08-25,199.1910858154297,199.28679597568205,196.7406691030811,198.32004010550588,5828300
2020-08-26,201.25856018066406,201.77545043594606,198.42528883109821,199.19104297617253,7035200
2020-08-27,201.99562072753906,203.09638238368723,200.10039034164302,202.16792236564618,8619600
2020-08-28,206.47532653808594,206.9060588357892,202.17754098570504,202.92414752987085,7349800
2020-08-31,202.9145050048828,206.7145465714355,202.5029061326222,206.31251433135014,9326900
2020-09-01,204.21632385253906,204.73319959964167,202.08178139765045,203.1251287370574,5642900
2020-09-02,207.21231079101562,208.04507531418736,204.61833627737326,204.96292496838103,9863800
2020-09-03,200.01425170898438,205.72865751162422,198.22429806225065,205.72865751162422,11310200
2020-09-04,195.89834594726562,201.48832739190422,191.58141329074812,199.5643823503399,13243600
2020-09-08,191.55270385742188,193.59152158921984,190.6816727591409,192.18445225397173,14186900
2020-09-09,195.323974609375,197.4585018762382,193.3043053426255,195.60156758370874,7532600
2020-09-10,192.91189575195312,198.1381549614347,191.86856307898515,196.08977075523404,7243000
2020-09-11,192.0886993408203,193.7446469805334,190.39448516953982,192.95017828411792,7439000
2020-09-14,196.20458984375,197.57337765779903,194.4433656544896,194.64438176346403,11730500
2020-09-15,196.59703063964844,199.29631039022527,196.00357818620688,197.8988081480849,6328600
2020-09-16,196.34817504882812,198.8560054376125,196.17587344201354,197.8892498508817,6135000
2020-09-17,196.48220825195312,196.77893453244937,193.3521958435467,194.16581241084947,7474900
2020-09-18,193.93609619140625,196.9129550616868,193.08419842366922,196.6736577718107,9084100
2020-09-21,188.99696350097656,192.63428459075573,186.36469377364946,191.3516548471344,9656000
2020-09-22,191.9738311767578,192.11741829582434,188.3748056508925,189.60957308380927,7543100
2020-09-23,187.0060272216797,192.48114996683427,186.24028763664674,192.20357155809177,6310600
2020-09-24,187.149658203125,189.20760937985034,184.86197633372876,186.79548822623033,9865300
2020-09-25,188.80555725097656,189.65745499858417,185.2256646210219,186.67102956527157,5496100
2020-09-28,191.74415588378906,193.0842149797803,191.27512789741775,192.04088221179077,5565300
2020-09-29,190.90182495117188,193.71596366233763,190.83481469350184,191.99302010391483,5513500
2020-09-30,191.40914916992188,193.86911812333716,190.37538295337833,192.25148044389437,9157600
2020-10-01,194.6444091796875,196.4152002500174,193.00760939348763,193.55321419073644,7234600
2020-10-02,192.8353271484375,194.1466715731889,190.86350528637337,191.43782460239933,6019700
2020-10-05,194.8262481689453,194.93153954615866,192.44285683877746,194.031794129253,6090500
2020-10-06,191.86856079101562,196.31949906924234,191.16025017275408,195.37187655968634,5841100
2020-10-07,193.80210876464844,194.10840172999806,191.4282835123807,193.35222864835933,6713400
2020-10-08,194.29026794433594,195.5537647524411,193.57237601397128,195.2666050591855,3955600
2020-10-09,197.79359436035156,198.21475998496504,194.96030763466504,195.2666152182201,5562900
2020-10-12,197.56381225585938,199.06660606116267,196.92249735093904,198.0807025171983,6622700
2020-10-13,195.57290649414062,196.42480430723808,194.33812423352575,194.67314629940998,5621700
2020-10-14,193.54367065429688,196.19508906533378,192.51948571344724,195.94622510904074,5320000
2020-10-15,191.00709533691406,195.93661355353456,189.140579439628,192.40458329876017,8885500
2020-10-16,191.6866912841797,193.97437273698867,190.8730892811999,191.4282607332287,6385900
2020-10-19,188.5375518798828,192.4620333169483,188.0876718017859,192.25145053122003,7449600
2020-10-20,189.23626708984375,191.1123640029882,188.28865930380232,189.0926945784876,7427000
2020-10-21,189.9349822998047,191.83979342751664,189.36067773557792,189.36067773557792,6067200
2020-10-22,189.51385498046875,191.21765022854115,187.37931299884113,190.80605136449938,4908200
2020-10-23,189.5330047607422,191.32295827483293,187.62820783619802,191.1985190204691,5877200
2020-10-26,184.80455017089844,188.01112564948474,182.55514941270727,187.6091078852538,12608700
2020-10-27,181.92335510253906,185.40752278665096,181.11931977671625,184.73749334846528,8690400
2020-10-28,173.1267852783203,176.7928212296729,171.66228714546082,176.10364391943946,17809500
2020-10-29,176.95553588867188,178.99435324918866,171.66228158402456,175.16559702995468,16820900
2020-10-30,173.93084716796875,176.333386680547,171.55700755594808,174.84017394090174,10252900
2020-11-02,176.8311004638672,178.9177654654866,176.01748397465886,176.61093647868918,8057100
2020-11-03,180.2770233154297,181.41608088177867,177.23316845240726,178.83167277806075,6467900
2020-11-04,185.66595458984375,188.45137813155281,183.33041105406897,184.6321886999658,8102700
2020-11-05,189.1788787841797,192.38546854607196,188.84385671154666,189.8680561980458,7132100
2020-11-06,189.97335815429688,191.1315490075512,187.06349455504014,188.90131083117564,6180500
2020-11-09,203.57501220703125,208.33224417062257,203.19214233133175,205.49897203712746,17916900
2020-11-10,204.1780242919922,204.8959161862853,201.5361873789909,202.86667977219216,7943600
2020-11-11,203.59413146972656,205.10649209562933,202.60822780308547,203.08682238322376,5337200
2020-11-12,199.6445770263672,203.74751839054767,198.57091450192516,202.68343691451855,7302500
2020-11-13,201.772705078125,202.53961301759912,198.72426466884454,201.22629286200308,6377500
2020-11-16,203.90089416503906,206.1920226069534,203.06688953476672,205.69354481492275,12083200
2020-11-17,201.99319458007812,203.31609574168448,200.8332443460616,201.84939111785772,7268800
2020-11-18,199.23239135742188,202.41504041028054,199.0790068029921,201.04420435239948,6977900
2020-11-19,198.98312377929688,200.095125069926,197.02750756076023,198.66677366666434,5657200
2020-11-20,195.44573974609375,199.50074575105674,195.37862853880569,198.56129124188612,9653500
2020-11-23,199.54869079589844,200.3539375606492,196.2318201303024,196.2318201303024,6101900
2020-11-24,201.0058135986328,204.97456141333814,200.73739799196966,202.12742514564732,10110800
2020-11-25,202.165771484375,203.18191840848172,200.22933199779098,200.9962400285964,6772900
2020-11-27,202.27114868164062,203.25853747893478,200.17174437150396,203.2297797180465,3512900
2020-11-30,201.6481170654297,201.83024474087395,198.05324938273878,200.87161335882305,7725500
2020-12-01,202.46290588378906,204.83072611061706,202.30952138165458,203.35444050333848,8047900
2020-12-02,201.48513793945312,202.65466940203555,199.8554675067322,202.27122269817914,9728900
2020-12-03,199.44329833984375,202.3767085635676,199.02149811439594,201.10172683757557,9203300
2020-12-04,203.88172912597656,203.92008257528724,199.884237747308,201.06336495895326,5720100
2020-12-07,203.85293579101562,205.62640950960196,203.03810797974683,203.2010735420006,10624500
2020-12-08,203.96803283691406,204.31314076960683,201.20716937537208,201.26468492622817,8646200
2020-12-09,200.90994262695312,204.6677754370484,200.30600024812543,204.40894089932905,6251100
2020-12-10,199.021484375,200.6415739347381,198.67637645323595,199.88424686563232,10492000
2020-12-11,197.7081298828125,198.3312343935105,196.04010611013717,196.86452963536019,9227600
2020-12-14,198.6763458251953,202.5588056896302,198.4079302193752,199.25153048198322,11967700
2020-12-15,199.74046325683594,200.77578704941217,197.63147684716856,199.91300990848725,9796100
2020-12-16,199.65420532226562,200.478629074674,198.57094694487077,199.85550976471066,7504400
2020-12-17,202.44374084472656,203.01892544714227,200.2101428990556,200.3539317358835,6517200
2020-12-18,202.56834411621094,203.21062522553947,201.18791293240915,202.29034752137187,13298200
2020-12-21,200.36355590820312,201.12088295197393,196.31812998246164,199.6541779904315,7576700
2020-12-22,197.32467651367188,199.77877046583114,197.09461434787806,199.76918941810766,7396200
2020-12-23,196.80702209472656,198.75304259482672,196.62487979502836,198.75304259482672,6523100
2020-12-24,200.0663604736328,200.18140618274538,198.05324340858277,198.09158222658456,3367900
2020-12-28,203.8338165283203,204.62948241302277,200.30604507117633,201.16882218078945,5816200
2020-12-29,205.50186157226562,206.3358810522429,204.70619554961687,205.73193843356248,6093400
2020-12-30,209.32676696777344,211.2727876685931,206.7288692654051,207.06439612867277,8875100
2020-12-31,209.6814422607422,210.72636160485186,207.25610598623462,209.36509214308194,5922200
2021-01-04,208.75152587890625,211.13852284463468,205.37715457004802,211.13852284463468,10318300
2021-01-05,205.6360321044922,209.42263812667605,204.80202740340576,207.36157168221874,6869700
2021-01-06,203.82421875,207.22736339867635,203.29698314282152,204.95541149247953,7206200
2021-01-07,204.9649658203125,206.3166395292632,203.42156876760473,203.42156876760473,10967900
2021-01-08,206.53709411621094,207.17937528045894,203.94879273904013,205.31004732069957,6513000
2021-01-11,204.08303833007812,205.971543359848,203.68999594513926,205.1087809501545,7353100
2021-01-12,200.21975708007812,203.98717150395996,198.88726000393345,203.55579029453483,9331600
2021-01-13,200.6894989013672,202.27123493490726,199.99928309062662,200.74701444766973,6688500
2021-01-14,193.5093231201172,202.4725320113763,193.38469636494386,201.85900853810924,12887500
2021-01-15,193.2505340576172,194.85144701900734,192.1385179294176,193.2025995537616,8755000
2021-01-19,193.3175811767578,195.72374034573951,191.793361001517,194.65007802771612,9772000
2021-01-20,197.4876251220703,198.6188176410612,193.86400004662335,194.6309079976685,12675700
2021-01-21,196.6536407470703,198.59966127865164,196.27977509389837,197.52599881365614,6513500
2021-01-22,193.6627197265625,196.83578732347735,193.45181964813725,195.55122475674492,7316200
2021-01-25,192.66575622558594,193.29845653096532,187.65211753853512,192.05223264606667,19282400
2021-01-26,193.65309143066406,195.07187619699943,192.6561213776802,193.41343362078265,9605300
2021-01-27,186.90435791015625,191.4386801589043,185.93614549998517,189.4639018926334,13772400
2021-01-28,190.0199432373047,193.64356925413296,189.97200873524537,191.72630619221084,11041300
2021-01-29,185.25547790527344,194.65006651498382,184.8336778402685,189.63642947515052,21503000
2021-02-01,190.1540985107422,190.96894093787117,186.95227359288307,187.0673046639875,12970700
2021-02-02,194.22828674316406,195.8963104579011,191.72625848483486,192.54110093441648,11305100
2021-02-03,193.03004455566406,195.0910964844226,192.66575989516383,194.66931090035882,13458600
2021-02-04,200.59364318847656,201.0058477159763,194.69806526119964,194.8322730873107,14534800
2021-02-05,200.13348388671875,201.43722319154006,200.02803384634515,201.29341970327363,10284000
2021-02-08,198.3312225341797,201.93567083744497,197.3917679868623,201.31256636400587,8637100
2021-02-09,197.97654724121094,199.04062860731008,195.27319985745243,197.24797806556086,7619400
2021-02-10,197.89987182617188,199.36657672220088,197.42055611825248,199.36657672220088,8467600
2021-02-11,202.2587890625,203.15169321692227,198.9271730331443,199.06158918489373,8411100
2021-02-12,201.58668518066406,202.7100231736303,199.39759936714773,201.01060765338187,6911000
2021-02-16,199.60885620117188,202.63324168922736,199.0808021487328,202.25879563645046,9652700
2021-02-17,199.23440551757812,199.97370168417646,196.88211551505088,197.07413649786213,8373200
2021-02-18,201.00106811523438,201.3371012251919,196.78614315407506,197.66945153349127,7328600
2021-02-19,196.56527709960938,201.1738540040089,195.6339599369391,200.99142894014904,15011500
2021-02-22,200.0121612548828,202.2492274685394,195.00993071362132,195.43238576435544,8337700
2021-02-23,203.65098571777344,205.37920407018802,198.31272264607566,199.1288155831439,10571700
2021-02-24,210.67906188964844,211.7351994355489,202.8636880007775,203.89102312726834,12039000
2021-02-25,205.2255859375,211.65838499940628,204.10224764618957,210.54464263100374,11404300
2021-02-26,203.91983032226562,206.62737501229242,202.33563861657902,205.51363260149,11730000
2021-03-01,207.99066162109375,209.1139995141342,206.22403086469913,206.39685996761392,6982000
2021-03-02,207.16500854492188,209.2388557302134,206.25289786223527,208.30755320386857,6155200
2021-03-03,206.28170776367188,208.52838417525294,204.3710644314525,206.5697319316211,6484600
2021-03-04,203.0653076171875,208.36517223012117,200.34816722768244,207.3570436594158,10658900
2021-03-05,206.81935119628906,207.48183601514336,201.26986149234457,205.20634276991407,7582000
2021-03-08,211.48556518554688,217.11186707427294,207.2034249834392,208.3267632465982,14750400
2021-03-09,211.5719451904297,216.02689932834602,211.40872662452412,213.20414549974709,9228600
2021-03-10,214.2698974609375,215.24922359197268,210.65024233025107,211.9176072822099,7822900
2021-03-11,217.1310577392578,219.12810841299438,214.884381225153,215.57566856030272,10053400
2021-03-12,215.41244506835938,217.50549887137083,214.5099302541202,216.2957533875419,8172400
2021-03-15,214.36593627929688,218.03358603078803,212.89695426400604,215.2876430162073,9306100
2021-03-16,215.73887634277344,216.5837862990377,213.4345951078417,214.78836729223892,8949300
2021-03-17,214.1259002685547,217.2174868842852,212.9161400665864,216.0749420936547,8675600
2021-03-18,211.8600311279297,213.6458544790906,210.82310002239123,212.59931279972048,9321800
2021-03-19,198.6487579345703,211.38955031869034,198.62956608896667,210.38142171447416,32209700
2021-03-22,199.7048797607422,203.82378645969192,198.00546394147386,198.31270925015494,11371600
2021-03-23,199.8489227294922,201.58675180605906,199.2248507438944,200.71303930601022,8820700
2021-03-24,199.77207946777344,202.71963883371703,199.63764866809203,200.42495372202384,10101600
2021-03-25,199.67605590820312,200.49216335279453,197.57339183471845,199.38801712480256,8390800
2021-03-26,205.01434326171875,205.17756184065968,199.41684406516003,199.94491279130008,7399900
2021-03-29,205.9552764892578,206.70416870111347,202.70047121457299,203.97743220408697,7792300
2021-03-30,203.44935607910156,205.60962537765377,202.97890680803013,204.51508951906453,5498000
2021-03-31,203.28611755371094,205.57120687571907,203.11330305890144,204.07342265298723,13180000
2021-04-01,208.21153259277344,209.05644251080267,203.83338965437122,205.25436252993322,6138400
2021-04-05,210.3045654296875,211.71594224386243,208.6435628236472,209.8821251627447,10440500
2021-04-06,209.93017578125,210.65026558793198,206.75218177846915,208.94125361876124,7828100
2021-04-07,210.5254364013672,212.22483760658574,209.920556343426,210.38140966600534,5614300
2021-04-08,211.8983917236328,213.93385522756844,209.4116854882094,211.1975085212333,11042000
2021-04-09,213.6458282470703,213.7226395769678,210.75585872944743,212.18644227954454,5724900
2021-04-12,212.63772583007812,213.06018087132352,210.4774563557447,211.4567826195167,6315200
2021-04-13,212.20567321777344,212.78173628296435,211.43757448058736,212.18646672052094,4764000
2021-04-14,213.12733459472656,214.2026784578885,211.2935173799261,212.1864215334389,4972600
2021-04-15,217.25584411621094,218.55201133012096,214.93235663260572,214.96115904622496,8698100
2021-04-16,217.3806915283203,218.71525724387348,216.7566049712442,218.11037718169928,6829400
2021-04-19,216.78536987304688,218.50399193790983,216.10369324975755,216.7469715401511,6541600
2021-04-20,214.37550354003906,216.39176056413245,212.97373712541318,215.81568294288792,5799100
2021-04-21,218.37921142578125,218.78245992068196,213.98186167148796,214.40431666145915,9490600
2021-04-22,218.49440002441406,221.72038745620486,217.84151115112726,218.2351636592663,7303000
2021-04-23,220.8275146484375,222.57493940517307,218.62884714435788,219.49294895026833,5345200
2021-04-26,221.15394592285156,223.65985867364267,220.3666554662294,221.56680497043467,5650000
2021-04-27,220.74111938476562,221.94126898606996,219.8578110362373,221.81644873944992,6642100
2021-04-28,224.13992309570312,226.84746746512903,221.4707917153506,221.73962403781326,10111400
2021-04-29,227.41392517089844,228.02840111842812,223.8518750694173,225.84892556145437,7411400
2021-04-30,224.24554443359375,226.5210233294408,223.02618836882266,225.93536440373657,10260200
2021-05-03,223.3334197998047,226.33859882321033,222.1620727207254,224.71599436201384,8174400
2021-05-04,222.7765655517578,223.12220921849308,221.04834721808143,222.36372112635198,5884500
2021-05-05,220.0690460205078,224.52400090600884,219.54097724792666,224.52400090600884,6523200
2021-05-06,222.09483337402344,222.34445915149868,219.5409121765265,220.4722291947847,6124100
2021-05-07,222.86294555664062,223.91908292316094,221.50918812352492,223.0741730299447,4528700
2021-05-10,216.95822143554688,222.74774129812812,216.18052692419448,222.3636993284086,9627400
2021-05-11,216.4877471923828,217.39026189324915,213.18493367017473,214.81714858889623,7633300
2021-05-12,211.83120727539062,216.02692554114998,211.5239619491612,214.71156628260596,7721300
2021-05-13,215.12921142578125,216.24455684610203,212.3888898446829,212.98502400653916,6650100
2021-05-14,218.20602416992188,218.75407960778116,216.26376147335844,217.12913301374806,4777200
2021-05-17,217.7252960205078,218.4175874761806,216.64840472125837,217.47529291779375,5534200
2021-05-18,216.88873291015625,220.35978457173303,216.75410685747886,219.6001949220745,6900000
2021-05-19,215.9464569091797,216.19645997505103,213.2542143862656,214.18688427461308,9311900
2021-05-20,217.7252960205078,218.84065610704104,216.57148181823433,216.76378174002264,7478600
2021-05-21,218.04258728027344,220.4848269828291,217.83105297475174,218.1483544330343,5603900
2021-05-24,220.4944305419922,221.25402026026558,218.86946929120344,219.17714618807847,4040100
2021-05-25,220.2059783935547,221.33094820712938,219.62906402536885,221.0521008829409,4689100
2021-05-26,218.3310546875,220.52330607303563,217.66760748659306,219.27333457423705,4295600
2021-05-27,218.12913513183594,219.62909509546253,217.65798784211472,218.99449213499162,5969600
2021-05-28,218.55224609375,220.6002619768853,218.40801011759748,218.83107883983666,5779700
2021-06-01,217.907958984375,221.2251799052434,217.57142315943602,220.60981142911578,5091500
2021-06-02,220.82138061523438,224.13860206033218,219.97524332501337,220.39831197012387,9081100
2021-06-03,219.33102416992188,221.52327556631533,219.0041128341451,220.18677129683385,6382400
2021-06-04,221.28289794921875,221.82134360377142,219.92715928015622,220.52330811616272,5085700
2021-06-07,222.41746520996094,225.64813874175658,221.22518235545877,223.88858071874,5421300
2021-06-08,223.11936950683594,223.8885837889488,221.30210828450961,223.2155121223862,4170600
2021-06-09,223.369384765625,225.81163930456506,223.1866947011125,223.5520748301375,4659000
2021-06-10,224.9462432861328,225.2443103395338,223.1962950780995,224.12896502221753,4452500
2021-06-11,225.91741943359375,226.37894221622133,224.71552648916645,225.36934920859343,5378300
2021-06-14,225.0712432861328,226.1673688755319,222.65784795173488,225.66737738885482,5805800
2021-06-15,224.0136260986328,225.7635893903358,223.66748031958969,225.41744361129267,7093800
2021-06-16,220.763671875,225.16739411347285,219.22524324675655,224.62894849505045,8905400
2021-06-17,223.2154998779297,224.35970404247036,220.3886606539096,220.3886606539096,6876700
2021-06-18,221.54249572753906,223.2443653393908,220.39829145428354,221.580949840995,8840000
2021-06-21,225.30201721191406,225.96544969413878,221.53286858968687,222.54246144665692,7298400
2021-06-22,226.85003662109375,227.00388241321778,224.2635757647771,225.28277846239982,8858400
2021-06-23,225.64816284179688,226.84044582363916,224.9366516686298,226.38853294101187,6814700
2021-06-24,227.14813232421875,229.0807706902593,226.35007373394663,227.87887787446573,4611500
2021-06-25,228.18655395507812,229.30189926188953,227.225039767851,227.30194799187208,7825200
2021-06-28,225.08087158203125,229.19615147730562,222.9366988714033,228.84039589287025,9301700
2021-06-29,226.86927795410156,227.41734810348336,225.13854941860998,225.54239830317692,11897700
2021-06-30,224.82127380371094,227.3019677110075,224.82127380371094,226.0616207573592,7797100
2021-07-01,226.10011291503906,227.15778465931987,225.04245584230418,225.18667713854887,5329600
2021-07-02,229.44615173339844,229.59037300326239,226.74429901996368,226.75390888077354,4383700
2021-07-06,230.3787841796875,231.34990813872653,228.08076606803718,230.2826269010916,8048700
2021-07-07,230.76341247558594,231.76338080750136,229.1288412381924,231.01340089067912,4366100
2021-07-08,227.50387573242188,227.9461787204518,225.5231588253999,227.85002143171502,6388000
2021-07-09,229.2923126220703,230.23459251294523,228.28271968893253,229.57114530912486,5615900
2021-07-12,228.71536254882812,229.33073100823538,228.13846287087586,228.43652990521574,7010700
2021-07-13,233.02296447753906,233.14795134272742,229.08075052022173,229.08075052022173,8079200
2021-07-14,236.5229034423828,237.3113375241916,233.47490492991145,233.85950477398254,8693400
2021-07-15,238.98435974121094,239.2247382936218,235.86904842021056,235.86904842021056,10135100
2021-07-16,238.57089233398438,240.8208466531761,237.99399263208394,240.36893381733935,8674500
2021-07-19,231.1576385498047,235.04214956662605,229.70574267903385,234.5998612388142,11474600
2021-07-20,233.35948181152344,234.81137757117494,230.29224931846818,231.3787650053796,7072300
2021-07-21,234.28256225585938,237.3978589905913,232.97490230808828,233.92679201190396,11241400
2021-07-22,234.7440948486328,235.90753357853217,233.79219043326063,234.39794912227416,10293600
2021-07-23,239.43626403808594,240.38815368183353,237.26323261214966,237.26323261214966,6766000
2021-07-26,240.6189422607422,240.7247094156306,238.16707797672368,239.61897389124147,4879000
2021-07-27,241.27279663085938,242.9458369358945,238.66710087388685,239.59977099736938,7038300
2021-07-28,237.43634033203125,241.82084313243274,236.44598179034162,240.4266503508686,9036500
2021-07-29,238.37860107421875,240.74393248522188,237.59016705157936,238.56129112148247,7495300
2021-07-30,236.90753173828125,238.8978735828189,236.5325417102366,237.6959805863238,5804700
2021-08-02,230.55189514160156,238.2920881056808,229.19615647235946,236.76328390668544,9989500
2021-08-03,227.9653778076172,232.0998914328604,225.0231469657007,231.3691459878453,9839000
2021-08-04,227.5615692138672,228.40770642432057,226.0039208687532,227.87887066778723,8171800
2021-08-05,230.96534729003906,231.00380140503327,227.3308098824959,227.5038900788281,5337500
2021-08-06,232.10952758789062,233.26335639284565,230.62880213979437,230.76341354416675,4509700
2021-08-09,230.76341247558594,232.8595064298987,228.88846268353032,232.44606235822042,5226900
2021-08-10,228.90768432617188,232.0518250825178,226.49427438200019,231.2537665649051,7185700
2021-08-11,226.01356506347656,229.18656541315207,225.55204227472856,228.91734256375364,7375700
2021-08-12,223.17320251464844,225.4069635888989,222.43183783515548,225.19514091145984,9867000
2021-08-13,224.00120544433594,224.59816686814986,222.79767432827666,223.37537514060188,5445400
2021-08-16,226.61048889160156,226.72602318842323,221.64230844666307,223.57759606768607,7575900
2021-08-17,225.8113555908203,226.90897554941446,224.55005713831363,226.26388453521426,6850500
2021-08-18,223.01914978027344,225.6380348420314,222.86509426098345,225.22401247038243,4996500
2021-08-19,222.96141052246094,223.78942598624494,220.39065463381908,220.52544955717286,5761300
2021-08-20,222.7591552734375,223.52941808272004,221.7385632950431,223.2501906522288,5522200
2021-08-23,225.4358673095703,225.9269028193994,223.3754221925252,224.0493968211764,6342000
2021-08-24,225.5321502685547,227.40965622159743,225.25292277026813,226.30239857330938,5081800
2021-08-25,223.9434356689453,226.2638471594011,223.45240026832036,226.2638471594011,5277100
2021-08-26,221.95042419433594,223.9819855418896,221.59416895235165,223.50057303954554,5889100
2021-08-27,224.0397491455078,224.38636672937113,221.67119320718444,222.43183317611337,6369000
2021-08-30,222.634033203125,224.98332868637985,221.37273473257696,224.0397642467518,6448000
2021-08-31,220.58322143554688,223.22135262934216,220.15957606942217,222.32593239856922,9405100
2021-09-01,221.56524658203125,222.2007144998271,220.26544186822093,220.58317582711885,8177600
2021-09-02,215.84609985351562,221.97930504845675,213.708641885526,221.86375605906073,19708800
2021-09-03,216.7415313720703,218.8501204244091,215.04696469984887,215.67279505889354,11532000
2021-09-07,217.8583984375,219.52408143298686,217.46363669491788,218.31092732454928,9662600
2021-09-08,220.57357788085938,221.66157484279205,218.59978367325036,218.9271553420246,10652600
2021-09-09,219.03306579589844,221.44975127081113,218.65756463140534,220.78539966635174,5853000
2021-09-10,216.54898071289062,221.4882631194612,216.4623299862854,221.3053387049204,6715400
2021-09-13,216.27940368652344,218.75385651699105,215.10475590673036,217.14594038697314,6808100
2021-09-14,214.73887634277344,217.4155288889237,214.0167575330233,216.6356429250407,6575700
2021-09-15,215.48989868164062,216.48160743019548,213.13097995635528,214.24786067815072,6535800
2021-09-16,215.99053955078125,216.82819262096396,214.4692742487922,215.53801061385533,5928500
2021-09-17,213.50643920898438,215.38394498074345,211.14752094746433,214.18041375634104,13787400
2021-09-20,211.86961364746094,212.30288189669693,208.26864337758244,208.8944883522935,8822600
2021-09-21,211.98516845703125,213.91081836592,210.8394044105956,212.54360869359414,7033600
2021-09-22,214.46926879882812,215.76908842574147,212.88061342508385,213.16944917191475,6005900
2021-09-23,219.82257080078125,220.1980719586806,216.0194150340479,216.63562243910184,7952700
2021-09-24,222.98062133789062,223.32723889930332,220.12103012912164,220.41950350587152,6461200
2021-09-27,221.06463623046875,224.65596953504135,220.26548968005446,223.10582062477636,6881100
2021-09-28,217.17477416992188,220.36172212200213,215.6727697313679,220.36172212200213,6951400
2021-09-29,218.253173828125,220.50619559568977,217.6851105783799,218.3687228236054,6432700
2021-09-30,214.46926879882812,220.28472533587293,214.35373450009575,219.1197153128721,7128500
2021-10-01,221.89263916015625,222.95173776502364,215.1624876308808,215.8364621415314,7925400
2021-10-04,216.37562561035156,221.76745067645908,212.60135394069286,221.44971671123625,10283400
2021-10-05,215.9423828125,218.92714609219487,215.59576523609377,217.09776983667305,5814000
2021-10-06,218.08953857421875,218.19544993767397,213.02508312978512,213.78570860074745,5420900
2021-10-07,221.97927856445312,222.56660232770338,219.99586166639082,220.40024635217173,6561900
2021-10-08,221.70970153808594,224.0782426470976,221.62303612850351,222.4125596258691,3735200
2021-10-11,216.7415313720703,221.7578559714245,216.5104480884088,221.4593678873663,5620200
2021-10-12,215.720947265625,217.8102757824446,214.6329502988105,217.174807747409,5448200
2021-10-13,214.19003295898438,217.46363173076278,210.50241184207178,214.8351238767125,9076000
2021-10-14,216.80892944335938,217.2614583749347,214.76774511645354,215.78833727990647,5590500
2021-10-15,222.4029541015625,222.4992277875292,218.30131016093517,218.77309970426634,6355100
2021-10-18,222.0755615234375,224.10712268865876,219.65887626752328,221.623032636525,5580200
2021-10-19,224.8389129638672,224.9544472702041,222.10447861768924,223.3272705620848,4409700
2021-10-20,222.8169708251953,225.108499140524,222.71105948226304,224.781142150204,5401800
2021-10-21,221.68084716796875,222.24891042756366,217.88731407981595,222.12373846843292,5982200
2021-10-22,222.634033203125,224.16493620511116,220.20772464408142,221.7289753013913,3788000
2021-10-25,225.18551635742188,226.12908074653896,223.65461343738815,224.77149396661287,4938700
2021-10-26,223.20213317871094,228.15105385880682,222.73034356656353,226.774206255605,7814500
2021-10-27,207.7583770751953,216.39491849014786,207.64284277662802,216.39491849014786,22958100
2021-10-28,202.03921508789062,211.811898649914,201.24006849336925,211.09940278826306,23199400
2021-10-29,203.89744567871094,205.72680722417266,200.78751048326586,201.43261613434623,14329800
2021-11-01,204.56179809570312,207.24807327809498,203.58933548052153,205.55350663223305,13210300
2021-11-02,201.365234375,205.41873438041384,200.09431292332124,205.23579526662763,14688700
2021-11-03,200.36392211914062,202.33770194830248,199.0448416567497,201.89481060098126,11486700
2021-11-04,201.01861572265625,204.46553121537994,200.1424413882884,201.38449394833614,11368200
2021-11-05,208.6152801513672,209.53959856763652,203.50268201756668,204.07074521209054,14273600
2021-11-08,212.2932891845703,213.37164848147626,210.04026752275823,210.2520901977281,13500100
2021-11-09,205.45721435546875,212.2162495806841,205.0046854561504,211.52301444519827,11535000
2021-11-10,207.9119110107422,209.25259310704354,205.7610357161161,205.97323127530677,10063600
2021-11-11,202.9542999267578,209.08864781498127,202.70353002095578,208.7896489649153,13546900
2021-11-12,204.56507873535156,206.0022190827898,203.9284918928023,203.996015368865,7660500
2021-11-15,204.767578125,208.72210089250393,204.29495807478412,206.04073674250768,9596900
2021-11-16,207.54541015625,207.99873574155077,204.15031029355606,204.63257030196905,8719600
2021-11-17,197.7844696044922,199.95463961282329,192.3831664142014,198.64289181909132,38379600
2021-11-18,196.11587524414062,200.494790056979,194.12896617727264,199.17340221913958,18292200
2021-11-19,193.73345947265625,196.27979131178864,192.75929971330584,194.87158584195248,18032600
2021-11-22,188.6408233642578,194.5436810546302,187.695597885141,192.90399999812757,21185800
2021-11-23,191.44757080078125,191.86230731628444,187.4833932046018,189.98149635110585,14742700
2021-11-24,196.03866577148438,196.71382674455947,190.62770865153095,191.1389030109596,12026800
2021-11-26,190.6373748779297,192.12274394122068,185.71833163703113,186.4610161686766,10987600
2021-11-29,189.32562255859375,194.10964818963467,188.42862603131508,193.86851819188357,14633500
2021-11-30,186.89505004882812,190.64703237110743,185.72797433864937,188.34183009162078,16023000
2021-12-01,183.41311645507812,189.82716820871974,183.35524761310583,189.07484382826695,13204900
2021-12-02,191.254638671875,192.36384535354443,185.0431430676281,185.18781516126074,13976300
2021-12-03,189.35455322265625,191.42826511401688,187.15543431772392,191.23536407811915,10660500
2021-12-06,195.48892211914062,196.9742912792956,190.72420530194094,191.71765980374207,10722100
2021-12-07,200.0124969482422,200.56228038307012,198.585011545783,198.69110932878104,11897200
2021-12-08,201.5750732421875,202.0476787007549,198.411448299402,200.2922596651724,11749200
2021-12-09,203.88987731933594,204.6711361458059,199.81960183960223,201.1217096953234,10176800
2021-12-10,205.82855224609375,206.64840009375504,203.37867803919423,204.381772315449,8882700
2021-12-13,203.5330047607422,205.7514035978435,202.52989576709678,204.91226123024646,8844300
2021-12-14,202.52989196777344,205.79961396094458,201.0541776436152,203.25328191951402,9832300
2021-12-15,204.7772216796875,204.9508429181854,200.48511098295674,201.9704651827872,10892500
2021-12-16,206.76416015625,208.5967570971817,204.1020900940203,207.65151684365992,8548400
2021-12-17,204.36248779296875,205.64530106793478,200.41759008795952,205.24984436384776,11578400
2021-12-20,201.3339080810547,202.32736249370845,199.52060578965228,201.67148124722812,9434400
2021-12-21,207.7383270263672,208.49065146605648,202.89643239555565,203.13756240103064,6993700
2021-12-22,210.2267608642578,211.1719862318263,206.262583543422,206.262583543422,6003400
2021-12-23,208.934326171875,210.7669230767115,208.934326171875,210.68975970749025,4798200
2021-12-27,209.9084930419922,210.3810984245006,207.25606303273722,209.95670726823465,4818400
2021-12-28,210.3135986328125,211.93398524310965,207.93123294566226,208.34596950041404,4279800
2021-12-29,210.4293212890625,211.17200579107254,209.61912804181893,210.03386456692925,3223100
2021-12-30,210.13995361328125,211.3745379531846,209.4454980824098,210.23641149378247,3812800
2021-12-31,209.02114868164062,210.24607856132656,207.84443303102893,209.11759185719728,4723300
2022-01-03,213.57363891601562,214.1812911754552,209.31046263381262,209.80237721237074,7694500
2022-01-04,214.56710815429688,218.74346646194076,213.94016137504846,214.12342251486868,10629300
2022-01-05,212.19439697265625,217.27742142101155,212.11723360766825,214.74072914763184,9594600
2022-01-06,211.95326232910156,214.03662898587922,209.83132134937915,210.07245134065232,7877500
2022-01-07,209.2622833251953,212.38731896962548,207.98910975345822,209.59985652322246,10702100
2022-01-10,204.44932556152344,206.6002012508892,199.1733994684295,206.3880056527553,11978600
2022-01-11,206.77381896972656,207.32358776097072,201.33392632012044,203.9188330640358,8803100
2022-01-12,208.05661010742188,209.86025774958037,206.22401332602348,206.87023994263959,6923300
2022-01-13,207.37181091308594,212.65737667036848,207.04387762800593,209.15617889395241,8867700
2022-01-14,207.0535125732422,210.5064960383799,206.1275815884299,206.57125255940855,8838100
2022-01-18,208.05661010742188,209.21403113296427,206.72556783347434,208.22057673694474,9099300
2022-01-19,207.0631866455078,210.4872362522562,204.5843774183936,205.44279979598087,9399800
2022-01-20,206.744873046875,211.80860317325494,206.3494163048275,207.10174074621136,8532700
2022-01-21,198.6235809326172,207.95050155125216,198.51749786966155,207.81546935055601,16200200
2022-01-24,194.68833923339844,195.5274668003282,188.70830433959375,195.00661783523694,16054000
2022-01-25,194.83303833007812,198.09312061170613,190.00079846976206,192.53747604018318,12125500
2022-01-26,198.56570434570312,203.37866387812568,196.44376353865428,197.03212125817925,10817600
2022-01-27,198.8357696533203,203.4751226918991,198.5464254599293,202.06691717530532,12009800
2022-01-28,219.9105224609375,220.0262601316106,208.43274230717503,212.8116558840286,26425300
2022-01-31,218.1454620361328,218.3480176889521,214.17164479378522,217.5474644131325,12380600
2022-02-01,224.11585998535156,226.28602990978985,218.3866090300495,218.84957449305577,12247200
2022-02-02,227.06729125976562,227.4820425030012,221.84923465108696,223.09347366338682,10590500
2022-02-03,223.32493591308594,225.20576153195353,222.37007061094712,224.77171579381115,9968000
2022-02-04,220.28671264648438,222.051785935934,216.9687616357642,220.39281043057392,10848100
2022-02-07,219.10032653808594,221.76239595146103,217.99111991112625,219.91051965727777,5984500
2022-02-08,219.8526611328125,220.39278990427007,216.7758403981825,218.23226010103454,7542000
2022-02-09,222.6787109375,224.87781519466083,221.95532099192326,221.96497561033755,7772800
2022-02-10,217.94003295898438,222.15218195560018,217.2444476390772,220.29729268296427,6794600
2022-02-11,217.0706024169922,221.33105967451908,215.9595909015361,219.54378861215852,7535200
2022-02-14,217.69854736328125,219.55343694840758,215.25434274787898,215.71806145882255,8280800
2022-02-15,220.09445190429688,221.51458948744624,217.28312875241946,219.5630998880973,9461700
2022-02-16,221.06053161621094,222.0845837808567,217.94972330020167,219.7852868321496,9561300
2022-02-17,216.99327087402344,221.0508420996298,216.5681893162395,220.65474203520844,8131200
2022-02-18,215.13841247558594,218.08498756834754,214.3172307354985,216.98364643842126,8121200
2022-02-22,213.81484985351562,216.7324283649404,212.46231624868062,213.52502017095455,9928800
2022-02-23,208.62693786621094,216.67446182542355,208.11491182333012,215.28329116501158,8669900
2022-02-24,209.93116760253906,210.47217514823225,194.61864923581882,196.4735385673455,13463400
2022-02-25,211.83438110351562,213.19655565981907,206.98460923562075,209.9215138909725,8463600
2022-02-28,208.7911834716797,211.23538785464237,206.0088567292607,208.67525749030617,8409400
2022-03-01,201.88365173339844,207.85407563053323,200.25095870417692,207.20679766617837,9317800
2022-03-02,201.41024780273438,203.4003889541743,199.1979102898855,199.88382528334125,8865700
2022-03-03,200.20263671875,204.3278412343693,199.55535880153215,203.41005955298127,8610000
2022-03-04,193.4979705810547,199.3717938117414,190.18429219412,198.04825652197263,10912300
2022-03-07,184.2332000732422,193.39172119287917,183.60524801506836,193.06325441602982,13412400
2022-03-08,185.20896911621094,189.75924104459892,180.33987123789788,183.56660566452547,11070900
2022-03-09,192.98599243164062,193.7009038174549,188.61927942818323,189.83654663406426,8457600
2022-03-10,191.25665283203125,193.15984946396264,189.64328586704332,190.22293045958105,7061600
2022-03-11,190.03941345214844,194.02935183314054,189.79789115159693,193.94240734286632,5432100
2022-03-14,193.53663635253906,197.49759292375583,191.44022471838443,191.691402584222,7994700
2022-03-15,199.14962768554688,199.41047589789437,194.57035955715824,195.23696346573996,8277700
2022-03-16,204.685302734375,206.4242661461977,199.98045330855092,202.8787207478053,9232300
2022-03-17,206.2117156982422,206.29866017942427,201.64211837724667,202.81107793451656,6668500
2022-03-18,211.67982482910156,211.8247323259972,203.15891021917383,204.52109965540353,14620800
2022-03-21,209.67999267578125,210.6654077835716,207.2744400114932,209.0037331866511,6101500
2022-03-22,211.06150817871094,212.12421219261012,209.81524485865182,210.45286726699132,6259900
2022-03-23,207.4000244140625,209.9215178404441,206.93630572109333,207.99900974805547,6008000
2022-03-24,209.94085693359375,210.27899407468064,206.7431038080759,207.69953749239264,5487000
2022-03-25,211.02288818359375,211.50593285524928,208.37581281738758,211.0132325970479,5051400
2022-03-28,213.28350830078125,213.48637876952924,210.13404819999147,211.09048177671272,4316800
2022-03-29,220.38424682617188,221.05085068209175,216.1914235549675,217.2154756704704,8032500
2022-03-30,216.35568237304688,218.49074607987183,215.1770523208117,218.18159044718956,7084000
2022-03-31,214.24960327148438,218.2588675036683,212.96470288295512,216.3170335433894,10759500
2022-04-01,218.6839141845703,218.9447623511594,214.6939617594972,215.51514333440602,6559600
2022-04-04,220.01715087890625,221.46628462070842,217.33142419007424,218.10428372595484,8521200
2022-04-05,218.423095703125,221.22476312548886,217.66954733398768,219.13800699186973,4658000
2022-04-06,211.58319091796875,215.31229582901426,211.20641671867392,215.2253513387196,7430000
2022-04-07,208.8201446533203,211.26434879851456,206.43390349317428,210.9069005631511,6995100
2022-04-08,209.62200927734375,211.9696134612988,205.85426767513175,207.52559769443607,5438600
2022-04-11,207.46766662597656,209.93119716398502,206.17311056772502,207.95071125141538,6942700
2022-04-12,204.23123168945312,209.6316810106922,203.55497226161054,209.15829204052744,7446600
2022-04-13,206.03787231445312,206.59820588605245,200.14472159707478,203.2941674567334,8052900
2022-04-14,205.57408142089844,208.62692634134208,205.32290357605774,207.0039038214195,8191600
2022-04-18,205.94122314453125,208.51102383153778,204.3471819373174,204.4920894138457,4744400
2022-04-19,208.38546752929688,209.16799753547787,205.23602159020882,205.87364409204275,5028800
2022-04-20,210.404541015625,213.33180458423527,210.0181112677335,211.2450485663814,7178300
2022-04-21,209.11000061035156,216.32668798315885,208.04731135437916,212.06623115027722,8850300
2022-04-22,201.1107635498047,209.21625040322346,200.8982227712743,208.90710956076538,6201100
2022-04-25,202.83042907714844,203.3907625945019,198.36710159167825,199.35251672504822,6839400
2022-04-26,194.28054809570312,201.48756542386673,194.28054809570312,199.9611426868554,8155300
2022-04-27,206.84938049316406,214.2786095644889,205.82532819437208,209.9988263024577,15955800
2022-04-28,213.17726135253906,217.30245191192049,211.8343978600654,212.92606870846694,10799100
2022-04-29,205.90260314941406,213.69893560190343,205.14905472623968,211.20642360934514,7965000
2022-05-02,204.3568115234375,204.94612642193024,199.94179231780214,204.58867819773502,8803700
2022-05-03,201.48757934570312,206.36633319350767,199.27524136458484,206.36633319350767,6616900
2022-05-04,207.24545288085938,207.51595666915767,198.36709104973414,202.25077364080383,7191100
2022-05-05,198.28013610839844,207.3034049427514,196.18372448894064,205.07174143627535,7749600
2022-05-06,195.94219970703125,198.74385222006842,193.4303621329394,196.84065550046148,8825300
2022-05-09,186.45521545410156,193.94240674824295,185.5664151597592,193.26614725704238,10314100
2022-05-10,187.0155487060547,191.0441388924995,184.49405530977904,190.03941261283717,11016500
2022-05-11,190.0490264892578,191.59477476326714,184.9094260083226,186.92856319231748,9427300
2022-05-12,187.75022888183594,189.7732081483808,183.85912862143167,188.2922697600005,9308600
2022-05-13,192.84156799316406,194.10955970467276,190.19911119447377,190.68307839853097,6684500
2022-05-16,191.4670867919922,193.52879163400365,189.59898063091578,190.99280842441618,5161300
2022-05-17,197.4586181640625,198.2329686401759,193.73206480561447,196.3454995086855,7265600
2022-05-18,193.57716369628906,198.8717648895229,192.74473970330794,196.31641922238381,8748200
2022-05-19,191.0412139892578,193.993416958776,187.111402561099,190.05393150332634,9012400
2022-05-20,192.64797973632812,195.19365189870575,187.79863377767035,193.26745715282038,6966600
2022-05-23,200.90444946289062,201.2916320610097,194.33218178581984,194.43865515411434,12187400
2022-05-24,196.13255310058594,198.10713278708735,192.6479833367518,197.37150795672542,7458500
2022-05-25,197.30372619628906,198.37813387111794,194.04179229798672,194.15793968893942,5457200
2022-05-26,201.86273193359375,203.014576288975,198.1071415519152,198.53303507183844,9212300
2022-05-27,206.0538787841797,206.3926469608084,202.91776602659112,203.26622299965652,4897200
2022-05-31,205.36663818359375,207.47674283835164,202.40476130711846,203.63404212045205,9586400
2022-06-01,203.1984405517578,207.24441360673927,202.1240476572602,205.2504713114468,5246100
2022-06-02,208.154296875,208.34788080221566,204.31159610326617,205.09562060866907,5337200
2022-06-03,205.83120727539062,207.34119707451234,204.49546808661583,206.12159049712574,4352500
2022-06-06,206.1119384765625,210.60315317443806,205.28918838872625,208.54144832646415,3965100
2022-06-07,207.62193298339844,208.07686334212545,203.96314205923758,204.35030991923594,4493300
2022-06-08,206.65399169921875,208.65762297039637,206.00547743203506,206.90564932290735,3646300
2022-06-09,199.5009307861328,206.8572370650214,199.41382024747213,205.77314065128226,5138600
2022-06-10,193.11257934570312,196.8972062477665,192.7931592337368,195.18395829067663,5162500
2022-06-13,186.0950469970703,189.6086533039849,184.9528915891344,186.8016496845279,7119200
2022-06-14,187.31463623046875,188.10833461852573,185.60138850877274,186.54028589295893,6441200
2022-06-15,189.8699951171875,192.45437791610803,186.06600565237943,189.69575926370132,6490000
2022-06-16,182.9879608154297,185.7175275397814,181.51669671726293,185.27228608514773,9887200
2022-06-17,183.91717529296875,185.17549272922832,179.94865386415512,180.9359361316552,15089300
2022-06-21,188.15670776367188,190.42166999680614,187.5178677175564,189.4343878559028,6241600
2022-06-22,187.60504150390625,190.09262508599292,184.9044964152315,185.1174431523136,5138500
2022-06-23,190.33462524414062,191.1283385641013,187.2469120571108,189.85065803036184,4752800
2022-06-24,198.92018127441406,199.04601746509508,191.17670653969802,191.3896532764632,7754800
2022-06-27,197.03269958496094,200.44950641026205,196.11316497327599,199.15247802032727,6121200
2022-06-28,191.76715087890625,200.15914001660303,191.16703630131627,197.45860964794187,4354200
2022-06-29,193.10287475585938,194.20631916368413,190.9927852689417,190.9927852689417,4324600
2022-06-30,190.57656860351562,192.47372617945445,186.66612084060648,189.10530444887965,7045200
2022-07-01,192.7931365966797,193.39326587423008,188.46648409226214,190.4797743327072,4131800
2022-07-05,194.1095428466797,194.13859446434645,187.91476908055319,189.9377482731392,4110200
2022-07-06,194.6709442138672,196.01637231753185,192.29950810202016,193.58686251005267,4111200
2022-07-07,196.2970733642578,196.90686191250595,193.62556532039113,196.04540100099217,4650700
2022-07-08,197.04238891601562,197.55539290401913,194.03211270760565,195.83247106327053,3621800
2022-07-11,198.48464965820312,200.11078732662335,195.52277239982226,195.52277239982226,5353600
2022-07-12,198.25228881835938,201.44645984479183,196.25833197119053,196.7326250435444,6779500
2022-07-13,197.6038055419922,198.97828541282342,193.10291640575122,194.00308832519656,7597300
2022-07-14,199.3073272705078,199.47187430606112,191.63160166920733,193.58683281611096,5605500
2022-07-15,203.30491638183594,204.92137967994486,200.53662365889994,202.65640216517508,7245700
2022-07-18,200.56568908691406,206.08291209099494,200.01395940175271,204.71812107249673,4648900
2022-07-19,206.80885314941406,207.2444206453965,201.23354193842027,201.54328801436696,4927100
2022-07-20,206.5281219482422,207.26376141559396,204.4373952360692,205.2020567792591,4460300
2022-07-21,209.25775146484375,209.94497665458937,205.90869176355923,206.31522246091038,4801300
2022-07-22,206.84756469726562,211.0774477898305,205.31822667369028,210.94192280403345,5071500
2022-07-25,207.39926147460938,207.91226540990982,204.8342270286036,207.69931870814318,4357200
2022-07-26,205.67633056640625,208.25102415199098,204.9600539863397,206.99272158656734,6141000
2022-07-27,203.72117614746094,209.89660300646574,194.74841916392572,204.01155945243292,17432200
2022-07-28,204.5729217529297,205.89898702767127,201.25289939879212,203.88568189617345,7477100
2022-07-29,205.3085479736328,207.29281627162354,203.10165891883995,205.2020746082917,6059700
2022-08-01,204.58258056640625,207.1282523315192,200.9044275183183,201.76588839696615,8028400
2022-08-02,199.6461181640625,202.14339036489721,197.3908295318803,201.13674521788485,9939400
2022-08-03,201.79493713378906,203.58562148243973,200.24625112773126,201.3206587830206,9520100
2022-08-04,206.6249542236328,207.98974525034615,201.8627188246287,203.77922477031785,6789700
2022-08-05,208.94796752929688,209.02540404375281,203.75016519104483,203.95343788767983,5553700
2022-08-08,206.47976684570312,209.68362724647432,205.25048606065127,208.32851026711216,4063400
2022-08-09,203.51785278320312,206.605565444715,203.0242116261874,205.2020637175291,4596800
2022-08-10,205.29884338378906,207.95097355735223,204.53416711849647,207.94129953267253,5746400
2022-08-11,204.67343139648438,207.01997926892417,204.19829824877252,206.81634654971518,6639600
2022-08-12,204.91587829589844,206.74851389686785,203.72321444019866,206.535189981778,6443700
2022-08-15,209.8513641357422,210.16165881316988,203.98498670214806,203.98498670214806,5290600
2022-08-16,210.54953002929688,211.0052661277145,205.6915950940997,208.03814330527874,6564400
2022-08-17,208.009033203125,209.61863872254548,206.29275094437406,208.47446041382102,4902500
2022-08-18,208.7168731689453,209.4441096608232,205.9824568575657,207.37875328927748,4516400
2022-08-19,206.360595703125,208.69743728489016,205.94363916482448,207.6114357267035,4178800
2022-08-22,202.27838134765625,204.838252886578,201.8808218976038,203.5680156738536,5139500
2022-08-23,200.5233612060547,202.9474830417283,200.2615519050156,201.6869367280449,3525500
2022-08-24,200.39732360839844,202.0263413502651,199.4373659321734,200.35854416496528,4230800
2022-08-25,203.45169067382812,203.53895550301104,200.23244999332402,201.09543671623865,4495000
2022-08-26,196.7320556640625,203.87836299315788,196.5478200142449,203.40324452327815,5060200
2022-08-29,196.1890411376953,197.76957339744277,194.5309351993938,195.14181867071537,4476200
2022-08-30,195.26783752441406,198.2058715644828,194.1333504511298,197.73073842958738,3918200
2022-08-31,192.6788787841797,197.00350323144716,192.61099628062476,194.8993675561957,6559000
2022-09-01,194.05581665039062,194.3466994502176,190.69113417283964,192.68860830853856,5608300
2022-09-02,191.7577362060547,196.3344796026599,190.8753670664842,196.29570016179576,4508100
2022-09-06,192.61106872558594,193.96857135063482,190.4390497298388,191.89352316910643,4547800
2022-09-07,194.33702087402344,195.03516923015283,191.23414751104127,192.67892962496657,4098300
2022-09-08,194.6182098388672,195.00606342601412,190.9820269756172,191.40866000321247,4377600
2022-09-09,198.97193908691406,200.13551473623707,195.23879992885,195.93694827757722,4885600
2022-09-12,200.3585205078125,200.90152142576468,198.72950295829062,200.2324614391217,3812300
2022-09-13,193.60975646972656,197.29442453294024,192.8340345413134,195.91752513794782,5217900
2022-09-14,193.357666015625,194.78305090031165,192.0486342494708,193.9297552426309,4632800
2022-09-15,189.44027709960938,194.23034443216682,188.62577567672093,192.0777229604858,6099300
2022-09-16,187.43310546875,187.9373269592084,182.50728806601273,184.44658555705894,9398200
2022-09-19,187.26829528808594,188.10219392721748,184.9217467444059,185.7750277085009,8133600
2022-09-20,186.2404327392578,187.17128720482742,184.5144444428369,185.29987231747154,5292500
2022-09-21,181.3437042236328,187.2294641456005,181.32430710682448,186.68646324028754,6705900
2022-09-22,180.1510467529297,181.52796108983688,179.05535365349425,180.6940625174612,6604700
2022-09-23,178.3765869140625,178.97776439216136,176.69908395797145,177.9014537098346,10755800
2022-09-26,175.1088409423828,178.90017060203567,174.43978102648362,177.4844771050657,9914600
2022-09-27,172.47142028808594,179.2395792889636,171.647227719096,176.97058994478533,9799600
2022-09-28,173.74160766601562,174.63369728842187,169.5236456524621,171.87988435859273,9751000
2022-09-29,174.59494018554688,176.70878201660912,173.30530565656665,173.4022764435168,9105200
2022-09-30,172.25808715820312,177.36813999512384,172.209616559307,174.594944096803,9472300
2022-10-03,176.13670349121094,177.7948094953325,172.74293259700133,173.89681706833932,8842300
2022-10-04,180.01528930664062,180.55830504944106,177.51360848529566,179.43350891856795,7081400
2022-10-05,181.97396850585938,183.08907338061292,176.8251363114675,177.77538788816614,6119900
2022-10-06,179.9570770263672,182.3424190514125,179.62740005899943,180.98490215737436,5163000
2022-10-07,178.25050354003906,179.00682826280146,176.40816232650076,177.8820323381987,5610300
2022-10-10,176.65057373046875,179.1716659928125,175.40942471396014,178.54140032505825,4743800
2022-10-11,173.70286560058594,176.12698732371328,172.78170230493052,174.89552934557844,6294500
2022-10-12,172.8302001953125,175.10886590241617,172.8108030773388,173.65439276337156,4884300
2022-10-13,179.0553436279297,179.74378596216968,169.30067946661975,169.68853305247336,8426400
2022-10-14,177.07720947265625,181.4503338037506,176.54391461871413,181.1206420594827,6449400
2022-10-17,179.62744140625,182.84668254578807,177.3002901888891,180.35467801113361,13952100
2022-10-18,181.4891357421875,184.41747880308725,180.10254527691998,183.73872770835266,5209200
2022-10-19,180.75221252441406,181.94487624835912,179.15228333798578,179.86013752152581,4927000
2022-10-20,181.53762817382812,185.1835019066937,180.77159742632745,180.8007004989186,5706700
2022-10-21,184.592041015625,185.15443910636026,179.4335169901341,180.1607536046883,7582500
2022-10-24,184.92169189453125,187.26823974219852,183.36055704928881,185.60044295862286,7299200
2022-10-25,188.48031616210938,189.30450866712317,184.93139842334946,185.07683980786226,11907200
2022-10-26,197.15869140625,200.10641723510105,190.53598835610245,190.61356203523886,15450000
2022-10-27,198.0895233154297,200.05792375766208,195.47147482550048,197.14897770314857,7946700
2022-10-28,202.98626708984375,205.10010907229233,197.13928627309554,198.77799503852452,8455600
2022-10-31,200.87242126464844,203.25774869820975,199.94155203489427,202.57899759092257,8674100
2022-11-01,200.64938354492188,203.59712366041873,199.0979546170965,202.56929848176424,5919500
2022-11-02,194.8509063720703,200.71728405851752,194.4921410820375,199.51491432515743,6985600
2022-11-03,188.83908081054688,192.81464632482428,188.28637395991404,192.26193947419142,8236200
2022-11-04,191.00140380859375,195.33573484067153,189.41118047392902,191.02080092609341,9680100
2022-11-07,194.0266876220703,194.3563645897483,191.1856095765406,192.30071432579948,7821300
2022-11-08,195.6557159423828,197.92469037771977,193.67763907980668,195.53936283154457,6943700
2022-11-09,188.46424865722656,195.65569514914083,187.8811680197635,195.04344639250758,7320200
2022-11-10,199.7762451171875,199.96087772219488,194.38266273373986,197.3661304844794,8048900
2022-11-11,199.22227478027344,200.61196450606988,196.4525933213464,200.19409075481136,9601000
2022-11-14,201.02984619140625,203.2747386429989,197.48272393749136,197.76454403579848,5796100
2022-11-15,204.0716552734375,207.70623776722312,201.6615408211439,204.0716552734375,7316100
2022-11-16,204.21743774414062,204.94629983014502,202.35155258341777,202.7014069778494,6125300
2022-11-17,205.04345703125,205.32527713815762,201.4768941976219,202.0988558258264,5385600
2022-11-18,204.8588409423828,208.13385651967866,203.82871822838098,207.1620404002449,8028500
2022-11-21,200.50509643554688,204.6158742135807,200.0872078191822,204.37292019880056,10450900
2022-11-22,204.40206909179688,204.5478355660309,199.5624293736604,201.69069404115672,5273100
2022-11-23,205.76260375976562,206.83160732363606,204.00361911908996,204.08136618089287,3807300
2022-11-25,207.7645721435547,207.96866006358889,205.4322192705984,205.74320756231947,1993500
2022-11-28,205.3058319091797,208.42536762801276,204.7130235875394,206.27764785752544,10229400
2022-11-29,203.16786193847656,204.22713787876228,201.50606478972304,203.44969689831458,8986900
2022-11-30,210.8840789794922,210.8840789794922,202.1474475119969,202.35153540339502,13918100
2022-12-01,210.8840789794922,212.48756950106772,209.23199469056132,210.8840789794922,11261500
2022-12-02,211.52549743652344,212.3223789334257,208.20188812959182,209.64988463882187,5132800
2022-12-05,207.65765380859375,210.79663043807443,207.0454197589279,209.57213268126944,9006300
2022-12-06,203.18728637695312,206.1513280743932,201.78786899660534,206.02498725210944,5986000
2022-12-07,201.95309448242188,203.12899844797138,199.34863454101966,202.9151977269624,7923800
2022-12-08,203.2067413330078,204.37291762351032,201.89478373823243,203.60517464238706,4896500
2022-12-09,202.81800842285156,204.5867207669375,201.67127259173003,202.05028026135756,4928400
2022-12-12,208.54197692871094,208.76550526937348,203.56628411066183,204.08134536743327,5941700
2022-12-13,207.03565979003906,213.7800647359744,206.62749887772898,213.35246335296355,14585000
2022-12-14,207.30780029296875,210.18436740514588,205.66542884824446,206.85104557773528,7001700
2022-12-15,202.0502471923828,205.8500509177304,200.99097142098938,203.69261843487868,10831800
2022-12-16,201.05899047851562,202.526427145673,199.51380676009555,201.64208594861904,12472900
2022-12-19,199.04734802246094,201.62265433292288,198.20185807080776,200.8063325019162,4893600
2022-12-20,199.5721435546875,200.7091665476632,197.81315888618482,198.13385996041941,5024900
2022-12-21,200.98130798339844,202.09890552195193,199.78597819734807,200.7480815834307,4086900
2022-12-22,199.28060913085938,200.8257931867606,196.43319504654093,199.9511646193131,5690300
2022-12-23,200.02886962890625,200.42731770909802,197.7839772595698,198.3767855551346,3246000
2022-12-27,200.4759063720703,201.04928905404233,198.83354986802783,200.11633921474086,2904900
2022-12-28,199.21261596679688,202.65283892468605,199.02796850897786,200.85497295288297,3139200
2022-12-29,202.196044921875,202.65279965151908,199.70819820731595,200.1455124639205,3675500
2022-12-30,201.9044647216797,202.17657198559667,199.9025263534047,200.49533464166674,4159400
2023-01-03,201.54493713378906,206.34571096292328,200.34960750212284,203.3816689400027,4202800
2023-01-04,206.6177978515625,207.19116572572406,203.71206270839843,203.71206270839843,6606200
2023-01-05,205.16006469726562,208.1241062946148,204.52839026464747,207.77425196134186,5246000
2023-01-06,211.61294555664062,211.99195322418964,207.08427919042387,207.96863535761696,6829700
2023-01-09,212.43899536132812,215.94725190983758,212.19604134779902,212.89575009306168,6294500
2023-01-10,214.85879516601562,216.122158927558,212.03080705653116,212.81799047004898,10857000
2023-01-11,215.84036254882812,215.91809478783043,213.50799500286197,215.05317904874477,5408200
2023-01-12,217.31748962402344,217.50213703700277,214.39232879632155,215.84033997765945,4264400
2023-01-13,216.7732696533203,217.45353787208933,213.93556877735884,215.6556872102523,4283200
2023-01-17,216.71495056152344,218.07548692055056,216.10270178559415,216.11242943520202,6101100
2023-01-18,213.27474975585938,218.64889114710826,213.2553092834606,217.76453501215954,6558000
2023-01-19,214.1979522705078,215.2766685438436,211.3699643608526,211.95305984920384,4853100
2023-01-20,217.98805236816406,218.1046655471311,214.19797576437702,214.90739731765288,5211000
2023-01-23,217.86172485351562,219.82479751560763,216.86075546291008,218.26990066231843,5501500
2023-01-24,217.57989501953125,223.51769168304327,210.52451582909845,215.7626037497386,5274900
2023-01-25,218.56141662597656,218.62945086506366,214.93654702907025,215.37386127164177,4729600
2023-01-26,218.3767852783203,220.6799845100116,217.36608830926536,219.63042142464025,7043400
2023-01-27,224.91708374023438,226.27762012603532,220.8451725751619,221.57403453085553,11382600
2023-01-30,222.64303588867188,223.92582520760115,221.50599819927263,223.71202451632388,5677400
2023-01-31,223.72178649902344,224.29515442783304,222.0113807063215,222.36123508857992,11294200
2023-02-01,224.39227294921875,226.1026783288675,221.37965272333076,222.9053958908769,5792700
2023-02-02,223.09007263183594,227.69648568720882,221.933609250111,227.36607181492596,7190000
2023-02-03,223.64404296875,224.3534645669457,221.22421555081212,222.24462541759252,5243600
2023-02-06,222.9734649658203,223.7703463732812,221.61291367130525,222.25431578891656,3402400
2023-02-07,224.80050659179688,225.5876752574747,221.52547626259013,221.59351050714835,4042600
2023-02-08,223.71205139160156,225.3252695909552,223.50797832551547,223.84810504523765,4978600
2023-02-09,223.3225555419922,226.37028723178923,223.1083360803733,226.30213459824466,5238400
2023-02-10,221.2290802001953,223.8678667349582,220.21641839915685,222.94283612811145,4509700
2023-02-13,222.8649139404297,223.78994445247494,220.32350556485625,220.91747502758506,4946700
2023-02-14,223.36148071289062,225.33812980132325,221.19982257103592,222.66040159349026,4829400
2023-02-15,222.90386962890625,223.0499364708496,220.8395890112438,221.60882089080155,4407300
2023-02-16,219.8950653076172,222.3585743289645,219.73926662965712,220.1287633245573,3865900
2023-02-17,217.6847381591797,218.86294534094526,215.9125763210091,218.28843951997237,4520200
2023-02-21,214.8219757080078,216.59415220082317,214.20854257092353,214.37407309094814,7276100
2023-02-22,214.23773193359375,215.9222622205026,213.68270478172195,214.61748187937732,4621800
2023-02-23,215.318603515625,216.2533659401268,213.1764086724316,215.737295780025,5533800
2023-02-24,213.78009033203125,214.4519590735606,211.7450204176731,212.7382034759719,4414400
2023-02-27,214.55911254882812,215.62046331107598,213.57564627709885,214.9291158810265,4255300
2023-02-28,214.1598663330078,215.9417747770265,213.73142738151302,214.21828712497887,5385400
2023-03-01,212.62139892578125,214.48120680934932,210.74211249127322,213.69249636076313,4792700
2023-03-02,213.302978515625,213.82879533448494,211.384750026907,212.16372855180123,5539300
2023-03-03,217.88919067382812,218.13262051977892,214.1208865552201,214.4130053419168,6055400
2023-03-06,220.79087829589844,221.44326852380618,217.81129925049504,218.04498240211618,5737600
2023-03-07,217.3049774169922,221.4043430189479,217.2173462285108,220.79089498401748,4386800
2023-03-08,216.3507080078125,217.07125082867196,215.36724194054244,216.126756714122,4194900
2023-03-09,214.22799682617188,218.4734139446541,213.8872039556419,215.58146617878683,5066700
2023-03-10,210.459716796875,213.36139653521502,209.8170584078462,213.2737653524691,6638900
2023-03-13,208.8336181640625,212.1247947625256,206.915389598923,208.9894168468042,6810800
2023-03-14,212.9134979248047,214.09169013574925,210.3623428694409,212.27083952368238,7985600
2023-03-15,210.68368530273438,211.2095021576892,208.05464560130207,208.77520338640363,8372200
2023-03-16,211.73529052734375,211.86187880979304,203.27366616570978,209.51521137944053,13674600
2023-03-17,211.6768798828125,212.91350779848088,209.22310260150448,209.22310260150448,18801200
2023-03-20,212.4169158935547,214.75385175027256,211.1413456482646,211.29714434360207,9817400
2023-03-21,216.11703491210938,216.6623154418925,212.93296806267847,215.52306543692845,8971400
2023-03-22,214.2572021484375,218.98947884806256,214.14036057933856,216.65255831941394,6700600
2023-03-23,216.7401885986328,219.33028565997364,214.4714207087616,214.64669791946247,6427700
2023-03-24,215.23092651367188,215.51331345592814,212.5142559645375,214.87065509539184,4791500
2023-03-27,215.98072814941406,218.19107565883542,215.57176772676104,216.7402281997384,7210900
2023-03-28,214.53958129882812,217.46073928252386,212.90372510191403,216.9641477740956,6418400
2023-03-29,217.4315643310547,217.6749942027066,215.1141071984387,216.44809814060156,4483000
2023-03-30,216.5162353515625,218.346832484823,215.39646404170182,218.03523516095817,5383900
2023-03-31,219.53475952148438,219.9047627515318,217.42177556943184,217.7236410324232,9509000
2023-04-03,222.9817657470703,223.13756443311027,218.23000982731548,219.3108390678243,6421500
2023-04-04,221.67697143554688,224.00416030450785,220.86878251683262,222.9817519202173,5254700
2023-04-05,222.17356872558594,222.46568753687788,220.5961479455013,220.8200992624538,4813600
2023-04-06,220.05087280273438,220.77141571605645,218.77528779082738,220.21640333303216,4285200
2023-04-10,220.4792938232422,220.52798276859917,218.42475999231104,219.63216263359533,4952200
2023-04-11,222.44619750976562,223.11806628373654,220.25532882478873,221.03430732878078,4513300
2023-04-12,221.82302856445312,225.50368694722627,221.35564738223206,223.8873090722277,4373000
2023-04-13,226.5747833251953,226.7208353009548,222.7870152234408,223.42967363234223,7615500
2023-04-14,227.86981201171875,228.81432099290575,226.1365927150161,226.86688224534964,9781300
2023-04-17,227.3440399169922,227.8990672008773,224.8707987588703,227.86985680254455,4865000
2023-04-18,227.4608612060547,228.1716722185732,225.60105355820042,227.60691317514096,4796200
2023-04-19,226.45794677734375,227.90877929473052,225.75686756255786,227.85035850312838,3833900
2023-04-20,228.43460083007812,228.50275346908808,225.41606443449538,226.35084169268384,4925700
2023-04-21,227.8990478515625,229.37910562514668,227.2466575812186,228.82407838838506,6771500
2023-04-24,226.6429443359375,228.97013333496932,225.42579496703422,228.07431318239014,9124100
2023-04-25,223.5562286376953,228.84353259121238,223.4004299712031,226.89609383339572,6076500
2023-04-26,222.15411376953125,226.65270828251988,220.76170191731248,225.14343997870586,8400400
2023-04-27,222.99148559570312,223.59520175718112,220.6545648619589,222.66042454901563,7128200
2023-04-28,226.6137237548828,227.43165938593796,222.0664556999642,222.6409466103996,11627900
2023-05-01,226.39947509765625,228.4248130782956,225.42575577183604,226.75001464926265,4571100
2023-05-02,221.0148468017578,226.26319428518403,220.26509348825437,225.85423388024202,5244000
2023-05-03,220.04112243652344,222.6604301971877,219.98270164536484,221.01484190991357,4093300
2023-05-04,219.67111206054688,220.11901468351488,217.60681674019577,218.9310757756404,5648700
2023-05-05,225.68869018554688,226.23397069366558,221.31668455945737,222.33909294106968,6237500
2023-05-08,226.12686157226562,227.31480047864014,225.17262068047907,225.17262068047907,2938400
2023-05-09,227.1298065185547,227.9379954911047,224.75394340551946,225.00710512816454,4352100
2023-05-10,225.19210815429688,228.63906857384677,222.88438288489724,228.14247698816843,5245000
2023-05-11,225.3774871826172,225.8750618423653,222.70430364678504,225.12383188619998,3818000
2023-05-12,225.73846435546875,227.05553952943143,224.21650288151343,226.3433426626184,3432700
2023-05-15,227.133544921875,227.15306144335295,224.92865437067599,225.553049077274,2843200
2023-05-16,224.85061645507812,227.4164958148563,224.03110114551797,226.8896539110355,4289700
2023-05-17,226.97747802734375,228.18724947356034,224.92868955400888,227.05552923872028,4990100
2023-05-18,227.90432739257812,228.44090528108694,225.49455020013343,226.73357410593158,6621900
2023-05-19,227.62135314941406,228.62623814508135,226.28476172321942,228.29453171455398,5399400
2023-05-22,225.640869140625,228.16771550795985,225.5433014121758,227.6213719568329,3987800
2023-05-23,219.104248046875,223.89453503379548,218.2066814542676,223.67989792613432,8537200
2023-05-24,216.83106994628906,217.6603510841346,214.6651971005427,217.12375828239615,6730800
2023-05-25,217.9335174560547,219.21157444218895,215.11398249918892,217.02618512544043,6827600
2023-05-26,219.5237579345703,220.69451121525117,217.89447797927664,218.36278524624754,5067300
2023-05-30,216.2359161376953,219.97253388281266,214.39199919740585,219.52374317050223,6916000
2023-05-31,215.64077758789062,216.1285864346056,210.87000766248775,214.5968743970277,20460600
2023-06-01,220.97743225097656,221.18231853965574,217.0066606494378,217.29934896751683,7003600
2023-06-02,223.21157836914062,224.65550335692984,221.8749868160171,223.23109489242034,5897100
2023-06-05,221.2408447265625,222.76280605800906,219.81643623956379,222.35304838313849,4858900
2023-06-06,222.655517578125,223.6604028207966,220.64574709278176,221.1628233870983,6020100
2023-06-07,219.77740478515625,222.0018119637575,215.6310295349157,221.46521924814212,8517200
2023-06-08,217.611572265625,219.65061007282125,216.9871774145829,219.60182620121302,6248200
2023-06-09,218.10911560058594,219.68961169177248,217.32861837388091,218.1871668119311,6385000
2023-06-12,220.65548706054688,220.92865886725113,218.1774242749448,218.93840500601337,8621100
2023-06-13,217.9530029296875,221.61156955151583,217.20178796846233,220.11887556074953,6868700
2023-06-14,217.9920196533203,219.97252237869398,217.15298784207252,218.28470793849877,9160700
2023-06-15,220.65548706054688,221.5725702202313,215.9725184093,216.6066789430218,12534000
2023-06-16,223.32867431640625,224.19697356350244,220.5676741541968,220.92864797667335,13628900
2023-06-20,220.94815063476562,223.97257158162986,220.66521315375982,221.46522684571246,12312300
2023-06-21,221.70913696289062,223.0554942415394,219.49448046938397,220.60668412534514,7032100
2023-06-22,222.82135009765625,223.34817716268245,220.00181523402924,220.84084714258674,6275500
2023-06-23,223.95306396484375,224.3725724638349,220.87010821288956,221.67987275521116,5424400
2023-06-26,220.7823028564453,224.48965333507843,220.68473512539745,223.84574203835223,5165400
2023-06-27,221.79693603515625,223.03597474774924,220.99693722009894,221.93352192488533,4628500
2023-06-28,222.40182495117188,222.49937779241876,220.50912416738902,221.9530342438516,5324500
2023-06-29,228.6067657470703,228.9774903811185,223.0262308449656,223.21158571861673,7118900
2023-06-30,231.689697265625,232.47019443678883,230.19700331089388,230.50920813405756,6879400
2023-07-03,232.16775512695312,232.5872636101446,229.67017609068643,231.22140472679413,3087400
2023-07-05,233.61166381835938,234.14825655030288,228.28479931841733,228.69455698097093,7601200
2023-07-06,233.05557250976562,233.758018479578,230.91896725881503,232.46044508775083,6441800
2023-07-07,230.68484497070312,232.62632991300106,230.3726549899113,230.9580167864263,5729500
2023-07-10,232.35313415527344,233.2702172507382,230.73360506697375,231.23116477575434,4858900
2023-07-11,234.6848602294922,234.83119694196415,232.31410128022506,232.9872799310879,3856500
2023-07-12,236.3043975830078,238.00196305403324,235.34828140560074,235.66048625212056,6116000
2023-07-13,237.3775634765625,238.31416311055023,237.22146105644018,237.84585585018328,5819600
2023-07-14,237.23123168945312,238.7727096250002,236.0604932877106,238.7629439193234,4941200
2023-07-17,238.04100036621094,239.38734285238598,237.0751333525827,237.1824519096525,4328100
2023-07-18,234.89950561523438,237.25073323675224,231.88483525129644,237.17269691184615,7674000
2023-07-19,235.5336456298828,236.67511666046053,234.26533952254775,235.36779239160188,4835500
2023-07-20,233.7775421142578,235.71902697556186,233.24096421152396,235.28000192480377,4695000
2023-07-21,233.41653442382812,234.48971984714132,232.9092090521942,233.8945924554394,5427400
2023-07-24,234.8702392578125,235.39706633024616,232.38241084039763,233.83607186413386,6010000
2023-07-25,232.87020874023438,234.9287628378037,232.74337366591982,234.16778216540803,4997500
2023-07-26,231.31895446777344,233.02628538256837,222.12862295751376,225.77743838607486,7551400
2023-07-27,228.7238311767578,232.84093933542647,227.27992105304685,231.6311679477658,8160100
2023-07-28,230.0019073486328,230.12874243245682,228.0116534916277,228.86043625445748,6794800
2023-07-31,231.93360900878906,232.60678765404356,230.24579442977486,230.24579442977486,4799600
2023-08-01,233.93360900878906,234.86044283888756,231.22139301582985,231.35797889724705,4627300
2023-08-02,231.7677459716797,232.9677516134385,231.01651614994668,232.8116640902855,4868200
2023-08-03,232.9385223388672,233.221459863888,229.5141089000551,230.24582231844,5033800
2023-08-04,233.1629180908203,236.0117204601337,232.0409486179907,232.19705104865784,5169700
2023-08-07,235.6214599609375,236.27512212949668,233.37755083088993,233.3873016500934,5649800
2023-08-08,233.45555114746094,235.47508691708634,231.6018834859379,234.55800390402425,5080600
2023-08-09,233.91412353515625,236.07024547094616,233.65071744179576,234.63608608233065,4055000
2023-08-10,234.7449493408203,238.44948701732295,234.67652052033972,235.1945690492354,4778000
2023-08-11,234.62765502929688,235.29233038153856,233.04418699840284,234.5885634978658,3607100
2023-08-14,237.42318725585938,237.8434995528391,234.8427134592607,235.29234813571108,4351100
2023-08-15,234.4224090576172,237.1983702724785,233.95323608539525,236.55324811396093,3770100
2023-08-16,233.89454650878906,235.63442526635814,230.69828833293232,231.1967836200116,3218600
2023-08-17,232.0178680419922,234.9600092686502,231.157720084521,234.5885725893337,4177600
2023-08-18,232.79983520507812,233.659998085682,229.99455160320863,230.26823708072078,4344800
2023-08-21,234.0607452392578,235.10661149338276,232.39906431995075,233.98254726184132,3573600
2023-08-22,235.14572143554688,235.98631614710885,233.28855300245627,234.58856643119788,3848400
2023-08-23,236.83673095703125,237.07130999894255,235.2923543005721,235.87883173483178,4947700
2023-08-24,234.07054138183594,238.06831835673754,233.96302101483352,236.78785802272552,4570700
2023-08-25,237.10061645507812,237.9216728244572,234.79382838296164,235.93744580775507,3541500
2023-08-28,238.3321990966797,239.70062636799733,237.12993692868355,237.53068104152314,3741500
2023-08-29,239.80816650390625,240.28712354575228,237.91190647524786,238.00965768043764,3975600
2023-08-30,240.67808532714844,242.63299000572763,240.50215106515108,240.86380365797172,4573300
2023-08-31,240.14047241210938,242.42772211509208,239.91566256063365,240.05250528519343,5532600
2023-09-01,242.5157012939453,243.25855970493825,241.20591873453444,241.8901323913357,4112900
2023-09-05,239.80816650390625,243.08263798614496,239.6713237654845,242.7503077520836,4459600
2023-09-06,240.6096649169922,241.09839107342998,238.70363588983253,239.88634483615832,4520300
2023-09-07,241.56761169433594,241.82174397654487,239.58338430067954,239.96459018136375,4007900
2023-09-08,241.71417236328125,242.54501278300373,240.88334685829722,242.2028985125913,3309100
2023-09-11,241.64573669433594,242.7600316178149,240.7171600772263,241.7532570340899,2995800
2023-09-12,241.7239532470703,242.17357294625845,240.46303144620904,241.37206982761347,3499600
2023-09-13,242.24203491210938,244.421749631446,241.0495417671517,241.57735951119085,5657000
2023-09-14,236.05474853515625,240.00364956721342,233.36675450421762,239.47583184725997,12000000
2023-09-15,235.6344451904297,238.59612461796237,234.617886394103,236.4457175160172,13077900
2023-09-18,239.14349365234375,239.70063373180366,235.34120463729587,235.50736974572212,4771600
2023-09-19,238.06829833984375,239.59312166022247,236.0156572988492,239.4758321478055,4709000
2023-09-20,236.40660095214844,239.01639666072336,236.22088263894202,238.1366956047049,5756600
2023-09-21,231.27499389648438,235.3509682787311,230.9426636874161,235.34119912484277,6881500
2023-09-22,229.7794952392578,232.42838269799654,229.5840077564497,231.41183883855095,5935500
2023-09-25,228.09829711914062,230.16072232004365,226.97423280306495,230.0727551818618,5921600
2023-09-26,224.47193908691406,227.42384952935737,224.42307839840288,226.70052937956288,6193200
2023-09-27,224.3253173828125,225.47870401245964,222.78094085899215,225.06817580963238,6006700
2023-09-28,226.4366455078125,227.29679354975153,224.491509699771,225.46896218154723,4203900
2023-09-29,224.8238067626953,227.77571699785727,224.4719233246314,227.58999866738756,6045200
2023-10-02,226.05540466308594,226.15314094729786,223.61177383670378,224.07117762524274,5175200
2023-10-03,223.65089416503906,226.5246067732459,222.644119328115,225.27346882221912,5585700
2023-10-04,226.0065460205078,226.47571899824754,223.71931097494402,224.30577346843367,5430900
2023-10-05,228.215576171875,228.90957392010262,225.029086801013,225.21480513848545,6126200
2023-10-06,229.74038696289062,231.25544104337214,227.5020277103097,227.91255589535666,6401300
2023-10-09,229.1539306640625,229.86746670139195,226.47570586342678,227.5509094112431,5372200
2023-10-10,231.26522827148438,232.8486962804038,228.99753169673355,229.60354737130982,4644000
2023-10-11,230.365966796875,233.13215878647122,229.59378598909052,232.19381286599233,4760900
2023-10-12,231.44117736816406,232.36975416236479,229.59379293442618,231.3727634560389,4472800
2023-10-13,232.31106567382812,233.26896466644126,230.90353210075088,231.05992803436772,4966800
2023-10-16,234.656982421875,235.28255130155569,232.95621003895945,233.6111012946612,6227300
2023-10-17,235.7615203857422,236.03520586977373,232.91713026804993,234.2269278441897,4527600
2023-10-18,232.11563110351562,235.39987188412314,231.64645811049755,234.54949303776405,9528300
2023-10-19,228.53814697265625,232.55547699854978,228.14717197219673,232.11562639434777,5927400
2023-10-20,228.1178436279297,230.45395424422875,227.39452348977915,228.85093292067717,5748300
2023-10-23,226.30953979492188,229.17348291574467,226.0651767091575,226.1433746863708,5071700
2023-10-24,229.35919189453125,231.19680711675824,227.63888109833843,227.63888109833843,6844100
2023-10-25,231.5095977783203,233.10283498548162,226.07495012020698,227.01331094969643,10365300
2023-10-26,226.06517028808594,230.2975406030789,225.16591594778382,229.28099675765785,6414500
2023-10-27,224.1005096435547,226.1727039007632,222.88846333221673,225.95766318561067,5540900
2023-10-30,227.82461547851562,228.11785419214257,224.8433825669993,226.95468340742468,5170300
2023-10-31,229.79908752441406,230.40510329855465,227.73666216351785,228.3035864003474,4828400
2023-11-01,233.20057678222656,233.65019649811154,230.3659560994654,230.81559073008918,4996200
2023-11-02,237.76528930664062,237.76528930664062,233.80660422012892,234.50060196620203,6286700
2023-11-03,238.10739135742188,239.78861054269223,236.79759391210283,239.59310814670454,5029800
2023-11-06,237.9998779296875,239.26078489795458,237.13971508948094,238.4983732585858,5254100
2023-11-07,239.2510223388672,239.54426103472449,237.89236413231012,237.9216865104219,4219700
2023-11-08,238.91796875,239.74077312781586,237.83068619842481,238.5065665610921,5117500
2023-11-09,236.6944580078125,239.47632936867623,236.0381724016823,239.3294053324135,4866600
2023-11-10,240.23052978515625,240.25012463519195,237.0176619178977,238.9865183714857,4094400
2023-11-13,239.6624298095703,240.65175314064533,239.11389350931117,239.98567761790014,4088500
2023-11-14,241.88595581054688,242.85568421306328,240.55378992294075,241.1317109835403,14092000
2023-11-15,243.03201293945312,243.15935705409643,240.31870145450293,241.75861663249688,13258900
2023-11-16,243.4826202392578,244.34459945286872,242.20922385178392,243.5022001454469,7051600
2023-11-17,244.4523468017578,245.1184372692836,243.57077274239276,244.3445975325916,7238200
2023-11-20,244.85391235351562,245.79425584455032,240.5733571021501,244.50127980775503,8604200
2023-11-21,247.06765747070312,248.15493993209148,244.91268739715153,244.91268739715153,7213700
2023-11-22,248.52719116210938,249.33040069945753,247.48888825099263,247.8219259872957,5701400
2023-11-24,249.0953369140625,249.48714428021523,248.31170723526404,248.98758764639655,1640900
2023-11-27,248.9385986328125,249.7614030387045,247.35175942909333,249.09532755198023,5478900
2023-11-28,247.7631378173828,248.94836465674692,246.46035682669586,248.65451664466718,5234900
2023-11-29,249.02674865722656,250.8291013029144,248.33128837872346,248.723095723247,4955100
2023-11-30,251.42662048339844,251.51477490032764,247.98846370472123,249.0463615473511,6874700
2023-12-01,251.20135498046875,251.65193197908388,248.70352684889022,250.55484439614253,3939400
2023-12-04,249.2324676513672,252.12210298742002,249.14431323713654,250.6723828697721,5247500
2023-12-05,249.3989715576172,249.6046801249677,246.97952313566714,248.987569369408,4199100
2023-12-06,249.0855255126953,251.57353361045483,248.3410855578404,250.56463041627202,3874000
2023-12-07,250.58421325683594,250.89767108374528,248.31168885121875,249.67323952556103,3589300
2023-12-08,250.50587463378906,250.79973764019854,248.67413703018292,249.78101454417816,3732300
2023-12-11,251.26986694335938,252.35716443162303,249.78098711497165,249.78098711497165,6479300
2023-12-12,254.2476348876953,254.40436378678345,251.15230638991167,252.03388029092415,5946600
2023-12-13,257.00994873046875,257.1079080378053,253.39546850852997,253.84604545069783,4859900
2023-12-14,253.43463134765625,257.8621105759392,251.15230228985902,257.8033409763632,8168700
2023-12-15,252.74899291992188,253.08203067679068,249.2422616804101,249.30103129085836,13374000
2023-12-18,253.08203125,254.27706315346458,252.67064397593043,253.4052940011836,6041100
2023-12-19,254.66883850097656,255.01168111491805,251.93596227360194,253.3170778415961,8731200
2023-12-20,251.84780883789062,255.48189914082573,251.81842403269374,255.16844129006833,7240900
2023-12-21,254.2281036376953,254.66887572606316,251.77927017014062,252.23965205776037,6246700
2023-12-22,253.14080810546875,255.86390974795617,252.935114462547,254.67868270999597,5111500
2023-12-26,253.85585021972656,254.4239663732148,253.23873946610323,253.23873946610323,2085100
2023-12-27,253.6305389404297,254.45334328876163,253.0232331042549,253.9439967568369,4034700
2023-12-28,255.07046508789062,255.62880624265185,253.24854750033373,253.24854750033373,3020500
2023-12-29,255.02151489257812,256.10878256773805,254.35543938565212,255.23701342634664,4074900
2024-01-02,253.57177734375,254.76680915017928,252.39635533457957,254.29662241072094,5471000
2024-01-03,252.6999969482422,253.56196109251476,251.60289460529273,253.25830817843394,4148300
2024-01-04,254.29661560058594,255.69737088281894,252.71958139862934,252.78815590123168,3843000
2024-01-05,254.37501525878906,256.10877850776996,253.45425152846423,255.44270301140293,3748400
2024-01-08,257.1666564941406,257.2450059977762,254.62966907557947,255.59939738459835,4659000
2024-01-09,257.94049072265625,258.224563749677,255.79534029731323,256.63772458663703,7055800
2024-01-10,259.14532470703125,259.9387442801743,257.4801061575056,259.5469369429282,4355800
2024-01-11,258.62615966796875,260.74195504948926,257.02951570693835,260.02688502418016,5599000
2024-01-12,258.76336669921875,260.11509776086837,258.31275978568004,259.70371044866727,4656100
2024-01-16,259.81134033203125,260.22275737182485,256.98050532139274,258.12654226621646,6196400
2024-01-17,261.1729736328125,261.6333554884706,258.97882856396586,259.008213367817,5118700
2024-01-18,262.6520690917969,263.27895484913716,260.96727064778094,262.39738087222986,6694300
2024-01-19,265.3556213378906,265.60050471488995,261.5844113535027,262.6912890004181,7226500
2024-01-22,265.6494445800781,266.7759019035326,264.8266102971015,266.66813769550635,5984300
2024-01-23,265.7082214355469,266.3057224199546,264.3858454575979,265.9922645791251,5883000
2024-01-24,266.0902099609375,267.27543686160647,265.53186881612436,266.99139373289813,5021700
2024-01-25,267.03057861328125,267.1971124396977,265.25762559860493,266.38411289256993,6894900
2024-01-26,262.4561462402344,265.3261715413867,260.16404198009,260.49707970407854,8586500
2024-01-29,268.0591125488281,269.4402582233795,261.25134349420006,261.50603174273755,6574500
2024-01-30,271.4776611328125,272.9371861470208,268.57825079583137,268.9700581560204,6549000
2024-01-31,267.66729736328125,274.2595377899834,267.5889179538692,271.44828181029476,6139300
2024-02-01,271.3797302246094,271.5168792561728,267.7652494045442,267.794664105298,7065000
2024-02-02,271.50701904296875,272.8000101072002,270.0377191680646,271.9282111661255,4848700
2024-02-05,269.9397277832031,272.31021111923815,269.4989558089054,271.7224852605289,4899100
2024-02-06,271.0956726074219,271.2132118322221,268.42153567126906,269.1757656257284,4400000
2024-02-07,273.6717834472656,273.8187074424153,271.389454448348,273.6619785499291,4785900
2024-02-08,270.6393737792969,274.447054163636,270.1486939348969,274.3292957927753,5833400
2024-02-09,271.2773132324219,272.01333316627523,268.9809346326467,269.8739757462361,4618300
2024-02-12,269.9426574707031,271.5128391991795,269.12811203495,271.27729247323646,3676200
2024-02-13,270.6688537597656,272.81803419482435,267.6757182417946,268.64725489508334,5493800
2024-02-14,272.38623046875,272.4647560259893,269.589348979422,271.3165518539846,4218400
2024-02-15,275.7425231933594,275.87989800986213,272.3862590640775,272.4745778636996,4834800
2024-02-16,273.36761474609375,275.87989372542347,272.6904740107786,275.7228725456244,6630700
2024-02-20,270.0211181640625,271.6796184695366,268.24485948520686,269.4519427098111,6157200
2024-02-21,271.6011657714844,271.8072429574534,268.4313626265707,269.5108644676192,4770100
2024-02-22,278.4608154296875,278.7650345413958,273.7797404329026,273.9759944040607,5100200
2024-02-23,278.31365966796875,280.61986130702223,278.21551769314664,279.41277790903445,5107700
2024-02-26,278.8533935546875,280.0310373464365,277.39117697139176,277.7640985037365,3856900
2024-02-27,277.89166259765625,278.8730223794842,276.2920413614809,278.8730223794842,4145200
2024-02-28,280.3057861328125,280.79646600072033,276.8219411014336,276.84158746333225,4358800
2024-02-29,277.37158203125,280.33527820668746,276.9201349051822,280.17825702571537,6633700
2024-03-01,277.8818664550781,279.5992462403838,276.8514206146587,277.9211292358143,3955700
2024-03-04,275.30084228515625,277.72480200234827,272.94558493636487,277.5383412588164,5920300
2024-03-05,274.17230224609375,275.75227712871117,272.50397862771695,275.0456968837041,6227900
2024-03-06,275.2027587890625,276.74350107137457,274.10364045603654,274.7807812056201,4535200
2024-03-07,273.0731506347656,275.9289108607508,271.0122893434782,275.6443081715626,5668500
2024-03-08,274.82000732421875,276.419628593196,273.6325404007755,273.79938474454605,3928800
2024-03-11,275.330322265625,275.536399452333,272.8082202162964,274.2410271871561,4614000
2024-03-12,278.6276550292969,279.17721405717015,275.0653145798436,276.0662906773154,7988700
2024-03-13,279.8249816894531,280.7670788260843,278.52957940863024,279.35391814677354,5783800
2024-03-14,281.0713195800781,283.6523011570563,279.2459744172185,283.5737755862181,5484500
2024-03-15,277.7641296386719,280.30584832452104,277.3715916469974,278.26460284984705,9845000
2024-03-18,279.7366638183594,280.89469141167535,277.97022774861097,278.5786661737747,4095600
2024-03-19,281.9937744140625,282.6905315602833,279.9329126258445,281.31663368438046,6595200
2024-03-20,283.8878173828125,284.46681618443864,281.37553819835017,282.2784025687336,6105000
2024-03-21,284.9574890136719,285.5364878007357,282.5335286956362,284.56495101635926,5057600
2024-03-22,277.9800109863281,285.0752237973317,277.61691262018115,284.59436703662107,8744100
2024-03-25,275.96820068359375,278.21552317175326,274.82002640687017,277.7346664189995,8519200
2024-03-26,275.3695983886719,278.83379769381685,273.220417776973,278.83379769381685,8752400
2024-03-27,273.8189697265625,276.00741261523797,271.81701752347243,275.0260529259394,5190700
2024-03-28,273.8779296875,274.5845100701373,271.9544725148267,273.2989308938948,5844400
2024-04-01,273.0928039550781,275.65416860649947,271.6305874366216,275.1340191617069,5084000
2024-04-02,273.2497863769531,274.12318090181986,271.81700965768044,272.8179857302594,6912300
2024-04-03,271.79742431640625,275.2518302654777,271.40488635366455,275.2518302654777,4536600
2024-04-04,268.8926086425781,273.8779036837671,268.46080789703495,273.1713233682171,4018600
2024-04-05,271.9740905761719,272.77878291395115,269.90340566320907,270.95346791886493,4392100
2024-04-08,272.5825500488281,272.7984504363739,270.02118499891117,271.10068693664,5542400
2024-04-09,271.5618591308594,272.8179983570003,268.2252421191152,272.4549000574573,7313900
2024-04-10,269.3636474609375,271.66002578865056,269.01034236120705,270.28612806464156,5276000
2024-04-11,270.5412902832031,271.3263961731328,267.1065306301701,268.89261283744185,8102300
2024-04-12,270.8160400390625,271.83666260923087,268.95146242246244,270.41367893016223,9038400
2024-04-15,266.22332763671875,272.72974893608637,265.30084688228095,272.710132518511,10267500
2024-04-16,266.2919616699219,269.0201404490908,265.133964406896,265.4970627055803,8237100
2024-04-17,267.6070251464844,268.89260417932684,266.4392045061578,268.2056402913489,5940900
2024-04-18,266.31158447265625,268.05840358974115,264.82972170046907,267.48922812520163,8231800
2024-04-19,264.751220703125,266.9298404518203,263.28900432247616,266.40972100477114,7905400
2024-04-22,267.253662109375,268.6570291793661,264.3390227312704,265.8994109401668,6463700
2024-04-23,269.00048828125,269.76597758461827,267.62659071505203,268.90237627194506,6438000
2024-04-24,269.8935546875,277.72481647785054,269.3734352044127,277.30283896206197,8807200
2024-04-25,270.031005859375,271.07124500440364,265.4480417421901,267.88182518552384,8064600
2024-04-26,269.4029235839844,271.61098347879147,268.7257828203452,269.88381032621146,6840600
2024-04-29,266.77288818359375,269.3538696726192,266.03686821290114,267.2439517463796,4128600
2024-04-30,263.6029968261719,267.0083159529744,263.5735572351104,265.4872205002652,6376400
2024-05-01,262.3370361328125,265.8601132434144,261.73839124758234,263.15155136336955,6119900
2024-05-02,262.6217346191406,264.44707978827216,261.67963740695717,264.32932138034056,5061700
2024-05-03,263.48529052734375,264.4274175249169,261.5323940540221,263.98579362300916,3862000
2024-05-06,267.5873718261719,267.69530702151667,264.5451506612667,264.62364626254265,3958700
2024-05-07,271.3067321777344,272.700276323849,267.74439117728224,268.6178158076853,6377100
2024-05-08,272.02313232421875,273.35776731101015,269.7954563027103,272.62174744216117,9029700
2024-05-09,273.34796142578125,273.5933013707085,271.24783712181664,271.6403750439555,8948800
2024-05-10,275.5069580078125,275.7915607533672,274.0349182151677,274.3391373764162,8986400
2024-05-13,274.1820983886719,276.89063077015624,273.8974956926973,276.21349018760486,10528400
2024-05-14,272.5628967285156,274.77095656578155,269.15757658153854,274.2312205850523,18526100
2024-05-15,276.2528076171875,276.4785311722708,271.9053905144943,271.98388612785146,21288400
2024-05-16,275.1319580078125,277.6292333561052,274.56172915084454,276.99998633751363,10341500
2024-05-17,275.3875732421875,276.18394331406387,273.4212214589575,275.33839644511846,6177800
2024-05-20,273.8538513183594,275.5547265949404,273.4998923563599,274.5224037970635,5460900
2024-05-21,271.30743408203125,273.7456914032352,270.2554285421113,273.32293291662654,6578200
2024-05-22,270.9436340332031,273.4015740799684,270.4913814657606,270.8944872339282,4202500
2024-05-23,269.6163635253906,272.7723500636725,268.4365403314151,270.6093508761007,6115900
2024-05-24,269.8719482421875,270.6093301809927,268.7511432973605,270.38321892241373,4339700
2024-05-28,266.4210510253906,269.84248440218306,265.6836690039576,269.61637311826706,6212100
2024-05-29,264.3367004394531,266.57837065472575,263.7468188082258,264.4743594895076,5469700
2024-05-30,266.7356262207031,267.0699324510983,263.7959396986071,264.17939272539314,4901900
2024-05-31,267.8761291503906,268.1710999579368,264.48418989474106,266.8733004146957,8910000
2024-06-03,265.83111572265625,268.5348495603494,263.55014033858856,268.49551412154864,4838800
2024-06-04,267.8368225097656,268.3972100336998,264.7791295089298,265.0937530339057,4188500
2024-06-05,269.8818054199219,270.30456388861836,267.4435181978764,268.9281235230079,5368700
2024-06-06,272.37908935546875,272.4872243142365,269.4688667720271,270.1767546971683,4862400
2024-06-07,273.981689453125,275.6137353305815,272.20211315725004,273.03781882009514,4515600
2024-06-10,270.4127197265625,273.8734882439514,268.78064406090994,273.4605711502716,5213800
2024-06-11,270.04901123046875,270.2357870985408,267.6402176175269,269.92119352798085,6244600
2024-06-12,265.7721862792969,272.9297075106563,265.3592390910344,272.11365449704283,7536600
2024-06-13,266.6275329589844,267.2862441535397,264.7889984250693,265.7721745398178,7361200
2024-06-14,266.1064147949219,266.9814258164359,264.73978577843116,265.55583864552773,8537300
2024-06-17,266.60784912109375,267.2567188774396,264.4743439992734,264.4743439992734,9258200
2024-06-18,269.0166015625,269.2918896313264,266.7356261327105,266.7356261327105,6707500
2024-06-20,272.1628112792969,273.3622873041705,268.50539503985874,268.5938772870847,10164400
2024-06-21,270.5896911621094,272.87066660927815,269.96044414048373,272.5068963017162,14594700
2024-06-24,271.6515197753906,275.6727360631118,270.6388496844587,270.6880264874879,24149600
2024-06-25,268.9281311035156,273.2540995191525,268.9281311035156,272.1922826369368,18325800
2024-06-26,268.99700927734375,269.8425263914958,267.1781273406151,268.3186153117306,12172000
2024-06-27,262.1048889160156,266.0375929561749,262.01640667561014,263.99260005711835,10529100
2024-06-28,258.0541687011719,264.0810415125838,256.8546929540055,262.704601311937,13957300
2024-07-01,258.8112487792969,261.29868293737036,256.9038848789708,259.35201359879625,7955800
2024-07-02,263.7173156738281,263.7173156738281,257.9853826525656,258.81124691208595,8697800
2024-07-03,264.46453857421875,265.2117620370799,263.638674222498,264.54320946723277,5017800
2024-07-05,265.8114318847656,265.998237713099,263.72710369930746,264.4743270126409,7986400
2024-07-08,261.9180603027344,266.873275363693,261.4953018561679,265.7032936131313,8561100
2024-07-09,260.9742431640625,263.0487301484907,259.47982642652397,262.5079953432641,6431300
2024-07-10,258.5752258300781,259.04716099810366,254.160776252784,254.76049906659887,9635500
2024-07-11,258.1328430175781,259.19468988434994,256.37297960634237,257.71992590595016,8803600
2024-07-12,261.2691650390625,262.90124070211414,259.2241722829892,259.89272472207574,6627800
2024-07-15,263.93365478515625,264.7103423563083,260.7874790401259,261.2004262332714,6845200
2024-07-16,264.72015380859375,265.66399442379605,262.87177801754814,264.0024244842382,7869900
2024-07-17,268.112060546875,268.3185190697866,263.727074746928,263.92372191436914,5324700
2024-07-18,264.6218566894531,269.0166553119696,264.0417863572478,267.7090442248212,5550800
2024-07-19,260.9939270019531,266.391584357099,259.8632804535729,265.77217859469255,6839900
2024-07-22,263.2060546875,263.8844485694025,260.56130868510405,262.734149381239,5313600
2024-07-23,260.33514404296875,263.19618939246607,259.4207676911683,263.02903629465214,8109200
2024-07-24,249.89385986328125,252.87289715671477,248.87136335159272,251.7619033971654,13065900
2024-07-25,249.47109985351562,253.8757244191848,248.44858834590195,251.09333435811223,8573300
2024-07-26,255.0948486328125,256.80559535660666,251.2899621333863,251.2899621333863,7062200
2024-07-29,257.1988525390625,258.2901635180235,254.22964175939723,255.94038843506593,6068100
2024-07-30,258.6736755371094,259.8534690262283,256.6188407897147,258.8014932493661,5941800
2024-07-31,261.20037841796875,261.8787422471282,259.8042553105948,260.08938474880534,7642500
2024-08-01,261.4560241699219,262.50802984257274,259.73546592189,261.8492886257839,7269700
2024-08-02,262.0950622558594,263.45185002648253,258.457328817157,259.3913280765937,7017900
2024-08-05,252.1256866455078,258.4966787054214,250.2281489325841,257.05140860866965,9631300
2024-08-06,253.9150848388672,256.1075484743543,251.46697079821578,252.18468519487482,21586800
2024-08-07,252.20428466796875,257.6215937704532,251.99782611899562,255.2914715624525,12908600
2024-08-08,255.4586181640625,256.06821251448,253.58077832475388,253.78723689271288,8223700
2024-08-09,255.9019317626953,257.63577097006146,255.16307111591914,255.3206983282827,7228100
2024-08-12,256.0299987792969,257.7145925900614,255.38962885141,256.6309243247712,26769400
2024-08-13,256.2664794921875,257.79344642219974,255.41923682523193,256.2664794921875,12005700
2024-08-14,257.261474609375,257.6161133364403,254.89709617165667,256.9954654997553,8552300
2024-08-15,262.8373718261719,263.4186353759986,258.9361956862595,258.9361956862595,7397800
2024-08-16,263.4087829589844,264.4530370608236,261.44834875985,262.8866559080647,5111100
2024-08-19,262.51226806640625,264.32493594527,261.29069472863915,263.4481702618357,6555900
2024-08-20,264.0589904785156,264.0589904785156,261.832547118727,263.03442848140213,6803600
2024-08-21,264.21661376953125,265.27069891418176,263.41864657209493,264.57125249536045,6639700
2024-08-22,263.9604797363281,265.4973077582804,262.6108321843605,264.94562744600637,4425200
2024-08-23,263.4678649902344,265.21156534257966,261.3694958840034,264.70916053235806,3697400
2024-08-26,264.2264099121094,266.354332179061,263.6944518936089,263.74369724425344,4612200
2024-08-27,266.69915771484375,266.92575248450345,263.9112032535395,264.5318209834167,6594100
2024-08-28,265.1918640136719,267.9404340197328,263.6944506024748,267.13260583576533,5455100
2024-08-29,270.2456970214844,271.8908766785254,266.43318061732,266.95530764308353,5565100
2024-08-30,272.2652587890625,272.8760455387508,270.1866116206508,270.9156112813342,6296100
2024-09-03,274.40301513671875,277.9002770172578,272.26523166148974,272.26523166148974,7278300
2024-09-04,276.32403564453125,277.4668104473278,274.5606431191247,274.57047415120786,6107500
2024-09-05,274.4818420410156,277.31907217228814,273.28982176514114,276.82649833184007,6447400
2024-09-06,275.220703125,276.1171911233873,273.30951421667044,273.6444608208501,7187700
2024-09-09,281.36798095703125,282.70779727577303,277.4668050266767,277.90027235941807,10933900
2024-09-10,281.10198974609375,282.14624371213733,279.3582894588662,281.6832231751696,5314400
2024-09-11,279.74249267578125,280.9345428695033,274.1665538793364,280.7867466840723,6281800
2024-09-12,281.13153076171875,281.75217848265277,277.2894616134547,279.7818835282286,4160800
2024-09-13,283.0821838378906,284.4515234408344,281.3089000255554,282.2349412236557,4987600
2024-09-16,286.1656494140625,286.5793945176226,283.4663248883292,283.77171820049045,4458900
2024-09-17,287.2296447753906,288.71722733890977,285.7716154386286,286.57944372241514,5135700
2024-09-18,284.19537353515625,287.6827741850227,283.85056588284056,287.5054548430262,5890000
2024-09-19,281.00347900390625,287.150820191636,278.66868410854556,286.766598214264,10382100
2024-09-20,280.5404968261719,282.73738699777726,279.0430831606983,281.2596654629457,27810900
2024-09-23,284.3431396484375,284.5894265337562,280.3926883873441,280.66852849632835,6505600
2024-09-24,268.72857666015625,276.8264916028553,268.6596091087328,276.0186633087196,13690200
2024-09-25,265.6253662109375,270.1767435527472,264.2461655110437,270.11763709877465,11671300
2024-09-26,267.65472412109375,269.18169070576806,265.98982245686665,266.48239620215713,9552500
2024-09-27,271.08306884765625,273.8513311017774,268.7285517350587,269.10291262026817,6509600
2024-09-30,270.8663635253906,271.5953631796206,269.1423551052255,270.91560888309556,5969900
2024-10-01,273.4769287109375,274.9152355203764,270.2850306391722,272.85628102852996,5781600
2024-10-02,272.8858642578125,273.51637310429817,271.28006898275567,272.46225803775803,4741600
2024-10-03,272.7479248046875,273.5656140728562,271.7430851690525,272.56077443722114,3036700
2024-10-04,273.80206298828125,274.30449788070825,271.0141085316373,273.2306906133067,4259300
2024-10-07,269.72357177734375,273.49667388439616,269.1817225548244,273.4769817554082,4339300
2024-10-08,270.87615966796875,271.99924229646246,269.9402875418744,270.6298727825254,4370900
2024-10-09,272.8169250488281,273.36860531463907,270.34422494952827,270.91559734471826,4115800
2024-10-10,273.3489074707031,273.5459490176533,271.26039935603495,272.6691532173397,4063900
2024-10-11,273.7134094238281,274.65914271511286,271.28009361505065,271.94015574462935,4746300
2024-10-14,276.5111999511719,277.1909541481975,273.8611507052179,274.93495789916585,3996600
2024-10-15,275.14190673828125,278.44215751240773,274.68871715460233,276.8265008700498,5807000
2024-10-16,283.2496032714844,283.3284319088634,274.2158173763947,274.4817963828372,9442700
2024-10-17,286.0770263671875,286.60898442557027,283.33828717387706,284.2840505174175,8815800
2024-10-18,286.3035888671875,286.7173640848365,283.8013055612119,285.6140035901974,5350900
2024-10-21,282.5895690917969,286.1262450429194,282.0772731457329,285.2987247427192,6313100
2024-10-22,280.5601501464844,282.27429708550056,279.3188547413683,280.8162680392422,5736500
2024-10-23,279.5454406738281,281.81126770724603,279.31884594476105,281.79157558205844,5249300
2024-10-24,279.01348876953125,279.40754177448713,277.5456285487358,278.19582953585575,4679900
2024-10-25,277.5456237792969,280.85570504122524,276.60972160233206,279.78189784383835,4464600
2024-10-28,279.9691467285156,280.4124752500597,277.3486500566489,277.8510850391557,4306200
2024-10-29,277.6933898925781,281.4566606634786,277.1712629055183,280.0478768501178,7534800
2024-10-30,285.8504333496094,291.3869580924939,284.047596392183,287.99804791814483,9606800
2024-10-31,285.5450744628906,291.93867358559066,285.31847966269976,287.75179574908003,7950200
2024-11-01,286.42181396484375,288.3231717505085,282.9245518840564,284.205231784658,5470700
2024-11-04,287.5152893066406,288.79596896596513,286.4414821938162,287.21972703304044,4281600
2024-11-05,288.9339599609375,290.4018203250084,287.2493358490182,287.3774098526013,3753700
2024-11-06,302.83441162109375,304.41065403023146,298.32244816506443,301.7704652819117,10320500
2024-11-07,301.25811767578125,303.0609545816286,299.8986392705931,302.9328805860493,6237300
2024-11-08,303.29736328125,306.52864595609395,301.1497488952322,302.331937949282,6240600
2024-11-11,306.3020935058594,307.7995069784141,304.70612919982665,305.4844041925792,4674100
2024-11-12,305.82830810546875,306.51920438293644,304.1108719519886,305.0288239097785,4616400
2024-11-13,305.463134765625,306.91405619849616,303.84440658354737,305.47298448865325,4046400
2024-11-14,304.2491149902344,307.2496661965774,303.8345530642905,305.2854746228744,4415800
2024-11-15,305.62103271484375,306.68700156873604,302.67970087122774,303.568013269717,5106300
2024-11-18,308.1083679199219,308.3551230809814,304.69328492487256,305.46315982251906,4585600
2024-11-19,307.80230712890625,308.17737968738203,304.5056627213907,305.9763134277047,4885500
2024-11-20,303.4002685546875,308.2366633406729,302.24544123021116,307.8122216017336,6349900
2024-11-21,305.877685546875,306.8844658617387,302.669868516845,303.31142589855517,5757100
2024-11-22,305.8974304199219,307.5457379151753,303.9036295770101,303.9727282465418,5919200
2024-11-25,309.1249084472656,309.58880922055783,305.8381137858736,307.81215450261135,14189300
2024-11-26,307.7727355957031,310.4179432726564,307.49637106410313,310.12184917504027,7071500
2024-11-27,310.6153869628906,312.26369445491054,305.4729880803093,306.7363732112948,5204300
2024-11-29,310.99041748046875,312.1452447619705,309.62835444172936,310.2106929438623,3853300
2024-12-02,312.5400390625,313.30006413439196,309.63819634785483,312.78679419047,5597500
2024-12-03,308.94732666015625,313.20138302287893,308.7104212343061,312.9842372867119,5009900
2024-12-04,305.877685546875,308.78940843810926,304.7919568354921,308.36499679867563,5981800
2024-12-05,305.0682678222656,307.0521885681716,304.8215127094504,305.9566103255794,5200100
2024-12-06,306.9732360839844,308.5031057144083,304.791899228382,304.86099788820076,4302700
2024-12-09,304.2984313964844,308.9473199948347,303.64702432351515,307.7826128233512,5785300
2024-12-10,308.3254699707031,308.91768829761287,302.6599819145619,303.37060776108314,4539500
2024-12-11,309.71722412109375,311.45436001571153,307.17069392736073,308.9769586194356,4321800
2024-12-12,310.1514587402344,311.45430289187294,309.361824277071,310.7337972134878,3218500
2024-12-13,310.6548156738281,312.8361526181401,310.2600135068379,311.73066438050313,4682200
2024-12-16,311.7898864746094,313.43819366327324,310.0231115367219,310.6547889252214,6562500
2024-12-17,314.16864013671875,314.7016396865983,311.0496815952197,311.72084836382186,8843900
2024-12-18,305.75921630859375,317.4455356824577,305.5420705887468,314.366036471156,10479200
2024-12-19,310.79302978515625,312.7571910040131,307.19041086939535,307.78259909112774,8317100
2024-12-20,313.5862731933594,315.8465585620823,308.22675913191307,309.5000240051295,24387000
2024-12-23,313.1026611328125,313.84292654781143,309.2828964108542,311.5530316349269,7984600
2024-12-24,316.4881896972656,317.3666526015218,313.161934670822,314.0403975750782,2684100
2024-12-26,316.7447814941406,317.2777810473311,315.31358958850115,315.6195635620139,2856000
2024-12-27,314.52398681640625,317.32712169518607,313.43825813623283,315.1260549218108,3489200
2024-12-30,311.21746826171875,312.99409332330004,309.16447863230303,310.59564045372167,3478500
2024-12-31,311.93798828125,313.53695677959786,311.0990147754011,312.0169366731227,3963800
2025-01-02,310.3192138671875,315.53068047730005,308.3550528712495,313.6553477045405,5369500
2025-01-03,310.8226623535156,311.8195628034977,307.960308623142,310.1021264680908,4271300
2025-01-06,308.97686767578125,311.2963715892212,308.0194567039133,310.921299026009,6567300
2025-01-07,307.62469482421875,311.0989961668678,307.27923162230064,308.8288610482209,4958600
2025-01-08,308.5426025390625,309.96391441449146,306.1836091758596,306.9633637750888,5161600
2025-01-10,303.716064453125,307.8023437119033,302.0183880171527,307.1607864221147,6660100
2025-01-13,302.93634033203125,302.93634033203125,299.8963003719878,301.0412477484935,9568400
2025-01-14,305.07818603515625,306.1343052799866,303.52855650262694,304.7426026540983,5107600
2025-01-15,312.17486572265625,313.0730580589486,309.06575694101497,309.6086062077463,5222000
2025-01-16,313.13226318359375,315.0372055775895,311.65173238839947,311.65173238839947,4606700
2025-01-17,315.47149658203125,316.42890769978504,312.59926322876987,313.3790178805016,5805800
2025-01-21,319.4294738769531,320.3671253514035,315.84658436611363,316.1525583350001,5653000
2025-01-22,319.3603515625,321.51204903003105,318.1956745980355,320.55463793719747,5026500
2025-01-23,323.95001220703125,324.2461364503339,319.3702524344283,319.55778875207676,5297100
2025-01-24,325.9142150878906,326.7926477611997,323.5552213889271,323.76248728149784,4327500
2025-01-27,330.1978454589844,331.1354968581317,323.7920619516546,325.7167639691533,6636500
2025-01-28,330.1386413574219,333.44513607219017,328.56928231199913,330.3261776699073,5999600
2025-01-29,331.52044677734375,332.73446270148213,330.1583536826252,330.1583536826252,5087300
2025-01-30,338.597412109375,339.969385231377,334.59999064145364,335.1033807972211,8081300
2025-01-31,337.3636169433594,346.69097332774294,337.27478870711957,341.9730162336508,8624100
2025-02-03,341.33148193359375,341.50913841806664,334.8368693118345,335.5870146304701,8004500
2025-02-04,340.6701354980469,341.5189888309502,338.094026330763,340.12728624622525,5532600
2025-02-05,344.9044494628906,344.94393871730824,340.7688311158077,341.50909649839093,4939100
2025-02-06,342.96990966796875,346.0987479262019,342.1013267693184,345.24004487186966,4294500
2025-02-07,343.5028381347656,346.1974147440016,342.70335399867406,343.4831085699574,4261200
2025-02-10,346.6712341308594,347.3325210227688,343.1870528393384,344.1740733765565,6067000
2025-02-11,346.7503662109375,348.1345142338886,342.33095883511817,344.35774377885036,5154800
2025-02-12,347.5115661621094,347.84771416959876,343.5568411250705,345.20795210378355,6760100
2025-02-13,351.6047668457031,352.0496553670109,346.7602340788842,349.1231669067052,4279200
2025-02-14,349.8053283691406,351.4069872477322,349.2220100227498,350.41830594764764,5720300
2025-02-18,352.6922912597656,352.7021575557046,348.4112843313369,349.68669165744103,5822000
2025-02-19,351.2092590332031,353.1075101785951,350.17112559454876,351.9902955139485,4152300
2025-02-20,346.5229187011719,352.09909602990814,345.1091116038518,351.20928884421807,5697000
2025-02-21,344.5851135253906,349.32090569255126,343.54701016525627,346.52292054464976,6924100
2025-02-24,345.9000244140625,346.8293872478972,343.4283211692167,344.81249912405735,5055900
2025-02-25,348.10479736328125,348.5991380162165,342.0837318311891,347.39294561616816,6191900
2025-02-26,346.661376953125,347.8477765737832,345.0399249144136,346.038502820502,5960600
2025-02-27,351.7135009765625,356.2317820796528,347.69945702736095,347.9169681356894,7298100
2025-02-28,358.6046142578125,359.88002168396355,349.70648185353866,350.6951632317913,15857300
2025-03-03,357.7247009277344,362.3912782061478,355.4705086085442,358.8913377042975,9099600
2025-03-04,348.2432556152344,356.1922322384268,346.43395178159983,356.0340395959336,8955800
2025-03-05,348.6881408691406,350.1019479972162,344.99048217350884,346.8590742868907,8244200
2025-03-06,340.26458740234375,344.9212682544981,336.5372694612739,342.0442018176931,8611100
2025-03-07,341.4114685058594,342.4693648458492,335.30142469130294,337.0118242042042,6358700
2025-03-10,337.6148986816406,341.10494243786604,333.81836613846133,336.0923210427302,8204300
2025-03-11,328.3806457519531,335.7660666439128,325.8495936783682,334.57966709946095,9776100
2025-03-12,329.07269287109375,332.3551221540917,325.38490061891594,332.1672702861264,6295400
2025-03-13,324.8312683105469,332.3947053075144,323.9909132416949,327.24365338791984,7915300
2025-03-14,328.04443359375,329.00345563334497,322.68579800223995,323.50639018128237,7810600
2025-03-17,330.7633361816406,332.30567668602885,326.0275742017555,326.2945073063825,6149400
2025-03-18,330.9808654785156,331.99920612612834,328.5388211836552,331.49499912300973,7778300
2025-03-19,336.0231628417969,337.17003695557577,330.71394823136865,332.98790351954995,5614900
2025-03-20,335.6573181152344,338.36629535745016,333.8381480530305,335.16297744054333,5432700
2025-03-21,331.8608093261719,335.58812742060695,331.722379444622,333.55144610753325,17279700
2025-03-24,339.9778137207031,341.3125394312916,333.8282151910783,334.8168964326761,5675100
2025-03-25,340.7193603515625,341.6190639963439,336.8140871413612,340.660041884624,3931200
2025-03-26,340.28436279296875,343.4481553955943,339.1177259624635,342.0738737436041,6187100
2025-03-27,345.9000244140625,346.8689429480192,339.4340704495002,340.1063664907802,7254800
2025-03-28,338.96942138671875,347.64014633526864,337.7434359431888,345.2376577932826,5687600
2025-03-31,346.4932861328125,347.87743410286953,330.70404246042676,335.5090499083939,9950800
2025-04-01,342.4297790527344,346.48337847355293,338.69256489363494,346.47348200532446,7473300
2025-04-02,342.4100036621094,344.2588631581806,339.1671299937145,339.5527302084735,5682500
2025-04-03,335.548583984375,340.83800516570193,327.25353282381684,330.12070275672323,8792900
2025-04-04,309.5857849121094,330.86219594333875,308.58720712913095,326.2648338642292,13201700
2025-04-07,308.78497314453125,318.53335698350537,295.61573003669497,298.6509890880894,12163400
2025-04-08,304.7807922363281,322.58695319968984,300.4899187510522,318.59267205379405,9569300
2025-04-09,328.6673583984375,330.2492547105935,302.18060478476235,302.18060478476235,11361800
2025-04-10,320.9358825683594,326.4230829169156,309.7242381419524,324.30729005502417,8709800
2025-04-11,329.6263732910156,333.165869605498,318.88930775123475,320.75789991091597,6804500
2025-04-14,331.38623046875,335.7660819094992,329.3693420998358,332.6023194749596,5011800
2025-04-15,332.00909423828125,335.5485905010428,331.2082647283826,332.90879792133717,4386200
2025-04-16,327.57977294921875,333.40312048610673,325.1377288486141,331.20824671887436,5850600
2025-04-17,325.8793029785156,330.53601468530934,324.7225624906575,327.3227997290011,5655900
2025-04-21,316.4768981933594,325.4244521164927,313.0659355529607,325.27615595216224,6362300
2025-04-22,327.6489562988281,328.7958301557772,318.74095885988197,320.1942913147377,5435500
2025-04-23,330.58538818359375,337.3875209051391,329.42864786547216,333.4228989164809,8906000
2025-04-24,331.91021728515625,332.9582171330895,327.50070678316393,329.5077287755826,8055200
2025-04-25,331.3763122558594,332.562711668381,328.4102684663187,330.9709493172966,4452800
2025-04-28,333.6898498535156,335.49912343611936,331.228012791473,332.968101610883,5422900
2025-04-29,337.6544494628906,338.39596048784864,332.65172416161363,334.6686425977044,5519500
2025-04-30,341.58941650390625,342.5978606486836,329.46817314016664,330.6546028640375,9526700
2025-05-01,338.573974609375,341.80695208878166,336.2703299345451,341.66852220314814,5849900
2025-05-02,343.6656799316406,346.1274871004955,342.202420515669,343.28997615104225,6113700
2025-05-05,344.6939392089844,347.0766351178691,342.2024424713364,343.0724870354569,3865300
2025-05-06,343.7645263671875,345.6924369463232,341.84648208473834,342.47922247560257,3438500
2025-05-07,345.89019775390625,347.1754715196428,343.2800643456162,344.753220165422,5454000
2025-05-08,347.2940673828125,351.3081110238519,346.9777122994807,348.0158155896204,4156400
2025-05-09,348.54974365234375,349.7954616794313,346.7009142913387,347.8477581455688,3086600
2025-05-12,351.8222351074219,357.79387841188816,347.1556583174963,355.07500492600724,7985400
2025-05-13,352.69378662109375,355.3973501335385,351.1488543282049,352.07976073258607,5406200
2025-05-14,353.0106201171875,354.94176255937356,351.7727160445727,353.2186097614193,6207600
2025-05-15,358.7941589355469,360.2103443791216,353.22854621340286,353.43653588929607,5826100
2025-05-16,361.5868225097656,362.64647564736566,357.397774477809,359.43783796803416,5838100
2025-05-19,364.3399658203125,365.57787004654506,358.81397465220965,359.5071828855372,5081500
2025-05-20,363.2901916503906,364.6865511143234,361.1610026238442,364.2210979596791,5281400
2025-05-21,354.8328552246094,362.4484444401609,354.61498287195917,360.20042124593436,6125500
2025-05-22,354.50604248046875,356.51639762485144,353.1096829630991,354.2980830440897,4936600
2025-05-23,350.1189270019531,352.55511399032474,348.81169292145313,350.3268864440376,5345900
2025-05-27,355.8231506347656,356.516389035687,351.0498152838232,351.9708087021542,6316000
2025-05-28,356.2489929199219,357.41756709933867,354.5753442128473,355.8627523464737,3299000
2025-05-29,358.8931884765625,359.5270099492942,355.2488056751688,356.8630376273692,4590400
2025-05-30,361.65618896484375,363.4882932187561,357.85335090269473,357.85335090269473,8726900
2025-06-02,361.784912109375,361.92354165460745,356.4767635512784,359.2595695826523,3845700
2025-06-03,362.3196716308594,363.3298207491469,358.0018765066522,361.0520590031567,5221300
2025-06-04,364.4389953613281,366.0829357605544,362.7653464702839,363.1614697686138,4202300
2025-06-05,363.2208557128906,367.40993403486794,362.3889877908046,366.41961076253676,6881900
2025-06-06,366.63751220703125,367.4099632119013,363.9933355621278,365.4392294145866,5008500
2025-06-09,363.1119689941406,366.2116859651978,358.54656256142675,366.2116859651978,4999900
2025-06-10,367.11285400390625,367.8456835640108,363.1317350541599,363.4486457588471,4109300
2025-06-11,369.6976318359375,371.8763554390255,365.80566806622664,366.41966374829536,5562700
2025-06-12,367.80609130859375,370.54930636885433,365.97398704092166,368.6280766251036,4874000
2025-06-13,349.43560791015625,359.4972969979469,341.66156339426726,358.0118119397109,14181700
2025-06-16,352.0401306152344,356.7342532934529,350.9012346648997,353.040336577349,7234700
2025-06-17,354.3772888183594,356.1202675111243,349.9010383473491,350.0693763851959,5559600
2025-06-18,337.08624267578125,355.011100077271,334.76888982867086,354.3871915756897,15008600
2025-06-20,335.29376220703125,336.70991725272035,331.6790882574483,335.6700898912884,19332100
2025-06-23,340.4236145019531,340.9682801962495,332.3821946109533,334.2340942382813,7553300
2025-06-24,348.22735595703125,351.1289957155633,344.55326530183936,348.11840468810607,10172000
2025-06-25,341.9190979003906,347.89074733745474,341.9190979003906,347.0588792323528,6836300
2025-06-26,342.6816101074219,343.5530995482461,338.720316447146,340.4533824235167,8829500
2025-06-27,345.23663330078125,348.6037571101226,342.3151973420875,343.2361908703059,6601900
2025-06-30,351.6142578125,352.1688364147011,345.68223121631263,345.9694334210384,7080100
2025-07-01,352.03021240234375,353.5454057896946,348.01941526590554,350.3961850586937,6653400
2025-07-02,350.79229736328125,352.91157336971264,346.6131321044456,351.1686250279859,5131400
2025-07-03,355.3874206542969,355.52608042912044,350.1882230992749,351.1587508562296,3702800
2025-07-07,353.1889343261719,356.1796999654873,351.0597149441949,355.4468703570422,5138000
2025-07-08,351.1191101074219,354.8130268562646,349.83170192033083,353.2285035490437,6966800
2025-07-09,354.298095703125,354.298095703125,350.32688934989784,351.63412344124094,7297100
2025-07-10,352.4362487792969,354.1594015912051,350.0297704959903,353.3770377487421,6121300
2025-07-11,344.563232421875,350.38633917245124,341.0575091514451,349.09893076994626,7580200
2025-07-14,347.1083068847656,348.5640833037009,341.6714417918475,344.02841601510147,5598900
2025-07-15,343.6620178222656,346.82115190842467,343.40455428758673,344.75137961443636,4891700
2025-07-16,346.51416015625,347.2767285352993,342.45382807171865,343.92943052523333,5544200
2025-07-17,346.4250183105469,347.9699203618661,345.10790151609984,346.61318217007806,4747100
2025-07-18,345.6723327636719,346.1179903336956,343.8006374585628,346.1179903336956,4927600
2025-07-21,347.5440979003906,350.22786586363424,345.02866799139485,345.68228506486327,5216300
2025-07-22,348.45513916015625,351.0498115729719,346.8112290903544,347.70251400906835,4614200
2025-07-23,351.8519592285156,352.3372079544051,347.8114234064511,349.5841105026798,4385600
2025-07-24,350.5447082519531,353.7236372974403,350.4357569831507,351.38648902586533,5887200
2025-07-25,353.58502197265625,354.1891046490325,349.5940204803174,350.57443082760807,3915400
2025-07-28,352.03021240234375,354.8526397535217,351.2973828569866,352.93141020063666,3921000
2025-07-29,347.89068603515625,354.85265773564987,347.4153199636024,352.84230261366577,7402300
2025-07-30,347.514404296875,353.1691427151117,343.87002126648304,348.29676828197904,12129700
2025-07-31,342.12701416015625,349.40589693831174,341.75068644584377,345.5535245412683,8641700
2025-08-01,336.06622314453125,342.8202354092874,334.8283190002109,340.7702588929484,8658700
2025-08-04,338.839111328125,341.0475431689509,336.7099222758345,338.39348397612116,7335300
2025-08-05,334.1648254394531,339.1461510492943,332.30301256826004,338.83915320588187,7295600
2025-08-06,336.4524230957031,338.1260718647413,332.1841321561377,335.0263551478568,5944100
2025-08-07,328.8764953613281,338.8391463803234,325.51931473986434,338.1261123210867,8797100
2025-08-08,333.5210876464844,334.11528768497953,329.51029027561344,330.4510792994838,6073900
2025-08-11,332.64959716796875,334.59062241307583,331.2730634686477,333.4715824480999,5715800
2025-08-12,334.0682373046875,335.9630866696301,332.1535575223414,332.54047772755916,5682800
2025-08-13,339.8321533203125,340.7547975932651,334.1079441215787,334.3063694067282,5693400
2025-08-14,342.7488708496094,343.3341861534775,338.95920175887954,340.21911467309207,6224000
2025-08-15,341.7369079589844,345.59602818477634,340.1396662748457,343.50278387518046,4946600
2025-08-18,340.0206298828125,342.98692727561615,338.24485386111854,341.111908341263,3999600
2025-08-19,339.73297119140625,343.59209170405296,339.1774167231355,339.84208390550145,4457200
2025-08-20,341.2012023925781,344.68336323328714,340.12978458990847,340.6754087002171,5834400
2025-08-21,340.963134765625,341.78653614908916,337.0246318949601,340.1694941484198,6073600
2025-08-22,347.26275634765625,348.4135564254873,342.48099144031914,342.48099144031914,4973200
2025-08-25,346.05242919921875,347.93734832523376,344.7428949651859,346.83613944988167,8019800
2025-08-26,348.3936767578125,350.59606414837674,344.693290526122,345.92344248781563,5876200
2025-08-27,347.5702819824219,350.6258315265202,347.06431870294733,347.92741116173505,5531100
2025-08-28,347.08416748046875,348.2548282728518,345.8341850113059,347.8183168469698,4987100
2025-08-29,348.98895263671875,349.83221473470644,346.2310105544946,347.6794183392872,3671900
2025-09-02,347.2925109863281,347.39172362973443,343.33414752518763,346.5385312269779,4940300
2025-09-03,348.08612060546875,348.1059812976514,344.5047776181658,346.56826115032015,4176400
2025-09-04,348.2052001953125,349.8322028018572,346.37980257424067,347.9472836488824,4324000
2025-09-05,340.4968566894531,349.8222700198809,337.50082859454403,348.5921180018497,5448300
2025-09-08,339.5841369628906,341.64765093750947,338.2944634353397,339.6238280750231,4711600
2025-09-09,341.2607421875,343.57227270862904,338.58218239973513,338.9790027080578,4646200
2025-09-10,335.43731689453125,339.89168309248237,333.7706534504743,339.89168309248237,6557900
2025-09-11,340.76470947265625,340.8044005861511,335.18930390686546,336.04249633203517,5157600
2025-09-12,336.7369384765625,340.4671161404083,336.4790219166126,338.5127450059508,3518300
2025-09-15,336.35992431640625,339.99088906823687,335.7051874783653,337.9075446663081,4367500
2025-09-16,337.3321838378906,337.83814716064023,330.8242336265683,333.5722454094798,5527700
2025-09-17,343.4532470703125,343.4532470703125,336.82622345573134,337.24290447965416,5763500
2025-09-18,335.496826171875,342.5305695051567,335.496826171875,341.9948757376367,7526600
2025-09-19,338.8996276855469,339.9710758437891,335.56630069423676,337.74885784958235,13674300
2025-09-22,341.6277770996094,342.123810018113,335.9730199939359,336.3202490919778,5621800
2025-09-23,336.0127258300781,342.5206755840167,334.9512080718528,341.85597812289535,10142700
2025-09-24,335.99285888671875,337.2031804494151,335.2389094188791,336.4393006348119,5207400
2025-09-25,332.2726135253906,337.50082002009344,331.85596281555496,335.6654921112904,5398700
2025-09-26,334.6932678222656,336.8063730332322,333.5623284395552,334.55439433950585,9619200
2025-09-29,337.46112060546875,337.93732310901214,332.88768132847923,334.70317877443784,7217800
2025-09-30,338.6714782714844,342.86789785646516,335.82425384396265,337.1238578141872,8164400
2025-10-01,345.0702819824219,346.5881416569357,337.6099570258979,337.6099570258979,8381000
2025-10-02,343.2052307128906,344.42545246648046,340.83417853806577,343.4730776227261,5198000
2025-10-03,347.0643310546875,350.3579971109944,343.25480162919763,343.3639143460552,5199700
2025-10-06,346.5087585449219,348.33415607411894,341.6178811752161,347.2329775138888,4735600
2025-10-07,349.6238708496094,351.6278330286145,347.28257962891473,347.28257962891473,5044600
2025-10-08,348.572265625,352.18340009053827,348.3143490742109,350.97307846230774,3927500
2025-10-09,344.2865905761719,350.0703219922872,342.83815242853666,348.681435657628,4434800
2025-10-10,340.9234313964844,347.619876043067,340.52661110214683,344.8718644724454,6296200
2025-10-13,340.5762023925781,344.90162534592463,338.0266161060487,340.99288338080447,4030700
2025-10-14,345.61590576171875,347.2329779417331,337.5206447904482,338.29445494264223,5731000
2025-10-15,342.9472961425781,347.30245011623765,341.2707021894369,345.61595609045605,3778200
2025-10-16,332.7388916015625,342.94725803005036,331.5186699399313,342.2627301477191,6241500
2025-10-17,339.17742919921875,340.72504959996365,334.3262123571327,335.0900922102411,6267100
2025-10-20,341.6773986816406,342.2230227820154,336.2507973402091,339.18730374169905,4665000
2025-10-21,344.4552001953125,346.87584346628927,340.2786111420936,340.3976542086254,4121800
2025-10-22,342.619873046875,345.40760614726906,341.7667108842852,345.06037701871185,5074400
2025-10-23,343.215087890625,344.39564865662425,341.7269891377298,343.4532042783919,7217200
2025-10-24,344.6238708496094,346.31036478120575,342.58021743661914,345.43737218597045,3576700
2025-10-27,345.06036376953125,346.74685761063296,342.2726610516251,346.2309942490221,5400300
2025-10-28,344.1476745605469,347.11397236042376,343.75085423268433,345.81433810283966,7445400
2025-10-29,338.5722351074219,348.19528604873324,336.3103261601942,343.2547871723516,8361700
2025-10-30,342.2925109863281,346.94530267945805,339.07822702024083,339.5048081094784,6411800
2025-10-31,338.0365295410156,340.2786081927618,335.4869431536939,339.36589423151366,7301600
2025-11-03,334.22698974609375,338.50279127746575,332.1635060317716,338.29446591927433,5538000
2025-11-04,337.5999755859375,337.61983627798475,331.59798967800947,333.81030728467005,5920200
2025-11-05,337.34210205078125,339.39565548449804,333.6912764760034,337.43138435003425,4984600
2025-11-06,334.2864990234375,335.96309272537576,331.06228502362495,335.9035711966457,8507900
2025-11-07,333.35400390625,335.6060130855515,332.19330364925844,334.0583925592618,5318400
2025-11-10,332.19329833984375,335.99289770925486,331.66750458323173,333.97900498765216,5295800
2025-11-11,336.23095703125,336.3995912643918,330.5563393974141,332.8380786460612,4453300
2025-11-12,336.8572082519531,342.20509953822955,335.3860315467677,336.230963908966,6389600
2025-11-13,334.07391357421875,339.4218050228609,333.59679812539383,337.0162670739215,4961700
2025-11-14,328.0500793457031,334.0739044051273,327.06599842409344,333.88506643542877,6422300
2025-11-17,323.8055725097656,331.370133257436,322.9904598740608,329.1832834325262,6494800
2025-11-18,319.2628479003906,323.06005334637723,316.101836812763,322.5630378796905,9170400
2025-11-19,322.1852722167969,322.6325982306419,317.96064113093524,319.6007859560105,7066700
2025-11-20,321.83740234375,326.4397706758573,321.2111883025171,322.1853192569361,6510300
2025-11-21,326.02227783203125,329.10374947023166,322.35430124548503,323.4377913272098,8930000
2025-11-24,327.3343811035156,328.75586842302397,324.0540910886259,327.27474167309344,9337100
2025-11-25,332.5331726074219,334.0540387480419,326.9367735032804,326.9367735032804,5854300
2025-11-26,331.7975769042969,333.70609921167375,331.0719234390147,332.53315005032596,4309900
2025-11-28,332.4437255859375,333.0202502105825,330.01828755179565,331.4397445821358,4586200
2025-12-01,328.4178771972656,331.31048036460083,328.1693694771195,330.9526438085897,7082300
2025-12-02,327.6524658203125,330.81347685406314,325.2568476714639,329.4715593852143,8201900
2025-12-03,327.6425476074219,330.3662132109065,327.3841201721478,327.6425476074219,6296700
2025-12-04,325.14752197265625,330.3960040486967,322.3443474807417,329.30256396297654,6277500
2025-12-05,329.2628173828125,332.1156814874498,324.45171100278645,324.8791370505337,5266600
2025-12-08,324.88909912109375,329.3622387687074,322.7718081675561,327.9109619547325,6059400
2025-12-09,324.5511169433594,326.27080146996605,323.12965991381685,324.6604457908234,4325400
2025-12-10,323.78570556640625,326.797618069185,323.35824921183155,324.6902773524443,5467500
2025-12-11,343.5669250488281,345.2468397955696,328.0898557440862,330.6147028726578,12953600
2025-12-12,345.7537536621094,347.75176547302596,343.9048707541211,345.92275226223416,6942300
2025-12-15,344.8194274902344,346.37011342042933,341.777664727478,345.7537887198587,7004600
2025-12-16,343.0500183105469,345.5450457875993,341.66833101727156,343.93472044726457,7269300
2025-12-17,342.35418701171875,345.71401631820476,341.62853353163234,343.48736646695176,7263500
2025-12-18,343.94464111328125,345.45555715920034,342.2150067207226,343.1096587982668,6805000
2025-12-19,347.1653137207031,347.8213777963309,343.98440250591693,343.98440250591693,18623900
2025-12-22,349.98834228515625,351.33029009156553,347.50326499010805,347.9108213067459,5043500
2025-12-23,351.2706604003906,354.25275323711077,349.8988928418326,349.8988928418326,3703200
2025-12-24,353.0201416015625,353.86504358199,350.9028509715926,351.2706375438569,2023600
2025-12-26,352.8809814453125,354.6006658812749,351.5986730469889,352.9803906057607,2017000
2025-12-29,352.4933166503906,354.42173920793135,351.6881539711041,353.36806877984236,3989900
2025-12-30,351.50921630859375,352.7517549841574,350.55495509967756,351.8869529196318,3366500
2025-12-31,348.6165771484375,353.0797966289462,348.5967074506911,351.539030494231,3503200
2026-01-02,344.411865234375,347.96053278179977,341.42977229123005,347.78161448571143,5403800
2026-01-05,351.6881408691406,355.40583728080946,341.99633902690704,342.443665092254,7592200
2026-01-06,355.4256896972656,356.47936003486785,349.8988802653619,351.56884491340134,6775400
2026-01-07,353.7557373046875,356.14140550388055,352.3939197646881,355.0181456831753,6333900
2026-01-08,350.1275329589844,354.22293562539693,347.4138175407059,352.88098777382146,6357600
2026-01-09,347.6821594238281,352.58275456839823,347.07581516643137,350.05790771591745,4902900
2026-01-12,341.1513977050781,344.4416373710181,335.3064914902319,340.733891403126,13281300
2026-01-13,325.9228820800781,335.5053249382782,321.8970384159538,334.98843975021526,20383500
2026-01-14,327.2051696777344,327.9307928311059,322.0063770709054,326.69820420368984,9388400
2026-01-15,325.7936096191406,329.7100935773221,324.421842198657,327.36416500747987,8587700
2026-01-16,326.34033203125,327.28467351953486,323.45764849102363,324.8294159854098,8341600
2026-01-20,323.8751525878906,326.3602298184734,319.6405712796447,320.3065853250236,8279900
2026-01-21,323.33837890625,326.70815831170904,321.0719896048092,324.4815084058711,8974600
2026-01-22,324.41192626953125,326.4298382199604,322.0660277886144,324.51133543161114,6938700
2026-01-23,324.2330017089844,325.8433269631201,322.6823158838599,323.91490453064694,5667900
2026-01-26,326.5291748046875,330.01823269503046,323.089836656661,326.0421094095482,7540200
2026-01-27,323.3184814453125,326.96655764839994,322.9705645834554,326.51926197065274,6365800
2026-01-28,325.0282287597656,326.42981594381934,322.9407578402086,324.779721039233,8106000
2026-01-29,329.8194580078125,331.370143867361,321.5789632505275,328.03021442692346,10214200
2026-01-30,319.908935546875,331.0122735041925,319.6803278657264,330.23693065354513,11199100
2026-02-02,331.8472900390625,332.6922224170356,322.17535793601024,322.8910614362982,8502400
2026-02-03,326.96661376953125,333.7856822919601,326.906974335595,329.67037933784445,9081200
2026-02-04,327.98052978515625,329.332397339644,322.48353974956564,325.1574551429397,8472300
2026-02-05,327.1654052734375,335.5748984583446,326.85725811156686,331.01230012391363,8339000
2026-02-06,329.60076904296875,333.1295971166072,325.1475298017769,329.79958736712933,7798800
2026-02-09,323.6365966796875,330.8334016821115,321.6883044313802,328.78570026762736,8513400
2026-02-10,326.8838195800781,328.5871090806843,323.27798187994784,323.4373584411114,5801800
2026-02-11,327.9496154785156,329.7425790622465,325.14069087388975,325.6387312474863,8264300
2026-02-12,322.909423828125,330.93783158462884,322.7301366033025,327.6009856634334,9392600
2026-02-13,312.8490295410156,325.20045519714154,311.59398846280106,322.5608168831966,11653900
2026-02-17,318.247802734375,320.12043942634676,313.1777553150958,313.1777553150958,8591700
2026-02-18,319.0446472167969,321.0168980150915,315.4786915611019,318.2477947880967,7091900
2026-02-19,317.6800231933594,318.9450651881826,314.49258306333303,316.2456644955574,5967600
2026-02-20,319.692138671875,321.0866456850293,316.574400965125,316.86324250493954,6831100
2026-02-23,305.3186340332031,319.2637633222238,303.515730464103,317.78958339494204,13048000
2026-02-24,306.01593017578125,308.05788356039716,301.89214126702194,304.30267006457245,9120200
2026-02-25,311.7632751464844,312.7095639299417,307.0418625590578,307.3406745970078,7624200
2026-02-26,315.4587707519531,318.1681114796254,312.709578284735,313.2474703757061,8725500
2026-02-27,318.88531494140625,318.9749585636924,310.72741093566447,313.2275530184615,12412900
2026-03-02,319.25384521484375,321.33565029745085,313.3670044395995,314.2634710190134,6674900
2026-03-03,319.57257080078125,320.77785038408507,313.117987052978,314.5722564235918,5474300
2026-03-04,319.2139892578125,324.49320490972036,318.5466018009251,320.1801887712339,5257900
2026-03-05,318.5466003417969,321.5348424853333,313.5363155637196,318.07844119005733,8267200
2026-03-06,316.1161804199219,316.4449040988039,311.07601412616293,314.81131703544906,6439700
2026-03-09,314.73162841796875,315.15993583491843,308.9344312933075,312.2314560667069,8381500
2026-03-10,313.1976623535156,315.88709253278006,310.22936117865277,314.1937431016918,5271300
2026-03-11,307.74908447265625,313.84509349123954,307.18134157627605,312.0222791858673,6376700
2026-03-12,305.29876708984375,309.7313388364715,304.82063735961356,306.9323542029832,7514900
2026-03-13,305.9362487792969,309.1336593983733,305.21906944064716,306.38446686722085,4814100
2026-03-16,308.8945617675781,309.9105835049712,306.1752809950723,306.64344012556506,6401200
2026-03-17,307.25103759765625,311.4644698112407,306.1752838399166,310.09984414528657,6872200
2026-03-18,297.8480529785156,306.73310658565566,297.33010193516475,306.20518500751876,7191700
2026-03-19,298.53533935546875,301.2845318265138,295.8658503636263,296.8719016022564,6826400
2026-03-20,300.4378662109375,301.7327894042891,297.8381100854838,298.67481425452536,14398100
2026-03-23,303.246826171875,306.6434651794843,301.6630614260347,304.0038572697504,7824500
2026-03-24,302.5694885253906,304.8405513457489,299.44178048089515,300.8163767349488,5375900
2026-03-25,303.7149658203125,307.2809213034843,300.9857144661871,304.28273910722726,6280900
2026-03-26,304.33251953125,306.6633446025994,301.81243670471684,302.9678939055341,7652700
2026-03-27,294.3617858886719,303.39624600384485,293.166507172264,303.1273151321971,9974400
2026-03-30,298.36602783203125,299.50154404760565,294.73033927812014,297.55920487944724,9330300
2026-03-31,301.055419921875,302.1511147673973,295.42757006738316,300.4179440831887,10246900
2026-04-01,297.3400573730469,303.85440321825206,292.7381694353985,303.85440321825206,7707600
2026-04-02,299.6210632324219,301.28453138114594,294.6904819925192,296.6328211241279,4376000
2026-04-06,302.1411437988281,303.2268985064469,298.286316373369,299.5612984468797,5501000
2026-04-07,301.3642272949219,303.78472668848525,299.93983907756353,301.25467300034336,4413900
2026-04-08,307.74908447265625,309.86077069237774,306.49404346163476,306.5239246667074,6879300
2026-04-09,307.08172607421875,308.36664828465365,302.40013464698717,306.7928541611418,4811500
2026-04-10,303.1671142578125,307.7889434035062,302.3204699616491,307.5000714824076,5190000
2026-04-13,308.17742919921875,308.53600366814584,301.155041869684,302.7388065700545,6787200
2026-04-14,310.149658203125,310.8967187654788,306.28486003020583,307.26103010828473,5571000
2026-04-15,314.671875,315.48866851471763,310.2990658939648,311.77327635482305,4831400
2026-04-16,313.86505126953125,316.7536793728972,313.3371296864953,315.11015221046245,5695800
2026-04-17,315.7774963378906,318.1880250357548,313.94471147578236,315.35915946176345,8082300
2026-04-20,312.7095642089844,316.3054007933923,311.12579961049727,315.15991411626925,5506800
2026-04-21,308.72528076171875,315.6480543727783,307.6096751468197,312.7793368499103,6806900
2026-04-22,310.0699462890625,310.1396488303614,306.85259492682206,309.79104492996197,5666600
2026-04-23,307.66943359375,310.9764290509568,303.81460587135535,309.2830795800573,7275000
2026-04-24,308.2073059082031,308.76510867259884,303.30657545190263,305.8963913711518,5616900
2026-04-27,308.4363708496094,309.60179859903263,304.86044492147084,306.30477404028187,6261500
2026-04-28,308.0877380371094,312.7294775914766,307.5299352956203,310.97639628878363,8839900
2026-04-29,333.5475769042969,340.63969719893055,332.4817936312549,335.08154973186936,16658600
2026-04-30,328.5472412109375,331.19681941400586,326.79412952217785,330.8183038995719,11241100
2026-05-01,326.7443542480469,334.5337126996377,326.6447400974031,331.5753517735461,6726100
2026-05-04,325.5690002441406,328.49748009021664,324.12467099289546,326.71448703065977,6712400
2026-05-05,320.76788330078125,324.3039578106427,318.39720624771417,323.83579864135663,5893200
2026-05-06,317.5505065917969,323.30785166941854,316.7536542120865,322.48111808541825,7808400
2026-05-07,320.0207824707031,322.4213404283596,318.28761190791755,318.28761190791755,7186100
2026-05-08,317.54058837890625,319.8116512556435,314.92089116273706,319.7319477733878,5950200
2026-05-11,322.5906982421875,323.90553213234,316.7636501525053,317.8493745260795,9586200
2026-05-12,325.8147277832031,328.30010079044166,323.5988431448615,323.71861575326017,6235200
2026-05-13,319.7160339355469,324.8165740981451,319.20696990140226,323.1895917984963,7950400
2026-05-14,321.92193603515625,322.7304316048222,319.65615629141206,320.77407458719756,5277400
2026-05-15,325.1459655761719,328.39993034372947,323.23950361156534,323.3992105807512,6054500
2026-05-18,332.023193359375,332.8117065140525,323.16961559740014,323.82839540100866,5305800
2026-05-19,329.2982482910156,334.5485043686942,328.87901369831957,332.71188949315723,12858100
2026-05-20,330.1366882324219,331.0450044691208,326.21398296632935,329.4779084191791,9422500
2026-05-21,330.5060119628906,331.90340990418883,326.6332016248708,329.2283866364193,7034500
2026-05-22,328.2701721191406,332.81172300019847,328.21028581229956,329.9071152744464,7462100
2026-05-26,325.8746337890625,327.890877227978,323.90828545299996,325.85465137912865,8705100
2026-05-27,327.00250244140625,330.8453695289686,325.0561365774909,325.2258042905605,5917400
2026-05-28,324.3474426269531,326.473467283892,320.304934449476,325.4054745838858,8105400
2026-05-29,325.75482177734375,331.0550035619541,324.7467153160326,324.89643108147584,14104500
2026-06-01,322.1714782714844,327.2520362551611,318.0890659929148,326.65317320088843,10079300
2026-06-02,316.7315979003906,322.900130958607,312.8088926463686,321.911976472278,10125300
2026-06-03,311.8207092285156,317.0609741306723,308.42701995550726,317.0609741306723,8992800
2026-06-04,319.5862731933594,324.15779741844494,316.1127457580593,316.20257521300795,6981700
2026-06-05,322.9700012207031,325.3755359367605,320.3748163907789,321.8021573858913,7176300
2026-06-08,319.0772399902344,323.3193590911711,317.83951864495947,320.7541174065557,5582000
2026-06-09,324.4472351074219,324.8864216353897,316.4121747162161,318.06910016973313,6340400
2026-06-10,322.3611145019531,326.2938108474966,319.58627077976143,326.0143312805488,5793100
2026-06-11,318.4583740234375,323.10973664985323,317.3703988636284,321.40291602859213,5958900
2026-06-12,321.7922058105469,325.3256196452838,319.20698165018104,321.1633691478087,5543200
2026-06-15,323.21954345703125,325.8346802814496,322.15152026202406,322.7603745094088,6803000
2026-06-16,332.5022888183594,332.67198698922914,323.77850519751286,325.0860736201939,9248400
2026-06-17,329.76739501953125,336.19545603301555,329.35815161011175,332.88160485990437,6895200
2026-06-18,326.6331787109375,331.71373650670535,326.3936334980882,330.3862161708477,14716700
2026-06-22,325.994384765625,332.3825110173034,325.255736249892,327.7211572947962,15132400
2026-06-23,327.87091064453125,330.6657064213508,327.4816192000871,328.2102765273601,11113400
2026-06-24,331.61395263671875,334.1791639025663,326.6132329961447,328.3899311009871,8197200
2026-06-25,329.9071044921875,339.30965035180515,329.45795720555896,331.94333024120465,7050200
2026-06-26,335.6065368652344,339.09005558153274,330.82541047321376,331.62391484212816,16717400
2026-06-29,341.0164794921875,345.16876934692397,337.6427420814022,337.6427420814022,11710900
2026-06-30,342.45379638671875,343.65158338253525,338.4512224777037,341.12627604022873,7957900
2026-07-01,350.4289855957031,352.7047566164018,340.34773820340007,343.92108647429916,13025900
2026-07-02,361.45849609375,361.45849609375,351.85633962893826,351.85633962893826,9814800
2026-07-06,356.5875549316406,364.3431361331269,348.20313705903584,362.3268927646901,11623800
2026-07-07,351.54693603515625,355.4197158554798,346.2767278330053,347.744003265132,7332500
2026-07-08,346.88555908203125,350.94801921810193,345.0489747278172,349.650411586948,10215200
2026-07-09,347.5543518066406,347.8537833381742,343.7813622043677,344.6597048505295,6606300
2026-07-10,348.3229064941406,350.5188392207221,344.68964152124937,349.9798320131086,4702800
2026-07-13,357.08660888671875,358.82337258284446,350.3990207986449,351.0777829959364,9964600
2026-07-14,355.3598327636719,359.2725774384029,353.0241754046451,355.11029633051527,6632400
2026-07-15,354.4814758300781,359.7616446111089,348.4726192666298,353.3435751194357,8850000
2026-07-16,364.4629211425781,364.4629211425781,356.4477822451955,357.3760808599296,9073200
2026-07-17,357.8951110839844,363.95386264682946,356.3380062665893,362.8958306673428,7400400
2026-07-20,359.9013977050781,362.32688441407214,355.76905993924623,356.4378309524324,7616800
2026-07-21,355.16021728515625,358.45408597568553,354.03230774816586,356.32803071902083,6027300
2026-07-22,352.7646789550781,356.8670433033565,351.61678699139844,355.9088319271366,4622200
2026-07-23,350.9480285644531,351.39717584563147,347.8537708520506,351.39717584563147,4183300
2026-07-24,355.0803527832031,355.18017344855315,350.39904686549784,352.8145729386106,4482800
2026-07-27,361.8577575683594,362.9856670774005,357.58569521245334,358.6836615690858,6631100
2026-07-28,365.91021728515625,370.47175030489075,362.057389622598,364.3830556294341,11061900
2026-07-29,368.0462646484375,373.27653822285373,354.82083449278736,356.33800494846076,11289900
2026-07-30,365.5908203125,366.31947765089546,360.08106692795786,364.32318621955545,8391400
2026-07-31,365.4510803222656,366.199689577411,359.43226312933626,363.08547994976436,7828400
2026-08-03,364.991943359375,371.28024894435134,363.67438375420267,367.8166822243689,5521300
2026-08-04,368.9046630859375,370.4218335736103,359.4222790007568,361.0891957111975,7497500
2026-08-05,367.85662841796875,371.7094562365133,366.03999591549916,371.6096355733356,6065300
2026-08-06,369.7830505371094,370.4118872220017,364.5727285978463,368.88472547054477,5022300
2026-08-07,361.82781982421875,369.56344907563306,360.8496260625997,367.82668528799354,5112500
2026-08-10,360.6500244140625,363.49474585206144,358.2045551780129,361.3287562034755,7552200
2026-08-11,362.82000732421875,364.54998779296875,359.9700012207031,360.9800109863281,4440900
2026-08-12,359.4200134277344,363.3500061035156,358.30999755859375,361.0,3794200
2026-08-13,365.45001220703125,365.45001220703125,358.7099914550781,363.70001220703125,8142600
2026-08-14,364.1499938964844,366.79998779296875,362.760009765625,365.8900146484375,8106900
2026-08-17,358.8399963378906,363.55999755859375,358.5199890136719,362.8399963378906,15543400
2026-08-18,364.25,365.9100036621094,358.04998779296875,359.6199951171875,6820300
2026-08-19,365.5400085449219,370.6400146484375,362.8999938964844,364.0899963378906,5866400
2026-08-20,365.7300109863281,368.92999267578125,363.6300048828125,365.1000061035156,6151500
2026-08-21,371.0400085449219,371.79998779296875,366.6600036621094,367.8699951171875,6667100
2026-08-24,382.4100036621094,383.42999267578125,372.2099914550781,373.260009765625,8477500
2026-08-25,384.1400146484375,384.20001220703125,380.2699890136719,381.2099914550781,6777600
2026-08-26,383.8999938964844,385.57000732421875,381.0799865722656,384.1400146484375,6075100
2026-08-27,379.6600036621094,381.7699890136719,378.5,381.1400146484375,6641500
2026-08-28,381.6000061035156,383.67999267578125,379.0299987792969,380.29998779296875,4643000
2026-08-31,379.3699951171875,382.4800109863281,378.79998779296875,381.3500061035156,6744800
